id,order_id,location_id,valid_from,valid_to,is_current
0000000001,0000000001,251,2015-11-05 17:01:43,,1
0000000002,0000000002,778,2026-05-03 03:50:28,,1
0000000003,0000000003,160,2016-06-16 18:13:41,,1
0000000004,0000000004,100,2018-07-07 09:12:06,,1
0000000005,0000000005,100,2021-08-24 07:03:14,,1
0000000006,0000000006,297,2022-01-04 19:39:20,2022-01-05 22:10:11,0
0000000007,0000000006,580,2022-01-05 22:10:11,,1
0000000008,0000000007,234,2019-01-05 09:25:02,,1
0000000009,0000000008,234,2015-12-09 08:19:33,,1
0000000010,0000000009,82,2024-02-27 06:03:23,,1
0000000011,0000000010,297,2021-05-12 10:46:34,,1
0000000012,0000000011,380,2017-03-26 00:26:55,,1
0000000013,0000000012,380,2018-06-29 09:55:40,,1
0000000014,0000000013,842,2021-02-03 17:38:29,,1
0000000015,0000000014,842,2021-05-23 23:46:06,,1
0000000016,0000000015,842,2019-02-14 02:07:36,,1
0000000017,0000000016,842,2016-10-08 08:59:29,,1
0000000018,0000000017,842,2025-01-23 18:46:11,,1
0000000019,0000000018,217,2020-09-26 23:49:01,,1
0000000020,0000000019,217,2020-06-30 23:12:40,,1
0000000021,0000000020,407,2021-12-17 16:12:13,,1
0000000022,0000000021,272,2023-04-24 00:56:03,,1
0000000023,0000000022,463,2020-05-16 01:23:22,,1
0000000024,0000000023,409,2023-06-21 17:28:16,,1
0000000025,0000000024,433,2018-03-07 10:49:48,,1
0000000026,0000000025,115,2021-07-19 09:33:13,,1
0000000027,0000000026,115,2018-12-13 12:27:37,,1
0000000028,0000000027,306,2018-09-03 15:32:07,,1
0000000029,0000000028,193,2018-10-14 08:04:23,,1
0000000030,0000000029,332,2023-03-11 07:06:59,,1
0000000031,0000000030,936,2019-04-28 21:44:58,,1
0000000032,0000000031,970,2018-11-22 15:20:48,,1
0000000033,0000000032,970,2019-05-30 15:09:11,,1
0000000034,0000000033,541,2021-05-02 00:03:10,,1
0000000035,0000000034,214,2018-04-20 11:20:31,,1
0000000036,0000000035,603,2022-08-26 00:37:26,,1
0000000037,0000000036,70,2025-09-04 12:31:16,,1
0000000038,0000000037,70,2023-03-03 19:47:14,,1
0000000039,0000000038,70,2025-01-01 09:48:51,,1
0000000040,0000000039,686,2020-01-08 11:21:00,,1
0000000041,0000000040,686,2019-04-13 16:12:31,,1
0000000042,0000000041,686,2021-10-04 00:13:13,,1
0000000043,0000000042,686,2016-12-10 03:25:34,,1
0000000044,0000000043,686,2021-04-20 13:41:02,,1
0000000045,0000000044,686,2020-11-15 17:03:34,,1
0000000046,0000000045,686,2019-04-16 12:32:14,,1
0000000047,0000000046,686,2021-06-13 04:13:57,,1
0000000048,0000000047,97,2021-10-29 19:05:13,,1
0000000049,0000000048,97,2020-03-25 20:10:27,,1
0000000050,0000000049,697,2019-02-05 00:34:52,,1
0000000051,0000000050,679,2019-05-15 09:35:53,,1
0000000052,0000000051,97,2018-12-24 18:54:46,,1
0000000053,0000000052,97,2023-04-22 15:40:11,,1
0000000054,0000000053,97,2018-05-29 04:46:52,,1
0000000055,0000000054,97,2017-08-21 09:28:17,2017-08-21 18:24:59,0
0000000056,0000000054,403,2017-08-21 18:24:59,,1
0000000057,0000000055,421,2015-02-19 04:07:04,,1
0000000058,0000000056,479,2017-03-28 05:25:29,,1
0000000059,0000000057,433,2018-06-09 16:18:40,,1
0000000060,0000000058,498,2019-01-26 18:06:21,,1
0000000061,0000000059,949,2018-03-12 19:01:09,,1
0000000062,0000000060,992,2022-09-03 19:57:42,,1
0000000063,0000000061,992,2021-01-05 20:23:29,,1
0000000064,0000000062,59,2017-11-11 08:05:50,,1
0000000065,0000000063,59,2016-07-14 19:50:04,,1
0000000066,0000000064,59,2016-03-09 08:52:01,,1
0000000067,0000000065,688,2022-01-26 00:56:43,,1
0000000068,0000000066,956,2023-09-19 12:24:30,,1
0000000069,0000000067,956,2025-10-24 12:05:57,,1
0000000070,0000000068,557,2021-03-28 17:17:45,,1
0000000071,0000000069,854,2018-07-01 05:24:59,,1
0000000072,0000000070,721,2026-08-13 00:51:45,,1
0000000073,0000000071,557,2025-07-30 09:01:56,,1
0000000074,0000000072,854,2018-10-17 18:57:28,,1
0000000075,0000000073,107,2019-06-09 14:12:01,2019-06-12 14:03:05,0
0000000076,0000000073,907,2019-06-12 14:03:05,,1
0000000077,0000000074,4,2016-03-23 05:49:29,,1
0000000078,0000000075,4,2015-03-25 15:32:24,,1
0000000079,0000000076,4,2017-07-08 12:32:36,,1
0000000080,0000000077,4,2018-01-08 23:58:53,,1
0000000081,0000000078,4,2017-03-28 17:10:42,,1
0000000082,0000000079,4,2017-09-13 18:47:13,,1
0000000083,0000000080,4,2015-05-19 10:06:15,,1
0000000084,0000000081,4,2015-07-15 14:41:03,,1
0000000085,0000000082,398,2017-11-21 18:25:01,,1
0000000086,0000000083,234,2019-04-02 12:31:11,,1
0000000087,0000000084,106,2026-07-24 12:01:00,,1
0000000088,0000000085,106,2023-05-20 05:25:47,,1
0000000089,0000000086,106,2020-10-16 04:27:10,,1
0000000090,0000000087,106,2018-10-13 10:46:38,,1
0000000091,0000000088,106,2024-05-21 02:58:43,,1
0000000092,0000000089,26,2019-07-07 23:16:10,,1
0000000093,0000000090,26,2019-02-08 16:39:25,,1
0000000094,0000000091,875,2019-02-28 18:25:37,,1
0000000095,0000000092,258,2026-10-02 09:27:59,,1
0000000096,0000000093,23,2022-07-10 04:05:58,,1
0000000097,0000000094,894,2021-08-09 22:43:48,,1
0000000098,0000000095,894,2019-10-13 19:57:15,,1
0000000099,0000000096,40,2024-04-15 07:52:03,,1
0000000100,0000000097,962,2022-02-12 20:20:40,,1
0000000101,0000000098,741,2022-11-03 14:55:25,,1
0000000102,0000000099,550,2017-08-28 09:11:19,,1
0000000103,0000000100,611,2018-03-28 22:42:04,,1
0000000104,0000000101,591,2025-04-27 18:09:41,,1
0000000105,0000000102,723,2024-02-05 11:21:31,,1
0000000106,0000000103,922,2018-05-22 22:32:32,,1
0000000107,0000000104,948,2022-10-09 05:02:13,,1
0000000108,0000000105,948,2023-12-21 12:13:46,,1
0000000109,0000000106,948,2019-06-09 13:09:56,,1
0000000110,0000000107,520,2024-10-21 11:00:46,,1
0000000111,0000000108,520,2016-05-03 08:30:57,,1
0000000112,0000000109,520,2021-06-18 06:18:58,,1
0000000113,0000000110,303,2026-07-17 12:10:49,2026-07-19 00:28:17,0
0000000114,0000000110,4,2026-07-19 00:28:17,,1
0000000115,0000000111,583,2021-07-29 19:22:51,,1
0000000116,0000000112,987,2022-03-31 05:58:36,,1
0000000117,0000000113,453,2023-04-14 20:34:11,2023-04-16 14:10:00,0
0000000118,0000000113,163,2023-04-16 14:10:00,,1
0000000119,0000000114,564,2021-07-01 17:17:29,,1
0000000120,0000000115,871,2023-02-06 15:02:04,,1
0000000121,0000000116,787,2023-11-03 22:50:36,,1
0000000122,0000000117,871,2021-04-09 01:41:39,,1
0000000123,0000000118,787,2023-10-21 21:43:11,,1
0000000124,0000000119,787,2026-01-16 01:02:42,,1
0000000125,0000000120,787,2023-11-01 18:22:16,,1
0000000126,0000000121,871,2021-06-20 08:14:38,,1
0000000127,0000000122,787,2025-09-12 00:42:51,,1
0000000128,0000000123,871,2021-01-01 02:39:43,,1
0000000129,0000000124,736,2026-03-17 07:13:05,,1
0000000130,0000000125,467,2024-08-04 01:28:10,,1
0000000131,0000000126,871,2021-04-30 09:00:05,,1
0000000132,0000000127,152,2016-01-09 22:03:09,,1
0000000133,0000000128,152,2023-11-14 05:14:12,,1
0000000134,0000000129,152,2021-08-01 17:34:21,,1
0000000135,0000000130,152,2016-04-12 05:44:20,,1
0000000136,0000000131,152,2023-07-10 09:51:42,2023-07-11 21:49:16,0
0000000137,0000000131,367,2023-07-11 21:49:16,,1
0000000138,0000000132,476,2017-06-28 14:23:16,,1
0000000139,0000000133,476,2017-07-10 00:58:01,,1
0000000140,0000000134,560,2017-01-03 19:39:25,,1
0000000141,0000000135,457,2016-11-26 06:54:12,,1
0000000142,0000000136,457,2017-10-07 17:54:40,,1
0000000143,0000000137,741,2016-11-21 20:39:47,,1
0000000144,0000000138,451,2017-04-29 12:50:59,,1
0000000145,0000000139,451,2017-06-10 07:55:58,,1
0000000146,0000000140,451,2017-11-21 05:01:26,,1
0000000147,0000000141,451,2021-03-21 07:48:28,,1
0000000148,0000000142,451,2023-02-02 05:52:40,,1
0000000149,0000000143,711,2024-06-27 20:16:35,,1
0000000150,0000000144,711,2022-06-07 22:13:05,,1
0000000151,0000000145,711,2023-06-12 14:32:15,,1
0000000152,0000000146,556,2020-06-01 08:12:36,,1
0000000153,0000000147,478,2023-09-10 20:48:37,,1
0000000154,0000000148,969,2018-10-26 23:14:16,,1
0000000155,0000000149,225,2018-10-19 06:47:05,,1
0000000156,0000000150,225,2016-05-03 12:16:42,,1
0000000157,0000000151,547,2019-12-22 23:22:58,,1
0000000158,0000000152,780,2020-11-30 03:51:36,,1
0000000159,0000000153,901,2026-02-18 06:44:51,,1
0000000160,0000000154,780,2020-01-04 12:27:48,,1
0000000161,0000000155,780,2018-04-19 03:45:03,,1
0000000162,0000000156,901,2026-08-02 03:59:27,,1
0000000163,0000000157,901,2022-02-04 23:09:51,,1
0000000164,0000000158,901,2025-07-04 03:54:45,,1
0000000165,0000000159,901,2023-07-03 02:01:23,,1
0000000166,0000000160,553,2021-07-29 05:34:57,,1
0000000167,0000000161,130,2018-03-21 14:16:29,,1
0000000168,0000000162,130,2018-06-02 13:35:39,,1
0000000169,0000000163,130,2024-04-02 10:21:11,,1
0000000170,0000000164,130,2020-08-27 04:11:51,,1
0000000171,0000000165,258,2023-03-20 14:32:40,,1
0000000172,0000000166,130,2022-10-04 12:32:16,,1
0000000173,0000000167,130,2019-03-03 10:47:20,,1
0000000174,0000000168,130,2023-09-01 15:48:56,,1
0000000175,0000000169,621,2019-01-03 04:51:20,,1
0000000176,0000000170,694,2019-09-27 20:45:07,,1
0000000177,0000000171,464,2025-06-23 06:54:20,,1
0000000178,0000000172,714,2025-01-06 07:50:43,,1
0000000179,0000000173,714,2022-06-18 19:29:09,,1
0000000180,0000000174,989,2017-01-09 23:47:34,,1
0000000181,0000000175,802,2024-06-04 03:08:22,,1
0000000182,0000000176,870,2019-05-08 16:48:31,,1
0000000183,0000000177,446,2024-05-01 09:32:05,,1
0000000184,0000000178,942,2023-02-03 04:58:46,,1
0000000185,0000000179,942,2021-12-08 23:53:18,2021-12-09 07:02:46,0
0000000186,0000000179,433,2021-12-09 07:02:46,,1
0000000187,0000000180,942,2022-10-04 13:02:39,,1
0000000188,0000000181,942,2023-05-24 21:16:15,,1
0000000189,0000000182,828,2019-10-23 15:41:09,,1
0000000190,0000000183,828,2018-08-14 15:09:54,,1
0000000191,0000000184,828,2019-05-06 22:21:52,,1
0000000192,0000000185,828,2020-05-16 00:34:08,,1
0000000193,0000000186,30,2016-10-29 16:36:19,,1
0000000194,0000000187,30,2017-11-24 16:22:47,,1
0000000195,0000000188,902,2022-06-16 22:21:15,,1
0000000196,0000000189,569,2025-03-15 17:16:23,,1
0000000197,0000000190,680,2018-07-25 17:58:02,,1
0000000198,0000000191,192,2024-06-12 01:24:21,,1
0000000199,0000000192,324,2018-03-27 13:36:29,,1
0000000200,0000000193,324,2023-06-06 01:32:20,,1
0000000201,0000000194,324,2024-04-01 02:30:39,,1
0000000202,0000000195,324,2021-09-27 01:36:34,,1
0000000203,0000000196,606,2024-09-05 18:28:47,,1
0000000204,0000000197,324,2026-08-14 20:42:36,,1
0000000205,0000000198,324,2026-01-30 20:05:22,,1
0000000206,0000000199,324,2023-05-08 14:41:40,,1
0000000207,0000000200,324,2024-04-11 01:35:19,,1
0000000208,0000000201,324,2026-08-03 10:51:49,,1
0000000209,0000000202,324,2026-08-27 22:43:29,,1
0000000210,0000000203,324,2020-01-03 17:03:41,,1
0000000211,0000000204,757,2016-01-28 05:04:00,,1
0000000212,0000000205,757,2018-07-29 13:04:43,,1
0000000213,0000000206,370,2022-06-05 18:52:22,,1
0000000214,0000000207,233,2024-11-14 14:08:23,,1
0000000215,0000000208,370,2024-11-25 20:12:35,,1
0000000216,0000000209,370,2026-10-03 23:54:23,,1
0000000217,0000000210,370,2021-04-02 15:10:26,,1
0000000218,0000000211,370,2021-06-17 22:03:45,,1
0000000219,0000000212,370,2021-05-15 00:35:20,,1
0000000220,0000000213,370,2021-01-01 20:59:41,,1
0000000221,0000000214,47,2026-04-27 21:02:20,,1
0000000222,0000000215,890,2016-04-14 17:12:11,,1
0000000223,0000000216,890,2024-03-31 17:52:38,,1
0000000224,0000000217,890,2016-05-14 17:02:27,,1
0000000225,0000000218,436,2016-11-28 22:21:42,,1
0000000226,0000000219,890,2020-06-20 17:26:42,,1
0000000227,0000000220,989,2025-01-13 00:00:36,,1
0000000228,0000000221,989,2018-08-22 00:01:39,,1
0000000229,0000000222,504,2022-06-27 09:47:50,,1
0000000230,0000000223,783,2022-07-12 00:15:33,,1
0000000231,0000000224,313,2025-07-03 12:19:13,,1
0000000232,0000000225,178,2017-11-17 16:10:18,,1
0000000233,0000000226,178,2017-08-04 10:41:33,,1
0000000234,0000000227,178,2017-10-31 05:48:09,,1
0000000235,0000000228,178,2018-05-15 04:03:42,,1
0000000236,0000000229,178,2018-12-09 07:38:57,,1
0000000237,0000000230,188,2017-01-02 03:25:37,,1
0000000238,0000000231,34,2026-10-06 04:34:49,,1
0000000239,0000000232,34,2025-12-15 17:29:47,,1
0000000240,0000000233,34,2014-11-29 18:07:05,,1
0000000241,0000000234,34,2018-03-04 22:29:55,,1
0000000242,0000000235,31,2017-04-09 18:14:31,2017-04-11 12:49:14,0
0000000243,0000000235,662,2017-04-11 12:49:14,,1
0000000244,0000000236,34,2018-11-07 17:42:21,,1
0000000245,0000000237,34,2015-09-02 12:13:39,,1
0000000246,0000000238,414,2023-01-06 06:41:38,,1
0000000247,0000000239,34,2018-10-11 04:31:53,,1
0000000248,0000000240,34,2023-05-15 21:23:28,,1
0000000249,0000000241,34,2018-05-21 07:01:49,2018-05-26 00:08:17,0
0000000250,0000000241,378,2018-05-26 00:08:17,,1
0000000251,0000000242,704,2025-06-27 06:17:12,,1
0000000252,0000000243,704,2021-05-10 14:41:41,,1
0000000253,0000000244,182,2025-12-21 01:05:24,,1
0000000254,0000000245,704,2017-08-19 20:24:46,,1
0000000255,0000000246,704,2018-09-27 01:23:40,,1
0000000256,0000000247,118,2019-03-03 06:24:54,,1
0000000257,0000000248,558,2024-01-14 18:25:40,,1
0000000258,0000000249,118,2017-06-01 16:27:36,,1
0000000259,0000000250,128,2019-12-14 15:20:32,,1
0000000260,0000000251,128,2018-05-14 14:18:11,,1
0000000261,0000000252,128,2019-12-22 06:25:58,,1
0000000262,0000000253,128,2018-10-22 05:31:09,,1
0000000263,0000000254,128,2019-11-05 17:13:05,,1
0000000264,0000000255,128,2019-03-18 18:40:45,,1
0000000265,0000000256,128,2019-09-09 02:54:07,,1
0000000266,0000000257,128,2020-08-02 22:13:49,,1
0000000267,0000000258,128,2018-04-10 00:37:00,,1
0000000268,0000000259,661,2019-11-29 21:12:42,,1
0000000269,0000000260,128,2020-08-13 04:21:42,,1
0000000270,0000000261,128,2018-08-02 22:04:01,,1
0000000271,0000000262,753,2020-01-14 06:38:37,,1
0000000272,0000000263,753,2020-11-07 00:41:47,,1
0000000273,0000000264,753,2022-01-05 15:15:07,2022-01-06 06:28:09,0
0000000274,0000000264,393,2022-01-06 06:28:09,,1
0000000275,0000000265,753,2016-06-24 01:59:32,,1
0000000276,0000000266,753,2018-08-18 01:52:01,,1
0000000277,0000000267,882,2018-11-19 16:26:56,,1
0000000278,0000000268,808,2018-01-19 11:10:13,,1
0000000279,0000000269,943,2022-01-18 00:48:53,,1
0000000280,0000000270,819,2019-08-29 16:31:18,,1
0000000281,0000000271,845,2017-08-12 17:44:01,,1
0000000282,0000000272,845,2021-06-19 14:24:41,,1
0000000283,0000000273,845,2017-09-19 13:58:04,,1
0000000284,0000000274,759,2017-11-11 19:53:40,,1
0000000285,0000000275,845,2017-07-23 04:32:01,,1
0000000286,0000000276,845,2016-12-25 22:31:35,,1
0000000287,0000000277,845,2017-08-10 01:29:05,2017-08-12 08:30:07,0
0000000288,0000000277,8,2017-08-12 08:30:07,,1
0000000289,0000000278,845,2018-12-08 14:42:01,,1
0000000290,0000000279,209,2024-12-19 11:17:50,,1
0000000291,0000000280,209,2017-04-09 18:17:07,,1
0000000292,0000000281,209,2019-11-08 16:34:46,,1
0000000293,0000000282,209,2017-09-11 10:57:45,,1
0000000294,0000000283,209,2025-12-25 15:47:11,,1
0000000295,0000000284,902,2016-12-30 15:02:59,,1
0000000296,0000000285,497,2020-01-21 12:48:15,,1
0000000297,0000000286,862,2019-06-15 17:21:32,2019-06-18 00:42:22,0
0000000298,0000000286,627,2019-06-18 00:42:22,,1
0000000299,0000000287,862,2026-10-01 05:55:54,,1
0000000300,0000000288,61,2017-12-09 01:03:48,,1
0000000301,0000000289,468,2016-07-08 12:41:05,,1
0000000302,0000000290,111,2017-01-02 16:22:54,,1
0000000303,0000000291,807,2024-05-17 23:59:46,,1
0000000304,0000000292,676,2021-06-19 05:33:29,,1
0000000305,0000000293,676,2021-09-15 16:25:45,,1
0000000306,0000000294,594,2019-02-03 14:55:57,,1
0000000307,0000000295,709,2016-06-12 15:54:41,,1
0000000308,0000000296,586,2016-09-13 08:06:37,,1
0000000309,0000000297,680,2018-01-10 18:00:14,,1
0000000310,0000000298,92,2021-12-14 14:29:05,,1
0000000311,0000000299,633,2019-10-11 03:50:29,,1
0000000312,0000000300,162,2018-06-23 23:15:24,,1
0000000313,0000000301,633,2020-02-04 09:33:20,,1
0000000314,0000000302,926,2022-11-03 04:01:16,,1
0000000315,0000000303,926,2021-08-28 13:38:18,,1
0000000316,0000000304,368,2022-10-30 07:48:03,,1
0000000317,0000000305,368,2023-09-23 16:04:52,,1
0000000318,0000000306,185,2020-07-30 16:47:56,,1
0000000319,0000000307,699,2018-11-10 19:10:37,,1
0000000320,0000000308,262,2021-02-28 22:51:57,,1
0000000321,0000000309,262,2023-11-07 14:05:16,,1
0000000322,0000000310,262,2017-06-27 09:12:13,,1
0000000323,0000000311,453,2016-06-16 15:49:30,,1
0000000324,0000000312,453,2021-02-03 08:02:58,,1
0000000325,0000000313,453,2017-09-07 09:41:09,,1
0000000326,0000000314,453,2021-03-02 06:41:32,,1
0000000327,0000000315,141,2018-06-25 00:13:23,,1
0000000328,0000000316,204,2020-05-13 15:18:59,,1
0000000329,0000000317,204,2022-11-15 16:39:58,,1
0000000330,0000000318,467,2020-10-06 08:08:21,,1
0000000331,0000000319,453,2020-09-06 09:40:58,,1
0000000332,0000000320,204,2023-12-20 07:39:49,,1
0000000333,0000000321,965,2021-02-21 08:15:16,,1
0000000334,0000000322,766,2018-04-30 12:10:24,,1
0000000335,0000000323,198,2019-01-22 22:03:34,,1
0000000336,0000000324,426,2025-04-15 07:25:01,,1
0000000337,0000000325,426,2022-02-10 02:00:09,,1
0000000338,0000000326,426,2020-04-27 04:38:48,,1
0000000339,0000000327,426,2025-04-15 14:19:07,,1
0000000340,0000000328,118,2026-03-14 06:41:24,,1
0000000341,0000000329,426,2024-07-21 07:44:26,,1
0000000342,0000000330,195,2018-02-13 19:24:38,,1
0000000343,0000000331,766,2018-07-06 10:19:33,,1
0000000344,0000000332,442,2023-11-17 04:09:00,2023-11-18 21:57:18,0
0000000345,0000000332,248,2023-11-18 21:57:18,,1
0000000346,0000000333,426,2024-04-11 23:20:50,,1
0000000347,0000000334,514,2018-06-16 02:16:13,,1
0000000348,0000000335,280,2025-12-02 23:24:15,,1
0000000349,0000000336,375,2019-05-30 04:16:53,,1
0000000350,0000000337,810,2024-11-26 15:24:37,,1
0000000351,0000000338,689,2021-08-02 03:51:53,,1
0000000352,0000000339,692,2017-09-17 21:52:30,,1
0000000353,0000000340,227,2018-04-08 00:13:43,,1
0000000354,0000000341,909,2016-08-26 13:15:00,,1
0000000355,0000000342,102,2015-09-18 09:24:37,,1
0000000356,0000000343,102,2020-02-12 04:34:22,,1
0000000357,0000000344,102,2017-05-09 03:37:12,2017-05-11 02:29:55,0
0000000358,0000000344,505,2017-05-11 02:29:55,,1
0000000359,0000000345,924,2023-08-04 16:01:58,,1
0000000360,0000000346,661,2025-06-06 13:53:03,,1
0000000361,0000000347,806,2016-08-29 20:55:13,,1
0000000362,0000000348,383,2017-11-12 01:02:50,,1
0000000363,0000000349,806,2024-05-15 06:11:49,,1
0000000364,0000000350,751,2021-02-10 13:30:52,,1
0000000365,0000000351,737,2025-01-28 18:39:37,,1
0000000366,0000000352,222,2026-10-02 11:21:45,,1
0000000367,0000000353,134,2019-04-11 06:41:27,,1
0000000368,0000000354,134,2018-05-27 09:38:35,,1
0000000369,0000000355,93,2023-12-05 21:01:24,,1
0000000370,0000000356,603,2026-08-24 12:17:18,,1
0000000371,0000000357,603,2018-03-23 12:29:42,,1
0000000372,0000000358,603,2025-03-25 07:49:35,,1
0000000373,0000000359,245,2024-04-18 04:30:01,,1
0000000374,0000000360,608,2016-06-24 06:14:48,,1
0000000375,0000000361,608,2016-06-14 00:04:52,,1
0000000376,0000000362,292,2017-01-12 13:08:29,,1
0000000377,0000000363,555,2016-12-17 23:34:14,,1
0000000378,0000000364,330,2017-03-29 19:21:20,,1
0000000379,0000000365,330,2016-09-25 20:35:34,,1
0000000380,0000000366,463,2015-02-19 23:11:22,,1
0000000381,0000000367,463,2015-10-07 08:16:59,,1
0000000382,0000000368,427,2017-02-03 19:00:38,,1
0000000383,0000000369,321,2018-02-17 06:23:06,,1
0000000384,0000000370,119,2024-09-12 20:49:48,,1
0000000385,0000000371,576,2020-02-18 02:29:46,,1
0000000386,0000000372,687,2025-06-02 06:07:25,,1
0000000387,0000000373,980,2016-09-15 03:43:53,,1
0000000388,0000000374,576,2021-03-02 14:06:16,,1
0000000389,0000000375,687,2025-12-08 04:25:59,,1
0000000390,0000000376,559,2018-07-24 08:49:09,,1
0000000391,0000000377,866,2023-06-06 16:12:00,,1
0000000392,0000000378,583,2024-01-30 18:14:43,,1
0000000393,0000000379,862,2026-01-30 04:50:49,,1
0000000394,0000000380,569,2018-08-16 21:05:59,,1
0000000395,0000000381,796,2019-03-11 08:05:58,,1
0000000396,0000000382,755,2022-11-01 15:41:39,,1
0000000397,0000000383,133,2020-12-12 02:35:13,,1
0000000398,0000000384,57,2019-11-01 21:52:49,,1
0000000399,0000000385,57,2018-11-06 04:58:53,,1
0000000400,0000000386,210,2024-08-08 03:26:27,,1
0000000401,0000000387,510,2020-12-05 13:41:15,,1
0000000402,0000000388,510,2025-02-25 01:59:24,,1
0000000403,0000000389,510,2017-08-12 04:46:11,,1
0000000404,0000000390,573,2016-11-28 09:04:05,,1
0000000405,0000000391,573,2023-07-29 05:26:06,,1
0000000406,0000000392,573,2023-04-12 02:17:56,,1
0000000407,0000000393,854,2025-11-28 22:41:24,,1
0000000408,0000000394,443,2025-01-13 06:54:19,,1
0000000409,0000000395,573,2017-11-07 16:48:38,,1
0000000410,0000000396,573,2018-03-15 15:48:06,,1
0000000411,0000000397,573,2016-10-27 20:16:37,,1
0000000412,0000000398,471,2017-08-11 23:38:39,,1
0000000413,0000000399,471,2020-12-22 00:17:31,,1
0000000414,0000000400,471,2019-05-02 17:03:00,,1
0000000415,0000000401,656,2022-10-01 09:01:55,,1
0000000416,0000000402,428,2025-07-29 10:35:18,,1
0000000417,0000000403,91,2021-04-06 15:13:57,,1
0000000418,0000000404,406,2021-09-02 22:07:42,2021-09-02 23:19:49,0
0000000419,0000000404,700,2021-09-02 23:19:49,,1
0000000420,0000000405,81,2019-02-07 03:23:41,,1
0000000421,0000000406,649,2019-01-15 02:41:11,,1
0000000422,0000000407,653,2018-04-24 05:48:51,,1
0000000423,0000000408,203,2017-12-01 15:16:20,,1
0000000424,0000000409,299,2020-07-18 05:56:58,,1
0000000425,0000000410,203,2021-09-06 21:56:37,,1
0000000426,0000000411,203,2018-06-28 20:53:13,,1
0000000427,0000000412,11,2019-07-16 14:29:44,,1
0000000428,0000000413,975,2021-08-28 23:10:36,,1
0000000429,0000000414,263,2024-10-31 12:23:15,,1
0000000430,0000000415,324,2023-10-11 07:32:34,,1
0000000431,0000000416,976,2020-02-21 20:56:54,,1
0000000432,0000000417,932,2023-11-22 08:26:32,,1
0000000433,0000000418,520,2018-01-18 21:04:11,,1
0000000434,0000000419,609,2024-04-11 06:48:36,,1
0000000435,0000000420,520,2024-12-16 13:27:55,,1
0000000436,0000000421,106,2024-07-30 03:46:00,,1
0000000437,0000000422,254,2016-03-11 08:18:01,,1
0000000438,0000000423,633,2019-06-08 20:43:41,,1
0000000439,0000000424,84,2021-09-24 20:27:58,,1
0000000440,0000000425,84,2022-08-01 02:34:43,,1
0000000441,0000000426,84,2017-05-14 01:08:53,,1
0000000442,0000000427,84,2017-07-01 20:19:14,,1
0000000443,0000000428,84,2017-08-29 21:57:29,,1
0000000444,0000000429,610,2024-06-03 14:22:53,,1
0000000445,0000000430,639,2026-07-04 21:19:16,,1
0000000446,0000000431,610,2017-03-14 12:19:06,,1
0000000447,0000000432,1,2018-01-07 19:05:44,2018-01-08 19:33:01,0
0000000448,0000000432,211,2018-01-08 19:33:01,,1
0000000449,0000000433,317,2023-11-11 17:41:06,,1
0000000450,0000000434,141,2022-05-25 18:50:31,,1
0000000451,0000000435,141,2017-11-29 21:16:39,,1
0000000452,0000000436,158,2021-09-03 09:48:22,,1
0000000453,0000000437,102,2017-01-29 11:36:07,,1
0000000454,0000000438,661,2026-04-09 01:21:21,,1
0000000455,0000000439,788,2016-12-19 03:10:45,,1
0000000456,0000000440,788,2020-05-24 00:35:19,,1
0000000457,0000000441,788,2016-11-30 00:01:12,,1
0000000458,0000000442,788,2019-01-12 12:32:31,,1
0000000459,0000000443,788,2016-10-24 04:17:01,,1
0000000460,0000000444,957,2020-04-24 08:46:27,,1
0000000461,0000000445,970,2024-11-18 14:48:50,,1
0000000462,0000000446,94,2017-08-16 09:50:11,,1
0000000463,0000000447,94,2017-06-08 05:25:56,,1
0000000464,0000000448,396,2026-07-30 20:15:20,,1
0000000465,0000000449,954,2018-09-24 05:30:53,,1
0000000466,0000000450,82,2023-01-04 01:37:40,,1
0000000467,0000000451,6,2019-12-15 08:49:15,,1
0000000468,0000000452,245,2022-03-31 03:28:45,,1
0000000469,0000000453,245,2019-10-28 21:29:30,,1
0000000470,0000000454,549,2020-03-18 19:57:42,,1
0000000471,0000000455,247,2025-12-30 17:16:43,,1
0000000472,0000000456,247,2022-03-13 10:12:42,,1
0000000473,0000000457,520,2022-11-12 01:02:23,,1
0000000474,0000000458,520,2022-05-26 19:14:40,,1
0000000475,0000000459,558,2019-04-01 21:56:53,,1
0000000476,0000000460,558,2020-09-23 10:48:06,,1
0000000477,0000000461,617,2019-08-01 22:52:08,,1
0000000478,0000000462,806,2026-08-09 20:16:18,,1
0000000479,0000000463,520,2022-12-29 01:12:50,,1
0000000480,0000000464,806,2026-06-19 12:07:25,,1
0000000481,0000000465,361,2017-03-23 21:10:18,,1
0000000482,0000000466,528,2019-09-19 08:54:57,,1
0000000483,0000000467,528,2020-07-01 19:43:08,,1
0000000484,0000000468,366,2026-07-14 17:07:05,,1
0000000485,0000000469,510,2025-07-27 09:58:23,,1
0000000486,0000000470,66,2023-03-28 22:15:33,,1
0000000487,0000000471,843,2025-04-14 20:14:30,,1
0000000488,0000000472,843,2020-10-22 08:43:28,,1
0000000489,0000000473,843,2020-10-09 13:41:08,,1
0000000490,0000000474,843,2022-05-11 01:22:56,2022-05-14 06:09:52,0
0000000491,0000000474,30,2022-05-14 06:09:52,,1
0000000492,0000000475,937,2017-01-11 21:52:42,,1
0000000493,0000000476,25,2025-03-14 01:58:30,,1
0000000494,0000000477,688,2018-06-09 01:04:46,,1
0000000495,0000000478,688,2021-01-26 19:37:27,,1
0000000496,0000000479,10,2021-02-24 19:41:21,,1
0000000497,0000000480,282,2018-02-04 06:02:20,2018-02-05 14:26:47,0
0000000498,0000000480,461,2018-02-05 14:26:47,,1
0000000499,0000000481,688,2021-03-03 04:16:18,,1
0000000500,0000000482,688,2020-06-09 05:54:51,,1
0000000501,0000000483,688,2021-01-03 22:00:36,,1
0000000502,0000000484,688,2017-04-14 19:18:48,,1
0000000503,0000000485,688,2021-08-31 03:23:21,,1
0000000504,0000000486,688,2018-12-20 16:40:43,,1
0000000505,0000000487,688,2018-10-18 11:30:16,,1
0000000506,0000000488,688,2019-11-05 19:02:24,,1
0000000507,0000000489,130,2023-01-31 22:56:21,,1
0000000508,0000000490,544,2023-11-16 02:27:48,,1
0000000509,0000000491,393,2023-10-24 12:04:20,,1
0000000510,0000000492,393,2018-06-06 20:32:49,,1
0000000511,0000000493,393,2018-01-27 22:05:29,,1
0000000512,0000000494,227,2021-10-15 07:30:06,,1
0000000513,0000000495,393,2023-09-17 19:57:15,,1
0000000514,0000000496,973,2025-08-30 23:43:22,2025-09-02 17:41:13,0
0000000515,0000000496,810,2025-09-02 17:41:13,,1
0000000516,0000000497,179,2018-11-03 12:50:30,,1
0000000517,0000000498,973,2025-02-27 10:52:34,,1
0000000518,0000000499,393,2021-01-25 08:13:29,,1
0000000519,0000000500,393,2017-09-22 16:39:53,,1
0000000520,0000000501,393,2021-01-29 00:05:07,,1
0000000521,0000000502,455,2018-06-18 01:56:39,,1
0000000522,0000000503,381,2016-10-19 19:07:22,,1
0000000523,0000000504,919,2024-12-05 10:55:55,,1
0000000524,0000000505,512,2021-11-13 00:09:55,,1
0000000525,0000000506,512,2025-08-23 09:43:33,,1
0000000526,0000000507,512,2022-11-08 08:28:46,,1
0000000527,0000000508,512,2017-09-08 09:51:01,,1
0000000528,0000000509,830,2020-09-28 20:27:12,,1
0000000529,0000000510,370,2019-04-19 00:26:42,,1
0000000530,0000000511,370,2022-06-04 06:41:52,,1
0000000531,0000000512,370,2022-01-24 18:16:04,,1
0000000532,0000000513,370,2020-05-02 11:07:03,,1
0000000533,0000000514,370,2022-03-25 11:54:37,,1
0000000534,0000000515,370,2019-01-01 11:33:08,,1
0000000535,0000000516,370,2019-01-27 02:52:09,2019-01-29 17:51:08,0
0000000536,0000000516,328,2019-01-29 17:51:08,,1
0000000537,0000000517,370,2018-12-07 19:40:46,,1
0000000538,0000000518,539,2022-05-09 23:19:59,,1
0000000539,0000000519,539,2018-09-19 00:17:28,,1
0000000540,0000000520,169,2024-10-01 16:46:08,,1
0000000541,0000000521,169,2018-06-01 20:39:50,,1
0000000542,0000000522,169,2021-07-01 13:48:52,,1
0000000543,0000000523,169,2021-11-06 17:40:52,,1
0000000544,0000000524,169,2022-10-12 04:44:48,,1
0000000545,0000000525,832,2020-08-24 13:01:30,,1
0000000546,0000000526,169,2021-07-29 15:47:32,,1
0000000547,0000000527,169,2022-04-18 04:40:06,,1
0000000548,0000000528,169,2021-12-22 18:01:16,,1
0000000549,0000000529,169,2024-01-14 02:02:59,,1
0000000550,0000000530,169,2023-10-18 16:07:03,,1
0000000551,0000000531,169,2018-10-11 10:51:52,,1
0000000552,0000000532,867,2023-10-22 11:29:41,,1
0000000553,0000000533,641,2026-01-09 21:54:58,,1
0000000554,0000000534,641,2022-11-25 06:47:47,,1
0000000555,0000000535,588,2025-04-29 08:26:26,,1
0000000556,0000000536,641,2017-04-02 15:11:42,,1
0000000557,0000000537,641,2024-05-01 18:58:30,,1
0000000558,0000000538,641,2024-03-31 10:27:03,,1
0000000559,0000000539,641,2023-10-11 05:34:40,,1
0000000560,0000000540,641,2015-04-28 01:34:23,,1
0000000561,0000000541,641,2021-06-01 03:19:23,,1
0000000562,0000000542,864,2021-03-11 15:45:21,,1
0000000563,0000000543,641,2025-12-06 09:09:22,,1
0000000564,0000000544,641,2018-10-09 09:59:29,,1
0000000565,0000000545,427,2026-07-03 09:14:06,,1
0000000566,0000000546,774,2018-06-10 04:05:24,,1
0000000567,0000000547,426,2018-08-18 06:44:53,,1
0000000568,0000000548,476,2026-03-16 18:11:24,,1
0000000569,0000000549,274,2022-06-22 10:52:01,,1
0000000570,0000000550,274,2017-08-22 03:36:13,2017-08-25 02:32:19,0
0000000571,0000000550,626,2017-08-25 02:32:19,,1
0000000572,0000000551,274,2017-04-07 05:10:58,,1
0000000573,0000000552,274,2019-11-02 14:35:18,,1
0000000574,0000000553,274,2024-04-24 18:27:51,,1
0000000575,0000000554,274,2023-03-12 05:35:16,,1
0000000576,0000000555,274,2020-01-26 09:40:57,,1
0000000577,0000000556,187,2026-05-02 15:15:10,,1
0000000578,0000000557,986,2022-05-18 15:33:10,,1
0000000579,0000000558,938,2026-08-28 23:23:45,,1
0000000580,0000000559,782,2022-03-03 18:48:43,,1
0000000581,0000000560,782,2017-02-10 10:48:45,,1
0000000582,0000000561,510,2017-08-28 11:38:28,,1
0000000583,0000000562,197,2018-05-25 23:07:44,,1
0000000584,0000000563,52,2022-12-03 12:12:23,,1
0000000585,0000000564,550,2022-10-15 10:02:27,,1
0000000586,0000000565,550,2021-11-19 07:41:41,,1
0000000587,0000000566,745,2018-10-15 18:26:23,,1
0000000588,0000000567,576,2020-12-12 21:08:30,,1
0000000589,0000000568,814,2021-10-06 14:02:04,,1
0000000590,0000000569,814,2019-12-15 06:30:08,,1
0000000591,0000000570,814,2020-04-05 04:28:07,,1
0000000592,0000000571,47,2020-10-27 21:06:02,,1
0000000593,0000000572,47,2022-03-19 12:42:18,,1
0000000594,0000000573,803,2022-12-29 12:57:50,,1
0000000595,0000000574,247,2024-12-24 13:14:47,,1
0000000596,0000000575,706,2018-01-01 11:09:18,,1
0000000597,0000000576,816,2025-04-10 15:23:37,,1
0000000598,0000000577,690,2018-10-27 23:49:04,,1
0000000599,0000000578,486,2016-06-24 08:10:32,,1
0000000600,0000000579,277,2023-08-31 04:32:23,,1
0000000601,0000000580,486,2015-03-10 09:25:27,,1
0000000602,0000000581,486,2016-09-01 19:27:08,,1
0000000603,0000000582,272,2020-02-01 11:02:02,,1
0000000604,0000000583,842,2015-12-28 20:36:05,,1
0000000605,0000000584,842,2026-05-06 03:07:49,,1
0000000606,0000000585,842,2025-02-07 00:04:46,,1
0000000607,0000000586,842,2019-07-10 00:34:19,,1
0000000608,0000000587,282,2022-05-16 05:36:38,2022-05-20 11:20:52,0
0000000609,0000000587,743,2022-05-20 11:20:52,,1
0000000610,0000000588,423,2022-09-23 07:56:07,,1
0000000611,0000000589,559,2020-01-06 23:44:53,,1
0000000612,0000000590,423,2020-03-22 12:00:16,,1
0000000613,0000000591,423,2018-05-29 01:25:25,,1
0000000614,0000000592,359,2018-10-06 22:20:08,,1
0000000615,0000000593,423,2026-06-16 11:43:48,,1
0000000616,0000000594,423,2024-01-18 16:05:26,,1
0000000617,0000000595,423,2020-02-24 23:27:15,,1
0000000618,0000000596,723,2021-10-17 10:32:57,,1
0000000619,0000000597,723,2023-02-25 15:15:01,,1
0000000620,0000000598,723,2017-08-10 06:38:57,,1
0000000621,0000000599,490,2016-08-08 21:03:20,,1
0000000622,0000000600,490,2016-07-07 02:57:37,,1
0000000623,0000000601,231,2023-11-21 00:17:36,,1
0000000624,0000000602,306,2019-07-22 22:12:21,,1
0000000625,0000000603,839,2020-03-26 22:51:16,,1
0000000626,0000000604,355,2019-01-16 00:44:31,,1
0000000627,0000000605,631,2016-10-13 18:48:37,,1
0000000628,0000000606,424,2026-06-28 07:36:57,,1
0000000629,0000000607,424,2022-04-16 12:09:55,,1
0000000630,0000000608,952,2020-11-03 00:01:59,,1
0000000631,0000000609,952,2022-01-30 06:23:08,,1
0000000632,0000000610,741,2020-03-24 17:05:59,,1
0000000633,0000000611,702,2022-04-04 01:22:39,,1
0000000634,0000000612,871,2026-05-21 21:14:37,,1
0000000635,0000000613,871,2023-05-01 03:55:03,,1
0000000636,0000000614,757,2018-04-30 12:08:00,,1
0000000637,0000000615,898,2026-06-23 04:59:55,,1
0000000638,0000000616,898,2024-04-15 23:09:53,2024-04-18 15:21:35,0
0000000639,0000000616,1000,2024-04-18 15:21:35,,1
0000000640,0000000617,292,2019-07-01 11:47:45,,1
0000000641,0000000618,292,2021-08-22 14:18:00,,1
0000000642,0000000619,167,2017-12-28 22:17:41,,1
0000000643,0000000620,749,2026-07-22 08:52:37,,1
0000000644,0000000621,167,2017-04-17 13:26:22,,1
0000000645,0000000622,336,2017-11-27 19:41:10,,1
0000000646,0000000623,336,2018-03-24 16:49:43,,1
0000000647,0000000624,7,2019-07-28 04:00:50,,1
0000000648,0000000625,7,2023-04-27 02:44:22,,1
0000000649,0000000626,543,2022-11-14 23:01:00,,1
0000000650,0000000627,64,2021-07-05 00:06:25,,1
0000000651,0000000628,64,2019-08-18 10:25:40,,1
0000000652,0000000629,227,2018-02-17 02:53:21,,1
0000000653,0000000630,240,2018-11-20 22:15:48,,1
0000000654,0000000631,482,2015-11-07 19:34:20,,1
0000000655,0000000632,457,2016-10-25 19:47:16,,1
0000000656,0000000633,457,2020-12-31 21:18:57,,1
0000000657,0000000634,457,2022-06-09 13:34:18,,1
0000000658,0000000635,434,2024-09-14 14:21:51,,1
0000000659,0000000636,434,2020-04-13 21:06:33,,1
0000000660,0000000637,33,2017-05-01 07:33:59,,1
0000000661,0000000638,294,2023-09-07 04:13:03,,1
0000000662,0000000639,294,2017-10-06 18:59:50,,1
0000000663,0000000640,881,2022-09-21 20:05:58,,1
0000000664,0000000641,881,2023-06-02 01:31:24,,1
0000000665,0000000642,498,2023-05-11 08:10:19,,1
0000000666,0000000643,737,2024-03-01 08:19:47,,1
0000000667,0000000644,690,2023-01-16 10:02:03,,1
0000000668,0000000645,690,2019-10-09 16:58:27,,1
0000000669,0000000646,690,2018-11-28 04:27:47,,1
0000000670,0000000647,690,2021-03-18 04:20:28,,1
0000000671,0000000648,690,2019-08-18 15:05:32,,1
0000000672,0000000649,932,2020-11-25 11:57:59,,1
0000000673,0000000650,558,2026-07-23 00:04:08,,1
0000000674,0000000651,690,2020-12-29 16:26:08,,1
0000000675,0000000652,943,2026-08-26 16:51:45,,1
0000000676,0000000653,690,2018-11-23 10:15:38,,1
0000000677,0000000654,690,2020-07-21 05:48:18,,1
0000000678,0000000655,924,2022-10-29 22:26:50,,1
0000000679,0000000656,510,2017-03-25 22:33:37,,1
0000000680,0000000657,212,2024-05-11 04:38:24,,1
0000000681,0000000658,721,2021-07-30 09:49:12,,1
0000000682,0000000659,327,2021-10-25 18:09:23,,1
0000000683,0000000660,327,2023-04-21 14:19:23,,1
0000000684,0000000661,327,2022-05-06 23:52:58,,1
0000000685,0000000662,327,2018-02-05 06:14:17,2018-02-06 17:33:34,0
0000000686,0000000662,723,2018-02-06 17:33:34,,1
0000000687,0000000663,792,2026-04-26 14:50:30,,1
0000000688,0000000664,965,2022-09-10 16:00:46,,1
0000000689,0000000665,308,2015-11-19 04:18:47,,1
0000000690,0000000666,308,2017-11-01 07:17:52,,1
0000000691,0000000667,308,2015-12-17 01:22:30,,1
0000000692,0000000668,826,2025-06-15 10:09:43,,1
0000000693,0000000669,826,2024-12-06 21:46:25,,1
0000000694,0000000670,421,2024-11-22 19:17:49,,1
0000000695,0000000671,826,2026-01-05 14:16:55,,1
0000000696,0000000672,826,2026-04-18 04:03:23,,1
0000000697,0000000673,339,2019-03-05 04:08:12,,1
0000000698,0000000674,339,2017-12-29 01:11:30,,1
0000000699,0000000675,986,2021-10-25 14:37:25,,1
0000000700,0000000676,952,2016-06-25 18:04:12,,1
0000000701,0000000677,246,2025-03-16 22:52:50,,1
0000000702,0000000678,268,2020-09-10 08:28:59,,1
0000000703,0000000679,268,2021-12-02 04:03:41,,1
0000000704,0000000680,380,2022-06-10 12:33:08,,1
0000000705,0000000681,143,2025-07-19 19:07:31,,1
0000000706,0000000682,380,2018-06-13 13:37:49,,1
0000000707,0000000683,268,2025-09-24 15:12:25,,1
0000000708,0000000684,939,2024-01-28 19:18:30,,1
0000000709,0000000685,939,2024-05-12 15:10:28,,1
0000000710,0000000686,939,2023-10-29 23:59:44,,1
0000000711,0000000687,939,2022-03-10 23:50:11,,1
0000000712,0000000688,939,2021-06-24 18:04:42,,1
0000000713,0000000689,939,2020-03-08 19:08:25,,1
0000000714,0000000690,939,2021-11-02 14:28:35,,1
0000000715,0000000691,939,2024-07-02 02:59:47,,1
0000000716,0000000692,939,2020-11-26 21:30:39,,1
0000000717,0000000693,939,2024-03-25 08:30:54,,1
0000000718,0000000694,939,2019-08-01 19:46:44,,1
0000000719,0000000695,939,2022-06-03 10:26:43,2022-06-05 16:33:44,0
0000000720,0000000695,823,2022-06-05 16:33:44,,1
0000000721,0000000696,141,2018-10-25 23:33:32,,1
0000000722,0000000697,141,2020-05-14 13:25:12,,1
0000000723,0000000698,141,2023-12-26 15:13:12,,1
0000000724,0000000699,141,2021-12-17 13:09:59,,1
0000000725,0000000700,164,2024-05-13 04:54:27,,1
0000000726,0000000701,545,2020-08-30 19:14:16,,1
0000000727,0000000702,545,2023-01-10 12:07:37,,1
0000000728,0000000703,545,2019-03-24 13:49:11,,1
0000000729,0000000704,545,2024-02-12 12:35:51,,1
0000000730,0000000705,545,2023-04-11 22:37:32,,1
0000000731,0000000706,545,2018-12-17 08:32:07,,1
0000000732,0000000707,545,2023-11-26 11:08:49,,1
0000000733,0000000708,832,2020-01-19 01:23:34,,1
0000000734,0000000709,833,2016-10-30 15:58:20,,1
0000000735,0000000710,833,2018-07-09 07:34:08,,1
0000000736,0000000711,789,2021-07-19 00:36:00,,1
0000000737,0000000712,554,2021-07-17 20:49:36,,1
0000000738,0000000713,308,2017-12-12 02:08:23,,1
0000000739,0000000714,488,2019-04-07 12:38:55,,1
0000000740,0000000715,488,2026-01-10 07:32:49,,1
0000000741,0000000716,488,2022-12-23 09:08:19,,1
0000000742,0000000717,217,2017-08-11 13:46:32,,1
0000000743,0000000718,217,2017-08-14 23:49:04,,1
0000000744,0000000719,217,2022-12-09 21:07:43,,1
0000000745,0000000720,952,2022-05-11 01:51:46,,1
0000000746,0000000721,307,2022-03-09 12:48:08,,1
0000000747,0000000722,919,2016-03-23 13:13:21,,1
0000000748,0000000723,448,2020-07-06 22:32:33,,1
0000000749,0000000724,448,2026-01-18 07:01:16,,1
0000000750,0000000725,448,2020-06-13 20:57:40,2020-06-18 21:26:31,0
0000000751,0000000725,14,2020-06-18 21:26:31,,1
0000000752,0000000726,650,2021-12-23 14:16:34,,1
0000000753,0000000727,31,2020-08-18 14:52:30,,1
0000000754,0000000728,791,2020-05-22 23:53:01,,1
0000000755,0000000729,791,2018-03-05 08:35:09,,1
0000000756,0000000730,791,2016-11-22 20:08:54,,1
0000000757,0000000731,791,2016-07-07 09:19:45,,1
0000000758,0000000732,791,2026-01-13 02:08:06,,1
0000000759,0000000733,370,2026-07-18 19:45:55,2026-07-21 19:11:47,0
0000000760,0000000733,197,2026-07-21 19:11:47,,1
0000000761,0000000734,370,2026-08-05 01:08:00,2026-08-06 06:23:22,0
0000000762,0000000734,196,2026-08-06 06:23:22,,1
0000000763,0000000735,325,2018-06-18 04:12:56,,1
0000000764,0000000736,277,2026-09-24 09:56:53,,1
0000000765,0000000737,525,2026-04-26 11:50:11,,1
0000000766,0000000738,569,2023-06-05 06:04:57,,1
0000000767,0000000739,571,2020-11-12 23:37:37,,1
0000000768,0000000740,525,2025-01-06 08:28:28,,1
0000000769,0000000741,571,2019-02-04 02:26:49,,1
0000000770,0000000742,143,2023-02-19 22:37:55,,1
0000000771,0000000743,390,2017-08-01 18:30:18,,1
0000000772,0000000744,276,2025-09-28 18:18:33,,1
0000000773,0000000745,143,2023-08-31 11:22:41,,1
0000000774,0000000746,390,2015-10-30 16:35:41,,1
0000000775,0000000747,432,2023-04-20 15:16:24,,1
0000000776,0000000748,359,2022-12-21 05:03:30,,1
0000000777,0000000749,967,2022-02-13 16:36:23,,1
0000000778,0000000750,329,2017-10-21 09:47:54,,1
0000000779,0000000751,329,2022-04-23 07:13:40,,1
0000000780,0000000752,329,2019-01-17 13:32:22,,1
0000000781,0000000753,624,2026-05-19 12:21:36,,1
0000000782,0000000754,329,2019-01-17 13:00:28,,1
0000000783,0000000755,787,2018-10-30 21:40:22,,1
0000000784,0000000756,28,2026-04-07 04:34:17,,1
0000000785,0000000757,787,2021-10-22 01:54:23,,1
0000000786,0000000758,787,2025-09-21 11:47:54,,1
0000000787,0000000759,787,2017-11-08 04:22:36,,1
0000000788,0000000760,311,2026-09-23 22:08:58,,1
0000000789,0000000761,512,2015-09-02 02:14:22,,1
0000000790,0000000762,411,2024-02-02 06:02:55,,1
0000000791,0000000763,411,2016-04-30 06:31:01,,1
0000000792,0000000764,411,2023-05-09 00:49:21,,1
0000000793,0000000765,628,2015-09-15 15:31:11,,1
0000000794,0000000766,628,2021-01-30 09:53:45,,1
0000000795,0000000767,765,2018-12-24 18:51:18,,1
0000000796,0000000768,765,2019-04-06 20:36:50,,1
0000000797,0000000769,357,2026-05-15 03:49:07,,1
0000000798,0000000770,357,2016-10-26 17:12:58,,1
0000000799,0000000771,488,2023-07-24 10:55:00,,1
0000000800,0000000772,112,2019-01-27 16:26:07,,1
0000000801,0000000773,664,2017-12-04 23:00:09,,1
0000000802,0000000774,635,2015-11-19 06:21:37,,1
0000000803,0000000775,664,2018-03-10 10:52:40,,1
0000000804,0000000776,112,2020-08-01 19:20:47,,1
0000000805,0000000777,574,2016-07-20 13:54:44,,1
0000000806,0000000778,239,2016-12-04 09:24:02,,1
0000000807,0000000779,756,2026-05-29 01:07:21,,1
0000000808,0000000780,722,2025-05-08 07:12:53,,1
0000000809,0000000781,320,2020-08-07 16:09:50,,1
0000000810,0000000782,375,2023-03-25 19:40:07,,1
0000000811,0000000783,478,2025-11-20 17:42:46,,1
0000000812,0000000784,312,2021-03-14 00:28:01,,1
0000000813,0000000785,375,2019-07-08 05:22:59,,1
0000000814,0000000786,334,2024-08-06 00:00:27,,1
0000000815,0000000787,375,2023-07-11 21:16:34,,1
0000000816,0000000788,192,2018-08-24 12:55:42,,1
0000000817,0000000789,711,2022-02-09 00:32:34,,1
0000000818,0000000790,398,2018-02-24 14:00:14,,1
0000000819,0000000791,138,2016-05-27 12:22:30,,1
0000000820,0000000792,138,2017-10-02 11:20:28,,1
0000000821,0000000793,393,2019-06-12 14:16:52,,1
0000000822,0000000794,434,2023-12-27 13:16:54,,1
0000000823,0000000795,67,2022-02-03 01:35:41,,1
0000000824,0000000796,887,2022-07-14 01:00:26,,1
0000000825,0000000797,504,2022-11-26 14:27:59,,1
0000000826,0000000798,702,2017-08-30 00:00:45,,1
0000000827,0000000799,702,2018-11-19 05:26:52,,1
0000000828,0000000800,48,2019-10-08 14:22:57,,1
0000000829,0000000801,231,2020-09-25 08:28:59,,1
0000000830,0000000802,896,2020-01-09 00:29:48,,1
0000000831,0000000803,483,2025-05-08 11:10:58,,1
0000000832,0000000804,450,2020-02-07 17:46:02,,1
0000000833,0000000805,149,2026-06-28 14:00:54,,1
0000000834,0000000806,648,2018-01-02 22:23:58,,1
0000000835,0000000807,648,2018-09-07 20:47:05,,1
0000000836,0000000808,439,2020-11-22 20:43:12,,1
0000000837,0000000809,648,2018-10-18 11:34:51,,1
0000000838,0000000810,439,2020-01-14 07:40:52,,1
0000000839,0000000811,552,2025-02-21 06:48:52,,1
0000000840,0000000812,54,2018-06-30 16:12:43,,1
0000000841,0000000813,835,2022-06-13 00:34:39,,1
0000000842,0000000814,835,2025-11-25 21:05:03,,1
0000000843,0000000815,150,2018-11-02 21:40:25,,1
0000000844,0000000816,10,2015-08-03 02:54:13,,1
0000000845,0000000817,651,2018-12-22 02:44:03,2018-12-23 05:17:47,0
0000000846,0000000817,732,2018-12-23 05:17:47,,1
0000000847,0000000818,549,2020-07-10 18:18:13,,1
0000000848,0000000819,592,2020-09-10 21:07:16,,1
0000000849,0000000820,128,2025-10-27 08:39:55,,1
0000000850,0000000821,128,2021-09-04 00:08:35,,1
0000000851,0000000822,128,2023-08-06 19:05:29,,1
0000000852,0000000823,208,2022-02-28 12:37:00,,1
0000000853,0000000824,208,2025-11-22 20:46:08,,1
0000000854,0000000825,208,2025-11-16 05:46:51,,1
0000000855,0000000826,208,2019-03-03 13:16:32,,1
0000000856,0000000827,208,2020-05-03 11:16:40,,1
0000000857,0000000828,208,2025-01-06 04:45:29,,1
0000000858,0000000829,208,2018-05-26 01:30:27,,1
0000000859,0000000830,208,2022-08-03 03:54:45,,1
0000000860,0000000831,208,2018-11-07 06:14:29,,1
0000000861,0000000832,208,2018-06-07 20:48:24,,1
0000000862,0000000833,208,2025-10-28 06:52:07,,1
0000000863,0000000834,208,2024-03-18 00:40:43,,1
0000000864,0000000835,89,2024-11-27 18:47:24,,1
0000000865,0000000836,96,2021-05-15 09:31:50,,1
0000000866,0000000837,94,2015-01-15 03:03:15,,1
0000000867,0000000838,9,2016-11-04 00:47:40,,1
0000000868,0000000839,92,2016-02-07 17:55:12,,1
0000000869,0000000840,92,2017-08-03 22:22:08,,1
0000000870,0000000841,92,2024-04-13 08:09:10,,1
0000000871,0000000842,375,2016-08-22 13:56:04,,1
0000000872,0000000843,92,2023-11-05 05:19:03,,1
0000000873,0000000844,92,2023-06-29 02:07:50,,1
0000000874,0000000845,435,2019-09-03 19:21:07,,1
0000000875,0000000846,92,2017-01-23 13:28:38,,1
0000000876,0000000847,577,2016-07-27 08:26:51,,1
0000000877,0000000848,89,2016-11-14 08:31:44,2016-11-17 15:06:24,0
0000000878,0000000848,445,2016-11-17 15:06:24,,1
0000000879,0000000849,309,2022-06-24 08:41:16,,1
0000000880,0000000850,736,2023-08-19 07:26:55,,1
0000000881,0000000851,567,2023-08-04 11:34:24,,1
0000000882,0000000852,311,2023-07-10 21:22:08,,1
0000000883,0000000853,567,2025-10-30 03:19:44,,1
0000000884,0000000854,567,2018-12-22 13:31:16,,1
0000000885,0000000855,567,2023-01-09 04:28:24,,1
0000000886,0000000856,567,2025-12-02 18:43:56,,1
0000000887,0000000857,628,2019-09-01 09:36:33,,1
0000000888,0000000858,662,2018-06-22 05:48:09,,1
0000000889,0000000859,700,2018-10-05 13:47:24,,1
0000000890,0000000860,945,2019-04-30 21:58:23,,1
0000000891,0000000861,945,2022-10-23 22:38:57,,1
0000000892,0000000862,945,2022-01-19 14:50:58,,1
0000000893,0000000863,945,2025-08-11 18:18:59,,1
0000000894,0000000864,156,2026-03-21 23:22:54,,1
0000000895,0000000865,945,2022-06-01 22:15:23,,1
0000000896,0000000866,945,2023-09-27 20:19:37,,1
0000000897,0000000867,945,2022-01-02 08:25:12,,1
0000000898,0000000868,945,2023-05-19 08:51:50,,1
0000000899,0000000869,945,2025-07-11 17:03:30,,1
0000000900,0000000870,945,2023-02-06 13:31:21,,1
0000000901,0000000871,945,2019-07-03 21:13:53,,1
0000000902,0000000872,866,2021-04-15 06:08:16,,1
0000000903,0000000873,730,2019-10-07 12:17:31,,1
0000000904,0000000874,730,2017-07-05 05:56:47,,1
0000000905,0000000875,86,2016-01-10 02:57:36,2016-01-12 03:42:38,0
0000000906,0000000875,755,2016-01-12 03:42:38,,1
0000000907,0000000876,889,2022-05-29 03:58:49,,1
0000000908,0000000877,359,2022-03-01 01:35:08,,1
0000000909,0000000878,550,2021-01-05 17:36:17,,1
0000000910,0000000879,550,2022-02-18 06:47:47,,1
0000000911,0000000880,550,2019-11-06 09:40:17,,1
0000000912,0000000881,550,2022-01-30 04:20:48,,1
0000000913,0000000882,624,2021-12-10 15:24:42,,1
0000000914,0000000883,624,2018-05-27 01:59:15,,1
0000000915,0000000884,624,2019-10-02 22:59:14,,1
0000000916,0000000885,916,2023-05-26 06:32:12,,1
0000000917,0000000886,624,2020-12-22 16:14:14,,1
0000000918,0000000887,624,2016-12-18 07:13:51,,1
0000000919,0000000888,624,2018-04-13 16:59:05,,1
0000000920,0000000889,228,2024-07-31 04:11:00,,1
0000000921,0000000890,168,2019-07-25 10:27:51,,1
0000000922,0000000891,168,2018-02-27 08:50:57,,1
0000000923,0000000892,168,2021-11-12 10:49:58,,1
0000000924,0000000893,168,2021-09-25 06:25:32,,1
0000000925,0000000894,168,2019-01-02 07:22:11,,1
0000000926,0000000895,168,2021-04-04 15:03:42,,1
0000000927,0000000896,168,2019-03-21 19:06:20,,1
0000000928,0000000897,168,2020-01-30 08:53:42,,1
0000000929,0000000898,751,2021-08-17 14:21:01,,1
0000000930,0000000899,751,2025-03-11 04:54:26,,1
0000000931,0000000900,537,2024-12-05 02:35:36,,1
0000000932,0000000901,524,2021-09-19 22:28:27,,1
0000000933,0000000902,467,2017-08-30 01:56:12,,1
0000000934,0000000903,524,2019-04-28 03:52:22,2019-04-28 08:55:36,0
0000000935,0000000903,456,2019-04-28 08:55:36,,1
0000000936,0000000904,531,2018-05-04 18:02:21,,1
0000000937,0000000905,524,2020-01-02 19:33:39,,1
0000000938,0000000906,524,2020-12-25 13:51:53,,1
0000000939,0000000907,524,2020-05-25 07:28:04,,1
0000000940,0000000908,524,2018-02-07 07:21:11,,1
0000000941,0000000909,524,2019-12-20 14:50:55,,1
0000000942,0000000910,467,2017-11-22 13:49:19,,1
0000000943,0000000911,524,2019-12-15 18:02:00,,1
0000000944,0000000912,524,2018-08-12 07:56:43,,1
0000000945,0000000913,880,2020-07-15 16:44:59,,1
0000000946,0000000914,330,2023-04-07 23:14:31,,1
0000000947,0000000915,330,2021-06-17 06:20:51,,1
0000000948,0000000916,330,2020-10-02 00:48:02,,1
0000000949,0000000917,586,2017-09-01 22:04:56,,1
0000000950,0000000918,355,2016-08-02 02:01:18,,1
0000000951,0000000919,976,2017-07-16 07:45:49,,1
0000000952,0000000920,586,2017-02-14 11:40:05,,1
0000000953,0000000921,586,2017-04-19 16:50:36,,1
0000000954,0000000922,71,2018-07-05 01:34:51,,1
0000000955,0000000923,7,2024-06-13 06:16:24,,1
0000000956,0000000924,7,2022-06-26 01:12:11,,1
0000000957,0000000925,7,2022-12-02 01:23:23,,1
0000000958,0000000926,504,2018-08-12 01:16:35,,1
0000000959,0000000927,314,2017-01-02 19:48:51,,1
0000000960,0000000928,944,2025-12-14 01:09:39,,1
0000000961,0000000929,998,2016-03-16 21:09:55,,1
0000000962,0000000930,87,2024-12-06 13:19:40,,1
0000000963,0000000931,998,2016-09-20 08:37:48,,1
0000000964,0000000932,268,2026-05-24 14:31:46,,1
0000000965,0000000933,268,2021-07-05 21:34:08,,1
0000000966,0000000934,268,2018-08-08 09:05:15,,1
0000000967,0000000935,268,2023-11-29 05:25:48,,1
0000000968,0000000936,268,2024-12-12 16:14:05,,1
0000000969,0000000937,77,2019-03-19 21:23:22,,1
0000000970,0000000938,77,2021-02-14 10:54:26,,1
0000000971,0000000939,77,2025-12-20 12:17:12,,1
0000000972,0000000940,549,2022-01-07 23:21:59,,1
0000000973,0000000941,549,2024-06-10 11:24:23,,1
0000000974,0000000942,549,2023-04-22 15:04:02,,1
0000000975,0000000943,221,2022-02-09 06:47:42,,1
0000000976,0000000944,42,2021-08-01 18:19:17,,1
0000000977,0000000945,222,2025-12-24 23:40:51,,1
0000000978,0000000946,13,2025-01-16 10:58:38,,1
0000000979,0000000947,13,2019-01-14 01:30:40,,1
0000000980,0000000948,13,2020-08-12 15:09:40,,1
0000000981,0000000949,13,2020-05-18 21:20:31,,1
0000000982,0000000950,13,2022-10-26 01:53:31,,1
0000000983,0000000951,13,2017-08-20 04:42:12,,1
0000000984,0000000952,13,2021-10-11 06:28:35,,1
0000000985,0000000953,540,2025-09-14 20:43:06,,1
0000000986,0000000954,703,2025-12-27 11:14:23,,1
0000000987,0000000955,382,2021-04-13 09:16:50,,1
0000000988,0000000956,95,2019-12-18 02:37:01,,1
0000000989,0000000957,95,2019-08-27 03:55:11,,1
0000000990,0000000958,95,2024-09-12 13:28:30,,1
0000000991,0000000959,95,2023-04-09 05:27:39,2023-04-11 11:05:08,0
0000000992,0000000959,75,2023-04-11 11:05:08,,1
0000000993,0000000960,95,2025-09-01 00:43:31,,1
0000000994,0000000961,701,2019-07-02 04:12:35,,1
0000000995,0000000962,629,2023-11-03 07:59:57,,1
0000000996,0000000963,430,2023-09-08 07:25:58,,1
0000000997,0000000964,780,2019-04-19 02:05:39,,1
0000000998,0000000965,185,2024-09-29 00:22:52,,1
0000000999,0000000966,185,2018-12-05 05:56:18,,1
0000001000,0000000967,185,2018-03-23 12:02:28,,1
0000001001,0000000968,543,2022-06-26 15:19:31,,1
0000001002,0000000969,860,2026-05-27 10:19:56,,1
0000001003,0000000970,860,2023-11-21 04:44:13,,1
0000001004,0000000971,860,2021-05-06 08:23:46,,1
0000001005,0000000972,606,2020-01-20 06:07:33,,1
0000001006,0000000973,503,2017-08-08 12:42:49,,1
0000001007,0000000974,540,2017-06-21 06:20:35,,1
0000001008,0000000975,540,2017-06-21 16:45:09,,1
0000001009,0000000976,887,2022-05-21 06:22:38,,1
0000001010,0000000977,345,2020-04-07 13:49:08,,1
0000001011,0000000978,310,2025-02-05 21:09:50,,1
0000001012,0000000979,682,2021-04-04 10:35:54,,1
0000001013,0000000980,682,2020-06-12 20:10:50,,1
0000001014,0000000981,244,2025-04-27 12:49:31,,1
0000001015,0000000982,244,2018-04-08 15:03:13,,1
0000001016,0000000983,244,2022-06-10 21:04:42,,1
0000001017,0000000984,244,2022-09-08 13:50:48,,1
0000001018,0000000985,244,2019-07-06 06:54:36,,1
0000001019,0000000986,244,2022-10-07 10:39:54,,1
0000001020,0000000987,244,2017-03-17 22:35:43,,1
0000001021,0000000988,244,2022-01-27 03:35:00,,1
0000001022,0000000989,244,2017-06-25 19:46:04,,1
0000001023,0000000990,244,2021-04-22 07:29:06,,1
0000001024,0000000991,244,2021-11-10 09:55:25,,1
0000001025,0000000992,244,2024-05-22 23:14:48,,1
0000001026,0000000993,215,2023-09-25 18:14:26,,1
0000001027,0000000994,751,2020-07-25 06:18:58,,1
0000001028,0000000995,751,2020-02-22 12:09:15,,1
0000001029,0000000996,986,2021-04-20 23:42:04,,1
0000001030,0000000997,430,2021-01-02 02:01:58,,1
0000001031,0000000998,751,2020-02-12 05:26:14,,1
0000001032,0000000999,463,2023-03-27 13:46:24,,1
0000001033,0000001000,463,2019-04-30 22:40:50,,1
0000001034,0000001001,268,2019-03-21 22:39:01,,1
0000001035,0000001002,305,2018-11-12 03:11:02,,1
0000001036,0000001003,457,2025-01-29 09:43:49,,1
0000001037,0000001004,457,2024-02-17 19:37:22,,1
0000001038,0000001005,457,2018-04-22 02:12:48,,1
0000001039,0000001006,858,2024-09-01 09:40:24,,1
0000001040,0000001007,100,2017-08-09 07:43:00,,1
0000001041,0000001008,875,2024-12-23 21:44:26,,1
0000001042,0000001009,925,2016-08-09 21:36:29,,1
0000001043,0000001010,952,2025-07-08 10:37:22,,1
0000001044,0000001011,925,2021-10-03 03:33:03,,1
0000001045,0000001012,925,2021-11-29 04:36:18,,1
0000001046,0000001013,973,2022-05-14 15:22:21,,1
0000001047,0000001014,700,2019-01-20 07:38:08,,1
0000001048,0000001015,270,2019-02-21 11:44:40,,1
0000001049,0000001016,90,2017-08-26 23:59:03,,1
0000001050,0000001017,90,2023-02-28 20:17:53,,1
0000001051,0000001018,90,2017-11-25 17:52:56,,1
0000001052,0000001019,1,2018-11-25 05:43:46,,1
0000001053,0000001020,90,2020-11-04 10:55:37,,1
0000001054,0000001021,90,2016-07-11 12:54:03,,1
0000001055,0000001022,90,2021-02-22 23:56:40,,1
0000001056,0000001023,90,2021-02-04 14:34:15,,1
0000001057,0000001024,90,2017-07-20 01:35:21,,1
0000001058,0000001025,90,2020-11-10 06:37:25,,1
0000001059,0000001026,497,2023-02-18 09:57:21,,1
0000001060,0000001027,90,2019-08-03 22:18:21,,1
0000001061,0000001028,806,2019-08-09 19:47:01,,1
0000001062,0000001029,577,2022-12-16 02:34:08,2022-12-16 08:39:48,0
0000001063,0000001029,690,2022-12-16 08:39:48,,1
0000001064,0000001030,698,2021-05-13 02:53:22,,1
0000001065,0000001031,412,2024-10-23 19:37:38,,1
0000001066,0000001032,138,2025-08-31 20:49:36,,1
0000001067,0000001033,138,2023-07-05 07:10:31,,1
0000001068,0000001034,288,2020-10-22 03:07:14,,1
0000001069,0000001035,138,2019-11-06 17:42:10,,1
0000001070,0000001036,138,2025-05-23 01:02:44,,1
0000001071,0000001037,138,2020-09-08 17:45:03,,1
0000001072,0000001038,274,2023-11-10 13:50:07,,1
0000001073,0000001039,952,2018-03-13 03:28:19,,1
0000001074,0000001040,662,2022-10-02 05:12:15,,1
0000001075,0000001041,834,2022-04-11 00:05:13,,1
0000001076,0000001042,981,2016-05-23 20:46:02,,1
0000001077,0000001043,800,2020-04-18 07:55:49,,1
0000001078,0000001044,800,2026-09-02 05:45:19,,1
0000001079,0000001045,800,2019-11-04 02:04:55,,1
0000001080,0000001046,800,2015-03-31 12:17:24,,1
0000001081,0000001047,719,2015-04-14 04:04:30,,1
0000001082,0000001048,52,2020-11-23 22:34:44,,1
0000001083,0000001049,52,2023-02-24 03:39:00,,1
0000001084,0000001050,52,2018-07-13 12:03:51,,1
0000001085,0000001051,52,2020-04-21 11:19:12,,1
0000001086,0000001052,52,2020-09-24 18:15:28,2020-09-29 02:28:43,0
0000001087,0000001052,404,2020-09-29 02:28:43,,1
0000001088,0000001053,946,2017-11-29 01:08:21,,1
0000001089,0000001054,946,2017-12-26 01:37:30,,1
0000001090,0000001055,127,2020-07-09 09:50:26,,1
0000001091,0000001056,127,2021-05-04 18:15:24,,1
0000001092,0000001057,127,2019-11-15 07:46:45,,1
0000001093,0000001058,292,2022-09-19 05:56:00,,1
0000001094,0000001059,292,2025-10-12 23:21:56,,1
0000001095,0000001060,74,2018-07-02 04:14:26,,1
0000001096,0000001061,230,2024-09-14 14:05:24,,1
0000001097,0000001062,821,2017-08-03 13:42:45,2017-08-04 05:35:46,0
0000001098,0000001062,39,2017-08-04 05:35:46,,1
0000001099,0000001063,8,2023-12-08 04:54:08,,1
0000001100,0000001064,154,2019-09-20 19:19:45,,1
0000001101,0000001065,672,2016-11-02 08:28:41,,1
0000001102,0000001066,672,2020-08-10 00:54:49,,1
0000001103,0000001067,672,2021-07-01 06:36:59,,1
0000001104,0000001068,744,2017-11-10 16:24:43,,1
0000001105,0000001069,270,2020-04-29 05:39:26,,1
0000001106,0000001070,967,2018-11-29 07:49:28,,1
0000001107,0000001071,100,2018-10-14 11:01:38,,1
0000001108,0000001072,525,2019-01-10 11:13:23,,1
0000001109,0000001073,364,2015-07-26 06:42:53,,1
0000001110,0000001074,364,2017-09-26 22:23:57,,1
0000001111,0000001075,364,2024-06-10 05:57:36,,1
0000001112,0000001076,364,2019-03-03 19:44:29,,1
0000001113,0000001077,915,2020-11-19 19:56:46,,1
0000001114,0000001078,600,2025-07-18 03:30:04,,1
0000001115,0000001079,600,2023-08-31 11:50:05,,1
0000001116,0000001080,600,2022-11-17 02:29:41,,1
0000001117,0000001081,513,2024-12-14 17:23:53,,1
0000001118,0000001082,513,2016-05-17 23:53:45,,1
0000001119,0000001083,513,2021-11-10 17:00:23,,1
0000001120,0000001084,892,2022-10-31 01:30:06,,1
0000001121,0000001085,915,2020-01-12 02:10:46,,1
0000001122,0000001086,929,2021-03-29 15:18:00,,1
0000001123,0000001087,929,2023-08-14 00:14:27,,1
0000001124,0000001088,929,2025-09-29 09:16:26,,1
0000001125,0000001089,929,2025-03-15 01:09:01,,1
0000001126,0000001090,60,2017-03-07 13:39:02,,1
0000001127,0000001091,60,2018-03-15 13:03:22,,1
0000001128,0000001092,60,2019-01-13 22:27:31,,1
0000001129,0000001093,440,2026-05-19 21:11:15,,1
0000001130,0000001094,973,2019-07-08 18:05:32,,1
0000001131,0000001095,973,2019-11-28 01:40:03,,1
0000001132,0000001096,973,2018-09-24 08:27:55,,1
0000001133,0000001097,973,2020-05-23 15:43:01,,1
0000001134,0000001098,973,2020-08-08 16:01:47,,1
0000001135,0000001099,133,2025-10-10 12:07:10,,1
0000001136,0000001100,972,2025-08-06 01:44:38,,1
0000001137,0000001101,972,2025-01-15 21:24:04,,1
0000001138,0000001102,972,2019-11-24 12:07:14,,1
0000001139,0000001103,972,2023-03-01 15:42:37,,1
0000001140,0000001104,972,2018-11-11 15:51:03,,1
0000001141,0000001105,972,2018-07-26 03:58:26,,1
0000001142,0000001106,972,2020-11-09 03:10:46,,1
0000001143,0000001107,972,2026-06-18 17:36:59,,1
0000001144,0000001108,241,2023-05-22 15:26:10,,1
0000001145,0000001109,704,2022-05-24 07:38:32,,1
0000001146,0000001110,234,2021-06-19 11:20:09,,1
0000001147,0000001111,234,2021-06-22 02:03:00,,1
0000001148,0000001112,517,2020-08-13 09:00:48,,1
0000001149,0000001113,517,2020-07-06 09:18:25,,1
0000001150,0000001114,517,2020-03-29 21:45:57,,1
0000001151,0000001115,517,2020-02-26 12:16:56,,1
0000001152,0000001116,517,2020-10-22 18:15:03,,1
0000001153,0000001117,427,2015-07-06 19:26:07,,1
0000001154,0000001118,427,2023-01-06 17:10:07,,1
0000001155,0000001119,427,2022-01-25 17:13:33,,1
0000001156,0000001120,427,2018-04-13 08:13:41,,1
0000001157,0000001121,427,2023-05-05 07:49:25,,1
0000001158,0000001122,427,2019-10-20 19:34:35,,1
0000001159,0000001123,427,2023-01-27 06:49:46,,1
0000001160,0000001124,427,2015-11-26 19:30:55,,1
0000001161,0000001125,646,2016-07-10 11:57:31,,1
0000001162,0000001126,646,2018-10-18 12:26:30,2018-10-20 05:11:18,0
0000001163,0000001126,152,2018-10-20 05:11:18,,1
0000001164,0000001127,852,2016-04-07 02:54:00,,1
0000001165,0000001128,766,2016-09-28 13:36:07,,1
0000001166,0000001129,852,2016-07-30 13:12:00,,1
0000001167,0000001130,705,2026-03-30 11:06:14,,1
0000001168,0000001131,612,2018-11-22 20:32:35,,1
0000001169,0000001132,476,2022-03-09 17:44:33,,1
0000001170,0000001133,476,2020-12-13 23:13:29,,1
0000001171,0000001134,119,2023-12-16 19:47:10,,1
0000001172,0000001135,119,2023-01-14 18:06:42,,1
0000001173,0000001136,321,2018-09-25 19:33:45,,1
0000001174,0000001137,119,2023-08-29 13:17:02,,1
0000001175,0000001138,321,2018-11-15 02:35:55,,1
0000001176,0000001139,471,2020-01-25 00:38:37,,1
0000001177,0000001140,119,2021-03-18 06:13:17,,1
0000001178,0000001141,321,2019-04-27 15:08:48,,1
0000001179,0000001142,367,2020-05-19 20:47:04,,1
0000001180,0000001143,367,2015-07-09 16:37:02,,1
0000001181,0000001144,367,2015-08-29 20:54:22,,1
0000001182,0000001145,916,2025-10-03 21:24:30,,1
0000001183,0000001146,916,2025-05-22 23:27:55,,1
0000001184,0000001147,820,2021-05-28 15:00:01,,1
0000001185,0000001148,820,2024-06-22 14:12:18,,1
0000001186,0000001149,107,2020-10-16 15:18:57,,1
0000001187,0000001150,107,2024-03-07 07:47:01,,1
0000001188,0000001151,627,2020-08-26 20:39:14,,1
0000001189,0000001152,30,2026-03-15 06:49:28,,1
0000001190,0000001153,538,2016-11-12 08:47:04,,1
0000001191,0000001154,860,2015-05-13 11:52:40,,1
0000001192,0000001155,860,2016-02-24 12:46:38,,1
0000001193,0000001156,860,2015-08-19 14:59:52,,1
0000001194,0000001157,77,2019-07-03 09:00:17,,1
0000001195,0000001158,77,2019-03-08 03:49:40,,1
0000001196,0000001159,77,2016-03-15 13:08:09,,1
0000001197,0000001160,241,2023-10-11 21:08:40,,1
0000001198,0000001161,241,2017-12-20 15:01:02,,1
0000001199,0000001162,241,2025-04-05 16:53:59,,1
0000001200,0000001163,241,2024-04-30 05:36:41,,1
0000001201,0000001164,81,2018-03-31 08:07:42,2018-04-03 03:43:50,0
0000001202,0000001164,631,2018-04-03 03:43:50,,1
0000001203,0000001165,19,2017-01-15 09:59:04,,1
0000001204,0000001166,576,2023-12-07 09:48:40,,1
0000001205,0000001167,576,2018-05-02 19:13:35,,1
0000001206,0000001168,133,2017-08-04 16:08:17,,1
0000001207,0000001169,350,2022-09-17 04:37:00,,1
0000001208,0000001170,350,2024-05-06 14:58:14,,1
0000001209,0000001171,47,2017-10-28 01:43:29,,1
0000001210,0000001172,47,2018-02-11 01:01:31,,1
0000001211,0000001173,129,2018-05-15 00:53:44,,1
0000001212,0000001174,47,2025-02-20 10:06:19,,1
0000001213,0000001175,47,2016-11-24 01:16:56,2016-11-25 11:54:39,0
0000001214,0000001175,576,2016-11-25 11:54:39,,1
0000001215,0000001176,261,2016-07-12 16:49:54,,1
0000001216,0000001177,261,2020-12-05 03:56:24,,1
0000001217,0000001178,261,2021-01-14 09:59:54,,1
0000001218,0000001179,749,2020-10-27 15:59:33,,1
0000001219,0000001180,766,2018-11-02 01:12:20,,1
0000001220,0000001181,766,2020-09-24 22:06:59,,1
0000001221,0000001182,772,2018-01-04 22:34:24,,1
0000001222,0000001183,524,2022-03-30 23:32:30,,1
0000001223,0000001184,524,2020-11-14 18:12:52,,1
0000001224,0000001185,662,2021-04-23 23:23:06,,1
0000001225,0000001186,427,2016-01-26 12:38:22,,1
0000001226,0000001187,106,2017-10-27 09:32:23,,1
0000001227,0000001188,599,2023-06-21 06:41:42,,1
0000001228,0000001189,599,2021-06-23 22:57:47,,1
0000001229,0000001190,599,2023-05-23 01:40:03,,1
0000001230,0000001191,599,2021-03-16 00:18:35,,1
0000001231,0000001192,599,2019-09-26 13:55:58,,1
0000001232,0000001193,41,2022-04-13 06:00:33,,1
0000001233,0000001194,683,2017-07-08 08:44:03,,1
0000001234,0000001195,164,2018-04-27 18:24:06,,1
0000001235,0000001196,231,2019-01-06 22:27:16,,1
0000001236,0000001197,340,2024-10-24 20:33:41,,1
0000001237,0000001198,340,2017-08-05 05:08:34,,1
0000001238,0000001199,232,2023-02-17 17:35:37,,1
0000001239,0000001200,340,2020-12-23 11:44:02,,1
0000001240,0000001201,340,2018-01-12 15:39:53,,1
0000001241,0000001202,340,2024-11-10 01:38:19,,1
0000001242,0000001203,340,2017-06-15 01:13:40,,1
0000001243,0000001204,340,2021-03-01 22:00:00,,1
0000001244,0000001205,340,2019-06-02 15:21:58,,1
0000001245,0000001206,340,2020-12-06 15:49:30,,1
0000001246,0000001207,193,2023-09-28 21:28:08,,1
0000001247,0000001208,699,2022-04-29 07:50:38,,1
0000001248,0000001209,934,2022-07-31 22:41:22,,1
0000001249,0000001210,934,2021-08-16 11:20:23,,1
0000001250,0000001211,934,2024-02-26 18:16:05,,1
0000001251,0000001212,934,2020-05-09 23:35:07,,1
0000001252,0000001213,934,2019-06-08 19:04:51,,1
0000001253,0000001214,198,2020-10-05 16:14:05,,1
0000001254,0000001215,198,2021-12-15 16:43:14,,1
0000001255,0000001216,428,2026-08-21 16:03:32,,1
0000001256,0000001217,473,2019-03-05 03:20:07,,1
0000001257,0000001218,435,2021-01-04 15:51:42,,1
0000001258,0000001219,435,2021-07-14 19:23:40,,1
0000001259,0000001220,856,2024-01-03 09:58:37,,1
0000001260,0000001221,39,2018-04-28 13:43:42,,1
0000001261,0000001222,234,2024-02-24 12:47:12,,1
0000001262,0000001223,47,2019-10-15 00:24:12,,1
0000001263,0000001224,47,2017-08-24 11:10:25,,1
0000001264,0000001225,33,2020-04-06 21:28:32,,1
0000001265,0000001226,784,2015-07-02 13:13:11,,1
0000001266,0000001227,784,2020-07-17 06:56:57,,1
0000001267,0000001228,127,2015-08-24 23:07:55,,1
0000001268,0000001229,434,2023-03-07 03:22:16,,1
0000001269,0000001230,765,2023-01-13 13:47:22,,1
0000001270,0000001231,989,2023-11-05 12:57:43,,1
0000001271,0000001232,989,2026-02-12 07:20:46,,1
0000001272,0000001233,792,2022-09-09 20:24:50,,1
0000001273,0000001234,67,2019-03-17 17:36:05,,1
0000001274,0000001235,909,2016-01-17 15:17:22,,1
0000001275,0000001236,909,2015-06-21 12:02:26,,1
0000001276,0000001237,909,2015-08-26 04:17:37,2015-08-27 19:33:44,0
0000001277,0000001237,820,2015-08-27 19:33:44,,1
0000001278,0000001238,989,2024-07-07 06:08:34,,1
0000001279,0000001239,909,2022-06-14 08:08:56,,1
0000001280,0000001240,989,2026-07-25 20:57:41,,1
0000001281,0000001241,989,2025-11-01 11:13:00,,1
0000001282,0000001242,909,2017-04-23 22:07:53,,1
0000001283,0000001243,561,2017-12-08 15:43:30,,1
0000001284,0000001244,561,2016-07-18 14:30:40,,1
0000001285,0000001245,855,2018-09-05 08:52:14,,1
0000001286,0000001246,203,2024-05-28 00:55:25,,1
0000001287,0000001247,203,2017-09-14 04:43:52,,1
0000001288,0000001248,203,2021-07-04 14:23:07,,1
0000001289,0000001249,203,2017-07-20 23:21:19,,1
0000001290,0000001250,203,2019-07-31 10:11:55,,1
0000001291,0000001251,203,2020-11-18 18:58:20,,1
0000001292,0000001252,203,2023-10-17 21:39:51,,1
0000001293,0000001253,203,2017-12-04 06:06:23,,1
0000001294,0000001254,203,2022-12-21 07:06:39,,1
0000001295,0000001255,203,2023-04-04 17:32:38,,1
0000001296,0000001256,203,2022-11-07 07:56:23,,1
0000001297,0000001257,203,2022-06-19 18:47:19,,1
0000001298,0000001258,581,2015-06-14 21:40:27,,1
0000001299,0000001259,581,2017-09-23 20:49:09,,1
0000001300,0000001260,374,2024-08-02 03:41:51,,1
0000001301,0000001261,542,2020-02-21 02:36:12,,1
0000001302,0000001262,616,2015-02-25 04:14:12,,1
0000001303,0000001263,581,2022-07-16 09:32:46,,1
0000001304,0000001264,581,2019-03-27 21:13:58,,1
0000001305,0000001265,581,2018-03-03 10:13:18,,1
0000001306,0000001266,108,2022-08-11 00:21:29,,1
0000001307,0000001267,581,2021-03-10 06:39:58,,1
0000001308,0000001268,581,2018-04-17 11:54:30,2018-04-21 13:12:20,0
0000001309,0000001268,698,2018-04-21 13:12:20,,1
0000001310,0000001269,581,2016-02-01 04:18:13,,1
0000001311,0000001270,861,2017-08-07 01:32:58,,1
0000001312,0000001271,794,2016-05-04 06:47:00,2016-05-05 02:43:26,0
0000001313,0000001271,712,2016-05-05 02:43:26,,1
0000001314,0000001272,752,2023-06-30 15:51:01,2023-07-01 18:37:45,0
0000001315,0000001272,257,2023-07-01 18:37:45,,1
0000001316,0000001273,752,2022-05-21 15:40:09,,1
0000001317,0000001274,752,2024-01-21 08:56:39,,1
0000001318,0000001275,752,2019-05-20 06:58:12,,1
0000001319,0000001276,752,2020-09-23 11:56:22,,1
0000001320,0000001277,38,2024-10-01 03:14:00,,1
0000001321,0000001278,929,2023-03-17 03:24:23,,1
0000001322,0000001279,38,2025-08-15 23:30:10,,1
0000001323,0000001280,38,2024-07-05 00:56:07,,1
0000001324,0000001281,38,2025-04-02 08:10:19,,1
0000001325,0000001282,38,2025-03-31 12:01:16,,1
0000001326,0000001283,218,2015-12-21 07:19:19,,1
0000001327,0000001284,218,2017-07-19 15:25:58,,1
0000001328,0000001285,515,2025-10-05 09:32:22,,1
0000001329,0000001286,515,2025-06-14 04:08:46,,1
0000001330,0000001287,373,2018-01-23 23:28:24,,1
0000001331,0000001288,722,2022-05-10 08:18:45,,1
0000001332,0000001289,515,2021-01-14 03:02:25,,1
0000001333,0000001290,780,2017-07-03 01:14:35,,1
0000001334,0000001291,780,2019-01-29 17:05:43,,1
0000001335,0000001292,780,2017-10-25 13:43:55,,1
0000001336,0000001293,169,2019-05-02 18:28:44,,1
0000001337,0000001294,780,2016-04-25 12:57:20,,1
0000001338,0000001295,481,2021-04-19 07:45:00,,1
0000001339,0000001296,721,2018-09-09 01:21:46,,1
0000001340,0000001297,721,2023-12-10 11:18:52,,1
0000001341,0000001298,602,2022-01-11 02:04:08,,1
0000001342,0000001299,529,2019-09-11 02:46:49,,1
0000001343,0000001300,904,2017-10-09 22:42:48,,1
0000001344,0000001301,451,2023-03-17 10:51:02,,1
0000001345,0000001302,143,2019-06-22 01:23:27,,1
0000001346,0000001303,143,2018-04-18 12:20:46,,1
0000001347,0000001304,77,2020-12-10 00:16:06,,1
0000001348,0000001305,154,2026-01-30 08:56:01,,1
0000001349,0000001306,236,2018-04-21 02:27:46,,1
0000001350,0000001307,236,2022-04-12 07:05:45,,1
0000001351,0000001308,45,2023-10-01 16:32:39,,1
0000001352,0000001309,45,2017-02-10 11:43:04,,1
0000001353,0000001310,233,2015-11-24 04:18:31,,1
0000001354,0000001311,530,2021-02-18 19:58:58,,1
0000001355,0000001312,530,2021-04-02 15:28:26,,1
0000001356,0000001313,460,2023-03-03 09:10:34,,1
0000001357,0000001314,742,2021-04-17 06:06:05,,1
0000001358,0000001315,742,2015-09-01 00:15:24,,1
0000001359,0000001316,742,2020-12-04 05:30:50,,1
0000001360,0000001317,742,2021-03-28 17:38:14,,1
0000001361,0000001318,742,2015-05-07 18:10:57,,1
0000001362,0000001319,112,2023-08-15 23:16:57,,1
0000001363,0000001320,708,2019-04-25 00:08:53,,1
0000001364,0000001321,516,2018-07-30 23:18:45,,1
0000001365,0000001322,771,2019-01-01 23:51:04,,1
0000001366,0000001323,715,2019-07-30 20:23:59,,1
0000001367,0000001324,715,2018-03-01 11:01:46,,1
0000001368,0000001325,715,2019-02-17 19:00:00,,1
0000001369,0000001326,138,2024-07-13 06:43:19,,1
0000001370,0000001327,138,2021-10-05 02:23:43,,1
0000001371,0000001328,194,2021-08-16 03:11:59,,1
0000001372,0000001329,385,2019-11-17 17:48:43,,1
0000001373,0000001330,380,2022-09-28 00:32:27,,1
0000001374,0000001331,380,2022-04-08 23:07:48,,1
0000001375,0000001332,380,2023-06-25 01:32:29,,1
0000001376,0000001333,380,2021-11-13 21:41:46,,1
0000001377,0000001334,380,2025-11-20 06:49:14,,1
0000001378,0000001335,380,2025-08-13 03:59:20,,1
0000001379,0000001336,380,2020-11-12 11:30:16,2020-11-13 19:40:04,0
0000001380,0000001336,273,2020-11-13 19:40:04,,1
0000001381,0000001337,380,2025-08-21 16:48:48,,1
0000001382,0000001338,876,2016-12-22 10:48:23,,1
0000001383,0000001339,876,2018-01-21 11:05:08,,1
0000001384,0000001340,399,2026-07-03 03:01:06,,1
0000001385,0000001341,399,2016-12-31 21:04:19,,1
0000001386,0000001342,399,2024-12-05 07:42:13,,1
0000001387,0000001343,399,2021-06-11 10:19:22,,1
0000001388,0000001344,399,2021-02-21 13:42:53,,1
0000001389,0000001345,399,2018-08-27 10:12:01,,1
0000001390,0000001346,399,2022-12-05 08:14:42,,1
0000001391,0000001347,399,2023-08-24 10:38:50,,1
0000001392,0000001348,354,2026-04-18 09:07:20,,1
0000001393,0000001349,624,2019-02-26 21:33:15,,1
0000001394,0000001350,624,2017-09-28 11:36:00,,1
0000001395,0000001351,624,2022-12-25 19:38:22,,1
0000001396,0000001352,624,2024-03-22 21:06:24,,1
0000001397,0000001353,59,2016-08-20 11:31:09,,1
0000001398,0000001354,59,2016-09-06 12:40:50,,1
0000001399,0000001355,369,2023-06-28 15:07:19,,1
0000001400,0000001356,369,2024-12-17 11:03:38,,1
0000001401,0000001357,836,2023-03-21 18:42:59,,1
0000001402,0000001358,836,2025-09-08 12:49:36,,1
0000001403,0000001359,836,2024-03-13 13:12:28,,1
0000001404,0000001360,908,2019-08-18 14:17:51,,1
0000001405,0000001361,836,2020-10-13 23:19:57,,1
0000001406,0000001362,836,2025-05-26 19:05:16,,1
0000001407,0000001363,836,2022-12-23 19:24:28,,1
0000001408,0000001364,987,2016-10-07 14:03:44,,1
0000001409,0000001365,589,2020-11-16 18:33:41,,1
0000001410,0000001366,75,2017-04-25 19:44:57,,1
0000001411,0000001367,496,2015-02-11 22:07:57,2015-02-13 23:08:23,0
0000001412,0000001367,197,2015-02-13 23:08:23,,1
0000001413,0000001368,789,2024-11-14 04:41:31,,1
0000001414,0000001369,979,2018-02-08 06:48:29,,1
0000001415,0000001370,894,2022-01-10 06:05:47,,1
0000001416,0000001371,894,2025-09-28 02:51:56,,1
0000001417,0000001372,894,2017-01-01 01:04:43,,1
0000001418,0000001373,894,2016-01-18 17:16:05,,1
0000001419,0000001374,894,2020-11-08 12:56:20,,1
0000001420,0000001375,52,2019-08-29 04:49:27,,1
0000001421,0000001376,894,2026-02-27 14:31:25,,1
0000001422,0000001377,894,2022-09-14 01:52:56,,1
0000001423,0000001378,460,2022-02-20 21:47:14,,1
0000001424,0000001379,894,2021-09-06 13:08:25,,1
0000001425,0000001380,706,2018-10-15 18:35:19,,1
0000001426,0000001381,894,2016-06-05 15:07:32,,1
0000001427,0000001382,857,2021-09-03 18:20:57,,1
0000001428,0000001383,434,2016-10-03 22:59:11,,1
0000001429,0000001384,974,2018-11-06 17:20:54,,1
0000001430,0000001385,9,2020-11-13 23:47:41,,1
0000001431,0000001386,9,2017-03-02 02:15:05,,1
0000001432,0000001387,9,2019-07-26 20:23:22,,1
0000001433,0000001388,9,2018-03-20 09:55:49,,1
0000001434,0000001389,9,2019-01-20 02:24:21,,1
0000001435,0000001390,497,2018-04-24 05:08:59,,1
0000001436,0000001391,9,2020-12-29 13:43:49,,1
0000001437,0000001392,9,2017-05-31 09:58:25,,1
0000001438,0000001393,9,2020-03-24 03:11:51,,1
0000001439,0000001394,9,2017-12-04 05:32:09,,1
0000001440,0000001395,9,2018-08-14 05:15:33,,1
0000001441,0000001396,729,2021-07-22 00:42:21,,1
0000001442,0000001397,276,2019-05-12 08:50:30,,1
0000001443,0000001398,411,2025-03-25 13:50:30,,1
0000001444,0000001399,411,2023-03-05 12:38:56,,1
0000001445,0000001400,411,2025-05-06 03:15:29,2025-05-07 20:00:41,0
0000001446,0000001400,424,2025-05-07 20:00:41,,1
0000001447,0000001401,411,2025-10-04 05:45:02,,1
0000001448,0000001402,659,2023-05-02 06:00:17,,1
0000001449,0000001403,877,2020-10-30 01:11:39,,1
0000001450,0000001404,391,2024-06-13 15:45:52,,1
0000001451,0000001405,512,2016-07-17 12:10:08,,1
0000001452,0000001406,343,2020-11-07 03:15:42,,1
0000001453,0000001407,590,2017-08-15 13:27:16,,1
0000001454,0000001408,489,2018-09-17 08:04:14,,1
0000001455,0000001409,666,2019-12-30 19:27:50,,1
0000001456,0000001410,552,2024-04-10 10:08:54,,1
0000001457,0000001411,552,2024-04-17 23:08:04,,1
0000001458,0000001412,647,2019-12-13 08:43:42,,1
0000001459,0000001413,647,2022-01-24 22:09:27,,1
0000001460,0000001414,774,2016-07-23 13:54:40,,1
0000001461,0000001415,475,2019-09-07 06:02:10,,1
0000001462,0000001416,475,2019-06-24 07:14:59,,1
0000001463,0000001417,234,2020-06-15 08:04:41,,1
0000001464,0000001418,216,2019-07-16 22:21:00,,1
0000001465,0000001419,216,2024-09-08 22:06:40,,1
0000001466,0000001420,410,2026-05-20 18:59:49,,1
0000001467,0000001421,960,2017-10-06 21:28:27,,1
0000001468,0000001422,960,2020-03-29 06:56:33,,1
0000001469,0000001423,671,2025-06-17 20:44:08,,1
0000001470,0000001424,130,2017-12-11 05:49:59,,1
0000001471,0000001425,130,2019-03-13 23:31:12,,1
0000001472,0000001426,540,2019-12-20 08:18:47,,1
0000001473,0000001427,859,2020-08-07 06:58:57,,1
0000001474,0000001428,859,2020-02-05 22:49:39,,1
0000001475,0000001429,182,2018-11-28 00:04:20,,1
0000001476,0000001430,182,2016-02-05 17:49:16,,1
0000001477,0000001431,453,2026-07-18 01:36:42,,1
0000001478,0000001432,453,2024-11-23 19:06:02,,1
0000001479,0000001433,311,2019-10-15 15:53:52,,1
0000001480,0000001434,294,2024-06-02 05:57:27,2024-06-04 07:24:44,0
0000001481,0000001434,168,2024-06-04 07:24:44,,1
0000001482,0000001435,294,2022-11-26 07:57:32,,1
0000001483,0000001436,759,2025-03-04 07:19:02,,1
0000001484,0000001437,294,2018-11-30 21:50:55,,1
0000001485,0000001438,294,2019-01-20 13:55:45,2019-01-20 16:29:41,0
0000001486,0000001438,920,2019-01-20 16:29:41,,1
0000001487,0000001439,10,2019-04-03 07:03:45,,1
0000001488,0000001440,270,2016-04-17 22:58:02,,1
0000001489,0000001441,783,2023-02-18 17:42:28,,1
0000001490,0000001442,783,2023-01-18 05:29:42,,1
0000001491,0000001443,783,2018-05-10 14:07:48,,1
0000001492,0000001444,783,2017-03-25 04:07:31,,1
0000001493,0000001445,783,2020-06-26 09:40:17,,1
0000001494,0000001446,932,2025-08-11 06:01:25,2025-08-11 08:14:19,0
0000001495,0000001446,563,2025-08-11 08:14:19,,1
0000001496,0000001447,820,2024-04-23 16:06:55,,1
0000001497,0000001448,783,2019-11-18 21:40:20,,1
0000001498,0000001449,874,2025-10-03 06:09:53,,1
0000001499,0000001450,347,2026-03-27 13:04:52,,1
0000001500,0000001451,193,2016-07-02 05:13:43,,1
0000001501,0000001452,467,2025-04-12 01:35:05,,1
0000001502,0000001453,993,2026-08-28 06:23:48,,1
0000001503,0000001454,993,2021-07-01 09:42:55,,1
0000001504,0000001455,8,2024-05-22 18:19:46,,1
0000001505,0000001456,342,2019-11-09 12:36:49,,1
0000001506,0000001457,351,2021-05-21 01:41:03,2021-05-26 10:32:06,0
0000001507,0000001457,334,2021-05-26 10:32:06,,1
0000001508,0000001458,351,2018-10-28 22:06:59,2018-10-29 03:35:28,0
0000001509,0000001458,269,2018-10-29 03:35:28,,1
0000001510,0000001459,351,2021-01-04 10:17:29,,1
0000001511,0000001460,507,2019-10-11 12:47:42,,1
0000001512,0000001461,864,2017-05-03 10:10:16,,1
0000001513,0000001462,557,2018-09-24 11:56:46,,1
0000001514,0000001463,557,2020-11-16 02:27:03,,1
0000001515,0000001464,557,2018-10-31 12:58:11,,1
0000001516,0000001465,557,2019-06-20 23:40:17,,1
0000001517,0000001466,557,2021-12-12 12:07:25,,1
0000001518,0000001467,568,2024-07-22 22:15:55,,1
0000001519,0000001468,756,2025-04-06 06:12:59,,1
0000001520,0000001469,698,2017-06-09 19:04:41,,1
0000001521,0000001470,698,2016-02-22 02:51:13,,1
0000001522,0000001471,698,2016-09-08 16:13:33,,1
0000001523,0000001472,698,2017-02-09 01:28:49,2017-02-13 15:30:34,0
0000001524,0000001472,637,2017-02-13 15:30:34,,1
0000001525,0000001473,698,2017-05-26 06:50:02,,1
0000001526,0000001474,698,2017-05-01 11:12:35,,1
0000001527,0000001475,698,2017-05-28 09:03:20,,1
0000001528,0000001476,874,2016-04-03 10:08:49,2016-04-09 01:01:58,0
0000001529,0000001476,57,2016-04-09 01:01:58,,1
0000001530,0000001477,172,2021-05-01 11:33:19,,1
0000001531,0000001478,92,2026-03-14 02:05:59,,1
0000001532,0000001479,790,2015-09-11 23:32:05,,1
0000001533,0000001480,790,2017-10-09 13:48:00,,1
0000001534,0000001481,62,2017-05-09 17:07:14,,1
0000001535,0000001482,367,2017-05-20 23:36:42,,1
0000001536,0000001483,977,2023-01-05 04:19:41,,1
0000001537,0000001484,742,2019-01-19 09:35:42,,1
0000001538,0000001485,840,2022-04-06 23:53:02,,1
0000001539,0000001486,840,2025-06-13 07:27:32,,1
0000001540,0000001487,753,2025-03-02 04:07:19,,1
0000001541,0000001488,795,2021-07-18 17:11:46,,1
0000001542,0000001489,795,2017-06-15 05:01:38,,1
0000001543,0000001490,795,2017-01-11 12:06:50,,1
0000001544,0000001491,675,2017-03-09 16:39:26,,1
0000001545,0000001492,420,2015-09-10 23:17:47,,1
0000001546,0000001493,498,2021-07-04 20:17:19,,1
0000001547,0000001494,502,2020-03-11 20:04:59,2020-03-13 21:08:44,0
0000001548,0000001494,23,2020-03-13 21:08:44,,1
0000001549,0000001495,480,2019-04-20 12:25:31,,1
0000001550,0000001496,480,2019-05-02 23:59:22,,1
0000001551,0000001497,480,2018-11-16 05:03:50,,1
0000001552,0000001498,855,2017-06-23 07:33:05,,1
0000001553,0000001499,855,2022-09-26 07:05:51,,1
0000001554,0000001500,743,2022-04-28 03:36:33,,1
0000001555,0000001501,101,2022-10-25 17:03:51,,1
0000001556,0000001502,539,2017-12-16 02:05:39,,1
0000001557,0000001503,682,2021-06-28 14:46:19,,1
0000001558,0000001504,682,2021-09-03 02:15:17,,1
0000001559,0000001505,682,2022-08-11 22:38:13,,1
0000001560,0000001506,682,2021-07-10 20:08:34,,1
0000001561,0000001507,438,2026-03-13 20:42:37,,1
0000001562,0000001508,470,2018-08-23 09:21:10,,1
0000001563,0000001509,682,2022-04-11 11:32:24,,1
0000001564,0000001510,214,2023-10-05 22:14:26,,1
0000001565,0000001511,162,2016-05-20 08:39:14,,1
0000001566,0000001512,162,2018-08-17 01:42:27,,1
0000001567,0000001513,162,2015-11-19 18:29:26,,1
0000001568,0000001514,785,2017-12-24 23:45:25,,1
0000001569,0000001515,564,2023-04-11 23:26:47,,1
0000001570,0000001516,282,2025-10-06 17:18:09,,1
0000001571,0000001517,17,2019-09-07 23:30:09,,1
0000001572,0000001518,912,2025-12-08 01:45:53,,1
0000001573,0000001519,160,2018-08-13 10:58:55,,1
0000001574,0000001520,160,2020-05-19 18:45:04,,1
0000001575,0000001521,160,2018-06-16 06:19:47,,1
0000001576,0000001522,500,2019-10-27 08:08:36,,1
0000001577,0000001523,901,2018-07-17 21:36:10,,1
0000001578,0000001524,901,2019-05-26 00:28:59,,1
0000001579,0000001525,489,2020-04-08 13:14:46,,1
0000001580,0000001526,901,2022-06-30 18:15:10,,1
0000001581,0000001527,837,2024-01-21 22:27:29,,1
0000001582,0000001528,797,2016-01-06 23:40:29,,1
0000001583,0000001529,797,2015-10-09 17:46:25,,1
0000001584,0000001530,797,2016-05-29 01:33:37,,1
0000001585,0000001531,590,2025-06-18 09:41:59,,1
0000001586,0000001532,771,2017-12-04 09:52:34,,1
0000001587,0000001533,771,2019-10-30 19:27:06,,1
0000001588,0000001534,590,2026-06-23 12:31:26,2026-06-27 04:12:46,0
0000001589,0000001534,82,2026-06-27 04:12:46,,1
0000001590,0000001535,610,2024-01-02 18:25:49,,1
0000001591,0000001536,136,2016-12-23 08:23:09,,1
0000001592,0000001537,136,2017-03-18 20:27:59,,1
0000001593,0000001538,136,2016-09-28 08:06:08,,1
0000001594,0000001539,136,2017-02-25 12:36:09,,1
0000001595,0000001540,136,2017-03-20 09:32:21,,1
0000001596,0000001541,754,2020-08-31 23:04:53,,1
0000001597,0000001542,537,2026-02-19 21:59:01,,1
0000001598,0000001543,923,2022-04-15 20:29:51,,1
0000001599,0000001544,174,2017-05-09 01:56:54,,1
0000001600,0000001545,702,2024-06-25 19:38:43,,1
0000001601,0000001546,702,2022-08-29 22:22:51,2022-08-30 15:12:52,0
0000001602,0000001546,866,2022-08-30 15:12:52,,1
0000001603,0000001547,853,2024-12-07 03:25:40,,1
0000001604,0000001548,340,2024-07-23 11:10:57,,1
0000001605,0000001549,340,2020-06-13 16:16:15,,1
0000001606,0000001550,536,2018-03-21 12:03:59,,1
0000001607,0000001551,536,2016-04-11 11:54:31,,1
0000001608,0000001552,536,2016-08-13 19:46:09,,1
0000001609,0000001553,391,2025-04-09 15:59:43,,1
0000001610,0000001554,175,2023-10-28 19:59:35,,1
0000001611,0000001555,175,2024-10-08 13:42:37,,1
0000001612,0000001556,477,2017-04-11 03:17:38,,1
0000001613,0000001557,477,2017-03-20 02:19:48,2017-03-22 19:17:28,0
0000001614,0000001557,172,2017-03-22 19:17:28,,1
0000001615,0000001558,477,2017-03-15 16:43:48,,1
0000001616,0000001559,477,2017-03-21 19:12:11,,1
0000001617,0000001560,477,2017-03-08 07:57:28,,1
0000001618,0000001561,477,2017-03-25 11:26:00,,1
0000001619,0000001562,477,2017-03-30 16:55:03,,1
0000001620,0000001563,477,2017-03-10 18:01:59,,1
0000001621,0000001564,477,2017-03-13 14:22:46,,1
0000001622,0000001565,477,2017-03-23 08:04:21,2017-03-23 15:02:57,0
0000001623,0000001565,660,2017-03-23 15:02:57,,1
0000001624,0000001566,266,2017-03-25 13:48:25,,1
0000001625,0000001567,477,2017-04-06 07:51:21,,1
0000001626,0000001568,300,2016-07-30 05:36:40,,1
0000001627,0000001569,300,2020-08-02 09:20:27,,1
0000001628,0000001570,583,2023-07-15 08:53:02,2023-07-15 13:37:11,0
0000001629,0000001570,181,2023-07-15 13:37:11,,1
0000001630,0000001571,204,2019-01-07 14:41:16,,1
0000001631,0000001572,502,2019-12-17 04:41:14,,1
0000001632,0000001573,310,2021-05-05 01:30:11,,1
0000001633,0000001574,310,2021-08-26 15:04:23,,1
0000001634,0000001575,310,2022-09-07 19:11:44,,1
0000001635,0000001576,156,2024-03-14 15:55:55,2024-03-14 18:05:48,0
0000001636,0000001576,990,2024-03-14 18:05:48,,1
0000001637,0000001577,247,2018-11-18 14:11:11,,1
0000001638,0000001578,247,2018-08-07 20:12:27,,1
0000001639,0000001579,669,2020-08-14 06:33:56,,1
0000001640,0000001580,669,2017-02-15 10:57:18,,1
0000001641,0000001581,669,2018-06-10 05:15:42,,1
0000001642,0000001582,317,2022-12-30 00:54:30,,1
0000001643,0000001583,326,2019-04-16 22:35:01,,1
0000001644,0000001584,326,2021-05-28 11:32:14,,1
0000001645,0000001585,326,2022-02-13 07:55:48,,1
0000001646,0000001586,195,2021-08-27 02:59:54,,1
0000001647,0000001587,326,2018-12-17 21:38:22,,1
0000001648,0000001588,454,2026-04-30 07:52:21,,1
0000001649,0000001589,200,2024-04-06 07:32:18,,1
0000001650,0000001590,311,2023-09-08 17:53:30,,1
0000001651,0000001591,311,2025-03-10 00:48:37,,1
0000001652,0000001592,311,2020-04-12 09:39:25,,1
0000001653,0000001593,190,2026-03-20 16:16:14,,1
0000001654,0000001594,581,2016-09-01 11:44:14,,1
0000001655,0000001595,189,2021-07-30 03:10:26,,1
0000001656,0000001596,397,2025-11-28 12:44:05,,1
0000001657,0000001597,68,2024-09-06 08:24:17,,1
0000001658,0000001598,205,2022-03-30 07:33:55,,1
0000001659,0000001599,888,2017-08-18 07:36:18,,1
0000001660,0000001600,857,2018-06-02 20:33:23,,1
0000001661,0000001601,753,2018-07-07 16:33:43,,1
0000001662,0000001602,845,2021-09-19 13:03:22,,1
0000001663,0000001603,753,2019-10-28 00:32:58,,1
0000001664,0000001604,216,2018-11-18 11:57:27,,1
0000001665,0000001605,845,2022-04-30 20:48:45,,1
0000001666,0000001606,753,2017-01-21 01:24:52,2017-01-21 02:41:02,0
0000001667,0000001606,786,2017-01-21 02:41:02,,1
0000001668,0000001607,675,2016-10-04 17:59:23,,1
0000001669,0000001608,532,2018-02-01 01:18:04,,1
0000001670,0000001609,532,2018-12-04 22:36:08,,1
0000001671,0000001610,532,2016-11-15 17:26:46,,1
0000001672,0000001611,532,2018-10-29 18:49:06,,1
0000001673,0000001612,577,2020-09-01 02:41:14,,1
0000001674,0000001613,299,2017-05-14 01:12:14,,1
0000001675,0000001614,299,2018-04-13 03:41:56,,1
0000001676,0000001615,926,2017-03-29 13:36:42,,1
0000001677,0000001616,926,2017-05-01 15:31:59,,1
0000001678,0000001617,332,2026-10-06 19:30:09,,1
0000001679,0000001618,787,2024-07-04 21:53:33,,1
0000001680,0000001619,91,2025-01-30 07:35:20,,1
0000001681,0000001620,93,2023-01-25 23:54:14,,1
0000001682,0000001621,93,2023-12-07 05:41:14,,1
0000001683,0000001622,93,2025-02-14 00:51:06,,1
0000001684,0000001623,93,2024-01-12 21:12:48,,1
0000001685,0000001624,93,2021-08-24 02:54:54,,1
0000001686,0000001625,93,2022-05-23 17:32:29,2022-05-25 21:13:32,0
0000001687,0000001625,128,2022-05-25 21:13:32,,1
0000001688,0000001626,650,2023-12-06 10:12:33,,1
0000001689,0000001627,890,2021-09-02 22:05:53,,1
0000001690,0000001628,317,2019-11-12 10:32:26,,1
0000001691,0000001629,317,2018-02-18 15:15:35,,1
0000001692,0000001630,470,2018-02-08 03:25:18,,1
0000001693,0000001631,470,2022-08-11 14:55:12,,1
0000001694,0000001632,470,2018-03-22 08:21:17,,1
0000001695,0000001633,470,2017-12-21 17:31:47,,1
0000001696,0000001634,470,2019-04-02 10:03:57,,1
0000001697,0000001635,470,2023-01-19 07:07:57,,1
0000001698,0000001636,470,2020-06-22 20:24:44,,1
0000001699,0000001637,470,2020-06-05 09:11:45,,1
0000001700,0000001638,420,2021-02-13 22:25:42,,1
0000001701,0000001639,170,2024-07-23 07:19:52,,1
0000001702,0000001640,453,2024-12-27 23:09:39,,1
0000001703,0000001641,846,2026-04-17 20:58:42,,1
0000001704,0000001642,644,2018-01-16 08:25:28,,1
0000001705,0000001643,943,2015-11-12 05:00:23,,1
0000001706,0000001644,90,2020-04-19 06:54:01,,1
0000001707,0000001645,90,2021-12-23 22:42:29,,1
0000001708,0000001646,292,2017-04-13 23:12:53,,1
0000001709,0000001647,292,2017-11-21 04:53:16,,1
0000001710,0000001648,292,2016-09-18 04:35:19,,1
0000001711,0000001649,292,2017-11-05 21:38:56,,1
0000001712,0000001650,292,2017-05-23 20:40:06,,1
0000001713,0000001651,378,2018-11-14 01:29:40,,1
0000001714,0000001652,271,2023-08-24 17:52:55,,1
0000001715,0000001653,378,2022-10-06 00:28:04,,1
0000001716,0000001654,483,2018-10-06 16:22:17,,1
0000001717,0000001655,483,2020-12-04 06:14:56,,1
0000001718,0000001656,483,2020-01-14 03:13:17,,1
0000001719,0000001657,424,2018-08-05 15:35:04,,1
0000001720,0000001658,424,2018-05-31 17:29:55,,1
0000001721,0000001659,424,2018-03-19 06:51:03,,1
0000001722,0000001660,424,2018-04-17 09:50:39,,1
0000001723,0000001661,424,2018-08-10 12:02:47,,1
0000001724,0000001662,424,2018-05-15 08:41:50,,1
0000001725,0000001663,424,2018-05-09 21:42:22,2018-05-10 23:04:00,0
0000001726,0000001663,89,2018-05-10 23:04:00,,1
0000001727,0000001664,142,2018-08-07 00:15:11,,1
0000001728,0000001665,424,2018-05-08 06:38:46,,1
0000001729,0000001666,424,2018-05-11 21:31:29,,1
0000001730,0000001667,424,2018-09-28 01:50:24,,1
0000001731,0000001668,424,2018-06-22 10:28:47,,1
0000001732,0000001669,630,2016-11-15 08:38:26,,1
0000001733,0000001670,630,2019-09-03 03:09:25,,1
0000001734,0000001671,199,2019-10-30 07:26:06,,1
0000001735,0000001672,199,2017-02-07 22:11:52,,1
0000001736,0000001673,121,2020-09-26 14:15:22,,1
0000001737,0000001674,121,2023-05-05 01:12:38,2023-05-11 04:37:58,0
0000001738,0000001674,971,2023-05-11 04:37:58,,1
0000001739,0000001675,656,2019-03-25 15:47:48,,1
0000001740,0000001676,316,2026-03-21 15:26:55,,1
0000001741,0000001677,316,2019-01-17 17:22:11,,1
0000001742,0000001678,553,2016-12-03 11:06:04,,1
0000001743,0000001679,689,2025-02-07 10:44:24,,1
0000001744,0000001680,689,2024-08-17 20:11:12,,1
0000001745,0000001681,918,2022-10-21 01:23:03,,1
0000001746,0000001682,474,2026-09-24 07:44:03,,1
0000001747,0000001683,918,2023-04-11 16:28:31,,1
0000001748,0000001684,918,2021-07-04 10:52:41,,1
0000001749,0000001685,918,2016-02-25 01:56:55,,1
0000001750,0000001686,918,2019-06-30 08:06:53,,1
0000001751,0000001687,474,2026-05-10 13:38:05,,1
0000001752,0000001688,918,2022-06-05 06:18:26,,1
0000001753,0000001689,20,2024-02-26 12:32:42,,1
0000001754,0000001690,180,2026-09-15 23:20:34,,1
0000001755,0000001691,385,2019-07-27 08:46:56,,1
0000001756,0000001692,610,2018-01-06 20:54:41,,1
0000001757,0000001693,610,2016-03-30 13:26:53,,1
0000001758,0000001694,610,2024-11-06 09:09:24,,1
0000001759,0000001695,424,2024-05-20 09:53:39,,1
0000001760,0000001696,974,2020-10-16 11:09:50,,1
0000001761,0000001697,310,2025-01-08 20:11:42,,1
0000001762,0000001698,974,2024-03-17 15:33:29,,1
0000001763,0000001699,494,2022-08-22 09:20:05,,1
0000001764,0000001700,310,2025-04-03 18:32:09,,1
0000001765,0000001701,431,2017-11-28 12:54:07,,1
0000001766,0000001702,797,2020-11-26 06:35:32,,1
0000001767,0000001703,797,2025-07-12 11:58:08,,1
0000001768,0000001704,797,2024-03-28 07:38:02,,1
0000001769,0000001705,797,2021-10-31 16:50:44,,1
0000001770,0000001706,797,2021-11-06 02:26:33,,1
0000001771,0000001707,797,2023-09-20 09:21:57,,1
0000001772,0000001708,797,2026-01-28 17:27:44,,1
0000001773,0000001709,797,2020-11-03 19:59:21,,1
0000001774,0000001710,797,2020-03-19 07:39:26,,1
0000001775,0000001711,797,2022-05-09 19:37:23,,1
0000001776,0000001712,797,2021-06-16 05:20:31,,1
0000001777,0000001713,513,2023-07-05 13:43:32,,1
0000001778,0000001714,513,2026-01-24 07:07:58,,1
0000001779,0000001715,291,2020-10-19 20:52:16,2020-10-22 16:56:57,0
0000001780,0000001715,53,2020-10-22 16:56:57,,1
0000001781,0000001716,479,2015-07-30 20:30:13,,1
0000001782,0000001717,911,2019-04-15 10:06:24,,1
0000001783,0000001718,911,2018-06-05 23:16:40,,1
0000001784,0000001719,911,2026-04-29 07:31:53,,1
0000001785,0000001720,911,2021-10-15 22:23:39,,1
0000001786,0000001721,592,2026-05-06 18:30:05,,1
0000001787,0000001722,198,2017-03-10 13:06:31,,1
0000001788,0000001723,198,2019-10-31 02:33:07,,1
0000001789,0000001724,280,2020-09-20 13:21:16,,1
0000001790,0000001725,688,2018-04-12 03:28:58,,1
0000001791,0000001726,503,2024-06-20 02:03:52,,1
0000001792,0000001727,556,2020-06-18 11:13:48,,1
0000001793,0000001728,899,2023-04-15 04:36:30,,1
0000001794,0000001729,26,2022-07-17 21:49:24,,1
0000001795,0000001730,73,2025-12-30 00:23:20,,1
0000001796,0000001731,73,2023-07-28 15:36:58,,1
0000001797,0000001732,73,2024-05-24 00:55:18,,1
0000001798,0000001733,73,2026-03-11 00:01:03,,1
0000001799,0000001734,73,2026-06-25 01:43:43,,1
0000001800,0000001735,73,2026-07-08 14:00:20,,1
0000001801,0000001736,73,2020-12-23 15:25:16,,1
0000001802,0000001737,73,2023-10-26 13:15:42,,1
0000001803,0000001738,73,2025-04-27 19:23:24,,1
0000001804,0000001739,73,2023-09-01 21:13:07,,1
0000001805,0000001740,203,2017-12-06 03:51:34,,1
0000001806,0000001741,203,2018-01-17 10:11:39,,1
0000001807,0000001742,238,2015-06-02 08:26:30,,1
0000001808,0000001743,238,2016-05-03 02:30:30,,1
0000001809,0000001744,230,2026-01-06 17:28:20,,1
0000001810,0000001745,971,2022-09-29 23:51:04,,1
0000001811,0000001746,971,2021-07-25 16:05:49,,1
0000001812,0000001747,808,2022-01-04 10:59:06,,1
0000001813,0000001748,473,2022-01-27 18:37:54,,1
0000001814,0000001749,424,2026-03-05 08:55:43,,1
0000001815,0000001750,605,2018-08-07 20:25:45,,1
0000001816,0000001751,605,2018-12-18 22:57:26,,1
0000001817,0000001752,581,2018-01-02 08:36:35,,1
0000001818,0000001753,434,2017-11-27 11:33:31,,1
0000001819,0000001754,581,2014-12-21 21:01:32,,1
0000001820,0000001755,581,2018-04-25 22:24:20,,1
0000001821,0000001756,588,2016-04-12 03:41:03,,1
0000001822,0000001757,607,2025-02-14 13:51:28,,1
0000001823,0000001758,201,2022-12-19 23:43:39,,1
0000001824,0000001759,997,2022-06-29 06:07:26,,1
0000001825,0000001760,400,2024-12-07 01:31:51,,1
0000001826,0000001761,299,2019-11-20 03:57:51,,1
0000001827,0000001762,398,2021-12-11 07:16:18,,1
0000001828,0000001763,814,2019-07-20 22:52:30,,1
0000001829,0000001764,873,2019-12-17 07:07:07,,1
0000001830,0000001765,721,2024-03-05 08:30:35,2024-03-06 06:58:31,0
0000001831,0000001765,155,2024-03-06 06:58:31,,1
0000001832,0000001766,721,2023-07-13 02:19:10,,1
0000001833,0000001767,326,2017-12-01 17:05:16,,1
0000001834,0000001768,53,2019-08-02 06:35:55,,1
0000001835,0000001769,326,2019-04-26 14:42:29,,1
0000001836,0000001770,326,2019-04-03 12:54:57,,1
0000001837,0000001771,729,2022-06-23 03:33:46,,1
0000001838,0000001772,416,2025-11-10 04:51:14,,1
0000001839,0000001773,729,2023-03-28 12:59:30,,1
0000001840,0000001774,326,2019-12-21 11:10:42,,1
0000001841,0000001775,193,2016-10-07 01:06:39,,1
0000001842,0000001776,193,2021-08-24 11:57:20,,1
0000001843,0000001777,193,2020-07-02 07:37:34,2020-07-05 01:11:38,0
0000001844,0000001777,442,2020-07-05 01:11:38,,1
0000001845,0000001778,148,2025-08-04 00:48:34,,1
0000001846,0000001779,17,2018-11-25 18:57:47,,1
0000001847,0000001780,148,2025-11-28 18:19:15,,1
0000001848,0000001781,916,2019-10-30 03:23:22,,1
0000001849,0000001782,916,2019-06-28 05:38:30,,1
0000001850,0000001783,916,2019-11-09 23:59:38,,1
0000001851,0000001784,916,2019-07-02 01:16:12,,1
0000001852,0000001785,916,2018-02-16 19:14:50,,1
0000001853,0000001786,595,2026-01-22 12:01:42,,1
0000001854,0000001787,116,2019-01-03 14:55:21,,1
0000001855,0000001788,530,2019-09-08 02:01:38,,1
0000001856,0000001789,81,2024-11-12 06:03:35,,1
0000001857,0000001790,553,2023-07-05 06:15:47,,1
0000001858,0000001791,752,2024-11-01 00:22:56,2024-11-03 09:06:03,0
0000001859,0000001791,881,2024-11-03 09:06:03,,1
0000001860,0000001792,752,2017-02-04 18:33:14,,1
0000001861,0000001793,752,2017-06-06 17:57:21,,1
0000001862,0000001794,259,2020-11-20 16:14:32,,1
0000001863,0000001795,369,2018-12-05 10:50:08,,1
0000001864,0000001796,259,2025-02-12 16:01:53,,1
0000001865,0000001797,259,2018-01-30 01:11:14,,1
0000001866,0000001798,259,2026-05-29 18:43:41,,1
0000001867,0000001799,15,2019-01-17 10:28:32,,1
0000001868,0000001800,991,2019-05-30 01:46:16,,1
0000001869,0000001801,991,2022-09-01 22:24:33,,1
0000001870,0000001802,991,2020-03-23 02:25:08,,1
0000001871,0000001803,399,2023-01-13 14:29:51,,1
0000001872,0000001804,991,2025-06-06 08:50:57,,1
0000001873,0000001805,488,2016-11-08 09:50:55,,1
0000001874,0000001806,488,2018-08-14 10:42:42,,1
0000001875,0000001807,600,2018-02-07 11:11:22,,1
0000001876,0000001808,626,2023-12-01 13:47:16,,1
0000001877,0000001809,626,2018-06-28 14:33:29,,1
0000001878,0000001810,262,2019-10-24 08:31:12,,1
0000001879,0000001811,396,2021-11-17 05:01:38,,1
0000001880,0000001812,346,2016-02-19 09:03:06,,1
0000001881,0000001813,7,2024-11-28 07:55:04,,1
0000001882,0000001814,346,2016-06-11 03:53:24,,1
0000001883,0000001815,360,2019-12-26 04:08:45,,1
0000001884,0000001816,962,2020-04-19 02:36:33,,1
0000001885,0000001817,783,2023-06-29 16:33:09,,1
0000001886,0000001818,341,2025-04-14 23:11:36,,1
0000001887,0000001819,341,2025-04-10 01:11:21,,1
0000001888,0000001820,341,2025-03-02 10:17:34,2025-03-04 19:23:28,0
0000001889,0000001820,931,2025-03-04 19:23:28,,1
0000001890,0000001821,341,2021-09-08 20:56:41,,1
0000001891,0000001822,341,2019-05-28 07:59:07,,1
0000001892,0000001823,504,2019-05-30 13:36:50,,1
0000001893,0000001824,504,2019-12-22 19:50:12,,1
0000001894,0000001825,504,2018-11-13 06:40:14,,1
0000001895,0000001826,504,2018-07-13 22:39:22,,1
0000001896,0000001827,504,2025-01-20 19:37:49,,1
0000001897,0000001828,112,2025-07-06 22:14:54,,1
0000001898,0000001829,504,2021-05-27 14:20:39,,1
0000001899,0000001830,504,2019-03-04 11:54:52,,1
0000001900,0000001831,112,2025-02-01 17:22:38,,1
0000001901,0000001832,504,2019-11-12 00:56:35,2019-11-13 20:23:34,0
0000001902,0000001832,450,2019-11-13 20:23:34,,1
0000001903,0000001833,717,2022-10-14 14:47:31,,1
0000001904,0000001834,717,2021-10-25 02:56:34,,1
0000001905,0000001835,717,2023-04-24 19:08:06,,1
0000001906,0000001836,717,2021-08-26 01:01:02,,1
0000001907,0000001837,724,2020-09-25 15:38:21,,1
0000001908,0000001838,717,2016-02-01 23:51:44,,1
0000001909,0000001839,717,2020-04-05 19:45:22,,1
0000001910,0000001840,717,2021-06-06 08:05:07,,1
0000001911,0000001841,865,2024-03-12 19:27:27,,1
0000001912,0000001842,978,2016-10-19 05:31:13,,1
0000001913,0000001843,978,2016-08-16 23:57:39,,1
0000001914,0000001844,648,2024-08-02 20:55:00,2024-08-05 13:13:36,0
0000001915,0000001844,330,2024-08-05 13:13:36,,1
0000001916,0000001845,648,2017-10-19 06:00:06,,1
0000001917,0000001846,75,2018-07-30 21:10:21,2018-08-03 01:16:36,0
0000001918,0000001846,814,2018-08-03 01:16:36,,1
0000001919,0000001847,677,2017-12-25 04:52:23,,1
0000001920,0000001848,144,2019-12-26 10:19:14,,1
0000001921,0000001849,144,2020-06-06 19:57:21,,1
0000001922,0000001850,144,2023-01-19 13:31:27,,1
0000001923,0000001851,399,2019-01-26 07:26:50,,1
0000001924,0000001852,399,2021-02-19 22:32:57,,1
0000001925,0000001853,812,2025-10-29 02:59:24,,1
0000001926,0000001854,65,2025-05-13 21:15:18,2025-05-15 04:19:40,0
0000001927,0000001854,908,2025-05-15 04:19:40,,1
0000001928,0000001855,399,2017-09-20 07:24:41,,1
0000001929,0000001856,416,2023-07-29 06:40:05,,1
0000001930,0000001857,416,2023-06-11 02:57:19,,1
0000001931,0000001858,416,2019-06-15 19:28:39,,1
0000001932,0000001859,416,2022-06-16 23:59:03,,1
0000001933,0000001860,416,2025-01-29 18:28:02,,1
0000001934,0000001861,175,2024-03-31 13:57:53,,1
0000001935,0000001862,124,2017-07-05 17:43:39,,1
0000001936,0000001863,124,2021-06-18 19:59:21,,1
0000001937,0000001864,230,2017-06-06 22:15:02,,1
0000001938,0000001865,145,2017-02-09 19:05:09,,1
0000001939,0000001866,145,2018-07-26 22:35:28,,1
0000001940,0000001867,145,2018-04-07 12:15:41,,1
0000001941,0000001868,145,2018-08-20 05:28:52,,1
0000001942,0000001869,103,2016-09-03 16:04:24,2016-09-05 23:04:48,0
0000001943,0000001869,715,2016-09-05 23:04:48,,1
0000001944,0000001870,103,2023-03-07 07:42:46,,1
0000001945,0000001871,103,2025-12-17 16:21:30,,1
0000001946,0000001872,711,2018-10-13 06:00:34,,1
0000001947,0000001873,961,2023-05-20 14:07:48,,1
0000001948,0000001874,245,2015-12-30 05:56:38,,1
0000001949,0000001875,386,2016-03-04 01:34:44,,1
0000001950,0000001876,676,2023-03-24 23:31:00,,1
0000001951,0000001877,486,2026-09-28 14:01:04,,1
0000001952,0000001878,486,2026-03-06 12:25:19,,1
0000001953,0000001879,107,2024-04-12 10:08:32,,1
0000001954,0000001880,107,2025-04-29 14:02:54,,1
0000001955,0000001881,497,2016-02-18 17:58:57,,1
0000001956,0000001882,497,2017-04-13 17:05:21,,1
0000001957,0000001883,497,2016-10-29 12:13:59,,1
0000001958,0000001884,497,2016-07-11 07:34:02,,1
0000001959,0000001885,497,2017-04-08 02:51:25,,1
0000001960,0000001886,798,2018-09-08 19:56:43,,1
0000001961,0000001887,798,2023-11-10 18:38:03,,1
0000001962,0000001888,177,2020-12-27 20:31:18,,1
0000001963,0000001889,756,2025-10-22 14:11:30,,1
0000001964,0000001890,772,2019-08-31 02:21:26,,1
0000001965,0000001891,600,2026-01-13 11:13:47,,1
0000001966,0000001892,600,2021-11-01 07:25:56,,1
0000001967,0000001893,600,2023-10-20 04:41:44,,1
0000001968,0000001894,397,2018-05-14 05:18:10,,1
0000001969,0000001895,34,2018-08-17 03:30:53,,1
0000001970,0000001896,344,2018-05-24 07:26:00,2018-05-25 19:52:09,0
0000001971,0000001896,237,2018-05-25 19:52:09,,1
0000001972,0000001897,344,2021-05-30 05:29:54,,1
0000001973,0000001898,344,2022-11-30 20:15:37,,1
0000001974,0000001899,233,2022-10-29 13:32:04,,1
0000001975,0000001900,344,2022-12-29 12:32:36,,1
0000001976,0000001901,4,2026-08-15 21:40:07,,1
0000001977,0000001902,344,2018-09-02 09:34:31,,1
0000001978,0000001903,344,2025-12-14 16:21:46,,1
0000001979,0000001904,779,2019-06-22 17:55:35,,1
0000001980,0000001905,779,2020-12-30 17:44:30,,1
0000001981,0000001906,913,2025-11-10 14:21:44,,1
0000001982,0000001907,779,2017-07-18 03:08:29,,1
0000001983,0000001908,779,2018-07-28 01:55:46,2018-07-29 06:38:06,0
0000001984,0000001908,107,2018-07-29 06:38:06,,1
0000001985,0000001909,779,2024-09-17 16:56:04,,1
0000001986,0000001910,779,2022-04-29 07:46:54,,1
0000001987,0000001911,779,2021-08-29 15:24:40,,1
0000001988,0000001912,579,2019-01-08 12:00:26,,1
0000001989,0000001913,876,2022-01-06 00:41:09,,1
0000001990,0000001914,994,2017-04-07 13:40:05,2017-04-10 17:04:11,0
0000001991,0000001914,690,2017-04-10 17:04:11,,1
0000001992,0000001915,876,2022-08-20 13:45:37,,1
0000001993,0000001916,994,2016-08-23 15:34:56,,1
0000001994,0000001917,894,2021-03-16 10:41:52,,1
0000001995,0000001918,394,2025-09-04 22:48:24,,1
0000001996,0000001919,544,2018-04-26 21:24:15,,1
0000001997,0000001920,572,2026-06-15 10:32:02,,1
0000001998,0000001921,368,2015-05-10 18:36:49,,1
0000001999,0000001922,368,2020-11-09 13:00:44,2020-11-12 10:13:10,0
0000002000,0000001922,702,2020-11-12 10:13:10,,1
0000002001,0000001923,476,2026-08-28 02:01:54,,1
0000002002,0000001924,642,2025-08-08 11:17:59,,1
0000002003,0000001925,642,2025-08-03 03:35:33,,1
0000002004,0000001926,83,2021-06-14 08:54:22,,1
0000002005,0000001927,662,2025-05-07 00:39:11,2025-05-11 16:22:36,0
0000002006,0000001927,888,2025-05-11 16:22:36,,1
0000002007,0000001928,210,2023-12-13 14:32:33,,1
0000002008,0000001929,893,2021-04-23 07:52:42,,1
0000002009,0000001930,200,2018-08-07 07:32:27,,1
0000002010,0000001931,727,2017-11-13 11:00:50,,1
0000002011,0000001932,545,2026-06-26 15:33:49,,1
0000002012,0000001933,727,2017-11-15 20:19:59,,1
0000002013,0000001934,969,2022-07-13 11:22:49,,1
0000002014,0000001935,339,2024-02-19 00:06:23,,1
0000002015,0000001936,71,2021-10-06 01:18:38,,1
0000002016,0000001937,714,2018-06-09 17:11:02,,1
0000002017,0000001938,714,2020-02-20 20:08:41,,1
0000002018,0000001939,714,2024-10-22 11:44:52,,1
0000002019,0000001940,714,2020-11-08 02:10:38,,1
0000002020,0000001941,714,2025-10-17 21:27:33,,1
0000002021,0000001942,714,2022-01-21 12:02:10,,1
0000002022,0000001943,714,2024-02-10 22:01:55,,1
0000002023,0000001944,975,2017-11-24 15:06:28,,1
0000002024,0000001945,975,2018-11-23 23:45:52,,1
0000002025,0000001946,855,2024-03-17 10:50:45,,1
0000002026,0000001947,980,2019-04-25 12:07:30,,1
0000002027,0000001948,171,2019-10-11 05:07:40,,1
0000002028,0000001949,244,2020-05-02 00:29:06,,1
0000002029,0000001950,244,2021-06-20 12:32:02,,1
0000002030,0000001951,684,2021-08-29 13:24:59,,1
0000002031,0000001952,267,2019-04-23 03:34:41,,1
0000002032,0000001953,189,2022-02-02 19:41:16,,1
0000002033,0000001954,149,2024-12-21 21:12:29,,1
0000002034,0000001955,971,2025-02-19 03:34:46,,1
0000002035,0000001956,723,2019-02-04 08:44:29,,1
0000002036,0000001957,26,2025-12-28 16:11:18,,1
0000002037,0000001958,26,2020-07-03 21:31:50,,1
0000002038,0000001959,26,2021-02-07 17:55:14,,1
0000002039,0000001960,623,2023-12-25 00:00:13,,1
0000002040,0000001961,57,2019-01-10 14:22:53,,1
0000002041,0000001962,201,2024-04-15 02:50:25,,1
0000002042,0000001963,201,2026-03-27 08:58:49,,1
0000002043,0000001964,443,2019-08-07 00:48:55,,1
0000002044,0000001965,688,2020-05-31 06:26:41,2020-06-01 08:32:02,0
0000002045,0000001965,621,2020-06-01 08:32:02,,1
0000002046,0000001966,734,2017-03-22 10:01:04,,1
0000002047,0000001967,734,2020-01-13 09:37:44,,1
0000002048,0000001968,457,2026-01-20 02:36:20,,1
0000002049,0000001969,457,2025-11-02 23:28:51,,1
0000002050,0000001970,475,2023-02-07 04:49:14,,1
0000002051,0000001971,615,2021-04-18 13:54:36,,1
0000002052,0000001972,855,2023-02-16 08:31:37,,1
0000002053,0000001973,855,2023-11-04 20:43:43,,1
0000002054,0000001974,493,2016-03-20 12:25:06,,1
0000002055,0000001975,167,2022-12-20 22:32:51,,1
0000002056,0000001976,167,2023-03-06 15:27:23,,1
0000002057,0000001977,167,2016-12-19 04:37:17,,1
0000002058,0000001978,934,2017-12-28 18:53:35,,1
0000002059,0000001979,934,2017-07-21 16:27:09,,1
0000002060,0000001980,934,2017-11-26 20:13:59,2017-11-30 20:01:26,0
0000002061,0000001980,957,2017-11-30 20:01:26,,1
0000002062,0000001981,934,2017-06-15 11:37:53,,1
0000002063,0000001982,934,2017-09-18 09:55:51,,1
0000002064,0000001983,934,2017-07-27 12:54:58,,1
0000002065,0000001984,934,2017-08-27 22:57:38,,1
0000002066,0000001985,934,2017-07-24 15:01:05,,1
0000002067,0000001986,629,2026-04-19 09:18:19,,1
0000002068,0000001987,331,2021-07-03 11:02:22,,1
0000002069,0000001988,331,2025-01-12 07:44:32,,1
0000002070,0000001989,331,2024-01-29 07:29:35,,1
0000002071,0000001990,331,2020-03-07 01:48:45,,1
0000002072,0000001991,331,2020-12-05 16:55:52,2020-12-06 13:36:44,0
0000002073,0000001991,124,2020-12-06 13:36:44,,1
0000002074,0000001992,331,2024-11-19 08:54:47,,1
0000002075,0000001993,331,2020-02-29 19:55:08,,1
0000002076,0000001994,594,2016-03-18 17:23:47,,1
0000002077,0000001995,844,2020-04-02 09:08:26,,1
0000002078,0000001996,844,2023-09-18 14:03:15,,1
0000002079,0000001997,422,2015-12-06 06:10:33,,1
0000002080,0000001998,422,2023-06-26 21:35:00,,1
0000002081,0000001999,905,2018-01-05 21:38:09,,1
0000002082,0000002000,708,2019-04-01 23:16:15,,1
0000002083,0000002001,228,2020-03-31 19:42:57,,1
0000002084,0000002002,228,2023-07-15 14:32:21,2023-07-17 23:06:11,0
0000002085,0000002002,84,2023-07-17 23:06:11,,1
0000002086,0000002003,332,2018-11-15 10:50:42,,1
0000002087,0000002004,80,2026-02-04 07:44:00,,1
0000002088,0000002005,80,2025-01-31 03:36:12,,1
0000002089,0000002006,80,2023-03-16 17:35:55,,1
0000002090,0000002007,80,2025-10-02 15:51:59,,1
0000002091,0000002008,80,2024-02-27 04:07:21,,1
0000002092,0000002009,111,2023-11-12 20:36:36,,1
0000002093,0000002010,111,2024-11-02 14:03:27,,1
0000002094,0000002011,972,2020-12-10 06:04:38,,1
0000002095,0000002012,972,2021-05-03 00:53:23,,1
0000002096,0000002013,840,2016-02-08 21:57:24,,1
0000002097,0000002014,840,2019-11-24 13:47:04,,1
0000002098,0000002015,840,2018-11-02 12:11:27,,1
0000002099,0000002016,402,2023-12-27 12:49:53,,1
0000002100,0000002017,840,2016-08-06 20:39:14,,1
0000002101,0000002018,840,2016-11-10 14:26:36,,1
0000002102,0000002019,840,2021-06-18 00:58:47,,1
0000002103,0000002020,840,2024-12-02 21:40:50,,1
0000002104,0000002021,840,2015-12-28 09:02:08,,1
0000002105,0000002022,840,2017-11-09 16:36:16,,1
0000002106,0000002023,840,2020-01-28 06:46:54,,1
0000002107,0000002024,840,2019-06-16 16:05:55,,1
0000002108,0000002025,947,2026-10-06 23:24:13,,1
0000002109,0000002026,947,2025-01-17 03:45:27,,1
0000002110,0000002027,947,2021-06-19 08:20:57,2021-06-22 02:26:35,0
0000002111,0000002027,222,2021-06-22 02:26:35,,1
0000002112,0000002028,690,2022-01-06 12:12:56,,1
0000002113,0000002029,690,2020-12-02 04:14:50,,1
0000002114,0000002030,190,2016-08-19 03:46:27,,1
0000002115,0000002031,319,2017-01-30 20:51:20,,1
0000002116,0000002032,780,2016-01-14 08:52:31,,1
0000002117,0000002033,56,2025-05-22 17:17:19,,1
0000002118,0000002034,605,2020-03-14 17:28:03,,1
0000002119,0000002035,610,2025-08-12 07:11:42,2025-08-12 09:21:18,0
0000002120,0000002035,225,2025-08-12 09:21:18,,1
0000002121,0000002036,270,2021-05-17 04:28:10,,1
0000002122,0000002037,257,2019-02-15 21:16:43,,1
0000002123,0000002038,992,2019-09-20 06:07:26,,1
0000002124,0000002039,257,2022-08-07 20:51:39,,1
0000002125,0000002040,257,2022-04-20 16:29:21,,1
0000002126,0000002041,257,2019-03-11 09:22:23,,1
0000002127,0000002042,677,2023-09-02 13:15:38,,1
0000002128,0000002043,677,2018-12-26 00:08:27,,1
0000002129,0000002044,881,2026-02-01 20:46:08,,1
0000002130,0000002045,881,2025-09-23 01:46:25,,1
0000002131,0000002046,461,2021-08-04 11:27:58,,1
0000002132,0000002047,461,2020-04-07 09:35:17,,1
0000002133,0000002048,461,2018-12-11 04:19:22,,1
0000002134,0000002049,323,2025-04-06 05:24:04,,1
0000002135,0000002050,323,2024-10-14 09:02:41,,1
0000002136,0000002051,461,2021-05-19 14:25:24,,1
0000002137,0000002052,461,2020-11-05 05:55:14,,1
0000002138,0000002053,461,2021-06-22 03:34:49,,1
0000002139,0000002054,323,2024-03-19 17:56:42,,1
0000002140,0000002055,323,2023-02-24 20:58:10,,1
0000002141,0000002056,461,2020-07-08 00:59:17,,1
0000002142,0000002057,323,2026-09-04 18:31:34,,1
0000002143,0000002058,442,2015-12-02 18:16:14,,1
0000002144,0000002059,576,2017-01-08 15:55:35,,1
0000002145,0000002060,576,2019-05-31 01:18:35,,1
0000002146,0000002061,947,2016-09-28 23:48:01,,1
0000002147,0000002062,350,2016-10-20 01:13:01,,1
0000002148,0000002063,350,2017-02-19 20:38:59,,1
0000002149,0000002064,350,2016-11-25 04:57:59,,1
0000002150,0000002065,350,2016-11-24 17:00:16,,1
0000002151,0000002066,87,2017-08-30 04:46:51,2017-09-02 01:38:43,0
0000002152,0000002066,983,2017-09-02 01:38:43,,1
0000002153,0000002067,68,2026-06-18 13:41:59,,1
0000002154,0000002068,933,2021-10-20 16:41:53,,1
0000002155,0000002069,141,2021-07-31 01:09:37,,1
0000002156,0000002070,587,2017-07-01 06:21:38,,1
0000002157,0000002071,587,2017-11-19 23:38:24,,1
0000002158,0000002072,630,2017-12-04 11:17:50,,1
0000002159,0000002073,630,2025-04-03 09:49:06,,1
0000002160,0000002074,651,2024-09-06 07:04:24,,1
0000002161,0000002075,14,2019-11-10 23:51:56,,1
0000002162,0000002076,651,2016-12-06 09:08:27,,1
0000002163,0000002077,640,2026-07-25 12:53:58,,1
0000002164,0000002078,355,2017-07-25 17:14:39,,1
0000002165,0000002079,640,2024-02-07 14:47:24,,1
0000002166,0000002080,69,2023-05-19 17:35:18,,1
0000002167,0000002081,69,2020-06-25 07:06:04,,1
0000002168,0000002082,321,2021-07-09 06:54:40,,1
0000002169,0000002083,512,2023-04-29 16:05:37,,1
0000002170,0000002084,512,2019-01-25 07:00:54,,1
0000002171,0000002085,512,2020-07-25 03:01:10,,1
0000002172,0000002086,152,2021-03-29 20:38:45,,1
0000002173,0000002087,650,2024-03-09 11:11:47,,1
0000002174,0000002088,650,2020-05-15 12:12:09,,1
0000002175,0000002089,817,2022-06-10 17:26:06,,1
0000002176,0000002090,817,2024-11-10 10:07:58,,1
0000002177,0000002091,817,2025-11-21 01:52:11,,1
0000002178,0000002092,928,2021-08-25 23:43:22,,1
0000002179,0000002093,928,2020-04-27 17:35:53,,1
0000002180,0000002094,928,2020-04-02 12:28:22,,1
0000002181,0000002095,265,2023-10-24 11:39:47,,1
0000002182,0000002096,265,2024-10-24 05:17:47,2024-10-24 09:44:55,0
0000002183,0000002096,883,2024-10-24 09:44:55,,1
0000002184,0000002097,265,2024-07-22 00:21:05,2024-07-23 01:10:40,0
0000002185,0000002097,14,2024-07-23 01:10:40,,1
0000002186,0000002098,265,2019-02-28 20:50:40,,1
0000002187,0000002099,265,2024-07-09 16:50:45,,1
0000002188,0000002100,873,2017-09-30 02:40:40,,1
0000002189,0000002101,923,2020-07-11 04:38:16,,1
0000002190,0000002102,585,2017-08-06 14:54:46,,1
0000002191,0000002103,585,2017-03-20 09:41:48,,1
0000002192,0000002104,585,2017-03-01 04:50:46,,1
0000002193,0000002105,792,2025-02-25 21:41:41,,1
0000002194,0000002106,792,2021-01-03 02:40:00,,1
0000002195,0000002107,455,2021-01-03 10:24:13,,1
0000002196,0000002108,126,2017-02-11 14:37:34,,1
0000002197,0000002109,792,2025-03-28 09:08:17,,1
0000002198,0000002110,244,2018-10-02 17:54:37,,1
0000002199,0000002111,126,2017-10-18 18:13:10,,1
0000002200,0000002112,792,2020-10-04 05:34:51,,1
0000002201,0000002113,180,2023-03-06 06:20:07,,1
0000002202,0000002114,180,2024-11-14 23:48:18,,1
0000002203,0000002115,180,2016-08-08 04:45:11,,1
0000002204,0000002116,476,2022-10-21 22:46:19,,1
0000002205,0000002117,180,2019-05-13 08:45:19,,1
0000002206,0000002118,884,2023-09-01 22:02:18,,1
0000002207,0000002119,884,2025-03-07 23:05:52,,1
0000002208,0000002120,884,2017-09-20 05:39:48,,1
0000002209,0000002121,884,2017-09-17 19:50:15,,1
0000002210,0000002122,884,2023-09-01 02:17:18,,1
0000002211,0000002123,733,2017-10-08 04:22:37,,1
0000002212,0000002124,842,2021-04-09 09:43:14,,1
0000002213,0000002125,733,2018-09-15 04:14:37,,1
0000002214,0000002126,394,2018-11-05 05:01:39,,1
0000002215,0000002127,655,2025-03-02 23:28:33,,1
0000002216,0000002128,394,2017-12-13 06:21:58,,1
0000002217,0000002129,847,2020-05-20 00:04:59,,1
0000002218,0000002130,417,2019-05-01 11:59:55,,1
0000002219,0000002131,417,2018-03-11 04:54:49,,1
0000002220,0000002132,417,2016-11-20 02:54:22,,1
0000002221,0000002133,417,2018-12-15 16:39:07,,1
0000002222,0000002134,417,2017-01-09 23:03:48,,1
0000002223,0000002135,417,2018-07-08 03:07:30,,1
0000002224,0000002136,437,2020-07-20 19:43:32,,1
0000002225,0000002137,811,2020-10-27 15:10:21,,1
0000002226,0000002138,811,2018-11-27 07:34:23,,1
0000002227,0000002139,204,2026-02-04 23:54:26,,1
0000002228,0000002140,898,2016-07-20 08:51:31,,1
0000002229,0000002141,898,2017-06-30 02:41:46,,1
0000002230,0000002142,898,2018-09-19 03:05:20,,1
0000002231,0000002143,719,2019-03-25 04:05:21,,1
0000002232,0000002144,719,2019-02-19 16:32:40,,1
0000002233,0000002145,636,2022-06-02 15:23:37,,1
0000002234,0000002146,709,2018-10-04 08:10:40,,1
0000002235,0000002147,134,2022-12-18 02:45:51,,1
0000002236,0000002148,419,2020-02-03 22:14:19,,1
0000002237,0000002149,419,2020-03-08 20:18:29,,1
0000002238,0000002150,633,2021-05-16 13:59:35,2021-05-20 01:13:47,0
0000002239,0000002150,972,2021-05-20 01:13:47,,1
0000002240,0000002151,633,2019-10-18 18:42:34,,1
0000002241,0000002152,633,2018-12-01 05:07:00,2018-12-01 06:50:57,0
0000002242,0000002152,826,2018-12-01 06:50:57,,1
0000002243,0000002153,893,2020-12-28 02:48:30,,1
0000002244,0000002154,893,2020-07-06 11:59:39,,1
0000002245,0000002155,893,2018-10-21 03:08:04,,1
0000002246,0000002156,893,2024-11-23 14:56:33,,1
0000002247,0000002157,893,2025-01-04 16:09:48,,1
0000002248,0000002158,98,2019-06-11 21:20:38,,1
0000002249,0000002159,571,2025-05-14 16:15:37,,1
0000002250,0000002160,809,2021-06-20 23:24:49,,1
0000002251,0000002161,260,2016-09-25 08:47:27,,1
0000002252,0000002162,260,2017-08-08 02:19:18,,1
0000002253,0000002163,260,2022-03-18 23:53:22,,1
0000002254,0000002164,260,2023-08-08 06:02:47,,1
0000002255,0000002165,131,2026-09-28 12:10:00,,1
0000002256,0000002166,509,2023-01-23 11:19:16,,1
0000002257,0000002167,131,2025-12-28 16:19:07,,1
0000002258,0000002168,915,2015-12-29 05:58:16,,1
0000002259,0000002169,915,2015-05-07 17:17:57,,1
0000002260,0000002170,233,2015-11-02 02:07:39,,1
0000002261,0000002171,236,2026-08-03 08:43:57,,1
0000002262,0000002172,236,2020-10-26 17:26:03,,1
0000002263,0000002173,723,2022-10-07 04:07:32,,1
0000002264,0000002174,723,2021-08-11 05:48:20,,1
0000002265,0000002175,548,2021-10-10 19:44:21,,1
0000002266,0000002176,505,2015-05-02 07:15:51,,1
0000002267,0000002177,843,2018-10-08 09:27:53,,1
0000002268,0000002178,79,2021-03-17 16:07:37,,1
0000002269,0000002179,952,2025-03-01 10:17:10,2025-03-02 13:28:54,0
0000002270,0000002179,956,2025-03-02 13:28:54,,1
0000002271,0000002180,952,2022-11-14 21:38:26,,1
0000002272,0000002181,644,2018-07-14 18:39:47,,1
0000002273,0000002182,644,2018-06-12 23:36:20,,1
0000002274,0000002183,884,2024-02-20 05:35:52,,1
0000002275,0000002184,218,2019-02-23 17:49:26,,1
0000002276,0000002185,884,2019-05-10 14:46:47,,1
0000002277,0000002186,762,2019-10-08 11:03:52,,1
0000002278,0000002187,762,2016-05-01 00:19:43,,1
0000002279,0000002188,762,2019-07-15 21:20:24,,1
0000002280,0000002189,451,2017-04-12 12:54:00,,1
0000002281,0000002190,570,2017-06-03 07:31:50,,1
0000002282,0000002191,263,2019-10-23 10:55:25,,1
0000002283,0000002192,663,2019-05-29 19:31:58,,1
0000002284,0000002193,457,2020-10-27 06:47:46,,1
0000002285,0000002194,457,2017-05-31 21:50:51,,1
0000002286,0000002195,457,2018-12-18 11:06:06,,1
0000002287,0000002196,457,2021-05-21 04:21:01,,1
0000002288,0000002197,907,2022-07-13 22:38:45,,1
0000002289,0000002198,907,2023-06-01 03:55:38,,1
0000002290,0000002199,907,2022-09-02 16:41:38,,1
0000002291,0000002200,457,2018-01-06 02:09:28,,1
0000002292,0000002201,929,2017-11-06 00:08:57,,1
0000002293,0000002202,929,2018-09-02 18:24:37,,1
0000002294,0000002203,929,2018-01-13 02:29:40,,1
0000002295,0000002204,258,2021-01-03 09:31:07,,1
0000002296,0000002205,587,2019-06-15 17:12:19,,1
0000002297,0000002206,929,2017-02-24 17:09:49,,1
0000002298,0000002207,929,2017-05-25 03:35:18,,1
0000002299,0000002208,232,2019-11-19 09:26:45,,1
0000002300,0000002209,583,2018-12-11 05:01:48,,1
0000002301,0000002210,583,2026-07-29 08:04:24,,1
0000002302,0000002211,583,2026-02-20 16:54:21,,1
0000002303,0000002212,759,2019-09-27 21:35:12,,1
0000002304,0000002213,867,2025-01-15 08:25:52,,1
0000002305,0000002214,466,2023-06-14 15:31:31,,1
0000002306,0000002215,466,2024-12-11 11:28:35,,1
0000002307,0000002216,597,2019-08-25 01:04:33,,1
0000002308,0000002217,742,2021-05-24 06:03:21,,1
0000002309,0000002218,466,2022-05-30 12:43:03,,1
0000002310,0000002219,893,2022-07-11 14:28:45,,1
0000002311,0000002220,266,2017-08-17 12:32:27,,1
0000002312,0000002221,893,2022-09-04 05:43:18,,1
0000002313,0000002222,672,2020-03-06 17:55:28,,1
0000002314,0000002223,672,2016-12-14 18:50:11,2016-12-16 23:49:46,0
0000002315,0000002223,927,2016-12-16 23:49:46,,1
0000002316,0000002224,672,2021-01-05 03:05:52,,1
0000002317,0000002225,672,2026-07-01 19:44:46,,1
0000002318,0000002226,672,2020-09-01 16:55:03,,1
0000002319,0000002227,129,2026-02-28 09:37:15,,1
0000002320,0000002228,129,2016-01-25 09:09:10,,1
0000002321,0000002229,713,2024-09-02 23:07:51,,1
0000002322,0000002230,149,2022-01-03 03:19:32,,1
0000002323,0000002231,149,2020-12-20 01:06:32,,1
0000002324,0000002232,593,2019-01-11 17:46:40,,1
0000002325,0000002233,149,2024-07-06 00:13:32,2024-07-08 04:11:52,0
0000002326,0000002233,207,2024-07-08 04:11:52,,1
0000002327,0000002234,666,2026-06-12 17:45:58,,1
0000002328,0000002235,486,2021-01-05 15:00:02,,1
0000002329,0000002236,21,2023-06-08 16:23:12,,1
0000002330,0000002237,21,2024-07-13 09:59:57,,1
0000002331,0000002238,771,2020-04-07 21:53:04,,1
0000002332,0000002239,483,2022-04-17 02:57:58,,1
0000002333,0000002240,483,2019-01-22 13:57:26,,1
0000002334,0000002241,21,2024-01-16 20:19:34,,1
0000002335,0000002242,483,2021-09-13 09:30:27,,1
0000002336,0000002243,21,2024-08-01 04:06:53,,1
0000002337,0000002244,21,2025-10-25 09:49:14,,1
0000002338,0000002245,483,2019-07-15 11:02:26,,1
0000002339,0000002246,21,2024-09-19 07:18:00,,1
0000002340,0000002247,21,2023-04-08 11:43:24,,1
0000002341,0000002248,344,2026-04-11 00:43:48,,1
0000002342,0000002249,869,2019-10-17 02:22:04,,1
0000002343,0000002250,591,2018-11-02 10:47:14,,1
0000002344,0000002251,591,2022-08-09 15:46:21,,1
0000002345,0000002252,324,2024-07-15 19:34:40,,1
0000002346,0000002253,591,2019-05-16 09:23:50,,1
0000002347,0000002254,591,2023-06-16 07:17:09,,1
0000002348,0000002255,324,2024-08-24 00:16:42,,1
0000002349,0000002256,324,2024-07-23 21:41:42,,1
0000002350,0000002257,233,2025-10-01 00:25:37,,1
0000002351,0000002258,507,2024-10-13 08:40:41,,1
0000002352,0000002259,120,2022-11-13 16:10:18,,1
0000002353,0000002260,120,2018-02-15 06:23:02,,1
0000002354,0000002261,905,2021-03-25 05:20:57,,1
0000002355,0000002262,905,2020-01-20 10:13:03,,1
0000002356,0000002263,669,2015-11-09 17:34:00,,1
0000002357,0000002264,669,2020-11-05 23:48:58,,1
0000002358,0000002265,621,2025-06-24 19:58:45,,1
0000002359,0000002266,621,2024-06-21 11:42:40,,1
0000002360,0000002267,268,2022-08-11 06:18:45,,1
0000002361,0000002268,268,2021-07-15 00:05:17,,1
0000002362,0000002269,268,2021-12-14 14:33:21,,1
0000002363,0000002270,576,2020-04-13 15:43:18,,1
0000002364,0000002271,788,2016-05-24 20:33:10,,1
0000002365,0000002272,59,2021-07-01 02:46:46,,1
0000002366,0000002273,77,2020-03-21 18:54:41,,1
0000002367,0000002274,774,2020-05-09 16:33:28,,1
0000002368,0000002275,774,2018-08-26 11:46:11,,1
0000002369,0000002276,774,2021-08-28 06:13:47,,1
0000002370,0000002277,933,2022-10-09 19:22:55,,1
0000002371,0000002278,933,2018-11-06 03:58:18,,1
0000002372,0000002279,158,2023-05-05 03:47:21,,1
0000002373,0000002280,518,2024-01-06 23:01:00,,1
0000002374,0000002281,518,2024-03-24 01:54:47,,1
0000002375,0000002282,681,2025-04-08 08:58:44,2025-04-10 19:19:33,0
0000002376,0000002282,317,2025-04-10 19:19:33,,1
0000002377,0000002283,681,2023-04-09 04:26:49,,1
0000002378,0000002284,822,2018-12-11 07:40:51,,1
0000002379,0000002285,387,2016-12-28 19:37:23,,1
0000002380,0000002286,822,2017-12-11 01:03:30,,1
0000002381,0000002287,822,2018-01-14 07:49:27,,1
0000002382,0000002288,659,2017-02-22 20:18:18,,1
0000002383,0000002289,822,2016-09-10 14:40:12,,1
0000002384,0000002290,822,2017-01-06 12:52:39,,1
0000002385,0000002291,822,2016-07-13 03:08:15,,1
0000002386,0000002292,150,2018-10-15 08:46:04,,1
0000002387,0000002293,150,2021-09-12 22:07:45,,1
0000002388,0000002294,445,2025-02-22 17:31:10,,1
0000002389,0000002295,353,2021-08-21 02:56:34,,1
0000002390,0000002296,660,2020-12-12 22:15:04,2020-12-13 14:14:29,0
0000002391,0000002296,268,2020-12-13 14:14:29,,1
0000002392,0000002297,457,2017-06-27 21:04:35,,1
0000002393,0000002298,660,2018-02-15 01:47:32,,1
0000002394,0000002299,457,2017-02-15 20:30:19,,1
0000002395,0000002300,890,2020-06-08 22:52:14,,1
0000002396,0000002301,207,2016-07-18 02:11:26,,1
0000002397,0000002302,660,2019-01-13 19:59:56,2019-01-15 12:14:50,0
0000002398,0000002302,904,2019-01-15 12:14:50,,1
0000002399,0000002303,660,2022-06-01 18:52:49,,1
0000002400,0000002304,660,2021-06-11 12:28:45,,1
0000002401,0000002305,660,2019-12-13 07:32:28,,1
0000002402,0000002306,330,2017-05-25 06:50:19,,1
0000002403,0000002307,653,2016-01-13 11:06:04,,1
0000002404,0000002308,409,2022-04-13 02:03:32,,1
0000002405,0000002309,903,2025-12-25 19:48:23,,1
0000002406,0000002310,903,2023-04-08 20:38:31,,1
0000002407,0000002311,903,2017-02-04 01:06:12,,1
0000002408,0000002312,903,2016-09-20 22:26:41,,1
0000002409,0000002313,743,2025-06-24 18:19:14,,1
0000002410,0000002314,743,2018-05-20 01:30:47,,1
0000002411,0000002315,743,2022-04-19 12:18:28,,1
0000002412,0000002316,743,2024-03-23 05:08:42,,1
0000002413,0000002317,743,2023-04-30 00:07:51,,1
0000002414,0000002318,96,2017-12-17 04:00:32,,1
0000002415,0000002319,96,2017-09-07 13:44:28,,1
0000002416,0000002320,96,2019-10-20 00:02:12,,1
0000002417,0000002321,912,2021-05-17 06:25:50,,1
0000002418,0000002322,488,2023-08-26 23:58:46,,1
0000002419,0000002323,520,2023-06-02 18:59:55,,1
0000002420,0000002324,804,2019-06-03 07:43:10,,1
0000002421,0000002325,189,2020-02-23 06:10:24,,1
0000002422,0000002326,733,2024-11-29 02:09:18,,1
0000002423,0000002327,737,2026-02-28 17:11:38,,1
0000002424,0000002328,74,2024-06-10 13:20:53,,1
0000002425,0000002329,539,2021-10-21 15:09:53,,1
0000002426,0000002330,539,2018-01-10 17:23:52,,1
0000002427,0000002331,706,2017-05-22 18:10:30,,1
0000002428,0000002332,706,2017-06-03 22:00:14,,1
0000002429,0000002333,706,2019-08-07 03:58:04,,1
0000002430,0000002334,133,2019-10-06 13:59:57,,1
0000002431,0000002335,617,2018-08-25 09:25:41,,1
0000002432,0000002336,536,2025-01-02 06:19:14,2025-01-04 12:16:16,0
0000002433,0000002336,165,2025-01-04 12:16:16,,1
0000002434,0000002337,536,2024-02-22 16:57:16,,1
0000002435,0000002338,536,2021-06-05 15:57:56,,1
0000002436,0000002339,536,2026-05-25 22:26:58,,1
0000002437,0000002340,536,2017-12-17 16:11:01,,1
0000002438,0000002341,536,2021-08-24 23:24:54,,1
0000002439,0000002342,536,2021-04-06 16:11:35,,1
0000002440,0000002343,536,2017-09-09 12:24:53,,1
0000002441,0000002344,536,2024-09-26 06:10:19,,1
0000002442,0000002345,536,2016-09-19 16:23:16,,1
0000002443,0000002346,536,2022-04-08 03:11:11,,1
0000002444,0000002347,536,2018-06-19 07:08:13,,1
0000002445,0000002348,192,2023-09-03 12:33:54,,1
0000002446,0000002349,971,2022-09-17 00:11:11,,1
0000002447,0000002350,311,2018-04-29 19:03:03,,1
0000002448,0000002351,311,2019-11-25 00:37:33,,1
0000002449,0000002352,311,2021-11-02 12:57:09,,1
0000002450,0000002353,302,2026-02-17 04:30:17,,1
0000002451,0000002354,311,2020-08-04 07:41:41,,1
0000002452,0000002355,311,2019-04-05 01:50:00,,1
0000002453,0000002356,960,2024-09-26 14:46:20,,1
0000002454,0000002357,960,2018-08-27 05:41:08,,1
0000002455,0000002358,561,2022-03-07 19:27:07,,1
0000002456,0000002359,554,2016-09-05 15:49:07,,1
0000002457,0000002360,554,2022-03-24 07:02:33,,1
0000002458,0000002361,661,2019-02-09 04:24:51,,1
0000002459,0000002362,795,2024-03-20 14:24:53,,1
0000002460,0000002363,661,2022-03-17 22:19:31,,1
0000002461,0000002364,590,2021-09-06 13:07:58,,1
0000002462,0000002365,661,2022-04-24 22:25:25,,1
0000002463,0000002366,604,2022-01-01 01:01:00,,1
0000002464,0000002367,908,2024-05-15 07:36:08,,1
0000002465,0000002368,148,2025-09-21 12:00:10,,1
0000002466,0000002369,293,2022-02-25 11:21:01,,1
0000002467,0000002370,148,2024-11-27 04:12:24,,1
0000002468,0000002371,148,2023-11-01 08:51:24,,1
0000002469,0000002372,293,2020-06-02 14:52:28,,1
0000002470,0000002373,148,2025-09-03 16:26:45,,1
0000002471,0000002374,293,2020-07-14 04:45:39,,1
0000002472,0000002375,148,2025-11-16 11:25:07,,1
0000002473,0000002376,173,2019-08-03 17:08:15,2019-08-03 23:20:11,0
0000002474,0000002376,394,2019-08-03 23:20:11,,1
0000002475,0000002377,148,2024-06-25 15:06:52,,1
0000002476,0000002378,293,2023-02-01 06:53:40,,1
0000002477,0000002379,985,2026-04-17 00:00:19,,1
0000002478,0000002380,423,2026-04-03 11:40:00,,1
0000002479,0000002381,423,2025-07-27 17:11:06,,1
0000002480,0000002382,146,2017-12-24 17:15:27,,1
0000002481,0000002383,423,2024-02-19 17:00:25,,1
0000002482,0000002384,423,2026-02-15 05:08:47,,1
0000002483,0000002385,476,2021-02-25 08:48:35,,1
0000002484,0000002386,406,2026-05-27 01:33:39,,1
0000002485,0000002387,240,2018-03-09 19:57:25,,1
0000002486,0000002388,582,2016-08-25 04:18:20,,1
0000002487,0000002389,582,2024-12-16 14:24:47,,1
0000002488,0000002390,582,2020-10-16 13:17:09,,1
0000002489,0000002391,383,2017-11-11 21:06:13,,1
0000002490,0000002392,383,2016-04-28 23:42:57,,1
0000002491,0000002393,383,2017-09-15 04:13:14,,1
0000002492,0000002394,383,2016-09-25 01:48:55,,1
0000002493,0000002395,383,2016-12-12 09:14:51,,1
0000002494,0000002396,944,2018-07-20 00:22:51,,1
0000002495,0000002397,383,2016-09-29 00:04:12,,1
0000002496,0000002398,383,2015-10-03 10:09:13,,1
0000002497,0000002399,383,2017-11-17 14:59:19,,1
0000002498,0000002400,383,2016-12-12 15:39:03,,1
0000002499,0000002401,383,2015-12-16 06:30:11,,1
0000002500,0000002402,383,2018-04-27 18:24:49,,1
0000002501,0000002403,833,2022-02-15 00:05:42,,1
0000002502,0000002404,935,2021-01-17 11:14:49,,1
0000002503,0000002405,833,2019-08-04 13:45:46,,1
0000002504,0000002406,705,2023-03-22 15:07:25,,1
0000002505,0000002407,120,2021-09-13 03:06:07,,1
0000002506,0000002408,523,2022-05-07 18:09:58,,1
0000002507,0000002409,861,2017-03-22 01:18:32,,1
0000002508,0000002410,851,2017-09-24 17:27:10,,1
0000002509,0000002411,626,2022-05-24 23:20:16,,1
0000002510,0000002412,330,2016-10-13 00:01:04,,1
0000002511,0000002413,626,2022-09-11 03:40:51,,1
0000002512,0000002414,252,2018-09-22 14:27:35,,1
0000002513,0000002415,524,2017-02-04 21:54:35,,1
0000002514,0000002416,252,2017-01-30 01:42:22,,1
0000002515,0000002417,252,2019-01-29 09:55:32,,1
0000002516,0000002418,252,2021-04-17 23:13:07,,1
0000002517,0000002419,205,2017-12-01 07:36:43,,1
0000002518,0000002420,701,2024-07-24 12:29:31,,1
0000002519,0000002421,689,2024-08-26 22:29:22,,1
0000002520,0000002422,689,2026-08-06 03:35:07,,1
0000002521,0000002423,689,2024-04-06 15:53:40,,1
0000002522,0000002424,552,2020-03-20 21:37:10,,1
0000002523,0000002425,552,2018-03-27 09:53:25,,1
0000002524,0000002426,616,2024-07-16 11:28:58,,1
0000002525,0000002427,616,2026-08-05 18:45:37,,1
0000002526,0000002428,603,2025-01-09 00:04:28,,1
0000002527,0000002429,877,2018-08-15 05:08:57,,1
0000002528,0000002430,877,2018-08-24 09:49:27,,1
0000002529,0000002431,877,2018-06-21 13:09:38,,1
0000002530,0000002432,877,2018-06-20 11:32:26,,1
0000002531,0000002433,877,2018-06-02 12:24:24,,1
0000002532,0000002434,961,2015-12-27 06:30:26,,1
0000002533,0000002435,961,2015-01-28 05:37:14,,1
0000002534,0000002436,531,2020-09-26 21:48:11,,1
0000002535,0000002437,460,2018-12-21 01:19:33,,1
0000002536,0000002438,460,2018-09-15 19:59:25,,1
0000002537,0000002439,460,2019-05-06 07:47:32,,1
0000002538,0000002440,202,2024-07-13 18:39:04,2024-07-14 02:03:16,0
0000002539,0000002440,818,2024-07-14 02:03:16,,1
0000002540,0000002441,202,2020-03-27 08:32:22,,1
0000002541,0000002442,202,2023-03-02 07:12:54,,1
0000002542,0000002443,100,2022-04-09 13:52:59,2022-04-09 19:54:31,0
0000002543,0000002443,108,2022-04-09 19:54:31,,1
0000002544,0000002444,641,2020-02-03 10:47:20,,1
0000002545,0000002445,641,2018-08-18 20:23:22,,1
0000002546,0000002446,641,2021-06-12 20:12:55,,1
0000002547,0000002447,641,2021-06-08 22:54:58,,1
0000002548,0000002448,842,2025-12-21 17:09:19,,1
0000002549,0000002449,842,2018-04-10 00:49:59,,1
0000002550,0000002450,641,2019-11-11 13:50:58,,1
0000002551,0000002451,529,2021-08-13 07:00:39,,1
0000002552,0000002452,641,2021-01-19 17:57:55,,1
0000002553,0000002453,802,2018-10-06 09:05:52,,1
0000002554,0000002454,802,2018-10-05 20:04:13,,1
0000002555,0000002455,626,2023-02-09 19:17:57,,1
0000002556,0000002456,626,2019-03-12 15:52:40,,1
0000002557,0000002457,626,2021-04-07 11:13:21,,1
0000002558,0000002458,626,2019-11-05 11:23:58,,1
0000002559,0000002459,626,2019-02-19 02:03:39,,1
0000002560,0000002460,902,2017-11-14 00:56:13,,1
0000002561,0000002461,902,2018-11-07 16:40:12,,1
0000002562,0000002462,602,2026-05-25 08:03:20,,1
0000002563,0000002463,242,2019-05-29 02:21:48,,1
0000002564,0000002464,602,2024-01-09 16:24:05,2024-01-13 06:24:14,0
0000002565,0000002464,349,2024-01-13 06:24:14,,1
0000002566,0000002465,809,2019-08-19 22:48:17,2019-08-23 23:23:11,0
0000002567,0000002465,158,2019-08-23 23:23:11,,1
0000002568,0000002466,809,2019-06-01 22:32:55,,1
0000002569,0000002467,809,2020-04-29 07:10:33,,1
0000002570,0000002468,817,2025-06-21 07:36:56,,1
0000002571,0000002469,817,2019-02-03 11:38:56,,1
0000002572,0000002470,817,2018-12-03 01:47:45,,1
0000002573,0000002471,695,2020-08-03 11:25:09,,1
0000002574,0000002472,695,2023-02-18 19:32:54,,1
0000002575,0000002473,695,2023-01-20 04:37:41,,1
0000002576,0000002474,695,2026-05-20 06:40:55,,1
0000002577,0000002475,695,2020-01-10 15:34:25,,1
0000002578,0000002476,201,2022-02-19 17:21:03,,1
0000002579,0000002477,353,2016-07-18 06:20:55,,1
0000002580,0000002478,201,2020-01-07 10:42:41,,1
0000002581,0000002479,987,2023-05-29 16:22:37,,1
0000002582,0000002480,71,2019-12-15 01:22:26,,1
0000002583,0000002481,344,2024-06-12 16:49:26,,1
0000002584,0000002482,225,2020-01-11 00:49:53,,1
0000002585,0000002483,225,2024-09-18 18:43:53,,1
0000002586,0000002484,844,2024-04-20 12:21:27,,1
0000002587,0000002485,493,2021-01-13 05:52:10,,1
0000002588,0000002486,76,2025-01-17 18:51:05,,1
0000002589,0000002487,76,2020-11-01 09:55:04,,1
0000002590,0000002488,451,2024-09-11 06:03:23,,1
0000002591,0000002489,451,2021-12-10 08:54:25,,1
0000002592,0000002490,999,2018-10-30 16:01:32,,1
0000002593,0000002491,225,2025-04-14 02:16:32,,1
0000002594,0000002492,201,2019-01-31 12:33:09,,1
0000002595,0000002493,201,2026-05-28 19:39:53,,1
0000002596,0000002494,201,2024-04-03 09:52:55,,1
0000002597,0000002495,201,2021-11-23 02:48:28,,1
0000002598,0000002496,201,2019-01-03 13:15:01,,1
0000002599,0000002497,89,2024-07-05 18:40:21,,1
0000002600,0000002498,201,2021-02-11 16:24:44,,1
0000002601,0000002499,825,2024-07-21 12:35:30,,1
0000002602,0000002500,852,2024-05-24 02:56:14,,1
0000002603,0000002501,639,2025-03-30 13:23:05,,1
0000002604,0000002502,639,2023-06-10 02:47:30,,1
0000002605,0000002503,903,2026-07-17 19:10:00,,1
0000002606,0000002504,197,2018-08-14 11:03:13,,1
0000002607,0000002505,197,2021-04-14 17:23:21,,1
0000002608,0000002506,972,2016-12-18 20:46:36,,1
0000002609,0000002507,602,2021-01-12 12:03:49,,1
0000002610,0000002508,602,2017-05-07 04:51:10,,1
0000002611,0000002509,992,2015-08-27 11:29:14,,1
0000002612,0000002510,992,2021-08-27 10:02:48,,1
0000002613,0000002511,330,2016-04-07 20:43:03,,1
0000002614,0000002512,666,2024-03-09 20:12:02,,1
0000002615,0000002513,598,2020-09-03 03:57:14,,1
0000002616,0000002514,810,2018-04-12 18:50:16,,1
0000002617,0000002515,598,2019-03-29 16:27:28,,1
0000002618,0000002516,944,2016-02-27 07:02:15,,1
0000002619,0000002517,314,2016-05-19 19:47:08,,1
0000002620,0000002518,314,2020-08-02 10:16:10,,1
0000002621,0000002519,314,2024-12-03 11:36:04,,1
0000002622,0000002520,770,2016-12-26 13:13:22,,1
0000002623,0000002521,27,2026-03-16 12:25:23,,1
0000002624,0000002522,598,2023-08-21 11:12:39,,1
0000002625,0000002523,598,2024-02-10 02:48:25,,1
0000002626,0000002524,361,2025-01-22 21:16:03,,1
0000002627,0000002525,462,2017-12-20 15:21:09,,1
0000002628,0000002526,462,2017-05-15 14:48:51,2017-05-19 11:54:40,0
0000002629,0000002526,251,2017-05-19 11:54:40,,1
0000002630,0000002527,462,2016-03-23 12:49:19,,1
0000002631,0000002528,64,2020-04-10 13:12:28,,1
0000002632,0000002529,453,2022-07-30 13:16:48,,1
0000002633,0000002530,453,2020-07-22 13:06:05,,1
0000002634,0000002531,85,2022-06-09 12:26:53,,1
0000002635,0000002532,85,2021-08-21 01:21:21,,1
0000002636,0000002533,74,2017-08-04 17:56:01,,1
0000002637,0000002534,74,2017-05-05 07:28:49,2017-05-07 04:06:12,0
0000002638,0000002534,557,2017-05-07 04:06:12,,1
0000002639,0000002535,310,2020-10-13 09:40:03,,1
0000002640,0000002536,670,2016-05-10 16:33:50,,1
0000002641,0000002537,780,2024-09-22 21:27:46,,1
0000002642,0000002538,572,2023-12-16 14:43:56,,1
0000002643,0000002539,512,2021-08-27 21:08:44,,1
0000002644,0000002540,24,2025-03-14 13:12:55,,1
0000002645,0000002541,210,2021-11-10 11:24:55,,1
0000002646,0000002542,678,2021-07-31 23:39:46,,1
0000002647,0000002543,210,2018-11-16 00:37:47,,1
0000002648,0000002544,972,2023-10-07 19:26:16,,1
0000002649,0000002545,210,2021-04-27 04:54:29,,1
0000002650,0000002546,112,2016-07-07 15:36:22,,1
0000002651,0000002547,112,2019-09-24 17:48:04,,1
0000002652,0000002548,112,2020-04-16 01:17:28,,1
0000002653,0000002549,192,2022-07-06 22:30:33,,1
0000002654,0000002550,192,2026-03-08 07:41:46,,1
0000002655,0000002551,453,2023-02-19 01:55:25,,1
0000002656,0000002552,239,2021-11-30 20:34:27,,1
0000002657,0000002553,239,2026-05-03 15:25:28,,1
0000002658,0000002554,239,2021-05-18 05:20:34,,1
0000002659,0000002555,430,2020-03-10 00:01:17,,1
0000002660,0000002556,239,2021-08-02 17:40:57,2021-08-05 21:56:57,0
0000002661,0000002556,905,2021-08-05 21:56:57,,1
0000002662,0000002557,239,2021-11-22 08:39:07,,1
0000002663,0000002558,239,2020-11-19 20:21:11,,1
0000002664,0000002559,239,2023-12-11 04:04:44,,1
0000002665,0000002560,239,2025-02-11 21:15:11,,1
0000002666,0000002561,584,2020-03-03 15:11:43,,1
0000002667,0000002562,239,2025-10-06 08:49:23,,1
0000002668,0000002563,378,2017-06-29 09:45:11,,1
0000002669,0000002564,531,2021-05-08 10:09:57,,1
0000002670,0000002565,591,2017-08-06 08:15:15,,1
0000002671,0000002566,531,2022-10-12 17:12:08,,1
0000002672,0000002567,531,2020-01-19 05:15:08,2020-01-21 00:19:22,0
0000002673,0000002567,202,2020-01-21 00:19:22,,1
0000002674,0000002568,71,2021-09-15 04:43:40,,1
0000002675,0000002569,399,2023-02-26 19:27:30,,1
0000002676,0000002570,399,2026-07-13 02:49:37,,1
0000002677,0000002571,399,2024-07-30 18:37:03,,1
0000002678,0000002572,399,2024-04-15 14:57:18,,1
0000002679,0000002573,619,2018-02-01 09:42:34,,1
0000002680,0000002574,619,2019-10-15 11:59:17,,1
0000002681,0000002575,619,2019-07-29 17:27:43,,1
0000002682,0000002576,457,2026-07-31 19:23:15,,1
0000002683,0000002577,337,2021-08-28 13:53:54,,1
0000002684,0000002578,863,2026-06-16 22:40:06,,1
0000002685,0000002579,256,2019-12-11 07:33:07,,1
0000002686,0000002580,907,2020-05-22 12:22:42,,1
0000002687,0000002581,907,2020-02-27 04:55:53,,1
0000002688,0000002582,739,2018-08-31 18:44:57,,1
0000002689,0000002583,907,2019-02-04 02:55:47,,1
0000002690,0000002584,732,2025-11-23 01:51:16,,1
0000002691,0000002585,939,2025-03-24 17:09:47,,1
0000002692,0000002586,119,2020-10-04 01:25:32,,1
0000002693,0000002587,566,2017-05-13 05:08:19,,1
0000002694,0000002588,939,2020-03-19 17:29:53,,1
0000002695,0000002589,939,2019-11-12 07:05:13,,1
0000002696,0000002590,28,2020-06-24 17:58:41,,1
0000002697,0000002591,118,2020-12-27 18:14:17,,1
0000002698,0000002592,227,2025-02-06 21:22:26,,1
0000002699,0000002593,302,2024-12-12 13:59:50,,1
0000002700,0000002594,302,2019-04-10 20:21:11,,1
0000002701,0000002595,302,2018-11-20 19:06:45,,1
0000002702,0000002596,688,2025-09-15 12:19:15,2025-09-16 12:33:42,0
0000002703,0000002596,821,2025-09-16 12:33:42,,1
0000002704,0000002597,688,2023-05-10 16:45:51,,1
0000002705,0000002598,688,2023-11-18 16:14:55,,1
0000002706,0000002599,688,2021-02-12 07:08:06,,1
0000002707,0000002600,688,2016-04-12 02:09:33,,1
0000002708,0000002601,688,2018-12-05 13:18:47,,1
0000002709,0000002602,688,2026-08-20 05:45:20,,1
0000002710,0000002603,240,2021-04-21 17:28:56,,1
0000002711,0000002604,613,2026-04-18 18:24:02,,1
0000002712,0000002605,613,2023-12-12 13:37:58,,1
0000002713,0000002606,384,2022-09-29 10:20:02,,1
0000002714,0000002607,29,2021-04-27 23:04:13,,1
0000002715,0000002608,29,2018-10-16 16:27:29,,1
0000002716,0000002609,342,2023-08-05 01:32:17,,1
0000002717,0000002610,15,2023-08-12 20:13:15,,1
0000002718,0000002611,29,2020-05-06 03:09:48,,1
0000002719,0000002612,29,2021-03-06 06:17:32,,1
0000002720,0000002613,15,2025-09-02 16:28:43,,1
0000002721,0000002614,29,2020-03-04 00:20:38,,1
0000002722,0000002615,817,2018-08-27 10:03:31,,1
0000002723,0000002616,238,2026-06-26 05:57:12,,1
0000002724,0000002617,238,2021-10-04 21:50:43,,1
0000002725,0000002618,412,2018-02-11 08:31:01,,1
0000002726,0000002619,69,2023-12-07 05:43:18,,1
0000002727,0000002620,730,2025-06-17 00:09:33,,1
0000002728,0000002621,143,2019-02-08 06:57:05,,1
0000002729,0000002622,711,2023-09-26 17:00:04,,1
0000002730,0000002623,947,2015-07-01 20:44:43,,1
0000002731,0000002624,947,2017-01-17 04:20:58,,1
0000002732,0000002625,790,2022-03-08 23:45:09,,1
0000002733,0000002626,711,2024-08-20 13:23:01,,1
0000002734,0000002627,304,2018-09-22 04:20:56,,1
0000002735,0000002628,660,2018-12-02 22:04:18,,1
0000002736,0000002629,660,2023-04-13 20:28:50,,1
0000002737,0000002630,660,2023-12-17 22:40:39,,1
0000002738,0000002631,235,2024-12-15 15:35:36,,1
0000002739,0000002632,869,2024-11-19 16:12:10,,1
0000002740,0000002633,255,2019-01-11 21:38:37,,1
0000002741,0000002634,255,2024-03-05 15:06:41,,1
0000002742,0000002635,255,2023-10-06 10:13:38,,1
0000002743,0000002636,577,2023-07-18 02:20:31,,1
0000002744,0000002637,255,2024-12-16 06:28:02,,1
0000002745,0000002638,255,2023-12-05 21:49:52,,1
0000002746,0000002639,255,2022-08-08 03:52:43,,1
0000002747,0000002640,255,2024-02-27 09:44:32,,1
0000002748,0000002641,145,2018-09-18 03:22:41,,1
0000002749,0000002642,739,2017-02-20 04:12:03,,1
0000002750,0000002643,255,2018-04-29 01:43:58,,1
0000002751,0000002644,255,2021-10-31 07:11:16,,1
0000002752,0000002645,387,2018-06-17 20:38:31,,1
0000002753,0000002646,875,2022-02-17 08:43:55,,1
0000002754,0000002647,745,2019-01-12 21:51:48,,1
0000002755,0000002648,774,2018-02-16 16:05:35,,1
0000002756,0000002649,74,2022-07-03 14:26:27,,1
0000002757,0000002650,415,2022-10-05 00:59:22,,1
0000002758,0000002651,415,2019-07-19 12:42:59,,1
0000002759,0000002652,224,2026-07-24 15:02:20,,1
0000002760,0000002653,907,2016-12-12 15:13:22,,1
0000002761,0000002654,907,2016-08-03 13:57:40,,1
0000002762,0000002655,651,2025-08-15 06:47:01,,1
0000002763,0000002656,727,2019-07-26 03:38:34,,1
0000002764,0000002657,727,2018-08-22 06:22:43,,1
0000002765,0000002658,811,2015-10-30 13:17:40,2015-11-01 03:35:37,0
0000002766,0000002658,561,2015-11-01 03:35:37,,1
0000002767,0000002659,76,2015-07-24 10:38:40,,1
0000002768,0000002660,249,2015-06-30 22:39:34,,1
0000002769,0000002661,249,2015-11-08 16:15:49,,1
0000002770,0000002662,249,2015-10-30 06:41:51,,1
0000002771,0000002663,249,2015-03-09 01:41:57,,1
0000002772,0000002664,249,2015-03-19 10:32:49,,1
0000002773,0000002665,249,2015-03-22 16:54:32,,1
0000002774,0000002666,724,2018-09-18 11:33:46,,1
0000002775,0000002667,422,2021-11-18 23:57:26,,1
0000002776,0000002668,422,2022-08-06 04:24:51,,1
0000002777,0000002669,422,2022-03-05 06:09:52,,1
0000002778,0000002670,316,2016-07-17 14:03:11,,1
0000002779,0000002671,422,2020-03-05 07:02:02,,1
0000002780,0000002672,422,2022-08-23 12:43:05,,1
0000002781,0000002673,143,2018-04-24 08:17:51,,1
0000002782,0000002674,316,2015-06-21 12:11:39,,1
0000002783,0000002675,431,2020-01-09 00:55:10,,1
0000002784,0000002676,72,2022-11-12 01:39:07,,1
0000002785,0000002677,14,2019-04-29 03:52:52,,1
0000002786,0000002678,721,2024-06-30 04:32:11,,1
0000002787,0000002679,721,2025-11-02 11:07:18,,1
0000002788,0000002680,218,2023-04-24 06:28:30,,1
0000002789,0000002681,218,2022-12-17 12:22:29,,1
0000002790,0000002682,581,2017-09-28 20:54:55,,1
0000002791,0000002683,452,2022-08-12 21:38:37,2022-08-14 16:58:44,0
0000002792,0000002683,694,2022-08-14 16:58:44,,1
0000002793,0000002684,452,2021-08-05 09:27:52,,1
0000002794,0000002685,634,2024-06-24 01:20:39,,1
0000002795,0000002686,642,2026-05-14 19:11:17,,1
0000002796,0000002687,717,2017-11-08 01:00:39,,1
0000002797,0000002688,689,2024-02-03 08:17:43,,1
0000002798,0000002689,497,2020-01-05 22:18:53,,1
0000002799,0000002690,689,2023-06-25 14:54:58,,1
0000002800,0000002691,689,2023-01-12 02:37:34,,1
0000002801,0000002692,689,2024-04-21 12:23:46,,1
0000002802,0000002693,217,2018-09-28 10:28:12,,1
0000002803,0000002694,440,2021-11-05 02:04:23,,1
0000002804,0000002695,59,2019-02-24 10:28:48,,1
0000002805,0000002696,59,2019-09-26 02:11:49,,1
0000002806,0000002697,88,2016-11-23 13:45:30,,1
0000002807,0000002698,378,2021-02-26 11:23:17,,1
0000002808,0000002699,649,2019-01-28 23:56:25,,1
0000002809,0000002700,649,2018-11-08 08:15:05,,1
0000002810,0000002701,649,2018-12-11 06:06:36,,1
0000002811,0000002702,649,2018-11-06 17:37:54,,1
0000002812,0000002703,649,2019-03-02 20:24:55,,1
0000002813,0000002704,649,2018-12-09 20:17:09,,1
0000002814,0000002705,649,2019-03-26 09:53:25,,1
0000002815,0000002706,649,2019-03-27 16:41:14,,1
0000002816,0000002707,757,2017-07-06 06:23:48,,1
0000002817,0000002708,878,2018-11-22 04:21:07,,1
0000002818,0000002709,878,2018-12-30 13:36:24,,1
0000002819,0000002710,838,2018-05-01 15:47:17,,1
0000002820,0000002711,878,2017-01-05 12:04:27,,1
0000002821,0000002712,867,2018-09-26 07:23:11,,1
0000002822,0000002713,853,2025-06-19 03:15:41,,1
0000002823,0000002714,853,2021-10-29 07:51:01,2021-10-30 08:49:15,0
0000002824,0000002714,898,2021-10-30 08:49:15,,1
0000002825,0000002715,512,2025-02-03 14:32:32,,1
0000002826,0000002716,717,2023-05-10 04:00:20,,1
0000002827,0000002717,446,2026-09-29 15:09:44,,1
0000002828,0000002718,239,2019-10-23 18:02:45,,1
0000002829,0000002719,605,2026-08-20 00:33:32,,1
0000002830,0000002720,605,2017-05-24 00:56:14,,1
0000002831,0000002721,425,2025-10-06 02:14:52,,1
0000002832,0000002722,405,2021-11-21 12:45:40,,1
0000002833,0000002723,763,2022-12-03 14:44:02,,1
0000002834,0000002724,405,2022-08-04 18:06:40,,1
0000002835,0000002725,405,2019-09-11 19:27:01,,1
0000002836,0000002726,405,2025-11-29 03:22:29,,1
0000002837,0000002727,836,2025-08-08 09:24:58,,1
0000002838,0000002728,616,2021-08-01 16:32:50,,1
0000002839,0000002729,849,2019-04-12 09:19:26,,1
0000002840,0000002730,745,2021-04-01 19:53:44,,1
0000002841,0000002731,745,2017-10-12 02:00:18,,1
0000002842,0000002732,745,2024-07-04 22:21:18,,1
0000002843,0000002733,745,2022-02-27 13:48:37,,1
0000002844,0000002734,470,2024-09-07 11:37:04,,1
0000002845,0000002735,695,2018-01-14 19:13:41,,1
0000002846,0000002736,718,2020-04-20 23:46:49,,1
0000002847,0000002737,718,2019-03-26 13:00:43,,1
0000002848,0000002738,982,2023-03-02 13:32:33,,1
0000002849,0000002739,168,2022-02-21 21:10:35,,1
0000002850,0000002740,168,2024-02-28 18:07:27,,1
0000002851,0000002741,168,2017-11-03 16:47:17,,1
0000002852,0000002742,168,2022-04-30 15:22:27,,1
0000002853,0000002743,992,2020-03-15 17:55:56,,1
0000002854,0000002744,744,2019-05-07 16:25:20,,1
0000002855,0000002745,744,2021-04-11 18:08:51,,1
0000002856,0000002746,862,2019-08-13 05:30:41,,1
0000002857,0000002747,862,2024-07-05 10:05:57,,1
0000002858,0000002748,968,2019-04-07 12:47:23,,1
0000002859,0000002749,445,2022-05-11 21:53:38,,1
0000002860,0000002750,445,2019-09-09 22:23:49,,1
0000002861,0000002751,445,2021-12-30 22:02:03,,1
0000002862,0000002752,445,2018-04-29 11:12:16,2018-05-02 18:25:13,0
0000002863,0000002752,735,2018-05-02 18:25:13,,1
0000002864,0000002753,445,2019-07-19 21:10:37,,1
0000002865,0000002754,445,2024-07-24 21:11:04,,1
0000002866,0000002755,445,2022-02-22 23:57:37,,1
0000002867,0000002756,445,2024-04-30 11:42:03,,1
0000002868,0000002757,445,2024-10-04 23:48:34,2024-10-06 11:42:00,0
0000002869,0000002757,955,2024-10-06 11:42:00,,1
0000002870,0000002758,445,2023-02-23 15:23:17,2023-02-26 21:20:19,0
0000002871,0000002758,324,2023-02-26 21:20:19,,1
0000002872,0000002759,37,2018-09-05 07:42:46,,1
0000002873,0000002760,445,2019-02-02 03:49:49,,1
0000002874,0000002761,235,2025-07-01 04:35:14,,1
0000002875,0000002762,501,2019-11-28 21:28:53,,1
0000002876,0000002763,501,2024-12-21 20:59:16,,1
0000002877,0000002764,501,2021-09-13 14:29:06,,1
0000002878,0000002765,501,2018-07-18 02:21:26,,1
0000002879,0000002766,496,2019-02-03 08:50:22,,1
0000002880,0000002767,496,2019-11-08 04:58:32,,1
0000002881,0000002768,190,2023-08-01 22:45:42,,1
0000002882,0000002769,190,2019-08-25 02:04:23,,1
0000002883,0000002770,190,2023-03-10 13:55:27,,1
0000002884,0000002771,241,2023-12-03 20:51:24,,1
0000002885,0000002772,190,2018-10-25 11:11:29,,1
0000002886,0000002773,190,2020-08-23 00:18:46,,1
0000002887,0000002774,190,2021-05-06 21:32:10,,1
0000002888,0000002775,190,2019-05-22 01:43:50,,1
0000002889,0000002776,989,2019-07-04 08:08:35,,1
0000002890,0000002777,306,2020-10-16 18:26:22,,1
0000002891,0000002778,306,2021-12-03 02:46:59,,1
0000002892,0000002779,317,2017-05-21 20:04:48,,1
0000002893,0000002780,927,2018-03-02 17:56:53,,1
0000002894,0000002781,927,2017-07-05 19:20:02,,1
0000002895,0000002782,857,2018-09-23 16:45:42,,1
0000002896,0000002783,927,2017-10-24 21:33:52,,1
0000002897,0000002784,631,2022-08-22 23:42:29,,1
0000002898,0000002785,285,2025-12-18 22:14:06,,1
0000002899,0000002786,747,2026-07-11 06:34:31,,1
0000002900,0000002787,368,2018-07-18 19:39:34,,1
0000002901,0000002788,549,2024-10-08 05:31:58,,1
0000002902,0000002789,549,2024-04-05 15:53:34,2024-04-07 11:06:13,0
0000002903,0000002789,766,2024-04-07 11:06:13,,1
0000002904,0000002790,128,2016-03-10 00:54:18,,1
0000002905,0000002791,128,2016-04-09 15:13:33,,1
0000002906,0000002792,387,2026-02-14 21:22:46,,1
0000002907,0000002793,387,2026-03-08 12:01:42,,1
0000002908,0000002794,387,2018-06-13 00:40:18,,1
0000002909,0000002795,49,2026-02-03 10:05:17,,1
0000002910,0000002796,358,2021-01-20 15:23:14,,1
0000002911,0000002797,718,2023-11-22 22:27:58,,1
0000002912,0000002798,398,2015-09-30 22:08:58,,1
0000002913,0000002799,326,2016-05-08 13:38:56,,1
0000002914,0000002800,326,2016-03-27 13:45:49,,1
0000002915,0000002801,326,2015-09-29 09:52:51,,1
0000002916,0000002802,326,2017-11-28 23:03:11,,1
0000002917,0000002803,326,2018-08-24 09:00:37,,1
0000002918,0000002804,326,2016-05-09 13:38:50,,1
0000002919,0000002805,326,2018-01-01 22:58:33,,1
0000002920,0000002806,326,2016-05-17 16:34:27,,1
0000002921,0000002807,326,2017-01-08 16:58:29,,1
0000002922,0000002808,326,2015-07-01 02:31:18,,1
0000002923,0000002809,326,2016-04-19 05:13:47,,1
0000002924,0000002810,10,2018-08-03 11:59:30,,1
0000002925,0000002811,10,2017-06-22 19:40:05,,1
0000002926,0000002812,941,2018-07-10 07:03:20,,1
0000002927,0000002813,181,2021-04-11 06:40:40,,1
0000002928,0000002814,458,2022-08-17 18:58:41,,1
0000002929,0000002815,363,2024-03-01 20:06:27,,1
0000002930,0000002816,363,2017-08-13 15:49:39,,1
0000002931,0000002817,651,2019-02-04 20:50:07,,1
0000002932,0000002818,651,2024-02-17 10:04:43,,1
0000002933,0000002819,651,2017-02-03 18:04:30,,1
0000002934,0000002820,650,2021-10-16 18:31:34,,1
0000002935,0000002821,650,2026-03-05 11:35:00,,1
0000002936,0000002822,650,2023-08-05 04:00:53,,1
0000002937,0000002823,650,2023-10-16 23:05:49,,1
0000002938,0000002824,650,2026-05-06 19:03:10,,1
0000002939,0000002825,650,2024-01-11 09:20:13,,1
0000002940,0000002826,650,2024-11-11 18:24:11,,1
0000002941,0000002827,650,2022-12-17 02:35:03,,1
0000002942,0000002828,650,2024-08-26 08:20:36,,1
0000002943,0000002829,650,2022-02-24 17:12:35,,1
0000002944,0000002830,650,2017-09-24 12:10:50,,1
0000002945,0000002831,650,2017-03-12 18:34:59,,1
0000002946,0000002832,986,2023-05-11 08:27:48,,1
0000002947,0000002833,966,2019-09-12 19:40:54,,1
0000002948,0000002834,986,2024-06-15 22:14:07,,1
0000002949,0000002835,986,2023-09-22 03:29:27,,1
0000002950,0000002836,986,2021-04-11 05:47:16,,1
0000002951,0000002837,986,2024-07-21 23:12:54,,1
0000002952,0000002838,986,2018-12-20 03:13:06,,1
0000002953,0000002839,986,2021-01-29 03:09:11,,1
0000002954,0000002840,187,2020-02-16 05:30:10,2020-02-17 07:02:50,0
0000002955,0000002840,181,2020-02-17 07:02:50,,1
0000002956,0000002841,632,2025-11-03 17:48:51,,1
0000002957,0000002842,632,2018-07-19 22:51:54,,1
0000002958,0000002843,632,2024-01-11 19:22:42,,1
0000002959,0000002844,455,2016-09-08 13:08:29,,1
0000002960,0000002845,246,2017-10-31 01:17:18,,1
0000002961,0000002846,175,2018-10-21 17:28:16,,1
0000002962,0000002847,279,2018-04-14 15:24:50,,1
0000002963,0000002848,583,2017-08-11 09:14:00,,1
0000002964,0000002849,404,2022-09-23 12:05:34,,1
0000002965,0000002850,583,2020-06-12 04:31:30,,1
0000002966,0000002851,404,2023-06-09 02:19:03,,1
0000002967,0000002852,10,2018-05-14 13:04:57,,1
0000002968,0000002853,10,2017-09-07 04:21:58,,1
0000002969,0000002854,704,2017-02-23 04:03:18,,1
0000002970,0000002855,10,2017-10-17 23:49:03,,1
0000002971,0000002856,10,2018-06-23 07:04:36,,1
0000002972,0000002857,10,2017-05-16 10:39:28,,1
0000002973,0000002858,10,2018-04-16 17:18:00,,1
0000002974,0000002859,10,2017-02-24 19:00:23,,1
0000002975,0000002860,160,2018-05-13 09:10:05,,1
0000002976,0000002861,160,2018-09-30 09:15:16,,1
0000002977,0000002862,160,2024-04-25 21:50:13,,1
0000002978,0000002863,160,2023-08-29 18:31:34,,1
0000002979,0000002864,564,2016-11-10 15:13:29,,1
0000002980,0000002865,160,2021-11-19 16:30:41,,1
0000002981,0000002866,160,2023-01-04 08:06:58,,1
0000002982,0000002867,160,2018-09-01 12:34:58,,1
0000002983,0000002868,450,2019-08-17 06:40:27,,1
0000002984,0000002869,292,2022-07-04 19:02:13,,1
0000002985,0000002870,292,2017-03-02 18:55:07,,1
0000002986,0000002871,33,2023-11-21 16:52:38,,1
0000002987,0000002872,923,2018-04-27 06:38:04,,1
0000002988,0000002873,770,2021-01-28 03:27:21,,1
0000002989,0000002874,770,2017-01-08 08:20:37,,1
0000002990,0000002875,160,2021-03-28 13:48:07,,1
0000002991,0000002876,351,2017-10-22 14:59:45,,1
0000002992,0000002877,351,2020-09-19 13:26:31,,1
0000002993,0000002878,351,2019-04-18 03:07:50,,1
0000002994,0000002879,633,2020-01-03 15:24:47,,1
0000002995,0000002880,486,2019-04-29 09:57:51,,1
0000002996,0000002881,876,2022-03-14 22:38:10,,1
0000002997,0000002882,876,2017-07-03 22:55:18,,1
0000002998,0000002883,886,2024-08-08 14:26:28,,1
0000002999,0000002884,205,2019-06-20 02:14:34,,1
0000003000,0000002885,297,2024-12-17 15:02:42,,1
0000003001,0000002886,345,2021-08-29 05:57:56,,1
0000003002,0000002887,345,2025-03-27 08:00:38,,1
0000003003,0000002888,345,2016-07-31 17:46:35,,1
0000003004,0000002889,113,2023-10-08 23:50:33,,1
0000003005,0000002890,113,2022-01-25 21:20:24,,1
0000003006,0000002891,253,2016-12-18 11:05:31,,1
0000003007,0000002892,328,2018-07-12 08:57:05,,1
0000003008,0000002893,328,2022-11-14 16:43:02,,1
0000003009,0000002894,328,2018-09-11 11:08:41,,1
0000003010,0000002895,328,2024-05-04 07:45:14,,1
0000003011,0000002896,763,2021-02-28 06:19:03,,1
0000003012,0000002897,763,2021-06-11 01:41:13,,1
0000003013,0000002898,763,2021-10-13 23:17:55,,1
0000003014,0000002899,763,2018-07-25 21:31:40,,1
0000003015,0000002900,330,2023-11-27 13:54:53,,1
0000003016,0000002901,14,2021-10-15 11:53:08,,1
0000003017,0000002902,599,2023-08-17 09:43:38,,1
0000003018,0000002903,601,2024-05-22 19:19:59,,1
0000003019,0000002904,601,2019-02-05 23:38:04,,1
0000003020,0000002905,443,2019-10-16 05:13:32,,1
0000003021,0000002906,131,2018-03-22 04:56:15,,1
0000003022,0000002907,131,2026-06-06 16:19:50,,1
0000003023,0000002908,131,2021-04-14 12:17:44,,1
0000003024,0000002909,131,2020-11-11 17:42:58,,1
0000003025,0000002910,356,2023-02-24 10:34:51,,1
0000003026,0000002911,356,2020-07-26 04:10:06,,1
0000003027,0000002912,356,2023-03-30 13:11:05,,1
0000003028,0000002913,297,2018-09-09 16:31:16,,1
0000003029,0000002914,507,2018-07-14 17:33:00,,1
0000003030,0000002915,702,2025-07-31 20:36:59,,1
0000003031,0000002916,507,2019-09-15 11:43:45,,1
0000003032,0000002917,507,2018-04-22 03:10:30,,1
0000003033,0000002918,507,2016-05-24 01:24:41,,1
0000003034,0000002919,230,2017-05-14 01:10:07,,1
0000003035,0000002920,655,2022-12-15 20:29:50,,1
0000003036,0000002921,493,2022-04-12 17:53:47,,1
0000003037,0000002922,407,2020-07-29 17:02:58,,1
0000003038,0000002923,658,2021-11-13 06:28:06,,1
0000003039,0000002924,112,2020-11-08 09:39:24,,1
0000003040,0000002925,665,2022-10-16 02:52:12,,1
0000003041,0000002926,419,2017-06-14 22:31:53,,1
0000003042,0000002927,419,2018-07-19 12:01:04,,1
0000003043,0000002928,419,2018-03-24 21:01:51,,1
0000003044,0000002929,263,2019-11-26 08:07:26,,1
0000003045,0000002930,969,2018-05-22 04:07:02,,1
0000003046,0000002931,969,2016-09-09 23:02:13,,1
0000003047,0000002932,457,2019-07-16 21:32:58,,1
0000003048,0000002933,457,2026-03-12 11:36:16,,1
0000003049,0000002934,664,2017-10-22 12:35:47,,1
0000003050,0000002935,664,2025-03-03 09:28:12,,1
0000003051,0000002936,664,2020-09-11 07:35:25,,1
0000003052,0000002937,838,2023-03-13 02:54:36,,1
0000003053,0000002938,118,2025-06-16 09:15:03,,1
0000003054,0000002939,252,2019-06-17 05:24:00,,1
0000003055,0000002940,252,2018-12-28 04:03:14,,1
0000003056,0000002941,252,2019-04-18 18:11:50,,1
0000003057,0000002942,252,2018-12-24 10:19:28,,1
0000003058,0000002943,252,2019-01-29 21:01:51,,1
0000003059,0000002944,252,2018-10-16 09:41:38,,1
0000003060,0000002945,252,2019-05-07 22:43:28,,1
0000003061,0000002946,252,2019-03-23 08:33:41,,1
0000003062,0000002947,252,2018-10-13 10:15:52,,1
0000003063,0000002948,252,2018-07-28 16:14:35,,1
0000003064,0000002949,252,2018-08-10 07:09:52,,1
0000003065,0000002950,252,2018-06-08 11:23:17,,1
0000003066,0000002951,981,2022-09-19 05:55:08,,1
0000003067,0000002952,981,2017-04-15 11:11:35,,1
0000003068,0000002953,143,2019-09-04 02:14:25,,1
0000003069,0000002954,143,2016-01-05 13:27:58,,1
0000003070,0000002955,845,2022-10-11 19:03:16,,1
0000003071,0000002956,845,2020-06-12 17:14:59,,1
0000003072,0000002957,845,2017-01-02 15:49:10,,1
0000003073,0000002958,845,2021-04-20 04:33:42,,1
0000003074,0000002959,845,2017-10-11 16:52:07,,1
0000003075,0000002960,524,2020-12-09 09:16:12,,1
0000003076,0000002961,577,2024-05-22 19:42:06,,1
0000003077,0000002962,89,2018-06-01 21:33:23,,1
0000003078,0000002963,524,2022-03-07 07:33:03,,1
0000003079,0000002964,524,2021-01-10 14:09:31,,1
0000003080,0000002965,524,2023-12-29 03:21:55,,1
0000003081,0000002966,524,2021-07-17 02:12:43,,1
0000003082,0000002967,524,2019-01-17 12:47:38,,1
0000003083,0000002968,395,2017-11-08 14:33:55,,1
0000003084,0000002969,395,2018-09-27 05:25:05,2018-09-28 15:23:58,0
0000003085,0000002969,329,2018-09-28 15:23:58,,1
0000003086,0000002970,395,2019-09-27 14:43:24,,1
0000003087,0000002971,395,2019-09-09 06:54:37,,1
0000003088,0000002972,395,2019-02-07 16:42:57,,1
0000003089,0000002973,238,2018-10-29 08:25:20,,1
0000003090,0000002974,395,2017-08-26 07:05:09,,1
0000003091,0000002975,395,2017-11-20 05:18:28,,1
0000003092,0000002976,105,2020-09-17 16:50:52,2020-09-19 10:13:56,0
0000003093,0000002976,654,2020-09-19 10:13:56,,1
0000003094,0000002977,105,2021-02-25 11:37:40,,1
0000003095,0000002978,581,2024-10-29 18:37:29,,1
0000003096,0000002979,370,2025-06-27 06:51:53,,1
0000003097,0000002980,912,2022-03-04 08:59:32,,1
0000003098,0000002981,439,2025-06-10 22:56:37,,1
0000003099,0000002982,439,2023-06-28 10:04:58,,1
0000003100,0000002983,545,2024-07-24 12:06:44,,1
0000003101,0000002984,439,2022-08-25 18:57:32,,1
0000003102,0000002985,439,2018-09-22 21:24:08,,1
0000003103,0000002986,107,2024-01-30 01:50:01,,1
0000003104,0000002987,423,2019-05-01 21:22:56,,1
0000003105,0000002988,152,2019-01-31 00:17:39,2019-02-03 22:57:57,0
0000003106,0000002988,214,2019-02-03 22:57:57,,1
0000003107,0000002989,152,2019-03-18 03:23:49,,1
0000003108,0000002990,131,2018-06-05 10:32:08,,1
0000003109,0000002991,131,2019-02-07 14:54:31,,1
0000003110,0000002992,588,2019-05-22 05:49:38,,1
0000003111,0000002993,813,2019-01-23 02:00:35,,1
0000003112,0000002994,550,2018-09-03 09:12:02,,1
0000003113,0000002995,550,2019-10-24 05:01:12,,1
0000003114,0000002996,550,2016-08-20 16:01:24,,1
0000003115,0000002997,236,2021-10-03 02:09:12,,1
0000003116,0000002998,236,2021-01-24 03:19:52,,1
0000003117,0000002999,527,2023-10-19 08:05:59,,1
0000003118,0000003000,209,2026-03-10 03:03:37,,1
0000003119,0000003001,870,2018-04-19 10:24:08,,1
0000003120,0000003002,888,2021-10-08 15:45:21,,1
0000003121,0000003003,878,2022-03-20 23:40:02,,1
0000003122,0000003004,976,2025-01-16 07:04:13,,1
0000003123,0000003005,870,2018-08-26 01:52:43,,1
0000003124,0000003006,719,2019-03-04 03:41:55,,1
0000003125,0000003007,719,2023-08-25 18:07:07,,1
0000003126,0000003008,90,2025-04-30 12:13:06,2025-05-05 08:03:18,0
0000003127,0000003008,387,2025-05-05 08:03:18,,1
0000003128,0000003009,609,2018-08-30 10:41:17,,1
0000003129,0000003010,79,2017-01-31 19:01:08,,1
0000003130,0000003011,79,2018-08-19 00:14:03,,1
0000003131,0000003012,79,2023-12-16 19:13:56,,1
0000003132,0000003013,79,2026-07-12 19:08:15,,1
0000003133,0000003014,79,2024-07-27 04:57:29,,1
0000003134,0000003015,587,2021-07-19 03:53:17,,1
0000003135,0000003016,482,2024-08-22 06:08:31,2024-08-23 17:22:10,0
0000003136,0000003016,883,2024-08-23 17:22:10,,1
0000003137,0000003017,559,2015-09-19 15:48:00,,1
0000003138,0000003018,482,2020-07-20 16:10:57,,1
0000003139,0000003019,482,2024-10-14 19:02:32,,1
0000003140,0000003020,482,2016-12-04 06:38:58,,1
0000003141,0000003021,482,2017-07-10 19:35:25,,1
0000003142,0000003022,482,2020-03-27 03:22:57,,1
0000003143,0000003023,740,2016-10-21 12:03:59,,1
0000003144,0000003024,346,2023-04-25 18:55:34,,1
0000003145,0000003025,165,2016-09-08 05:54:33,,1
0000003146,0000003026,165,2018-11-30 23:20:13,,1
0000003147,0000003027,611,2026-06-01 07:39:57,,1
0000003148,0000003028,927,2024-08-28 20:56:41,,1
0000003149,0000003029,12,2025-11-24 12:32:55,,1
0000003150,0000003030,535,2018-03-20 12:02:57,,1
0000003151,0000003031,402,2025-09-22 14:34:14,,1
0000003152,0000003032,489,2016-01-12 00:31:27,,1
0000003153,0000003033,489,2015-10-30 23:08:16,,1
0000003154,0000003034,277,2022-01-14 19:38:57,,1
0000003155,0000003035,277,2018-10-27 17:04:20,,1
0000003156,0000003036,277,2020-01-31 02:07:24,,1
0000003157,0000003037,798,2018-09-28 07:27:13,,1
0000003158,0000003038,327,2025-08-27 00:43:19,,1
0000003159,0000003039,247,2024-10-13 03:14:49,,1
0000003160,0000003040,323,2021-07-22 20:03:22,,1
0000003161,0000003041,323,2023-01-17 20:03:10,,1
0000003162,0000003042,203,2024-06-11 05:41:30,,1
0000003163,0000003043,323,2016-04-23 14:39:50,,1
0000003164,0000003044,627,2016-12-23 10:11:15,,1
0000003165,0000003045,816,2021-06-20 19:44:08,,1
0000003166,0000003046,438,2020-12-17 04:36:18,,1
0000003167,0000003047,96,2019-04-07 20:26:30,,1
0000003168,0000003048,736,2025-07-08 03:11:13,,1
0000003169,0000003049,736,2023-11-07 08:29:35,,1
0000003170,0000003050,736,2023-11-29 23:16:56,,1
0000003171,0000003051,96,2019-05-19 04:45:19,,1
0000003172,0000003052,644,2022-06-16 08:44:28,,1
0000003173,0000003053,736,2024-11-28 08:50:20,,1
0000003174,0000003054,348,2025-01-16 07:22:55,,1
0000003175,0000003055,135,2022-04-06 07:13:38,,1
0000003176,0000003056,805,2016-08-10 11:42:13,,1
0000003177,0000003057,348,2025-07-11 19:09:14,,1
0000003178,0000003058,805,2017-06-16 05:11:12,,1
0000003179,0000003059,581,2018-07-31 03:43:38,,1
0000003180,0000003060,73,2020-10-19 06:51:03,2020-10-20 20:01:25,0
0000003181,0000003060,54,2020-10-20 20:01:25,,1
0000003182,0000003061,397,2017-01-29 00:31:43,,1
0000003183,0000003062,376,2016-11-03 01:11:00,,1
0000003184,0000003063,226,2024-06-13 10:03:23,,1
0000003185,0000003064,880,2018-10-17 23:59:04,,1
0000003186,0000003065,272,2018-02-06 06:01:17,,1
0000003187,0000003066,229,2018-08-14 02:26:33,,1
0000003188,0000003067,229,2017-01-25 14:18:29,,1
0000003189,0000003068,922,2018-05-03 17:26:32,,1
0000003190,0000003069,444,2016-11-12 23:38:19,,1
0000003191,0000003070,548,2017-06-23 12:39:16,,1
0000003192,0000003071,406,2025-01-01 02:04:54,,1
0000003193,0000003072,548,2017-04-04 09:42:04,,1
0000003194,0000003073,337,2018-04-08 02:18:57,,1
0000003195,0000003074,337,2018-09-27 07:45:11,,1
0000003196,0000003075,67,2022-10-09 10:25:31,,1
0000003197,0000003076,337,2018-09-19 17:50:05,,1
0000003198,0000003077,67,2022-11-30 15:35:42,2022-12-03 22:57:23,0
0000003199,0000003077,457,2022-12-03 22:57:23,,1
0000003200,0000003078,466,2016-07-30 13:59:58,,1
0000003201,0000003079,656,2021-07-25 13:25:06,,1
0000003202,0000003080,656,2016-08-11 08:12:39,,1
0000003203,0000003081,793,2017-11-05 01:11:39,,1
0000003204,0000003082,793,2022-11-13 05:12:18,,1
0000003205,0000003083,415,2024-06-15 03:32:42,,1
0000003206,0000003084,415,2024-07-16 22:08:42,,1
0000003207,0000003085,415,2025-12-30 04:59:42,,1
0000003208,0000003086,220,2017-11-30 22:27:12,,1
0000003209,0000003087,25,2023-07-08 09:22:44,,1
0000003210,0000003088,169,2022-10-25 15:17:03,,1
0000003211,0000003089,347,2018-09-04 18:54:02,,1
0000003212,0000003090,722,2017-10-09 11:26:17,,1
0000003213,0000003091,512,2019-06-26 13:20:10,,1
0000003214,0000003092,853,2020-01-09 21:14:02,,1
0000003215,0000003093,853,2022-03-03 16:28:22,,1
0000003216,0000003094,447,2018-06-07 11:08:38,,1
0000003217,0000003095,447,2016-01-17 21:07:05,,1
0000003218,0000003096,447,2023-10-30 03:38:46,,1
0000003219,0000003097,447,2016-07-15 02:06:39,,1
0000003220,0000003098,367,2016-04-16 04:19:08,,1
0000003221,0000003099,955,2018-06-17 21:22:23,,1
0000003222,0000003100,955,2019-04-07 13:49:10,,1
0000003223,0000003101,955,2018-09-09 01:39:52,,1
0000003224,0000003102,955,2018-11-27 20:11:45,,1
0000003225,0000003103,955,2019-04-14 01:20:57,2019-04-17 15:51:08,0
0000003226,0000003103,565,2019-04-17 15:51:08,,1
0000003227,0000003104,955,2018-07-04 14:35:15,,1
0000003228,0000003105,107,2026-10-03 11:00:05,,1
0000003229,0000003106,955,2019-02-27 07:17:36,,1
0000003230,0000003107,801,2020-08-25 16:59:43,,1
0000003231,0000003108,801,2025-12-16 19:34:27,,1
0000003232,0000003109,699,2020-04-29 17:19:15,,1
0000003233,0000003110,416,2020-09-13 07:46:26,,1
0000003234,0000003111,845,2025-07-27 07:36:11,,1
0000003235,0000003112,27,2020-04-03 08:22:20,,1
0000003236,0000003113,175,2017-10-15 20:06:52,,1
0000003237,0000003114,175,2017-12-26 06:41:19,,1
0000003238,0000003115,175,2019-05-08 01:20:05,,1
0000003239,0000003116,821,2020-07-01 07:58:14,,1
0000003240,0000003117,517,2023-05-04 11:51:57,,1
0000003241,0000003118,619,2026-02-12 05:47:46,,1
0000003242,0000003119,567,2023-10-11 15:42:11,,1
0000003243,0000003120,192,2026-08-31 09:50:33,,1
0000003244,0000003121,789,2018-02-18 21:42:47,2018-02-21 04:14:34,0
0000003245,0000003121,733,2018-02-21 04:14:34,,1
0000003246,0000003122,789,2022-01-11 10:42:41,,1
0000003247,0000003123,267,2026-01-17 22:51:54,,1
0000003248,0000003124,888,2024-11-07 14:20:05,,1
0000003249,0000003125,594,2022-12-03 10:35:16,,1
0000003250,0000003126,594,2021-06-13 00:40:01,,1
0000003251,0000003127,935,2019-04-16 06:14:13,,1
0000003252,0000003128,935,2019-01-19 06:14:05,,1
0000003253,0000003129,430,2026-02-04 09:38:12,,1
0000003254,0000003130,79,2020-06-30 05:57:58,,1
0000003255,0000003131,216,2024-02-11 03:12:42,,1
0000003256,0000003132,1000,2020-03-15 21:40:33,,1
0000003257,0000003133,198,2018-01-16 20:22:25,,1
0000003258,0000003134,198,2018-02-10 06:01:47,,1
0000003259,0000003135,831,2017-12-30 07:38:31,,1
0000003260,0000003136,198,2017-11-27 08:10:39,,1
0000003261,0000003137,198,2017-11-29 00:23:13,,1
0000003262,0000003138,764,2022-08-18 04:21:36,,1
0000003263,0000003139,106,2018-10-27 22:56:47,,1
0000003264,0000003140,350,2015-12-04 19:08:47,,1
0000003265,0000003141,420,2021-11-23 05:52:21,,1
0000003266,0000003142,149,2020-06-08 09:12:32,,1
0000003267,0000003143,149,2019-02-23 05:51:11,,1
0000003268,0000003144,729,2021-01-12 21:53:06,,1
0000003269,0000003145,219,2019-08-07 09:49:01,,1
0000003270,0000003146,219,2019-01-19 08:49:55,,1
0000003271,0000003147,219,2019-01-31 13:19:52,,1
0000003272,0000003148,219,2020-07-03 13:32:01,,1
0000003273,0000003149,219,2021-03-04 11:05:25,,1
0000003274,0000003150,223,2016-12-08 18:39:41,,1
0000003275,0000003151,223,2017-02-23 15:49:27,,1
0000003276,0000003152,886,2016-11-26 07:17:11,,1
0000003277,0000003153,223,2017-05-16 05:10:33,,1
0000003278,0000003154,883,2016-09-24 10:07:40,,1
0000003279,0000003155,51,2022-03-04 10:55:12,,1
0000003280,0000003156,51,2017-04-07 20:57:31,,1
0000003281,0000003157,51,2018-07-29 11:16:52,,1
0000003282,0000003158,571,2021-02-11 06:46:07,,1
0000003283,0000003159,335,2020-11-09 23:57:58,,1
0000003284,0000003160,335,2020-05-22 05:54:45,,1
0000003285,0000003161,292,2015-09-28 06:04:22,,1
0000003286,0000003162,292,2015-03-23 17:57:30,,1
0000003287,0000003163,741,2019-05-23 18:22:27,,1
0000003288,0000003164,82,2020-04-24 14:26:23,,1
0000003289,0000003165,143,2026-09-26 00:36:21,,1
0000003290,0000003166,74,2017-01-29 04:34:20,,1
0000003291,0000003167,91,2022-07-11 01:16:04,,1
0000003292,0000003168,91,2026-02-25 12:00:20,,1
0000003293,0000003169,266,2021-10-30 12:30:51,,1
0000003294,0000003170,266,2022-05-30 09:32:51,,1
0000003295,0000003171,266,2025-07-21 23:08:01,,1
0000003296,0000003172,266,2026-02-15 17:30:02,,1
0000003297,0000003173,266,2021-04-02 01:10:32,,1
0000003298,0000003174,271,2022-03-03 11:58:45,,1
0000003299,0000003175,271,2023-01-06 21:31:42,,1
0000003300,0000003176,271,2024-10-01 00:28:39,,1
0000003301,0000003177,123,2024-04-10 09:40:05,,1
0000003302,0000003178,123,2021-12-13 10:51:15,,1
0000003303,0000003179,123,2019-07-17 23:32:51,,1
0000003304,0000003180,502,2022-10-17 19:56:52,,1
0000003305,0000003181,678,2020-04-08 17:25:11,,1
0000003306,0000003182,856,2017-12-10 03:45:06,,1
0000003307,0000003183,786,2016-12-02 07:42:01,,1
0000003308,0000003184,687,2026-09-19 17:39:40,,1
0000003309,0000003185,687,2019-01-18 01:44:04,,1
0000003310,0000003186,687,2017-05-09 00:47:24,,1
0000003311,0000003187,687,2023-05-20 17:43:45,,1
0000003312,0000003188,939,2016-02-02 00:12:22,,1
0000003313,0000003189,939,2018-06-16 23:51:20,,1
0000003314,0000003190,434,2025-06-09 00:53:40,,1
0000003315,0000003191,434,2024-09-11 22:53:26,,1
0000003316,0000003192,473,2022-10-06 02:21:32,,1
0000003317,0000003193,473,2014-12-14 18:51:03,,1
0000003318,0000003194,204,2022-03-16 08:54:26,,1
0000003319,0000003195,192,2023-04-22 09:09:05,,1
0000003320,0000003196,407,2020-12-31 09:29:57,,1
0000003321,0000003197,57,2025-10-21 23:13:06,2025-10-22 14:19:58,0
0000003322,0000003197,589,2025-10-22 14:19:58,,1
0000003323,0000003198,407,2017-12-27 17:17:32,,1
0000003324,0000003199,392,2018-04-03 06:39:37,,1
0000003325,0000003200,112,2017-04-11 14:34:13,,1
0000003326,0000003201,112,2022-09-02 20:58:27,,1
0000003327,0000003202,112,2016-11-08 03:23:57,,1
0000003328,0000003203,698,2023-11-18 21:59:17,,1
0000003329,0000003204,698,2024-03-03 15:39:41,,1
0000003330,0000003205,442,2018-11-16 21:03:13,,1
0000003331,0000003206,917,2021-10-08 04:36:09,,1
0000003332,0000003207,104,2021-03-03 20:17:00,,1
0000003333,0000003208,104,2025-02-23 03:03:20,,1
0000003334,0000003209,104,2025-08-06 18:27:41,,1
0000003335,0000003210,104,2021-10-12 21:36:30,,1
0000003336,0000003211,104,2022-04-17 19:01:53,,1
0000003337,0000003212,104,2026-10-01 11:17:48,,1
0000003338,0000003213,104,2026-09-08 01:50:07,,1
0000003339,0000003214,639,2017-04-01 14:09:50,,1
0000003340,0000003215,356,2023-11-10 06:22:35,,1
0000003341,0000003216,192,2024-07-30 01:15:07,,1
0000003342,0000003217,86,2021-03-25 14:25:09,,1
0000003343,0000003218,598,2018-11-24 06:56:06,,1
0000003344,0000003219,2,2024-07-11 13:41:41,,1
0000003345,0000003220,2,2021-02-14 05:36:03,,1
0000003346,0000003221,136,2022-06-12 16:45:27,,1
0000003347,0000003222,538,2024-05-11 06:30:30,,1
0000003348,0000003223,538,2020-11-06 06:23:26,,1
0000003349,0000003224,538,2019-09-13 10:12:21,,1
0000003350,0000003225,538,2019-04-27 19:49:52,,1
0000003351,0000003226,360,2023-08-03 15:14:06,,1
0000003352,0000003227,309,2019-11-03 23:04:36,,1
0000003353,0000003228,728,2025-03-21 13:18:21,,1
0000003354,0000003229,421,2023-08-24 12:11:47,,1
0000003355,0000003230,421,2021-02-28 18:59:13,,1
0000003356,0000003231,1000,2022-09-11 17:27:49,,1
0000003357,0000003232,896,2024-05-02 05:45:27,,1
0000003358,0000003233,32,2019-01-20 15:48:44,,1
0000003359,0000003234,32,2023-08-28 13:24:48,,1
0000003360,0000003235,32,2023-10-02 16:06:27,,1
0000003361,0000003236,739,2017-10-23 15:23:54,,1
0000003362,0000003237,428,2026-03-29 16:35:17,,1
0000003363,0000003238,126,2018-08-19 15:18:17,,1
0000003364,0000003239,316,2021-12-30 03:14:44,,1
0000003365,0000003240,698,2026-09-28 04:41:23,,1
0000003366,0000003241,142,2015-02-22 13:18:22,,1
0000003367,0000003242,142,2017-10-30 02:10:19,,1
0000003368,0000003243,443,2020-10-07 23:22:51,,1
0000003369,0000003244,443,2024-11-08 09:13:33,,1
0000003370,0000003245,443,2018-04-27 04:45:01,,1
0000003371,0000003246,443,2024-11-18 04:32:14,,1
0000003372,0000003247,443,2026-03-07 05:41:11,,1
0000003373,0000003248,943,2026-03-21 14:58:06,,1
0000003374,0000003249,943,2017-11-23 16:16:18,,1
0000003375,0000003250,696,2021-08-06 05:10:27,,1
0000003376,0000003251,696,2022-11-24 01:02:14,,1
0000003377,0000003252,696,2025-05-06 23:44:59,,1
0000003378,0000003253,447,2015-09-25 14:08:21,,1
0000003379,0000003254,696,2024-10-24 16:06:34,,1
0000003380,0000003255,309,2020-12-12 05:47:56,,1
0000003381,0000003256,354,2018-07-06 03:48:01,,1
0000003382,0000003257,516,2020-09-15 19:18:34,,1
0000003383,0000003258,516,2021-03-25 03:31:07,,1
0000003384,0000003259,516,2022-09-04 22:28:54,,1
0000003385,0000003260,516,2019-06-27 16:36:17,,1
0000003386,0000003261,41,2019-06-24 18:09:51,,1
0000003387,0000003262,516,2020-02-06 07:08:23,,1
0000003388,0000003263,516,2022-01-23 06:03:04,,1
0000003389,0000003264,516,2022-04-04 09:21:23,,1
0000003390,0000003265,516,2018-03-11 06:19:45,,1
0000003391,0000003266,516,2018-09-20 04:06:37,,1
0000003392,0000003267,516,2022-08-28 17:44:45,,1
0000003393,0000003268,935,2020-10-10 22:36:24,,1
0000003394,0000003269,935,2023-05-24 00:25:10,,1
0000003395,0000003270,525,2017-03-18 17:52:27,,1
0000003396,0000003271,525,2015-09-24 12:44:23,,1
0000003397,0000003272,525,2016-11-18 06:36:34,,1
0000003398,0000003273,87,2017-04-21 11:37:26,,1
0000003399,0000003274,87,2026-08-12 17:02:22,,1
0000003400,0000003275,547,2025-03-21 21:23:42,,1
0000003401,0000003276,87,2024-08-18 19:36:41,,1
0000003402,0000003277,87,2018-07-16 10:33:58,,1
0000003403,0000003278,87,2019-09-03 05:18:38,,1
0000003404,0000003279,87,2019-05-10 00:30:45,,1
0000003405,0000003280,87,2026-07-12 06:13:17,,1
0000003406,0000003281,87,2018-01-11 05:12:01,,1
0000003407,0000003282,87,2023-11-23 16:13:35,,1
0000003408,0000003283,87,2022-12-27 03:07:51,,1
0000003409,0000003284,87,2017-10-01 04:04:05,,1
0000003410,0000003285,609,2023-06-20 07:07:47,,1
0000003411,0000003286,609,2017-11-28 13:42:42,,1
0000003412,0000003287,125,2022-04-09 14:42:46,,1
0000003413,0000003288,125,2021-06-21 18:29:57,,1
0000003414,0000003289,125,2019-10-11 10:10:59,,1
0000003415,0000003290,125,2016-10-25 00:49:25,,1
0000003416,0000003291,125,2018-09-26 17:00:18,,1
0000003417,0000003292,917,2022-09-01 17:52:54,,1
0000003418,0000003293,478,2016-04-15 21:30:08,,1
0000003419,0000003294,833,2021-10-14 11:48:23,,1
0000003420,0000003295,917,2020-03-06 01:27:14,,1
0000003421,0000003296,917,2021-02-07 10:29:33,,1
0000003422,0000003297,917,2016-03-20 00:51:17,,1
0000003423,0000003298,917,2017-05-26 09:58:58,,1
0000003424,0000003299,917,2017-06-21 12:19:13,,1
0000003425,0000003300,668,2025-04-07 17:06:11,,1
0000003426,0000003301,69,2023-07-17 01:09:53,,1
0000003427,0000003302,254,2023-05-01 18:19:14,,1
0000003428,0000003303,254,2023-04-01 22:46:51,,1
0000003429,0000003304,100,2018-09-04 13:42:29,,1
0000003430,0000003305,254,2024-05-01 10:51:28,,1
0000003431,0000003306,254,2022-02-26 10:11:13,,1
0000003432,0000003307,949,2017-07-17 08:38:09,,1
0000003433,0000003308,949,2017-05-27 20:14:17,,1
0000003434,0000003309,949,2018-02-22 11:59:10,,1
0000003435,0000003310,840,2019-07-22 15:11:16,,1
0000003436,0000003311,632,2018-02-25 01:36:26,,1
0000003437,0000003312,760,2015-05-29 17:56:54,,1
0000003438,0000003313,717,2019-09-18 15:47:36,,1
0000003439,0000003314,715,2026-07-01 02:04:03,,1
0000003440,0000003315,403,2026-09-09 06:40:04,,1
0000003441,0000003316,715,2025-08-14 04:03:57,,1
0000003442,0000003317,282,2016-07-10 09:12:13,,1
0000003443,0000003318,282,2016-09-15 21:37:08,,1
0000003444,0000003319,382,2019-10-28 09:17:03,,1
0000003445,0000003320,649,2018-05-16 00:19:08,,1
0000003446,0000003321,516,2026-04-20 09:37:47,,1
0000003447,0000003322,877,2020-10-02 15:29:11,,1
0000003448,0000003323,348,2021-10-13 17:24:36,,1
0000003449,0000003324,737,2015-03-28 02:59:48,,1
0000003450,0000003325,726,2022-12-07 03:59:41,,1
0000003451,0000003326,726,2022-06-05 07:09:04,,1
0000003452,0000003327,726,2022-03-10 15:44:42,,1
0000003453,0000003328,792,2025-04-01 19:25:46,,1
0000003454,0000003329,726,2018-06-05 16:48:58,,1
0000003455,0000003330,726,2023-05-16 09:45:40,,1
0000003456,0000003331,795,2026-09-23 20:42:01,,1
0000003457,0000003332,726,2021-03-11 17:53:12,,1
0000003458,0000003333,414,2023-11-15 09:00:55,,1
0000003459,0000003334,696,2021-09-27 14:54:32,,1
0000003460,0000003335,66,2019-01-24 04:20:40,,1
0000003461,0000003336,19,2019-05-11 04:23:45,,1
0000003462,0000003337,716,2022-03-21 22:48:42,,1
0000003463,0000003338,716,2019-08-16 12:02:44,,1
0000003464,0000003339,716,2018-11-09 22:05:21,,1
0000003465,0000003340,685,2018-09-21 06:50:45,,1
0000003466,0000003341,983,2018-05-06 15:16:13,,1
0000003467,0000003342,685,2019-03-23 15:29:42,,1
0000003468,0000003343,685,2019-10-28 05:06:48,,1
0000003469,0000003344,28,2022-01-08 16:44:29,,1
0000003470,0000003345,853,2019-09-01 18:09:56,,1
0000003471,0000003346,395,2025-10-29 22:08:32,,1
0000003472,0000003347,634,2018-08-12 21:06:37,,1
0000003473,0000003348,53,2022-05-30 10:52:12,,1
0000003474,0000003349,53,2025-12-23 01:42:27,,1
0000003475,0000003350,992,2017-06-02 15:42:41,,1
0000003476,0000003351,347,2017-05-17 02:40:26,,1
0000003477,0000003352,347,2021-04-25 05:23:55,,1
0000003478,0000003353,927,2024-02-16 17:22:22,,1
0000003479,0000003354,927,2023-02-24 02:53:25,2023-02-25 02:35:41,0
0000003480,0000003354,12,2023-02-25 02:35:41,,1
0000003481,0000003355,490,2022-05-26 03:39:40,2022-05-29 09:54:22,0
0000003482,0000003355,730,2022-05-29 09:54:22,,1
0000003483,0000003356,490,2025-09-26 15:16:02,,1
0000003484,0000003357,701,2020-10-20 08:43:47,,1
0000003485,0000003358,449,2025-09-23 01:49:27,,1
0000003486,0000003359,449,2017-12-20 23:49:13,,1
0000003487,0000003360,352,2021-09-23 03:21:39,,1
0000003488,0000003361,352,2017-12-11 08:31:32,,1
0000003489,0000003362,352,2020-05-31 09:04:55,,1
0000003490,0000003363,352,2017-07-03 01:36:38,,1
0000003491,0000003364,352,2026-08-22 09:39:36,,1
0000003492,0000003365,352,2018-01-24 01:07:09,,1
0000003493,0000003366,207,2022-12-29 18:35:11,,1
0000003494,0000003367,352,2019-04-15 19:22:03,,1
0000003495,0000003368,930,2020-09-13 05:33:05,,1
0000003496,0000003369,671,2020-10-17 07:28:06,,1
0000003497,0000003370,671,2024-06-17 08:17:31,,1
0000003498,0000003371,671,2022-03-11 09:27:13,,1
0000003499,0000003372,671,2026-06-16 02:57:13,,1
0000003500,0000003373,671,2024-10-02 13:10:23,,1
0000003501,0000003374,673,2022-01-26 06:48:55,,1
0000003502,0000003375,920,2020-03-22 09:17:13,2020-03-24 11:23:37,0
0000003503,0000003375,132,2020-03-24 11:23:37,,1
0000003504,0000003376,920,2021-06-16 11:30:09,,1
0000003505,0000003377,83,2016-11-10 12:52:02,,1
0000003506,0000003378,987,2025-05-24 00:41:53,,1
0000003507,0000003379,890,2021-12-02 23:37:55,,1
0000003508,0000003380,184,2020-05-27 13:33:19,,1
0000003509,0000003381,355,2022-08-30 10:37:11,,1
0000003510,0000003382,355,2023-04-05 20:46:22,,1
0000003511,0000003383,355,2019-02-06 00:19:00,,1
0000003512,0000003384,862,2017-11-25 23:28:01,,1
0000003513,0000003385,862,2017-11-06 03:32:56,,1
0000003514,0000003386,862,2017-04-13 13:48:44,,1
0000003515,0000003387,422,2026-06-21 17:15:35,,1
0000003516,0000003388,241,2021-06-15 12:25:42,,1
0000003517,0000003389,848,2022-01-22 12:30:43,,1
0000003518,0000003390,442,2017-09-16 13:17:40,,1
0000003519,0000003391,442,2017-09-26 23:25:49,2017-09-27 06:38:03,0
0000003520,0000003391,473,2017-09-27 06:38:03,,1
0000003521,0000003392,442,2017-10-10 18:41:22,,1
0000003522,0000003393,442,2017-10-15 02:42:25,,1
0000003523,0000003394,442,2017-08-14 21:59:43,,1
0000003524,0000003395,350,2019-12-08 14:18:43,,1
0000003525,0000003396,350,2023-05-05 12:59:19,,1
0000003526,0000003397,746,2022-04-23 18:23:09,2022-04-24 21:05:19,0
0000003527,0000003397,350,2022-04-24 21:05:19,,1
0000003528,0000003398,350,2025-06-12 01:08:46,,1
0000003529,0000003399,779,2018-10-24 09:09:57,,1
0000003530,0000003400,350,2021-07-29 18:59:11,,1
0000003531,0000003401,350,2021-10-27 09:32:13,,1
0000003532,0000003402,547,2019-10-12 09:51:37,,1
0000003533,0000003403,350,2021-11-01 18:45:23,,1
0000003534,0000003404,350,2019-09-25 06:46:50,,1
0000003535,0000003405,350,2024-09-05 05:24:59,,1
0000003536,0000003406,350,2019-07-14 23:36:51,,1
0000003537,0000003407,587,2018-07-04 15:52:28,,1
0000003538,0000003408,136,2018-01-28 19:12:02,,1
0000003539,0000003409,136,2019-12-10 01:31:50,,1
0000003540,0000003410,136,2026-10-06 17:43:03,,1
0000003541,0000003411,136,2021-07-10 12:15:34,,1
0000003542,0000003412,136,2021-02-22 15:40:19,,1
0000003543,0000003413,676,2024-08-22 04:07:11,,1
0000003544,0000003414,201,2018-10-31 23:03:36,,1
0000003545,0000003415,276,2019-04-22 11:56:23,,1
0000003546,0000003416,18,2020-09-30 11:07:51,,1
0000003547,0000003417,451,2022-08-24 07:59:57,,1
0000003548,0000003418,919,2022-04-25 07:31:33,,1
0000003549,0000003419,919,2025-07-31 21:43:59,,1
0000003550,0000003420,179,2017-04-03 00:26:08,,1
0000003551,0000003421,179,2021-04-29 11:02:25,,1
0000003552,0000003422,893,2024-05-16 08:26:08,,1
0000003553,0000003423,179,2021-10-25 15:32:38,,1
0000003554,0000003424,179,2022-05-18 08:39:35,,1
0000003555,0000003425,179,2022-07-30 16:09:41,,1
0000003556,0000003426,179,2016-01-22 17:26:59,,1
0000003557,0000003427,179,2018-11-29 11:26:49,,1
0000003558,0000003428,519,2020-10-08 08:17:22,,1
0000003559,0000003429,594,2025-07-31 02:40:15,,1
0000003560,0000003430,18,2021-02-11 17:04:08,,1
0000003561,0000003431,519,2018-10-01 05:22:19,,1
0000003562,0000003432,519,2019-07-14 01:50:25,,1
0000003563,0000003433,80,2022-03-03 13:15:51,,1
0000003564,0000003434,662,2022-02-25 03:15:54,,1
0000003565,0000003435,80,2015-06-20 07:35:50,,1
0000003566,0000003436,80,2017-03-18 05:06:53,,1
0000003567,0000003437,80,2021-04-15 11:39:44,,1
0000003568,0000003438,381,2021-07-01 07:28:45,,1
0000003569,0000003439,417,2026-08-08 04:54:52,,1
0000003570,0000003440,999,2020-08-12 02:22:46,,1
0000003571,0000003441,999,2019-08-15 04:11:21,,1
0000003572,0000003442,46,2015-04-27 20:21:35,,1
0000003573,0000003443,46,2017-01-15 07:11:11,,1
0000003574,0000003444,46,2016-09-05 02:37:29,,1
0000003575,0000003445,46,2016-03-16 00:45:16,,1
0000003576,0000003446,496,2016-04-12 08:09:17,,1
0000003577,0000003447,751,2022-03-30 00:45:43,,1
0000003578,0000003448,751,2024-09-13 02:21:10,,1
0000003579,0000003449,751,2021-10-04 02:48:44,,1
0000003580,0000003450,751,2023-11-04 01:25:25,,1
0000003581,0000003451,751,2020-08-20 09:53:46,,1
0000003582,0000003452,760,2026-02-10 00:28:21,,1
0000003583,0000003453,467,2021-03-20 21:49:03,,1
0000003584,0000003454,467,2023-11-11 12:17:45,,1
0000003585,0000003455,467,2024-07-22 10:43:16,,1
0000003586,0000003456,848,2016-08-27 00:01:56,,1
0000003587,0000003457,848,2017-01-15 08:32:11,,1
0000003588,0000003458,84,2017-05-16 12:44:50,,1
0000003589,0000003459,84,2019-12-17 10:49:12,,1
0000003590,0000003460,898,2016-08-28 03:43:44,,1
0000003591,0000003461,309,2016-12-27 07:38:44,,1
0000003592,0000003462,898,2017-02-28 09:11:18,,1
0000003593,0000003463,482,2015-12-06 02:58:13,,1
0000003594,0000003464,243,2016-07-06 18:18:21,,1
0000003595,0000003465,740,2015-09-19 15:40:52,,1
0000003596,0000003466,898,2017-04-28 06:12:05,2017-04-29 03:09:29,0
0000003597,0000003466,55,2017-04-29 03:09:29,,1
0000003598,0000003467,898,2017-01-08 11:47:32,,1
0000003599,0000003468,898,2017-03-29 14:59:03,,1
0000003600,0000003469,965,2015-12-09 19:58:48,,1
0000003601,0000003470,898,2015-11-19 16:10:57,,1
0000003602,0000003471,898,2016-01-24 15:30:27,,1
0000003603,0000003472,891,2019-01-03 00:00:25,,1
0000003604,0000003473,136,2017-12-05 16:19:51,,1
0000003605,0000003474,136,2022-06-17 21:21:38,,1
0000003606,0000003475,136,2020-05-10 23:56:49,,1
0000003607,0000003476,122,2023-12-15 12:12:35,,1
0000003608,0000003477,933,2022-02-01 23:27:48,,1
0000003609,0000003478,933,2020-04-05 00:54:21,,1
0000003610,0000003479,522,2022-08-16 19:36:31,,1
0000003611,0000003480,522,2020-10-31 06:32:45,,1
0000003612,0000003481,521,2018-11-09 01:00:26,,1
0000003613,0000003482,521,2023-12-12 23:40:30,,1
0000003614,0000003483,521,2026-09-06 18:02:51,,1
0000003615,0000003484,521,2016-10-10 01:15:49,,1
0000003616,0000003485,521,2026-04-04 02:20:30,,1
0000003617,0000003486,521,2020-10-06 03:04:45,,1
0000003618,0000003487,65,2016-11-29 11:54:22,,1
0000003619,0000003488,521,2025-04-18 23:10:53,,1
0000003620,0000003489,776,2018-08-21 13:46:47,,1
0000003621,0000003490,183,2019-10-16 00:49:24,,1
0000003622,0000003491,901,2017-11-22 03:30:36,,1
0000003623,0000003492,907,2022-03-11 22:28:37,,1
0000003624,0000003493,230,2019-04-18 14:09:41,,1
0000003625,0000003494,773,2022-02-24 11:57:17,,1
0000003626,0000003495,162,2019-11-06 06:46:56,,1
0000003627,0000003496,270,2016-11-21 06:32:49,,1
0000003628,0000003497,270,2023-02-18 09:15:00,,1
0000003629,0000003498,763,2023-08-12 19:26:03,,1
0000003630,0000003499,344,2022-04-01 14:23:25,,1
0000003631,0000003500,344,2023-02-20 22:03:12,,1
0000003632,0000003501,344,2022-01-04 23:11:56,,1
0000003633,0000003502,344,2025-03-18 15:04:01,,1
0000003634,0000003503,349,2019-08-12 09:22:03,,1
0000003635,0000003504,862,2015-01-08 13:01:36,,1
0000003636,0000003505,862,2014-11-07 18:31:35,,1
0000003637,0000003506,862,2015-08-10 19:25:56,,1
0000003638,0000003507,690,2024-05-29 10:58:27,,1
0000003639,0000003508,324,2020-07-31 06:26:37,,1
0000003640,0000003509,690,2022-09-02 13:26:58,,1
0000003641,0000003510,690,2020-03-30 00:33:23,,1
0000003642,0000003511,690,2023-01-27 19:37:53,,1
0000003643,0000003512,834,2021-01-01 16:27:39,,1
0000003644,0000003513,834,2021-06-28 21:28:14,,1
0000003645,0000003514,725,2023-07-13 23:31:35,,1
0000003646,0000003515,878,2017-09-06 14:13:14,,1
0000003647,0000003516,27,2018-05-09 17:56:50,,1
0000003648,0000003517,354,2018-05-15 13:29:11,,1
0000003649,0000003518,878,2018-02-20 05:16:26,,1
0000003650,0000003519,455,2017-12-03 17:22:49,,1
0000003651,0000003520,705,2016-02-15 00:18:12,,1
0000003652,0000003521,705,2018-09-09 01:49:15,,1
0000003653,0000003522,497,2021-01-06 02:48:37,,1
0000003654,0000003523,497,2017-05-31 10:47:48,,1
0000003655,0000003524,497,2019-09-25 07:32:05,,1
0000003656,0000003525,646,2026-09-27 21:54:09,,1
0000003657,0000003526,816,2024-12-04 14:06:42,,1
0000003658,0000003527,334,2018-04-11 21:36:42,,1
0000003659,0000003528,334,2021-12-25 15:18:22,,1
0000003660,0000003529,679,2026-07-05 16:41:36,,1
0000003661,0000003530,714,2021-07-04 09:54:02,,1
0000003662,0000003531,714,2017-04-02 11:28:27,2017-04-03 01:36:03,0
0000003663,0000003531,957,2017-04-03 01:36:03,,1
0000003664,0000003532,408,2025-05-17 19:31:25,2025-05-21 18:51:11,0
0000003665,0000003532,672,2025-05-21 18:51:11,,1
0000003666,0000003533,714,2017-02-01 20:05:51,,1
0000003667,0000003534,714,2023-07-18 20:57:31,,1
0000003668,0000003535,241,2018-05-25 12:21:43,,1
0000003669,0000003536,241,2017-04-18 02:02:15,,1
0000003670,0000003537,348,2023-04-26 04:54:48,,1
0000003671,0000003538,348,2022-12-13 11:58:24,,1
0000003672,0000003539,348,2024-11-04 05:19:33,,1
0000003673,0000003540,620,2022-03-24 05:25:24,,1
0000003674,0000003541,620,2023-03-18 05:44:29,,1
0000003675,0000003542,821,2024-10-15 05:21:49,,1
0000003676,0000003543,821,2025-05-01 12:51:00,,1
0000003677,0000003544,509,2019-12-16 02:06:08,,1
0000003678,0000003545,6,2025-02-09 04:52:04,,1
0000003679,0000003546,791,2016-05-19 07:02:29,,1
0000003680,0000003547,821,2022-12-28 22:12:49,,1
0000003681,0000003548,821,2024-10-21 02:03:45,,1
0000003682,0000003549,95,2024-03-30 09:17:27,,1
0000003683,0000003550,821,2022-05-14 07:58:44,,1
0000003684,0000003551,821,2019-02-12 06:25:43,,1
0000003685,0000003552,809,2024-10-22 08:50:05,,1
0000003686,0000003553,821,2024-10-22 19:18:59,,1
0000003687,0000003554,567,2022-09-09 14:01:39,,1
0000003688,0000003555,208,2017-03-05 05:33:47,,1
0000003689,0000003556,567,2019-09-15 01:55:53,,1
0000003690,0000003557,32,2020-06-29 15:34:27,,1
0000003691,0000003558,567,2020-06-20 16:33:35,,1
0000003692,0000003559,990,2025-10-12 02:45:42,,1
0000003693,0000003560,567,2019-12-24 02:31:15,,1
0000003694,0000003561,567,2022-10-03 02:36:50,,1
0000003695,0000003562,567,2022-06-14 11:51:59,,1
0000003696,0000003563,976,2020-11-16 06:54:55,,1
0000003697,0000003564,567,2019-12-02 15:14:52,,1
0000003698,0000003565,567,2019-07-19 03:07:33,,1
0000003699,0000003566,105,2018-12-18 11:08:17,,1
0000003700,0000003567,503,2025-11-19 07:16:28,,1
0000003701,0000003568,647,2026-06-28 07:59:47,,1
0000003702,0000003569,647,2018-10-21 11:51:13,,1
0000003703,0000003570,672,2019-01-29 16:50:16,,1
0000003704,0000003571,672,2019-06-18 01:48:42,,1
0000003705,0000003572,740,2023-01-31 01:43:28,,1
0000003706,0000003573,740,2023-06-04 09:45:40,,1
0000003707,0000003574,740,2023-10-25 01:39:05,,1
0000003708,0000003575,413,2019-09-20 15:38:41,,1
0000003709,0000003576,281,2019-07-03 01:11:07,,1
0000003710,0000003577,281,2018-02-06 11:23:34,,1
0000003711,0000003578,281,2020-01-31 22:57:36,,1
0000003712,0000003579,228,2026-04-02 21:22:25,,1
0000003713,0000003580,228,2017-03-17 20:40:02,,1
0000003714,0000003581,228,2017-07-16 04:36:46,,1
0000003715,0000003582,228,2020-03-21 22:01:25,,1
0000003716,0000003583,228,2018-01-12 08:22:48,,1
0000003717,0000003584,238,2021-06-08 21:07:40,,1
0000003718,0000003585,790,2020-04-11 01:37:18,,1
0000003719,0000003586,790,2016-04-10 09:53:33,,1
0000003720,0000003587,79,2020-05-09 17:39:50,,1
0000003721,0000003588,380,2019-09-06 09:13:00,,1
0000003722,0000003589,830,2021-01-20 01:08:02,,1
0000003723,0000003590,830,2018-02-22 05:57:25,,1
0000003724,0000003591,830,2020-12-22 23:22:27,,1
0000003725,0000003592,830,2024-05-03 08:02:32,,1
0000003726,0000003593,830,2019-11-24 07:09:05,,1
0000003727,0000003594,830,2023-03-18 02:00:52,,1
0000003728,0000003595,830,2016-10-25 19:46:46,,1
0000003729,0000003596,830,2017-12-13 09:29:05,,1
0000003730,0000003597,830,2022-04-17 01:16:20,,1
0000003731,0000003598,830,2016-02-02 22:28:37,,1
0000003732,0000003599,830,2021-06-13 02:04:57,,1
0000003733,0000003600,830,2015-10-10 04:44:06,,1
0000003734,0000003601,485,2024-10-15 20:58:22,,1
0000003735,0000003602,859,2022-03-14 04:24:53,,1
0000003736,0000003603,859,2020-01-11 13:48:00,,1
0000003737,0000003604,275,2024-03-24 22:58:40,,1
0000003738,0000003605,275,2019-09-17 00:38:16,,1
0000003739,0000003606,275,2022-09-03 15:26:34,,1
0000003740,0000003607,275,2023-06-23 19:22:08,,1
0000003741,0000003608,275,2025-03-31 21:31:37,,1
0000003742,0000003609,275,2021-02-09 11:56:57,2021-02-09 14:50:50,0
0000003743,0000003609,190,2021-02-09 14:50:50,,1
0000003744,0000003610,275,2024-02-04 04:52:16,,1
0000003745,0000003611,275,2024-09-23 09:09:35,,1
0000003746,0000003612,776,2026-02-17 19:25:38,,1
0000003747,0000003613,642,2020-05-27 02:23:16,,1
0000003748,0000003614,446,2021-03-19 09:29:48,,1
0000003749,0000003615,446,2020-03-13 12:55:54,,1
0000003750,0000003616,911,2016-01-27 14:26:21,,1
0000003751,0000003617,537,2017-08-28 19:18:29,,1
0000003752,0000003618,537,2017-09-04 18:04:11,,1
0000003753,0000003619,537,2017-08-07 09:30:17,,1
0000003754,0000003620,719,2024-11-19 00:24:46,,1
0000003755,0000003621,719,2016-09-10 00:10:07,,1
0000003756,0000003622,719,2018-11-05 11:21:29,,1
0000003757,0000003623,719,2022-10-11 01:01:18,,1
0000003758,0000003624,719,2020-05-26 09:59:11,,1
0000003759,0000003625,282,2025-04-27 02:20:33,,1
0000003760,0000003626,640,2020-04-30 17:39:16,,1
0000003761,0000003627,607,2018-10-24 21:21:14,,1
0000003762,0000003628,270,2018-04-26 10:57:25,,1
0000003763,0000003629,215,2023-09-05 06:54:39,,1
0000003764,0000003630,215,2024-06-25 14:18:20,,1
0000003765,0000003631,366,2023-04-10 21:06:34,,1
0000003766,0000003632,403,2017-10-11 19:55:48,,1
0000003767,0000003633,969,2020-01-01 22:05:56,,1
0000003768,0000003634,969,2023-05-17 21:33:37,2023-05-18 18:48:31,0
0000003769,0000003634,102,2023-05-18 18:48:31,,1
0000003770,0000003635,26,2017-11-19 09:27:48,,1
0000003771,0000003636,26,2021-04-11 01:47:56,,1
0000003772,0000003637,720,2020-10-02 03:57:44,,1
0000003773,0000003638,26,2021-11-07 12:15:55,,1
0000003774,0000003639,26,2019-09-16 15:28:43,,1
0000003775,0000003640,26,2018-10-12 00:03:39,,1
0000003776,0000003641,26,2020-12-10 18:46:09,,1
0000003777,0000003642,26,2023-07-10 10:54:35,,1
0000003778,0000003643,384,2016-05-28 20:42:12,,1
0000003779,0000003644,184,2025-12-13 15:46:22,,1
0000003780,0000003645,6,2023-02-08 21:19:20,,1
0000003781,0000003646,254,2021-03-31 00:28:21,,1
0000003782,0000003647,39,2016-12-31 13:05:09,,1
0000003783,0000003648,35,2026-06-27 05:53:25,,1
0000003784,0000003649,280,2018-02-19 23:14:34,,1
0000003785,0000003650,995,2022-01-31 13:43:25,,1
0000003786,0000003651,995,2015-10-19 08:43:34,,1
0000003787,0000003652,995,2024-01-08 13:09:47,,1
0000003788,0000003653,85,2018-11-27 10:11:16,2018-11-30 15:42:55,0
0000003789,0000003653,490,2018-11-30 15:42:55,,1
0000003790,0000003654,85,2015-12-25 09:40:29,,1
0000003791,0000003655,356,2016-05-22 08:54:12,,1
0000003792,0000003656,879,2022-10-17 08:43:14,,1
0000003793,0000003657,858,2020-11-19 10:18:02,,1
0000003794,0000003658,858,2017-10-16 12:07:58,,1
0000003795,0000003659,858,2019-08-15 22:05:15,,1
0000003796,0000003660,684,2022-04-15 05:20:23,,1
0000003797,0000003661,684,2025-04-19 06:30:12,,1
0000003798,0000003662,413,2015-09-20 21:37:47,,1
0000003799,0000003663,935,2024-02-14 02:07:04,,1
0000003800,0000003664,350,2021-03-01 18:06:31,,1
0000003801,0000003665,84,2018-08-05 14:04:52,,1
0000003802,0000003666,899,2022-08-14 05:55:18,,1
0000003803,0000003667,742,2025-04-11 02:00:38,,1
0000003804,0000003668,84,2019-09-03 01:08:59,,1
0000003805,0000003669,742,2024-08-17 10:19:46,,1
0000003806,0000003670,899,2021-02-26 01:45:39,,1
0000003807,0000003671,899,2022-04-22 23:08:40,,1
0000003808,0000003672,899,2021-02-10 20:11:41,,1
0000003809,0000003673,232,2023-01-02 20:07:13,,1
0000003810,0000003674,324,2019-03-17 21:52:29,,1
0000003811,0000003675,232,2023-10-05 15:55:21,,1
0000003812,0000003676,95,2018-12-03 19:56:19,,1
0000003813,0000003677,95,2017-10-08 05:08:26,,1
0000003814,0000003678,551,2017-11-24 07:50:34,,1
0000003815,0000003679,526,2023-11-25 04:20:52,,1
0000003816,0000003680,33,2021-06-23 20:30:08,,1
0000003817,0000003681,33,2018-12-08 20:51:21,,1
0000003818,0000003682,144,2018-05-04 00:59:03,,1
0000003819,0000003683,664,2024-05-20 05:36:10,,1
0000003820,0000003684,345,2020-05-23 22:24:15,,1
0000003821,0000003685,664,2025-03-25 22:26:57,,1
0000003822,0000003686,664,2025-10-13 19:34:53,,1
0000003823,0000003687,414,2022-02-25 12:10:02,,1
0000003824,0000003688,664,2026-01-15 11:27:08,,1
0000003825,0000003689,664,2025-11-15 23:08:32,,1
0000003826,0000003690,549,2022-07-11 17:29:09,,1
0000003827,0000003691,450,2020-02-19 00:32:02,2020-02-21 05:25:44,0
0000003828,0000003691,559,2020-02-21 05:25:44,,1
0000003829,0000003692,945,2025-10-14 09:29:32,,1
0000003830,0000003693,945,2025-06-09 00:58:20,,1
0000003831,0000003694,945,2025-08-04 07:42:31,,1
0000003832,0000003695,171,2016-08-26 04:17:36,,1
0000003833,0000003696,171,2019-04-26 14:14:20,,1
0000003834,0000003697,43,2024-11-17 20:51:45,,1
0000003835,0000003698,945,2024-04-22 00:02:32,,1
0000003836,0000003699,171,2016-05-02 09:55:48,,1
0000003837,0000003700,221,2022-09-05 19:10:09,,1
0000003838,0000003701,32,2017-02-01 14:57:49,,1
0000003839,0000003702,472,2025-02-18 04:47:09,,1
0000003840,0000003703,472,2026-08-13 23:11:40,,1
0000003841,0000003704,453,2022-05-19 14:43:42,,1
0000003842,0000003705,448,2021-07-29 06:02:39,2021-07-31 13:58:09,0
0000003843,0000003705,364,2021-07-31 13:58:09,,1
0000003844,0000003706,448,2019-08-21 08:40:36,,1
0000003845,0000003707,809,2025-12-04 07:30:58,,1
0000003846,0000003708,489,2025-04-05 03:51:04,,1
0000003847,0000003709,489,2026-02-05 18:20:22,,1
0000003848,0000003710,704,2019-02-26 03:28:28,,1
0000003849,0000003711,404,2022-07-10 00:12:05,,1
0000003850,0000003712,704,2019-01-07 10:55:48,,1
0000003851,0000003713,716,2024-12-09 21:21:41,,1
0000003852,0000003714,404,2019-08-31 07:27:28,,1
0000003853,0000003715,920,2019-12-31 01:05:03,,1
0000003854,0000003716,512,2022-01-08 03:35:32,,1
0000003855,0000003717,512,2018-07-16 14:02:07,,1
0000003856,0000003718,512,2019-03-16 09:48:52,,1
0000003857,0000003719,512,2019-05-03 18:17:56,,1
0000003858,0000003720,253,2021-04-25 13:41:17,,1
0000003859,0000003721,512,2025-10-30 17:53:24,,1
0000003860,0000003722,512,2023-02-25 06:21:52,,1
0000003861,0000003723,512,2026-01-03 19:03:59,,1
0000003862,0000003724,570,2022-05-17 19:50:40,,1
0000003863,0000003725,348,2023-09-10 18:36:57,,1
0000003864,0000003726,96,2018-08-06 07:03:47,,1
0000003865,0000003727,740,2024-08-09 15:17:36,,1
0000003866,0000003728,96,2020-02-08 16:16:08,,1
0000003867,0000003729,751,2017-05-05 04:57:27,,1
0000003868,0000003730,379,2025-09-24 23:16:18,,1
0000003869,0000003731,119,2018-06-18 19:54:48,,1
0000003870,0000003732,119,2022-01-24 09:14:26,,1
0000003871,0000003733,311,2023-03-23 19:54:50,,1
0000003872,0000003734,778,2022-12-26 00:41:45,,1
0000003873,0000003735,778,2024-05-24 00:26:21,,1
0000003874,0000003736,778,2021-05-16 13:42:30,,1
0000003875,0000003737,15,2021-01-23 21:36:45,,1
0000003876,0000003738,516,2019-08-16 19:42:32,,1
0000003877,0000003739,104,2021-12-12 15:31:24,,1
0000003878,0000003740,436,2026-07-06 11:15:46,,1
0000003879,0000003741,436,2021-05-29 12:15:06,,1
0000003880,0000003742,188,2025-12-12 18:47:33,,1
0000003881,0000003743,436,2026-04-08 11:27:42,,1
0000003882,0000003744,436,2021-07-25 21:10:43,,1
0000003883,0000003745,436,2024-09-21 12:08:05,,1
0000003884,0000003746,436,2022-01-05 05:43:18,,1
0000003885,0000003747,436,2019-10-25 22:10:06,,1
0000003886,0000003748,436,2023-08-08 07:14:21,,1
0000003887,0000003749,436,2024-07-02 02:30:58,,1
0000003888,0000003750,436,2025-07-30 05:17:52,,1
0000003889,0000003751,436,2020-06-21 10:48:59,,1
0000003890,0000003752,37,2017-07-23 17:02:14,,1
0000003891,0000003753,774,2020-07-15 00:53:38,,1
0000003892,0000003754,354,2015-09-10 13:24:31,,1
0000003893,0000003755,354,2018-06-24 13:25:17,,1
0000003894,0000003756,354,2019-01-12 05:44:58,,1
0000003895,0000003757,371,2017-07-12 03:07:57,,1
0000003896,0000003758,40,2022-02-07 23:42:27,,1
0000003897,0000003759,151,2025-10-18 13:35:18,,1
0000003898,0000003760,527,2017-03-05 00:07:30,,1
0000003899,0000003761,553,2024-07-02 00:59:54,,1
0000003900,0000003762,779,2024-06-09 19:40:32,,1
0000003901,0000003763,779,2017-03-11 17:18:16,,1
0000003902,0000003764,779,2016-09-12 13:34:57,,1
0000003903,0000003765,409,2017-07-30 00:53:59,,1
0000003904,0000003766,274,2019-01-05 08:21:21,,1
0000003905,0000003767,274,2018-06-25 14:28:28,,1
0000003906,0000003768,274,2019-08-06 12:39:24,,1
0000003907,0000003769,66,2017-10-02 02:34:19,,1
0000003908,0000003770,34,2022-08-21 00:27:50,,1
0000003909,0000003771,34,2019-05-29 12:59:34,,1
0000003910,0000003772,677,2026-07-30 13:30:06,,1
0000003911,0000003773,34,2023-05-13 22:37:15,,1
0000003912,0000003774,34,2021-09-21 12:16:00,,1
0000003913,0000003775,213,2019-04-13 10:46:37,,1
0000003914,0000003776,213,2019-06-13 23:33:01,,1
0000003915,0000003777,35,2018-02-23 22:53:12,,1
0000003916,0000003778,615,2022-08-22 01:45:23,,1
0000003917,0000003779,503,2025-09-17 16:40:48,,1
0000003918,0000003780,406,2020-12-09 07:32:16,,1
0000003919,0000003781,406,2021-07-02 08:45:52,,1
0000003920,0000003782,406,2026-05-31 14:20:33,,1
0000003921,0000003783,254,2018-03-25 09:14:22,,1
0000003922,0000003784,770,2016-07-25 18:59:34,,1
0000003923,0000003785,770,2017-09-15 04:20:04,,1
0000003924,0000003786,402,2025-05-19 09:27:50,,1
0000003925,0000003787,402,2025-05-24 15:00:30,,1
0000003926,0000003788,700,2023-11-20 18:00:21,,1
0000003927,0000003789,177,2019-12-24 17:19:00,,1
0000003928,0000003790,700,2023-09-06 09:33:19,,1
0000003929,0000003791,635,2017-07-31 17:03:32,,1
0000003930,0000003792,994,2018-08-04 19:16:29,,1
0000003931,0000003793,406,2019-01-15 17:08:18,,1
0000003932,0000003794,238,2016-11-13 11:53:49,,1
0000003933,0000003795,301,2023-03-12 14:11:36,,1
0000003934,0000003796,190,2019-11-24 02:56:37,,1
0000003935,0000003797,133,2023-06-18 07:55:51,,1
0000003936,0000003798,618,2026-05-03 15:26:38,,1
0000003937,0000003799,251,2018-09-30 09:18:12,,1
0000003938,0000003800,618,2025-03-19 14:36:31,,1
0000003939,0000003801,251,2023-02-16 09:55:43,,1
0000003940,0000003802,133,2020-07-26 11:56:38,,1
0000003941,0000003803,251,2021-10-10 13:38:14,,1
0000003942,0000003804,858,2025-06-06 05:30:07,,1
0000003943,0000003805,943,2026-08-09 01:50:51,,1
0000003944,0000003806,73,2017-09-03 15:02:30,,1
0000003945,0000003807,73,2023-11-19 08:10:38,,1
0000003946,0000003808,607,2023-01-25 17:37:57,,1
0000003947,0000003809,802,2024-12-08 08:12:38,,1
0000003948,0000003810,73,2015-06-05 17:43:18,,1
0000003949,0000003811,744,2025-04-10 06:29:22,,1
0000003950,0000003812,744,2026-09-26 16:30:05,,1
0000003951,0000003813,652,2021-06-21 03:05:07,,1
0000003952,0000003814,128,2026-01-18 08:19:44,,1
0000003953,0000003815,128,2022-06-09 03:54:20,,1
0000003954,0000003816,128,2018-06-08 12:23:59,,1
0000003955,0000003817,128,2020-02-06 19:38:31,,1
0000003956,0000003818,128,2022-01-09 00:13:42,,1
0000003957,0000003819,128,2025-04-19 21:01:00,,1
0000003958,0000003820,128,2022-02-27 18:35:24,,1
0000003959,0000003821,162,2021-01-31 14:41:36,,1
0000003960,0000003822,376,2019-10-21 12:23:42,,1
0000003961,0000003823,376,2021-04-23 07:33:34,,1
0000003962,0000003824,376,2018-08-02 14:18:46,,1
0000003963,0000003825,356,2024-05-07 11:29:34,,1
0000003964,0000003826,100,2024-02-15 01:57:00,,1
0000003965,0000003827,100,2020-07-24 07:14:53,,1
0000003966,0000003828,717,2015-05-12 16:33:01,,1
0000003967,0000003829,717,2016-12-27 04:41:08,,1
0000003968,0000003830,582,2023-11-02 14:03:32,,1
0000003969,0000003831,717,2018-06-30 03:31:10,,1
0000003970,0000003832,717,2018-01-10 07:58:47,,1
0000003971,0000003833,227,2024-01-10 06:12:17,,1
0000003972,0000003834,227,2021-05-19 14:05:44,,1
0000003973,0000003835,227,2021-02-01 22:47:37,,1
0000003974,0000003836,227,2023-05-25 16:16:09,,1
0000003975,0000003837,227,2021-08-21 12:15:46,,1
0000003976,0000003838,690,2024-03-11 02:57:48,,1
0000003977,0000003839,690,2023-12-12 03:20:04,,1
0000003978,0000003840,690,2026-05-17 16:51:32,,1
0000003979,0000003841,653,2026-02-04 09:55:45,,1
0000003980,0000003842,599,2024-11-03 00:41:02,,1
0000003981,0000003843,384,2017-04-19 16:58:41,,1
0000003982,0000003844,230,2026-06-17 19:37:37,,1
0000003983,0000003845,642,2018-01-14 07:35:16,,1
0000003984,0000003846,642,2017-08-24 14:22:30,,1
0000003985,0000003847,263,2023-11-22 20:33:45,,1
0000003986,0000003848,263,2022-11-24 00:10:08,,1
0000003987,0000003849,263,2023-11-11 13:44:22,,1
0000003988,0000003850,263,2025-03-01 19:06:37,,1
0000003989,0000003851,263,2026-01-16 21:32:30,,1
0000003990,0000003852,394,2018-04-01 01:46:38,,1
0000003991,0000003853,547,2020-10-30 17:04:10,,1
0000003992,0000003854,213,2026-08-28 03:18:28,,1
0000003993,0000003855,213,2024-02-23 13:31:51,,1
0000003994,0000003856,852,2023-09-26 05:42:31,,1
0000003995,0000003857,19,2023-03-03 00:25:26,,1
0000003996,0000003858,278,2022-03-13 22:38:32,,1
0000003997,0000003859,213,2020-01-10 21:28:14,,1
0000003998,0000003860,213,2018-11-09 20:42:12,,1
0000003999,0000003861,213,2021-07-13 16:34:15,,1
0000004000,0000003862,213,2024-01-11 17:19:27,,1
0000004001,0000003863,213,2023-06-03 17:21:43,,1
0000004002,0000003864,213,2021-12-08 11:26:39,,1
0000004003,0000003865,213,2025-05-31 08:13:55,2025-06-01 05:52:51,0
0000004004,0000003865,304,2025-06-01 05:52:51,,1
0000004005,0000003866,101,2023-08-04 21:56:22,,1
0000004006,0000003867,488,2019-03-22 21:56:10,,1
0000004007,0000003868,488,2019-09-11 03:37:14,,1
0000004008,0000003869,488,2019-10-02 19:15:37,,1
0000004009,0000003870,86,2017-11-15 08:14:11,,1
0000004010,0000003871,488,2018-11-22 09:09:20,,1
0000004011,0000003872,86,2018-10-02 15:54:58,,1
0000004012,0000003873,488,2019-09-16 02:40:06,,1
0000004013,0000003874,488,2019-03-16 06:38:19,,1
0000004014,0000003875,668,2018-06-04 09:50:45,,1
0000004015,0000003876,14,2019-10-11 14:07:07,,1
0000004016,0000003877,86,2018-05-30 09:56:58,,1
0000004017,0000003878,86,2018-04-26 05:33:03,,1
0000004018,0000003879,797,2024-03-31 08:34:58,,1
0000004019,0000003880,797,2020-12-24 11:56:36,,1
0000004020,0000003881,797,2019-11-12 12:15:07,,1
0000004021,0000003882,725,2021-05-13 23:31:56,,1
0000004022,0000003883,797,2024-12-01 07:39:21,,1
0000004023,0000003884,451,2017-08-23 12:21:31,,1
0000004024,0000003885,219,2020-12-05 14:43:14,,1
0000004025,0000003886,115,2021-03-17 05:00:15,,1
0000004026,0000003887,690,2018-09-30 03:16:35,,1
0000004027,0000003888,312,2019-02-17 05:18:14,,1
0000004028,0000003889,690,2018-07-03 16:27:12,,1
0000004029,0000003890,312,2019-05-30 03:38:59,,1
0000004030,0000003891,690,2017-11-19 22:54:22,,1
0000004031,0000003892,315,2018-11-14 18:48:04,,1
0000004032,0000003893,315,2017-11-01 01:29:41,,1
0000004033,0000003894,315,2020-01-28 19:45:06,,1
0000004034,0000003895,315,2017-11-13 04:17:16,,1
0000004035,0000003896,315,2018-11-26 21:37:41,,1
0000004036,0000003897,315,2019-06-25 18:52:28,,1
0000004037,0000003898,315,2020-11-21 01:14:11,2020-11-22 08:46:55,0
0000004038,0000003898,634,2020-11-22 08:46:55,,1
0000004039,0000003899,315,2018-12-31 09:20:39,,1
0000004040,0000003900,591,2026-02-27 18:26:52,,1
0000004041,0000003901,689,2019-10-09 07:43:45,,1
0000004042,0000003902,573,2017-06-17 18:58:40,,1
0000004043,0000003903,486,2023-11-28 19:19:38,,1
0000004044,0000003904,670,2026-07-03 12:57:55,,1
0000004045,0000003905,380,2018-02-27 07:06:42,,1
0000004046,0000003906,380,2021-07-14 07:34:30,,1
0000004047,0000003907,380,2017-07-25 15:56:07,,1
0000004048,0000003908,380,2020-10-31 07:31:52,,1
0000004049,0000003909,380,2019-03-21 22:05:51,,1
0000004050,0000003910,316,2023-05-22 11:22:45,,1
0000004051,0000003911,316,2022-12-12 11:25:32,,1
0000004052,0000003912,461,2020-05-15 15:37:37,,1
0000004053,0000003913,20,2026-05-06 17:06:52,,1
0000004054,0000003914,461,2015-03-09 06:24:04,,1
0000004055,0000003915,25,2020-12-23 00:53:04,,1
0000004056,0000003916,110,2020-08-11 14:21:27,,1
0000004057,0000003917,110,2021-08-01 23:48:23,,1
0000004058,0000003918,965,2019-03-05 17:06:10,,1
0000004059,0000003919,608,2025-12-09 03:12:00,,1
0000004060,0000003920,409,2018-05-03 03:50:17,,1
0000004061,0000003921,965,2018-04-06 00:00:42,,1
0000004062,0000003922,965,2017-11-23 10:29:17,,1
0000004063,0000003923,965,2019-01-17 13:35:24,,1
0000004064,0000003924,668,2019-11-23 11:09:21,,1
0000004065,0000003925,174,2021-03-21 12:08:02,,1
0000004066,0000003926,965,2020-03-03 10:31:09,,1
0000004067,0000003927,965,2020-12-05 19:39:48,,1
0000004068,0000003928,965,2017-11-07 12:57:47,,1
0000004069,0000003929,828,2018-01-13 12:34:10,,1
0000004070,0000003930,551,2022-11-12 17:16:06,,1
0000004071,0000003931,551,2018-06-24 21:39:04,,1
0000004072,0000003932,333,2026-02-06 08:28:46,,1
0000004073,0000003933,333,2021-09-01 02:14:59,,1
0000004074,0000003934,91,2016-05-30 11:46:11,,1
0000004075,0000003935,892,2022-12-19 16:55:19,,1
0000004076,0000003936,892,2022-01-12 04:30:16,,1
0000004077,0000003937,472,2026-02-27 21:02:25,,1
0000004078,0000003938,507,2021-05-19 04:57:00,,1
0000004079,0000003939,472,2022-02-19 02:01:48,2022-02-23 23:04:54,0
0000004080,0000003939,120,2022-02-23 23:04:54,,1
0000004081,0000003940,964,2015-09-17 04:15:28,,1
0000004082,0000003941,194,2020-03-13 14:50:33,,1
0000004083,0000003942,534,2015-09-03 08:27:56,,1
0000004084,0000003943,914,2021-11-21 12:06:24,,1
0000004085,0000003944,956,2022-06-29 02:37:59,,1
0000004086,0000003945,580,2015-11-25 16:34:43,,1
0000004087,0000003946,445,2024-06-02 01:13:37,,1
0000004088,0000003947,666,2016-11-13 05:47:54,,1
0000004089,0000003948,339,2017-05-01 17:34:47,,1
0000004090,0000003949,344,2023-04-19 05:55:24,,1
0000004091,0000003950,339,2016-11-29 02:12:23,,1
0000004092,0000003951,9,2022-11-26 09:33:37,,1
0000004093,0000003952,877,2025-02-15 07:01:33,,1
0000004094,0000003953,877,2023-08-08 09:52:06,,1
0000004095,0000003954,877,2025-05-18 22:10:28,,1
0000004096,0000003955,877,2022-07-29 17:56:32,,1
0000004097,0000003956,877,2023-10-18 01:32:44,,1
0000004098,0000003957,682,2023-06-15 09:29:50,,1
0000004099,0000003958,104,2018-10-23 19:48:58,,1
0000004100,0000003959,104,2025-01-23 23:39:17,,1
0000004101,0000003960,365,2024-01-29 11:40:11,,1
0000004102,0000003961,782,2016-10-12 13:57:13,,1
0000004103,0000003962,214,2018-04-04 09:06:06,,1
0000004104,0000003963,214,2017-09-30 22:17:09,,1
0000004105,0000003964,168,2024-10-26 20:38:53,,1
0000004106,0000003965,214,2017-06-26 12:35:28,,1
0000004107,0000003966,214,2021-03-10 04:09:02,,1
0000004108,0000003967,214,2020-07-27 17:06:29,,1
0000004109,0000003968,214,2016-12-24 01:11:00,,1
0000004110,0000003969,168,2026-03-25 05:41:50,,1
0000004111,0000003970,214,2021-04-19 21:49:43,,1
0000004112,0000003971,168,2025-07-25 07:29:45,,1
0000004113,0000003972,311,2023-04-03 09:23:39,,1
0000004114,0000003973,214,2016-12-11 21:09:21,,1
0000004115,0000003974,127,2019-05-12 15:32:32,2019-05-17 10:51:47,0
0000004116,0000003974,167,2019-05-17 10:51:47,,1
0000004117,0000003975,928,2018-12-06 19:48:11,,1
0000004118,0000003976,119,2023-03-04 17:53:29,,1
0000004119,0000003977,22,2020-04-15 06:42:15,,1
0000004120,0000003978,775,2017-12-24 01:06:22,,1
0000004121,0000003979,775,2019-06-10 14:41:15,,1
0000004122,0000003980,644,2025-09-21 10:41:42,,1
0000004123,0000003981,47,2023-10-29 21:43:37,,1
0000004124,0000003982,521,2018-05-04 03:06:20,,1
0000004125,0000003983,521,2026-02-06 17:49:44,,1
0000004126,0000003984,521,2023-09-18 22:47:40,,1
0000004127,0000003985,84,2025-01-12 23:51:25,,1
0000004128,0000003986,521,2021-10-04 22:42:11,,1
0000004129,0000003987,521,2025-08-31 14:31:48,,1
0000004130,0000003988,521,2023-02-24 05:12:59,,1
0000004131,0000003989,935,2019-02-16 13:03:10,,1
0000004132,0000003990,445,2017-08-04 20:50:09,,1
0000004133,0000003991,919,2020-07-24 12:45:35,,1
0000004134,0000003992,919,2019-06-15 23:36:54,,1
0000004135,0000003993,948,2024-02-10 01:21:16,,1
0000004136,0000003994,948,2018-05-26 12:29:33,,1
0000004137,0000003995,414,2020-05-19 13:53:19,,1
0000004138,0000003996,553,2022-09-14 03:05:08,,1
0000004139,0000003997,48,2017-01-18 18:20:30,,1
0000004140,0000003998,48,2018-03-29 10:09:08,,1
0000004141,0000003999,48,2016-03-29 21:46:26,,1
0000004142,0000004000,382,2021-11-30 12:31:59,,1
0000004143,0000004001,48,2017-10-22 06:55:56,,1
0000004144,0000004002,48,2016-11-23 18:20:50,,1
0000004145,0000004003,553,2022-11-10 17:03:54,,1
0000004146,0000004004,68,2020-02-09 02:10:42,,1
0000004147,0000004005,488,2020-09-25 01:26:49,,1
0000004148,0000004006,488,2018-09-02 07:54:12,,1
0000004149,0000004007,547,2025-08-01 05:36:31,,1
0000004150,0000004008,909,2021-07-16 13:01:12,,1
0000004151,0000004009,909,2017-07-30 19:16:01,,1
0000004152,0000004010,290,2016-08-12 18:37:28,,1
0000004153,0000004011,58,2022-09-27 03:57:42,,1
0000004154,0000004012,337,2025-08-11 17:25:43,,1
0000004155,0000004013,998,2026-09-11 08:49:06,,1
0000004156,0000004014,337,2025-11-26 00:45:57,,1
0000004157,0000004015,123,2018-08-11 02:05:00,,1
0000004158,0000004016,337,2023-07-01 21:34:26,,1
0000004159,0000004017,337,2022-12-07 02:10:16,,1
0000004160,0000004018,494,2024-05-08 22:45:03,,1
0000004161,0000004019,309,2022-07-11 12:48:29,,1
0000004162,0000004020,309,2022-02-26 13:33:57,,1
0000004163,0000004021,309,2019-09-19 04:50:25,,1
0000004164,0000004022,309,2018-02-14 14:32:10,,1
0000004165,0000004023,337,2023-06-29 16:21:53,,1
0000004166,0000004024,898,2022-09-22 23:28:34,,1
0000004167,0000004025,149,2022-03-15 00:02:13,,1
0000004168,0000004026,149,2022-10-02 07:01:52,,1
0000004169,0000004027,149,2020-02-24 12:52:09,,1
0000004170,0000004028,149,2022-12-26 11:05:05,,1
0000004171,0000004029,650,2023-01-05 20:57:09,,1
0000004172,0000004030,12,2020-09-13 06:58:44,,1
0000004173,0000004031,895,2020-05-09 22:07:04,,1
0000004174,0000004032,996,2019-05-07 05:42:31,,1
0000004175,0000004033,840,2016-12-02 00:19:22,,1
0000004176,0000004034,840,2017-10-11 18:14:16,,1
0000004177,0000004035,477,2019-03-03 07:11:37,,1
0000004178,0000004036,616,2018-12-06 11:57:10,,1
0000004179,0000004037,697,2023-12-06 22:47:43,,1
0000004180,0000004038,697,2024-09-11 10:53:07,,1
0000004181,0000004039,554,2022-10-24 20:06:19,,1
0000004182,0000004040,554,2020-03-24 12:45:29,,1
0000004183,0000004041,554,2021-10-11 05:29:10,,1
0000004184,0000004042,554,2024-10-22 21:29:48,,1
0000004185,0000004043,554,2022-08-29 11:01:18,,1
0000004186,0000004044,13,2026-04-14 07:06:43,,1
0000004187,0000004045,739,2022-10-23 02:40:38,,1
0000004188,0000004046,739,2020-07-29 05:56:28,,1
0000004189,0000004047,685,2019-11-18 21:20:46,,1
0000004190,0000004048,685,2020-02-17 07:55:37,,1
0000004191,0000004049,97,2021-01-17 07:46:51,,1
0000004192,0000004050,493,2021-12-12 22:17:34,,1
0000004193,0000004051,199,2026-09-01 21:49:01,,1
0000004194,0000004052,262,2019-01-25 14:16:58,,1
0000004195,0000004053,744,2021-05-11 08:38:00,,1
0000004196,0000004054,744,2026-09-14 16:39:21,,1
0000004197,0000004055,744,2020-08-01 17:41:20,,1
0000004198,0000004056,628,2022-06-23 18:39:19,,1
0000004199,0000004057,744,2024-06-09 02:38:38,,1
0000004200,0000004058,106,2021-09-06 10:22:39,,1
0000004201,0000004059,106,2024-01-09 13:07:03,,1
0000004202,0000004060,973,2021-11-03 10:22:40,,1
0000004203,0000004061,973,2024-10-27 09:39:30,,1
0000004204,0000004062,973,2024-02-03 04:02:14,,1
0000004205,0000004063,973,2022-03-28 14:58:39,,1
0000004206,0000004064,973,2019-03-05 03:54:03,,1
0000004207,0000004065,478,2025-04-03 09:32:36,,1
0000004208,0000004066,282,2017-10-02 01:16:04,,1
0000004209,0000004067,419,2016-12-28 01:51:19,,1
0000004210,0000004068,654,2019-01-04 04:57:59,,1
0000004211,0000004069,654,2024-04-08 13:55:15,2024-04-09 13:01:06,0
0000004212,0000004069,366,2024-04-09 13:01:06,,1
0000004213,0000004070,521,2020-11-06 14:33:00,,1
0000004214,0000004071,521,2024-12-30 06:59:57,,1
0000004215,0000004072,600,2019-01-30 11:20:13,,1
0000004216,0000004073,368,2023-03-06 17:24:46,,1
0000004217,0000004074,808,2017-09-02 10:15:10,,1
0000004218,0000004075,808,2016-08-09 07:14:20,,1
0000004219,0000004076,808,2022-10-21 20:20:59,,1
0000004220,0000004077,451,2023-08-01 11:40:14,,1
0000004221,0000004078,808,2019-09-05 03:11:39,,1
0000004222,0000004079,155,2024-11-06 14:19:08,,1
0000004223,0000004080,791,2024-05-17 15:05:49,,1
0000004224,0000004081,808,2019-06-14 02:18:14,,1
0000004225,0000004082,808,2018-12-23 11:40:23,,1
0000004226,0000004083,921,2020-06-10 03:59:29,,1
0000004227,0000004084,451,2025-04-18 14:32:47,,1
0000004228,0000004085,186,2015-03-13 07:01:25,,1
0000004229,0000004086,186,2015-07-28 21:42:20,,1
0000004230,0000004087,885,2025-02-16 01:01:07,,1
0000004231,0000004088,212,2022-05-06 11:59:26,,1
0000004232,0000004089,290,2026-08-30 12:05:34,,1
0000004233,0000004090,632,2021-04-26 17:10:54,,1
0000004234,0000004091,655,2018-07-06 01:37:05,,1
0000004235,0000004092,272,2022-02-23 04:45:32,,1
0000004236,0000004093,388,2016-06-26 01:11:00,,1
0000004237,0000004094,582,2019-09-14 08:35:37,,1
0000004238,0000004095,596,2026-03-03 05:18:34,,1
0000004239,0000004096,596,2017-12-12 18:20:25,,1
0000004240,0000004097,596,2024-10-06 15:52:27,,1
0000004241,0000004098,596,2017-05-21 09:36:49,,1
0000004242,0000004099,596,2025-05-15 11:40:24,,1
0000004243,0000004100,552,2019-08-28 19:24:12,,1
0000004244,0000004101,552,2020-03-31 09:21:22,,1
0000004245,0000004102,552,2019-12-18 01:27:26,,1
0000004246,0000004103,552,2017-07-13 09:17:12,,1
0000004247,0000004104,408,2025-05-14 11:35:11,,1
0000004248,0000004105,150,2020-08-02 19:45:49,,1
0000004249,0000004106,150,2018-11-28 03:52:48,,1
0000004250,0000004107,150,2020-10-27 02:56:43,,1
0000004251,0000004108,49,2018-07-11 14:26:03,,1
0000004252,0000004109,150,2023-11-27 11:45:40,,1
0000004253,0000004110,244,2021-03-29 16:12:57,2021-03-29 23:56:46,0
0000004254,0000004110,600,2021-03-29 23:56:46,,1
0000004255,0000004111,150,2020-03-11 08:36:29,,1
0000004256,0000004112,150,2020-01-26 06:36:40,,1
0000004257,0000004113,996,2022-08-14 00:14:41,,1
0000004258,0000004114,709,2022-12-31 14:36:28,,1
0000004259,0000004115,150,2022-04-12 14:42:27,,1
0000004260,0000004116,150,2021-12-15 16:32:22,,1
0000004261,0000004117,629,2023-09-01 22:19:02,2023-09-03 17:15:02,0
0000004262,0000004117,601,2023-09-03 17:15:02,,1
0000004263,0000004118,930,2018-10-16 22:34:47,,1
0000004264,0000004119,629,2022-09-15 16:23:17,,1
0000004265,0000004120,629,2018-04-20 17:18:44,,1
0000004266,0000004121,629,2018-09-17 02:59:00,,1
0000004267,0000004122,629,2022-10-26 03:53:36,,1
0000004268,0000004123,23,2023-07-19 16:12:09,,1
0000004269,0000004124,629,2023-02-01 16:01:27,,1
0000004270,0000004125,13,2021-10-27 08:07:34,,1
0000004271,0000004126,13,2022-03-15 08:02:08,,1
0000004272,0000004127,13,2016-06-05 23:39:55,,1
0000004273,0000004128,652,2023-05-02 14:23:43,,1
0000004274,0000004129,13,2024-09-03 06:15:12,,1
0000004275,0000004130,908,2018-02-02 22:49:41,,1
0000004276,0000004131,856,2017-03-05 21:29:56,,1
0000004277,0000004132,724,2020-12-30 05:35:28,,1
0000004278,0000004133,366,2020-09-19 05:26:17,,1
0000004279,0000004134,940,2018-06-15 08:34:10,,1
0000004280,0000004135,940,2015-12-21 07:30:46,,1
0000004281,0000004136,940,2018-07-30 22:03:50,,1
0000004282,0000004137,719,2025-09-11 14:06:27,,1
0000004283,0000004138,735,2019-05-29 20:30:43,,1
0000004284,0000004139,606,2017-06-19 02:49:18,,1
0000004285,0000004140,67,2021-02-09 21:20:51,,1
0000004286,0000004141,67,2018-10-15 08:12:25,,1
0000004287,0000004142,606,2016-05-24 07:19:54,,1
0000004288,0000004143,67,2020-09-05 12:35:59,,1
0000004289,0000004144,699,2025-04-27 14:21:15,,1
0000004290,0000004145,699,2022-08-22 07:04:30,,1
0000004291,0000004146,699,2020-06-29 09:51:23,,1
0000004292,0000004147,699,2026-03-09 18:40:49,,1
0000004293,0000004148,457,2023-12-09 18:28:12,,1
0000004294,0000004149,685,2023-05-12 20:39:30,,1
0000004295,0000004150,665,2020-12-16 15:19:29,,1
0000004296,0000004151,665,2022-12-14 09:26:35,,1
0000004297,0000004152,665,2020-07-14 02:22:22,,1
0000004298,0000004153,665,2021-09-25 02:21:17,,1
0000004299,0000004154,665,2023-06-21 09:14:38,,1
0000004300,0000004155,665,2016-05-04 23:00:50,,1
0000004301,0000004156,665,2020-10-17 03:23:57,,1
0000004302,0000004157,665,2021-07-24 23:38:34,,1
0000004303,0000004158,665,2019-03-12 04:53:03,,1
0000004304,0000004159,665,2022-02-10 03:14:52,,1
0000004305,0000004160,665,2016-09-13 16:02:13,,1
0000004306,0000004161,665,2018-08-22 14:35:43,,1
0000004307,0000004162,714,2024-07-15 23:00:42,,1
0000004308,0000004163,364,2025-11-22 06:36:18,,1
0000004309,0000004164,364,2017-03-18 18:07:37,,1
0000004310,0000004165,364,2023-07-03 13:32:56,,1
0000004311,0000004166,881,2019-12-23 10:46:59,,1
0000004312,0000004167,463,2016-11-25 06:11:06,,1
0000004313,0000004168,770,2019-06-28 04:55:16,,1
0000004314,0000004169,463,2017-06-02 01:34:40,,1
0000004315,0000004170,173,2020-10-10 11:39:58,,1
0000004316,0000004171,173,2024-06-03 21:17:29,,1
0000004317,0000004172,173,2020-04-15 04:03:10,,1
0000004318,0000004173,173,2018-05-05 18:49:00,,1
0000004319,0000004174,173,2018-11-24 06:49:59,,1
0000004320,0000004175,314,2026-09-21 19:00:11,,1
0000004321,0000004176,314,2020-06-06 03:07:48,,1
0000004322,0000004177,314,2020-08-30 09:04:35,,1
0000004323,0000004178,111,2026-09-02 13:11:03,,1
0000004324,0000004179,897,2026-09-10 05:33:06,,1
0000004325,0000004180,111,2020-02-13 01:26:13,,1
0000004326,0000004181,111,2023-08-25 07:53:29,,1
0000004327,0000004182,111,2022-07-18 05:09:52,,1
0000004328,0000004183,510,2023-11-08 17:26:24,,1
0000004329,0000004184,951,2016-06-05 10:39:57,,1
0000004330,0000004185,951,2016-10-28 21:10:24,2016-10-29 03:51:02,0
0000004331,0000004185,960,2016-10-29 03:51:02,,1
0000004332,0000004186,246,2020-07-02 16:39:28,,1
0000004333,0000004187,246,2020-09-23 06:41:40,,1
0000004334,0000004188,246,2018-01-01 02:57:28,,1
0000004335,0000004189,94,2018-12-20 00:59:32,,1
0000004336,0000004190,680,2021-03-13 23:16:04,,1
0000004337,0000004191,329,2023-03-24 23:12:03,,1
0000004338,0000004192,437,2017-01-14 21:53:57,2017-01-16 21:59:10,0
0000004339,0000004192,881,2017-01-16 21:59:10,,1
0000004340,0000004193,41,2016-10-16 10:39:47,,1
0000004341,0000004194,790,2020-08-19 13:57:05,,1
0000004342,0000004195,790,2019-01-16 06:29:35,,1
0000004343,0000004196,790,2019-12-27 01:21:27,,1
0000004344,0000004197,766,2017-11-22 16:57:10,,1
0000004345,0000004198,466,2017-11-14 15:31:20,,1
0000004346,0000004199,914,2021-09-03 09:40:27,,1
0000004347,0000004200,508,2026-07-25 03:44:49,,1
0000004348,0000004201,508,2020-12-09 13:26:04,,1
0000004349,0000004202,508,2021-03-27 13:51:57,,1
0000004350,0000004203,945,2026-07-08 14:09:38,,1
0000004351,0000004204,945,2018-04-07 08:33:35,,1
0000004352,0000004205,945,2020-11-12 03:56:25,,1
0000004353,0000004206,945,2023-04-18 04:06:27,,1
0000004354,0000004207,945,2017-04-10 02:13:08,,1
0000004355,0000004208,834,2018-12-21 12:50:01,,1
0000004356,0000004209,852,2024-09-06 21:28:04,,1
0000004357,0000004210,707,2016-02-20 16:22:05,,1
0000004358,0000004211,550,2023-11-25 12:45:59,,1
0000004359,0000004212,550,2022-08-23 20:34:55,,1
0000004360,0000004213,780,2026-02-17 00:43:11,,1
0000004361,0000004214,780,2023-04-25 20:19:38,,1
0000004362,0000004215,65,2021-10-28 21:20:27,,1
0000004363,0000004216,235,2020-07-27 01:47:12,,1
0000004364,0000004217,235,2016-09-05 16:58:13,,1
0000004365,0000004218,235,2019-07-10 08:25:22,,1
0000004366,0000004219,235,2019-08-23 15:51:06,,1
0000004367,0000004220,248,2018-03-02 06:24:51,,1
0000004368,0000004221,248,2022-06-01 01:38:27,,1
0000004369,0000004222,248,2021-01-09 23:11:20,,1
0000004370,0000004223,957,2018-05-25 06:13:17,,1
0000004371,0000004224,359,2019-01-25 12:09:50,,1
0000004372,0000004225,189,2018-06-29 08:35:47,2018-06-29 10:59:17,0
0000004373,0000004225,582,2018-06-29 10:59:17,,1
0000004374,0000004226,956,2025-09-12 09:16:53,,1
0000004375,0000004227,577,2020-11-13 06:04:16,,1
0000004376,0000004228,577,2022-02-11 01:13:38,,1
0000004377,0000004229,577,2024-08-21 23:17:39,,1
0000004378,0000004230,559,2019-07-11 16:35:17,,1
0000004379,0000004231,354,2022-11-24 02:09:26,,1
0000004380,0000004232,904,2020-10-12 09:13:15,,1
0000004381,0000004233,471,2022-10-26 06:45:57,,1
0000004382,0000004234,471,2024-02-18 00:52:10,,1
0000004383,0000004235,471,2016-11-07 22:30:28,,1
0000004384,0000004236,965,2018-11-03 15:47:43,,1
0000004385,0000004237,730,2015-12-08 14:09:26,,1
0000004386,0000004238,730,2023-02-13 07:47:51,,1
0000004387,0000004239,338,2024-02-02 13:39:28,,1
0000004388,0000004240,783,2026-06-28 08:05:20,,1
0000004389,0000004241,562,2023-03-23 07:52:11,,1
0000004390,0000004242,562,2022-01-03 22:45:08,,1
0000004391,0000004243,562,2017-03-22 06:00:04,,1
0000004392,0000004244,562,2020-10-11 00:15:57,,1
0000004393,0000004245,783,2025-12-21 10:40:17,,1
0000004394,0000004246,783,2026-01-27 21:47:59,,1
0000004395,0000004247,562,2018-12-26 18:26:33,,1
0000004396,0000004248,112,2019-02-09 12:11:59,,1
0000004397,0000004249,112,2018-01-10 18:53:58,,1
0000004398,0000004250,112,2022-02-12 19:28:33,,1
0000004399,0000004251,382,2019-04-04 10:22:50,,1
0000004400,0000004252,112,2021-02-20 00:24:07,,1
0000004401,0000004253,112,2018-06-22 17:39:06,,1
0000004402,0000004254,112,2019-04-19 09:34:29,,1
0000004403,0000004255,112,2019-06-21 21:14:47,,1
0000004404,0000004256,705,2020-11-09 02:41:31,,1
0000004405,0000004257,112,2022-04-09 02:39:52,,1
0000004406,0000004258,112,2018-07-12 07:49:31,,1
0000004407,0000004259,112,2021-12-17 20:27:30,,1
0000004408,0000004260,477,2017-01-11 15:09:43,,1
0000004409,0000004261,325,2017-02-11 22:08:44,,1
0000004410,0000004262,67,2019-04-08 06:50:41,,1
0000004411,0000004263,67,2019-12-16 15:12:23,,1
0000004412,0000004264,67,2017-09-09 11:09:30,,1
0000004413,0000004265,67,2020-12-30 03:28:45,2021-01-03 23:05:57,0
0000004414,0000004265,246,2021-01-03 23:05:57,,1
0000004415,0000004266,67,2019-12-02 08:35:45,,1
0000004416,0000004267,762,2024-11-12 09:04:42,2024-11-15 19:53:53,0
0000004417,0000004267,121,2024-11-15 19:53:53,,1
0000004418,0000004268,762,2024-04-30 08:22:09,,1
0000004419,0000004269,762,2020-02-10 23:18:52,,1
0000004420,0000004270,762,2019-07-29 16:16:08,,1
0000004421,0000004271,208,2017-09-26 01:49:53,,1
0000004422,0000004272,762,2022-03-25 14:46:18,,1
0000004423,0000004273,117,2020-08-10 15:41:48,,1
0000004424,0000004274,762,2020-05-31 15:52:49,,1
0000004425,0000004275,726,2021-08-28 12:37:01,,1
0000004426,0000004276,932,2026-02-03 12:31:59,,1
0000004427,0000004277,932,2026-04-07 23:40:12,,1
0000004428,0000004278,932,2025-10-27 17:17:57,2025-10-30 09:59:09,0
0000004429,0000004278,947,2025-10-30 09:59:09,,1
0000004430,0000004279,932,2020-05-23 00:26:27,,1
0000004431,0000004280,164,2018-04-10 01:35:26,,1
0000004432,0000004281,707,2020-10-28 04:55:04,,1
0000004433,0000004282,707,2024-03-20 05:22:36,,1
0000004434,0000004283,707,2020-06-26 07:30:46,,1
0000004435,0000004284,707,2020-05-19 03:47:19,,1
0000004436,0000004285,707,2024-06-08 17:49:00,,1
0000004437,0000004286,86,2017-12-20 16:07:42,,1
0000004438,0000004287,707,2021-01-06 03:41:00,,1
0000004439,0000004288,707,2021-02-06 17:58:55,,1
0000004440,0000004289,774,2021-11-04 20:54:16,,1
0000004441,0000004290,774,2023-02-23 03:00:35,,1
0000004442,0000004291,774,2023-01-13 08:55:21,,1
0000004443,0000004292,774,2023-12-23 05:48:47,,1
0000004444,0000004293,774,2026-01-04 00:55:16,,1
0000004445,0000004294,774,2022-08-16 22:15:18,,1
0000004446,0000004295,774,2022-08-10 06:51:15,,1
0000004447,0000004296,774,2023-11-12 15:47:34,,1
0000004448,0000004297,489,2021-06-08 07:10:04,,1
0000004449,0000004298,489,2026-04-29 15:57:21,,1
0000004450,0000004299,919,2021-10-25 18:40:41,,1
0000004451,0000004300,489,2023-04-06 00:09:17,,1
0000004452,0000004301,489,2020-11-03 20:49:02,,1
0000004453,0000004302,6,2020-06-21 22:57:12,,1
0000004454,0000004303,175,2026-09-12 04:21:10,,1
0000004455,0000004304,489,2022-05-24 18:51:48,,1
0000004456,0000004305,489,2021-02-21 23:10:52,,1
0000004457,0000004306,489,2018-02-06 05:53:25,,1
0000004458,0000004307,489,2019-08-08 15:48:30,,1
0000004459,0000004308,489,2024-06-26 22:28:49,,1
0000004460,0000004309,459,2021-11-19 08:46:51,,1
0000004461,0000004310,459,2022-11-04 19:12:25,,1
0000004462,0000004311,187,2015-12-20 00:01:13,,1
0000004463,0000004312,586,2015-07-13 17:55:22,,1
0000004464,0000004313,187,2021-04-13 07:48:04,,1
0000004465,0000004314,584,2018-04-01 10:33:46,,1
0000004466,0000004315,187,2020-06-29 03:25:23,,1
0000004467,0000004316,257,2021-04-25 01:05:40,,1
0000004468,0000004317,469,2015-08-18 15:37:51,,1
0000004469,0000004318,114,2022-09-09 11:40:24,,1
0000004470,0000004319,114,2017-03-08 16:33:41,,1
0000004471,0000004320,114,2018-08-21 08:53:00,,1
0000004472,0000004321,114,2017-05-28 19:47:00,,1
0000004473,0000004322,114,2021-08-21 14:48:06,,1
0000004474,0000004323,114,2016-06-19 00:56:18,,1
0000004475,0000004324,114,2020-11-21 05:01:29,,1
0000004476,0000004325,114,2020-08-12 03:31:28,,1
0000004477,0000004326,114,2021-12-27 07:40:54,,1
0000004478,0000004327,114,2022-04-18 17:41:31,,1
0000004479,0000004328,114,2023-01-07 18:49:20,,1
0000004480,0000004329,374,2023-07-20 03:03:05,,1
0000004481,0000004330,374,2018-06-22 03:05:37,,1
0000004482,0000004331,374,2021-03-14 23:48:55,,1
0000004483,0000004332,374,2024-06-20 13:38:04,,1
0000004484,0000004333,374,2020-02-03 15:45:32,,1
0000004485,0000004334,374,2026-08-23 08:36:25,,1
0000004486,0000004335,333,2018-09-28 02:26:30,,1
0000004487,0000004336,374,2023-01-10 14:34:45,,1
0000004488,0000004337,926,2022-06-17 03:07:12,,1
0000004489,0000004338,25,2026-01-19 22:46:56,,1
0000004490,0000004339,565,2016-03-22 11:21:38,,1
0000004491,0000004340,376,2017-08-19 04:52:59,,1
0000004492,0000004341,376,2017-07-16 23:07:06,,1
0000004493,0000004342,376,2020-06-18 11:35:14,,1
0000004494,0000004343,376,2016-07-13 00:49:57,,1
0000004495,0000004344,376,2016-03-10 04:40:29,,1
0000004496,0000004345,274,2024-07-22 19:26:43,,1
0000004497,0000004346,289,2018-12-23 21:01:34,,1
0000004498,0000004347,86,2026-07-15 07:34:04,,1
0000004499,0000004348,289,2020-08-10 18:48:29,,1
0000004500,0000004349,289,2020-11-20 23:59:03,2020-11-22 16:53:24,0
0000004501,0000004349,298,2020-11-22 16:53:24,,1
0000004502,0000004350,289,2016-12-20 14:36:35,,1
0000004503,0000004351,956,2017-02-20 13:23:04,,1
0000004504,0000004352,289,2019-08-29 07:25:34,,1
0000004505,0000004353,831,2020-09-17 00:43:43,,1
0000004506,0000004354,831,2022-09-11 19:11:09,,1
0000004507,0000004355,831,2017-04-23 12:08:25,,1
0000004508,0000004356,383,2022-05-16 21:50:35,,1
0000004509,0000004357,383,2024-02-06 22:30:34,,1
0000004510,0000004358,885,2018-12-21 09:13:09,2018-12-23 03:26:28,0
0000004511,0000004358,375,2018-12-23 03:26:28,,1
0000004512,0000004359,885,2021-10-07 18:41:16,,1
0000004513,0000004360,885,2022-03-14 00:09:24,,1
0000004514,0000004361,885,2023-10-27 23:57:06,2023-10-31 17:38:52,0
0000004515,0000004361,13,2023-10-31 17:38:52,,1
0000004516,0000004362,885,2025-10-15 00:24:36,,1
0000004517,0000004363,662,2020-10-25 11:17:39,,1
0000004518,0000004364,73,2020-02-20 07:58:10,,1
0000004519,0000004365,205,2015-10-04 18:41:22,,1
0000004520,0000004366,205,2020-04-27 00:24:19,,1
0000004521,0000004367,205,2019-07-16 09:36:57,,1
0000004522,0000004368,205,2026-05-08 18:28:02,,1
0000004523,0000004369,205,2016-04-29 04:56:00,,1
0000004524,0000004370,3,2019-12-09 06:19:00,,1
0000004525,0000004371,620,2018-01-30 00:25:28,,1
0000004526,0000004372,148,2023-06-13 15:55:40,,1
0000004527,0000004373,167,2024-01-14 14:40:51,,1
0000004528,0000004374,208,2019-12-07 13:48:54,,1
0000004529,0000004375,437,2026-09-30 08:15:33,,1
0000004530,0000004376,437,2020-07-17 17:44:02,,1
0000004531,0000004377,437,2026-07-07 08:02:01,,1
0000004532,0000004378,437,2023-01-23 11:02:09,,1
0000004533,0000004379,437,2025-06-18 07:24:31,,1
0000004534,0000004380,437,2025-02-01 10:22:23,,1
0000004535,0000004381,437,2019-06-01 04:44:55,,1
0000004536,0000004382,437,2025-04-05 23:55:39,,1
0000004537,0000004383,258,2024-02-08 03:38:57,,1
0000004538,0000004384,635,2019-02-03 18:28:36,,1
0000004539,0000004385,508,2021-07-08 02:29:00,,1
0000004540,0000004386,790,2020-07-04 15:36:29,,1
0000004541,0000004387,790,2019-07-03 08:07:16,2019-07-03 13:15:32,0
0000004542,0000004387,495,2019-07-03 13:15:32,,1
0000004543,0000004388,790,2019-08-30 09:53:32,,1
0000004544,0000004389,790,2020-09-09 23:39:27,,1
0000004545,0000004390,763,2022-10-17 02:10:31,,1
0000004546,0000004391,763,2025-06-19 07:54:14,,1
0000004547,0000004392,560,2017-12-11 10:53:29,,1
0000004548,0000004393,420,2015-08-06 08:06:47,,1
0000004549,0000004394,420,2018-09-18 06:42:33,,1
0000004550,0000004395,675,2023-05-09 03:14:53,,1
0000004551,0000004396,420,2016-07-23 20:47:28,,1
0000004552,0000004397,420,2022-12-27 03:23:38,,1
0000004553,0000004398,420,2017-06-20 00:53:59,,1
0000004554,0000004399,420,2016-04-03 01:26:38,,1
0000004555,0000004400,178,2020-01-09 23:42:26,,1
0000004556,0000004401,420,2018-10-20 18:06:12,,1
0000004557,0000004402,420,2015-09-08 18:19:38,,1
0000004558,0000004403,420,2016-08-28 19:18:21,,1
0000004559,0000004404,420,2022-01-03 17:34:27,,1
0000004560,0000004405,973,2018-11-26 20:10:55,,1
0000004561,0000004406,973,2017-02-09 18:28:35,2017-02-10 22:37:50,0
0000004562,0000004406,250,2017-02-10 22:37:50,,1
0000004563,0000004407,236,2025-11-08 12:12:34,,1
0000004564,0000004408,375,2021-02-01 12:20:50,,1
0000004565,0000004409,15,2025-05-10 06:48:00,,1
0000004566,0000004410,346,2022-02-11 09:46:48,,1
0000004567,0000004411,665,2022-10-18 03:13:12,,1
0000004568,0000004412,962,2019-06-29 01:56:22,,1
0000004569,0000004413,346,2018-08-07 22:12:50,,1
0000004570,0000004414,346,2020-02-03 04:20:30,,1
0000004571,0000004415,993,2020-03-03 11:25:43,,1
0000004572,0000004416,241,2018-03-03 05:29:29,,1
0000004573,0000004417,827,2023-05-17 16:41:53,2023-05-20 22:23:51,0
0000004574,0000004417,591,2023-05-20 22:23:51,,1
0000004575,0000004418,827,2024-08-31 21:48:10,,1
0000004576,0000004419,827,2024-08-26 14:38:29,,1
0000004577,0000004420,556,2017-12-18 13:11:07,,1
0000004578,0000004421,827,2022-09-24 20:24:13,,1
0000004579,0000004422,827,2018-08-20 13:14:06,,1
0000004580,0000004423,706,2025-12-01 12:39:37,,1
0000004581,0000004424,706,2025-10-03 16:38:59,,1
0000004582,0000004425,827,2020-12-22 03:39:57,,1
0000004583,0000004426,517,2021-08-09 03:02:21,,1
0000004584,0000004427,827,2022-11-01 00:23:41,,1
0000004585,0000004428,827,2019-02-05 23:52:34,,1
0000004586,0000004429,19,2019-03-29 11:38:38,,1
0000004587,0000004430,542,2020-10-07 17:48:10,,1
0000004588,0000004431,729,2023-11-03 01:19:40,,1
0000004589,0000004432,229,2016-09-26 05:03:06,,1
0000004590,0000004433,229,2016-09-25 05:14:06,,1
0000004591,0000004434,322,2024-07-04 15:43:10,,1
0000004592,0000004435,322,2024-09-22 19:54:07,,1
0000004593,0000004436,837,2022-03-11 23:35:28,,1
0000004594,0000004437,266,2024-05-26 12:10:41,,1
0000004595,0000004438,322,2024-04-13 14:50:45,,1
0000004596,0000004439,322,2024-10-24 14:40:11,,1
0000004597,0000004440,497,2019-11-15 11:32:46,,1
0000004598,0000004441,154,2021-08-08 10:34:39,,1
0000004599,0000004442,290,2024-11-22 09:47:21,,1
0000004600,0000004443,557,2018-02-17 17:05:51,,1
0000004601,0000004444,304,2019-08-07 09:08:50,,1
0000004602,0000004445,304,2018-12-04 13:53:31,,1
0000004603,0000004446,378,2019-01-11 01:07:58,,1
0000004604,0000004447,378,2019-08-03 17:43:59,,1
0000004605,0000004448,111,2018-08-29 08:29:56,,1
0000004606,0000004449,111,2017-06-10 13:16:16,,1
0000004607,0000004450,111,2017-03-02 02:46:19,,1
0000004608,0000004451,111,2018-04-12 13:00:40,,1
0000004609,0000004452,814,2018-06-18 08:13:26,,1
0000004610,0000004453,111,2018-07-31 20:38:52,,1
0000004611,0000004454,111,2017-10-17 19:53:31,,1
0000004612,0000004455,111,2018-07-22 11:55:25,,1
0000004613,0000004456,18,2018-10-13 06:23:04,,1
0000004614,0000004457,18,2024-07-23 03:28:59,,1
0000004615,0000004458,18,2019-02-09 19:30:42,,1
0000004616,0000004459,993,2020-12-28 15:22:43,,1
0000004617,0000004460,18,2020-07-17 15:40:59,,1
0000004618,0000004461,18,2025-03-07 00:33:51,,1
0000004619,0000004462,18,2019-02-27 19:09:48,,1
0000004620,0000004463,18,2025-01-11 10:26:06,,1
0000004621,0000004464,692,2018-08-07 01:36:12,,1
0000004622,0000004465,18,2022-08-10 09:14:28,,1
0000004623,0000004466,18,2019-07-13 09:05:32,,1
0000004624,0000004467,18,2019-08-22 15:18:26,,1
0000004625,0000004468,66,2016-02-15 11:45:53,,1
0000004626,0000004469,704,2021-11-21 04:00:07,,1
0000004627,0000004470,773,2021-08-23 15:42:20,,1
0000004628,0000004471,773,2026-05-18 03:31:50,,1
0000004629,0000004472,773,2022-11-30 17:31:20,,1
0000004630,0000004473,773,2015-12-30 14:49:05,,1
0000004631,0000004474,505,2026-01-26 04:18:03,,1
0000004632,0000004475,562,2019-01-01 04:30:52,,1
0000004633,0000004476,782,2023-07-16 03:04:42,,1
0000004634,0000004477,782,2023-03-23 15:06:11,,1
0000004635,0000004478,700,2023-01-16 03:43:27,,1
0000004636,0000004479,23,2019-12-23 22:56:38,,1
0000004637,0000004480,397,2021-06-29 13:28:20,,1
0000004638,0000004481,397,2017-12-22 04:44:37,,1
0000004639,0000004482,982,2018-09-25 07:29:33,,1
0000004640,0000004483,397,2019-06-18 17:13:46,,1
0000004641,0000004484,397,2019-04-16 00:59:14,,1
0000004642,0000004485,397,2022-04-30 06:51:08,,1
0000004643,0000004486,397,2021-09-07 01:05:23,,1
0000004644,0000004487,187,2022-02-10 17:12:59,,1
0000004645,0000004488,397,2019-05-17 14:23:10,,1
0000004646,0000004489,397,2021-05-29 06:33:20,,1
0000004647,0000004490,249,2019-05-26 00:29:26,,1
0000004648,0000004491,397,2018-03-26 19:13:12,,1
0000004649,0000004492,670,2017-03-12 07:54:35,,1
0000004650,0000004493,358,2026-06-11 18:19:11,,1
0000004651,0000004494,358,2018-07-16 09:25:08,,1
0000004652,0000004495,358,2018-04-10 07:06:28,,1
0000004653,0000004496,358,2017-10-09 08:00:06,,1
0000004654,0000004497,358,2021-04-14 16:03:10,,1
0000004655,0000004498,156,2015-10-09 02:10:01,2015-10-09 10:17:13,0
0000004656,0000004498,965,2015-10-09 10:17:13,,1
0000004657,0000004499,156,2016-01-18 22:37:27,,1
0000004658,0000004500,156,2017-02-28 05:34:27,,1
0000004659,0000004501,156,2020-09-14 16:11:31,,1
0000004660,0000004502,156,2020-09-10 11:38:41,,1
0000004661,0000004503,335,2022-08-21 17:24:22,,1
0000004662,0000004504,335,2023-09-10 12:07:21,,1
0000004663,0000004505,761,2024-11-10 23:13:38,,1
0000004664,0000004506,424,2024-09-16 06:37:28,,1
0000004665,0000004507,4,2025-05-27 17:37:21,,1
0000004666,0000004508,761,2020-02-11 12:58:57,,1
0000004667,0000004509,761,2022-06-09 11:09:11,,1
0000004668,0000004510,220,2018-07-17 13:47:41,,1
0000004669,0000004511,906,2024-10-03 02:32:14,,1
0000004670,0000004512,912,2017-09-23 07:00:39,,1
0000004671,0000004513,464,2022-06-06 14:03:58,,1
0000004672,0000004514,212,2019-10-28 16:17:23,,1
0000004673,0000004515,512,2023-03-03 10:33:28,,1
0000004674,0000004516,80,2023-08-03 21:05:22,,1
0000004675,0000004517,953,2021-11-13 07:25:19,,1
0000004676,0000004518,164,2022-03-28 08:02:14,,1
0000004677,0000004519,428,2023-02-20 05:45:10,,1
0000004678,0000004520,428,2025-07-24 06:02:43,,1
0000004679,0000004521,428,2020-12-21 17:37:44,,1
0000004680,0000004522,428,2025-11-11 12:36:04,,1
0000004681,0000004523,875,2022-09-09 23:56:20,,1
0000004682,0000004524,428,2018-07-21 14:10:15,,1
0000004683,0000004525,365,2022-09-25 03:01:14,,1
0000004684,0000004526,428,2025-02-11 09:34:58,,1
0000004685,0000004527,942,2020-08-20 17:35:52,,1
0000004686,0000004528,942,2024-12-26 20:25:23,,1
0000004687,0000004529,692,2022-12-06 07:11:17,,1
0000004688,0000004530,39,2020-12-25 05:01:28,,1
0000004689,0000004531,727,2026-07-14 06:33:36,,1
0000004690,0000004532,606,2025-08-16 10:04:47,,1
0000004691,0000004533,688,2024-01-20 16:23:39,,1
0000004692,0000004534,688,2017-07-24 22:06:07,,1
0000004693,0000004535,107,2023-09-03 05:42:15,,1
0000004694,0000004536,733,2024-05-21 01:44:14,,1
0000004695,0000004537,56,2025-04-22 08:02:26,,1
0000004696,0000004538,733,2022-12-26 11:19:21,,1
0000004697,0000004539,415,2019-10-01 11:26:57,,1
0000004698,0000004540,733,2023-11-28 18:26:57,,1
0000004699,0000004541,733,2025-03-08 20:25:20,,1
0000004700,0000004542,733,2022-10-04 10:12:50,,1
0000004701,0000004543,497,2024-07-15 14:09:16,,1
0000004702,0000004544,867,2019-10-23 15:11:19,,1
0000004703,0000004545,179,2021-06-24 13:43:50,2021-06-25 00:22:28,0
0000004704,0000004545,434,2021-06-25 00:22:28,,1
0000004705,0000004546,179,2021-03-02 04:59:55,,1
0000004706,0000004547,443,2025-12-28 17:14:03,,1
0000004707,0000004548,443,2019-07-12 19:51:34,,1
0000004708,0000004549,741,2024-10-16 03:06:43,,1
0000004709,0000004550,442,2025-12-06 08:05:52,,1
0000004710,0000004551,443,2023-02-13 19:06:23,,1
0000004711,0000004552,443,2025-01-13 19:33:35,,1
0000004712,0000004553,443,2026-10-05 14:46:48,,1
0000004713,0000004554,443,2026-07-17 11:58:05,,1
0000004714,0000004555,648,2025-10-24 18:20:49,,1
0000004715,0000004556,350,2022-05-26 06:50:53,,1
0000004716,0000004557,350,2019-10-29 11:16:09,,1
0000004717,0000004558,321,2020-03-04 00:47:20,,1
0000004718,0000004559,350,2018-10-06 12:38:31,,1
0000004719,0000004560,840,2020-01-01 21:53:39,,1
0000004720,0000004561,840,2023-03-26 23:22:31,,1
0000004721,0000004562,840,2022-01-31 05:52:42,,1
0000004722,0000004563,855,2026-05-27 08:08:37,,1
0000004723,0000004564,855,2024-11-07 02:29:14,,1
0000004724,0000004565,148,2024-12-28 15:27:31,,1
0000004725,0000004566,498,2017-03-04 04:48:56,,1
0000004726,0000004567,213,2021-12-17 16:47:26,2021-12-18 03:00:04,0
0000004727,0000004567,463,2021-12-18 03:00:04,,1
0000004728,0000004568,213,2020-09-26 20:29:35,,1
0000004729,0000004569,213,2020-08-17 00:58:45,,1
0000004730,0000004570,538,2022-09-09 03:30:35,,1
0000004731,0000004571,159,2025-12-23 04:13:33,,1
0000004732,0000004572,464,2016-10-31 00:37:59,,1
0000004733,0000004573,464,2018-09-04 18:54:20,,1
0000004734,0000004574,464,2025-04-12 15:24:39,,1
0000004735,0000004575,715,2018-06-12 22:24:02,,1
0000004736,0000004576,715,2016-12-16 03:32:12,,1
0000004737,0000004577,504,2017-08-01 23:00:40,,1
0000004738,0000004578,504,2021-12-30 23:41:48,,1
0000004739,0000004579,904,2016-01-22 20:11:20,,1
0000004740,0000004580,38,2017-05-26 11:34:39,,1
0000004741,0000004581,240,2019-11-25 16:52:57,,1
0000004742,0000004582,504,2015-12-17 12:44:34,,1
0000004743,0000004583,504,2021-03-28 12:21:20,,1
0000004744,0000004584,504,2017-02-20 14:25:26,,1
0000004745,0000004585,778,2019-06-17 04:38:11,,1
0000004746,0000004586,619,2019-03-23 21:13:03,,1
0000004747,0000004587,11,2019-05-01 18:10:02,,1
0000004748,0000004588,11,2018-10-21 10:49:27,,1
0000004749,0000004589,11,2025-07-02 16:51:16,,1
0000004750,0000004590,579,2026-02-05 14:22:28,,1
0000004751,0000004591,420,2020-02-24 11:17:02,,1
0000004752,0000004592,714,2025-07-29 16:21:37,,1
0000004753,0000004593,714,2024-08-26 19:43:34,,1
0000004754,0000004594,714,2024-02-12 01:59:24,,1
0000004755,0000004595,282,2021-07-31 07:38:06,,1
0000004756,0000004596,282,2018-11-26 09:56:37,,1
0000004757,0000004597,282,2021-09-10 19:03:57,,1
0000004758,0000004598,282,2021-05-31 03:13:19,,1
0000004759,0000004599,282,2021-09-04 12:39:23,,1
0000004760,0000004600,282,2018-09-09 01:31:03,,1
0000004761,0000004601,282,2020-05-05 17:10:58,,1
0000004762,0000004602,924,2024-06-02 00:23:21,,1
0000004763,0000004603,924,2022-07-05 22:13:48,,1
0000004764,0000004604,487,2025-03-17 20:26:47,,1
0000004765,0000004605,704,2025-11-28 01:08:31,,1
0000004766,0000004606,704,2026-02-15 18:51:13,,1
0000004767,0000004607,704,2019-10-31 11:29:44,,1
0000004768,0000004608,704,2024-04-06 01:56:26,,1
0000004769,0000004609,704,2026-04-12 14:27:14,,1
0000004770,0000004610,704,2024-10-31 17:37:44,,1
0000004771,0000004611,113,2017-10-14 20:29:55,,1
0000004772,0000004612,113,2018-08-22 15:50:08,,1
0000004773,0000004613,704,2026-07-30 20:05:05,,1
0000004774,0000004614,704,2022-08-07 12:24:51,,1
0000004775,0000004615,704,2026-09-27 10:16:34,,1
0000004776,0000004616,6,2024-02-17 11:19:54,,1
0000004777,0000004617,229,2024-03-05 17:36:08,,1
0000004778,0000004618,229,2025-05-21 01:30:07,,1
0000004779,0000004619,100,2024-04-08 00:38:54,,1
0000004780,0000004620,229,2020-07-13 17:24:17,,1
0000004781,0000004621,229,2021-10-20 17:05:29,,1
0000004782,0000004622,229,2016-10-11 10:56:20,,1
0000004783,0000004623,229,2021-06-28 23:56:43,,1
0000004784,0000004624,229,2024-02-14 19:03:01,,1
0000004785,0000004625,229,2020-12-09 14:53:55,,1
0000004786,0000004626,315,2019-02-09 10:29:03,,1
0000004787,0000004627,229,2026-04-01 18:36:37,,1
0000004788,0000004628,606,2023-03-01 03:29:09,,1
0000004789,0000004629,169,2025-09-04 01:00:32,,1
0000004790,0000004630,509,2025-09-24 13:25:30,,1
0000004791,0000004631,429,2021-04-13 19:24:20,,1
0000004792,0000004632,486,2026-05-27 01:33:36,,1
0000004793,0000004633,109,2017-12-26 05:34:09,,1
0000004794,0000004634,585,2024-03-29 21:55:08,,1
0000004795,0000004635,955,2023-07-11 06:53:43,,1
0000004796,0000004636,585,2024-01-29 06:49:43,,1
0000004797,0000004637,585,2022-11-01 22:20:00,,1
0000004798,0000004638,585,2021-08-31 08:08:51,,1
0000004799,0000004639,585,2018-08-29 22:53:14,,1
0000004800,0000004640,418,2019-12-10 21:08:24,,1
0000004801,0000004641,305,2025-12-20 13:42:53,2025-12-20 20:38:55,0
0000004802,0000004641,343,2025-12-20 20:38:55,,1
0000004803,0000004642,585,2020-10-18 22:45:40,,1
0000004804,0000004643,585,2024-02-04 09:47:12,,1
0000004805,0000004644,585,2018-09-18 03:02:06,,1
0000004806,0000004645,585,2020-06-20 12:14:07,,1
0000004807,0000004646,560,2018-04-16 02:59:00,2018-04-17 04:55:43,0
0000004808,0000004646,494,2018-04-17 04:55:43,,1
0000004809,0000004647,12,2018-01-04 04:33:33,,1
0000004810,0000004648,902,2019-04-18 02:24:53,,1
0000004811,0000004649,959,2017-09-08 18:56:24,,1
0000004812,0000004650,975,2022-05-19 04:54:45,,1
0000004813,0000004651,902,2020-07-22 19:17:54,,1
0000004814,0000004652,902,2016-11-03 20:03:56,,1
0000004815,0000004653,902,2019-08-14 11:36:30,,1
0000004816,0000004654,902,2022-11-03 09:45:06,,1
0000004817,0000004655,902,2025-03-17 05:32:38,,1
0000004818,0000004656,684,2020-09-16 17:58:53,2020-09-18 02:41:24,0
0000004819,0000004656,87,2020-09-18 02:41:24,,1
0000004820,0000004657,580,2020-09-27 07:18:16,,1
0000004821,0000004658,526,2017-04-28 01:41:50,,1
0000004822,0000004659,771,2017-12-27 22:44:23,,1
0000004823,0000004660,771,2017-11-20 12:48:43,,1
0000004824,0000004661,771,2017-10-12 04:54:44,,1
0000004825,0000004662,621,2021-08-09 20:38:54,,1
0000004826,0000004663,621,2025-12-04 02:04:35,,1
0000004827,0000004664,461,2019-03-25 23:39:12,,1
0000004828,0000004665,774,2024-01-18 02:18:10,,1
0000004829,0000004666,774,2021-08-14 20:07:00,,1
0000004830,0000004667,651,2025-10-20 10:50:54,,1
0000004831,0000004668,774,2025-01-16 07:35:57,,1
0000004832,0000004669,118,2025-01-31 15:22:39,,1
0000004833,0000004670,576,2025-05-05 11:23:03,,1
0000004834,0000004671,428,2021-07-01 04:58:43,,1
0000004835,0000004672,32,2016-01-08 07:08:23,,1
0000004836,0000004673,576,2026-07-23 23:35:53,,1
0000004837,0000004674,337,2025-06-06 13:43:14,,1
0000004838,0000004675,876,2025-08-30 08:18:29,,1
0000004839,0000004676,280,2019-04-03 02:41:11,,1
0000004840,0000004677,876,2019-03-14 23:41:02,,1
0000004841,0000004678,876,2021-02-20 22:24:54,,1
0000004842,0000004679,876,2018-05-06 01:03:56,,1
0000004843,0000004680,632,2020-01-23 04:28:02,,1
0000004844,0000004681,344,2022-11-29 21:09:04,,1
0000004845,0000004682,866,2021-03-22 07:28:20,,1
0000004846,0000004683,912,2017-01-09 02:04:46,,1
0000004847,0000004684,143,2026-07-01 08:59:16,,1
0000004848,0000004685,261,2020-01-31 00:54:01,,1
0000004849,0000004686,735,2019-04-03 10:24:54,,1
0000004850,0000004687,735,2019-08-06 19:42:07,,1
0000004851,0000004688,4,2021-09-12 15:39:17,,1
0000004852,0000004689,448,2021-04-26 12:08:11,,1
0000004853,0000004690,868,2025-10-04 05:42:08,,1
0000004854,0000004691,868,2019-06-15 09:30:44,,1
0000004855,0000004692,868,2022-02-17 06:13:37,,1
0000004856,0000004693,803,2018-06-27 04:29:19,,1
0000004857,0000004694,803,2022-03-08 08:56:18,,1
0000004858,0000004695,243,2023-10-21 19:58:31,,1
0000004859,0000004696,363,2019-02-19 23:20:22,,1
0000004860,0000004697,243,2022-06-09 12:10:16,,1
0000004861,0000004698,243,2024-12-30 02:20:13,,1
0000004862,0000004699,243,2024-03-09 10:04:30,,1
0000004863,0000004700,363,2018-05-03 06:08:56,,1
0000004864,0000004701,363,2018-07-01 22:25:32,,1
0000004865,0000004702,243,2019-06-19 21:12:01,,1
0000004866,0000004703,326,2020-05-23 20:47:43,,1
0000004867,0000004704,688,2024-11-08 03:24:51,,1
0000004868,0000004705,688,2018-01-23 00:31:04,,1
0000004869,0000004706,688,2020-06-19 08:30:01,,1
0000004870,0000004707,438,2021-09-19 15:13:17,,1
0000004871,0000004708,219,2022-07-06 09:29:29,,1
0000004872,0000004709,219,2019-01-04 14:23:42,,1
0000004873,0000004710,219,2023-02-16 03:21:07,,1
0000004874,0000004711,219,2022-07-29 19:27:11,,1
0000004875,0000004712,219,2018-05-22 06:39:44,,1
0000004876,0000004713,219,2023-04-17 18:31:41,,1
0000004877,0000004714,742,2018-03-01 03:52:06,,1
0000004878,0000004715,555,2021-03-01 04:50:17,,1
0000004879,0000004716,555,2018-07-04 18:56:11,,1
0000004880,0000004717,489,2025-11-09 04:01:03,,1
0000004881,0000004718,555,2023-01-13 10:01:01,,1
0000004882,0000004719,555,2020-05-12 04:00:30,,1
0000004883,0000004720,555,2025-07-30 08:38:34,,1
0000004884,0000004721,555,2020-03-22 15:56:00,,1
0000004885,0000004722,555,2019-10-09 19:03:15,,1
0000004886,0000004723,351,2017-10-06 09:10:39,,1
0000004887,0000004724,351,2021-11-22 15:14:30,,1
0000004888,0000004725,678,2017-11-26 20:31:16,,1
0000004889,0000004726,351,2021-07-14 03:11:28,,1
0000004890,0000004727,351,2019-10-07 21:17:00,,1
0000004891,0000004728,858,2017-04-30 07:25:05,,1
0000004892,0000004729,753,2020-03-05 19:01:10,,1
0000004893,0000004730,936,2026-02-09 06:25:52,,1
0000004894,0000004731,255,2026-06-16 09:17:12,,1
0000004895,0000004732,255,2022-03-15 11:01:56,,1
0000004896,0000004733,255,2022-03-09 19:26:15,,1
0000004897,0000004734,255,2024-08-13 15:01:58,,1
0000004898,0000004735,640,2018-07-18 22:11:32,,1
0000004899,0000004736,703,2018-01-21 21:55:47,2018-01-27 11:07:37,0
0000004900,0000004736,1000,2018-01-27 11:07:37,,1
0000004901,0000004737,703,2018-06-18 12:52:23,,1
0000004902,0000004738,703,2026-05-15 13:36:28,,1
0000004903,0000004739,703,2017-12-08 17:27:03,,1
0000004904,0000004740,703,2019-03-10 18:03:55,,1
0000004905,0000004741,703,2018-09-21 17:53:00,,1
0000004906,0000004742,703,2019-04-21 08:53:59,,1
0000004907,0000004743,258,2026-06-21 19:22:35,,1
0000004908,0000004744,932,2021-07-24 23:35:51,,1
0000004909,0000004745,92,2025-02-03 11:22:22,,1
0000004910,0000004746,173,2026-03-12 03:46:35,,1
0000004911,0000004747,173,2024-03-07 05:53:42,,1
0000004912,0000004748,173,2017-01-23 17:57:01,2017-01-24 10:51:26,0
0000004913,0000004748,288,2017-01-24 10:51:26,,1
0000004914,0000004749,391,2025-08-07 04:27:17,,1
0000004915,0000004750,391,2021-10-18 01:26:11,,1
0000004916,0000004751,391,2016-05-14 20:20:36,,1
0000004917,0000004752,391,2022-09-23 15:48:41,,1
0000004918,0000004753,391,2020-07-14 07:05:45,,1
0000004919,0000004754,391,2021-08-26 08:58:34,,1
0000004920,0000004755,391,2024-01-28 16:18:26,,1
0000004921,0000004756,391,2017-11-07 17:46:03,2017-11-09 23:03:43,0
0000004922,0000004756,617,2017-11-09 23:03:43,,1
0000004923,0000004757,895,2018-07-23 19:15:27,,1
0000004924,0000004758,391,2024-09-02 08:07:49,,1
0000004925,0000004759,706,2018-11-27 07:22:25,,1
0000004926,0000004760,909,2019-01-25 15:34:59,,1
0000004927,0000004761,567,2020-06-12 19:59:33,,1
0000004928,0000004762,567,2022-08-07 21:07:40,,1
0000004929,0000004763,609,2019-11-05 15:27:01,,1
0000004930,0000004764,567,2022-09-07 13:23:25,,1
0000004931,0000004765,567,2020-08-21 03:42:35,,1
0000004932,0000004766,567,2021-07-24 17:06:17,,1
0000004933,0000004767,571,2019-07-02 16:29:57,,1
0000004934,0000004768,567,2020-07-05 04:27:39,,1
0000004935,0000004769,171,2018-12-14 06:24:02,2018-12-17 11:12:20,0
0000004936,0000004769,886,2018-12-17 11:12:20,,1
0000004937,0000004770,171,2020-10-20 15:09:59,,1
0000004938,0000004771,667,2018-10-06 23:44:48,,1
0000004939,0000004772,562,2025-02-19 17:01:05,,1
0000004940,0000004773,562,2016-03-05 15:51:03,,1
0000004941,0000004774,792,2021-01-25 20:48:36,,1
0000004942,0000004775,522,2025-09-24 03:14:04,,1
0000004943,0000004776,792,2025-08-30 07:15:34,,1
0000004944,0000004777,792,2023-05-17 07:48:27,,1
0000004945,0000004778,792,2020-10-26 06:06:55,,1
0000004946,0000004779,792,2025-10-13 20:08:55,,1
0000004947,0000004780,792,2022-03-17 17:19:05,,1
0000004948,0000004781,792,2025-01-27 02:26:44,,1
0000004949,0000004782,255,2016-07-23 18:52:41,,1
0000004950,0000004783,517,2019-11-26 00:57:39,,1
0000004951,0000004784,517,2018-09-04 19:01:48,,1
0000004952,0000004785,517,2019-10-21 17:46:09,,1
0000004953,0000004786,59,2026-04-29 09:32:32,,1
0000004954,0000004787,59,2024-03-06 21:14:05,,1
0000004955,0000004788,517,2018-05-05 14:48:40,,1
0000004956,0000004789,715,2020-01-09 01:42:39,,1
0000004957,0000004790,517,2019-05-09 03:52:52,,1
0000004958,0000004791,248,2022-03-06 22:06:54,,1
0000004959,0000004792,903,2019-12-26 16:21:26,2020-01-01 23:44:32,0
0000004960,0000004792,47,2020-01-01 23:44:32,,1
0000004961,0000004793,656,2025-11-14 17:27:00,,1
0000004962,0000004794,537,2016-11-19 03:02:32,,1
0000004963,0000004795,615,2024-05-22 23:43:04,2024-05-23 07:55:42,0
0000004964,0000004795,949,2024-05-23 07:55:42,,1
0000004965,0000004796,383,2019-05-09 17:55:44,,1
0000004966,0000004797,383,2023-09-24 05:53:59,,1
0000004967,0000004798,383,2017-11-09 16:34:50,,1
0000004968,0000004799,769,2021-01-19 18:43:30,,1
0000004969,0000004800,730,2024-12-20 02:04:19,,1
0000004970,0000004801,478,2018-05-07 06:28:17,,1
0000004971,0000004802,478,2017-10-11 19:03:51,,1
0000004972,0000004803,478,2020-08-09 03:33:29,,1
0000004973,0000004804,730,2022-03-26 01:10:18,,1
0000004974,0000004805,478,2017-09-30 21:36:29,,1
0000004975,0000004806,730,2023-01-05 07:28:01,,1
0000004976,0000004807,730,2026-07-25 14:04:06,2026-07-25 22:39:35,0
0000004977,0000004807,473,2026-07-25 22:39:35,,1
0000004978,0000004808,252,2025-07-25 04:38:31,,1
0000004979,0000004809,252,2020-10-20 05:29:20,,1
0000004980,0000004810,55,2017-11-28 16:56:13,,1
0000004981,0000004811,565,2016-04-11 03:48:02,,1
0000004982,0000004812,565,2020-04-21 06:45:32,,1
0000004983,0000004813,565,2026-01-02 23:50:16,2026-01-03 19:12:34,0
0000004984,0000004813,804,2026-01-03 19:12:34,,1
0000004985,0000004814,565,2019-09-04 03:51:26,,1
0000004986,0000004815,42,2026-06-01 14:36:50,,1
0000004987,0000004816,565,2021-04-25 10:55:42,,1
0000004988,0000004817,207,2021-07-06 02:44:44,,1
0000004989,0000004818,565,2017-08-25 09:58:30,,1
0000004990,0000004819,235,2023-04-29 02:08:30,,1
0000004991,0000004820,21,2022-08-07 06:32:49,,1
0000004992,0000004821,402,2022-12-08 09:31:56,,1
0000004993,0000004822,26,2016-05-28 18:20:57,,1
0000004994,0000004823,26,2015-06-25 23:40:22,,1
0000004995,0000004824,637,2017-04-10 17:39:32,,1
0000004996,0000004825,637,2017-02-28 05:59:39,,1
0000004997,0000004826,38,2020-05-22 20:40:49,,1
0000004998,0000004827,38,2017-12-06 03:03:56,,1
0000004999,0000004828,38,2020-11-29 12:21:24,,1
0000005000,0000004829,146,2018-08-23 16:25:32,,1
0000005001,0000004830,146,2017-12-07 20:20:15,,1
0000005002,0000004831,146,2026-10-01 08:14:28,,1
0000005003,0000004832,146,2018-04-16 22:27:26,,1
0000005004,0000004833,146,2016-09-16 06:42:14,,1
0000005005,0000004834,404,2026-09-18 20:35:42,,1
0000005006,0000004835,977,2022-12-01 13:53:16,,1
0000005007,0000004836,819,2018-03-01 09:08:35,,1
0000005008,0000004837,819,2018-07-03 21:57:52,,1
0000005009,0000004838,880,2020-05-15 18:24:52,,1
0000005010,0000004839,547,2023-08-16 12:34:31,,1
0000005011,0000004840,488,2023-02-28 14:46:04,,1
0000005012,0000004841,880,2025-10-08 16:58:26,,1
0000005013,0000004842,880,2021-09-15 04:43:45,,1
0000005014,0000004843,880,2021-07-07 10:05:35,,1
0000005015,0000004844,880,2024-05-02 02:52:25,,1
0000005016,0000004845,880,2023-09-28 21:25:16,,1
0000005017,0000004846,702,2019-02-24 01:49:10,,1
0000005018,0000004847,880,2018-10-31 22:54:30,,1
0000005019,0000004848,880,2019-05-02 01:16:38,,1
0000005020,0000004849,880,2020-10-22 16:56:16,,1
0000005021,0000004850,686,2020-09-24 04:37:21,,1
0000005022,0000004851,222,2022-09-05 22:49:40,2022-09-09 11:16:30,0
0000005023,0000004851,318,2022-09-09 11:16:30,,1
0000005024,0000004852,888,2021-03-15 10:50:16,,1
0000005025,0000004853,856,2023-07-09 10:50:26,,1
0000005026,0000004854,699,2021-05-28 13:47:12,,1
0000005027,0000004855,699,2018-07-17 10:48:18,,1
0000005028,0000004856,800,2025-02-13 01:18:37,,1
0000005029,0000004857,337,2020-07-18 09:47:32,,1
0000005030,0000004858,337,2021-02-04 00:51:28,,1
0000005031,0000004859,113,2018-05-20 08:53:29,,1
0000005032,0000004860,997,2018-04-19 13:29:09,,1
0000005033,0000004861,229,2017-11-16 16:39:06,,1
0000005034,0000004862,340,2017-06-29 13:37:00,,1
0000005035,0000004863,380,2021-03-22 05:43:17,,1
0000005036,0000004864,380,2018-11-06 19:53:17,,1
0000005037,0000004865,613,2025-05-25 10:52:14,,1
0000005038,0000004866,613,2022-08-26 16:52:07,2022-08-31 17:18:57,0
0000005039,0000004866,485,2022-08-31 17:18:57,,1
0000005040,0000004867,137,2021-08-28 09:46:23,,1
0000005041,0000004868,137,2021-09-25 20:50:31,,1
0000005042,0000004869,170,2021-10-17 07:08:38,,1
0000005043,0000004870,544,2021-12-10 16:16:55,,1
0000005044,0000004871,85,2019-05-12 21:13:31,,1
0000005045,0000004872,852,2025-05-02 23:29:20,,1
0000005046,0000004873,857,2019-10-06 10:19:03,,1
0000005047,0000004874,948,2017-07-06 21:00:48,,1
0000005048,0000004875,636,2017-12-12 13:47:15,,1
0000005049,0000004876,852,2026-04-30 13:52:05,,1
0000005050,0000004877,857,2022-01-30 17:47:18,,1
0000005051,0000004878,74,2025-04-29 15:32:52,,1
0000005052,0000004879,857,2022-03-22 18:17:08,,1
0000005053,0000004880,659,2016-08-06 17:23:53,,1
0000005054,0000004881,347,2024-04-18 13:43:03,,1
0000005055,0000004882,347,2023-12-26 14:19:12,,1
0000005056,0000004883,873,2016-08-15 17:44:09,,1
0000005057,0000004884,752,2024-01-22 14:15:47,,1
0000005058,0000004885,473,2023-03-26 01:57:19,,1
0000005059,0000004886,61,2025-04-05 18:14:25,,1
0000005060,0000004887,61,2020-01-09 07:17:20,,1
0000005061,0000004888,61,2021-04-15 12:21:54,,1
0000005062,0000004889,420,2025-10-08 15:03:10,,1
0000005063,0000004890,446,2023-05-06 01:48:50,,1
0000005064,0000004891,446,2016-12-19 11:39:25,,1
0000005065,0000004892,446,2019-05-29 14:01:34,,1
0000005066,0000004893,804,2025-07-01 03:47:13,,1
0000005067,0000004894,21,2020-04-16 12:34:00,,1
0000005068,0000004895,691,2020-10-13 07:14:04,,1
0000005069,0000004896,641,2024-12-11 21:27:03,,1
0000005070,0000004897,889,2022-01-01 22:52:10,,1
0000005071,0000004898,889,2021-12-23 09:21:23,,1
0000005072,0000004899,152,2020-03-16 11:24:44,,1
0000005073,0000004900,186,2017-08-19 05:56:38,,1
0000005074,0000004901,152,2023-07-30 23:05:35,,1
0000005075,0000004902,343,2018-10-11 09:44:34,,1
0000005076,0000004903,70,2025-04-27 04:29:47,,1
0000005077,0000004904,152,2023-01-18 22:05:27,,1
0000005078,0000004905,152,2021-01-03 16:39:40,,1
0000005079,0000004906,488,2019-01-12 20:54:30,,1
0000005080,0000004907,930,2022-09-03 09:28:05,,1
0000005081,0000004908,930,2019-10-07 07:07:27,,1
0000005082,0000004909,930,2016-12-16 08:18:20,,1
0000005083,0000004910,930,2023-09-02 20:21:37,,1
0000005084,0000004911,930,2020-09-22 14:13:43,,1
0000005085,0000004912,930,2024-12-25 08:40:38,,1
0000005086,0000004913,930,2026-02-15 13:31:15,,1
0000005087,0000004914,930,2026-04-10 10:16:45,,1
0000005088,0000004915,791,2021-02-02 18:12:41,,1
0000005089,0000004916,799,2022-03-16 20:56:27,,1
0000005090,0000004917,401,2020-01-06 00:40:38,,1
0000005091,0000004918,401,2019-12-28 23:16:44,,1
0000005092,0000004919,418,2025-03-13 04:44:02,,1
0000005093,0000004920,418,2020-12-08 01:21:30,,1
0000005094,0000004921,418,2018-08-12 12:27:55,,1
0000005095,0000004922,272,2021-02-06 01:31:02,,1
0000005096,0000004923,308,2025-01-10 02:55:23,,1
0000005097,0000004924,272,2023-11-02 12:38:31,,1
0000005098,0000004925,407,2020-09-27 08:40:20,,1
0000005099,0000004926,549,2018-08-03 00:32:43,,1
0000005100,0000004927,549,2020-12-23 04:01:48,,1
0000005101,0000004928,219,2021-01-12 17:03:23,,1
0000005102,0000004929,547,2022-07-20 19:51:30,,1
0000005103,0000004930,219,2019-04-23 09:42:19,,1
0000005104,0000004931,559,2016-12-22 09:53:54,,1
0000005105,0000004932,559,2021-08-10 05:04:38,,1
0000005106,0000004933,559,2021-05-13 05:53:10,,1
0000005107,0000004934,674,2023-01-13 08:28:04,,1
0000005108,0000004935,928,2025-11-09 16:51:45,,1
0000005109,0000004936,928,2016-08-29 05:53:04,,1
0000005110,0000004937,556,2021-10-03 21:17:16,,1
0000005111,0000004938,798,2021-12-21 01:53:05,,1
0000005112,0000004939,798,2019-06-03 16:21:34,,1
0000005113,0000004940,798,2019-04-08 08:12:20,,1
0000005114,0000004941,125,2019-10-08 01:11:07,,1
0000005115,0000004942,125,2024-11-07 09:47:00,,1
0000005116,0000004943,554,2019-11-05 20:18:06,,1
0000005117,0000004944,165,2020-03-20 03:06:17,,1
0000005118,0000004945,165,2020-04-14 10:29:44,,1
0000005119,0000004946,837,2018-09-07 07:00:29,2018-09-09 20:52:41,0
0000005120,0000004946,874,2018-09-09 20:52:41,,1
0000005121,0000004947,107,2022-11-09 19:59:21,,1
0000005122,0000004948,107,2020-04-17 15:48:52,,1
0000005123,0000004949,766,2023-11-24 13:58:40,,1
0000005124,0000004950,766,2020-04-18 13:45:25,,1
0000005125,0000004951,766,2019-06-12 09:08:43,,1
0000005126,0000004952,193,2020-04-08 18:10:06,,1
0000005127,0000004953,585,2025-09-07 11:26:46,,1
0000005128,0000004954,140,2020-02-16 04:39:33,,1
0000005129,0000004955,140,2018-07-07 12:46:31,,1
0000005130,0000004956,320,2017-06-19 09:54:21,,1
0000005131,0000004957,836,2021-05-28 07:06:09,,1
0000005132,0000004958,77,2021-10-29 05:53:37,,1
0000005133,0000004959,891,2025-06-26 17:20:04,,1
0000005134,0000004960,228,2021-02-06 21:05:14,,1
0000005135,0000004961,891,2018-08-30 04:19:44,,1
0000005136,0000004962,103,2025-11-24 09:02:04,,1
0000005137,0000004963,891,2022-02-13 07:51:54,,1
0000005138,0000004964,117,2020-07-03 05:16:07,,1
0000005139,0000004965,42,2023-08-28 03:09:40,2023-09-01 19:18:53,0
0000005140,0000004965,232,2023-09-01 19:18:53,,1
0000005141,0000004966,284,2020-02-14 23:14:38,,1
0000005142,0000004967,284,2018-03-07 22:01:56,,1
0000005143,0000004968,284,2022-08-19 03:54:26,,1
0000005144,0000004969,284,2016-02-28 19:40:44,,1
0000005145,0000004970,284,2017-02-20 07:59:50,,1
0000005146,0000004971,284,2023-05-20 19:41:20,,1
0000005147,0000004972,284,2022-08-23 23:59:47,,1
0000005148,0000004973,958,2017-07-15 23:15:41,,1
0000005149,0000004974,958,2020-05-10 13:20:12,,1
0000005150,0000004975,958,2017-09-22 02:20:36,,1
0000005151,0000004976,958,2023-05-05 18:59:07,,1
0000005152,0000004977,592,2024-08-10 18:54:57,,1
0000005153,0000004978,917,2016-03-04 01:50:55,,1
0000005154,0000004979,606,2023-07-25 03:39:19,,1
0000005155,0000004980,543,2023-01-30 05:46:10,,1
0000005156,0000004981,832,2023-07-31 16:28:27,2023-08-05 22:40:11,0
0000005157,0000004981,872,2023-08-05 22:40:11,,1
0000005158,0000004982,832,2020-06-10 22:22:51,,1
0000005159,0000004983,61,2023-05-03 22:18:44,,1
0000005160,0000004984,415,2021-09-16 14:21:04,,1
0000005161,0000004985,415,2023-07-09 19:31:50,,1
0000005162,0000004986,415,2021-11-13 21:53:59,2021-11-15 07:05:03,0
0000005163,0000004986,214,2021-11-15 07:05:03,,1
0000005164,0000004987,415,2016-03-10 00:10:10,,1
0000005165,0000004988,207,2017-01-23 05:40:07,,1
0000005166,0000004989,415,2016-12-10 04:11:12,,1
0000005167,0000004990,415,2020-07-26 00:00:21,,1
0000005168,0000004991,415,2023-03-28 20:46:58,,1
0000005169,0000004992,989,2023-05-03 15:11:04,,1
0000005170,0000004993,415,2020-04-20 23:54:54,,1
0000005171,0000004994,869,2021-02-09 08:00:31,,1
0000005172,0000004995,72,2015-10-27 02:59:54,,1
0000005173,0000004996,620,2021-04-04 20:43:34,2021-04-05 10:46:22,0
0000005174,0000004996,540,2021-04-05 10:46:22,,1
0000005175,0000004997,620,2018-08-03 05:37:45,,1
0000005176,0000004998,767,2022-10-15 15:57:02,,1
0000005177,0000004999,255,2019-04-11 18:01:45,,1
0000005178,0000005000,696,2022-09-25 13:21:50,,1
0000005179,0000005001,333,2019-04-16 05:49:06,,1
0000005180,0000005002,333,2021-04-17 17:32:24,,1
0000005181,0000005003,421,2022-03-14 13:22:25,2022-03-16 23:07:54,0
0000005182,0000005003,711,2022-03-16 23:07:54,,1
0000005183,0000005004,801,2017-10-24 04:52:15,,1
0000005184,0000005005,424,2019-03-16 07:22:28,,1
0000005185,0000005006,424,2017-11-15 14:34:34,,1
0000005186,0000005007,424,2016-10-21 07:07:09,,1
0000005187,0000005008,424,2020-06-29 22:39:56,,1
0000005188,0000005009,424,2021-07-19 22:09:54,,1
0000005189,0000005010,954,2019-01-31 01:07:23,,1
0000005190,0000005011,452,2026-08-02 08:29:48,,1
0000005191,0000005012,357,2018-10-10 11:31:39,,1
0000005192,0000005013,833,2025-02-01 11:08:44,,1
0000005193,0000005014,660,2026-06-26 04:27:27,,1
0000005194,0000005015,357,2021-08-24 12:03:45,,1
0000005195,0000005016,311,2024-03-11 23:59:36,,1
0000005196,0000005017,357,2021-09-06 06:14:27,,1
0000005197,0000005018,311,2024-06-12 03:51:30,,1
0000005198,0000005019,492,2018-05-21 21:51:03,,1
0000005199,0000005020,661,2019-03-07 08:51:08,,1
0000005200,0000005021,261,2019-08-03 16:55:27,,1
0000005201,0000005022,210,2019-05-09 18:43:48,,1
0000005202,0000005023,707,2021-12-07 10:17:53,,1
0000005203,0000005024,776,2017-08-29 05:51:13,,1
0000005204,0000005025,776,2020-07-30 06:09:00,,1
0000005205,0000005026,776,2019-12-08 19:40:30,,1
0000005206,0000005027,336,2021-03-11 13:51:29,,1
0000005207,0000005028,258,2021-12-25 17:43:09,,1
0000005208,0000005029,258,2018-11-27 11:01:50,,1
0000005209,0000005030,258,2019-01-31 06:39:19,,1
0000005210,0000005031,863,2022-12-14 23:06:28,,1
0000005211,0000005032,863,2023-01-30 17:28:11,,1
0000005212,0000005033,421,2020-10-16 10:05:14,,1
0000005213,0000005034,421,2019-08-08 00:02:36,,1
0000005214,0000005035,511,2024-05-14 05:03:39,,1
0000005215,0000005036,757,2018-02-14 15:00:36,,1
0000005216,0000005037,757,2019-01-19 19:21:58,,1
0000005217,0000005038,100,2017-08-29 11:06:14,,1
0000005218,0000005039,488,2019-05-31 16:02:15,,1
0000005219,0000005040,285,2018-12-07 18:54:29,,1
0000005220,0000005041,285,2019-04-15 14:58:28,,1
0000005221,0000005042,438,2025-12-06 15:55:48,2025-12-09 10:11:24,0
0000005222,0000005042,344,2025-12-09 10:11:24,,1
0000005223,0000005043,285,2018-06-21 18:22:44,,1
0000005224,0000005044,285,2021-11-29 02:02:22,,1
0000005225,0000005045,177,2024-12-24 18:26:02,,1
0000005226,0000005046,198,2021-12-04 20:25:28,,1
0000005227,0000005047,177,2026-06-23 17:21:57,,1
0000005228,0000005048,136,2019-07-15 07:18:02,,1
0000005229,0000005049,634,2016-07-10 07:38:02,,1
0000005230,0000005050,775,2022-03-13 10:28:04,,1
0000005231,0000005051,775,2025-01-13 11:08:56,,1
0000005232,0000005052,775,2022-03-23 22:26:05,,1
0000005233,0000005053,546,2025-12-26 07:39:27,,1
0000005234,0000005054,546,2019-07-13 18:36:11,,1
0000005235,0000005055,546,2025-08-11 20:13:24,,1
0000005236,0000005056,546,2023-06-22 03:51:39,,1
0000005237,0000005057,546,2022-12-09 07:44:22,,1
0000005238,0000005058,446,2022-01-01 14:10:44,,1
0000005239,0000005059,112,2017-10-09 16:00:08,,1
0000005240,0000005060,446,2025-03-15 02:55:25,,1
0000005241,0000005061,446,2023-12-09 09:36:22,,1
0000005242,0000005062,446,2020-10-17 07:44:15,,1
0000005243,0000005063,162,2019-01-09 03:02:08,,1
0000005244,0000005064,849,2024-04-04 07:37:40,,1
0000005245,0000005065,162,2017-09-09 07:23:38,,1
0000005246,0000005066,456,2024-07-27 23:49:36,,1
0000005247,0000005067,385,2022-01-07 17:34:54,,1
0000005248,0000005068,385,2020-11-16 19:25:43,,1
0000005249,0000005069,435,2015-03-09 16:41:38,,1
0000005250,0000005070,6,2016-02-22 08:13:18,,1
0000005251,0000005071,755,2016-07-02 11:17:12,,1
0000005252,0000005072,755,2016-07-14 01:04:24,,1
0000005253,0000005073,755,2016-05-19 11:03:54,,1
0000005254,0000005074,755,2015-08-01 13:43:55,,1
0000005255,0000005075,755,2016-06-27 22:23:05,,1
0000005256,0000005076,755,2017-05-15 01:18:44,,1
0000005257,0000005077,755,2017-03-02 22:27:39,,1
0000005258,0000005078,8,2014-12-06 02:36:00,,1
0000005259,0000005079,755,2017-04-03 08:00:59,,1
0000005260,0000005080,755,2016-12-29 12:54:59,,1
0000005261,0000005081,552,2016-09-10 14:52:47,,1
0000005262,0000005082,552,2016-06-09 03:03:03,,1
0000005263,0000005083,552,2016-01-31 10:11:55,,1
0000005264,0000005084,183,2023-08-29 00:04:16,,1
0000005265,0000005085,848,2019-01-21 09:42:44,,1
0000005266,0000005086,848,2020-08-06 01:17:25,,1
0000005267,0000005087,848,2018-01-14 10:01:25,,1
0000005268,0000005088,848,2018-10-20 15:50:40,,1
0000005269,0000005089,183,2023-12-30 13:50:03,,1
0000005270,0000005090,848,2019-09-15 09:22:25,2019-09-20 16:07:31,0
0000005271,0000005090,759,2019-09-20 16:07:31,,1
0000005272,0000005091,183,2023-03-20 22:07:57,,1
0000005273,0000005092,848,2019-01-16 23:56:26,,1
0000005274,0000005093,565,2026-03-20 19:06:53,,1
0000005275,0000005094,140,2017-06-15 09:23:53,,1
0000005276,0000005095,848,2019-01-30 04:31:08,,1
0000005277,0000005096,640,2016-06-22 09:29:45,,1
0000005278,0000005097,453,2026-07-07 20:56:27,,1
0000005279,0000005098,708,2019-05-27 23:00:04,,1
0000005280,0000005099,450,2018-05-07 10:11:30,,1
0000005281,0000005100,216,2018-03-07 00:46:20,,1
0000005282,0000005101,689,2018-12-15 16:15:51,,1
0000005283,0000005102,481,2021-08-31 04:37:43,,1
0000005284,0000005103,481,2022-11-04 20:29:55,,1
0000005285,0000005104,481,2024-03-16 02:45:14,,1
0000005286,0000005105,481,2023-12-30 19:34:12,,1
0000005287,0000005106,272,2017-10-25 05:05:30,,1
0000005288,0000005107,481,2018-10-15 09:26:26,,1
0000005289,0000005108,481,2018-06-30 11:41:42,,1
0000005290,0000005109,481,2024-02-21 20:49:05,,1
0000005291,0000005110,154,2018-07-04 22:03:02,,1
0000005292,0000005111,154,2022-12-18 04:33:13,,1
0000005293,0000005112,415,2023-08-04 12:49:43,,1
0000005294,0000005113,50,2017-07-26 10:43:34,,1
0000005295,0000005114,856,2018-05-31 04:42:31,,1
0000005296,0000005115,732,2017-06-30 03:15:57,,1
0000005297,0000005116,806,2025-09-08 15:01:06,,1
0000005298,0000005117,951,2025-01-04 16:42:50,,1
0000005299,0000005118,951,2023-08-09 05:55:56,,1
0000005300,0000005119,951,2024-08-15 11:54:59,,1
0000005301,0000005120,757,2021-12-24 12:05:40,,1
0000005302,0000005121,542,2018-07-09 04:10:25,,1
0000005303,0000005122,593,2020-07-02 00:09:19,,1
0000005304,0000005123,529,2023-03-15 16:45:35,,1
0000005305,0000005124,529,2020-08-30 10:45:19,,1
0000005306,0000005125,275,2017-05-07 22:35:40,,1
0000005307,0000005126,275,2016-12-01 15:36:11,,1
0000005308,0000005127,275,2017-04-22 01:20:25,,1
0000005309,0000005128,275,2016-09-05 19:48:53,,1
0000005310,0000005129,275,2016-10-27 22:31:13,,1
0000005311,0000005130,275,2016-10-06 01:34:35,,1
0000005312,0000005131,275,2016-12-30 11:31:45,,1
0000005313,0000005132,352,2017-02-26 18:21:43,,1
0000005314,0000005133,163,2024-04-09 19:39:11,,1
0000005315,0000005134,220,2020-07-04 10:16:28,,1
0000005316,0000005135,919,2024-03-02 16:37:18,,1
0000005317,0000005136,107,2023-09-21 12:24:26,,1
0000005318,0000005137,107,2026-05-20 09:02:32,,1
0000005319,0000005138,107,2026-06-27 05:29:46,,1
0000005320,0000005139,700,2024-07-21 06:04:13,,1
0000005321,0000005140,557,2018-04-23 20:49:23,,1
0000005322,0000005141,700,2022-12-18 05:16:47,,1
0000005323,0000005142,160,2019-10-01 00:32:24,,1
0000005324,0000005143,387,2020-02-21 00:28:12,,1
0000005325,0000005144,387,2024-07-15 16:04:39,,1
0000005326,0000005145,387,2017-11-13 11:47:28,,1
0000005327,0000005146,445,2022-08-13 00:03:10,,1
0000005328,0000005147,266,2024-01-05 17:38:31,,1
0000005329,0000005148,387,2026-01-30 17:22:16,,1
0000005330,0000005149,387,2018-02-02 13:31:38,,1
0000005331,0000005150,340,2020-09-01 00:01:13,,1
0000005332,0000005151,340,2018-01-21 03:57:02,,1
0000005333,0000005152,508,2023-03-31 18:23:54,,1
0000005334,0000005153,705,2021-02-02 23:38:00,,1
0000005335,0000005154,39,2025-04-18 12:33:08,,1
0000005336,0000005155,705,2023-03-09 09:28:40,,1
0000005337,0000005156,591,2019-11-16 13:23:54,,1
0000005338,0000005157,705,2016-10-24 00:18:44,,1
0000005339,0000005158,705,2020-02-10 05:09:25,,1
0000005340,0000005159,705,2018-05-10 11:00:20,,1
0000005341,0000005160,705,2020-08-06 13:35:06,,1
0000005342,0000005161,994,2019-01-14 17:36:50,,1
0000005343,0000005162,994,2018-12-02 03:59:30,,1
0000005344,0000005163,467,2018-05-24 14:51:06,,1
0000005345,0000005164,439,2021-06-02 06:09:58,,1
0000005346,0000005165,739,2024-06-12 06:06:38,,1
0000005347,0000005166,739,2024-06-20 06:12:08,2024-06-21 04:37:15,0
0000005348,0000005166,519,2024-06-21 04:37:15,,1
0000005349,0000005167,900,2026-07-05 07:06:46,,1
0000005350,0000005168,739,2022-07-04 04:39:49,,1
0000005351,0000005169,739,2024-05-13 04:40:33,,1
0000005352,0000005170,739,2024-11-05 12:56:58,,1
0000005353,0000005171,158,2020-01-04 10:11:23,,1
0000005354,0000005172,739,2024-10-01 02:50:13,,1
0000005355,0000005173,94,2024-04-14 10:19:42,,1
0000005356,0000005174,94,2024-11-16 00:12:02,,1
0000005357,0000005175,94,2023-02-07 00:42:02,,1
0000005358,0000005176,980,2024-02-19 06:57:26,,1
0000005359,0000005177,980,2022-04-24 05:20:45,,1
0000005360,0000005178,980,2026-09-13 20:39:01,,1
0000005361,0000005179,980,2025-05-30 15:49:37,,1
0000005362,0000005180,980,2024-12-20 18:44:04,,1
0000005363,0000005181,980,2026-08-03 16:34:26,,1
0000005364,0000005182,980,2022-12-08 05:04:35,,1
0000005365,0000005183,980,2026-03-17 05:16:24,,1
0000005366,0000005184,831,2025-02-06 11:33:06,,1
0000005367,0000005185,831,2022-04-18 02:46:00,,1
0000005368,0000005186,831,2020-04-08 22:07:35,,1
0000005369,0000005187,831,2019-09-17 19:44:17,,1
0000005370,0000005188,831,2021-03-27 18:23:21,,1
0000005371,0000005189,563,2018-11-07 19:38:57,,1
0000005372,0000005190,939,2017-08-29 21:15:30,,1
0000005373,0000005191,619,2018-06-23 07:56:29,2018-06-23 11:00:58,0
0000005374,0000005191,799,2018-06-23 11:00:58,,1
0000005375,0000005192,619,2020-08-10 10:04:39,,1
0000005376,0000005193,553,2021-04-12 05:00:57,,1
0000005377,0000005194,553,2020-01-30 06:17:01,2020-02-01 18:25:25,0
0000005378,0000005194,858,2020-02-01 18:25:25,,1
0000005379,0000005195,553,2019-09-12 14:56:55,,1
0000005380,0000005196,489,2017-12-04 00:33:32,,1
0000005381,0000005197,352,2020-08-17 11:19:39,,1
0000005382,0000005198,352,2019-09-14 11:45:56,,1
0000005383,0000005199,953,2017-09-16 13:00:51,,1
0000005384,0000005200,352,2018-05-10 00:37:24,,1
0000005385,0000005201,965,2022-03-16 12:23:54,2022-03-17 12:06:52,0
0000005386,0000005201,327,2022-03-17 12:06:52,,1
0000005387,0000005202,4,2020-12-17 16:50:32,,1
0000005388,0000005203,246,2016-11-09 03:31:52,,1
0000005389,0000005204,439,2025-07-31 05:58:12,,1
0000005390,0000005205,437,2022-09-26 21:21:42,,1
0000005391,0000005206,437,2018-08-01 14:34:15,,1
0000005392,0000005207,437,2026-07-17 23:51:38,,1
0000005393,0000005208,437,2023-10-30 06:33:18,,1
0000005394,0000005209,437,2017-12-01 06:23:07,,1
0000005395,0000005210,437,2018-05-13 17:55:11,,1
0000005396,0000005211,106,2025-11-07 18:59:11,,1
0000005397,0000005212,437,2024-05-04 09:06:59,,1
0000005398,0000005213,437,2020-01-28 20:24:21,,1
0000005399,0000005214,437,2016-10-19 18:30:38,,1
0000005400,0000005215,437,2024-08-21 13:09:43,,1
0000005401,0000005216,437,2025-11-27 21:58:05,2025-12-01 12:30:13,0
0000005402,0000005216,871,2025-12-01 12:30:13,,1
0000005403,0000005217,907,2018-10-26 06:12:09,,1
0000005404,0000005218,907,2019-03-02 06:45:35,,1
0000005405,0000005219,907,2019-07-24 17:57:51,,1
0000005406,0000005220,907,2018-12-08 06:20:18,,1
0000005407,0000005221,60,2019-10-09 21:29:05,,1
0000005408,0000005222,907,2019-10-19 05:35:54,,1
0000005409,0000005223,338,2019-04-09 02:46:16,,1
0000005410,0000005224,907,2019-02-15 23:08:59,,1
0000005411,0000005225,907,2018-09-30 10:18:34,,1
0000005412,0000005226,907,2018-12-21 11:01:15,,1
0000005413,0000005227,907,2019-09-02 02:10:36,,1
0000005414,0000005228,907,2018-11-20 15:17:16,,1
0000005415,0000005229,976,2024-05-23 14:51:25,,1
0000005416,0000005230,976,2025-06-22 14:55:51,,1
0000005417,0000005231,976,2022-07-24 22:19:26,,1
0000005418,0000005232,838,2023-09-05 10:00:55,,1
0000005419,0000005233,838,2026-01-13 06:37:32,,1
0000005420,0000005234,852,2020-02-29 08:21:13,,1
0000005421,0000005235,48,2018-06-18 02:23:55,,1
0000005422,0000005236,218,2018-11-09 08:06:54,,1
0000005423,0000005237,48,2018-09-17 06:07:02,,1
0000005424,0000005238,48,2016-12-22 00:49:02,,1
0000005425,0000005239,218,2018-11-19 21:37:33,,1
0000005426,0000005240,218,2019-07-28 09:43:48,,1
0000005427,0000005241,218,2020-10-02 21:27:00,,1
0000005428,0000005242,272,2016-07-27 10:33:47,2016-07-31 07:39:33,0
0000005429,0000005242,133,2016-07-31 07:39:33,,1
0000005430,0000005243,48,2018-05-04 07:48:18,2018-05-05 14:21:19,0
0000005431,0000005243,140,2018-05-05 14:21:19,,1
0000005432,0000005244,48,2018-01-21 12:49:41,,1
0000005433,0000005245,218,2018-10-20 11:19:46,,1
0000005434,0000005246,48,2017-09-08 17:22:37,,1
0000005435,0000005247,595,2024-12-14 20:57:48,,1
0000005436,0000005248,378,2017-11-28 17:42:15,,1
0000005437,0000005249,811,2019-12-23 11:03:27,,1
0000005438,0000005250,732,2020-04-29 11:40:31,,1
0000005439,0000005251,732,2023-04-04 12:34:12,,1
0000005440,0000005252,732,2021-12-20 22:20:17,,1
0000005441,0000005253,732,2024-03-19 21:12:09,,1
0000005442,0000005254,732,2024-03-19 17:35:10,,1
0000005443,0000005255,304,2017-03-26 11:04:46,,1
0000005444,0000005256,304,2020-04-27 19:27:24,,1
0000005445,0000005257,912,2017-01-30 15:25:03,,1
0000005446,0000005258,912,2015-11-18 05:50:06,,1
0000005447,0000005259,896,2026-08-25 01:21:25,2026-08-25 12:05:46,0
0000005448,0000005259,966,2026-08-25 12:05:46,,1
0000005449,0000005260,800,2023-04-19 06:36:35,,1
0000005450,0000005261,800,2023-02-07 05:20:34,,1
0000005451,0000005262,800,2023-06-09 18:19:37,,1
0000005452,0000005263,800,2019-09-22 22:56:22,,1
0000005453,0000005264,800,2024-02-06 02:40:49,,1
0000005454,0000005265,727,2022-11-28 18:03:24,,1
0000005455,0000005266,800,2019-05-27 13:27:43,,1
0000005456,0000005267,800,2022-10-13 23:11:48,,1
0000005457,0000005268,800,2021-12-16 11:30:43,,1
0000005458,0000005269,800,2018-09-03 18:42:09,,1
0000005459,0000005270,800,2025-05-18 21:20:19,,1
0000005460,0000005271,980,2019-02-13 12:31:39,,1
0000005461,0000005272,768,2020-03-28 06:23:51,,1
0000005462,0000005273,622,2022-03-15 15:22:31,,1
0000005463,0000005274,622,2018-01-01 11:19:41,2018-01-01 17:46:57,0
0000005464,0000005274,259,2018-01-01 17:46:57,,1
0000005465,0000005275,563,2020-06-18 15:45:51,,1
0000005466,0000005276,31,2015-01-04 06:06:49,,1
0000005467,0000005277,827,2017-12-18 16:03:56,,1
0000005468,0000005278,827,2016-09-09 22:19:56,,1
0000005469,0000005279,827,2026-08-27 07:56:12,,1
0000005470,0000005280,827,2018-01-28 10:13:35,,1
0000005471,0000005281,827,2018-09-06 06:15:18,,1
0000005472,0000005282,827,2016-08-01 14:17:46,,1
0000005473,0000005283,827,2017-07-27 02:57:47,,1
0000005474,0000005284,827,2016-07-15 15:57:01,,1
0000005475,0000005285,602,2025-10-26 13:21:18,,1
0000005476,0000005286,853,2019-10-22 00:34:08,,1
0000005477,0000005287,853,2017-05-29 01:04:07,,1
0000005478,0000005288,853,2022-05-30 18:42:59,,1
0000005479,0000005289,853,2021-10-05 21:52:35,,1
0000005480,0000005290,853,2023-04-18 21:59:32,,1
0000005481,0000005291,853,2020-05-01 06:58:59,,1
0000005482,0000005292,853,2017-11-27 13:26:27,2017-11-28 15:03:22,0
0000005483,0000005292,537,2017-11-28 15:03:22,,1
0000005484,0000005293,272,2016-07-01 12:25:30,,1
0000005485,0000005294,853,2021-01-16 23:02:46,,1
0000005486,0000005295,853,2026-04-09 19:54:01,,1
0000005487,0000005296,853,2024-04-11 01:36:29,,1
0000005488,0000005297,853,2017-08-06 15:29:48,,1
0000005489,0000005298,84,2021-07-25 19:58:56,,1
0000005490,0000005299,84,2024-03-04 16:28:25,,1
0000005491,0000005300,84,2021-04-11 10:21:44,,1
0000005492,0000005301,664,2016-11-19 14:34:13,,1
0000005493,0000005302,664,2017-01-30 09:12:46,,1
0000005494,0000005303,664,2017-03-19 18:21:15,,1
0000005495,0000005304,664,2017-01-30 01:11:01,,1
0000005496,0000005305,664,2016-10-07 01:02:11,,1
0000005497,0000005306,664,2017-04-02 14:34:01,,1
0000005498,0000005307,664,2017-01-24 02:42:41,,1
0000005499,0000005308,664,2017-01-29 07:50:44,,1
0000005500,0000005309,973,2019-02-12 09:00:40,,1
0000005501,0000005310,973,2020-01-08 23:07:10,2020-01-11 11:26:06,0
0000005502,0000005310,368,2020-01-11 11:26:06,,1
0000005503,0000005311,973,2020-01-24 23:35:22,,1
0000005504,0000005312,973,2019-06-01 02:44:42,,1
0000005505,0000005313,973,2018-11-19 04:20:42,,1
0000005506,0000005314,454,2018-11-11 10:24:08,,1
0000005507,0000005315,454,2019-07-28 10:49:36,,1
0000005508,0000005316,614,2022-01-12 02:24:04,,1
0000005509,0000005317,676,2019-07-14 06:06:40,,1
0000005510,0000005318,614,2022-04-06 05:43:13,,1
0000005511,0000005319,930,2026-05-22 11:27:49,,1
0000005512,0000005320,454,2021-04-06 07:32:00,,1
0000005513,0000005321,589,2025-07-10 11:45:06,,1
0000005514,0000005322,688,2016-05-22 00:47:08,,1
0000005515,0000005323,641,2023-07-14 04:33:43,,1
0000005516,0000005324,743,2021-05-25 12:21:42,,1
0000005517,0000005325,923,2023-05-04 11:41:14,,1
0000005518,0000005326,465,2021-01-15 10:39:10,,1
0000005519,0000005327,953,2022-02-13 17:03:44,,1
0000005520,0000005328,953,2026-08-03 18:32:58,,1
0000005521,0000005329,953,2025-01-09 14:45:23,,1
0000005522,0000005330,953,2023-04-25 23:58:35,,1
0000005523,0000005331,953,2020-06-24 08:35:03,,1
0000005524,0000005332,733,2018-10-07 18:15:31,,1
0000005525,0000005333,953,2023-02-18 22:37:06,,1
0000005526,0000005334,953,2024-03-27 03:01:19,,1
0000005527,0000005335,399,2023-03-09 10:49:13,,1
0000005528,0000005336,222,2015-12-23 00:05:06,,1
0000005529,0000005337,886,2017-05-30 01:28:12,,1
0000005530,0000005338,886,2022-06-24 14:24:25,,1
0000005531,0000005339,886,2020-01-02 11:34:48,,1
0000005532,0000005340,243,2017-03-26 02:04:00,,1
0000005533,0000005341,927,2022-02-06 23:37:16,,1
0000005534,0000005342,927,2016-11-15 11:44:48,,1
0000005535,0000005343,927,2021-11-13 02:18:39,,1
0000005536,0000005344,87,2019-10-07 18:05:42,,1
0000005537,0000005345,927,2017-09-29 20:39:07,,1
0000005538,0000005346,927,2021-03-04 23:15:17,,1
0000005539,0000005347,927,2023-10-17 07:29:36,,1
0000005540,0000005348,927,2016-10-09 14:41:35,,1
0000005541,0000005349,927,2020-08-05 12:43:01,,1
0000005542,0000005350,927,2022-03-25 18:29:47,,1
0000005543,0000005351,927,2022-04-29 10:03:48,,1
0000005544,0000005352,927,2017-07-03 11:54:46,,1
0000005545,0000005353,655,2021-01-16 23:17:24,,1
0000005546,0000005354,265,2020-08-07 10:09:20,,1
0000005547,0000005355,918,2020-07-25 14:37:37,,1
0000005548,0000005356,655,2021-03-29 23:27:16,,1
0000005549,0000005357,655,2024-11-08 13:29:19,,1
0000005550,0000005358,655,2018-01-15 07:32:06,,1
0000005551,0000005359,655,2024-05-26 05:32:01,,1
0000005552,0000005360,655,2024-06-27 01:14:38,,1
0000005553,0000005361,587,2019-10-19 12:28:43,,1
0000005554,0000005362,950,2019-08-25 13:00:08,,1
0000005555,0000005363,118,2026-04-05 17:41:32,,1
0000005556,0000005364,805,2015-10-02 09:00:42,,1
0000005557,0000005365,805,2018-02-26 14:39:19,,1
0000005558,0000005366,805,2018-03-24 19:28:28,,1
0000005559,0000005367,805,2018-08-17 19:18:00,,1
0000005560,0000005368,805,2015-10-06 12:57:05,,1
0000005561,0000005369,720,2024-12-01 12:29:44,,1
0000005562,0000005370,805,2017-08-05 18:19:50,,1
0000005563,0000005371,805,2019-10-26 20:33:07,2019-10-29 12:30:17,0
0000005564,0000005371,627,2019-10-29 12:30:17,,1
0000005565,0000005372,631,2019-08-22 07:51:57,,1
0000005566,0000005373,374,2018-02-11 00:44:03,,1
0000005567,0000005374,374,2020-11-29 01:23:05,,1
0000005568,0000005375,630,2019-05-21 13:49:56,,1
0000005569,0000005376,164,2024-05-18 04:46:49,,1
0000005570,0000005377,164,2023-06-08 21:10:36,,1
0000005571,0000005378,164,2024-10-06 11:08:01,,1
0000005572,0000005379,704,2020-03-25 16:22:34,,1
0000005573,0000005380,187,2019-05-15 07:05:06,,1
0000005574,0000005381,704,2026-03-07 23:01:17,,1
0000005575,0000005382,536,2016-12-11 00:37:14,,1
0000005576,0000005383,536,2017-03-12 17:26:02,,1
0000005577,0000005384,536,2020-05-18 10:25:01,,1
0000005578,0000005385,609,2018-02-18 01:12:15,,1
0000005579,0000005386,35,2025-06-30 05:08:33,2025-06-30 19:57:35,0
0000005580,0000005386,763,2025-06-30 19:57:35,,1
0000005581,0000005387,818,2021-07-03 15:38:34,,1
0000005582,0000005388,520,2025-09-19 00:59:04,,1
0000005583,0000005389,734,2019-09-04 13:56:56,,1
0000005584,0000005390,87,2015-07-08 11:03:36,,1
0000005585,0000005391,87,2015-11-05 13:27:29,,1
0000005586,0000005392,87,2022-01-07 17:26:00,,1
0000005587,0000005393,87,2016-01-04 22:50:53,,1
0000005588,0000005394,87,2018-09-21 11:08:47,,1
0000005589,0000005395,87,2024-03-13 08:58:52,,1
0000005590,0000005396,87,2015-12-02 19:39:08,,1
0000005591,0000005397,87,2023-05-31 19:11:53,,1
0000005592,0000005398,649,2025-09-10 01:21:15,,1
0000005593,0000005399,553,2025-10-23 16:27:44,,1
0000005594,0000005400,768,2023-09-09 05:25:58,,1
0000005595,0000005401,768,2021-01-16 18:51:18,,1
0000005596,0000005402,812,2017-04-13 14:14:30,,1
0000005597,0000005403,746,2018-02-11 07:42:16,,1
0000005598,0000005404,746,2019-02-09 11:15:56,,1
0000005599,0000005405,746,2019-03-21 09:36:24,,1
0000005600,0000005406,635,2024-04-11 06:29:15,,1
0000005601,0000005407,635,2023-10-07 08:08:05,,1
0000005602,0000005408,635,2024-04-14 00:53:59,,1
0000005603,0000005409,746,2020-09-06 08:00:14,2020-09-10 05:27:44,0
0000005604,0000005409,922,2020-09-10 05:27:44,,1
0000005605,0000005410,746,2017-05-17 08:45:38,,1
0000005606,0000005411,415,2015-10-26 22:20:27,,1
0000005607,0000005412,169,2025-01-30 07:16:01,,1
0000005608,0000005413,169,2025-04-06 04:29:57,,1
0000005609,0000005414,415,2017-02-20 11:57:30,,1
0000005610,0000005415,415,2018-02-10 12:38:43,,1
0000005611,0000005416,934,2025-05-08 00:16:30,,1
0000005612,0000005417,169,2020-11-06 05:27:19,,1
0000005613,0000005418,169,2023-09-06 10:41:19,,1
0000005614,0000005419,169,2023-05-25 03:58:41,,1
0000005615,0000005420,169,2026-04-22 00:15:35,,1
0000005616,0000005421,169,2024-06-06 21:55:23,,1
0000005617,0000005422,169,2023-05-17 07:49:55,,1
0000005618,0000005423,890,2022-09-13 23:08:12,,1
0000005619,0000005424,890,2021-03-04 02:08:20,,1
0000005620,0000005425,728,2019-08-16 10:08:24,,1
0000005621,0000005426,728,2019-07-05 05:19:26,,1
0000005622,0000005427,646,2021-05-15 16:36:32,,1
0000005623,0000005428,8,2021-08-22 14:45:58,,1
0000005624,0000005429,706,2020-06-26 06:02:58,,1
0000005625,0000005430,845,2022-12-16 02:28:24,,1
0000005626,0000005431,89,2015-09-03 06:44:52,,1
0000005627,0000005432,111,2020-01-02 09:39:31,,1
0000005628,0000005433,335,2022-03-22 09:58:45,2022-03-26 06:05:57,0
0000005629,0000005433,399,2022-03-26 06:05:57,,1
0000005630,0000005434,848,2025-09-16 13:38:34,,1
0000005631,0000005435,908,2019-07-08 10:54:00,,1
0000005632,0000005436,908,2020-09-27 19:19:04,2020-09-28 22:04:59,0
0000005633,0000005436,562,2020-09-28 22:04:59,,1
0000005634,0000005437,17,2017-05-28 12:53:24,,1
0000005635,0000005438,17,2019-01-13 07:49:41,,1
0000005636,0000005439,420,2021-03-26 09:54:37,,1
0000005637,0000005440,542,2018-07-23 16:12:26,,1
0000005638,0000005441,133,2020-06-03 23:38:46,,1
0000005639,0000005442,133,2021-06-16 20:54:30,,1
0000005640,0000005443,133,2018-09-29 11:12:27,,1
0000005641,0000005444,60,2019-07-07 23:33:54,,1
0000005642,0000005445,574,2023-01-14 17:37:18,2023-01-15 06:33:39,0
0000005643,0000005445,531,2023-01-15 06:33:39,,1
0000005644,0000005446,297,2022-04-21 22:26:36,,1
0000005645,0000005447,324,2020-10-08 06:02:02,,1
0000005646,0000005448,505,2019-03-17 16:59:31,,1
0000005647,0000005449,892,2019-11-20 14:58:14,,1
0000005648,0000005450,505,2017-06-18 20:15:22,,1
0000005649,0000005451,505,2018-01-13 01:46:44,,1
0000005650,0000005452,174,2019-01-14 00:16:07,,1
0000005651,0000005453,505,2022-06-23 20:34:33,,1
0000005652,0000005454,505,2022-10-15 02:51:32,,1
0000005653,0000005455,873,2018-11-21 01:52:37,,1
0000005654,0000005456,505,2018-12-11 11:22:05,,1
0000005655,0000005457,505,2018-02-26 01:20:22,,1
0000005656,0000005458,988,2025-11-03 11:36:11,,1
0000005657,0000005459,620,2024-01-08 06:48:30,,1
0000005658,0000005460,433,2022-05-29 19:33:38,,1
0000005659,0000005461,433,2019-08-27 16:10:15,,1
0000005660,0000005462,433,2016-10-14 11:01:52,,1
0000005661,0000005463,991,2026-06-03 12:58:09,,1
0000005662,0000005464,991,2026-06-20 13:59:54,,1
0000005663,0000005465,273,2023-03-03 06:51:24,,1
0000005664,0000005466,933,2018-01-11 05:06:25,,1
0000005665,0000005467,933,2019-10-31 18:36:01,,1
0000005666,0000005468,160,2019-10-21 21:36:29,,1
0000005667,0000005469,75,2025-09-17 04:23:23,,1
0000005668,0000005470,485,2026-02-08 09:40:31,,1
0000005669,0000005471,493,2021-08-01 09:07:27,,1
0000005670,0000005472,187,2019-05-14 22:49:54,,1
0000005671,0000005473,806,2019-06-04 13:22:42,,1
0000005672,0000005474,85,2025-02-28 16:34:41,,1
0000005673,0000005475,539,2022-02-21 22:47:24,,1
0000005674,0000005476,539,2023-01-26 11:03:02,,1
0000005675,0000005477,539,2019-07-10 12:37:33,,1
0000005676,0000005478,195,2023-02-12 16:58:21,,1
0000005677,0000005479,269,2018-07-26 04:13:58,,1
0000005678,0000005480,502,2021-10-02 18:42:40,,1
0000005679,0000005481,269,2019-02-16 17:11:44,,1
0000005680,0000005482,269,2018-12-27 04:22:23,,1
0000005681,0000005483,269,2018-06-12 23:25:26,,1
0000005682,0000005484,546,2025-04-02 11:26:33,,1
0000005683,0000005485,890,2021-11-17 08:03:57,,1
0000005684,0000005486,417,2019-11-01 07:09:52,,1
0000005685,0000005487,336,2020-10-06 07:47:54,,1
0000005686,0000005488,176,2018-12-28 23:45:44,,1
0000005687,0000005489,96,2018-04-22 10:23:45,,1
0000005688,0000005490,148,2020-05-28 23:51:14,,1
0000005689,0000005491,564,2015-10-04 07:18:18,,1
0000005690,0000005492,751,2019-08-16 13:45:58,2019-08-17 12:49:36,0
0000005691,0000005492,415,2019-08-17 12:49:36,,1
0000005692,0000005493,225,2016-03-08 00:24:21,,1
0000005693,0000005494,166,2021-02-20 09:33:52,,1
0000005694,0000005495,225,2020-05-04 01:36:34,,1
0000005695,0000005496,225,2019-07-10 02:16:39,,1
0000005696,0000005497,166,2021-08-29 03:32:28,,1
0000005697,0000005498,225,2016-09-13 14:22:25,,1
0000005698,0000005499,225,2020-03-13 03:17:11,,1
0000005699,0000005500,887,2020-05-01 00:02:40,,1
0000005700,0000005501,490,2023-04-15 04:58:14,,1
0000005701,0000005502,887,2021-12-23 18:04:31,,1
0000005702,0000005503,915,2016-05-04 14:49:10,,1
0000005703,0000005504,915,2019-11-19 16:25:48,,1
0000005704,0000005505,915,2023-05-17 22:56:04,,1
0000005705,0000005506,915,2015-12-04 00:59:16,,1
0000005706,0000005507,915,2019-09-08 02:53:34,,1
0000005707,0000005508,915,2020-08-09 18:21:15,,1
0000005708,0000005509,915,2019-09-12 08:42:25,,1
0000005709,0000005510,915,2024-06-27 19:03:54,,1
0000005710,0000005511,340,2017-10-29 00:45:06,,1
0000005711,0000005512,737,2021-11-15 02:33:05,,1
0000005712,0000005513,737,2021-08-31 16:18:41,,1
0000005713,0000005514,954,2021-04-11 09:00:45,,1
0000005714,0000005515,771,2019-06-29 04:08:39,,1
0000005715,0000005516,101,2026-01-22 21:36:07,,1
0000005716,0000005517,667,2020-03-12 02:02:33,,1
0000005717,0000005518,905,2025-10-29 00:21:48,,1
0000005718,0000005519,695,2022-05-09 23:16:35,,1
0000005719,0000005520,831,2018-01-28 00:34:29,,1
0000005720,0000005521,260,2018-03-15 09:04:19,,1
0000005721,0000005522,243,2025-10-13 17:24:10,,1
0000005722,0000005523,243,2021-03-21 22:21:28,,1
0000005723,0000005524,243,2026-04-21 18:01:15,,1
0000005724,0000005525,243,2016-01-31 11:37:46,,1
0000005725,0000005526,661,2025-07-31 00:33:55,,1
0000005726,0000005527,661,2019-05-25 18:18:45,,1
0000005727,0000005528,768,2017-02-03 12:36:22,,1
0000005728,0000005529,113,2022-05-18 04:04:28,,1
0000005729,0000005530,624,2023-10-23 19:54:12,,1
0000005730,0000005531,624,2020-10-06 18:09:28,,1
0000005731,0000005532,624,2018-06-29 06:16:50,,1
0000005732,0000005533,155,2019-02-05 03:37:09,,1
0000005733,0000005534,119,2026-07-23 00:22:25,,1
0000005734,0000005535,119,2023-03-15 21:44:16,,1
0000005735,0000005536,108,2019-08-09 18:37:35,,1
0000005736,0000005537,140,2024-11-27 11:41:34,,1
0000005737,0000005538,612,2020-01-30 18:04:38,,1
0000005738,0000005539,356,2019-03-14 00:28:12,,1
0000005739,0000005540,336,2020-02-16 09:29:18,,1
0000005740,0000005541,140,2019-10-31 14:40:49,,1
0000005741,0000005542,140,2025-05-17 23:28:47,,1
0000005742,0000005543,321,2021-08-02 10:05:20,,1
0000005743,0000005544,837,2024-02-14 14:02:47,,1
0000005744,0000005545,586,2016-04-15 08:01:11,,1
0000005745,0000005546,586,2021-02-10 07:28:59,,1
0000005746,0000005547,586,2021-06-03 01:17:48,,1
0000005747,0000005548,586,2023-04-27 03:54:46,,1
0000005748,0000005549,586,2018-04-05 22:57:08,,1
0000005749,0000005550,550,2017-07-17 23:15:39,2017-07-18 09:46:16,0
0000005750,0000005550,141,2017-07-18 09:46:16,,1
0000005751,0000005551,24,2019-05-22 09:43:27,,1
0000005752,0000005552,24,2018-10-07 17:35:27,,1
0000005753,0000005553,24,2018-05-04 09:17:30,,1
0000005754,0000005554,154,2018-06-09 06:21:04,,1
0000005755,0000005555,860,2014-11-15 11:06:15,,1
0000005756,0000005556,860,2014-11-15 22:35:52,,1
0000005757,0000005557,860,2014-11-12 16:44:07,,1
0000005758,0000005558,366,2020-11-17 12:30:24,,1
0000005759,0000005559,27,2022-01-07 09:08:01,,1
0000005760,0000005560,371,2017-09-23 01:27:30,,1
0000005761,0000005561,371,2017-10-14 02:25:58,,1
0000005762,0000005562,454,2025-08-29 19:24:25,,1
0000005763,0000005563,860,2021-03-23 07:14:59,,1
0000005764,0000005564,635,2018-01-15 09:49:35,,1
0000005765,0000005565,635,2022-11-22 08:11:13,,1
0000005766,0000005566,635,2022-09-14 05:56:26,,1
0000005767,0000005567,881,2021-04-16 09:41:42,,1
0000005768,0000005568,881,2024-06-11 23:38:52,,1
0000005769,0000005569,881,2017-08-12 20:33:07,,1
0000005770,0000005570,881,2025-02-10 05:46:23,,1
0000005771,0000005571,881,2023-05-19 13:46:00,,1
0000005772,0000005572,328,2024-05-14 02:05:41,,1
0000005773,0000005573,719,2015-10-26 19:52:09,,1
0000005774,0000005574,719,2016-11-13 08:58:45,,1
0000005775,0000005575,18,2021-03-15 00:56:15,,1
0000005776,0000005576,67,2017-10-31 03:01:18,,1
0000005777,0000005577,67,2019-01-04 02:19:45,,1
0000005778,0000005578,67,2018-05-12 10:47:10,,1
0000005779,0000005579,67,2017-09-28 06:04:24,,1
0000005780,0000005580,67,2019-10-21 23:28:54,,1
0000005781,0000005581,141,2021-04-28 00:59:06,,1
0000005782,0000005582,141,2022-01-13 20:13:00,2022-01-14 11:51:20,0
0000005783,0000005582,524,2022-01-14 11:51:20,,1
0000005784,0000005583,236,2022-01-23 17:19:31,,1
0000005785,0000005584,241,2021-12-22 13:58:23,,1
0000005786,0000005585,236,2021-06-25 02:25:04,,1
0000005787,0000005586,14,2021-07-31 19:30:30,,1
0000005788,0000005587,14,2021-11-02 00:56:58,2021-11-04 15:38:57,0
0000005789,0000005587,873,2021-11-04 15:38:57,,1
0000005790,0000005588,201,2020-05-25 22:48:40,,1
0000005791,0000005589,201,2021-02-24 03:59:01,,1
0000005792,0000005590,201,2021-08-08 10:36:52,,1
0000005793,0000005591,26,2025-05-19 09:06:58,,1
0000005794,0000005592,26,2022-11-25 14:44:27,,1
0000005795,0000005593,26,2024-01-25 22:53:07,,1
0000005796,0000005594,293,2022-07-24 03:02:31,,1
0000005797,0000005595,26,2017-03-14 18:53:19,,1
0000005798,0000005596,26,2025-01-08 11:41:06,,1
0000005799,0000005597,26,2023-09-28 14:01:50,,1
0000005800,0000005598,26,2016-08-01 18:21:52,,1
0000005801,0000005599,26,2019-09-04 15:27:20,,1
0000005802,0000005600,957,2022-05-04 16:20:49,,1
0000005803,0000005601,26,2023-12-19 22:58:05,,1
0000005804,0000005602,573,2016-07-26 02:04:49,,1
0000005805,0000005603,332,2018-08-03 22:18:48,,1
0000005806,0000005604,195,2018-05-15 01:11:59,,1
0000005807,0000005605,688,2022-05-22 05:04:26,,1
0000005808,0000005606,688,2020-10-01 07:22:11,,1
0000005809,0000005607,688,2026-09-16 23:07:57,,1
0000005810,0000005608,251,2018-04-07 11:36:31,,1
0000005811,0000005609,688,2022-11-26 03:06:18,,1
0000005812,0000005610,204,2019-09-26 05:43:37,,1
0000005813,0000005611,392,2023-04-22 11:30:36,,1
0000005814,0000005612,247,2024-03-03 02:17:17,,1
0000005815,0000005613,247,2021-07-19 08:14:16,,1
0000005816,0000005614,425,2018-08-12 12:07:42,,1
0000005817,0000005615,815,2021-07-01 11:33:29,,1
0000005818,0000005616,544,2025-11-30 09:22:16,,1
0000005819,0000005617,815,2022-11-13 12:47:06,,1
0000005820,0000005618,815,2025-04-06 00:34:35,,1
0000005821,0000005619,815,2022-03-06 06:55:42,,1
0000005822,0000005620,815,2025-03-01 23:33:09,,1
0000005823,0000005621,815,2026-02-18 03:40:05,,1
0000005824,0000005622,815,2020-06-17 20:42:40,,1
0000005825,0000005623,815,2018-08-13 13:12:24,,1
0000005826,0000005624,815,2019-03-18 10:43:53,,1
0000005827,0000005625,815,2017-10-01 00:45:11,,1
0000005828,0000005626,815,2026-07-10 00:13:16,,1
0000005829,0000005627,936,2025-05-31 10:57:06,,1
0000005830,0000005628,546,2026-08-31 07:25:02,,1
0000005831,0000005629,400,2025-12-15 19:31:45,,1
0000005832,0000005630,626,2021-10-05 22:04:54,,1
0000005833,0000005631,626,2020-01-09 19:20:37,,1
0000005834,0000005632,230,2016-08-16 19:35:17,,1
0000005835,0000005633,153,2022-02-04 20:22:17,,1
0000005836,0000005634,153,2019-05-19 05:42:51,,1
0000005837,0000005635,273,2022-01-19 15:30:26,,1
0000005838,0000005636,273,2024-10-13 23:09:39,,1
0000005839,0000005637,909,2017-04-21 00:29:03,,1
0000005840,0000005638,457,2017-01-06 09:30:10,2017-01-11 06:57:32,0
0000005841,0000005638,272,2017-01-11 06:57:32,,1
0000005842,0000005639,457,2017-10-17 10:23:57,2017-10-18 06:56:55,0
0000005843,0000005639,426,2017-10-18 06:56:55,,1
0000005844,0000005640,421,2018-12-13 07:56:36,,1
0000005845,0000005641,838,2017-02-20 23:15:56,,1
0000005846,0000005642,421,2023-02-04 04:54:25,,1
0000005847,0000005643,303,2017-10-23 13:45:33,,1
0000005848,0000005644,421,2016-02-25 17:23:50,,1
0000005849,0000005645,871,2018-05-06 05:50:18,,1
0000005850,0000005646,816,2019-09-28 14:44:07,,1
0000005851,0000005647,749,2019-05-29 11:25:53,,1
0000005852,0000005648,312,2019-04-09 11:43:59,,1
0000005853,0000005649,383,2025-02-21 09:40:27,,1
0000005854,0000005650,524,2022-04-15 10:39:12,,1
0000005855,0000005651,524,2021-10-17 14:44:22,,1
0000005856,0000005652,524,2018-06-03 18:49:54,,1
0000005857,0000005653,524,2018-05-16 12:58:06,,1
0000005858,0000005654,524,2019-04-10 21:16:54,,1
0000005859,0000005655,744,2016-02-25 07:06:50,,1
0000005860,0000005656,810,2025-03-03 19:05:48,,1
0000005861,0000005657,810,2021-07-25 21:16:28,,1
0000005862,0000005658,387,2023-03-13 14:26:08,,1
0000005863,0000005659,387,2023-05-28 00:47:07,,1
0000005864,0000005660,387,2020-03-31 19:25:07,,1
0000005865,0000005661,741,2016-11-10 22:27:37,,1
0000005866,0000005662,387,2020-08-09 10:22:59,,1
0000005867,0000005663,300,2016-08-27 11:17:29,,1
0000005868,0000005664,300,2016-03-17 21:42:46,,1
0000005869,0000005665,300,2016-05-25 14:01:48,,1
0000005870,0000005666,729,2026-09-11 06:04:57,,1
0000005871,0000005667,300,2016-05-31 04:58:46,,1
0000005872,0000005668,840,2016-05-30 16:53:58,,1
0000005873,0000005669,300,2016-07-19 10:33:50,,1
0000005874,0000005670,300,2016-03-28 03:35:54,,1
0000005875,0000005671,273,2022-06-25 11:51:54,,1
0000005876,0000005672,273,2025-09-18 13:11:27,,1
0000005877,0000005673,273,2025-07-31 19:19:17,,1
0000005878,0000005674,273,2025-01-26 21:29:47,,1
0000005879,0000005675,865,2021-05-05 17:22:54,,1
0000005880,0000005676,818,2018-02-17 19:27:08,,1
0000005881,0000005677,396,2020-10-03 16:48:33,,1
0000005882,0000005678,560,2016-06-13 17:22:44,,1
0000005883,0000005679,560,2017-08-23 02:30:51,,1
0000005884,0000005680,234,2025-01-21 20:05:47,,1
0000005885,0000005681,714,2019-04-24 20:48:14,,1
0000005886,0000005682,234,2025-07-22 21:44:50,,1
0000005887,0000005683,617,2021-08-17 11:16:25,,1
0000005888,0000005684,76,2022-09-21 06:05:30,,1
0000005889,0000005685,76,2021-12-14 09:03:29,,1
0000005890,0000005686,678,2019-11-07 22:35:30,,1
0000005891,0000005687,678,2019-04-13 05:17:14,,1
0000005892,0000005688,678,2019-07-19 23:21:38,2019-07-24 17:22:22,0
0000005893,0000005688,859,2019-07-24 17:22:22,,1
0000005894,0000005689,678,2018-08-05 10:22:06,,1
0000005895,0000005690,678,2019-09-18 07:19:40,,1
0000005896,0000005691,255,2024-08-14 17:07:24,,1
0000005897,0000005692,255,2025-07-19 11:07:43,,1
0000005898,0000005693,255,2025-10-15 19:52:48,,1
0000005899,0000005694,255,2022-05-26 05:25:19,,1
0000005900,0000005695,255,2019-11-22 12:11:28,,1
0000005901,0000005696,255,2019-05-23 11:07:53,,1
0000005902,0000005697,255,2021-12-26 16:13:32,,1
0000005903,0000005698,255,2019-04-20 15:58:51,,1
0000005904,0000005699,922,2019-10-22 23:52:32,,1
0000005905,0000005700,341,2024-11-02 10:08:27,2024-11-06 00:24:01,0
0000005906,0000005700,268,2024-11-06 00:24:01,,1
0000005907,0000005701,341,2024-09-01 03:05:35,,1
0000005908,0000005702,341,2020-08-04 01:22:03,,1
0000005909,0000005703,799,2026-05-10 11:49:46,,1
0000005910,0000005704,305,2026-02-23 13:20:40,,1
0000005911,0000005705,91,2021-03-15 22:53:50,,1
0000005912,0000005706,955,2025-11-30 22:30:39,,1
0000005913,0000005707,508,2020-12-09 09:06:29,,1
0000005914,0000005708,316,2022-05-07 08:30:44,2022-05-10 05:11:10,0
0000005915,0000005708,762,2022-05-10 05:11:10,,1
0000005916,0000005709,666,2025-04-18 20:19:33,,1
0000005917,0000005710,666,2020-08-24 09:01:01,,1
0000005918,0000005711,666,2023-08-19 17:55:19,,1
0000005919,0000005712,666,2017-12-28 14:14:23,,1
0000005920,0000005713,666,2025-07-20 15:11:38,,1
0000005921,0000005714,807,2026-06-24 16:36:20,,1
0000005922,0000005715,980,2019-12-29 10:54:37,,1
0000005923,0000005716,869,2017-07-13 18:55:15,,1
0000005924,0000005717,869,2017-05-09 23:28:39,,1
0000005925,0000005718,807,2024-08-04 14:23:37,,1
0000005926,0000005719,807,2024-02-02 18:41:01,,1
0000005927,0000005720,807,2022-12-12 14:50:03,,1
0000005928,0000005721,899,2015-04-05 03:34:39,,1
0000005929,0000005722,563,2018-08-15 12:23:42,,1
0000005930,0000005723,563,2016-10-19 17:24:19,,1
0000005931,0000005724,563,2023-04-18 01:48:07,2023-04-20 17:26:09,0
0000005932,0000005724,311,2023-04-20 17:26:09,,1
0000005933,0000005725,563,2022-10-04 17:49:45,,1
0000005934,0000005726,603,2015-12-14 02:21:12,,1
0000005935,0000005727,81,2020-11-18 02:17:00,,1
0000005936,0000005728,81,2021-02-18 04:19:05,,1
0000005937,0000005729,432,2015-09-27 06:29:53,,1
0000005938,0000005730,282,2018-04-18 07:52:53,,1
0000005939,0000005731,306,2026-05-06 08:31:18,,1
0000005940,0000005732,886,2019-01-04 16:43:55,,1
0000005941,0000005733,886,2023-10-01 06:33:01,,1
0000005942,0000005734,886,2026-03-29 03:10:18,,1
0000005943,0000005735,321,2022-09-02 06:03:57,,1
0000005944,0000005736,801,2018-05-18 05:00:39,,1
0000005945,0000005737,801,2019-04-01 09:12:41,,1
0000005946,0000005738,801,2023-04-11 08:38:05,2023-04-12 22:51:45,0
0000005947,0000005738,877,2023-04-12 22:51:45,,1
0000005948,0000005739,297,2018-09-11 13:33:10,,1
0000005949,0000005740,457,2022-05-27 14:23:38,,1
0000005950,0000005741,948,2026-09-24 11:52:38,,1
0000005951,0000005742,235,2023-05-07 06:01:59,,1
0000005952,0000005743,366,2017-09-13 16:27:51,,1
0000005953,0000005744,235,2019-11-14 09:29:05,,1
0000005954,0000005745,235,2020-07-01 01:29:15,,1
0000005955,0000005746,988,2022-01-23 02:39:38,,1
0000005956,0000005747,727,2021-04-06 21:53:58,,1
0000005957,0000005748,727,2022-12-25 09:14:04,,1
0000005958,0000005749,727,2021-12-27 08:26:40,,1
0000005959,0000005750,727,2020-01-29 17:27:41,,1
0000005960,0000005751,727,2025-11-30 04:07:07,,1
0000005961,0000005752,817,2021-06-26 16:18:10,,1
0000005962,0000005753,817,2020-11-10 04:35:16,,1
0000005963,0000005754,817,2020-07-03 13:11:16,,1
0000005964,0000005755,655,2024-06-09 09:16:36,,1
0000005965,0000005756,817,2020-08-19 12:17:37,,1
0000005966,0000005757,603,2019-07-05 18:19:53,,1
0000005967,0000005758,805,2019-03-20 18:08:14,,1
0000005968,0000005759,485,2018-06-25 18:45:25,,1
0000005969,0000005760,366,2026-06-30 19:03:27,,1
0000005970,0000005761,258,2020-05-08 20:43:08,,1
0000005971,0000005762,258,2019-03-14 12:16:48,,1
0000005972,0000005763,258,2020-05-19 06:51:48,,1
0000005973,0000005764,258,2018-07-06 20:10:09,,1
0000005974,0000005765,258,2018-10-01 06:56:59,,1
0000005975,0000005766,50,2021-08-27 14:29:05,,1
0000005976,0000005767,131,2019-09-01 20:29:20,,1
0000005977,0000005768,131,2025-12-08 01:11:37,,1
0000005978,0000005769,333,2022-10-29 13:20:54,,1
0000005979,0000005770,333,2022-10-21 03:31:39,,1
0000005980,0000005771,811,2016-04-16 03:03:15,,1
0000005981,0000005772,669,2018-10-26 00:11:54,,1
0000005982,0000005773,669,2018-10-15 18:13:42,,1
0000005983,0000005774,669,2020-07-16 13:10:14,,1
0000005984,0000005775,669,2019-02-20 20:46:09,,1
0000005985,0000005776,669,2020-05-28 12:38:49,2020-05-28 12:53:33,0
0000005986,0000005776,382,2020-05-28 12:53:33,,1
0000005987,0000005777,669,2021-01-09 22:04:39,,1
0000005988,0000005778,669,2019-01-05 10:09:46,,1
0000005989,0000005779,669,2021-01-16 22:58:17,,1
0000005990,0000005780,269,2020-10-28 21:18:33,,1
0000005991,0000005781,115,2025-10-02 11:11:05,,1
0000005992,0000005782,789,2018-02-16 05:32:26,,1
0000005993,0000005783,174,2019-07-18 09:24:06,,1
0000005994,0000005784,174,2018-10-10 07:56:23,,1
0000005995,0000005785,174,2019-11-18 07:22:18,,1
0000005996,0000005786,651,2024-07-17 05:19:44,,1
0000005997,0000005787,651,2023-08-27 14:17:05,,1
0000005998,0000005788,732,2017-12-02 03:20:10,,1
0000005999,0000005789,559,2025-04-13 02:22:02,,1
0000006000,0000005790,737,2020-05-13 00:10:04,,1
0000006001,0000005791,869,2020-01-16 09:13:11,,1
0000006002,0000005792,236,2022-08-02 07:11:49,,1
0000006003,0000005793,236,2023-02-19 09:41:33,,1
0000006004,0000005794,236,2023-08-15 06:29:30,,1
0000006005,0000005795,236,2022-10-28 00:13:24,,1
0000006006,0000005796,236,2021-07-17 07:41:06,,1
0000006007,0000005797,236,2021-03-23 10:24:56,,1
0000006008,0000005798,337,2023-03-21 03:44:22,,1
0000006009,0000005799,869,2017-09-22 08:11:28,,1
0000006010,0000005800,869,2020-03-14 14:27:05,,1
0000006011,0000005801,869,2017-06-16 05:12:46,,1
0000006012,0000005802,236,2021-10-07 09:48:57,,1
0000006013,0000005803,272,2021-11-07 23:25:15,,1
0000006014,0000005804,71,2022-12-21 11:03:15,,1
0000006015,0000005805,71,2019-08-16 13:04:54,,1
0000006016,0000005806,261,2019-02-02 02:06:42,,1
0000006017,0000005807,837,2015-01-16 13:48:33,,1
0000006018,0000005808,487,2017-11-20 08:08:50,,1
0000006019,0000005809,487,2020-01-11 09:19:29,,1
0000006020,0000005810,660,2018-10-13 00:06:12,,1
0000006021,0000005811,660,2019-05-15 12:15:28,,1
0000006022,0000005812,660,2018-11-13 09:39:56,,1
0000006023,0000005813,660,2018-09-10 00:26:15,,1
0000006024,0000005814,660,2019-05-06 08:52:25,,1
0000006025,0000005815,660,2019-03-13 20:05:05,,1
0000006026,0000005816,660,2019-02-21 13:24:40,,1
0000006027,0000005817,660,2019-09-17 17:07:03,,1
0000006028,0000005818,541,2020-10-26 10:59:56,,1
0000006029,0000005819,108,2019-10-21 23:15:05,,1
0000006030,0000005820,860,2025-12-29 18:17:13,,1
0000006031,0000005821,108,2020-06-26 11:57:12,,1
0000006032,0000005822,830,2019-07-19 05:24:58,,1
0000006033,0000005823,721,2020-08-15 01:44:22,,1
0000006034,0000005824,402,2025-01-01 06:31:42,,1
0000006035,0000005825,430,2024-11-07 06:52:38,,1
0000006036,0000005826,947,2024-10-02 11:41:29,,1
0000006037,0000005827,180,2023-03-11 03:49:44,,1
0000006038,0000005828,180,2019-06-20 12:48:16,,1
0000006039,0000005829,180,2025-03-10 02:02:33,,1
0000006040,0000005830,118,2023-06-04 12:52:11,,1
0000006041,0000005831,118,2023-11-09 14:03:03,,1
0000006042,0000005832,80,2024-07-25 08:29:15,,1
0000006043,0000005833,118,2025-01-21 10:55:48,,1
0000006044,0000005834,118,2024-05-17 15:34:23,,1
0000006045,0000005835,118,2022-10-29 07:20:38,,1
0000006046,0000005836,118,2023-11-19 21:08:42,2023-11-20 08:26:24,0
0000006047,0000005836,681,2023-11-20 08:26:24,,1
0000006048,0000005837,491,2022-01-28 11:29:34,,1
0000006049,0000005838,445,2019-03-09 15:25:47,,1
0000006050,0000005839,118,2024-02-11 13:49:24,,1
0000006051,0000005840,118,2021-11-13 19:26:06,2021-11-16 20:15:19,0
0000006052,0000005840,62,2021-11-16 20:15:19,,1
0000006053,0000005841,118,2022-04-01 11:53:04,,1
0000006054,0000005842,838,2020-10-04 15:18:23,,1
0000006055,0000005843,86,2017-03-20 06:29:45,,1
0000006056,0000005844,303,2025-01-20 14:47:33,,1
0000006057,0000005845,303,2024-07-05 20:00:48,,1
0000006058,0000005846,303,2024-10-26 22:21:48,,1
0000006059,0000005847,297,2021-11-21 16:26:09,,1
0000006060,0000005848,297,2023-05-05 01:57:34,,1
0000006061,0000005849,297,2020-08-03 09:43:42,,1
0000006062,0000005850,297,2023-10-12 21:11:48,,1
0000006063,0000005851,297,2020-02-07 22:08:56,,1
0000006064,0000005852,297,2018-09-30 00:37:13,,1
0000006065,0000005853,297,2018-04-03 17:38:49,,1
0000006066,0000005854,297,2023-06-17 02:41:20,,1
0000006067,0000005855,325,2024-10-12 11:37:38,,1
0000006068,0000005856,323,2019-12-14 06:50:03,2019-12-18 05:31:51,0
0000006069,0000005856,852,2019-12-18 05:31:51,,1
0000006070,0000005857,323,2023-03-04 20:24:56,,1
0000006071,0000005858,976,2023-06-03 02:56:14,,1
0000006072,0000005859,976,2021-08-07 13:50:34,,1
0000006073,0000005860,500,2024-10-24 20:17:24,,1
0000006074,0000005861,307,2025-01-06 23:18:49,,1
0000006075,0000005862,380,2021-11-15 17:48:36,,1
0000006076,0000005863,409,2019-08-06 03:25:00,,1
0000006077,0000005864,274,2026-08-09 02:30:16,,1
0000006078,0000005865,579,2026-01-25 00:44:15,,1
0000006079,0000005866,541,2019-12-30 06:04:38,,1
0000006080,0000005867,541,2021-12-31 19:51:03,,1
0000006081,0000005868,456,2017-01-18 06:45:50,,1
0000006082,0000005869,541,2022-02-09 06:11:24,,1
0000006083,0000005870,541,2020-06-02 01:45:06,,1
0000006084,0000005871,541,2018-03-09 09:50:14,,1
0000006085,0000005872,541,2017-06-23 02:44:52,,1
0000006086,0000005873,957,2025-02-27 01:49:08,,1
0000006087,0000005874,527,2026-05-23 20:25:40,,1
0000006088,0000005875,699,2023-02-17 22:11:22,2023-02-20 18:19:34,0
0000006089,0000005875,164,2023-02-20 18:19:34,,1
0000006090,0000005876,542,2021-08-05 04:25:14,,1
0000006091,0000005877,699,2023-06-19 00:17:38,,1
0000006092,0000005878,542,2022-06-11 08:22:08,,1
0000006093,0000005879,699,2025-02-11 08:03:15,,1
0000006094,0000005880,677,2026-01-04 15:39:33,,1
0000006095,0000005881,677,2026-01-05 12:46:07,,1
0000006096,0000005882,677,2026-04-13 08:58:50,,1
0000006097,0000005883,542,2021-01-09 12:00:04,,1
0000006098,0000005884,699,2023-02-07 07:45:27,,1
0000006099,0000005885,542,2016-06-21 16:32:23,,1
0000006100,0000005886,24,2023-10-02 21:01:20,,1
0000006101,0000005887,24,2023-11-14 20:13:49,,1
0000006102,0000005888,24,2022-03-30 21:19:37,,1
0000006103,0000005889,24,2021-07-29 10:17:29,,1
0000006104,0000005890,710,2025-08-03 21:57:06,,1
0000006105,0000005891,442,2019-06-21 05:29:20,,1
0000006106,0000005892,442,2022-10-03 14:36:34,,1
0000006107,0000005893,602,2020-02-19 00:19:59,,1
0000006108,0000005894,442,2022-12-25 19:44:25,,1
0000006109,0000005895,771,2019-09-02 23:50:49,,1
0000006110,0000005896,442,2018-11-17 10:15:14,,1
0000006111,0000005897,442,2018-12-13 08:32:26,,1
0000006112,0000005898,820,2022-10-09 00:08:09,,1
0000006113,0000005899,567,2019-08-05 04:14:27,,1
0000006114,0000005900,567,2024-09-20 10:54:10,,1
0000006115,0000005901,803,2018-12-29 06:00:57,,1
0000006116,0000005902,20,2019-07-29 07:32:29,,1
0000006117,0000005903,803,2019-07-02 21:28:34,,1
0000006118,0000005904,298,2018-04-26 02:14:06,,1
0000006119,0000005905,298,2020-07-24 08:18:45,,1
0000006120,0000005906,724,2025-08-30 07:28:07,,1
0000006121,0000005907,803,2025-04-09 18:42:49,,1
0000006122,0000005908,190,2017-08-01 04:47:14,,1
0000006123,0000005909,190,2019-08-12 02:11:49,,1
0000006124,0000005910,190,2016-11-05 13:08:31,,1
0000006125,0000005911,190,2016-11-03 16:45:16,,1
0000006126,0000005912,447,2017-08-03 03:00:15,,1
0000006127,0000005913,447,2017-07-30 15:20:39,,1
0000006128,0000005914,447,2026-05-20 01:53:48,,1
0000006129,0000005915,447,2020-04-09 00:04:09,,1
0000006130,0000005916,15,2025-09-16 17:00:58,,1
0000006131,0000005917,343,2024-11-09 23:15:26,,1
0000006132,0000005918,966,2020-12-05 06:50:47,,1
0000006133,0000005919,343,2025-10-20 08:29:59,,1
0000006134,0000005920,338,2024-08-11 05:18:59,,1
0000006135,0000005921,382,2018-11-11 23:27:09,,1
0000006136,0000005922,301,2018-04-08 01:13:52,,1
0000006137,0000005923,382,2019-06-09 12:35:27,,1
0000006138,0000005924,699,2019-05-01 05:21:11,,1
0000006139,0000005925,614,2018-12-11 23:43:35,,1
0000006140,0000005926,974,2018-06-14 14:07:40,,1
0000006141,0000005927,974,2021-01-15 09:48:30,2021-01-16 23:41:59,0
0000006142,0000005927,928,2021-01-16 23:41:59,,1
0000006143,0000005928,974,2021-04-21 18:14:14,,1
0000006144,0000005929,286,2021-08-17 09:41:27,,1
0000006145,0000005930,286,2021-11-18 20:42:18,,1
0000006146,0000005931,498,2020-12-31 23:44:07,,1
0000006147,0000005932,498,2017-04-30 07:32:45,,1
0000006148,0000005933,498,2023-01-16 04:33:11,,1
0000006149,0000005934,93,2022-12-31 22:03:46,,1
0000006150,0000005935,947,2024-04-10 15:41:06,,1
0000006151,0000005936,895,2023-09-23 10:35:38,,1
0000006152,0000005937,966,2019-08-22 19:28:15,,1
0000006153,0000005938,626,2020-03-06 11:56:49,,1
0000006154,0000005939,626,2020-04-12 12:18:58,,1
0000006155,0000005940,626,2024-10-23 05:54:43,,1
0000006156,0000005941,626,2022-09-30 19:44:59,,1
0000006157,0000005942,626,2019-10-19 09:44:39,,1
0000006158,0000005943,841,2018-03-18 20:36:33,,1
0000006159,0000005944,841,2019-08-31 13:59:28,,1
0000006160,0000005945,980,2019-09-09 01:35:01,,1
0000006161,0000005946,980,2016-11-17 18:15:42,,1
0000006162,0000005947,178,2016-10-20 08:46:34,,1
0000006163,0000005948,729,2017-06-08 09:48:15,,1
0000006164,0000005949,729,2016-05-18 13:35:02,,1
0000006165,0000005950,751,2024-04-26 04:15:12,,1
0000006166,0000005951,751,2024-10-25 20:28:42,,1
0000006167,0000005952,341,2025-09-16 17:27:14,,1
0000006168,0000005953,341,2023-07-14 14:31:01,,1
0000006169,0000005954,341,2021-11-26 14:38:04,,1
0000006170,0000005955,995,2019-12-17 22:25:20,,1
0000006171,0000005956,995,2021-08-07 11:47:32,,1
0000006172,0000005957,995,2021-08-01 10:50:07,,1
0000006173,0000005958,995,2020-04-09 22:39:25,,1
0000006174,0000005959,995,2021-12-12 04:11:10,,1
0000006175,0000005960,431,2020-03-07 10:14:58,,1
0000006176,0000005961,431,2019-04-19 18:27:34,,1
0000006177,0000005962,603,2022-07-28 11:28:36,,1
0000006178,0000005963,603,2018-11-02 01:16:15,,1
0000006179,0000005964,603,2020-02-27 12:19:57,,1
0000006180,0000005965,820,2018-09-23 19:04:13,,1
0000006181,0000005966,236,2023-06-20 19:11:06,,1
0000006182,0000005967,234,2022-05-17 16:14:34,,1
0000006183,0000005968,234,2022-02-01 21:42:06,,1
0000006184,0000005969,820,2018-02-15 19:34:50,,1
0000006185,0000005970,164,2018-10-27 04:41:13,,1
0000006186,0000005971,211,2024-05-14 11:12:03,,1
0000006187,0000005972,211,2025-09-11 19:19:01,,1
0000006188,0000005973,211,2025-06-05 09:41:00,,1
0000006189,0000005974,211,2024-10-29 19:33:22,,1
0000006190,0000005975,683,2020-02-19 21:40:11,,1
0000006191,0000005976,683,2019-12-31 04:36:31,,1
0000006192,0000005977,106,2017-10-22 01:51:24,,1
0000006193,0000005978,688,2020-10-31 15:13:07,,1
0000006194,0000005979,735,2018-07-08 17:44:46,,1
0000006195,0000005980,389,2026-09-22 14:47:06,,1
0000006196,0000005981,182,2022-12-09 18:11:16,,1
0000006197,0000005982,182,2022-03-02 13:25:33,,1
0000006198,0000005983,182,2017-09-24 22:40:24,,1
0000006199,0000005984,328,2022-04-30 06:14:50,,1
0000006200,0000005985,990,2017-11-24 04:59:36,,1
0000006201,0000005986,990,2022-02-17 20:14:14,,1
0000006202,0000005987,850,2022-08-27 21:59:17,,1
0000006203,0000005988,850,2019-06-24 16:01:10,,1
0000006204,0000005989,850,2018-10-17 09:22:17,,1
0000006205,0000005990,850,2022-11-02 23:37:41,2022-11-05 13:30:47,0
0000006206,0000005990,865,2022-11-05 13:30:47,,1
0000006207,0000005991,850,2019-09-10 23:57:33,,1
0000006208,0000005992,916,2022-04-01 18:00:41,,1
0000006209,0000005993,850,2017-11-04 17:51:15,,1
0000006210,0000005994,850,2019-10-04 09:06:25,,1
0000006211,0000005995,961,2020-06-12 12:47:23,,1
0000006212,0000005996,961,2021-11-17 01:17:21,2021-11-18 02:14:48,0
0000006213,0000005996,109,2021-11-18 02:14:48,,1
0000006214,0000005997,961,2020-03-27 21:18:23,,1
0000006215,0000005998,996,2026-05-08 06:04:51,,1
0000006216,0000005999,627,2023-10-04 01:34:59,,1
0000006217,0000006000,629,2018-10-31 11:26:29,,1
0000006218,0000006001,629,2018-12-20 01:34:37,,1
0000006219,0000006002,35,2026-07-01 09:33:38,,1
0000006220,0000006003,35,2023-12-20 09:04:55,,1
0000006221,0000006004,35,2024-06-23 19:36:56,,1
0000006222,0000006005,20,2017-08-08 04:20:26,,1
0000006223,0000006006,20,2020-02-04 12:19:51,,1
0000006224,0000006007,20,2026-06-18 05:04:51,,1
0000006225,0000006008,20,2018-05-04 16:37:21,,1
0000006226,0000006009,20,2019-09-18 07:13:16,,1
0000006227,0000006010,20,2020-08-04 17:56:32,,1
0000006228,0000006011,20,2019-09-27 22:33:14,,1
0000006229,0000006012,20,2019-08-21 01:41:47,,1
0000006230,0000006013,96,2018-05-25 03:27:27,,1
0000006231,0000006014,541,2019-07-24 15:50:57,,1
0000006232,0000006015,20,2020-07-17 04:01:51,,1
0000006233,0000006016,20,2018-11-16 07:28:33,,1
0000006234,0000006017,734,2022-12-01 13:41:36,,1
0000006235,0000006018,503,2018-07-13 18:21:37,,1
0000006236,0000006019,470,2023-02-14 05:23:02,,1
0000006237,0000006020,165,2019-04-11 23:34:23,,1
0000006238,0000006021,165,2018-06-22 16:22:07,,1
0000006239,0000006022,165,2020-07-12 21:55:04,,1
0000006240,0000006023,597,2021-08-02 12:12:43,,1
0000006241,0000006024,597,2024-10-25 21:58:38,,1
0000006242,0000006025,597,2023-06-11 10:54:48,,1
0000006243,0000006026,597,2018-07-22 21:21:37,,1
0000006244,0000006027,597,2025-10-07 04:11:12,,1
0000006245,0000006028,809,2015-12-07 14:52:30,,1
0000006246,0000006029,809,2019-01-04 11:36:07,,1
0000006247,0000006030,809,2022-05-08 01:41:59,,1
0000006248,0000006031,306,2022-01-01 08:14:02,,1
0000006249,0000006032,16,2021-10-02 04:11:42,,1
0000006250,0000006033,16,2023-08-25 10:44:37,,1
0000006251,0000006034,16,2023-09-15 18:17:27,,1
0000006252,0000006035,16,2024-04-22 21:36:40,2024-04-24 19:43:46,0
0000006253,0000006035,884,2024-04-24 19:43:46,,1
0000006254,0000006036,852,2024-07-14 00:33:09,,1
0000006255,0000006037,640,2017-06-25 03:28:08,,1
0000006256,0000006038,16,2017-06-14 20:51:16,,1
0000006257,0000006039,126,2022-07-27 21:21:25,,1
0000006258,0000006040,48,2020-07-04 15:50:26,,1
0000006259,0000006041,91,2021-01-12 22:37:06,,1
0000006260,0000006042,176,2026-03-25 17:21:19,,1
0000006261,0000006043,176,2024-08-12 17:55:50,,1
0000006262,0000006044,176,2017-04-06 18:08:34,,1
0000006263,0000006045,906,2018-09-16 19:02:32,,1
0000006264,0000006046,906,2024-05-23 08:24:48,,1
0000006265,0000006047,906,2026-08-19 23:32:40,,1
0000006266,0000006048,262,2024-12-24 22:39:58,,1
0000006267,0000006049,262,2025-07-02 05:26:16,,1
0000006268,0000006050,362,2018-05-26 19:57:32,,1
0000006269,0000006051,362,2018-04-13 04:57:54,,1
0000006270,0000006052,362,2018-09-30 08:32:30,,1
0000006271,0000006053,362,2018-06-26 02:51:40,,1
0000006272,0000006054,742,2019-01-17 04:27:38,,1
0000006273,0000006055,362,2019-05-22 20:13:47,,1
0000006274,0000006056,362,2019-01-31 20:12:41,,1
0000006275,0000006057,362,2018-12-08 20:59:21,,1
0000006276,0000006058,792,2022-07-01 14:53:32,,1
0000006277,0000006059,792,2020-09-23 12:26:51,,1
0000006278,0000006060,792,2020-10-13 03:14:25,,1
0000006279,0000006061,321,2023-05-19 03:31:30,2023-05-20 23:22:36,0
0000006280,0000006061,706,2023-05-20 23:22:36,,1
0000006281,0000006062,530,2014-11-14 18:27:51,,1
0000006282,0000006063,46,2017-02-17 12:53:06,,1
0000006283,0000006064,46,2019-11-22 21:29:18,,1
0000006284,0000006065,302,2019-05-15 14:35:25,,1
0000006285,0000006066,46,2017-08-04 09:05:34,,1
0000006286,0000006067,966,2023-07-22 23:58:57,,1
0000006287,0000006068,966,2018-10-22 18:07:47,,1
0000006288,0000006069,738,2022-07-07 11:14:18,,1
0000006289,0000006070,237,2024-06-30 14:28:08,,1
0000006290,0000006071,966,2023-03-18 23:08:12,,1
0000006291,0000006072,740,2017-11-13 11:06:34,,1
0000006292,0000006073,740,2024-11-21 18:18:13,,1
0000006293,0000006074,81,2025-01-31 07:47:02,,1
0000006294,0000006075,28,2018-07-25 19:18:26,,1
0000006295,0000006076,740,2025-07-01 07:08:18,,1
0000006296,0000006077,131,2020-07-11 07:38:26,,1
0000006297,0000006078,200,2017-03-18 13:16:15,,1
0000006298,0000006079,91,2026-06-10 19:27:12,,1
0000006299,0000006080,91,2015-10-19 03:14:19,,1
0000006300,0000006081,690,2025-04-09 04:11:48,,1
0000006301,0000006082,875,2022-05-04 10:06:01,,1
0000006302,0000006083,990,2016-08-10 05:33:31,,1
0000006303,0000006084,650,2018-11-09 01:40:31,,1
0000006304,0000006085,921,2023-11-25 13:39:59,,1
0000006305,0000006086,921,2022-07-05 09:38:38,,1
0000006306,0000006087,921,2023-12-26 14:34:47,,1
0000006307,0000006088,921,2017-12-19 12:06:27,,1
0000006308,0000006089,589,2023-01-26 23:12:02,,1
0000006309,0000006090,921,2025-06-23 12:46:05,,1
0000006310,0000006091,921,2020-12-28 05:26:28,,1
0000006311,0000006092,921,2018-01-04 16:08:11,,1
0000006312,0000006093,908,2018-12-02 08:41:12,,1
0000006313,0000006094,845,2025-05-15 12:03:35,,1
0000006314,0000006095,787,2021-07-18 20:23:35,,1
0000006315,0000006096,92,2015-06-21 15:54:47,,1
0000006316,0000006097,905,2025-10-10 09:39:01,,1
0000006317,0000006098,933,2019-04-25 23:27:11,,1
0000006318,0000006099,92,2016-02-16 21:04:19,,1
0000006319,0000006100,426,2021-07-20 22:31:16,,1
0000006320,0000006101,962,2026-09-02 13:19:49,,1
0000006321,0000006102,962,2019-11-15 03:02:41,,1
0000006322,0000006103,962,2025-12-29 02:05:10,,1
0000006323,0000006104,376,2024-02-08 23:46:50,,1
0000006324,0000006105,953,2019-03-26 19:18:40,,1
0000006325,0000006106,401,2023-07-09 17:56:31,,1
0000006326,0000006107,620,2017-01-20 07:23:52,,1
0000006327,0000006108,620,2017-07-07 13:22:35,,1
0000006328,0000006109,620,2017-02-07 19:02:16,,1
0000006329,0000006110,222,2021-07-02 19:09:47,,1
0000006330,0000006111,5,2024-12-25 16:23:53,,1
0000006331,0000006112,690,2018-05-18 19:03:36,,1
0000006332,0000006113,690,2024-01-27 19:51:23,,1
0000006333,0000006114,690,2020-08-12 03:18:26,,1
0000006334,0000006115,701,2025-01-12 04:17:47,,1
0000006335,0000006116,690,2019-06-26 14:54:41,,1
0000006336,0000006117,681,2023-03-26 05:28:10,,1
0000006337,0000006118,753,2018-03-26 08:48:03,,1
0000006338,0000006119,141,2026-09-02 06:07:39,,1
0000006339,0000006120,192,2018-11-08 10:19:59,,1
0000006340,0000006121,742,2024-03-08 22:35:09,,1
0000006341,0000006122,998,2019-08-30 23:40:46,,1
0000006342,0000006123,252,2016-10-28 03:32:37,,1
0000006343,0000006124,379,2023-12-21 17:27:07,,1
0000006344,0000006125,379,2021-09-04 09:37:16,,1
0000006345,0000006126,379,2019-01-29 08:26:35,,1
0000006346,0000006127,379,2019-04-01 15:22:31,,1
0000006347,0000006128,379,2018-01-29 04:54:34,,1
0000006348,0000006129,379,2016-10-26 03:22:59,,1
0000006349,0000006130,379,2022-06-30 07:01:49,,1
0000006350,0000006131,379,2020-09-28 02:10:06,,1
0000006351,0000006132,601,2016-05-07 00:44:02,,1
0000006352,0000006133,991,2024-03-16 04:04:52,,1
0000006353,0000006134,991,2019-04-09 10:34:49,,1
0000006354,0000006135,991,2017-07-21 19:55:05,,1
0000006355,0000006136,246,2025-06-21 09:18:40,,1
0000006356,0000006137,991,2021-11-14 10:52:10,,1
0000006357,0000006138,710,2026-05-28 23:21:10,,1
0000006358,0000006139,246,2026-09-26 15:19:10,,1
0000006359,0000006140,991,2023-05-15 20:07:01,,1
0000006360,0000006141,352,2023-02-28 17:38:35,,1
0000006361,0000006142,352,2024-08-16 00:28:59,,1
0000006362,0000006143,352,2025-07-01 08:39:39,,1
0000006363,0000006144,352,2020-09-13 13:36:54,,1
0000006364,0000006145,352,2022-06-28 21:26:24,,1
0000006365,0000006146,352,2019-07-25 14:52:06,,1
0000006366,0000006147,352,2025-08-06 03:58:41,,1
0000006367,0000006148,352,2018-07-21 22:40:05,,1
0000006368,0000006149,865,2024-06-06 03:50:38,,1
0000006369,0000006150,283,2023-04-13 07:29:34,,1
0000006370,0000006151,891,2018-09-21 12:52:22,,1
0000006371,0000006152,812,2015-06-27 14:11:43,,1
0000006372,0000006153,317,2025-05-24 09:24:05,,1
0000006373,0000006154,842,2026-04-14 15:54:55,,1
0000006374,0000006155,95,2024-12-03 00:27:54,,1
0000006375,0000006156,458,2020-01-16 17:12:31,,1
0000006376,0000006157,444,2020-07-04 06:34:15,2020-07-04 16:56:54,0
0000006377,0000006157,849,2020-07-04 16:56:54,,1
0000006378,0000006158,444,2024-07-13 14:03:46,,1
0000006379,0000006159,444,2024-11-02 02:43:20,,1
0000006380,0000006160,626,2020-09-16 02:19:28,,1
0000006381,0000006161,70,2015-03-09 04:26:19,,1
0000006382,0000006162,624,2016-06-10 23:22:06,,1
0000006383,0000006163,897,2016-04-26 05:56:51,,1
0000006384,0000006164,760,2024-05-07 09:10:20,,1
0000006385,0000006165,760,2020-09-23 07:48:40,,1
0000006386,0000006166,760,2023-01-23 23:08:56,,1
0000006387,0000006167,760,2022-10-02 13:05:55,,1
0000006388,0000006168,760,2022-09-29 02:03:05,,1
0000006389,0000006169,855,2021-06-23 11:19:19,,1
0000006390,0000006170,592,2017-01-23 15:31:57,,1
0000006391,0000006171,4,2019-05-22 12:41:45,,1
0000006392,0000006172,317,2023-07-29 04:58:30,,1
0000006393,0000006173,436,2021-08-07 04:39:09,,1
0000006394,0000006174,788,2026-08-03 08:04:36,,1
0000006395,0000006175,788,2026-04-11 00:07:31,,1
0000006396,0000006176,811,2021-02-24 11:39:32,,1
0000006397,0000006177,709,2018-01-30 19:08:24,2018-01-31 08:30:53,0
0000006398,0000006177,552,2018-01-31 08:30:53,,1
0000006399,0000006178,811,2022-12-23 13:56:47,,1
0000006400,0000006179,709,2018-02-04 08:42:02,,1
0000006401,0000006180,709,2019-05-15 23:51:23,,1
0000006402,0000006181,811,2022-07-27 08:32:31,,1
0000006403,0000006182,788,2026-04-22 05:09:03,,1
0000006404,0000006183,811,2024-03-01 19:46:28,,1
0000006405,0000006184,709,2018-12-13 22:04:57,,1
0000006406,0000006185,709,2016-02-01 06:38:30,,1
0000006407,0000006186,727,2019-01-07 21:42:01,,1
0000006408,0000006187,727,2020-12-15 05:35:01,,1
0000006409,0000006188,876,2019-07-23 14:48:15,,1
0000006410,0000006189,727,2018-09-08 14:00:10,2018-09-10 15:19:36,0
0000006411,0000006189,312,2018-09-10 15:19:36,,1
0000006412,0000006190,837,2020-07-07 11:25:53,,1
0000006413,0000006191,744,2017-06-13 14:55:15,,1
0000006414,0000006192,656,2019-09-17 12:54:49,,1
0000006415,0000006193,708,2020-04-24 13:21:51,2020-04-27 04:49:43,0
0000006416,0000006193,280,2020-04-27 04:49:43,,1
0000006417,0000006194,520,2017-08-19 07:49:47,,1
0000006418,0000006195,783,2018-01-14 05:27:32,,1
0000006419,0000006196,160,2018-07-22 03:28:27,,1
0000006420,0000006197,772,2020-04-30 23:55:56,,1
0000006421,0000006198,247,2024-08-05 02:10:14,2024-08-07 14:38:33,0
0000006422,0000006198,516,2024-08-07 14:38:33,,1
0000006423,0000006199,146,2018-06-19 10:13:13,,1
0000006424,0000006200,146,2025-09-22 13:38:28,,1
0000006425,0000006201,146,2020-05-12 18:18:09,,1
0000006426,0000006202,146,2019-09-27 20:10:52,,1
0000006427,0000006203,146,2018-02-12 01:20:59,,1
0000006428,0000006204,531,2026-03-25 01:33:58,,1
0000006429,0000006205,816,2017-12-21 23:49:40,,1
0000006430,0000006206,146,2019-06-15 06:16:22,,1
0000006431,0000006207,146,2025-07-04 19:55:28,,1
0000006432,0000006208,146,2018-03-23 06:50:32,,1
0000006433,0000006209,146,2019-04-03 03:36:22,,1
0000006434,0000006210,146,2018-11-11 11:57:30,,1
0000006435,0000006211,109,2016-03-24 07:34:22,,1
0000006436,0000006212,109,2017-03-24 09:39:44,,1
0000006437,0000006213,597,2022-01-04 02:34:42,,1
0000006438,0000006214,387,2019-11-28 10:47:38,,1
0000006439,0000006215,688,2022-11-17 06:53:05,,1
0000006440,0000006216,387,2024-02-22 18:45:18,,1
0000006441,0000006217,387,2024-04-14 20:10:02,,1
0000006442,0000006218,544,2015-11-26 09:00:40,,1
0000006443,0000006219,876,2020-11-19 12:22:00,,1
0000006444,0000006220,876,2021-03-21 10:32:54,,1
0000006445,0000006221,876,2015-10-20 11:55:23,,1
0000006446,0000006222,618,2017-11-11 20:59:40,,1
0000006447,0000006223,849,2020-03-25 03:46:10,,1
0000006448,0000006224,849,2015-09-25 07:35:12,,1
0000006449,0000006225,960,2025-04-30 19:20:10,,1
0000006450,0000006226,960,2025-12-26 05:54:31,,1
0000006451,0000006227,617,2026-05-15 01:02:59,,1
0000006452,0000006228,329,2021-05-04 13:37:54,,1
0000006453,0000006229,561,2024-09-06 07:02:07,,1
0000006454,0000006230,345,2026-05-08 03:02:00,,1
0000006455,0000006231,545,2017-02-16 02:07:37,,1
0000006456,0000006232,243,2016-08-12 14:43:41,,1
0000006457,0000006233,564,2021-07-25 22:01:35,,1
0000006458,0000006234,408,2017-02-10 18:35:03,,1
0000006459,0000006235,193,2024-05-30 16:29:01,,1
0000006460,0000006236,193,2025-08-27 09:43:13,,1
0000006461,0000006237,663,2016-01-25 13:37:43,,1
0000006462,0000006238,601,2025-01-27 12:47:56,,1
0000006463,0000006239,601,2019-01-28 09:28:06,,1
0000006464,0000006240,601,2019-12-27 11:33:18,,1
0000006465,0000006241,601,2020-11-04 12:00:35,,1
0000006466,0000006242,601,2022-02-24 19:55:38,,1
0000006467,0000006243,601,2022-05-27 03:13:08,,1
0000006468,0000006244,601,2022-04-14 07:18:43,,1
0000006469,0000006245,601,2025-08-24 11:30:08,,1
0000006470,0000006246,827,2017-09-29 19:06:24,,1
0000006471,0000006247,827,2018-09-07 08:36:10,,1
0000006472,0000006248,388,2021-02-06 12:55:55,,1
0000006473,0000006249,314,2021-09-18 11:19:46,,1
0000006474,0000006250,314,2017-12-20 22:47:38,,1
0000006475,0000006251,609,2020-06-24 22:31:32,,1
0000006476,0000006252,395,2019-12-09 04:40:51,,1
0000006477,0000006253,395,2019-08-26 15:33:13,,1
0000006478,0000006254,395,2026-06-26 15:42:07,,1
0000006479,0000006255,417,2021-02-20 09:30:11,,1
0000006480,0000006256,271,2025-05-16 01:12:59,,1
0000006481,0000006257,204,2019-11-07 13:07:42,,1
0000006482,0000006258,204,2017-04-03 07:58:05,,1
0000006483,0000006259,452,2019-05-10 15:45:53,,1
0000006484,0000006260,880,2017-08-14 20:52:30,,1
0000006485,0000006261,452,2015-12-06 17:06:00,,1
0000006486,0000006262,452,2017-12-14 05:17:41,,1
0000006487,0000006263,918,2022-05-10 10:00:35,,1
0000006488,0000006264,712,2020-07-25 06:17:25,,1
0000006489,0000006265,166,2018-09-16 15:49:39,,1
0000006490,0000006266,166,2019-07-02 05:34:26,,1
0000006491,0000006267,297,2019-11-08 17:03:37,,1
0000006492,0000006268,306,2019-03-13 21:02:34,,1
0000006493,0000006269,805,2022-11-30 11:53:56,,1
0000006494,0000006270,805,2018-02-21 08:46:31,,1
0000006495,0000006271,805,2026-01-09 21:28:56,,1
0000006496,0000006272,805,2022-10-10 21:32:35,,1
0000006497,0000006273,805,2019-12-20 12:37:36,,1
0000006498,0000006274,354,2017-07-25 08:54:19,,1
0000006499,0000006275,805,2023-11-17 17:23:06,,1
0000006500,0000006276,805,2023-07-08 19:54:15,,1
0000006501,0000006277,653,2021-02-08 00:04:46,2021-02-11 10:42:19,0
0000006502,0000006277,988,2021-02-11 10:42:19,,1
0000006503,0000006278,951,2024-12-08 19:41:12,,1
0000006504,0000006279,584,2021-10-07 10:23:11,,1
0000006505,0000006280,584,2022-10-04 15:37:29,,1
0000006506,0000006281,584,2019-08-25 19:23:05,,1
0000006507,0000006282,951,2025-04-09 19:39:47,,1
0000006508,0000006283,584,2023-07-22 17:33:09,,1
0000006509,0000006284,951,2026-05-20 14:28:45,,1
0000006510,0000006285,194,2020-10-23 21:51:25,,1
0000006511,0000006286,620,2019-05-09 14:14:41,,1
0000006512,0000006287,620,2016-04-03 22:19:23,,1
0000006513,0000006288,991,2023-08-05 02:16:10,,1
0000006514,0000006289,255,2020-01-19 08:07:48,,1
0000006515,0000006290,391,2018-10-24 12:30:02,,1
0000006516,0000006291,466,2024-05-10 06:36:26,,1
0000006517,0000006292,843,2026-04-05 00:02:43,,1
0000006518,0000006293,588,2023-12-25 05:32:39,,1
0000006519,0000006294,880,2021-08-01 08:45:17,,1
0000006520,0000006295,880,2018-03-24 13:21:08,,1
0000006521,0000006296,441,2017-03-16 07:31:30,,1
0000006522,0000006297,441,2017-12-24 13:04:55,2017-12-24 22:20:29,0
0000006523,0000006297,69,2017-12-24 22:20:29,,1
0000006524,0000006298,75,2022-10-30 02:15:41,,1
0000006525,0000006299,75,2016-12-29 14:48:04,,1
0000006526,0000006300,75,2024-01-09 01:16:13,,1
0000006527,0000006301,75,2022-08-29 21:22:27,,1
0000006528,0000006302,75,2021-07-10 23:21:32,,1
0000006529,0000006303,75,2026-02-10 14:19:54,,1
0000006530,0000006304,75,2023-05-16 11:57:33,,1
0000006531,0000006305,75,2022-04-20 03:54:10,,1
0000006532,0000006306,907,2021-03-30 13:42:05,,1
0000006533,0000006307,162,2021-03-07 19:49:07,,1
0000006534,0000006308,469,2020-04-05 22:14:52,,1
0000006535,0000006309,469,2021-10-18 00:34:59,,1
0000006536,0000006310,469,2022-08-19 15:36:10,,1
0000006537,0000006311,672,2026-03-29 15:39:26,,1
0000006538,0000006312,672,2019-05-10 16:21:44,,1
0000006539,0000006313,462,2018-12-22 09:28:07,,1
0000006540,0000006314,462,2018-12-17 05:21:12,,1
0000006541,0000006315,597,2017-10-08 04:09:54,,1
0000006542,0000006316,597,2019-01-15 07:00:49,,1
0000006543,0000006317,597,2023-05-25 22:04:51,,1
0000006544,0000006318,597,2016-08-16 00:37:15,,1
0000006545,0000006319,597,2020-10-21 21:21:20,,1
0000006546,0000006320,597,2025-05-28 15:42:49,,1
0000006547,0000006321,597,2016-03-12 18:41:20,,1
0000006548,0000006322,597,2016-03-31 09:34:59,,1
0000006549,0000006323,911,2024-09-05 10:59:47,,1
0000006550,0000006324,347,2017-12-04 03:20:13,,1
0000006551,0000006325,347,2025-07-06 17:49:08,,1
0000006552,0000006326,347,2022-11-14 18:57:27,,1
0000006553,0000006327,347,2020-06-17 16:21:28,2020-06-21 01:52:25,0
0000006554,0000006327,481,2020-06-21 01:52:25,,1
0000006555,0000006328,347,2026-02-03 12:57:34,,1
0000006556,0000006329,23,2021-06-29 12:29:38,,1
0000006557,0000006330,23,2018-11-15 05:57:12,,1
0000006558,0000006331,23,2024-04-01 10:18:45,,1
0000006559,0000006332,452,2018-10-21 01:46:48,,1
0000006560,0000006333,452,2023-09-21 02:42:20,,1
0000006561,0000006334,452,2021-07-03 11:12:53,,1
0000006562,0000006335,452,2018-02-05 22:05:36,,1
0000006563,0000006336,452,2022-10-19 01:34:59,,1
0000006564,0000006337,921,2025-07-25 03:37:18,,1
0000006565,0000006338,921,2026-10-01 14:35:30,,1
0000006566,0000006339,921,2019-02-16 22:58:05,,1
0000006567,0000006340,921,2016-12-28 19:00:19,,1
0000006568,0000006341,921,2022-06-03 17:59:23,,1
0000006569,0000006342,921,2019-11-02 19:41:45,,1
0000006570,0000006343,921,2023-07-06 01:18:52,,1
0000006571,0000006344,921,2017-12-07 07:15:52,,1
0000006572,0000006345,58,2023-01-09 13:51:17,,1
0000006573,0000006346,73,2020-05-15 12:10:10,,1
0000006574,0000006347,241,2022-01-24 10:45:26,,1
0000006575,0000006348,817,2017-08-12 00:48:30,,1
0000006576,0000006349,845,2020-05-16 12:34:54,,1
0000006577,0000006350,52,2016-01-26 05:44:50,,1
0000006578,0000006351,459,2023-05-18 18:54:19,,1
0000006579,0000006352,645,2025-02-20 15:11:16,,1
0000006580,0000006353,705,2026-07-18 22:51:00,,1
0000006581,0000006354,578,2026-08-24 06:02:45,,1
0000006582,0000006355,801,2020-10-11 18:39:39,,1
0000006583,0000006356,705,2024-05-07 19:50:32,,1
0000006584,0000006357,801,2019-04-29 15:08:50,,1
0000006585,0000006358,693,2018-04-21 06:39:50,,1
0000006586,0000006359,990,2020-03-30 14:57:00,,1
0000006587,0000006360,653,2019-03-21 11:39:37,,1
0000006588,0000006361,876,2019-09-01 11:05:07,,1
0000006589,0000006362,876,2022-07-14 17:37:01,,1
0000006590,0000006363,876,2021-10-15 19:04:58,,1
0000006591,0000006364,876,2022-12-13 14:35:49,,1
0000006592,0000006365,278,2018-12-02 22:48:39,,1
0000006593,0000006366,876,2019-05-31 15:06:02,2019-06-01 22:38:05,0
0000006594,0000006366,482,2019-06-01 22:38:05,,1
0000006595,0000006367,705,2023-09-22 15:47:07,,1
0000006596,0000006368,876,2022-02-27 01:01:05,,1
0000006597,0000006369,876,2023-03-02 11:17:11,,1
0000006598,0000006370,876,2015-08-12 21:40:03,,1
0000006599,0000006371,7,2022-04-28 14:16:14,,1
0000006600,0000006372,107,2018-09-19 03:57:30,,1
0000006601,0000006373,180,2020-10-16 10:05:30,,1
0000006602,0000006374,180,2025-08-05 19:16:49,,1
0000006603,0000006375,226,2022-01-10 02:24:51,,1
0000006604,0000006376,226,2025-10-17 11:26:51,,1
0000006605,0000006377,226,2021-09-16 13:27:17,,1
0000006606,0000006378,226,2016-02-26 12:03:56,,1
0000006607,0000006379,226,2023-05-20 00:40:47,,1
0000006608,0000006380,518,2016-03-18 09:47:17,,1
0000006609,0000006381,931,2021-11-17 10:13:10,,1
0000006610,0000006382,931,2019-09-22 08:18:37,,1
0000006611,0000006383,931,2026-02-23 10:00:18,,1
0000006612,0000006384,931,2021-04-25 10:16:15,,1
0000006613,0000006385,1000,2022-12-31 19:25:15,,1
0000006614,0000006386,313,2021-12-15 20:17:38,,1
0000006615,0000006387,313,2025-04-15 02:27:19,,1
0000006616,0000006388,881,2017-11-12 18:54:44,,1
0000006617,0000006389,971,2024-07-20 19:35:40,,1
0000006618,0000006390,971,2018-04-02 06:58:22,,1
0000006619,0000006391,556,2025-04-25 03:40:55,,1
0000006620,0000006392,587,2019-10-19 16:27:19,,1
0000006621,0000006393,950,2026-04-28 07:22:03,,1
0000006622,0000006394,743,2021-09-25 10:11:23,,1
0000006623,0000006395,743,2021-06-26 20:48:18,,1
0000006624,0000006396,378,2017-01-23 02:06:29,,1
0000006625,0000006397,44,2020-03-09 17:52:57,,1
0000006626,0000006398,44,2019-11-15 23:12:24,,1
0000006627,0000006399,44,2020-11-06 12:08:21,,1
0000006628,0000006400,389,2022-02-27 00:20:37,,1
0000006629,0000006401,44,2020-12-17 22:02:15,2020-12-18 16:32:00,0
0000006630,0000006401,809,2020-12-18 16:32:00,,1
0000006631,0000006402,44,2023-11-19 00:50:09,,1
0000006632,0000006403,44,2026-03-01 23:56:58,,1
0000006633,0000006404,44,2019-07-29 11:34:26,,1
0000006634,0000006405,44,2023-11-15 16:36:05,,1
0000006635,0000006406,44,2020-11-04 14:10:28,,1
0000006636,0000006407,95,2019-01-04 02:30:01,,1
0000006637,0000006408,44,2024-02-04 20:11:45,,1
0000006638,0000006409,718,2019-06-10 03:32:44,,1
0000006639,0000006410,718,2019-08-02 19:43:16,,1
0000006640,0000006411,387,2019-05-06 17:56:30,,1
0000006641,0000006412,387,2018-07-15 08:50:30,,1
0000006642,0000006413,387,2017-10-14 08:55:26,,1
0000006643,0000006414,387,2016-03-11 03:54:32,,1
0000006644,0000006415,387,2019-04-04 18:49:18,,1
0000006645,0000006416,894,2016-09-28 20:15:44,,1
0000006646,0000006417,387,2019-07-09 04:12:13,,1
0000006647,0000006418,387,2019-01-24 16:51:29,,1
0000006648,0000006419,229,2021-09-30 12:33:14,,1
0000006649,0000006420,229,2025-02-20 10:01:00,,1
0000006650,0000006421,894,2024-02-01 08:50:54,,1
0000006651,0000006422,158,2020-10-02 07:12:16,,1
0000006652,0000006423,229,2024-10-19 05:56:25,,1
0000006653,0000006424,412,2020-10-18 22:46:31,,1
0000006654,0000006425,229,2021-10-19 13:59:10,,1
0000006655,0000006426,229,2020-05-28 22:15:58,,1
0000006656,0000006427,803,2021-02-11 01:37:30,,1
0000006657,0000006428,552,2021-07-15 15:08:20,,1
0000006658,0000006429,552,2016-11-14 18:32:53,,1
0000006659,0000006430,888,2021-03-11 22:38:03,,1
0000006660,0000006431,911,2017-12-29 23:13:14,,1
0000006661,0000006432,782,2022-08-29 22:58:47,,1
0000006662,0000006433,858,2025-03-13 05:06:58,,1
0000006663,0000006434,654,2018-12-10 20:00:33,,1
0000006664,0000006435,412,2024-02-22 00:11:30,,1
0000006665,0000006436,223,2022-12-15 11:26:16,,1
0000006666,0000006437,223,2025-07-13 20:42:55,,1
0000006667,0000006438,223,2021-12-20 22:56:20,,1
0000006668,0000006439,47,2022-08-12 22:58:29,,1
0000006669,0000006440,223,2019-02-13 01:06:41,,1
0000006670,0000006441,815,2022-01-23 02:44:15,,1
0000006671,0000006442,678,2023-10-23 20:34:39,,1
0000006672,0000006443,370,2025-12-21 18:36:19,,1
0000006673,0000006444,540,2021-02-02 04:23:38,,1
0000006674,0000006445,225,2021-10-13 02:11:40,,1
0000006675,0000006446,225,2020-12-15 16:03:53,,1
0000006676,0000006447,225,2020-03-07 09:38:56,2020-03-09 03:31:36,0
0000006677,0000006447,171,2020-03-09 03:31:36,,1
0000006678,0000006448,52,2019-08-09 12:27:55,,1
0000006679,0000006449,225,2019-05-13 04:12:05,,1
0000006680,0000006450,225,2020-04-01 17:34:56,,1
0000006681,0000006451,225,2018-08-17 07:20:36,,1
0000006682,0000006452,225,2019-01-02 09:05:16,,1
0000006683,0000006453,6,2018-11-23 09:21:38,,1
0000006684,0000006454,6,2026-03-19 10:46:56,,1
0000006685,0000006455,6,2018-08-10 00:14:20,,1
0000006686,0000006456,6,2023-03-21 17:49:17,,1
0000006687,0000006457,6,2019-12-03 12:42:10,2019-12-03 19:03:29,0
0000006688,0000006457,529,2019-12-03 19:03:29,,1
0000006689,0000006458,894,2025-04-16 23:28:36,,1
0000006690,0000006459,894,2018-10-09 02:51:41,,1
0000006691,0000006460,894,2019-02-22 20:11:42,,1
0000006692,0000006461,894,2026-07-12 03:55:58,,1
0000006693,0000006462,406,2016-02-26 03:21:05,,1
0000006694,0000006463,908,2017-06-26 23:39:26,,1
0000006695,0000006464,908,2017-03-23 19:02:41,,1
0000006696,0000006465,908,2024-04-05 02:46:09,,1
0000006697,0000006466,908,2016-12-15 10:30:53,,1
0000006698,0000006467,908,2018-01-09 13:54:17,,1
0000006699,0000006468,786,2020-01-12 08:24:57,,1
0000006700,0000006469,579,2017-05-23 17:48:21,,1
0000006701,0000006470,786,2019-08-14 07:12:06,,1
0000006702,0000006471,786,2021-06-20 11:25:56,,1
0000006703,0000006472,786,2019-08-11 19:11:00,,1
0000006704,0000006473,182,2019-05-16 12:10:43,,1
0000006705,0000006474,418,2016-06-18 19:34:27,,1
0000006706,0000006475,985,2026-01-04 03:44:01,,1
0000006707,0000006476,920,2022-01-04 08:19:59,,1
0000006708,0000006477,774,2021-02-03 09:00:59,,1
0000006709,0000006478,774,2018-03-03 11:40:52,,1
0000006710,0000006479,645,2024-10-05 08:22:09,,1
0000006711,0000006480,355,2023-10-22 17:47:00,,1
0000006712,0000006481,774,2022-08-18 20:51:10,,1
0000006713,0000006482,273,2021-05-24 11:06:14,,1
0000006714,0000006483,273,2022-03-14 15:11:13,,1
0000006715,0000006484,273,2024-11-13 06:14:56,,1
0000006716,0000006485,273,2021-10-28 06:52:48,,1
0000006717,0000006486,273,2021-03-19 14:09:48,,1
0000006718,0000006487,874,2018-10-15 22:42:57,,1
0000006719,0000006488,874,2019-04-08 02:08:52,,1
0000006720,0000006489,386,2015-02-18 20:59:42,,1
0000006721,0000006490,210,2023-02-26 05:55:02,,1
0000006722,0000006491,312,2019-04-01 05:38:23,,1
0000006723,0000006492,312,2019-05-07 10:22:44,,1
0000006724,0000006493,703,2024-06-04 07:05:30,,1
0000006725,0000006494,703,2020-11-06 21:28:14,,1
0000006726,0000006495,421,2016-01-17 00:44:27,,1
0000006727,0000006496,421,2024-10-09 18:51:16,,1
0000006728,0000006497,421,2024-05-03 23:54:43,,1
0000006729,0000006498,421,2022-07-22 03:13:58,,1
0000006730,0000006499,421,2023-05-12 01:59:36,,1
0000006731,0000006500,796,2022-07-01 23:46:15,,1
0000006732,0000006501,796,2025-08-22 03:04:49,,1
0000006733,0000006502,796,2017-12-24 06:24:56,,1
0000006734,0000006503,171,2025-12-04 21:04:31,,1
0000006735,0000006504,548,2020-02-29 21:43:15,,1
0000006736,0000006505,548,2022-05-23 14:33:17,,1
0000006737,0000006506,548,2025-04-19 15:25:12,,1
0000006738,0000006507,548,2024-12-05 07:30:42,,1
0000006739,0000006508,310,2025-04-26 04:37:50,2025-04-27 10:48:49,0
0000006740,0000006508,797,2025-04-27 10:48:49,,1
0000006741,0000006509,548,2020-10-29 09:50:59,,1
0000006742,0000006510,955,2023-01-15 06:41:28,,1
0000006743,0000006511,548,2021-12-11 00:19:47,,1
0000006744,0000006512,1,2024-10-24 06:27:30,,1
0000006745,0000006513,1,2018-02-21 06:43:28,,1
0000006746,0000006514,1,2018-09-07 12:15:45,,1
0000006747,0000006515,1,2024-01-24 10:40:36,,1
0000006748,0000006516,1,2024-11-20 02:53:22,,1
0000006749,0000006517,1,2019-11-26 10:40:46,,1
0000006750,0000006518,1,2020-11-22 12:11:49,,1
0000006751,0000006519,1,2024-05-17 02:07:07,,1
0000006752,0000006520,1,2021-01-11 11:07:01,,1
0000006753,0000006521,1,2017-11-18 04:45:12,,1
0000006754,0000006522,1,2023-01-13 11:23:58,,1
0000006755,0000006523,413,2022-10-22 10:01:10,,1
0000006756,0000006524,413,2022-12-19 06:02:04,,1
0000006757,0000006525,910,2026-09-15 03:03:09,,1
0000006758,0000006526,105,2025-04-26 13:42:22,,1
0000006759,0000006527,413,2019-12-18 19:04:55,,1
0000006760,0000006528,100,2021-02-04 07:31:42,,1
0000006761,0000006529,100,2019-02-25 02:23:08,,1
0000006762,0000006530,584,2019-02-08 14:12:21,,1
0000006763,0000006531,584,2018-05-26 07:02:27,,1
0000006764,0000006532,584,2024-10-06 04:31:04,,1
0000006765,0000006533,900,2018-06-01 23:27:54,,1
0000006766,0000006534,900,2023-11-12 21:58:27,,1
0000006767,0000006535,382,2024-11-05 14:33:58,,1
0000006768,0000006536,382,2024-11-27 10:26:26,,1
0000006769,0000006537,382,2020-05-21 13:34:04,,1
0000006770,0000006538,311,2019-07-28 13:55:16,,1
0000006771,0000006539,311,2023-08-30 10:18:43,,1
0000006772,0000006540,496,2020-05-20 18:42:55,,1
0000006773,0000006541,496,2021-03-20 03:16:40,,1
0000006774,0000006542,387,2024-03-17 07:02:32,,1
0000006775,0000006543,387,2024-08-23 09:25:09,,1
0000006776,0000006544,626,2018-10-28 07:47:14,,1
0000006777,0000006545,626,2019-05-12 11:14:41,,1
0000006778,0000006546,483,2018-03-02 03:35:58,,1
0000006779,0000006547,626,2018-05-16 19:11:15,,1
0000006780,0000006548,626,2019-03-06 10:31:02,,1
0000006781,0000006549,242,2020-09-13 10:33:12,,1
0000006782,0000006550,323,2024-10-02 05:55:25,,1
0000006783,0000006551,957,2022-10-23 13:42:57,,1
0000006784,0000006552,296,2016-11-06 13:20:35,,1
0000006785,0000006553,501,2020-07-06 11:27:34,,1
0000006786,0000006554,224,2018-05-20 00:04:59,,1
0000006787,0000006555,946,2020-09-06 04:27:37,,1
0000006788,0000006556,946,2023-10-29 19:23:17,,1
0000006789,0000006557,568,2025-10-04 11:49:37,,1
0000006790,0000006558,416,2020-04-19 01:58:07,,1
0000006791,0000006559,145,2024-07-10 10:47:12,,1
0000006792,0000006560,826,2023-10-24 10:32:27,,1
0000006793,0000006561,965,2024-06-28 06:51:21,,1
0000006794,0000006562,720,2021-12-23 16:32:04,,1
0000006795,0000006563,86,2021-06-07 09:48:17,,1
0000006796,0000006564,534,2020-01-03 13:49:25,,1
0000006797,0000006565,487,2017-04-06 15:43:31,,1
0000006798,0000006566,937,2021-09-26 00:03:09,,1
0000006799,0000006567,525,2022-04-22 20:03:04,,1
0000006800,0000006568,761,2020-01-18 08:03:19,,1
0000006801,0000006569,761,2018-06-28 04:42:35,,1
0000006802,0000006570,761,2019-09-21 08:37:41,,1
0000006803,0000006571,366,2025-07-07 19:29:47,,1
0000006804,0000006572,388,2026-03-27 21:18:12,,1
0000006805,0000006573,761,2024-04-14 02:32:16,,1
0000006806,0000006574,761,2020-08-25 12:33:23,,1
0000006807,0000006575,761,2024-09-10 09:08:09,,1
0000006808,0000006576,781,2020-03-12 05:59:17,,1
0000006809,0000006577,546,2018-06-17 00:10:14,,1
0000006810,0000006578,546,2021-06-28 00:16:09,,1
0000006811,0000006579,546,2021-03-15 19:01:35,,1
0000006812,0000006580,546,2021-11-25 20:50:37,,1
0000006813,0000006581,738,2019-02-09 20:46:47,,1
0000006814,0000006582,98,2018-04-20 00:07:17,,1
0000006815,0000006583,74,2024-04-23 16:52:54,,1
0000006816,0000006584,930,2022-03-25 22:04:22,,1
0000006817,0000006585,930,2020-09-18 18:09:59,,1
0000006818,0000006586,814,2023-12-02 16:33:09,,1
0000006819,0000006587,814,2022-04-03 01:08:35,,1
0000006820,0000006588,108,2022-02-06 18:29:53,,1
0000006821,0000006589,515,2024-03-14 02:46:10,,1
0000006822,0000006590,504,2018-05-06 18:14:19,,1
0000006823,0000006591,504,2018-06-08 09:28:28,,1
0000006824,0000006592,504,2018-05-23 01:35:27,,1
0000006825,0000006593,504,2018-05-05 03:24:07,,1
0000006826,0000006594,504,2018-04-26 03:35:21,,1
0000006827,0000006595,985,2023-11-20 09:34:08,,1
0000006828,0000006596,985,2021-02-10 07:08:50,,1
0000006829,0000006597,767,2025-02-08 08:34:40,,1
0000006830,0000006598,125,2018-08-15 23:25:18,,1
0000006831,0000006599,125,2020-12-26 07:12:39,,1
0000006832,0000006600,518,2015-03-05 09:58:46,,1
0000006833,0000006601,662,2016-05-20 01:36:29,,1
0000006834,0000006602,662,2018-11-02 13:13:17,,1
0000006835,0000006603,662,2025-06-26 11:29:03,,1
0000006836,0000006604,61,2018-03-11 07:35:52,,1
0000006837,0000006605,566,2018-05-28 18:33:48,,1
0000006838,0000006606,61,2023-03-18 00:23:47,,1
0000006839,0000006607,61,2023-10-23 03:39:05,,1
0000006840,0000006608,61,2020-12-08 22:54:00,,1
0000006841,0000006609,362,2020-11-17 19:09:12,,1
0000006842,0000006610,61,2018-03-23 18:23:11,,1
0000006843,0000006611,61,2021-03-01 12:58:51,,1
0000006844,0000006612,973,2019-08-12 13:35:27,,1
0000006845,0000006613,336,2026-04-09 19:23:47,,1
0000006846,0000006614,336,2021-06-25 02:07:24,,1
0000006847,0000006615,336,2024-04-14 08:54:29,,1
0000006848,0000006616,336,2024-09-29 02:20:17,,1
0000006849,0000006617,212,2020-02-12 12:53:15,2020-02-13 07:33:53,0
0000006850,0000006617,714,2020-02-13 07:33:53,,1
0000006851,0000006618,522,2021-11-24 13:21:38,,1
0000006852,0000006619,522,2022-05-12 21:48:06,,1
0000006853,0000006620,522,2022-03-04 16:00:42,,1
0000006854,0000006621,367,2017-10-05 09:53:38,,1
0000006855,0000006622,690,2023-07-13 15:11:51,,1
0000006856,0000006623,522,2020-09-12 00:14:46,,1
0000006857,0000006624,522,2019-05-15 13:52:20,,1
0000006858,0000006625,738,2023-05-24 17:18:42,2023-05-27 04:30:09,0
0000006859,0000006625,988,2023-05-27 04:30:09,,1
0000006860,0000006626,62,2018-06-26 15:58:59,,1
0000006861,0000006627,343,2016-05-25 08:24:53,,1
0000006862,0000006628,403,2022-01-14 13:54:35,,1
0000006863,0000006629,403,2022-06-16 09:36:07,,1
0000006864,0000006630,403,2019-08-08 19:12:22,,1
0000006865,0000006631,403,2024-09-17 21:36:30,,1
0000006866,0000006632,403,2018-04-05 07:40:39,,1
0000006867,0000006633,530,2023-10-10 00:30:11,,1
0000006868,0000006634,403,2022-03-04 07:55:29,,1
0000006869,0000006635,403,2019-10-24 23:05:47,,1
0000006870,0000006636,29,2016-04-28 13:45:34,,1
0000006871,0000006637,988,2024-07-01 01:58:53,,1
0000006872,0000006638,303,2019-11-03 19:52:02,,1
0000006873,0000006639,989,2019-10-01 02:42:09,,1
0000006874,0000006640,915,2021-01-21 15:47:37,,1
0000006875,0000006641,915,2019-04-10 00:41:54,,1
0000006876,0000006642,915,2020-11-09 16:32:12,,1
0000006877,0000006643,915,2019-05-04 16:54:01,,1
0000006878,0000006644,915,2024-12-13 18:57:25,,1
0000006879,0000006645,194,2022-06-01 07:35:51,,1
0000006880,0000006646,194,2019-06-03 09:06:21,2019-06-07 22:05:12,0
0000006881,0000006646,547,2019-06-07 22:05:12,,1
0000006882,0000006647,465,2026-05-30 21:04:38,,1
0000006883,0000006648,590,2015-11-01 15:38:34,,1
0000006884,0000006649,590,2015-10-28 04:48:24,,1
0000006885,0000006650,178,2019-01-27 17:44:50,,1
0000006886,0000006651,178,2018-08-17 20:57:01,,1
0000006887,0000006652,465,2024-06-25 20:05:26,,1
0000006888,0000006653,767,2016-06-10 05:35:29,,1
0000006889,0000006654,465,2025-02-19 20:07:40,,1
0000006890,0000006655,658,2024-12-02 00:48:03,,1
0000006891,0000006656,658,2016-09-08 13:03:01,,1
0000006892,0000006657,205,2019-12-12 13:52:44,,1
0000006893,0000006658,208,2024-06-28 16:13:46,,1
0000006894,0000006659,208,2025-08-01 09:18:07,2025-08-04 21:27:47,0
0000006895,0000006659,305,2025-08-04 21:27:47,,1
0000006896,0000006660,208,2021-09-10 14:40:47,,1
0000006897,0000006661,208,2026-07-19 00:09:47,,1
0000006898,0000006662,552,2020-12-24 04:41:31,,1
0000006899,0000006663,211,2024-02-16 07:56:23,,1
0000006900,0000006664,506,2022-06-25 01:23:13,,1
0000006901,0000006665,506,2018-03-02 15:40:57,,1
0000006902,0000006666,211,2023-08-26 04:33:00,,1
0000006903,0000006667,506,2022-06-08 18:20:41,,1
0000006904,0000006668,710,2019-06-12 08:18:15,,1
0000006905,0000006669,562,2026-08-10 06:02:18,,1
0000006906,0000006670,211,2024-05-07 09:58:06,,1
0000006907,0000006671,258,2023-02-12 13:47:11,,1
0000006908,0000006672,15,2017-01-15 11:13:48,,1
0000006909,0000006673,198,2018-05-01 14:31:13,,1
0000006910,0000006674,198,2020-07-22 19:28:57,,1
0000006911,0000006675,198,2018-01-02 05:48:48,,1
0000006912,0000006676,525,2024-11-18 13:19:04,,1
0000006913,0000006677,198,2019-04-20 20:19:41,,1
0000006914,0000006678,198,2016-10-14 00:57:30,,1
0000006915,0000006679,525,2025-01-28 17:55:55,,1
0000006916,0000006680,198,2018-12-04 22:29:46,,1
0000006917,0000006681,137,2019-08-28 00:20:23,,1
0000006918,0000006682,725,2026-07-19 00:58:26,,1
0000006919,0000006683,731,2017-04-18 14:50:00,,1
0000006920,0000006684,381,2018-10-31 00:24:25,,1
0000006921,0000006685,637,2021-01-11 08:31:19,,1
0000006922,0000006686,517,2022-03-20 01:10:03,,1
0000006923,0000006687,602,2024-02-23 12:20:53,,1
0000006924,0000006688,611,2023-09-20 01:06:46,,1
0000006925,0000006689,853,2018-09-05 12:38:57,,1
0000006926,0000006690,442,2020-11-28 04:35:42,,1
0000006927,0000006691,442,2022-09-02 00:27:19,,1
0000006928,0000006692,409,2019-08-16 15:13:50,,1
0000006929,0000006693,950,2019-02-14 23:18:00,,1
0000006930,0000006694,420,2022-07-11 10:57:52,,1
0000006931,0000006695,420,2024-07-28 02:32:45,,1
0000006932,0000006696,420,2019-04-30 12:34:21,,1
0000006933,0000006697,304,2016-10-31 16:17:16,,1
0000006934,0000006698,62,2021-05-26 16:32:00,,1
0000006935,0000006699,979,2016-09-09 11:47:26,,1
0000006936,0000006700,979,2019-06-09 21:57:42,,1
0000006937,0000006701,751,2020-09-16 04:19:55,,1
0000006938,0000006702,554,2019-08-23 07:47:47,,1
0000006939,0000006703,146,2022-05-22 03:09:04,,1
0000006940,0000006704,508,2019-09-03 23:57:03,,1
0000006941,0000006705,466,2023-07-02 22:44:39,,1
0000006942,0000006706,778,2025-05-10 13:17:38,,1
0000006943,0000006707,148,2021-12-11 13:16:18,,1
0000006944,0000006708,277,2023-01-29 01:34:10,,1
0000006945,0000006709,277,2023-10-24 13:32:30,,1
0000006946,0000006710,385,2025-10-02 21:19:29,,1
0000006947,0000006711,668,2020-03-29 13:56:04,,1
0000006948,0000006712,398,2024-09-30 05:16:42,,1
0000006949,0000006713,979,2018-11-13 22:07:41,,1
0000006950,0000006714,930,2023-01-14 17:51:06,,1
0000006951,0000006715,930,2020-03-11 03:41:09,,1
0000006952,0000006716,930,2019-02-28 06:41:00,,1
0000006953,0000006717,930,2023-03-06 14:25:51,,1
0000006954,0000006718,266,2020-05-13 04:17:06,,1
0000006955,0000006719,508,2025-03-18 12:16:11,,1
0000006956,0000006720,971,2021-07-12 20:42:47,,1
0000006957,0000006721,635,2023-02-10 07:04:27,,1
0000006958,0000006722,623,2021-06-16 07:49:13,,1
0000006959,0000006723,623,2021-02-14 03:16:43,,1
0000006960,0000006724,41,2024-04-11 19:27:28,,1
0000006961,0000006725,41,2026-01-22 20:26:00,,1
0000006962,0000006726,968,2020-12-29 03:24:13,,1
0000006963,0000006727,968,2021-01-23 17:40:25,,1
0000006964,0000006728,41,2025-11-27 17:32:44,,1
0000006965,0000006729,281,2017-10-27 21:45:05,,1
0000006966,0000006730,443,2020-11-25 07:04:30,,1
0000006967,0000006731,443,2023-07-21 11:38:00,,1
0000006968,0000006732,123,2026-07-16 00:48:00,,1
0000006969,0000006733,443,2023-09-20 21:26:37,,1
0000006970,0000006734,205,2019-09-22 20:04:24,,1
0000006971,0000006735,205,2018-11-26 20:13:30,,1
0000006972,0000006736,836,2024-04-04 04:23:21,,1
0000006973,0000006737,205,2023-12-14 19:41:34,,1
0000006974,0000006738,205,2022-01-30 03:04:15,,1
0000006975,0000006739,780,2026-05-24 22:26:32,,1
0000006976,0000006740,780,2021-02-03 23:54:55,,1
0000006977,0000006741,780,2019-09-19 13:54:07,,1
0000006978,0000006742,780,2023-04-16 20:15:31,,1
0000006979,0000006743,570,2018-06-05 22:56:20,,1
0000006980,0000006744,562,2020-04-01 07:13:32,,1
0000006981,0000006745,47,2024-06-05 08:38:22,,1
0000006982,0000006746,534,2025-12-01 14:52:17,,1
0000006983,0000006747,5,2018-10-11 15:37:38,,1
0000006984,0000006748,687,2023-01-01 21:23:39,,1
0000006985,0000006749,5,2021-08-20 06:57:04,,1
0000006986,0000006750,5,2018-09-30 02:28:28,,1
0000006987,0000006751,5,2020-06-21 09:57:17,,1
0000006988,0000006752,5,2018-01-09 11:26:41,,1
0000006989,0000006753,594,2021-11-29 18:10:23,,1
0000006990,0000006754,143,2017-02-04 20:07:11,,1
0000006991,0000006755,143,2019-10-14 16:30:55,,1
0000006992,0000006756,143,2017-03-07 13:19:19,,1
0000006993,0000006757,398,2017-03-16 02:26:53,,1
0000006994,0000006758,398,2017-02-13 21:00:49,,1
0000006995,0000006759,836,2019-10-22 16:51:23,,1
0000006996,0000006760,996,2025-08-04 17:08:58,,1
0000006997,0000006761,836,2018-08-23 02:15:03,,1
0000006998,0000006762,244,2025-05-20 12:05:06,2025-05-23 11:11:08,0
0000006999,0000006762,49,2025-05-23 11:11:08,,1
0000007000,0000006763,866,2023-12-04 19:02:47,,1
0000007001,0000006764,976,2016-06-10 05:33:17,,1
0000007002,0000006765,240,2016-06-09 17:21:56,,1
0000007003,0000006766,74,2016-06-17 17:15:57,,1
0000007004,0000006767,338,2025-12-29 09:07:32,,1
0000007005,0000006768,338,2026-04-08 09:18:23,,1
0000007006,0000006769,338,2018-12-27 01:10:15,,1
0000007007,0000006770,338,2023-07-03 18:08:22,,1
0000007008,0000006771,338,2026-01-16 01:01:35,,1
0000007009,0000006772,120,2025-01-10 08:57:27,,1
0000007010,0000006773,338,2019-03-09 11:16:12,,1
0000007011,0000006774,338,2023-04-07 03:58:19,,1
0000007012,0000006775,13,2020-01-12 18:37:58,,1
0000007013,0000006776,13,2019-10-18 14:59:16,,1
0000007014,0000006777,71,2025-06-08 15:58:32,,1
0000007015,0000006778,357,2019-12-29 17:50:22,,1
0000007016,0000006779,13,2022-02-24 06:08:01,,1
0000007017,0000006780,71,2023-04-30 18:40:32,2023-05-01 06:18:09,0
0000007018,0000006780,185,2023-05-01 06:18:09,,1
0000007019,0000006781,71,2022-10-30 13:11:50,,1
0000007020,0000006782,13,2019-02-06 17:26:01,,1
0000007021,0000006783,435,2022-02-21 06:58:25,,1
0000007022,0000006784,142,2023-04-19 12:07:38,,1
0000007023,0000006785,142,2025-09-10 11:27:48,,1
0000007024,0000006786,274,2026-06-05 13:16:45,,1
0000007025,0000006787,544,2018-08-26 10:27:53,,1
0000007026,0000006788,479,2024-07-31 12:50:46,,1
0000007027,0000006789,479,2016-04-15 09:40:12,,1
0000007028,0000006790,479,2022-01-11 06:48:03,,1
0000007029,0000006791,164,2023-06-11 20:10:59,,1
0000007030,0000006792,635,2024-05-08 16:30:41,,1
0000007031,0000006793,622,2018-12-08 01:14:20,,1
0000007032,0000006794,382,2015-10-13 21:34:34,,1
0000007033,0000006795,563,2025-10-30 11:00:11,,1
0000007034,0000006796,563,2018-04-23 06:59:53,,1
0000007035,0000006797,563,2019-02-22 20:48:09,,1
0000007036,0000006798,563,2023-09-30 23:40:37,,1
0000007037,0000006799,998,2026-08-27 06:49:11,,1
0000007038,0000006800,349,2023-12-21 11:38:44,,1
0000007039,0000006801,63,2024-05-28 18:11:31,,1
0000007040,0000006802,63,2022-02-25 17:19:36,,1
0000007041,0000006803,89,2024-02-09 11:02:21,,1
0000007042,0000006804,360,2019-12-19 22:41:41,,1
0000007043,0000006805,405,2019-06-14 03:17:55,,1
0000007044,0000006806,733,2022-01-13 12:41:48,,1
0000007045,0000006807,733,2019-07-11 13:09:18,,1
0000007046,0000006808,384,2025-04-22 13:34:48,,1
0000007047,0000006809,733,2022-11-13 16:27:51,,1
0000007048,0000006810,994,2019-11-10 13:20:27,,1
0000007049,0000006811,994,2018-01-27 11:49:07,2018-01-29 00:23:40,0
0000007050,0000006811,773,2018-01-29 00:23:40,,1
0000007051,0000006812,876,2026-06-08 05:56:13,,1
0000007052,0000006813,814,2022-06-26 03:24:41,,1
0000007053,0000006814,873,2026-02-15 09:50:29,,1
0000007054,0000006815,8,2025-07-14 03:58:26,,1
0000007055,0000006816,243,2022-02-04 00:43:05,,1
0000007056,0000006817,243,2019-09-28 22:21:23,,1
0000007057,0000006818,241,2023-04-11 23:09:46,,1
0000007058,0000006819,241,2022-10-06 05:46:48,,1
0000007059,0000006820,57,2020-06-12 15:51:45,,1
0000007060,0000006821,188,2022-10-15 14:20:32,,1
0000007061,0000006822,188,2022-03-23 07:42:20,,1
0000007062,0000006823,188,2016-10-09 13:03:49,,1
0000007063,0000006824,188,2022-10-04 07:58:16,,1
0000007064,0000006825,188,2015-10-04 07:35:38,,1
0000007065,0000006826,188,2016-09-08 01:33:09,,1
0000007066,0000006827,188,2023-02-11 11:23:04,,1
0000007067,0000006828,188,2022-08-05 21:52:44,2022-08-08 01:57:50,0
0000007068,0000006828,635,2022-08-08 01:57:50,,1
0000007069,0000006829,980,2020-03-01 21:48:55,,1
0000007070,0000006830,593,2018-06-26 06:44:30,,1
0000007071,0000006831,899,2022-11-24 17:57:02,,1
0000007072,0000006832,655,2025-08-27 15:44:56,,1
0000007073,0000006833,164,2018-05-22 21:27:07,,1
0000007074,0000006834,164,2018-02-22 09:09:42,,1
0000007075,0000006835,495,2018-03-09 22:51:54,2018-03-14 04:45:13,0
0000007076,0000006835,280,2018-03-14 04:45:13,,1
0000007077,0000006836,309,2020-07-31 03:33:45,,1
0000007078,0000006837,309,2019-07-25 10:57:07,,1
0000007079,0000006838,309,2025-03-05 09:21:43,,1
0000007080,0000006839,309,2021-06-26 18:52:34,,1
0000007081,0000006840,309,2023-04-30 19:51:19,,1
0000007082,0000006841,330,2020-11-18 00:07:20,,1
0000007083,0000006842,580,2016-09-16 16:56:25,,1
0000007084,0000006843,155,2017-03-20 03:40:41,,1
0000007085,0000006844,146,2018-09-30 07:42:14,,1
0000007086,0000006845,620,2017-07-21 18:46:15,,1
0000007087,0000006846,708,2022-05-30 03:26:56,,1
0000007088,0000006847,708,2025-12-30 11:30:53,,1
0000007089,0000006848,684,2024-06-24 06:35:10,,1
0000007090,0000006849,687,2021-01-11 14:34:20,,1
0000007091,0000006850,687,2017-02-26 07:35:10,,1
0000007092,0000006851,687,2021-06-11 08:42:28,,1
0000007093,0000006852,687,2022-08-17 20:55:31,,1
0000007094,0000006853,985,2017-08-10 16:45:35,,1
0000007095,0000006854,3,2017-07-14 03:23:05,,1
0000007096,0000006855,630,2020-04-02 02:26:50,,1
0000007097,0000006856,430,2024-07-11 11:38:28,,1
0000007098,0000006857,821,2018-09-10 18:52:19,,1
0000007099,0000006858,430,2024-09-22 03:11:51,,1
0000007100,0000006859,430,2024-01-24 06:47:41,,1
0000007101,0000006860,430,2023-11-02 01:27:21,,1
0000007102,0000006861,821,2020-05-07 18:38:36,,1
0000007103,0000006862,821,2022-07-13 00:20:07,2022-07-15 23:38:53,0
0000007104,0000006862,138,2022-07-15 23:38:53,,1
0000007105,0000006863,821,2022-10-21 19:17:03,,1
0000007106,0000006864,187,2024-04-20 12:33:02,,1
0000007107,0000006865,187,2019-06-27 13:15:21,,1
0000007108,0000006866,187,2019-09-30 09:38:17,,1
0000007109,0000006867,673,2022-08-23 23:48:56,,1
0000007110,0000006868,122,2020-03-25 11:19:35,,1
0000007111,0000006869,122,2022-01-22 16:00:22,,1
0000007112,0000006870,844,2015-11-17 14:45:14,,1
0000007113,0000006871,875,2022-12-31 21:49:11,,1
0000007114,0000006872,844,2021-12-17 01:38:11,,1
0000007115,0000006873,395,2019-08-19 14:32:32,,1
0000007116,0000006874,55,2021-05-26 22:49:50,,1
0000007117,0000006875,55,2024-01-05 19:28:59,,1
0000007118,0000006876,55,2021-01-17 15:12:35,,1
0000007119,0000006877,55,2025-09-30 15:36:14,,1
0000007120,0000006878,518,2018-05-25 22:50:16,,1
0000007121,0000006879,55,2025-03-24 17:49:41,,1
0000007122,0000006880,55,2025-11-06 08:03:01,,1
0000007123,0000006881,55,2026-01-11 06:48:42,,1
0000007124,0000006882,55,2024-05-07 14:24:33,,1
0000007125,0000006883,758,2021-09-18 05:58:56,,1
0000007126,0000006884,921,2020-06-06 22:33:37,,1
0000007127,0000006885,607,2020-04-24 12:39:09,,1
0000007128,0000006886,607,2022-02-23 00:44:55,2022-02-25 16:44:04,0
0000007129,0000006886,925,2022-02-25 16:44:04,,1
0000007130,0000006887,942,2019-08-26 07:16:41,,1
0000007131,0000006888,701,2015-09-06 06:21:21,,1
0000007132,0000006889,733,2018-07-17 07:33:22,,1
0000007133,0000006890,10,2018-08-28 20:30:56,2018-08-31 07:41:47,0
0000007134,0000006890,481,2018-08-31 07:41:47,,1
0000007135,0000006891,10,2022-09-09 03:29:59,,1
0000007136,0000006892,10,2025-11-10 19:17:58,,1
0000007137,0000006893,346,2017-10-29 18:58:05,,1
0000007138,0000006894,346,2020-06-23 03:59:56,,1
0000007139,0000006895,887,2019-05-20 19:08:41,,1
0000007140,0000006896,4,2018-04-18 17:54:08,,1
0000007141,0000006897,483,2026-09-16 03:22:41,,1
0000007142,0000006898,437,2019-09-17 20:06:56,,1
0000007143,0000006899,437,2023-08-20 05:00:38,,1
0000007144,0000006900,437,2025-07-21 08:01:51,,1
0000007145,0000006901,437,2016-06-19 16:08:56,,1
0000007146,0000006902,437,2017-11-26 16:18:44,,1
0000007147,0000006903,979,2017-12-13 05:58:12,,1
0000007148,0000006904,885,2025-09-12 14:30:09,,1
0000007149,0000006905,219,2021-08-13 21:21:05,,1
0000007150,0000006906,219,2017-05-05 07:44:00,,1
0000007151,0000006907,219,2022-11-09 02:46:14,,1
0000007152,0000006908,219,2020-04-09 01:27:07,,1
0000007153,0000006909,219,2023-03-20 20:23:49,,1
0000007154,0000006910,219,2023-09-06 08:26:57,,1
0000007155,0000006911,219,2017-11-07 22:02:33,,1
0000007156,0000006912,219,2018-06-10 07:36:52,,1
0000007157,0000006913,219,2022-12-16 11:02:02,,1
0000007158,0000006914,219,2020-09-03 15:00:24,,1
0000007159,0000006915,219,2024-07-29 14:52:05,,1
0000007160,0000006916,219,2021-04-15 15:22:37,,1
0000007161,0000006917,617,2019-01-27 02:41:55,,1
0000007162,0000006918,617,2019-11-02 15:40:08,,1
0000007163,0000006919,275,2024-06-27 20:57:37,,1
0000007164,0000006920,92,2018-08-17 20:05:46,,1
0000007165,0000006921,92,2023-05-25 08:11:44,,1
0000007166,0000006922,5,2022-05-15 19:17:35,,1
0000007167,0000006923,114,2022-09-21 00:41:19,,1
0000007168,0000006924,5,2025-03-23 10:09:50,,1
0000007169,0000006925,5,2025-09-27 02:56:16,,1
0000007170,0000006926,5,2023-06-28 16:25:11,,1
0000007171,0000006927,75,2017-10-26 22:21:06,,1
0000007172,0000006928,5,2025-04-13 14:44:25,,1
0000007173,0000006929,5,2025-02-28 00:46:46,,1
0000007174,0000006930,632,2023-08-12 04:22:02,,1
0000007175,0000006931,964,2019-08-10 10:16:50,,1
0000007176,0000006932,296,2023-10-15 03:49:27,,1
0000007177,0000006933,141,2017-07-13 02:05:34,,1
0000007178,0000006934,757,2019-06-07 14:24:08,,1
0000007179,0000006935,757,2023-03-23 00:26:09,,1
0000007180,0000006936,757,2023-11-04 12:46:46,,1
0000007181,0000006937,757,2021-02-21 02:20:49,,1
0000007182,0000006938,866,2021-11-12 09:06:55,,1
0000007183,0000006939,151,2019-09-20 20:33:14,2019-09-22 19:16:25,0
0000007184,0000006939,424,2019-09-22 19:16:25,,1
0000007185,0000006940,151,2024-08-25 21:04:57,,1
0000007186,0000006941,737,2018-01-01 19:23:46,,1
0000007187,0000006942,889,2016-11-15 05:36:36,,1
0000007188,0000006943,763,2018-07-06 17:14:40,,1
0000007189,0000006944,889,2018-02-11 06:45:23,,1
0000007190,0000006945,788,2025-03-30 20:56:25,,1
0000007191,0000006946,936,2024-04-22 17:40:37,,1
0000007192,0000006947,784,2019-10-27 11:44:22,,1
0000007193,0000006948,984,2023-11-14 19:25:35,,1
0000007194,0000006949,338,2016-06-04 05:04:33,,1
0000007195,0000006950,827,2018-05-30 15:52:17,,1
0000007196,0000006951,338,2016-09-04 12:13:18,,1
0000007197,0000006952,386,2026-01-28 20:45:19,,1
0000007198,0000006953,777,2018-10-26 03:20:09,,1
0000007199,0000006954,718,2025-12-03 12:27:25,2025-12-06 06:35:42,0
0000007200,0000006954,310,2025-12-06 06:35:42,,1
0000007201,0000006955,756,2023-01-23 00:24:42,,1
0000007202,0000006956,777,2019-02-23 05:48:37,,1
0000007203,0000006957,756,2023-07-15 06:03:45,,1
0000007204,0000006958,756,2026-03-22 01:58:21,,1
0000007205,0000006959,791,2024-10-04 05:21:12,2024-10-04 22:52:10,0
0000007206,0000006959,229,2024-10-04 22:52:10,,1
0000007207,0000006960,756,2023-09-20 05:43:05,,1
0000007208,0000006961,317,2017-01-24 05:32:56,,1
0000007209,0000006962,38,2016-06-06 04:29:10,,1
0000007210,0000006963,847,2025-02-23 21:20:15,,1
0000007211,0000006964,847,2023-07-27 15:12:06,,1
0000007212,0000006965,847,2021-05-16 02:27:25,,1
0000007213,0000006966,847,2022-12-17 20:12:18,,1
0000007214,0000006967,847,2024-10-23 07:14:19,,1
0000007215,0000006968,847,2020-08-29 21:14:48,,1
0000007216,0000006969,847,2019-02-02 13:26:18,,1
0000007217,0000006970,847,2023-07-15 20:07:56,,1
0000007218,0000006971,63,2022-01-10 19:51:52,,1
0000007219,0000006972,861,2022-03-16 20:03:36,,1
0000007220,0000006973,861,2025-01-23 09:43:49,,1
0000007221,0000006974,861,2026-02-16 17:37:54,,1
0000007222,0000006975,861,2020-02-29 09:11:02,,1
0000007223,0000006976,465,2019-06-23 13:40:37,,1
0000007224,0000006977,915,2018-08-07 19:12:29,,1
0000007225,0000006978,567,2017-09-05 16:46:56,,1
0000007226,0000006979,915,2016-12-18 07:58:23,,1
0000007227,0000006980,140,2022-12-25 08:19:27,,1
0000007228,0000006981,140,2024-10-17 17:10:31,,1
0000007229,0000006982,140,2022-02-22 16:44:07,,1
0000007230,0000006983,140,2021-04-10 09:50:48,,1
0000007231,0000006984,140,2023-05-10 08:10:48,,1
0000007232,0000006985,140,2019-10-28 16:15:35,,1
0000007233,0000006986,140,2020-12-17 01:49:16,,1
0000007234,0000006987,140,2025-04-07 22:17:42,,1
0000007235,0000006988,966,2018-10-02 08:25:46,,1
0000007236,0000006989,966,2020-03-22 10:05:38,,1
0000007237,0000006990,199,2019-08-14 02:30:37,,1
0000007238,0000006991,917,2018-05-11 11:44:20,,1
0000007239,0000006992,966,2019-05-15 19:24:41,,1
0000007240,0000006993,966,2018-03-07 07:43:49,,1
0000007241,0000006994,200,2018-11-01 04:02:40,,1
0000007242,0000006995,966,2018-10-02 12:30:13,,1
0000007243,0000006996,966,2019-07-07 16:02:54,,1
0000007244,0000006997,966,2019-11-15 12:01:26,,1
0000007245,0000006998,966,2018-12-31 05:11:12,,1
0000007246,0000006999,966,2019-12-08 19:38:06,,1
0000007247,0000007000,129,2019-08-02 17:52:15,,1
0000007248,0000007001,26,2016-12-12 01:39:02,,1
0000007249,0000007002,941,2021-11-02 08:28:26,,1
0000007250,0000007003,941,2020-12-13 11:22:48,,1
0000007251,0000007004,684,2020-12-19 10:33:53,,1
0000007252,0000007005,941,2015-07-23 06:26:58,,1
0000007253,0000007006,536,2026-05-13 05:55:21,,1
0000007254,0000007007,266,2023-03-03 03:40:17,,1
0000007255,0000007008,266,2024-08-02 10:39:47,,1
0000007256,0000007009,266,2019-05-10 00:34:43,,1
0000007257,0000007010,205,2020-03-28 04:28:34,,1
0000007258,0000007011,699,2020-02-09 08:55:12,,1
0000007259,0000007012,699,2022-02-13 11:51:35,,1
0000007260,0000007013,185,2018-03-15 14:21:49,,1
0000007261,0000007014,151,2016-03-05 21:46:16,,1
0000007262,0000007015,494,2024-06-11 13:52:41,,1
0000007263,0000007016,494,2019-11-15 06:33:11,,1
0000007264,0000007017,494,2019-02-24 13:19:29,,1
0000007265,0000007018,613,2018-08-09 14:54:57,,1
0000007266,0000007019,59,2025-05-16 23:31:45,,1
0000007267,0000007020,59,2017-08-27 08:16:32,,1
0000007268,0000007021,59,2023-04-19 06:06:51,,1
0000007269,0000007022,647,2016-05-25 05:58:29,2016-05-25 08:38:32,0
0000007270,0000007022,504,2016-05-25 08:38:32,,1
0000007271,0000007023,59,2019-04-06 08:25:31,,1
0000007272,0000007024,59,2020-10-01 22:57:15,,1
0000007273,0000007025,59,2019-04-29 20:30:52,,1
0000007274,0000007026,59,2016-10-13 18:36:49,,1
0000007275,0000007027,59,2018-11-16 10:05:05,,1
0000007276,0000007028,426,2017-03-22 18:23:51,2017-03-26 16:52:51,0
0000007277,0000007028,775,2017-03-26 16:52:51,,1
0000007278,0000007029,59,2019-03-07 18:00:34,,1
0000007279,0000007030,59,2026-08-31 23:03:50,,1
0000007280,0000007031,384,2019-08-31 02:01:52,,1
0000007281,0000007032,384,2021-11-29 20:46:06,,1
0000007282,0000007033,384,2024-12-14 00:21:54,,1
0000007283,0000007034,599,2019-09-05 00:46:19,,1
0000007284,0000007035,599,2019-02-20 16:59:52,,1
0000007285,0000007036,599,2020-05-07 20:53:49,,1
0000007286,0000007037,114,2018-08-20 10:33:35,,1
0000007287,0000007038,238,2021-04-23 21:34:38,,1
0000007288,0000007039,985,2022-12-08 10:14:54,,1
0000007289,0000007040,727,2019-05-06 20:30:18,,1
0000007290,0000007041,985,2020-09-21 09:48:57,,1
0000007291,0000007042,985,2022-03-08 15:36:33,,1
0000007292,0000007043,985,2023-07-08 03:59:34,,1
0000007293,0000007044,985,2025-11-23 23:49:41,,1
0000007294,0000007045,902,2019-10-20 17:34:23,,1
0000007295,0000007046,985,2022-09-07 05:38:11,,1
0000007296,0000007047,985,2026-03-29 12:51:50,,1
0000007297,0000007048,985,2026-03-16 17:59:24,,1
0000007298,0000007049,849,2019-01-14 19:13:44,,1
0000007299,0000007050,944,2026-07-04 11:23:56,,1
0000007300,0000007051,944,2022-10-08 04:18:24,,1
0000007301,0000007052,944,2019-04-17 02:10:45,,1
0000007302,0000007053,909,2019-02-16 16:16:49,,1
0000007303,0000007054,376,2022-05-16 14:09:05,,1
0000007304,0000007055,302,2018-09-05 20:45:42,,1
0000007305,0000007056,230,2025-02-10 14:43:39,,1
0000007306,0000007057,230,2019-03-23 22:03:37,,1
0000007307,0000007058,952,2025-07-13 15:52:36,,1
0000007308,0000007059,952,2026-10-04 15:36:53,,1
0000007309,0000007060,952,2019-11-04 12:31:48,,1
0000007310,0000007061,775,2016-02-05 03:45:06,,1
0000007311,0000007062,775,2017-08-09 23:19:10,,1
0000007312,0000007063,747,2019-01-31 13:16:28,,1
0000007313,0000007064,747,2020-07-02 14:59:52,,1
0000007314,0000007065,121,2018-07-03 03:02:47,2018-07-06 12:50:40,0
0000007315,0000007065,142,2018-07-06 12:50:40,,1
0000007316,0000007066,397,2021-04-05 21:20:00,,1
0000007317,0000007067,908,2025-04-24 06:26:09,,1
0000007318,0000007068,860,2026-07-26 09:52:56,,1
0000007319,0000007069,884,2021-07-27 19:06:02,,1
0000007320,0000007070,383,2024-01-17 07:45:00,,1
0000007321,0000007071,46,2019-12-15 18:00:20,,1
0000007322,0000007072,46,2019-12-15 09:15:31,,1
0000007323,0000007073,46,2022-12-01 10:48:58,,1
0000007324,0000007074,46,2018-05-01 04:24:59,,1
0000007325,0000007075,46,2018-03-29 12:00:19,,1
0000007326,0000007076,791,2024-02-04 13:06:06,,1
0000007327,0000007077,791,2020-02-02 12:48:56,,1
0000007328,0000007078,791,2022-10-23 21:11:49,,1
0000007329,0000007079,791,2020-03-30 02:56:34,,1
0000007330,0000007080,42,2026-02-23 16:11:13,,1
0000007331,0000007081,247,2020-08-25 16:46:23,,1
0000007332,0000007082,791,2025-10-15 23:08:37,,1
0000007333,0000007083,791,2025-07-28 01:28:43,,1
0000007334,0000007084,34,2020-07-22 13:10:54,,1
0000007335,0000007085,34,2019-03-06 10:35:41,,1
0000007336,0000007086,254,2020-10-01 12:32:11,,1
0000007337,0000007087,367,2023-02-17 10:17:01,,1
0000007338,0000007088,552,2023-08-09 04:41:11,,1
0000007339,0000007089,639,2019-09-24 12:53:12,,1
0000007340,0000007090,8,2016-08-11 16:35:21,,1
0000007341,0000007091,8,2016-10-27 10:55:13,,1
0000007342,0000007092,8,2016-10-10 16:04:53,,1
0000007343,0000007093,93,2020-06-26 16:58:55,,1
0000007344,0000007094,93,2018-04-12 18:31:58,,1
0000007345,0000007095,770,2019-12-09 19:16:04,,1
0000007346,0000007096,770,2018-02-13 13:48:18,,1
0000007347,0000007097,613,2025-09-18 19:29:35,,1
0000007348,0000007098,770,2015-09-11 14:29:51,2015-09-14 16:23:07,0
0000007349,0000007098,415,2015-09-14 16:23:07,,1
0000007350,0000007099,770,2021-07-20 19:59:40,,1
0000007351,0000007100,203,2024-11-29 08:50:54,,1
0000007352,0000007101,203,2025-01-19 05:16:20,,1
0000007353,0000007102,412,2019-10-07 08:40:10,,1
0000007354,0000007103,78,2026-04-07 15:36:21,,1
0000007355,0000007104,412,2019-07-15 05:44:21,,1
0000007356,0000007105,412,2023-03-08 00:09:35,,1
0000007357,0000007106,266,2024-08-20 21:21:47,,1
0000007358,0000007107,153,2024-09-22 16:36:08,,1
0000007359,0000007108,78,2026-08-31 09:30:49,,1
0000007360,0000007109,203,2025-07-06 21:30:05,,1
0000007361,0000007110,690,2024-12-29 03:56:44,,1
0000007362,0000007111,412,2021-04-13 20:29:11,,1
0000007363,0000007112,553,2021-05-24 05:17:41,,1
0000007364,0000007113,96,2021-03-22 19:48:07,,1
0000007365,0000007114,456,2023-01-11 09:47:47,,1
0000007366,0000007115,297,2018-05-18 11:05:38,,1
0000007367,0000007116,876,2017-12-03 03:42:25,,1
0000007368,0000007117,876,2020-06-26 12:30:52,,1
0000007369,0000007118,5,2019-04-20 23:55:31,,1
0000007370,0000007119,876,2018-06-19 17:54:26,,1
0000007371,0000007120,986,2020-08-31 05:26:35,,1
0000007372,0000007121,719,2024-03-06 17:32:43,,1
0000007373,0000007122,235,2018-02-21 15:03:00,,1
0000007374,0000007123,85,2020-12-22 05:40:11,,1
0000007375,0000007124,363,2023-09-05 01:37:41,,1
0000007376,0000007125,244,2025-08-08 13:04:27,,1
0000007377,0000007126,244,2024-12-12 02:50:29,,1
0000007378,0000007127,995,2025-06-01 09:37:16,,1
0000007379,0000007128,867,2020-10-15 02:45:59,,1
0000007380,0000007129,644,2024-10-08 04:49:07,,1
0000007381,0000007130,379,2018-10-13 05:48:03,,1
0000007382,0000007131,644,2019-01-14 04:47:46,,1
0000007383,0000007132,644,2024-06-29 06:43:59,,1
0000007384,0000007133,644,2018-06-02 03:33:14,,1
0000007385,0000007134,644,2024-08-19 13:53:19,,1
0000007386,0000007135,644,2023-05-15 11:09:07,,1
0000007387,0000007136,644,2022-03-17 21:12:04,,1
0000007388,0000007137,644,2020-01-08 12:30:06,,1
0000007389,0000007138,644,2020-06-06 09:08:14,,1
0000007390,0000007139,644,2025-03-05 05:48:12,,1
0000007391,0000007140,644,2020-10-01 14:02:26,,1
0000007392,0000007141,43,2022-03-12 06:47:53,,1
0000007393,0000007142,966,2020-07-07 22:10:19,,1
0000007394,0000007143,544,2020-05-15 00:38:36,,1
0000007395,0000007144,494,2022-12-09 19:34:26,,1
0000007396,0000007145,569,2020-04-04 19:45:54,,1
0000007397,0000007146,436,2017-03-31 18:12:29,,1
0000007398,0000007147,774,2026-01-04 16:59:06,,1
0000007399,0000007148,774,2019-04-08 20:18:01,,1
0000007400,0000007149,774,2026-06-29 20:25:56,,1
0000007401,0000007150,774,2025-09-29 01:57:15,,1
0000007402,0000007151,774,2020-09-17 15:04:34,,1
0000007403,0000007152,774,2026-02-27 08:00:10,,1
0000007404,0000007153,774,2018-05-10 07:12:57,,1
0000007405,0000007154,774,2025-06-22 04:14:44,,1
0000007406,0000007155,797,2017-05-20 09:01:11,,1
0000007407,0000007156,957,2015-10-30 23:52:36,,1
0000007408,0000007157,872,2024-04-20 21:07:14,,1
0000007409,0000007158,872,2024-05-23 02:47:29,,1
0000007410,0000007159,494,2021-12-19 06:26:18,,1
0000007411,0000007160,295,2019-06-19 19:58:50,,1
0000007412,0000007161,295,2023-07-26 23:57:43,,1
0000007413,0000007162,295,2022-06-23 17:34:00,,1
0000007414,0000007163,295,2022-09-30 11:57:18,,1
0000007415,0000007164,138,2022-01-25 16:20:03,,1
0000007416,0000007165,370,2017-12-14 04:53:01,,1
0000007417,0000007166,370,2017-08-16 09:46:33,,1
0000007418,0000007167,370,2017-08-14 23:37:32,,1
0000007419,0000007168,370,2017-11-17 02:21:13,,1
0000007420,0000007169,370,2017-09-09 17:30:20,,1
0000007421,0000007170,370,2017-10-29 19:57:18,,1
0000007422,0000007171,370,2017-08-27 21:26:12,,1
0000007423,0000007172,370,2017-05-16 11:15:32,,1
0000007424,0000007173,370,2017-07-24 08:54:11,,1
0000007425,0000007174,950,2017-10-22 08:26:06,,1
0000007426,0000007175,370,2017-05-13 11:52:33,,1
0000007427,0000007176,370,2017-11-26 12:16:42,,1
0000007428,0000007177,380,2020-11-14 06:14:18,,1
0000007429,0000007178,165,2022-05-10 07:53:26,,1
0000007430,0000007179,165,2017-10-06 15:17:19,,1
0000007431,0000007180,165,2018-03-01 22:50:11,,1
0000007432,0000007181,228,2019-08-01 04:36:25,2019-08-03 11:37:11,0
0000007433,0000007181,148,2019-08-03 11:37:11,,1
0000007434,0000007182,6,2025-05-31 03:27:23,,1
0000007435,0000007183,228,2018-03-10 13:22:12,,1
0000007436,0000007184,675,2016-05-15 16:43:55,,1
0000007437,0000007185,675,2016-11-18 22:56:55,,1
0000007438,0000007186,401,2025-08-06 12:29:17,,1
0000007439,0000007187,401,2021-09-12 19:07:33,,1
0000007440,0000007188,16,2023-07-13 00:50:52,,1
0000007441,0000007189,16,2024-09-27 22:34:11,,1
0000007442,0000007190,16,2017-10-27 16:18:27,,1
0000007443,0000007191,437,2023-02-06 08:20:38,,1
0000007444,0000007192,16,2021-11-20 16:42:41,,1
0000007445,0000007193,675,2024-07-21 09:43:02,,1
0000007446,0000007194,675,2019-12-08 19:20:12,,1
0000007447,0000007195,314,2019-07-06 07:36:45,,1
0000007448,0000007196,806,2021-01-30 23:43:37,,1
0000007449,0000007197,541,2021-08-19 19:04:53,,1
0000007450,0000007198,806,2018-09-29 07:54:25,,1
0000007451,0000007199,730,2020-10-05 23:04:57,,1
0000007452,0000007200,733,2026-06-02 02:35:07,,1
0000007453,0000007201,733,2026-04-17 15:02:59,,1
0000007454,0000007202,733,2017-02-28 11:02:03,,1
0000007455,0000007203,733,2023-03-14 21:16:46,,1
0000007456,0000007204,733,2019-08-08 14:59:35,,1
0000007457,0000007205,120,2020-01-29 03:18:00,2020-02-02 01:33:24,0
0000007458,0000007205,494,2020-02-02 01:33:24,,1
0000007459,0000007206,120,2022-05-26 14:02:28,,1
0000007460,0000007207,120,2019-07-18 14:17:26,,1
0000007461,0000007208,902,2018-02-07 19:36:57,,1
0000007462,0000007209,89,2018-03-16 16:56:53,,1
0000007463,0000007210,294,2021-05-15 15:02:56,,1
0000007464,0000007211,294,2024-10-25 01:30:56,,1
0000007465,0000007212,505,2019-04-08 11:38:57,,1
0000007466,0000007213,529,2022-08-27 10:34:24,,1
0000007467,0000007214,612,2021-04-12 13:11:19,,1
0000007468,0000007215,529,2021-11-24 00:34:27,,1
0000007469,0000007216,529,2022-11-12 06:45:29,,1
0000007470,0000007217,529,2023-07-12 03:47:07,,1
0000007471,0000007218,610,2020-09-26 12:19:58,,1
0000007472,0000007219,749,2018-10-31 05:29:29,,1
0000007473,0000007220,610,2020-05-05 15:35:26,,1
0000007474,0000007221,610,2018-10-16 17:42:09,,1
0000007475,0000007222,139,2020-07-23 15:49:13,,1
0000007476,0000007223,610,2019-01-24 10:25:18,,1
0000007477,0000007224,610,2018-10-23 19:48:22,,1
0000007478,0000007225,513,2018-10-09 16:16:52,,1
0000007479,0000007226,610,2020-07-23 18:49:43,,1
0000007480,0000007227,610,2018-10-29 04:30:03,,1
0000007481,0000007228,610,2019-06-06 07:24:10,,1
0000007482,0000007229,610,2018-12-25 03:35:33,,1
0000007483,0000007230,179,2021-11-16 20:45:49,,1
0000007484,0000007231,590,2026-04-15 21:24:52,,1
0000007485,0000007232,179,2019-06-19 23:42:57,,1
0000007486,0000007233,179,2025-06-22 00:05:14,,1
0000007487,0000007234,179,2025-12-06 19:06:58,,1
0000007488,0000007235,547,2024-03-08 14:42:51,,1
0000007489,0000007236,547,2019-06-25 19:16:17,,1
0000007490,0000007237,301,2019-04-11 17:42:37,,1
0000007491,0000007238,301,2022-02-23 14:52:26,,1
0000007492,0000007239,301,2023-01-09 09:39:03,,1
0000007493,0000007240,301,2024-03-17 22:48:52,2024-03-21 12:54:17,0
0000007494,0000007240,692,2024-03-21 12:54:17,,1
0000007495,0000007241,301,2024-11-30 16:42:13,2024-12-07 09:14:42,0
0000007496,0000007241,859,2024-12-07 09:14:42,,1
0000007497,0000007242,218,2024-12-22 08:04:59,,1
0000007498,0000007243,918,2022-08-14 22:24:12,,1
0000007499,0000007244,918,2018-09-08 04:43:50,,1
0000007500,0000007245,947,2021-05-18 12:02:46,,1
0000007501,0000007246,947,2021-06-28 16:42:19,,1
0000007502,0000007247,153,2016-07-22 07:24:43,,1
0000007503,0000007248,153,2016-09-13 23:45:03,,1
0000007504,0000007249,153,2026-04-06 08:48:36,,1
0000007505,0000007250,42,2022-03-03 01:35:50,,1
0000007506,0000007251,234,2018-12-04 03:43:29,,1
0000007507,0000007252,252,2022-09-01 06:32:42,,1
0000007508,0000007253,753,2026-04-07 18:34:49,,1
0000007509,0000007254,658,2018-12-02 05:07:00,,1
0000007510,0000007255,658,2021-11-26 13:37:05,,1
0000007511,0000007256,658,2019-05-06 11:22:47,,1
0000007512,0000007257,323,2017-05-05 01:36:22,,1
0000007513,0000007258,25,2018-05-05 17:12:32,,1
0000007514,0000007259,25,2018-06-19 10:01:29,,1
0000007515,0000007260,712,2016-01-23 04:59:19,,1
0000007516,0000007261,997,2015-09-28 15:29:17,,1
0000007517,0000007262,741,2023-08-09 12:35:04,,1
0000007518,0000007263,417,2025-10-14 09:56:04,,1
0000007519,0000007264,986,2022-02-18 04:13:18,,1
0000007520,0000007265,35,2019-06-27 16:40:56,,1
0000007521,0000007266,547,2024-01-26 02:56:27,,1
0000007522,0000007267,547,2019-02-18 14:30:16,,1
0000007523,0000007268,547,2022-02-22 04:54:13,,1
0000007524,0000007269,299,2022-09-26 07:52:13,,1
0000007525,0000007270,824,2015-10-17 23:07:54,,1
0000007526,0000007271,691,2025-05-01 11:08:46,,1
0000007527,0000007272,691,2026-07-08 13:42:52,,1
0000007528,0000007273,691,2020-12-12 11:54:09,2020-12-13 01:39:37,0
0000007529,0000007273,168,2020-12-13 01:39:37,,1
0000007530,0000007274,290,2022-02-26 08:21:17,,1
0000007531,0000007275,48,2017-03-18 23:17:44,,1
0000007532,0000007276,794,2021-03-28 22:32:23,,1
0000007533,0000007277,386,2025-02-13 23:04:21,,1
0000007534,0000007278,650,2021-09-18 19:56:40,,1
0000007535,0000007279,650,2021-12-27 11:45:46,,1
0000007536,0000007280,960,2022-02-24 16:19:01,2022-02-24 17:31:13,0
0000007537,0000007280,351,2022-02-24 17:31:13,,1
0000007538,0000007281,614,2025-06-10 08:10:39,,1
0000007539,0000007282,56,2016-11-02 14:32:33,,1
0000007540,0000007283,56,2017-10-16 00:26:43,,1
0000007541,0000007284,960,2020-09-29 17:57:21,,1
0000007542,0000007285,892,2021-02-19 03:44:08,,1
0000007543,0000007286,892,2016-02-04 15:24:47,,1
0000007544,0000007287,892,2020-12-10 14:16:41,,1
0000007545,0000007288,430,2015-04-04 10:19:13,,1
0000007546,0000007289,430,2015-03-30 20:47:51,,1
0000007547,0000007290,430,2015-04-11 09:14:18,,1
0000007548,0000007291,430,2015-04-05 07:59:09,,1
0000007549,0000007292,430,2015-04-01 10:59:32,,1
0000007550,0000007293,430,2015-04-06 22:01:39,,1
0000007551,0000007294,566,2015-04-05 01:59:36,,1
0000007552,0000007295,430,2015-04-11 02:39:54,,1
0000007553,0000007296,820,2021-10-09 08:33:42,,1
0000007554,0000007297,820,2018-01-20 18:10:44,2018-01-21 20:57:50,0
0000007555,0000007297,319,2018-01-21 20:57:50,,1
0000007556,0000007298,246,2015-08-30 07:57:24,,1
0000007557,0000007299,246,2015-09-02 01:57:52,,1
0000007558,0000007300,246,2016-08-31 19:14:54,,1
0000007559,0000007301,246,2015-12-03 01:30:24,,1
0000007560,0000007302,246,2016-05-09 02:33:03,,1
0000007561,0000007303,189,2024-04-11 05:24:00,,1
0000007562,0000007304,667,2017-09-17 13:17:06,,1
0000007563,0000007305,830,2025-10-21 11:17:06,,1
0000007564,0000007306,245,2021-12-02 07:58:53,,1
0000007565,0000007307,830,2018-05-11 11:00:04,,1
0000007566,0000007308,830,2024-09-21 03:56:18,,1
0000007567,0000007309,912,2022-11-11 03:07:49,,1
0000007568,0000007310,830,2023-12-09 09:57:36,,1
0000007569,0000007311,583,2021-04-09 06:37:49,,1
0000007570,0000007312,830,2019-07-27 13:20:55,,1
0000007571,0000007313,830,2020-01-10 11:10:49,,1
0000007572,0000007314,830,2023-09-30 20:57:03,,1
0000007573,0000007315,830,2019-04-10 01:02:08,,1
0000007574,0000007316,830,2020-02-04 13:14:37,,1
0000007575,0000007317,395,2018-09-10 08:50:58,,1
0000007576,0000007318,594,2023-06-30 17:37:21,,1
0000007577,0000007319,962,2023-05-14 20:23:45,,1
0000007578,0000007320,463,2021-07-23 09:42:06,,1
0000007579,0000007321,463,2021-10-09 00:40:10,,1
0000007580,0000007322,463,2019-06-07 11:33:57,,1
0000007581,0000007323,658,2019-02-04 13:01:43,,1
0000007582,0000007324,463,2019-08-11 18:12:06,,1
0000007583,0000007325,44,2023-11-13 11:34:31,,1
0000007584,0000007326,44,2019-05-26 23:59:44,,1
0000007585,0000007327,772,2022-07-17 07:10:19,,1
0000007586,0000007328,493,2023-07-05 17:44:59,,1
0000007587,0000007329,772,2022-06-27 04:24:10,,1
0000007588,0000007330,772,2023-04-21 22:20:15,,1
0000007589,0000007331,772,2017-12-10 17:45:49,,1
0000007590,0000007332,719,2023-12-13 00:31:56,2023-12-14 21:17:27,0
0000007591,0000007332,377,2023-12-14 21:17:27,,1
0000007592,0000007333,845,2020-05-09 14:35:39,,1
0000007593,0000007334,402,2025-01-08 00:04:33,,1
0000007594,0000007335,421,2016-10-23 08:32:16,,1
0000007595,0000007336,413,2020-08-13 16:04:59,,1
0000007596,0000007337,837,2018-07-06 13:54:53,,1
0000007597,0000007338,837,2018-01-07 11:22:43,,1
0000007598,0000007339,397,2023-12-01 20:39:18,,1
0000007599,0000007340,990,2025-07-06 01:07:06,2025-07-08 06:46:32,0
0000007600,0000007340,267,2025-07-08 06:46:32,,1
0000007601,0000007341,75,2021-08-07 00:39:22,,1
0000007602,0000007342,75,2019-10-24 07:44:17,,1
0000007603,0000007343,329,2018-01-25 05:44:51,,1
0000007604,0000007344,972,2018-06-10 14:40:43,,1
0000007605,0000007345,536,2021-07-08 06:50:56,2021-07-10 12:55:08,0
0000007606,0000007345,244,2021-07-10 12:55:08,,1
0000007607,0000007346,536,2020-11-25 17:40:58,,1
0000007608,0000007347,536,2020-02-03 05:49:20,,1
0000007609,0000007348,536,2021-12-10 02:48:49,,1
0000007610,0000007349,536,2026-10-03 14:01:47,,1
0000007611,0000007350,536,2025-04-08 23:47:02,,1
0000007612,0000007351,536,2023-02-06 02:54:52,,1
0000007613,0000007352,536,2025-01-30 22:33:04,,1
0000007614,0000007353,536,2023-01-13 10:31:26,,1
0000007615,0000007354,536,2018-03-17 13:29:35,,1
0000007616,0000007355,536,2022-03-30 22:16:31,,1
0000007617,0000007356,536,2017-11-01 13:05:47,,1
0000007618,0000007357,205,2016-09-25 01:41:41,,1
0000007619,0000007358,205,2016-02-03 10:56:13,,1
0000007620,0000007359,669,2021-06-24 13:22:17,,1
0000007621,0000007360,669,2019-02-16 12:54:45,,1
0000007622,0000007361,892,2017-02-23 17:01:03,2017-02-26 05:33:25,0
0000007623,0000007361,969,2017-02-26 05:33:25,,1
0000007624,0000007362,122,2020-12-08 12:08:29,,1
0000007625,0000007363,122,2026-06-10 22:13:58,,1
0000007626,0000007364,431,2023-01-10 10:43:45,,1
0000007627,0000007365,156,2022-02-09 01:58:04,,1
0000007628,0000007366,156,2019-03-03 06:12:12,,1
0000007629,0000007367,164,2021-01-12 00:13:35,,1
0000007630,0000007368,601,2016-02-07 18:24:05,,1
0000007631,0000007369,238,2020-04-01 03:22:02,,1
0000007632,0000007370,238,2024-03-10 06:10:54,,1
0000007633,0000007371,238,2025-02-12 03:48:17,,1
0000007634,0000007372,103,2019-01-19 20:55:30,,1
0000007635,0000007373,318,2020-02-25 08:59:15,,1
0000007636,0000007374,318,2025-09-03 19:00:11,,1
0000007637,0000007375,318,2026-07-09 21:13:28,,1
0000007638,0000007376,728,2022-11-07 04:45:33,,1
0000007639,0000007377,728,2024-06-25 21:40:57,,1
0000007640,0000007378,728,2025-05-15 22:15:10,,1
0000007641,0000007379,728,2021-01-02 01:39:08,,1
0000007642,0000007380,728,2020-01-29 08:51:27,,1
0000007643,0000007381,199,2017-10-25 21:32:16,,1
0000007644,0000007382,867,2026-06-01 15:05:54,,1
0000007645,0000007383,494,2024-03-11 07:27:11,,1
0000007646,0000007384,199,2019-01-23 07:12:36,,1
0000007647,0000007385,199,2017-02-10 01:30:40,,1
0000007648,0000007386,634,2026-01-26 12:58:28,,1
0000007649,0000007387,199,2019-08-31 10:58:57,,1
0000007650,0000007388,494,2022-11-29 19:15:41,,1
0000007651,0000007389,202,2018-07-31 06:55:56,,1
0000007652,0000007390,658,2019-06-11 03:30:38,,1
0000007653,0000007391,570,2023-10-29 03:27:12,,1
0000007654,0000007392,151,2025-01-27 06:10:09,,1
0000007655,0000007393,151,2020-12-06 22:44:02,,1
0000007656,0000007394,946,2021-02-22 14:25:03,,1
0000007657,0000007395,216,2021-06-12 03:42:04,,1
0000007658,0000007396,216,2026-03-25 21:56:56,2026-03-26 10:12:59,0
0000007659,0000007396,559,2026-03-26 10:12:59,,1
0000007660,0000007397,216,2021-04-01 04:19:27,,1
0000007661,0000007398,216,2022-07-05 15:08:19,,1
0000007662,0000007399,564,2024-11-12 19:53:59,,1
0000007663,0000007400,624,2026-04-10 19:27:15,,1
0000007664,0000007401,564,2022-02-16 06:31:42,,1
0000007665,0000007402,961,2018-03-14 04:52:51,,1
0000007666,0000007403,564,2018-07-06 18:33:00,,1
0000007667,0000007404,548,2025-05-14 02:31:31,,1
0000007668,0000007405,275,2022-12-29 08:18:01,,1
0000007669,0000007406,275,2018-04-20 12:10:11,,1
0000007670,0000007407,751,2025-01-19 19:46:27,,1
0000007671,0000007408,816,2024-02-14 20:34:32,,1
0000007672,0000007409,278,2021-03-18 05:49:32,,1
0000007673,0000007410,52,2017-07-16 12:18:51,,1
0000007674,0000007411,292,2024-03-31 12:09:32,,1
0000007675,0000007412,121,2019-01-28 13:04:33,,1
0000007676,0000007413,121,2019-02-18 06:35:23,,1
0000007677,0000007414,510,2021-04-07 08:06:02,,1
0000007678,0000007415,215,2024-11-21 22:17:43,,1
0000007679,0000007416,215,2021-07-27 03:44:31,,1
0000007680,0000007417,215,2023-08-07 21:38:22,,1
0000007681,0000007418,856,2025-10-05 16:34:30,,1
0000007682,0000007419,972,2019-12-09 22:12:23,,1
0000007683,0000007420,995,2018-12-01 03:54:22,,1
0000007684,0000007421,205,2022-08-15 15:18:57,,1
0000007685,0000007422,205,2019-01-26 15:52:38,,1
0000007686,0000007423,860,2021-07-29 16:39:34,,1
0000007687,0000007424,860,2025-12-03 08:12:03,,1
0000007688,0000007425,698,2023-08-10 02:43:25,,1
0000007689,0000007426,698,2024-03-17 18:34:49,,1
0000007690,0000007427,698,2018-05-29 01:21:12,,1
0000007691,0000007428,698,2021-09-03 00:18:02,,1
0000007692,0000007429,698,2023-06-09 18:13:53,,1
0000007693,0000007430,698,2021-01-27 14:13:46,,1
0000007694,0000007431,698,2026-01-19 09:48:10,,1
0000007695,0000007432,698,2020-01-31 20:40:55,,1
0000007696,0000007433,698,2025-04-30 21:57:16,,1
0000007697,0000007434,698,2020-07-01 01:46:43,,1
0000007698,0000007435,698,2023-01-03 18:15:19,2023-01-03 23:06:51,0
0000007699,0000007435,764,2023-01-03 23:06:51,,1
0000007700,0000007436,761,2025-01-04 07:20:24,,1
0000007701,0000007437,672,2024-03-19 21:07:40,,1
0000007702,0000007438,123,2016-10-26 06:53:44,,1
0000007703,0000007439,123,2019-01-31 22:27:43,,1
0000007704,0000007440,616,2017-12-28 17:19:38,,1
0000007705,0000007441,956,2016-10-31 23:14:01,,1
0000007706,0000007442,764,2020-08-08 00:51:20,,1
0000007707,0000007443,373,2021-03-23 02:49:36,,1
0000007708,0000007444,373,2017-06-04 21:24:06,,1
0000007709,0000007445,758,2020-11-28 06:21:55,,1
0000007710,0000007446,43,2017-04-06 07:18:34,,1
0000007711,0000007447,864,2019-11-09 02:42:42,,1
0000007712,0000007448,43,2024-06-19 18:48:09,,1
0000007713,0000007449,43,2022-03-29 06:37:29,,1
0000007714,0000007450,43,2021-09-27 06:17:03,,1
0000007715,0000007451,133,2025-08-20 21:47:40,,1
0000007716,0000007452,824,2019-07-25 07:39:04,,1
0000007717,0000007453,881,2023-11-26 05:50:51,,1
0000007718,0000007454,881,2018-10-27 04:04:51,,1
0000007719,0000007455,881,2018-08-08 07:00:25,,1
0000007720,0000007456,881,2021-03-20 18:25:07,,1
0000007721,0000007457,881,2017-11-14 13:01:27,,1
0000007722,0000007458,61,2024-11-13 14:51:27,,1
0000007723,0000007459,139,2017-03-15 10:34:22,,1
0000007724,0000007460,24,2023-11-13 19:43:05,,1
0000007725,0000007461,24,2022-11-23 11:00:40,,1
0000007726,0000007462,139,2015-07-16 15:58:25,,1
0000007727,0000007463,139,2017-05-04 06:24:50,,1
0000007728,0000007464,24,2026-09-08 12:20:39,,1
0000007729,0000007465,24,2021-12-08 23:24:05,,1
0000007730,0000007466,139,2015-08-31 12:31:48,,1
0000007731,0000007467,376,2020-04-21 04:28:12,,1
0000007732,0000007468,137,2022-05-31 01:40:17,,1
0000007733,0000007469,137,2015-06-19 12:46:56,,1
0000007734,0000007470,137,2018-02-08 05:27:45,,1
0000007735,0000007471,327,2018-09-29 09:28:07,,1
0000007736,0000007472,327,2024-07-17 22:13:40,,1
0000007737,0000007473,948,2016-11-11 03:36:02,,1
0000007738,0000007474,948,2015-11-01 22:49:59,2015-11-02 00:25:24,0
0000007739,0000007474,530,2015-11-02 00:25:24,,1
0000007740,0000007475,948,2016-10-24 22:28:32,,1
0000007741,0000007476,760,2015-10-15 13:55:59,,1
0000007742,0000007477,948,2017-12-02 10:39:43,,1
0000007743,0000007478,265,2017-02-03 14:04:42,,1
0000007744,0000007479,948,2016-12-28 09:38:47,,1
0000007745,0000007480,948,2017-06-01 09:56:45,,1
0000007746,0000007481,575,2022-12-04 06:04:05,,1
0000007747,0000007482,215,2022-04-17 05:59:21,,1
0000007748,0000007483,703,2020-07-18 00:26:51,,1
0000007749,0000007484,152,2017-02-23 06:17:57,,1
0000007750,0000007485,241,2017-03-19 03:40:59,,1
0000007751,0000007486,924,2018-07-26 10:39:52,2018-07-28 17:06:40,0
0000007752,0000007486,330,2018-07-28 17:06:40,,1
0000007753,0000007487,375,2018-09-09 07:43:40,,1
0000007754,0000007488,744,2023-12-01 14:32:16,,1
0000007755,0000007489,236,2016-08-24 17:38:19,,1
0000007756,0000007490,236,2015-04-14 14:13:11,,1
0000007757,0000007491,696,2020-09-18 12:43:33,,1
0000007758,0000007492,963,2024-07-22 16:07:07,,1
0000007759,0000007493,744,2023-04-12 07:21:23,,1
0000007760,0000007494,696,2021-05-25 15:07:51,,1
0000007761,0000007495,744,2025-12-08 07:10:08,,1
0000007762,0000007496,696,2021-02-05 11:22:26,,1
0000007763,0000007497,236,2016-08-27 21:36:23,,1
0000007764,0000007498,744,2021-09-27 21:43:47,,1
0000007765,0000007499,744,2021-11-10 16:10:54,2021-11-13 17:41:38,0
0000007766,0000007499,477,2021-11-13 17:41:38,,1
0000007767,0000007500,184,2022-12-08 07:42:14,,1
0000007768,0000007501,219,2018-06-24 12:11:46,,1
0000007769,0000007502,219,2022-04-11 03:15:25,,1
0000007770,0000007503,219,2020-06-22 06:43:47,,1
0000007771,0000007504,956,2022-07-17 02:40:36,,1
0000007772,0000007505,903,2017-02-23 16:29:21,,1
0000007773,0000007506,821,2023-02-24 05:53:59,,1
0000007774,0000007507,91,2026-05-24 16:57:39,,1
0000007775,0000007508,749,2023-11-19 23:17:24,,1
0000007776,0000007509,514,2024-04-11 02:31:44,,1
0000007777,0000007510,191,2018-10-03 11:01:36,,1
0000007778,0000007511,716,2023-02-15 10:52:42,,1
0000007779,0000007512,716,2017-11-02 23:56:20,,1
0000007780,0000007513,716,2024-04-05 14:51:37,,1
0000007781,0000007514,638,2019-03-13 08:41:44,,1
0000007782,0000007515,343,2019-07-19 03:42:01,,1
0000007783,0000007516,958,2018-12-16 12:26:10,,1
0000007784,0000007517,958,2018-05-07 09:47:31,,1
0000007785,0000007518,958,2021-10-01 20:51:53,,1
0000007786,0000007519,909,2022-12-23 06:10:46,,1
0000007787,0000007520,243,2025-05-20 18:54:13,,1
0000007788,0000007521,140,2024-04-24 18:13:03,,1
0000007789,0000007522,140,2017-03-26 12:34:15,,1
0000007790,0000007523,140,2017-12-09 11:21:48,,1
0000007791,0000007524,140,2017-05-14 22:06:58,,1
0000007792,0000007525,140,2021-01-20 20:33:35,,1
0000007793,0000007526,258,2016-12-24 22:02:03,,1
0000007794,0000007527,706,2023-03-04 14:42:56,,1
0000007795,0000007528,258,2017-03-01 04:43:58,,1
0000007796,0000007529,803,2019-10-08 17:37:13,,1
0000007797,0000007530,142,2019-12-23 01:24:11,,1
0000007798,0000007531,447,2016-09-12 19:22:55,,1
0000007799,0000007532,447,2017-06-21 00:47:48,,1
0000007800,0000007533,769,2016-12-30 20:40:30,,1
0000007801,0000007534,808,2020-06-10 00:03:17,,1
0000007802,0000007535,292,2025-03-27 15:56:29,,1
0000007803,0000007536,641,2017-08-20 13:07:18,,1
0000007804,0000007537,209,2020-06-11 06:33:27,,1
0000007805,0000007538,962,2024-05-23 15:34:36,,1
0000007806,0000007539,962,2024-05-05 09:32:22,,1
0000007807,0000007540,962,2025-10-07 06:36:32,,1
0000007808,0000007541,209,2019-10-30 20:14:10,,1
0000007809,0000007542,209,2018-03-07 20:43:49,,1
0000007810,0000007543,439,2026-01-10 12:17:27,,1
0000007811,0000007544,872,2019-03-23 19:19:01,,1
0000007812,0000007545,321,2019-10-07 19:31:20,,1
0000007813,0000007546,321,2017-06-23 23:36:34,,1
0000007814,0000007547,920,2015-04-01 11:22:15,,1
0000007815,0000007548,920,2019-01-16 13:17:08,2019-01-22 03:27:18,0
0000007816,0000007548,16,2019-01-22 03:27:18,,1
0000007817,0000007549,920,2014-11-25 08:26:26,,1
0000007818,0000007550,465,2017-04-11 09:38:33,,1
0000007819,0000007551,251,2016-05-17 06:11:43,,1
0000007820,0000007552,251,2017-12-23 14:14:15,,1
0000007821,0000007553,251,2017-12-23 10:00:19,,1
0000007822,0000007554,399,2017-01-14 09:24:02,,1
0000007823,0000007555,536,2021-02-26 04:00:09,,1
0000007824,0000007556,859,2015-10-01 17:41:22,,1
0000007825,0000007557,859,2015-07-09 08:46:15,,1
0000007826,0000007558,856,2016-03-04 06:04:46,,1
0000007827,0000007559,859,2016-02-09 21:21:33,,1
0000007828,0000007560,859,2015-10-21 12:07:23,,1
0000007829,0000007561,702,2021-05-09 00:12:36,,1
0000007830,0000007562,702,2025-07-01 04:49:12,,1
0000007831,0000007563,177,2021-01-18 02:59:28,,1
0000007832,0000007564,177,2021-04-25 19:41:03,,1
0000007833,0000007565,210,2022-12-23 14:11:53,,1
0000007834,0000007566,398,2019-05-18 21:53:58,,1
0000007835,0000007567,398,2023-09-11 02:22:36,,1
0000007836,0000007568,276,2017-07-01 05:02:36,,1
0000007837,0000007569,276,2016-05-01 20:35:00,,1
0000007838,0000007570,276,2016-07-10 13:55:36,,1
0000007839,0000007571,52,2018-01-19 07:47:39,,1
0000007840,0000007572,52,2020-07-14 14:51:35,,1
0000007841,0000007573,52,2019-02-02 17:09:23,,1
0000007842,0000007574,102,2020-01-13 18:34:43,,1
0000007843,0000007575,102,2016-09-21 20:42:18,,1
0000007844,0000007576,102,2019-03-04 07:56:50,,1
0000007845,0000007577,102,2019-04-26 16:18:44,,1
0000007846,0000007578,102,2018-06-16 20:49:44,,1
0000007847,0000007579,339,2023-02-12 08:39:10,,1
0000007848,0000007580,339,2023-08-02 22:37:45,,1
0000007849,0000007581,261,2022-04-05 03:20:16,,1
0000007850,0000007582,261,2024-08-30 00:42:22,2024-09-01 07:46:12,0
0000007851,0000007582,463,2024-09-01 07:46:12,,1
0000007852,0000007583,261,2020-07-13 11:15:09,,1
0000007853,0000007584,261,2016-12-15 20:11:24,2016-12-17 10:57:08,0
0000007854,0000007584,402,2016-12-17 10:57:08,,1
0000007855,0000007585,261,2020-05-19 17:41:19,,1
0000007856,0000007586,534,2019-02-23 21:59:12,,1
0000007857,0000007587,534,2019-07-27 02:11:40,,1
0000007858,0000007588,262,2024-06-21 12:37:17,,1
0000007859,0000007589,262,2023-05-07 01:34:48,,1
0000007860,0000007590,262,2021-06-08 23:17:54,,1
0000007861,0000007591,262,2024-03-26 21:14:41,,1
0000007862,0000007592,262,2022-12-09 00:19:44,,1
0000007863,0000007593,282,2022-10-04 13:19:56,,1
0000007864,0000007594,167,2019-10-13 03:53:09,,1
0000007865,0000007595,657,2022-03-06 03:31:20,,1
0000007866,0000007596,477,2021-11-03 06:06:07,,1
0000007867,0000007597,262,2024-07-21 07:14:47,,1
0000007868,0000007598,262,2020-12-11 15:49:38,,1
0000007869,0000007599,362,2017-10-06 12:13:02,,1
0000007870,0000007600,267,2020-08-23 19:52:40,,1
0000007871,0000007601,6,2019-02-08 07:54:48,,1
0000007872,0000007602,6,2026-09-12 19:36:49,,1
0000007873,0000007603,437,2020-07-18 12:56:52,,1
0000007874,0000007604,437,2019-04-18 15:02:20,,1
0000007875,0000007605,437,2020-04-10 10:06:16,,1
0000007876,0000007606,437,2022-04-12 19:31:07,,1
0000007877,0000007607,437,2019-02-24 12:14:29,,1
0000007878,0000007608,437,2022-12-21 09:09:51,,1
0000007879,0000007609,395,2018-08-16 11:42:16,,1
0000007880,0000007610,351,2022-04-21 16:20:35,,1
0000007881,0000007611,419,2025-07-21 16:01:46,,1
0000007882,0000007612,178,2018-02-17 02:21:09,,1
0000007883,0000007613,178,2020-09-29 10:04:59,,1
0000007884,0000007614,178,2019-10-14 21:58:16,,1
0000007885,0000007615,859,2025-02-11 11:35:36,,1
0000007886,0000007616,178,2024-03-06 19:56:13,,1
0000007887,0000007617,627,2017-03-28 00:17:40,,1
0000007888,0000007618,488,2017-09-24 09:33:55,,1
0000007889,0000007619,488,2018-11-25 11:17:53,,1
0000007890,0000007620,488,2017-10-03 13:46:40,,1
0000007891,0000007621,488,2018-01-08 09:39:14,,1
0000007892,0000007622,488,2016-09-04 10:52:55,,1
0000007893,0000007623,625,2020-09-07 00:25:55,,1
0000007894,0000007624,625,2022-05-21 20:15:20,,1
0000007895,0000007625,625,2021-11-18 01:12:59,,1
0000007896,0000007626,625,2018-04-15 09:57:54,,1
0000007897,0000007627,625,2019-08-28 17:32:51,,1
0000007898,0000007628,349,2022-10-12 09:31:39,,1
0000007899,0000007629,210,2019-03-17 12:49:39,,1
0000007900,0000007630,258,2016-04-28 11:28:37,,1
0000007901,0000007631,258,2016-02-27 19:40:13,,1
0000007902,0000007632,42,2022-12-27 21:58:47,,1
0000007903,0000007633,42,2024-06-26 10:34:17,,1
0000007904,0000007634,148,2022-02-14 14:37:03,,1
0000007905,0000007635,42,2023-10-03 10:17:35,,1
0000007906,0000007636,852,2016-08-17 12:42:23,,1
0000007907,0000007637,42,2020-11-18 02:14:10,,1
0000007908,0000007638,42,2017-11-28 08:42:50,,1
0000007909,0000007639,937,2026-07-15 13:06:22,,1
0000007910,0000007640,42,2022-02-15 00:18:17,,1
0000007911,0000007641,42,2020-06-19 22:38:12,,1
0000007912,0000007642,42,2023-03-25 13:25:26,,1
0000007913,0000007643,42,2021-07-14 17:51:25,,1
0000007914,0000007644,483,2023-11-03 07:56:34,,1
0000007915,0000007645,471,2018-05-20 16:56:34,,1
0000007916,0000007646,4,2021-02-14 20:14:20,,1
0000007917,0000007647,4,2022-07-09 06:35:52,,1
0000007918,0000007648,4,2022-10-04 02:21:12,2022-10-08 10:58:48,0
0000007919,0000007648,977,2022-10-08 10:58:48,,1
0000007920,0000007649,404,2019-12-20 21:37:18,,1
0000007921,0000007650,4,2023-02-08 02:43:41,,1
0000007922,0000007651,961,2019-03-10 09:11:07,,1
0000007923,0000007652,961,2020-11-10 11:47:16,,1
0000007924,0000007653,961,2020-08-25 04:30:53,,1
0000007925,0000007654,826,2016-10-21 19:34:37,,1
0000007926,0000007655,826,2016-12-21 10:31:39,,1
0000007927,0000007656,32,2018-02-27 09:32:11,,1
0000007928,0000007657,32,2019-06-14 01:55:52,,1
0000007929,0000007658,137,2025-07-05 16:12:11,,1
0000007930,0000007659,870,2025-09-24 06:45:35,,1
0000007931,0000007660,870,2025-03-30 14:33:43,,1
0000007932,0000007661,658,2021-08-13 16:12:54,,1
0000007933,0000007662,990,2018-08-07 14:52:04,,1
0000007934,0000007663,638,2025-02-02 22:42:44,,1
0000007935,0000007664,354,2024-04-20 12:13:03,,1
0000007936,0000007665,226,2020-06-10 13:58:26,,1
0000007937,0000007666,226,2019-01-20 21:11:52,,1
0000007938,0000007667,696,2018-05-04 05:37:11,,1
0000007939,0000007668,688,2018-01-24 08:16:11,,1
0000007940,0000007669,688,2018-08-11 14:27:03,,1
0000007941,0000007670,217,2016-01-14 13:59:35,,1
0000007942,0000007671,617,2019-03-21 16:36:56,,1
0000007943,0000007672,617,2018-12-01 06:46:40,,1
0000007944,0000007673,617,2022-07-10 04:55:02,,1
0000007945,0000007674,617,2017-07-04 16:14:02,,1
0000007946,0000007675,506,2017-05-07 05:44:10,,1
0000007947,0000007676,525,2025-03-11 17:44:09,,1
0000007948,0000007677,525,2026-10-05 07:20:08,,1
0000007949,0000007678,525,2025-12-14 23:23:29,,1
0000007950,0000007679,702,2021-10-28 03:07:46,,1
0000007951,0000007680,702,2024-04-30 06:39:39,,1
0000007952,0000007681,702,2017-04-16 05:40:38,,1
0000007953,0000007682,118,2021-10-03 05:10:42,,1
0000007954,0000007683,803,2017-12-17 21:22:30,,1
0000007955,0000007684,803,2018-09-07 16:35:29,,1
0000007956,0000007685,493,2019-10-31 16:05:13,,1
0000007957,0000007686,493,2019-11-12 21:45:58,,1
0000007958,0000007687,493,2026-08-25 03:00:56,,1
0000007959,0000007688,567,2020-01-26 15:45:58,,1
0000007960,0000007689,924,2022-07-05 00:47:30,,1
0000007961,0000007690,524,2023-08-13 04:38:25,2023-08-13 15:05:20,0
0000007962,0000007690,523,2023-08-13 15:05:20,,1
0000007963,0000007691,366,2022-11-07 17:55:13,,1
0000007964,0000007692,820,2023-11-09 01:42:03,,1
0000007965,0000007693,331,2021-05-26 08:19:10,,1
0000007966,0000007694,331,2020-01-06 05:52:42,,1
0000007967,0000007695,34,2019-01-28 12:49:37,,1
0000007968,0000007696,34,2022-02-23 07:45:05,,1
0000007969,0000007697,668,2026-05-12 23:23:13,,1
0000007970,0000007698,974,2022-08-09 02:27:34,,1
0000007971,0000007699,204,2023-03-04 23:30:13,,1
0000007972,0000007700,204,2019-12-21 10:06:03,,1
0000007973,0000007701,204,2022-03-05 12:07:34,,1
0000007974,0000007702,204,2019-12-15 20:00:57,,1
0000007975,0000007703,204,2020-04-21 17:54:09,,1
0000007976,0000007704,488,2021-02-19 04:28:32,,1
0000007977,0000007705,204,2020-08-31 13:49:38,,1
0000007978,0000007706,204,2018-11-13 01:32:43,,1
0000007979,0000007707,77,2020-04-02 07:33:27,2020-04-03 02:03:18,0
0000007980,0000007707,710,2020-04-03 02:03:18,,1
0000007981,0000007708,437,2023-08-06 18:54:12,,1
0000007982,0000007709,437,2022-10-09 21:11:26,,1
0000007983,0000007710,834,2022-10-01 18:36:26,,1
0000007984,0000007711,834,2020-12-07 03:15:06,,1
0000007985,0000007712,834,2022-06-09 19:50:14,,1
0000007986,0000007713,834,2018-04-25 23:56:07,,1
0000007987,0000007714,834,2018-02-04 16:25:23,,1
0000007988,0000007715,834,2024-03-13 18:58:05,,1
0000007989,0000007716,834,2024-09-04 03:54:39,,1
0000007990,0000007717,346,2019-05-16 16:16:35,,1
0000007991,0000007718,628,2022-08-29 12:44:32,,1
0000007992,0000007719,628,2022-11-02 13:19:13,,1
0000007993,0000007720,364,2022-08-19 21:24:50,,1
0000007994,0000007721,364,2024-08-09 03:24:15,,1
0000007995,0000007722,364,2024-03-26 20:19:33,,1
0000007996,0000007723,107,2022-12-28 15:24:55,2022-12-28 15:42:54,0
0000007997,0000007723,6,2022-12-28 15:42:54,,1
0000007998,0000007724,378,2022-01-02 08:16:39,,1
0000007999,0000007725,564,2022-02-16 09:18:44,,1
0000008000,0000007726,25,2018-10-19 20:53:58,,1
0000008001,0000007727,727,2018-10-18 18:19:15,,1
0000008002,0000007728,499,2022-07-31 00:17:48,,1
0000008003,0000007729,499,2023-06-17 16:56:34,,1
0000008004,0000007730,345,2020-06-23 19:48:59,2020-06-28 15:42:23,0
0000008005,0000007730,380,2020-06-28 15:42:23,,1
0000008006,0000007731,681,2019-04-26 03:46:05,,1
0000008007,0000007732,807,2017-12-05 10:23:41,,1
0000008008,0000007733,807,2026-06-19 19:28:16,,1
0000008009,0000007734,723,2018-10-19 07:13:34,,1
0000008010,0000007735,681,2022-05-23 22:37:30,,1
0000008011,0000007736,828,2018-11-08 04:20:48,,1
0000008012,0000007737,120,2020-10-09 01:03:41,,1
0000008013,0000007738,120,2024-08-24 03:41:30,,1
0000008014,0000007739,120,2016-01-18 14:20:28,,1
0000008015,0000007740,120,2020-07-20 01:25:02,,1
0000008016,0000007741,120,2018-08-15 12:29:30,,1
0000008017,0000007742,199,2020-03-24 13:02:47,,1
0000008018,0000007743,870,2018-09-13 19:31:32,,1
0000008019,0000007744,120,2017-01-14 17:53:29,,1
0000008020,0000007745,120,2023-01-07 20:36:36,,1
0000008021,0000007746,120,2024-07-09 19:31:03,,1
0000008022,0000007747,209,2024-01-18 13:32:10,,1
0000008023,0000007748,285,2024-04-08 19:42:16,,1
0000008024,0000007749,285,2023-07-26 06:55:39,,1
0000008025,0000007750,697,2025-12-09 07:26:09,,1
0000008026,0000007751,697,2025-10-12 00:33:32,2025-10-13 21:11:20,0
0000008027,0000007751,348,2025-10-13 21:11:20,,1
0000008028,0000007752,922,2019-05-09 20:34:57,,1
0000008029,0000007753,922,2018-11-16 18:39:24,,1
0000008030,0000007754,922,2025-12-05 11:25:51,,1
0000008031,0000007755,922,2021-10-06 23:16:58,,1
0000008032,0000007756,922,2024-08-05 10:43:41,,1
0000008033,0000007757,922,2017-09-09 04:42:23,,1
0000008034,0000007758,922,2025-04-11 18:33:49,,1
0000008035,0000007759,922,2018-11-06 16:35:45,,1
0000008036,0000007760,500,2018-01-23 22:55:43,,1
0000008037,0000007761,500,2018-02-27 01:43:38,,1
0000008038,0000007762,500,2017-12-11 11:30:06,2017-12-13 05:15:41,0
0000008039,0000007762,854,2017-12-13 05:15:41,,1
0000008040,0000007763,74,2018-10-10 17:16:16,,1
0000008041,0000007764,377,2023-10-16 04:25:58,,1
0000008042,0000007765,252,2021-09-27 16:31:15,,1
0000008043,0000007766,509,2021-01-30 19:56:22,,1
0000008044,0000007767,952,2020-09-16 17:38:00,,1
0000008045,0000007768,56,2017-12-18 20:02:27,,1
0000008046,0000007769,144,2024-10-08 10:53:24,,1
0000008047,0000007770,502,2021-07-20 09:42:40,,1
0000008048,0000007771,599,2017-07-06 17:52:14,,1
0000008049,0000007772,450,2015-03-20 14:37:48,,1
0000008050,0000007773,450,2015-05-29 10:29:24,,1
0000008051,0000007774,450,2016-01-18 22:26:34,,1
0000008052,0000007775,747,2023-04-21 19:35:43,,1
0000008053,0000007776,747,2025-02-02 07:19:41,,1
0000008054,0000007777,547,2025-12-02 00:50:02,,1
0000008055,0000007778,145,2017-04-13 23:45:04,,1
0000008056,0000007779,690,2020-02-07 04:49:36,,1
0000008057,0000007780,145,2020-01-14 09:21:51,,1
0000008058,0000007781,145,2022-12-18 09:44:09,,1
0000008059,0000007782,749,2017-09-13 10:59:32,,1
0000008060,0000007783,749,2024-01-22 19:25:20,,1
0000008061,0000007784,749,2024-07-25 01:18:59,,1
0000008062,0000007785,757,2025-10-03 20:12:54,,1
0000008063,0000007786,749,2017-10-02 18:05:04,,1
0000008064,0000007787,749,2019-07-20 11:06:47,,1
0000008065,0000007788,749,2021-12-14 05:34:20,,1
0000008066,0000007789,749,2024-11-19 23:38:40,,1
0000008067,0000007790,808,2016-09-22 15:27:22,,1
0000008068,0000007791,153,2021-05-05 01:08:27,,1
0000008069,0000007792,153,2019-12-19 13:29:53,,1
0000008070,0000007793,153,2020-08-07 18:44:24,2020-08-09 10:41:20,0
0000008071,0000007793,630,2020-08-09 10:41:20,,1
0000008072,0000007794,367,2025-09-06 17:22:39,,1
0000008073,0000007795,598,2025-05-16 01:22:41,,1
0000008074,0000007796,598,2018-03-15 02:57:11,,1
0000008075,0000007797,598,2017-10-13 17:17:12,,1
0000008076,0000007798,296,2017-06-24 05:27:25,,1
0000008077,0000007799,598,2023-04-26 22:25:17,,1
0000008078,0000007800,527,2021-05-02 12:40:35,,1
0000008079,0000007801,527,2022-08-23 11:28:51,,1
0000008080,0000007802,527,2021-10-20 09:10:45,,1
0000008081,0000007803,53,2018-03-11 22:41:32,,1
0000008082,0000007804,53,2017-05-17 11:24:03,,1
0000008083,0000007805,647,2022-10-13 01:38:51,,1
0000008084,0000007806,538,2018-04-28 05:49:27,,1
0000008085,0000007807,55,2020-05-17 12:36:13,,1
0000008086,0000007808,708,2025-12-08 11:16:54,,1
0000008087,0000007809,663,2019-08-01 14:04:14,,1
0000008088,0000007810,663,2020-07-09 12:19:23,,1
0000008089,0000007811,708,2024-08-27 18:30:23,,1
0000008090,0000007812,708,2025-11-15 13:01:41,,1
0000008091,0000007813,414,2023-03-26 00:30:45,,1
0000008092,0000007814,414,2024-01-03 20:16:45,,1
0000008093,0000007815,504,2026-04-18 13:08:39,,1
0000008094,0000007816,328,2021-09-25 19:25:11,,1
0000008095,0000007817,139,2022-04-04 00:45:58,,1
0000008096,0000007818,139,2017-12-01 15:43:55,,1
0000008097,0000007819,139,2022-03-15 05:32:09,,1
0000008098,0000007820,139,2023-12-26 14:39:45,,1
0000008099,0000007821,139,2024-11-30 16:38:35,,1
0000008100,0000007822,890,2023-12-27 07:49:33,,1
0000008101,0000007823,238,2019-09-23 13:09:50,,1
0000008102,0000007824,238,2021-08-03 17:00:21,,1
0000008103,0000007825,238,2018-06-04 10:40:11,,1
0000008104,0000007826,238,2022-02-16 03:58:00,2022-02-16 20:05:42,0
0000008105,0000007826,10,2022-02-16 20:05:42,,1
0000008106,0000007827,238,2023-01-11 12:44:23,,1
0000008107,0000007828,662,2025-04-09 13:14:47,,1
0000008108,0000007829,238,2018-09-22 23:15:38,,1
0000008109,0000007830,892,2019-01-18 23:15:22,,1
0000008110,0000007831,238,2021-10-25 18:53:14,,1
0000008111,0000007832,100,2023-03-29 11:32:07,,1
0000008112,0000007833,488,2021-04-23 18:07:04,,1
0000008113,0000007834,387,2023-01-01 04:15:30,,1
0000008114,0000007835,387,2022-10-26 15:19:52,2022-10-31 19:19:09,0
0000008115,0000007835,755,2022-10-31 19:19:09,,1
0000008116,0000007836,144,2025-08-03 03:34:35,,1
0000008117,0000007837,117,2019-04-06 07:40:59,,1
0000008118,0000007838,117,2023-02-27 13:27:18,,1
0000008119,0000007839,229,2017-08-02 03:21:57,,1
0000008120,0000007840,816,2021-11-24 18:43:37,,1
0000008121,0000007841,816,2021-12-09 20:02:44,,1
0000008122,0000007842,816,2020-12-30 15:36:50,,1
0000008123,0000007843,338,2026-01-30 12:17:42,,1
0000008124,0000007844,201,2018-02-14 23:47:23,,1
0000008125,0000007845,625,2018-02-03 20:35:04,2018-02-05 15:35:45,0
0000008126,0000007845,978,2018-02-05 15:35:45,,1
0000008127,0000007846,275,2024-05-26 02:34:36,2024-05-26 07:01:18,0
0000008128,0000007846,495,2024-05-26 07:01:18,,1
0000008129,0000007847,769,2015-10-08 07:50:23,,1
0000008130,0000007848,769,2018-03-11 16:02:44,,1
0000008131,0000007849,769,2017-03-19 15:33:21,,1
0000008132,0000007850,365,2018-01-24 21:47:53,,1
0000008133,0000007851,365,2024-01-28 08:51:20,,1
0000008134,0000007852,834,2023-07-13 08:07:42,,1
0000008135,0000007853,380,2019-04-24 01:14:57,,1
0000008136,0000007854,939,2019-12-08 21:54:47,,1
0000008137,0000007855,296,2018-07-20 18:51:54,,1
0000008138,0000007856,355,2023-07-01 17:25:54,,1
0000008139,0000007857,296,2019-05-18 17:47:02,2019-05-20 02:59:22,0
0000008140,0000007857,218,2019-05-20 02:59:22,,1
0000008141,0000007858,296,2024-08-25 04:15:46,,1
0000008142,0000007859,70,2025-04-25 17:35:10,,1
0000008143,0000007860,575,2019-05-17 20:31:51,,1
0000008144,0000007861,575,2021-06-05 03:16:04,,1
0000008145,0000007862,575,2022-11-18 02:32:51,,1
0000008146,0000007863,899,2017-07-12 04:32:23,,1
0000008147,0000007864,899,2021-01-08 08:39:27,,1
0000008148,0000007865,764,2018-01-31 13:49:26,,1
0000008149,0000007866,899,2021-08-16 21:34:07,,1
0000008150,0000007867,274,2021-10-15 10:54:19,,1
0000008151,0000007868,899,2022-07-13 17:56:08,,1
0000008152,0000007869,899,2021-03-10 23:50:27,,1
0000008153,0000007870,899,2018-02-15 09:55:55,2018-02-18 16:32:51,0
0000008154,0000007870,604,2018-02-18 16:32:51,,1
0000008155,0000007871,84,2018-12-13 19:30:10,,1
0000008156,0000007872,84,2018-06-03 08:09:54,,1
0000008157,0000007873,84,2017-08-04 13:05:44,,1
0000008158,0000007874,294,2017-10-28 03:40:21,,1
0000008159,0000007875,337,2026-07-18 18:50:53,,1
0000008160,0000007876,771,2018-08-17 04:49:36,,1
0000008161,0000007877,771,2019-03-17 20:39:23,,1
0000008162,0000007878,30,2022-10-04 14:02:28,,1
0000008163,0000007879,483,2018-01-01 05:36:10,,1
0000008164,0000007880,483,2020-02-26 03:16:44,,1
0000008165,0000007881,483,2020-07-03 13:22:16,,1
0000008166,0000007882,835,2026-09-22 11:28:50,,1
0000008167,0000007883,788,2025-10-02 21:08:55,,1
0000008168,0000007884,588,2023-08-15 02:39:34,,1
0000008169,0000007885,588,2021-06-06 14:35:03,,1
0000008170,0000007886,588,2025-04-01 03:26:23,,1
0000008171,0000007887,588,2024-02-01 08:13:18,,1
0000008172,0000007888,588,2020-03-24 23:29:16,2020-03-26 09:27:00,0
0000008173,0000007888,638,2020-03-26 09:27:00,,1
0000008174,0000007889,408,2020-08-01 08:29:04,,1
0000008175,0000007890,408,2019-05-24 21:32:31,,1
0000008176,0000007891,189,2021-04-25 22:42:41,,1
0000008177,0000007892,189,2020-07-06 09:06:39,,1
0000008178,0000007893,498,2023-10-25 03:24:04,,1
0000008179,0000007894,683,2020-04-09 06:30:48,,1
0000008180,0000007895,143,2019-12-01 05:40:29,,1
0000008181,0000007896,143,2023-01-08 20:38:31,,1
0000008182,0000007897,473,2024-07-30 10:22:39,,1
0000008183,0000007898,424,2019-10-01 12:12:19,,1
0000008184,0000007899,526,2025-07-12 17:01:00,,1
0000008185,0000007900,911,2026-03-08 22:56:32,,1
0000008186,0000007901,27,2016-03-17 06:12:19,,1
0000008187,0000007902,979,2020-04-29 16:25:51,,1
0000008188,0000007903,979,2023-02-19 04:49:19,,1
0000008189,0000007904,411,2023-04-21 03:55:44,,1
0000008190,0000007905,430,2022-04-14 01:53:05,,1
0000008191,0000007906,967,2018-08-09 22:36:46,,1
0000008192,0000007907,746,2024-06-13 00:40:48,,1
0000008193,0000007908,935,2020-02-04 23:57:48,2020-02-05 01:39:39,0
0000008194,0000007908,622,2020-02-05 01:39:39,,1
0000008195,0000007909,222,2021-09-14 21:56:31,,1
0000008196,0000007910,222,2020-04-28 21:40:38,,1
0000008197,0000007911,222,2018-06-22 19:43:56,,1
0000008198,0000007912,222,2020-04-06 02:40:05,,1
0000008199,0000007913,49,2025-03-15 21:33:26,,1
0000008200,0000007914,49,2017-11-24 22:00:37,,1
0000008201,0000007915,49,2016-02-06 10:38:21,,1
0000008202,0000007916,543,2016-12-05 22:18:49,,1
0000008203,0000007917,543,2019-05-06 00:18:36,,1
0000008204,0000007918,543,2021-09-29 19:22:59,,1
0000008205,0000007919,299,2025-09-08 15:49:22,,1
0000008206,0000007920,299,2020-06-24 00:13:01,,1
0000008207,0000007921,957,2024-10-01 04:18:13,,1
0000008208,0000007922,761,2023-06-12 15:06:44,,1
0000008209,0000007923,957,2026-01-28 15:57:22,,1
0000008210,0000007924,917,2019-10-25 05:53:23,,1
0000008211,0000007925,176,2022-01-21 17:42:16,,1
0000008212,0000007926,713,2023-07-14 15:27:23,,1
0000008213,0000007927,136,2018-08-02 17:36:33,,1
0000008214,0000007928,63,2020-06-11 10:49:06,,1
0000008215,0000007929,82,2023-11-08 18:46:50,,1
0000008216,0000007930,82,2023-01-09 16:48:51,,1
0000008217,0000007931,82,2023-08-23 12:46:14,2023-08-26 16:10:27,0
0000008218,0000007931,739,2023-08-26 16:10:27,,1
0000008219,0000007932,82,2019-05-30 06:11:26,,1
0000008220,0000007933,82,2018-01-29 22:18:20,,1
0000008221,0000007934,133,2023-09-21 16:12:13,,1
0000008222,0000007935,209,2026-08-09 16:07:46,,1
0000008223,0000007936,209,2023-01-17 00:21:08,,1
0000008224,0000007937,139,2016-05-30 00:41:49,,1
0000008225,0000007938,139,2017-04-11 05:05:58,,1
0000008226,0000007939,583,2025-07-23 00:14:35,,1
0000008227,0000007940,671,2021-01-09 17:18:34,,1
0000008228,0000007941,671,2026-07-10 18:45:15,,1
0000008229,0000007942,823,2017-06-23 06:44:25,,1
0000008230,0000007943,671,2024-03-04 02:34:24,,1
0000008231,0000007944,671,2022-01-08 07:29:28,,1
0000008232,0000007945,671,2022-02-26 09:47:02,,1
0000008233,0000007946,702,2018-08-19 12:24:42,,1
0000008234,0000007947,307,2023-05-11 23:47:32,,1
0000008235,0000007948,307,2021-06-20 10:38:15,,1
0000008236,0000007949,944,2022-10-25 14:33:50,,1
0000008237,0000007950,307,2019-10-18 17:06:18,,1
0000008238,0000007951,307,2022-02-26 19:07:46,,1
0000008239,0000007952,307,2022-07-04 16:55:39,,1
0000008240,0000007953,307,2021-05-07 08:57:25,,1
0000008241,0000007954,307,2019-07-28 01:35:47,,1
0000008242,0000007955,620,2022-05-23 04:15:01,,1
0000008243,0000007956,620,2017-02-13 19:34:18,,1
0000008244,0000007957,620,2017-09-10 17:23:27,,1
0000008245,0000007958,309,2020-08-14 14:32:49,,1
0000008246,0000007959,512,2016-04-26 18:56:49,,1
0000008247,0000007960,309,2023-05-17 09:04:25,,1
0000008248,0000007961,309,2023-06-25 04:04:31,,1
0000008249,0000007962,309,2023-12-31 21:18:57,,1
0000008250,0000007963,657,2016-09-18 04:57:59,,1
0000008251,0000007964,657,2020-04-02 23:11:56,,1
0000008252,0000007965,657,2023-02-04 15:53:24,,1
0000008253,0000007966,657,2021-04-23 19:35:04,,1
0000008254,0000007967,657,2021-09-11 18:14:40,,1
0000008255,0000007968,657,2018-01-25 22:21:18,,1
0000008256,0000007969,657,2017-09-05 21:35:21,,1
0000008257,0000007970,657,2019-05-06 06:24:04,,1
0000008258,0000007971,53,2018-04-29 20:00:38,,1
0000008259,0000007972,53,2022-08-15 20:13:04,,1
0000008260,0000007973,320,2019-11-05 02:43:00,,1
0000008261,0000007974,290,2022-08-04 20:18:33,,1
0000008262,0000007975,290,2022-08-27 23:03:07,,1
0000008263,0000007976,973,2025-08-01 00:56:09,,1
0000008264,0000007977,290,2020-07-18 09:47:55,,1
0000008265,0000007978,290,2023-06-07 21:18:53,,1
0000008266,0000007979,290,2018-12-06 17:27:08,,1
0000008267,0000007980,519,2024-05-23 02:47:31,,1
0000008268,0000007981,290,2023-05-30 19:23:58,,1
0000008269,0000007982,834,2017-04-17 07:51:16,,1
0000008270,0000007983,463,2016-09-27 13:36:54,,1
0000008271,0000007984,460,2023-08-15 19:47:29,,1
0000008272,0000007985,460,2016-10-18 16:04:06,,1
0000008273,0000007986,339,2017-02-18 13:04:39,,1
0000008274,0000007987,27,2021-05-24 21:26:12,,1
0000008275,0000007988,302,2022-06-28 18:54:12,,1
0000008276,0000007989,302,2020-01-22 13:54:05,,1
0000008277,0000007990,828,2023-07-22 17:27:45,,1
0000008278,0000007991,828,2022-01-08 12:22:47,,1
0000008279,0000007992,614,2016-06-04 06:05:35,,1
0000008280,0000007993,614,2018-12-07 15:15:48,,1
0000008281,0000007994,484,2026-08-22 04:06:02,,1
0000008282,0000007995,484,2016-04-21 23:05:06,,1
0000008283,0000007996,484,2017-06-11 04:24:31,,1
0000008284,0000007997,484,2018-02-17 05:46:59,,1
0000008285,0000007998,484,2024-10-18 14:08:03,,1
0000008286,0000007999,484,2021-10-24 01:36:12,,1
0000008287,0000008000,484,2018-05-25 14:49:53,,1
0000008288,0000008001,799,2023-10-07 22:54:21,2023-10-09 06:43:01,0
0000008289,0000008001,879,2023-10-09 06:43:01,,1
0000008290,0000008002,812,2024-03-22 20:24:19,,1
0000008291,0000008003,892,2021-07-12 20:23:13,,1
0000008292,0000008004,892,2016-03-01 06:37:34,,1
0000008293,0000008005,152,2023-04-13 10:11:27,,1
0000008294,0000008006,186,2024-03-27 14:32:04,,1
0000008295,0000008007,335,2023-08-05 20:50:40,,1
0000008296,0000008008,10,2020-03-03 23:06:18,,1
0000008297,0000008009,335,2023-09-21 11:52:16,,1
0000008298,0000008010,335,2023-09-30 09:58:31,,1
0000008299,0000008011,335,2024-05-08 07:13:10,,1
0000008300,0000008012,40,2019-10-05 19:20:23,,1
0000008301,0000008013,40,2018-12-15 06:58:50,,1
0000008302,0000008014,142,2022-07-15 17:50:14,,1
0000008303,0000008015,959,2021-11-20 14:43:02,,1
0000008304,0000008016,959,2024-05-04 06:03:10,,1
0000008305,0000008017,959,2025-08-12 09:05:48,,1
0000008306,0000008018,959,2022-08-27 20:39:40,,1
0000008307,0000008019,959,2020-08-05 08:39:36,,1
0000008308,0000008020,959,2021-11-16 15:56:50,,1
0000008309,0000008021,959,2021-08-01 02:48:43,,1
0000008310,0000008022,327,2017-12-27 21:28:52,,1
0000008311,0000008023,327,2018-03-05 03:09:28,,1
0000008312,0000008024,327,2017-09-08 00:06:01,,1
0000008313,0000008025,655,2021-11-03 03:15:54,,1
0000008314,0000008026,655,2024-04-25 06:13:54,,1
0000008315,0000008027,949,2020-05-07 04:07:08,,1
0000008316,0000008028,473,2019-08-11 02:42:17,,1
0000008317,0000008029,309,2020-10-01 04:13:21,,1
0000008318,0000008030,570,2016-06-11 19:29:13,,1
0000008319,0000008031,570,2024-02-18 12:49:12,,1
0000008320,0000008032,510,2023-04-10 10:24:41,,1
0000008321,0000008033,510,2018-11-16 09:10:26,,1
0000008322,0000008034,510,2023-10-17 22:57:02,,1
0000008323,0000008035,510,2020-05-09 13:23:10,,1
0000008324,0000008036,399,2023-09-26 06:36:57,,1
0000008325,0000008037,935,2025-12-20 07:42:28,,1
0000008326,0000008038,935,2025-04-10 11:25:14,,1
0000008327,0000008039,510,2020-11-23 10:15:45,,1
0000008328,0000008040,510,2022-12-03 08:26:18,,1
0000008329,0000008041,935,2025-10-03 17:12:24,,1
0000008330,0000008042,510,2019-08-22 11:17:48,,1
0000008331,0000008043,510,2018-12-24 14:11:46,,1
0000008332,0000008044,954,2018-05-25 09:26:02,,1
0000008333,0000008045,834,2019-12-21 17:56:20,,1
0000008334,0000008046,618,2022-06-25 16:45:56,,1
0000008335,0000008047,340,2021-01-26 08:08:40,,1
0000008336,0000008048,340,2017-12-06 14:19:50,,1
0000008337,0000008049,218,2023-04-03 16:02:13,,1
0000008338,0000008050,431,2021-12-18 19:21:15,,1
0000008339,0000008051,431,2022-12-06 07:09:20,,1
0000008340,0000008052,455,2017-07-14 20:22:46,,1
0000008341,0000008053,425,2017-09-25 11:44:06,,1
0000008342,0000008054,96,2021-11-16 17:37:47,,1
0000008343,0000008055,425,2017-09-11 19:13:56,,1
0000008344,0000008056,21,2018-06-21 10:58:53,,1
0000008345,0000008057,525,2023-10-19 23:58:40,,1
0000008346,0000008058,21,2020-08-25 08:30:31,,1
0000008347,0000008059,525,2025-01-12 09:24:32,,1
0000008348,0000008060,200,2026-08-29 23:18:57,,1
0000008349,0000008061,21,2018-06-15 05:13:39,,1
0000008350,0000008062,21,2021-11-23 09:23:42,,1
0000008351,0000008063,21,2019-01-05 01:06:43,,1
0000008352,0000008064,822,2017-07-07 15:33:04,,1
0000008353,0000008065,822,2017-08-11 08:46:28,,1
0000008354,0000008066,72,2017-11-18 05:29:53,2017-11-19 14:02:43,0
0000008355,0000008066,761,2017-11-19 14:02:43,,1
0000008356,0000008067,727,2018-10-21 01:20:06,,1
0000008357,0000008068,470,2023-07-29 00:21:01,,1
0000008358,0000008069,618,2025-10-20 14:19:23,,1
0000008359,0000008070,199,2023-10-03 09:30:16,,1
0000008360,0000008071,470,2022-07-05 17:03:47,2022-07-06 08:56:08,0
0000008361,0000008071,528,2022-07-06 08:56:08,,1
0000008362,0000008072,470,2021-08-19 12:23:07,,1
0000008363,0000008073,347,2022-04-27 10:31:11,,1
0000008364,0000008074,48,2026-03-25 21:29:44,,1
0000008365,0000008075,927,2026-01-05 16:17:48,,1
0000008366,0000008076,927,2016-07-17 20:00:43,,1
0000008367,0000008077,927,2022-01-05 12:45:06,,1
0000008368,0000008078,927,2018-01-02 06:14:27,,1
0000008369,0000008079,927,2024-07-22 05:26:22,2024-07-22 06:50:56,0
0000008370,0000008079,751,2024-07-22 06:50:56,,1
0000008371,0000008080,619,2024-01-13 02:28:17,,1
0000008372,0000008081,540,2017-08-08 07:38:46,,1
0000008373,0000008082,619,2025-05-10 07:44:44,,1
0000008374,0000008083,860,2019-11-04 06:18:13,,1
0000008375,0000008084,860,2022-08-22 18:10:02,,1
0000008376,0000008085,688,2018-06-15 12:31:11,,1
0000008377,0000008086,688,2019-05-09 07:06:22,,1
0000008378,0000008087,688,2018-10-04 05:28:35,,1
0000008379,0000008088,726,2020-03-10 23:40:47,,1
0000008380,0000008089,726,2021-06-24 14:52:44,,1
0000008381,0000008090,66,2020-04-10 17:45:43,,1
0000008382,0000008091,824,2021-02-04 22:45:41,,1
0000008383,0000008092,555,2017-12-22 10:36:05,2017-12-24 13:25:38,0
0000008384,0000008092,735,2017-12-24 13:25:38,,1
0000008385,0000008093,630,2020-08-19 16:06:14,,1
0000008386,0000008094,630,2019-12-13 15:39:50,,1
0000008387,0000008095,630,2019-06-17 04:03:16,,1
0000008388,0000008096,687,2021-02-08 04:24:59,,1
0000008389,0000008097,429,2019-02-26 21:43:20,,1
0000008390,0000008098,561,2017-10-14 03:46:54,,1
0000008391,0000008099,561,2018-04-05 21:05:51,,1
0000008392,0000008100,561,2017-12-23 13:53:56,,1
0000008393,0000008101,561,2016-06-07 20:41:07,,1
0000008394,0000008102,561,2018-09-09 03:12:10,,1
0000008395,0000008103,500,2017-08-31 03:24:37,,1
0000008396,0000008104,845,2015-12-21 10:01:23,,1
0000008397,0000008105,561,2018-02-26 17:16:34,,1
0000008398,0000008106,396,2021-02-10 03:20:17,,1
0000008399,0000008107,553,2022-10-03 07:26:15,,1
0000008400,0000008108,461,2022-05-05 21:47:17,,1
0000008401,0000008109,566,2021-04-24 07:53:27,,1
0000008402,0000008110,553,2024-04-17 18:36:11,2024-04-19 05:18:17,0
0000008403,0000008110,110,2024-04-19 05:18:17,,1
0000008404,0000008111,553,2021-05-25 07:44:48,,1
0000008405,0000008112,943,2026-09-08 00:28:53,,1
0000008406,0000008113,292,2026-04-22 22:16:56,,1
0000008407,0000008114,530,2020-06-02 06:50:32,,1
0000008408,0000008115,530,2020-11-15 18:00:31,,1
0000008409,0000008116,738,2024-02-19 13:11:31,,1
0000008410,0000008117,663,2026-09-01 01:04:20,,1
0000008411,0000008118,530,2021-01-31 19:47:43,,1
0000008412,0000008119,442,2025-11-18 11:59:03,,1
0000008413,0000008120,530,2019-11-18 19:26:37,,1
0000008414,0000008121,530,2022-02-26 14:49:11,2022-02-27 02:07:49,0
0000008415,0000008121,909,2022-02-27 02:07:49,,1
0000008416,0000008122,530,2023-10-07 22:12:14,,1
0000008417,0000008123,530,2022-05-21 00:58:47,,1
0000008418,0000008124,42,2021-11-30 15:00:09,,1
0000008419,0000008125,584,2018-07-24 03:32:19,,1
0000008420,0000008126,584,2023-09-04 20:21:28,,1
0000008421,0000008127,353,2018-06-27 20:01:37,,1
0000008422,0000008128,503,2019-12-07 03:16:16,,1
0000008423,0000008129,97,2017-10-24 19:43:13,2017-10-25 10:59:37,0
0000008424,0000008129,822,2017-10-25 10:59:37,,1
0000008425,0000008130,97,2019-11-18 15:54:42,2019-11-18 21:41:23,0
0000008426,0000008130,769,2019-11-18 21:41:23,,1
0000008427,0000008131,97,2026-03-14 12:11:03,,1
0000008428,0000008132,97,2019-05-03 12:19:18,,1
0000008429,0000008133,97,2019-04-14 20:27:24,,1
0000008430,0000008134,97,2026-05-25 05:13:05,,1
0000008431,0000008135,97,2021-10-14 14:50:05,,1
0000008432,0000008136,97,2025-11-21 09:08:50,2025-11-25 13:34:35,0
0000008433,0000008136,444,2025-11-25 13:34:35,,1
0000008434,0000008137,718,2024-07-06 01:55:26,2024-07-09 06:50:52,0
0000008435,0000008137,357,2024-07-09 06:50:52,,1
0000008436,0000008138,718,2022-07-30 06:17:16,,1
0000008437,0000008139,168,2018-03-08 22:13:08,,1
0000008438,0000008140,168,2021-06-02 15:13:16,,1
0000008439,0000008141,168,2019-05-17 03:53:00,,1
0000008440,0000008142,66,2017-10-24 17:32:25,,1
0000008441,0000008143,66,2016-08-04 21:16:28,,1
0000008442,0000008144,66,2016-08-18 18:51:32,,1
0000008443,0000008145,989,2019-02-12 16:48:06,,1
0000008444,0000008146,402,2019-10-21 03:33:38,,1
0000008445,0000008147,402,2019-01-21 04:58:21,,1
0000008446,0000008148,402,2019-10-09 16:04:28,,1
0000008447,0000008149,402,2017-12-09 11:31:40,,1
0000008448,0000008150,169,2026-05-30 16:46:13,,1
0000008449,0000008151,288,2025-09-17 11:33:30,,1
0000008450,0000008152,982,2025-06-04 11:01:19,,1
0000008451,0000008153,982,2026-10-05 19:30:12,,1
0000008452,0000008154,982,2025-07-21 11:56:19,,1
0000008453,0000008155,6,2016-10-23 12:36:57,,1
0000008454,0000008156,6,2016-10-27 00:49:21,,1
0000008455,0000008157,982,2025-02-26 14:35:05,,1
0000008456,0000008158,6,2017-09-17 05:46:16,,1
0000008457,0000008159,769,2022-05-02 14:04:39,,1
0000008458,0000008160,32,2020-05-27 01:35:40,,1
0000008459,0000008161,769,2022-03-21 13:19:01,,1
0000008460,0000008162,802,2026-07-11 22:09:37,,1
0000008461,0000008163,890,2016-02-13 12:05:53,,1
0000008462,0000008164,890,2018-01-26 12:31:23,,1
0000008463,0000008165,526,2017-10-15 11:05:26,,1
0000008464,0000008166,915,2018-04-09 02:22:06,,1
0000008465,0000008167,915,2020-11-04 17:31:58,,1
0000008466,0000008168,475,2019-07-07 16:53:41,2019-07-08 15:25:36,0
0000008467,0000008168,8,2019-07-08 15:25:36,,1
0000008468,0000008169,899,2023-04-06 17:05:05,,1
0000008469,0000008170,899,2022-07-08 04:41:17,,1
0000008470,0000008171,899,2022-02-17 05:09:06,2022-02-20 11:28:44,0
0000008471,0000008171,413,2022-02-20 11:28:44,,1
0000008472,0000008172,899,2023-02-19 00:06:40,,1
0000008473,0000008173,475,2017-07-11 09:01:30,,1
0000008474,0000008174,141,2025-02-28 04:32:02,,1
0000008475,0000008175,15,2022-12-03 12:42:37,,1
0000008476,0000008176,164,2018-09-20 13:35:52,,1
0000008477,0000008177,25,2015-09-05 08:53:49,,1
0000008478,0000008178,198,2020-09-13 19:12:15,,1
0000008479,0000008179,198,2022-03-24 04:17:04,,1
0000008480,0000008180,198,2022-12-01 23:20:47,,1
0000008481,0000008181,198,2024-04-28 14:39:07,,1
0000008482,0000008182,198,2026-09-22 19:14:59,,1
0000008483,0000008183,735,2019-01-09 06:32:59,,1
0000008484,0000008184,275,2016-06-05 09:15:49,,1
0000008485,0000008185,579,2024-06-22 16:23:20,,1
0000008486,0000008186,116,2017-09-27 15:31:00,,1
0000008487,0000008187,863,2021-06-20 05:02:17,,1
0000008488,0000008188,434,2022-08-10 17:57:05,,1
0000008489,0000008189,193,2022-02-10 20:25:14,,1
0000008490,0000008190,434,2018-12-09 20:43:18,,1
0000008491,0000008191,817,2016-06-22 17:18:54,,1
0000008492,0000008192,434,2020-01-10 06:35:16,,1
0000008493,0000008193,93,2019-01-24 02:49:23,,1
0000008494,0000008194,434,2021-11-01 09:28:29,,1
0000008495,0000008195,434,2016-10-13 16:40:23,,1
0000008496,0000008196,434,2018-07-16 19:43:05,,1
0000008497,0000008197,434,2019-05-01 08:20:38,,1
0000008498,0000008198,434,2018-08-19 23:46:55,,1
0000008499,0000008199,434,2022-06-02 06:55:29,,1
0000008500,0000008200,758,2019-04-14 11:40:17,,1
0000008501,0000008201,287,2026-05-28 13:54:24,,1
0000008502,0000008202,287,2020-11-30 09:20:06,,1
0000008503,0000008203,287,2024-09-21 20:25:30,,1
0000008504,0000008204,637,2023-05-16 20:42:15,,1
0000008505,0000008205,820,2024-07-26 06:39:04,,1
0000008506,0000008206,899,2018-12-12 22:55:46,,1
0000008507,0000008207,50,2025-08-22 21:40:42,,1
0000008508,0000008208,899,2021-07-05 18:18:21,,1
0000008509,0000008209,899,2018-04-02 06:41:50,,1
0000008510,0000008210,899,2018-01-01 03:10:23,,1
0000008511,0000008211,436,2024-12-10 09:59:00,,1
0000008512,0000008212,289,2025-07-30 08:46:59,,1
0000008513,0000008213,289,2020-06-23 21:22:17,,1
0000008514,0000008214,289,2018-01-27 22:56:39,,1
0000008515,0000008215,289,2022-08-06 16:30:59,,1
0000008516,0000008216,416,2017-08-17 05:51:07,,1
0000008517,0000008217,755,2017-05-12 02:10:24,,1
0000008518,0000008218,945,2023-02-04 03:53:38,,1
0000008519,0000008219,945,2021-08-04 02:33:47,,1
0000008520,0000008220,861,2022-11-08 11:36:26,,1
0000008521,0000008221,910,2024-07-24 16:29:28,,1
0000008522,0000008222,529,2020-02-13 02:45:25,,1
0000008523,0000008223,725,2022-10-29 08:12:36,,1
0000008524,0000008224,450,2019-05-21 10:54:58,,1
0000008525,0000008225,450,2019-06-28 12:22:14,,1
0000008526,0000008226,450,2018-09-08 16:41:05,,1
0000008527,0000008227,450,2019-05-09 08:35:10,,1
0000008528,0000008228,450,2021-05-08 03:16:09,,1
0000008529,0000008229,341,2017-03-03 04:11:58,,1
0000008530,0000008230,341,2024-02-20 04:34:24,,1
0000008531,0000008231,341,2019-03-22 00:13:33,,1
0000008532,0000008232,341,2021-10-17 15:52:22,,1
0000008533,0000008233,341,2020-10-01 06:32:17,,1
0000008534,0000008234,807,2018-03-31 17:34:20,,1
0000008535,0000008235,164,2019-09-15 15:26:49,,1
0000008536,0000008236,164,2018-08-13 19:21:21,,1
0000008537,0000008237,45,2025-06-04 04:18:09,,1
0000008538,0000008238,808,2018-10-06 22:57:47,,1
0000008539,0000008239,808,2022-12-17 10:56:36,,1
0000008540,0000008240,824,2024-09-30 07:28:52,,1
0000008541,0000008241,824,2020-09-17 08:49:40,,1
0000008542,0000008242,908,2023-04-04 10:24:08,,1
0000008543,0000008243,908,2016-05-27 17:28:02,,1
0000008544,0000008244,795,2026-01-11 22:37:05,,1
0000008545,0000008245,132,2021-09-18 15:13:38,,1
0000008546,0000008246,150,2021-11-07 14:10:05,,1
0000008547,0000008247,692,2024-11-25 08:25:24,,1
0000008548,0000008248,692,2020-08-13 08:00:46,,1
0000008549,0000008249,757,2020-01-26 23:36:36,,1
0000008550,0000008250,386,2021-04-15 06:47:35,,1
0000008551,0000008251,304,2023-08-27 10:24:21,,1
0000008552,0000008252,417,2020-11-15 14:14:36,,1
0000008553,0000008253,914,2024-06-12 01:10:34,,1
0000008554,0000008254,304,2024-01-11 16:02:59,,1
0000008555,0000008255,359,2023-07-29 00:37:22,,1
0000008556,0000008256,731,2018-10-27 21:59:46,,1
0000008557,0000008257,487,2018-11-06 01:49:57,,1
0000008558,0000008258,250,2018-09-15 04:50:23,,1
0000008559,0000008259,250,2019-07-30 18:39:28,,1
0000008560,0000008260,505,2017-11-08 15:56:49,,1
0000008561,0000008261,32,2024-02-23 07:43:33,,1
0000008562,0000008262,819,2020-07-30 12:14:12,,1
0000008563,0000008263,32,2025-08-10 08:36:40,,1
0000008564,0000008264,273,2017-02-27 20:09:58,2017-03-01 06:57:29,0
0000008565,0000008264,773,2017-03-01 06:57:29,,1
0000008566,0000008265,504,2017-08-08 14:20:48,,1
0000008567,0000008266,394,2018-01-30 02:46:13,,1
0000008568,0000008267,394,2026-02-23 21:11:52,,1
0000008569,0000008268,394,2023-11-03 23:56:53,,1
0000008570,0000008269,397,2015-11-30 13:45:38,,1
0000008571,0000008270,418,2019-06-03 00:07:46,,1
0000008572,0000008271,947,2019-08-27 22:25:56,,1
0000008573,0000008272,298,2021-04-02 20:40:16,2021-04-06 20:59:32,0
0000008574,0000008272,675,2021-04-06 20:59:32,,1
0000008575,0000008273,436,2020-05-23 21:16:53,,1
0000008576,0000008274,835,2025-01-23 19:21:03,,1
0000008577,0000008275,41,2025-10-29 00:09:58,,1
0000008578,0000008276,340,2020-10-26 10:15:24,,1
0000008579,0000008277,298,2023-02-21 14:08:13,,1
0000008580,0000008278,298,2018-09-20 22:42:27,,1
0000008581,0000008279,312,2021-10-31 05:53:46,,1
0000008582,0000008280,312,2019-03-16 10:20:00,,1
0000008583,0000008281,899,2023-08-04 01:17:03,,1
0000008584,0000008282,921,2019-10-09 02:21:24,,1
0000008585,0000008283,921,2019-12-31 22:41:57,,1
0000008586,0000008284,431,2024-05-24 22:58:21,,1
0000008587,0000008285,604,2019-04-12 09:21:42,2019-04-13 05:57:55,0
0000008588,0000008285,203,2019-04-13 05:57:55,,1
0000008589,0000008286,604,2020-11-05 09:46:37,,1
0000008590,0000008287,604,2020-11-29 00:29:11,,1
0000008591,0000008288,604,2025-03-15 09:57:04,,1
0000008592,0000008289,604,2018-11-13 11:29:50,,1
0000008593,0000008290,598,2020-09-05 11:30:55,,1
0000008594,0000008291,660,2018-08-24 21:19:10,,1
0000008595,0000008292,972,2021-04-02 11:42:09,,1
0000008596,0000008293,700,2018-10-30 22:44:07,2018-11-01 11:12:42,0
0000008597,0000008293,704,2018-11-01 11:12:42,,1
0000008598,0000008294,91,2018-10-09 11:19:28,,1
0000008599,0000008295,91,2017-03-22 10:59:33,,1
0000008600,0000008296,38,2021-02-15 23:35:29,,1
0000008601,0000008297,38,2023-05-30 22:41:41,,1
0000008602,0000008298,38,2019-08-21 06:41:35,,1
0000008603,0000008299,38,2023-09-05 23:28:34,,1
0000008604,0000008300,662,2021-03-13 03:38:01,,1
0000008605,0000008301,144,2020-08-27 07:47:25,,1
0000008606,0000008302,707,2018-02-27 19:25:11,,1
0000008607,0000008303,707,2018-01-17 11:14:11,,1
0000008608,0000008304,928,2024-03-07 11:58:16,2024-03-10 08:10:13,0
0000008609,0000008304,571,2024-03-10 08:10:13,,1
0000008610,0000008305,539,2023-07-16 16:24:47,,1
0000008611,0000008306,471,2020-08-18 19:06:42,,1
0000008612,0000008307,717,2017-07-31 05:32:53,,1
0000008613,0000008308,717,2016-01-20 20:36:16,,1
0000008614,0000008309,179,2019-02-26 06:40:25,,1
0000008615,0000008310,846,2019-05-29 01:24:53,,1
0000008616,0000008311,508,2023-05-13 20:43:56,,1
0000008617,0000008312,947,2016-10-11 13:24:38,,1
0000008618,0000008313,947,2019-03-26 11:16:03,,1
0000008619,0000008314,947,2020-09-03 17:45:25,,1
0000008620,0000008315,947,2022-03-10 11:51:49,,1
0000008621,0000008316,947,2021-10-13 01:08:11,,1
0000008622,0000008317,947,2016-09-13 15:12:21,,1
0000008623,0000008318,365,2025-03-10 19:34:21,,1
0000008624,0000008319,947,2021-05-02 20:54:01,,1
0000008625,0000008320,546,2018-11-07 14:14:03,,1
0000008626,0000008321,971,2019-12-26 19:20:17,,1
0000008627,0000008322,971,2021-03-30 01:41:03,,1
0000008628,0000008323,349,2018-10-26 13:41:51,,1
0000008629,0000008324,349,2018-10-21 14:51:49,,1
0000008630,0000008325,176,2017-03-05 05:33:37,,1
0000008631,0000008326,176,2026-09-28 14:35:55,,1
0000008632,0000008327,176,2022-09-27 17:11:39,,1
0000008633,0000008328,216,2023-03-21 20:33:13,,1
0000008634,0000008329,216,2021-08-15 14:36:42,,1
0000008635,0000008330,21,2022-04-21 02:20:47,,1
0000008636,0000008331,245,2020-02-20 11:53:13,,1
0000008637,0000008332,245,2022-05-18 18:00:40,,1
0000008638,0000008333,590,2016-08-18 23:11:22,,1
0000008639,0000008334,738,2022-07-28 02:09:17,,1
0000008640,0000008335,738,2022-04-22 20:29:14,,1
0000008641,0000008336,963,2018-09-12 18:37:56,,1
0000008642,0000008337,963,2023-04-26 11:13:36,,1
0000008643,0000008338,576,2020-06-11 15:47:50,,1
0000008644,0000008339,202,2021-10-12 22:51:52,,1
0000008645,0000008340,576,2019-11-14 18:58:46,,1
0000008646,0000008341,576,2017-07-16 09:19:03,,1
0000008647,0000008342,576,2015-09-25 20:22:10,,1
0000008648,0000008343,576,2016-02-05 07:03:11,,1
0000008649,0000008344,576,2025-12-31 21:23:00,,1
0000008650,0000008345,576,2022-08-06 14:26:40,,1
0000008651,0000008346,164,2018-03-25 07:12:26,,1
0000008652,0000008347,164,2020-11-06 06:36:06,,1
0000008653,0000008348,164,2015-10-20 21:43:59,,1
0000008654,0000008349,164,2016-02-29 14:47:48,,1
0000008655,0000008350,164,2015-05-21 10:17:25,,1
0000008656,0000008351,831,2019-10-11 05:38:11,,1
0000008657,0000008352,295,2019-02-16 16:40:23,,1
0000008658,0000008353,850,2015-03-18 01:23:20,,1
0000008659,0000008354,850,2015-05-02 15:48:14,,1
0000008660,0000008355,850,2015-04-15 21:30:51,,1
0000008661,0000008356,739,2017-09-17 19:28:28,,1
0000008662,0000008357,843,2016-10-05 19:08:48,,1
0000008663,0000008358,843,2018-06-03 17:08:06,,1
0000008664,0000008359,843,2017-02-05 06:58:05,,1
0000008665,0000008360,843,2020-11-09 20:23:10,,1
0000008666,0000008361,218,2018-10-09 01:57:57,,1
0000008667,0000008362,751,2016-05-10 11:00:17,,1
0000008668,0000008363,843,2018-04-15 15:51:07,,1
0000008669,0000008364,751,2016-04-30 18:26:18,,1
0000008670,0000008365,233,2017-02-26 02:08:51,,1
0000008671,0000008366,469,2025-12-25 07:34:04,,1
0000008672,0000008367,233,2016-01-07 23:45:14,,1
0000008673,0000008368,573,2018-07-16 19:04:30,,1
0000008674,0000008369,573,2018-10-12 09:12:01,,1
0000008675,0000008370,215,2016-04-04 19:48:19,,1
0000008676,0000008371,101,2022-04-23 14:23:35,,1
0000008677,0000008372,704,2018-08-31 02:34:55,,1
0000008678,0000008373,245,2020-09-11 14:25:04,,1
0000008679,0000008374,245,2018-07-08 02:44:37,,1
0000008680,0000008375,245,2024-03-25 22:24:44,,1
0000008681,0000008376,245,2025-05-07 10:14:36,,1
0000008682,0000008377,245,2024-08-22 22:42:07,,1
0000008683,0000008378,565,2021-11-06 14:57:43,,1
0000008684,0000008379,565,2022-04-26 14:36:19,,1
0000008685,0000008380,300,2018-09-16 06:31:45,,1
0000008686,0000008381,300,2020-03-18 16:58:24,,1
0000008687,0000008382,818,2019-06-01 21:36:11,,1
0000008688,0000008383,818,2021-03-12 17:57:54,,1
0000008689,0000008384,316,2024-05-16 22:47:48,,1
0000008690,0000008385,706,2023-12-17 20:21:50,,1
0000008691,0000008386,205,2023-08-11 13:23:26,,1
0000008692,0000008387,205,2019-08-08 01:02:20,,1
0000008693,0000008388,987,2020-06-05 08:02:05,,1
0000008694,0000008389,772,2016-06-01 07:15:07,,1
0000008695,0000008390,772,2016-07-28 08:41:04,,1
0000008696,0000008391,885,2016-05-28 03:42:32,,1
0000008697,0000008392,772,2016-05-24 21:08:05,,1
0000008698,0000008393,772,2016-08-14 01:07:40,,1
0000008699,0000008394,15,2024-06-21 18:35:09,,1
0000008700,0000008395,164,2017-11-10 05:32:27,,1
0000008701,0000008396,21,2022-05-20 16:45:40,,1
0000008702,0000008397,21,2020-01-25 21:19:11,2020-01-26 02:05:12,0
0000008703,0000008397,529,2020-01-26 02:05:12,,1
0000008704,0000008398,447,2015-05-18 18:33:44,,1
0000008705,0000008399,447,2015-08-19 20:10:51,,1
0000008706,0000008400,447,2015-11-02 03:49:16,,1
0000008707,0000008401,937,2018-07-17 02:00:15,,1
0000008708,0000008402,937,2023-12-31 02:13:33,,1
0000008709,0000008403,848,2019-12-11 09:39:21,,1
0000008710,0000008404,848,2019-07-26 20:57:50,,1
0000008711,0000008405,848,2021-10-28 05:07:35,,1
0000008712,0000008406,848,2023-12-06 00:57:28,,1
0000008713,0000008407,848,2021-06-18 07:03:34,,1
0000008714,0000008408,848,2021-03-06 22:07:10,,1
0000008715,0000008409,65,2026-09-30 09:26:23,,1
0000008716,0000008410,848,2026-08-12 10:01:51,,1
0000008717,0000008411,880,2018-06-20 13:54:41,,1
0000008718,0000008412,827,2023-12-25 09:59:00,,1
0000008719,0000008413,380,2024-09-10 17:10:26,,1
0000008720,0000008414,786,2017-12-04 08:16:34,,1
0000008721,0000008415,826,2019-05-13 04:46:04,,1
0000008722,0000008416,484,2019-02-23 23:04:55,,1
0000008723,0000008417,919,2019-06-11 23:15:04,,1
0000008724,0000008418,736,2018-09-22 16:07:42,,1
0000008725,0000008419,736,2019-07-11 17:07:59,,1
0000008726,0000008420,917,2024-07-21 08:33:00,,1
0000008727,0000008421,560,2023-12-31 13:42:07,,1
0000008728,0000008422,959,2016-07-07 20:53:16,,1
0000008729,0000008423,959,2018-03-16 10:13:28,,1
0000008730,0000008424,959,2018-01-21 07:28:20,,1
0000008731,0000008425,749,2019-01-15 17:45:13,,1
0000008732,0000008426,749,2019-12-16 12:34:44,,1
0000008733,0000008427,749,2020-09-14 18:00:41,,1
0000008734,0000008428,749,2021-05-03 18:56:16,,1
0000008735,0000008429,749,2019-05-03 13:00:37,,1
0000008736,0000008430,749,2018-09-13 06:46:56,,1
0000008737,0000008431,37,2017-01-17 13:51:21,,1
0000008738,0000008432,749,2017-08-15 16:02:59,,1
0000008739,0000008433,922,2019-03-26 03:05:04,,1
0000008740,0000008434,922,2022-04-27 05:37:41,2022-04-30 09:07:40,0
0000008741,0000008434,289,2022-04-30 09:07:40,,1
0000008742,0000008435,117,2017-11-23 00:25:02,,1
0000008743,0000008436,117,2021-01-27 03:01:40,,1
0000008744,0000008437,117,2016-04-25 20:37:24,2016-04-27 21:02:44,0
0000008745,0000008437,106,2016-04-27 21:02:44,,1
0000008746,0000008438,202,2019-04-15 04:52:04,,1
0000008747,0000008439,829,2017-08-15 10:19:44,,1
0000008748,0000008440,829,2022-05-12 16:16:32,,1
0000008749,0000008441,829,2021-12-30 17:18:36,,1
0000008750,0000008442,307,2024-11-15 05:30:54,,1
0000008751,0000008443,829,2023-07-31 01:25:49,,1
0000008752,0000008444,250,2022-08-13 12:46:06,,1
0000008753,0000008445,250,2019-01-09 19:30:18,,1
0000008754,0000008446,574,2025-07-05 08:07:23,,1
0000008755,0000008447,250,2024-02-13 15:27:15,,1
0000008756,0000008448,250,2019-11-29 23:35:51,,1
0000008757,0000008449,175,2018-06-22 21:01:56,,1
0000008758,0000008450,175,2018-06-09 10:08:50,,1
0000008759,0000008451,175,2020-10-16 23:19:33,,1
0000008760,0000008452,175,2020-01-26 10:53:16,,1
0000008761,0000008453,175,2020-09-15 15:00:33,,1
0000008762,0000008454,175,2019-09-28 23:08:29,,1
0000008763,0000008455,175,2020-03-03 20:59:47,,1
0000008764,0000008456,175,2018-02-02 10:40:30,,1
0000008765,0000008457,175,2017-09-15 06:24:34,,1
0000008766,0000008458,175,2018-07-04 04:22:01,,1
0000008767,0000008459,175,2019-01-03 01:46:45,,1
0000008768,0000008460,175,2020-11-13 06:08:22,,1
0000008769,0000008461,418,2018-06-28 02:10:16,,1
0000008770,0000008462,954,2020-07-16 20:04:46,,1
0000008771,0000008463,477,2025-03-07 12:20:22,,1
0000008772,0000008464,261,2024-09-11 18:18:34,,1
0000008773,0000008465,103,2018-11-28 20:58:00,,1
0000008774,0000008466,397,2016-10-07 05:06:37,,1
0000008775,0000008467,397,2018-10-20 20:59:16,,1
0000008776,0000008468,579,2018-03-11 02:05:25,,1
0000008777,0000008469,716,2019-10-25 08:21:34,,1
0000008778,0000008470,117,2018-09-08 20:50:35,,1
0000008779,0000008471,619,2018-09-16 14:39:40,,1
0000008780,0000008472,653,2018-07-27 06:22:10,,1
0000008781,0000008473,117,2018-07-26 04:33:59,,1
0000008782,0000008474,117,2018-07-16 15:30:32,,1
0000008783,0000008475,117,2018-09-19 02:12:57,,1
0000008784,0000008476,117,2018-07-27 07:24:36,,1
0000008785,0000008477,117,2018-07-14 01:20:44,,1
0000008786,0000008478,117,2018-07-17 10:05:37,,1
0000008787,0000008479,117,2018-10-02 22:20:06,,1
0000008788,0000008480,117,2018-07-22 09:20:50,,1
0000008789,0000008481,117,2018-08-03 04:36:31,,1
0000008790,0000008482,381,2023-08-25 12:02:06,,1
0000008791,0000008483,542,2019-10-31 05:25:26,,1
0000008792,0000008484,457,2023-06-05 01:28:04,,1
0000008793,0000008485,457,2017-08-16 17:20:30,,1
0000008794,0000008486,701,2025-09-04 16:44:31,,1
0000008795,0000008487,850,2022-01-26 20:49:38,,1
0000008796,0000008488,784,2018-03-28 05:09:34,,1
0000008797,0000008489,850,2023-04-21 23:06:33,,1
0000008798,0000008490,850,2021-08-24 09:26:24,,1
0000008799,0000008491,784,2020-03-26 16:00:36,,1
0000008800,0000008492,201,2024-01-23 12:38:48,,1
0000008801,0000008493,201,2016-04-27 13:29:26,,1
0000008802,0000008494,223,2019-05-22 16:07:23,,1
0000008803,0000008495,391,2021-07-30 05:15:31,,1
0000008804,0000008496,391,2022-03-14 12:47:26,2022-03-16 13:31:52,0
0000008805,0000008496,333,2022-03-16 13:31:52,,1
0000008806,0000008497,908,2020-03-24 21:10:09,,1
0000008807,0000008498,391,2023-06-19 13:30:15,,1
0000008808,0000008499,391,2021-01-27 09:50:58,,1
0000008809,0000008500,466,2019-06-23 07:27:32,,1
0000008810,0000008501,327,2019-07-06 16:21:41,,1
0000008811,0000008502,908,2019-08-02 21:05:05,,1
0000008812,0000008503,608,2025-06-07 05:41:02,,1
0000008813,0000008504,608,2025-09-17 19:40:12,,1
0000008814,0000008505,269,2020-06-18 22:10:04,,1
0000008815,0000008506,579,2017-02-07 15:52:02,,1
0000008816,0000008507,579,2017-04-19 10:27:58,,1
0000008817,0000008508,885,2018-01-17 03:04:49,,1
0000008818,0000008509,29,2022-10-27 10:55:22,,1
0000008819,0000008510,29,2023-06-11 14:17:21,,1
0000008820,0000008511,29,2019-06-02 04:33:18,,1
0000008821,0000008512,29,2023-11-05 09:02:39,,1
0000008822,0000008513,273,2022-07-14 14:14:07,,1
0000008823,0000008514,29,2024-04-14 14:21:07,,1
0000008824,0000008515,29,2024-09-10 03:10:08,,1
0000008825,0000008516,618,2017-03-08 11:16:24,,1
0000008826,0000008517,943,2021-06-13 21:41:33,,1
0000008827,0000008518,618,2018-10-05 17:45:46,,1
0000008828,0000008519,943,2016-11-20 18:55:42,,1
0000008829,0000008520,799,2022-06-02 02:01:03,,1
0000008830,0000008521,799,2017-09-02 23:32:22,,1
0000008831,0000008522,799,2019-03-24 11:08:42,,1
0000008832,0000008523,799,2022-11-20 00:51:24,,1
0000008833,0000008524,799,2024-12-10 23:52:25,,1
0000008834,0000008525,799,2024-04-27 09:59:27,,1
0000008835,0000008526,258,2021-11-18 00:24:24,,1
0000008836,0000008527,554,2021-05-08 07:27:38,,1
0000008837,0000008528,799,2024-11-26 21:51:55,,1
0000008838,0000008529,799,2023-01-11 18:11:17,,1
0000008839,0000008530,799,2024-07-03 19:33:36,,1
0000008840,0000008531,757,2022-07-03 21:45:07,,1
0000008841,0000008532,66,2024-02-20 19:41:23,,1
0000008842,0000008533,66,2025-01-19 23:35:43,,1
0000008843,0000008534,532,2017-01-18 00:43:25,,1
0000008844,0000008535,532,2016-10-23 17:37:20,,1
0000008845,0000008536,128,2016-02-13 01:37:31,2016-02-16 02:33:13,0
0000008846,0000008536,569,2016-02-16 02:33:13,,1
0000008847,0000008537,459,2023-08-18 16:47:01,,1
0000008848,0000008538,166,2015-06-25 08:00:30,,1
0000008849,0000008539,560,2024-04-16 00:02:46,2024-04-16 08:59:38,0
0000008850,0000008539,751,2024-04-16 08:59:38,,1
0000008851,0000008540,560,2016-07-27 07:42:51,,1
0000008852,0000008541,635,2017-08-03 12:03:17,,1
0000008853,0000008542,635,2017-02-04 11:19:52,,1
0000008854,0000008543,635,2017-06-02 01:11:04,,1
0000008855,0000008544,592,2019-09-23 09:14:00,,1
0000008856,0000008545,853,2018-01-28 16:24:51,,1
0000008857,0000008546,313,2022-10-14 04:53:55,,1
0000008858,0000008547,313,2021-04-27 14:30:36,,1
0000008859,0000008548,55,2019-10-01 06:06:39,,1
0000008860,0000008549,874,2022-06-13 05:10:44,,1
0000008861,0000008550,874,2020-05-20 20:06:07,,1
0000008862,0000008551,874,2019-07-30 04:12:44,,1
0000008863,0000008552,659,2016-04-02 16:18:54,,1
0000008864,0000008553,659,2024-11-10 12:08:53,,1
0000008865,0000008554,815,2025-04-25 17:19:47,,1
0000008866,0000008555,357,2020-01-06 17:54:22,,1
0000008867,0000008556,357,2018-05-19 15:10:48,,1
0000008868,0000008557,365,2018-02-14 16:05:51,,1
0000008869,0000008558,357,2020-01-22 00:35:51,,1
0000008870,0000008559,944,2021-10-20 13:00:02,,1
0000008871,0000008560,944,2025-05-23 11:33:33,,1
0000008872,0000008561,944,2025-02-09 12:48:30,,1
0000008873,0000008562,124,2025-10-30 12:39:38,,1
0000008874,0000008563,944,2020-06-20 22:20:29,,1
0000008875,0000008564,488,2021-06-18 15:44:12,,1
0000008876,0000008565,488,2021-12-14 06:16:59,,1
0000008877,0000008566,613,2022-01-29 02:17:22,,1
0000008878,0000008567,613,2021-11-27 09:29:06,,1
0000008879,0000008568,3,2019-06-01 05:11:02,,1
0000008880,0000008569,613,2021-11-19 07:08:06,,1
0000008881,0000008570,613,2022-05-19 20:30:54,,1
0000008882,0000008571,933,2025-09-03 07:42:51,,1
0000008883,0000008572,158,2020-05-25 10:55:07,,1
0000008884,0000008573,933,2025-10-01 17:01:42,,1
0000008885,0000008574,158,2021-01-27 21:29:25,,1
0000008886,0000008575,938,2025-04-01 20:27:04,,1
0000008887,0000008576,648,2018-05-07 14:33:19,,1
0000008888,0000008577,158,2023-07-02 13:07:54,,1
0000008889,0000008578,648,2017-10-11 16:36:08,,1
0000008890,0000008579,933,2025-08-15 04:14:14,,1
0000008891,0000008580,933,2024-12-31 14:56:35,,1
0000008892,0000008581,648,2018-09-05 07:41:09,,1
0000008893,0000008582,158,2021-03-03 22:02:08,,1
0000008894,0000008583,209,2024-09-30 06:29:43,,1
0000008895,0000008584,581,2019-07-17 18:50:52,,1
0000008896,0000008585,741,2016-10-20 17:26:13,,1
0000008897,0000008586,695,2019-06-25 04:03:08,,1
0000008898,0000008587,618,2018-06-10 02:51:55,,1
0000008899,0000008588,678,2025-02-09 23:47:22,,1
0000008900,0000008589,678,2022-02-24 13:29:15,,1
0000008901,0000008590,678,2023-08-08 20:46:31,,1
0000008902,0000008591,678,2019-05-03 12:58:08,,1
0000008903,0000008592,678,2021-10-23 23:48:53,,1
0000008904,0000008593,678,2024-09-01 16:12:13,,1
0000008905,0000008594,680,2020-06-17 10:54:06,,1
0000008906,0000008595,678,2020-05-30 21:20:47,,1
0000008907,0000008596,678,2022-03-27 19:12:12,,1
0000008908,0000008597,678,2019-11-15 15:49:10,,1
0000008909,0000008598,777,2024-05-13 01:01:03,,1
0000008910,0000008599,678,2021-08-22 13:36:32,,1
0000008911,0000008600,645,2025-02-16 19:16:33,,1
0000008912,0000008601,645,2022-08-14 01:27:46,,1
0000008913,0000008602,645,2017-10-17 13:17:06,,1
0000008914,0000008603,645,2023-12-26 00:01:10,,1
0000008915,0000008604,179,2022-06-05 03:30:31,,1
0000008916,0000008605,816,2021-01-06 20:02:12,,1
0000008917,0000008606,645,2022-11-07 19:53:51,,1
0000008918,0000008607,645,2021-06-20 18:50:47,,1
0000008919,0000008608,982,2025-04-13 10:47:29,,1
0000008920,0000008609,645,2023-11-23 22:10:41,,1
0000008921,0000008610,645,2019-03-12 19:38:54,,1
0000008922,0000008611,769,2020-03-28 13:17:25,,1
0000008923,0000008612,999,2021-10-05 15:52:50,,1
0000008924,0000008613,999,2022-11-23 23:26:23,,1
0000008925,0000008614,999,2021-12-14 20:14:11,,1
0000008926,0000008615,999,2026-01-17 12:48:35,,1
0000008927,0000008616,999,2019-01-12 04:55:26,,1
0000008928,0000008617,667,2026-07-10 14:42:37,,1
0000008929,0000008618,705,2015-07-26 19:14:53,,1
0000008930,0000008619,705,2016-08-06 05:02:12,,1
0000008931,0000008620,686,2017-08-31 02:10:24,,1
0000008932,0000008621,686,2018-05-18 10:08:55,,1
0000008933,0000008622,916,2018-07-05 22:15:51,,1
0000008934,0000008623,916,2025-04-01 18:20:56,,1
0000008935,0000008624,916,2020-09-02 23:22:04,,1
0000008936,0000008625,859,2017-07-13 04:14:53,,1
0000008937,0000008626,859,2017-02-18 05:52:09,,1
0000008938,0000008627,859,2017-12-02 01:20:32,,1
0000008939,0000008628,647,2025-05-05 08:57:58,,1
0000008940,0000008629,684,2017-06-03 19:16:20,,1
0000008941,0000008630,684,2016-11-04 05:29:06,,1
0000008942,0000008631,393,2024-08-20 21:11:04,,1
0000008943,0000008632,393,2025-06-05 21:23:46,,1
0000008944,0000008633,393,2024-08-27 06:54:00,,1
0000008945,0000008634,393,2023-08-27 15:42:28,,1
0000008946,0000008635,393,2020-07-28 18:55:32,,1
0000008947,0000008636,650,2023-09-19 02:28:52,,1
0000008948,0000008637,650,2026-06-22 17:29:17,,1
0000008949,0000008638,650,2022-07-24 18:31:38,,1
0000008950,0000008639,444,2024-04-19 11:23:08,,1
0000008951,0000008640,725,2022-01-08 17:09:39,,1
0000008952,0000008641,444,2021-05-06 06:05:22,,1
0000008953,0000008642,238,2020-11-11 18:20:02,,1
0000008954,0000008643,238,2020-10-01 19:44:35,,1
0000008955,0000008644,694,2020-06-03 14:36:52,,1
0000008956,0000008645,3,2018-03-26 20:18:43,,1
0000008957,0000008646,207,2026-05-14 14:52:26,,1
0000008958,0000008647,364,2016-02-01 11:47:28,,1
0000008959,0000008648,264,2022-11-05 14:49:43,,1
0000008960,0000008649,264,2021-06-30 15:44:36,,1
0000008961,0000008650,391,2016-12-29 16:16:23,,1
0000008962,0000008651,180,2023-11-20 02:44:28,,1
0000008963,0000008652,636,2020-07-29 05:38:50,,1
0000008964,0000008653,636,2023-08-15 15:06:14,,1
0000008965,0000008654,636,2019-12-09 21:27:12,,1
0000008966,0000008655,636,2023-03-15 22:13:02,,1
0000008967,0000008656,636,2019-05-19 13:56:49,,1
0000008968,0000008657,883,2019-02-19 06:40:44,,1
0000008969,0000008658,331,2021-09-15 17:44:47,,1
0000008970,0000008659,338,2023-10-17 17:13:47,,1
0000008971,0000008660,39,2021-05-17 12:32:36,,1
0000008972,0000008661,39,2020-09-21 02:12:05,,1
0000008973,0000008662,469,2016-03-24 12:05:59,,1
0000008974,0000008663,469,2016-04-06 03:33:14,,1
0000008975,0000008664,469,2016-05-13 23:36:46,,1
0000008976,0000008665,217,2019-03-04 05:15:13,,1
0000008977,0000008666,641,2017-02-11 02:35:28,,1
0000008978,0000008667,518,2016-06-20 00:25:35,,1
0000008979,0000008668,433,2023-07-14 10:47:41,,1
0000008980,0000008669,433,2024-10-10 22:57:02,,1
0000008981,0000008670,433,2026-01-23 19:41:01,,1
0000008982,0000008671,577,2020-04-03 16:20:23,,1
0000008983,0000008672,577,2024-03-26 11:07:58,,1
0000008984,0000008673,577,2018-02-02 10:08:16,,1
0000008985,0000008674,662,2023-01-25 02:16:24,,1
0000008986,0000008675,662,2019-02-17 09:15:52,,1
0000008987,0000008676,139,2017-07-10 10:49:27,,1
0000008988,0000008677,483,2020-04-29 11:20:24,,1
0000008989,0000008678,483,2020-08-04 12:22:22,,1
0000008990,0000008679,763,2019-01-22 09:03:10,,1
0000008991,0000008680,400,2017-01-01 04:04:29,,1
0000008992,0000008681,763,2021-05-01 23:28:58,,1
0000008993,0000008682,763,2021-12-18 17:33:27,,1
0000008994,0000008683,763,2019-07-23 10:52:20,,1
0000008995,0000008684,530,2018-10-01 13:57:27,,1
0000008996,0000008685,844,2018-11-20 14:04:43,,1
0000008997,0000008686,20,2021-11-18 09:59:25,,1
0000008998,0000008687,797,2023-04-25 00:40:27,,1
0000008999,0000008688,563,2020-12-20 04:58:23,,1
0000009000,0000008689,563,2024-10-28 03:37:04,,1
0000009001,0000008690,778,2019-02-24 08:57:21,,1
0000009002,0000008691,336,2017-03-22 10:46:23,,1
0000009003,0000008692,425,2022-11-29 02:01:00,,1
0000009004,0000008693,915,2026-07-24 05:54:02,,1
0000009005,0000008694,553,2018-09-21 09:23:17,,1
0000009006,0000008695,239,2024-10-19 16:09:58,,1
0000009007,0000008696,239,2025-05-09 00:11:32,,1
0000009008,0000008697,239,2024-03-22 15:14:06,,1
0000009009,0000008698,239,2025-11-16 05:23:28,,1
0000009010,0000008699,239,2021-03-22 03:36:53,,1
0000009011,0000008700,228,2016-07-31 04:02:47,,1
0000009012,0000008701,226,2020-02-29 00:05:39,,1
0000009013,0000008702,226,2021-12-18 08:22:24,,1
0000009014,0000008703,226,2024-07-03 16:04:23,,1
0000009015,0000008704,908,2017-09-21 00:43:49,,1
0000009016,0000008705,321,2021-02-13 06:37:41,,1
0000009017,0000008706,863,2025-07-20 19:36:53,2025-07-21 00:13:18,0
0000009018,0000008706,994,2025-07-21 00:13:18,,1
0000009019,0000008707,200,2019-10-09 23:19:13,,1
0000009020,0000008708,628,2016-01-31 06:22:26,,1
0000009021,0000008709,665,2016-12-15 20:14:42,,1
0000009022,0000008710,280,2025-07-22 23:14:53,,1
0000009023,0000008711,280,2026-05-19 04:14:29,,1
0000009024,0000008712,628,2016-12-05 15:06:24,,1
0000009025,0000008713,628,2016-01-25 23:46:18,,1
0000009026,0000008714,628,2020-12-26 03:44:53,2020-12-26 10:11:17,0
0000009027,0000008714,103,2020-12-26 10:11:17,,1
0000009028,0000008715,685,2017-12-21 12:19:11,,1
0000009029,0000008716,280,2024-12-11 16:36:09,2024-12-13 18:51:39,0
0000009030,0000008716,776,2024-12-13 18:51:39,,1
0000009031,0000008717,628,2016-04-14 04:24:16,,1
0000009032,0000008718,730,2022-05-03 17:19:27,,1
0000009033,0000008719,355,2019-01-25 23:59:28,,1
0000009034,0000008720,430,2020-06-20 11:06:05,,1
0000009035,0000008721,999,2018-04-04 00:29:47,,1
0000009036,0000008722,364,2019-09-22 08:35:01,,1
0000009037,0000008723,364,2020-12-10 04:28:28,,1
0000009038,0000008724,668,2024-12-03 14:01:52,,1
0000009039,0000008725,668,2018-11-10 07:03:10,,1
0000009040,0000008726,668,2023-12-24 04:59:55,,1
0000009041,0000008727,668,2025-06-28 22:12:39,,1
0000009042,0000008728,742,2018-08-28 14:55:26,,1
0000009043,0000008729,556,2023-09-23 02:16:44,,1
0000009044,0000008730,820,2017-06-16 01:11:51,,1
0000009045,0000008731,408,2020-06-21 13:03:38,,1
0000009046,0000008732,673,2018-02-12 14:00:57,,1
0000009047,0000008733,998,2019-06-04 05:19:58,,1
0000009048,0000008734,212,2020-10-10 23:00:47,,1
0000009049,0000008735,876,2019-01-24 14:57:28,,1
0000009050,0000008736,706,2016-12-24 16:36:29,,1
0000009051,0000008737,784,2023-04-25 13:15:20,,1
0000009052,0000008738,909,2023-10-31 05:38:08,,1
0000009053,0000008739,909,2018-08-30 05:42:08,,1
0000009054,0000008740,909,2019-12-29 20:48:01,,1
0000009055,0000008741,909,2025-12-22 19:18:01,,1
0000009056,0000008742,909,2024-02-24 07:01:04,,1
0000009057,0000008743,748,2024-07-29 21:01:59,,1
0000009058,0000008744,748,2025-12-02 09:42:59,,1
0000009059,0000008745,523,2020-02-06 16:47:02,,1
0000009060,0000008746,523,2017-07-20 09:34:17,,1
0000009061,0000008747,523,2016-06-17 20:38:39,,1
0000009062,0000008748,523,2019-08-06 18:31:34,,1
0000009063,0000008749,523,2021-11-25 17:51:56,,1
0000009064,0000008750,523,2023-01-19 23:12:38,,1
0000009065,0000008751,523,2016-05-19 22:01:50,,1
0000009066,0000008752,523,2018-05-01 03:59:49,,1
0000009067,0000008753,454,2018-07-13 09:36:14,,1
0000009068,0000008754,352,2016-10-23 07:06:12,,1
0000009069,0000008755,352,2016-10-03 10:12:11,,1
0000009070,0000008756,202,2016-09-29 12:38:45,,1
0000009071,0000008757,352,2016-10-25 13:43:03,,1
0000009072,0000008758,352,2016-10-27 04:49:39,,1
0000009073,0000008759,4,2023-02-28 22:38:21,,1
0000009074,0000008760,639,2018-06-27 00:57:53,,1
0000009075,0000008761,666,2023-03-18 09:57:28,2023-03-19 15:19:54,0
0000009076,0000008761,782,2023-03-19 15:19:54,,1
0000009077,0000008762,433,2022-02-20 21:00:13,,1
0000009078,0000008763,433,2022-12-22 21:47:10,,1
0000009079,0000008764,125,2023-03-04 23:33:14,,1
0000009080,0000008765,897,2026-02-19 14:38:21,,1
0000009081,0000008766,897,2025-03-15 16:43:43,,1
0000009082,0000008767,897,2026-03-08 06:53:51,,1
0000009083,0000008768,897,2024-03-18 16:18:55,,1
0000009084,0000008769,897,2021-05-08 06:36:54,,1
0000009085,0000008770,897,2021-07-27 17:05:34,,1
0000009086,0000008771,897,2018-11-06 20:51:55,,1
0000009087,0000008772,316,2022-11-28 11:29:27,,1
0000009088,0000008773,465,2019-09-08 04:17:19,,1
0000009089,0000008774,465,2016-06-28 11:29:36,,1
0000009090,0000008775,465,2019-10-09 02:53:27,,1
0000009091,0000008776,683,2016-09-06 04:01:29,,1
0000009092,0000008777,465,2018-06-14 12:50:05,,1
0000009093,0000008778,465,2021-02-19 05:38:05,,1
0000009094,0000008779,465,2020-06-11 20:35:47,,1
0000009095,0000008780,465,2020-08-25 22:05:57,,1
0000009096,0000008781,465,2018-05-27 02:04:39,,1
0000009097,0000008782,465,2021-03-07 14:04:13,,1
0000009098,0000008783,465,2020-02-25 18:48:51,,1
0000009099,0000008784,465,2016-08-25 02:07:24,,1
0000009100,0000008785,295,2020-09-24 07:50:49,,1
0000009101,0000008786,751,2024-04-30 19:58:21,,1
0000009102,0000008787,232,2021-08-17 12:02:31,,1
0000009103,0000008788,232,2019-11-10 14:09:50,,1
0000009104,0000008789,209,2026-03-21 15:54:28,,1
0000009105,0000008790,209,2024-01-02 07:59:02,,1
0000009106,0000008791,209,2019-07-13 21:58:02,,1
0000009107,0000008792,209,2022-05-06 03:18:43,2022-05-08 10:51:10,0
0000009108,0000008792,176,2022-05-08 10:51:10,,1
0000009109,0000008793,209,2019-11-08 10:27:40,,1
0000009110,0000008794,193,2022-05-01 21:43:28,,1
0000009111,0000008795,193,2022-03-23 17:41:12,,1
0000009112,0000008796,691,2019-03-20 04:39:03,,1
0000009113,0000008797,60,2018-06-16 03:04:18,,1
0000009114,0000008798,193,2022-11-03 11:53:03,,1
0000009115,0000008799,974,2024-09-20 05:06:36,,1
0000009116,0000008800,974,2025-01-14 23:58:38,,1
0000009117,0000008801,974,2026-02-14 00:49:31,,1
0000009118,0000008802,974,2021-03-03 01:17:05,,1
0000009119,0000008803,974,2023-02-28 18:11:09,,1
0000009120,0000008804,974,2020-04-02 06:02:56,,1
0000009121,0000008805,974,2024-02-21 06:11:39,,1
0000009122,0000008806,974,2023-07-18 03:23:54,,1
0000009123,0000008807,974,2024-04-25 21:16:05,,1
0000009124,0000008808,974,2019-09-28 05:50:39,,1
0000009125,0000008809,974,2022-05-01 01:04:02,,1
0000009126,0000008810,974,2020-01-23 13:07:12,,1
0000009127,0000008811,898,2016-06-19 09:51:54,,1
0000009128,0000008812,385,2025-03-13 02:42:19,,1
0000009129,0000008813,385,2017-06-14 11:40:40,,1
0000009130,0000008814,183,2025-01-07 05:25:19,,1
0000009131,0000008815,183,2016-11-13 19:13:24,,1
0000009132,0000008816,734,2023-01-29 18:05:26,,1
0000009133,0000008817,734,2019-06-25 04:21:26,,1
0000009134,0000008818,887,2020-12-21 07:44:22,,1
0000009135,0000008819,887,2025-11-21 02:58:08,,1
0000009136,0000008820,887,2025-05-20 06:54:20,,1
0000009137,0000008821,887,2019-12-19 06:51:37,,1
0000009138,0000008822,185,2022-02-01 06:11:47,,1
0000009139,0000008823,887,2025-06-20 04:20:00,,1
0000009140,0000008824,136,2022-12-28 00:08:12,,1
0000009141,0000008825,887,2021-06-26 07:04:19,,1
0000009142,0000008826,937,2020-09-25 02:15:40,,1
0000009143,0000008827,708,2021-03-12 23:20:20,,1
0000009144,0000008828,475,2018-05-22 01:46:51,,1
0000009145,0000008829,475,2025-08-08 15:01:50,,1
0000009146,0000008830,475,2021-10-18 19:09:48,2021-10-22 15:52:42,0
0000009147,0000008830,504,2021-10-22 15:52:42,,1
0000009148,0000008831,475,2019-05-31 08:23:27,,1
0000009149,0000008832,475,2022-07-13 09:26:47,,1
0000009150,0000008833,475,2020-01-13 09:24:21,,1
0000009151,0000008834,475,2020-09-25 20:31:29,,1
0000009152,0000008835,475,2026-07-27 20:53:56,,1
0000009153,0000008836,742,2022-12-08 02:26:42,,1
0000009154,0000008837,243,2019-05-07 11:33:47,,1
0000009155,0000008838,742,2025-12-06 15:08:57,,1
0000009156,0000008839,706,2019-06-16 19:02:22,,1
0000009157,0000008840,304,2021-02-20 07:08:08,,1
0000009158,0000008841,304,2025-04-21 21:01:51,,1
0000009159,0000008842,304,2021-06-18 07:34:47,,1
0000009160,0000008843,730,2018-02-11 12:11:38,,1
0000009161,0000008844,802,2019-11-08 17:42:15,,1
0000009162,0000008845,802,2021-04-10 15:33:25,,1
0000009163,0000008846,802,2020-03-01 04:08:36,,1
0000009164,0000008847,802,2024-11-26 13:55:46,,1
0000009165,0000008848,802,2021-03-21 02:06:04,,1
0000009166,0000008849,654,2025-05-20 14:55:16,,1
0000009167,0000008850,654,2024-09-19 17:11:16,,1
0000009168,0000008851,951,2020-10-22 07:03:28,,1
0000009169,0000008852,32,2016-10-18 09:29:59,,1
0000009170,0000008853,236,2019-12-19 05:26:06,,1
0000009171,0000008854,236,2019-10-12 01:55:36,,1
0000009172,0000008855,721,2025-02-01 07:58:10,,1
0000009173,0000008856,721,2023-10-24 20:31:14,,1
0000009174,0000008857,518,2019-09-28 10:00:46,,1
0000009175,0000008858,984,2021-10-07 22:24:01,,1
0000009176,0000008859,825,2019-02-20 08:49:43,,1
0000009177,0000008860,694,2017-01-10 12:16:38,,1
0000009178,0000008861,429,2019-12-19 11:57:12,,1
0000009179,0000008862,429,2020-12-05 00:09:09,,1
0000009180,0000008863,429,2020-05-07 17:00:19,,1
0000009181,0000008864,429,2018-08-16 12:48:33,,1
0000009182,0000008865,429,2018-06-15 19:34:28,,1
0000009183,0000008866,939,2016-06-26 23:13:31,,1
0000009184,0000008867,736,2016-05-03 20:25:35,,1
0000009185,0000008868,37,2017-04-01 04:21:20,,1
0000009186,0000008869,37,2020-04-06 09:53:30,,1
0000009187,0000008870,37,2022-08-13 12:42:21,,1
0000009188,0000008871,37,2022-05-13 03:41:03,,1
0000009189,0000008872,37,2020-09-04 17:55:43,,1
0000009190,0000008873,37,2018-06-18 18:14:43,,1
0000009191,0000008874,37,2025-08-03 05:19:01,,1
0000009192,0000008875,37,2018-09-10 05:35:25,,1
0000009193,0000008876,850,2021-05-28 20:04:37,,1
0000009194,0000008877,76,2026-02-27 23:20:17,,1
0000009195,0000008878,76,2025-03-13 04:11:01,,1
0000009196,0000008879,850,2023-02-10 13:21:44,,1
0000009197,0000008880,639,2017-03-10 18:39:44,,1
0000009198,0000008881,101,2018-01-29 18:25:30,,1
0000009199,0000008882,494,2016-06-10 06:07:05,2016-06-12 10:14:33,0
0000009200,0000008882,355,2016-06-12 10:14:33,,1
0000009201,0000008883,494,2015-10-11 12:15:05,,1
0000009202,0000008884,338,2026-03-08 12:54:21,,1
0000009203,0000008885,574,2023-01-20 05:56:09,,1
0000009204,0000008886,574,2024-04-17 00:00:47,,1
0000009205,0000008887,604,2025-08-03 13:13:30,,1
0000009206,0000008888,316,2024-12-24 01:44:55,,1
0000009207,0000008889,239,2021-07-26 06:05:31,,1
0000009208,0000008890,316,2026-08-27 07:30:47,,1
0000009209,0000008891,316,2022-08-02 19:08:37,,1
0000009210,0000008892,316,2025-04-11 15:59:24,,1
0000009211,0000008893,316,2025-08-22 05:17:26,,1
0000009212,0000008894,316,2025-06-05 19:38:22,,1
0000009213,0000008895,239,2018-03-12 21:08:39,,1
0000009214,0000008896,981,2025-12-11 14:24:10,,1
0000009215,0000008897,130,2016-05-20 02:49:53,,1
0000009216,0000008898,130,2017-09-16 09:44:49,,1
0000009217,0000008899,130,2020-08-29 22:31:07,,1
0000009218,0000008900,130,2021-09-18 15:59:31,,1
0000009219,0000008901,130,2018-05-14 03:48:06,,1
0000009220,0000008902,130,2016-11-17 12:53:21,,1
0000009221,0000008903,130,2023-04-06 01:23:29,,1
0000009222,0000008904,628,2016-12-03 15:00:58,,1
0000009223,0000008905,398,2017-08-28 06:50:26,,1
0000009224,0000008906,542,2024-01-18 08:17:05,,1
0000009225,0000008907,542,2017-09-28 11:09:51,,1
0000009226,0000008908,542,2021-04-22 01:54:18,,1
0000009227,0000008909,542,2021-06-29 20:17:24,,1
0000009228,0000008910,665,2020-06-30 05:00:26,,1
0000009229,0000008911,542,2023-07-30 11:45:00,,1
0000009230,0000008912,993,2019-08-17 03:12:21,,1
0000009231,0000008913,43,2022-05-17 08:28:39,,1
0000009232,0000008914,965,2020-03-23 07:24:55,,1
0000009233,0000008915,965,2016-10-16 23:16:20,,1
0000009234,0000008916,965,2021-11-01 10:44:06,,1
0000009235,0000008917,965,2022-01-04 04:47:24,,1
0000009236,0000008918,965,2018-08-29 20:03:33,,1
0000009237,0000008919,245,2020-02-17 20:40:00,,1
0000009238,0000008920,965,2019-11-08 16:50:20,,1
0000009239,0000008921,965,2018-08-15 17:06:21,,1
0000009240,0000008922,276,2023-01-30 16:41:47,,1
0000009241,0000008923,276,2021-01-02 01:42:16,,1
0000009242,0000008924,701,2023-02-22 15:31:05,,1
0000009243,0000008925,701,2020-04-20 11:50:31,,1
0000009244,0000008926,701,2020-01-26 00:58:26,,1
0000009245,0000008927,347,2023-10-31 21:54:41,2023-11-02 21:44:12,0
0000009246,0000008927,255,2023-11-02 21:44:12,,1
0000009247,0000008928,701,2021-01-02 03:07:36,,1
0000009248,0000008929,617,2023-03-15 11:16:01,,1
0000009249,0000008930,701,2022-05-16 18:36:36,,1
0000009250,0000008931,701,2019-07-03 01:39:39,,1
0000009251,0000008932,551,2017-12-17 19:35:28,,1
0000009252,0000008933,551,2017-03-15 00:12:39,,1
0000009253,0000008934,551,2017-01-30 15:36:00,,1
0000009254,0000008935,551,2016-11-14 01:45:41,,1
0000009255,0000008936,551,2018-11-15 17:07:40,,1
0000009256,0000008937,551,2016-05-28 02:27:40,,1
0000009257,0000008938,551,2017-12-02 07:16:56,,1
0000009258,0000008939,551,2018-07-23 11:19:08,,1
0000009259,0000008940,551,2016-12-08 10:17:06,,1
0000009260,0000008941,945,2016-07-22 02:33:44,,1
0000009261,0000008942,551,2018-10-20 10:10:12,,1
0000009262,0000008943,615,2016-03-23 07:14:15,,1
0000009263,0000008944,396,2015-04-04 14:39:25,,1
0000009264,0000008945,909,2023-08-24 13:50:27,,1
0000009265,0000008946,264,2019-12-31 19:41:42,,1
0000009266,0000008947,343,2024-02-05 22:50:28,2024-02-08 21:49:43,0
0000009267,0000008947,715,2024-02-08 21:49:43,,1
0000009268,0000008948,343,2024-10-06 23:23:59,,1
0000009269,0000008949,264,2019-06-09 02:26:36,,1
0000009270,0000008950,343,2020-11-29 06:08:37,,1
0000009271,0000008951,786,2024-09-10 03:08:10,,1
0000009272,0000008952,786,2023-10-25 20:09:37,,1
0000009273,0000008953,958,2025-04-24 13:24:29,,1
0000009274,0000008954,701,2018-04-07 07:11:34,,1
0000009275,0000008955,958,2016-07-13 05:43:01,,1
0000009276,0000008956,517,2025-03-29 12:31:05,,1
0000009277,0000008957,88,2020-12-04 10:41:02,,1
0000009278,0000008958,88,2018-06-18 08:41:04,,1
0000009279,0000008959,88,2020-06-20 07:16:09,2020-06-20 18:47:31,0
0000009280,0000008959,568,2020-06-20 18:47:31,,1
0000009281,0000008960,88,2018-05-04 03:29:51,,1
0000009282,0000008961,88,2021-07-24 06:22:42,,1
0000009283,0000008962,88,2024-07-28 20:00:41,,1
0000009284,0000008963,88,2024-02-12 03:07:02,,1
0000009285,0000008964,88,2018-04-18 12:26:10,,1
0000009286,0000008965,88,2022-06-08 10:14:46,,1
0000009287,0000008966,88,2021-11-23 22:52:42,,1
0000009288,0000008967,88,2023-05-23 04:54:37,,1
0000009289,0000008968,88,2021-10-21 15:30:11,,1
0000009290,0000008969,615,2016-01-02 14:37:05,,1
0000009291,0000008970,615,2016-01-15 12:40:03,,1
0000009292,0000008971,892,2017-04-12 06:12:06,,1
0000009293,0000008972,225,2025-08-06 13:51:51,,1
0000009294,0000008973,505,2026-09-26 18:26:36,,1
0000009295,0000008974,498,2025-10-15 06:20:29,,1
0000009296,0000008975,498,2023-07-13 05:44:33,,1
0000009297,0000008976,498,2021-10-24 05:19:53,,1
0000009298,0000008977,498,2024-02-28 21:03:54,,1
0000009299,0000008978,498,2022-10-11 04:20:26,,1
0000009300,0000008979,498,2024-12-14 17:32:45,,1
0000009301,0000008980,109,2024-11-25 17:03:34,,1
0000009302,0000008981,498,2021-01-10 02:22:22,,1
0000009303,0000008982,251,2017-07-15 16:29:33,,1
0000009304,0000008983,508,2024-08-25 13:32:52,,1
0000009305,0000008984,142,2018-10-28 19:37:28,,1
0000009306,0000008985,950,2020-08-23 13:46:15,,1
0000009307,0000008986,757,2023-08-17 20:43:45,,1
0000009308,0000008987,252,2020-03-26 13:55:43,,1
0000009309,0000008988,252,2017-03-14 11:48:49,,1
0000009310,0000008989,193,2018-01-09 03:23:31,,1
0000009311,0000008990,252,2019-05-20 01:23:50,,1
0000009312,0000008991,252,2018-08-03 20:08:33,,1
0000009313,0000008992,427,2020-04-01 14:38:35,,1
0000009314,0000008993,427,2025-11-19 00:53:04,,1
0000009315,0000008994,490,2022-12-07 18:39:39,,1
0000009316,0000008995,490,2021-07-14 06:33:22,,1
0000009317,0000008996,490,2022-07-10 01:44:02,,1
0000009318,0000008997,575,2019-08-23 08:24:32,,1
0000009319,0000008998,575,2024-05-05 23:58:40,,1
0000009320,0000008999,380,2018-12-27 02:45:29,,1
0000009321,0000009000,495,2015-08-24 21:01:39,,1
0000009322,0000009001,495,2016-09-18 20:54:15,2016-09-19 23:08:38,0
0000009323,0000009001,671,2016-09-19 23:08:38,,1
0000009324,0000009002,66,2017-03-22 20:37:08,,1
0000009325,0000009003,940,2017-04-04 00:59:14,,1
0000009326,0000009004,585,2019-03-10 22:55:41,,1
0000009327,0000009005,311,2017-09-24 22:44:14,,1
0000009328,0000009006,311,2017-05-20 04:16:23,,1
0000009329,0000009007,785,2022-12-08 15:26:32,,1
0000009330,0000009008,145,2025-06-18 10:52:38,,1
0000009331,0000009009,974,2020-06-14 22:33:57,,1
0000009332,0000009010,466,2021-06-23 08:42:58,,1
0000009333,0000009011,466,2018-04-21 08:08:33,,1
0000009334,0000009012,919,2021-07-20 07:21:09,,1
0000009335,0000009013,466,2019-06-14 16:18:12,,1
0000009336,0000009014,466,2018-02-15 06:10:44,,1
0000009337,0000009015,178,2017-01-06 10:38:04,,1
0000009338,0000009016,178,2019-02-08 07:53:13,,1
0000009339,0000009017,351,2026-05-29 02:24:55,2026-05-29 10:04:32,0
0000009340,0000009017,287,2026-05-29 10:04:32,,1
0000009341,0000009018,351,2021-09-05 18:36:09,,1
0000009342,0000009019,351,2024-03-15 07:37:36,,1
0000009343,0000009020,588,2016-05-10 19:15:55,,1
0000009344,0000009021,98,2019-10-16 05:18:49,,1
0000009345,0000009022,244,2020-07-28 16:11:58,,1
0000009346,0000009023,244,2020-09-05 09:04:49,,1
0000009347,0000009024,244,2018-08-28 00:04:18,,1
0000009348,0000009025,244,2021-12-25 15:09:12,,1
0000009349,0000009026,244,2020-10-16 05:05:36,,1
0000009350,0000009027,429,2025-10-13 05:46:05,,1
0000009351,0000009028,244,2018-03-04 08:16:42,2018-03-05 08:23:01,0
0000009352,0000009028,568,2018-03-05 08:23:01,,1
0000009353,0000009029,244,2025-05-07 12:35:11,,1
0000009354,0000009030,197,2023-02-14 00:26:20,,1
0000009355,0000009031,566,2022-07-22 14:19:59,,1
0000009356,0000009032,566,2018-12-30 03:25:30,,1
0000009357,0000009033,566,2016-01-03 21:26:22,,1
0000009358,0000009034,566,2019-09-03 14:37:34,,1
0000009359,0000009035,46,2022-12-21 12:08:40,,1
0000009360,0000009036,46,2019-12-18 05:14:35,,1
0000009361,0000009037,46,2023-04-22 01:36:40,,1
0000009362,0000009038,46,2023-02-07 05:06:47,,1
0000009363,0000009039,46,2024-03-06 08:17:31,,1
0000009364,0000009040,219,2021-02-07 01:32:11,,1
0000009365,0000009041,219,2019-04-12 04:33:46,,1
0000009366,0000009042,99,2024-02-09 03:02:03,,1
0000009367,0000009043,734,2017-11-17 14:12:22,,1
0000009368,0000009044,399,2022-08-28 00:54:03,,1
0000009369,0000009045,349,2023-06-20 03:00:14,,1
0000009370,0000009046,349,2025-09-29 16:08:09,,1
0000009371,0000009047,695,2026-03-05 03:26:40,,1
0000009372,0000009048,801,2026-01-04 09:28:38,,1
0000009373,0000009049,718,2018-04-15 03:00:38,,1
0000009374,0000009050,593,2022-02-22 13:01:37,,1
0000009375,0000009051,593,2023-08-26 19:28:24,,1
0000009376,0000009052,630,2016-02-20 01:41:55,,1
0000009377,0000009053,412,2020-03-01 22:14:03,,1
0000009378,0000009054,501,2024-08-11 22:55:00,,1
0000009379,0000009055,372,2019-08-04 05:35:14,,1
0000009380,0000009056,552,2022-08-16 17:28:40,,1
0000009381,0000009057,552,2017-02-11 16:24:12,,1
0000009382,0000009058,923,2024-11-13 00:30:30,,1
0000009383,0000009059,552,2024-03-13 12:38:57,,1
0000009384,0000009060,552,2020-06-23 07:51:40,,1
0000009385,0000009061,552,2016-10-21 22:27:11,,1
0000009386,0000009062,552,2018-10-05 02:24:50,2018-10-08 15:49:53,0
0000009387,0000009062,434,2018-10-08 15:49:53,,1
0000009388,0000009063,653,2021-05-15 08:05:31,,1
0000009389,0000009064,619,2018-06-24 14:54:47,,1
0000009390,0000009065,619,2020-10-15 05:11:09,,1
0000009391,0000009066,619,2018-10-17 14:59:34,,1
0000009392,0000009067,492,2020-12-04 04:18:43,,1
0000009393,0000009068,492,2019-03-23 22:35:53,,1
0000009394,0000009069,167,2018-09-13 17:22:28,,1
0000009395,0000009070,919,2017-02-03 15:13:30,,1
0000009396,0000009071,919,2018-04-02 21:59:04,,1
0000009397,0000009072,919,2020-08-16 14:09:16,,1
0000009398,0000009073,919,2025-04-29 18:50:25,,1
0000009399,0000009074,78,2026-01-08 17:23:43,,1
0000009400,0000009075,308,2020-04-17 02:04:59,,1
0000009401,0000009076,582,2024-06-27 03:14:25,,1
0000009402,0000009077,560,2020-10-05 06:17:51,,1
0000009403,0000009078,560,2018-07-21 18:13:03,,1
0000009404,0000009079,582,2022-05-10 15:14:04,,1
0000009405,0000009080,582,2024-11-26 07:48:19,,1
0000009406,0000009081,560,2019-02-21 01:09:43,,1
0000009407,0000009082,65,2023-06-03 12:40:22,,1
0000009408,0000009083,560,2021-02-28 08:19:31,,1
0000009409,0000009084,645,2021-05-22 14:10:25,,1
0000009410,0000009085,47,2021-03-02 12:30:34,,1
0000009411,0000009086,534,2023-04-27 15:40:07,,1
0000009412,0000009087,219,2025-10-04 06:54:41,,1
0000009413,0000009088,60,2016-04-26 07:44:25,,1
0000009414,0000009089,893,2016-07-11 05:30:32,,1
0000009415,0000009090,222,2023-01-24 12:12:28,,1
0000009416,0000009091,222,2023-07-20 05:32:19,,1
0000009417,0000009092,222,2023-06-30 21:25:06,,1
0000009418,0000009093,456,2025-01-25 15:54:42,,1
0000009419,0000009094,222,2018-01-03 18:06:16,,1
0000009420,0000009095,83,2023-07-20 12:16:14,,1
0000009421,0000009096,721,2019-03-27 11:54:26,,1
0000009422,0000009097,962,2018-08-06 22:33:16,,1
0000009423,0000009098,83,2025-06-12 10:07:57,,1
0000009424,0000009099,601,2022-01-14 07:27:44,,1
0000009425,0000009100,962,2020-08-03 20:34:09,,1
0000009426,0000009101,83,2025-12-15 12:06:41,,1
0000009427,0000009102,83,2022-08-07 10:01:28,,1
0000009428,0000009103,678,2019-08-04 02:32:49,,1
0000009429,0000009104,678,2026-04-09 09:30:51,2026-04-10 04:00:28,0
0000009430,0000009104,470,2026-04-10 04:00:28,,1
0000009431,0000009105,454,2026-01-20 19:31:24,,1
0000009432,0000009106,669,2026-03-24 21:11:09,,1
0000009433,0000009107,201,2021-05-06 00:57:15,,1
0000009434,0000009108,201,2017-03-22 04:59:23,,1
0000009435,0000009109,480,2016-03-12 05:08:15,,1
0000009436,0000009110,995,2017-06-28 08:57:25,,1
0000009437,0000009111,670,2022-04-27 19:28:06,,1
0000009438,0000009112,511,2022-03-22 18:19:46,,1
0000009439,0000009113,511,2017-08-23 22:41:15,,1
0000009440,0000009114,511,2022-11-19 23:02:48,,1
0000009441,0000009115,587,2019-02-08 07:36:26,,1
0000009442,0000009116,673,2020-09-11 21:26:13,,1
0000009443,0000009117,866,2019-11-05 20:45:19,,1
0000009444,0000009118,866,2023-11-07 12:17:58,,1
0000009445,0000009119,866,2020-11-23 08:19:03,,1
0000009446,0000009120,866,2023-09-21 00:35:32,,1
0000009447,0000009121,866,2018-08-13 10:07:52,,1
0000009448,0000009122,866,2022-01-13 05:46:38,,1
0000009449,0000009123,866,2020-11-07 04:04:30,,1
0000009450,0000009124,866,2023-01-23 01:38:46,,1
0000009451,0000009125,112,2016-01-05 07:25:09,,1
0000009452,0000009126,112,2016-03-22 13:57:51,,1
0000009453,0000009127,112,2021-10-01 09:52:36,,1
0000009454,0000009128,441,2016-10-05 20:38:35,,1
0000009455,0000009129,112,2016-03-15 08:01:16,,1
0000009456,0000009130,112,2015-12-26 14:16:26,,1
0000009457,0000009131,112,2016-12-14 08:51:14,,1
0000009458,0000009132,112,2016-10-21 11:32:56,,1
0000009459,0000009133,16,2016-10-25 13:27:04,,1
0000009460,0000009134,12,2025-12-12 22:39:19,,1
0000009461,0000009135,954,2024-06-09 02:35:43,,1
0000009462,0000009136,586,2021-04-12 11:54:05,,1
0000009463,0000009137,586,2025-01-18 00:17:23,,1
0000009464,0000009138,586,2019-12-08 09:31:16,,1
0000009465,0000009139,586,2020-02-27 12:47:34,,1
0000009466,0000009140,812,2021-05-26 08:05:29,,1
0000009467,0000009141,792,2024-06-24 16:12:18,2024-06-26 03:25:27,0
0000009468,0000009141,700,2024-06-26 03:25:27,,1
0000009469,0000009142,792,2022-06-21 13:54:28,,1
0000009470,0000009143,792,2023-03-24 19:56:23,,1
0000009471,0000009144,792,2023-06-17 15:01:48,,1
0000009472,0000009145,792,2019-12-08 17:38:37,,1
0000009473,0000009146,655,2021-10-21 18:30:00,,1
0000009474,0000009147,637,2018-07-09 00:13:43,,1
0000009475,0000009148,637,2017-11-30 17:16:00,,1
0000009476,0000009149,637,2016-06-28 07:44:58,,1
0000009477,0000009150,655,2021-02-13 02:02:50,,1
0000009478,0000009151,723,2022-12-13 05:31:13,,1
0000009479,0000009152,723,2022-04-13 15:26:31,,1
0000009480,0000009153,723,2025-09-29 20:15:48,,1
0000009481,0000009154,223,2018-09-05 23:34:41,,1
0000009482,0000009155,723,2025-04-06 08:33:56,,1
0000009483,0000009156,155,2021-12-17 17:41:25,,1
0000009484,0000009157,13,2025-01-14 16:03:19,,1
0000009485,0000009158,915,2025-06-13 21:37:37,,1
0000009486,0000009159,469,2025-06-15 09:56:29,,1
0000009487,0000009160,469,2019-01-24 09:03:16,,1
0000009488,0000009161,333,2017-08-12 20:34:12,,1
0000009489,0000009162,46,2022-01-23 05:04:04,,1
0000009490,0000009163,556,2019-05-04 14:34:44,,1
0000009491,0000009164,743,2016-01-12 00:04:31,,1
0000009492,0000009165,743,2016-04-18 05:29:14,,1
0000009493,0000009166,609,2023-02-07 14:07:14,,1
0000009494,0000009167,315,2018-10-18 13:43:23,,1
0000009495,0000009168,525,2017-07-17 04:40:50,,1
0000009496,0000009169,884,2019-10-22 21:00:19,,1
0000009497,0000009170,987,2021-10-20 20:13:01,,1
0000009498,0000009171,884,2024-07-24 07:26:59,,1
0000009499,0000009172,912,2024-04-01 08:15:22,,1
0000009500,0000009173,480,2023-08-08 03:42:43,,1
0000009501,0000009174,480,2019-05-23 16:16:41,,1
0000009502,0000009175,367,2024-02-15 06:58:56,,1
0000009503,0000009176,237,2025-10-01 16:04:35,,1
0000009504,0000009177,807,2020-11-30 15:46:20,,1
0000009505,0000009178,678,2026-08-27 10:16:10,,1
0000009506,0000009179,807,2019-11-17 03:42:20,,1
0000009507,0000009180,807,2024-06-02 16:17:03,,1
0000009508,0000009181,807,2023-03-19 04:00:40,,1
0000009509,0000009182,807,2023-08-06 20:22:17,,1
0000009510,0000009183,807,2026-09-09 01:23:32,,1
0000009511,0000009184,807,2022-02-26 15:46:10,,1
0000009512,0000009185,287,2017-09-02 00:04:50,,1
0000009513,0000009186,287,2017-07-30 17:09:24,,1
0000009514,0000009187,287,2017-10-14 10:42:45,,1
0000009515,0000009188,287,2017-09-16 23:26:24,,1
0000009516,0000009189,287,2017-08-11 19:42:13,,1
0000009517,0000009190,697,2022-02-06 01:48:34,,1
0000009518,0000009191,697,2024-02-17 07:13:36,,1
0000009519,0000009192,134,2019-11-07 16:07:16,,1
0000009520,0000009193,134,2017-05-07 09:21:31,,1
0000009521,0000009194,134,2021-03-02 15:57:28,,1
0000009522,0000009195,102,2017-09-13 06:16:37,,1
0000009523,0000009196,134,2021-02-12 11:31:25,,1
0000009524,0000009197,518,2018-06-21 16:52:43,,1
0000009525,0000009198,518,2016-03-02 05:03:09,,1
0000009526,0000009199,518,2019-10-29 06:38:40,,1
0000009527,0000009200,544,2019-09-02 15:10:37,,1
0000009528,0000009201,544,2019-12-02 12:38:02,,1
0000009529,0000009202,544,2019-06-18 20:17:56,,1
0000009530,0000009203,544,2021-02-21 04:34:44,,1
0000009531,0000009204,544,2019-05-09 12:51:04,,1
0000009532,0000009205,544,2018-10-16 23:41:52,,1
0000009533,0000009206,510,2021-03-26 02:07:54,,1
0000009534,0000009207,544,2020-12-23 15:22:42,,1
0000009535,0000009208,985,2020-07-20 20:05:03,2020-07-25 15:56:24,0
0000009536,0000009208,771,2020-07-25 15:56:24,,1
0000009537,0000009209,985,2023-06-02 04:06:24,,1
0000009538,0000009210,985,2019-01-30 14:58:44,,1
0000009539,0000009211,753,2020-10-03 02:30:44,,1
0000009540,0000009212,543,2018-10-29 19:55:46,,1
0000009541,0000009213,126,2023-05-28 06:40:17,,1
0000009542,0000009214,126,2024-06-01 04:55:06,,1
0000009543,0000009215,831,2018-06-20 20:28:44,,1
0000009544,0000009216,258,2026-05-10 20:12:47,,1
0000009545,0000009217,1,2024-11-20 15:50:15,,1
0000009546,0000009218,258,2016-01-26 07:57:32,,1
0000009547,0000009219,178,2025-07-30 08:57:22,,1
0000009548,0000009220,178,2024-08-22 15:11:27,,1
0000009549,0000009221,308,2018-02-25 22:29:55,,1
0000009550,0000009222,308,2025-06-02 18:45:01,,1
0000009551,0000009223,149,2026-07-15 04:37:43,,1
0000009552,0000009224,308,2026-04-19 03:31:35,,1
0000009553,0000009225,308,2019-10-07 13:11:47,,1
0000009554,0000009226,308,2024-08-26 10:47:19,,1
0000009555,0000009227,308,2026-02-19 18:09:14,,1
0000009556,0000009228,385,2021-03-12 21:04:22,,1
0000009557,0000009229,347,2018-09-24 01:10:09,,1
0000009558,0000009230,347,2019-10-13 07:43:48,,1
0000009559,0000009231,347,2019-08-12 13:51:42,,1
0000009560,0000009232,741,2017-12-25 17:18:33,,1
0000009561,0000009233,741,2019-11-23 10:08:47,,1
0000009562,0000009234,741,2021-11-29 00:38:19,,1
0000009563,0000009235,245,2016-07-02 22:04:28,,1
0000009564,0000009236,741,2015-01-06 02:28:28,,1
0000009565,0000009237,741,2017-02-26 02:30:36,,1
0000009566,0000009238,741,2018-01-05 00:07:20,,1
0000009567,0000009239,741,2019-07-06 18:37:42,,1
0000009568,0000009240,713,2024-03-30 07:38:47,,1
0000009569,0000009241,374,2024-07-26 15:54:58,,1
0000009570,0000009242,713,2025-06-14 08:41:42,,1
0000009571,0000009243,886,2020-12-08 15:56:18,,1
0000009572,0000009244,886,2018-10-18 03:09:46,,1
0000009573,0000009245,365,2022-12-26 02:20:45,,1
0000009574,0000009246,283,2017-05-10 08:51:49,,1
0000009575,0000009247,283,2020-07-29 04:11:23,,1
0000009576,0000009248,2,2019-01-17 00:05:10,,1
0000009577,0000009249,493,2019-04-01 16:16:43,,1
0000009578,0000009250,506,2023-03-13 22:11:18,,1
0000009579,0000009251,976,2019-08-11 12:14:18,,1
0000009580,0000009252,506,2021-08-30 13:31:13,,1
0000009581,0000009253,815,2022-10-29 21:59:11,,1
0000009582,0000009254,815,2018-07-08 15:40:47,,1
0000009583,0000009255,815,2021-09-20 02:36:47,,1
0000009584,0000009256,311,2022-10-18 13:01:50,,1
0000009585,0000009257,815,2025-08-16 22:21:42,2025-08-20 12:15:28,0
0000009586,0000009257,408,2025-08-20 12:15:28,,1
0000009587,0000009258,494,2019-11-05 11:35:37,,1
0000009588,0000009259,138,2021-03-20 15:12:21,,1
0000009589,0000009260,614,2020-06-02 13:31:50,,1
0000009590,0000009261,267,2020-11-09 17:56:32,,1
0000009591,0000009262,138,2023-07-21 12:30:17,,1
0000009592,0000009263,500,2024-09-03 05:14:37,,1
0000009593,0000009264,103,2024-07-01 05:58:43,,1
0000009594,0000009265,721,2021-12-09 07:29:14,,1
0000009595,0000009266,580,2022-06-17 09:13:19,,1
0000009596,0000009267,133,2015-03-13 15:02:51,,1
0000009597,0000009268,133,2017-09-21 12:43:48,,1
0000009598,0000009269,418,2023-07-22 10:22:05,,1
0000009599,0000009270,852,2021-08-08 09:47:27,,1
0000009600,0000009271,349,2022-01-09 22:02:47,,1
0000009601,0000009272,600,2017-07-09 20:37:25,,1
0000009602,0000009273,600,2016-08-02 21:07:30,,1
0000009603,0000009274,349,2023-09-19 11:59:28,,1
0000009604,0000009275,349,2021-04-14 03:22:59,,1
0000009605,0000009276,128,2018-05-12 09:11:59,,1
0000009606,0000009277,290,2019-11-05 17:32:02,,1
0000009607,0000009278,290,2026-03-12 19:47:45,,1
0000009608,0000009279,948,2024-03-26 17:13:18,,1
0000009609,0000009280,948,2018-06-18 14:06:00,,1
0000009610,0000009281,908,2018-04-06 12:08:15,,1
0000009611,0000009282,604,2026-06-14 18:45:17,,1
0000009612,0000009283,948,2017-05-12 08:36:39,,1
0000009613,0000009284,242,2024-04-24 10:58:26,,1
0000009614,0000009285,325,2019-11-20 17:35:54,,1
0000009615,0000009286,121,2017-12-23 11:17:56,,1
0000009616,0000009287,998,2018-08-13 07:44:44,,1
0000009617,0000009288,963,2022-04-22 22:56:02,,1
0000009618,0000009289,998,2017-06-30 13:37:14,,1
0000009619,0000009290,629,2026-01-08 04:44:08,,1
0000009620,0000009291,629,2019-08-28 05:41:14,,1
0000009621,0000009292,483,2015-08-31 13:11:21,,1
0000009622,0000009293,363,2025-07-29 21:19:38,,1
0000009623,0000009294,696,2026-06-08 18:50:58,,1
0000009624,0000009295,897,2023-11-10 16:15:31,,1
0000009625,0000009296,375,2022-05-20 22:00:58,,1
0000009626,0000009297,423,2016-11-03 14:43:15,,1
0000009627,0000009298,423,2023-05-23 02:28:04,2023-05-26 15:23:06,0
0000009628,0000009298,88,2023-05-26 15:23:06,,1
0000009629,0000009299,423,2016-08-22 00:24:28,,1
0000009630,0000009300,423,2022-08-02 13:27:41,,1
0000009631,0000009301,423,2024-02-29 19:55:47,,1
0000009632,0000009302,423,2018-05-24 14:13:32,,1
0000009633,0000009303,423,2023-06-27 00:04:00,,1
0000009634,0000009304,797,2019-11-11 22:54:47,,1
0000009635,0000009305,248,2018-04-09 11:41:14,,1
0000009636,0000009306,248,2019-01-30 23:11:17,,1
0000009637,0000009307,96,2020-02-11 12:38:24,,1
0000009638,0000009308,248,2019-08-23 19:19:37,,1
0000009639,0000009309,248,2019-08-17 09:57:00,,1
0000009640,0000009310,248,2020-01-01 10:14:22,,1
0000009641,0000009311,248,2020-03-09 21:11:53,,1
0000009642,0000009312,195,2019-02-22 15:27:20,,1
0000009643,0000009313,993,2026-10-04 17:59:37,,1
0000009644,0000009314,586,2022-09-09 13:45:38,,1
0000009645,0000009315,548,2021-08-10 23:54:15,,1
0000009646,0000009316,586,2021-09-06 04:58:07,,1
0000009647,0000009317,586,2022-05-04 20:47:57,,1
0000009648,0000009318,633,2023-06-12 13:48:20,,1
0000009649,0000009319,586,2018-04-02 08:49:17,,1
0000009650,0000009320,586,2020-01-03 03:24:38,,1
0000009651,0000009321,129,2026-04-29 06:07:14,,1
0000009652,0000009322,129,2025-11-08 08:26:39,,1
0000009653,0000009323,273,2021-10-13 19:09:59,,1
0000009654,0000009324,474,2019-11-11 01:08:17,,1
0000009655,0000009325,314,2022-09-07 03:47:54,,1
0000009656,0000009326,807,2016-07-01 21:22:22,,1
0000009657,0000009327,817,2025-12-15 21:50:28,,1
0000009658,0000009328,489,2017-09-14 11:38:45,,1
0000009659,0000009329,817,2024-01-08 20:47:27,,1
0000009660,0000009330,807,2015-07-26 09:24:24,,1
0000009661,0000009331,442,2022-09-23 20:09:46,,1
0000009662,0000009332,442,2020-03-19 17:54:44,,1
0000009663,0000009333,442,2019-09-03 11:01:13,,1
0000009664,0000009334,442,2021-10-05 09:21:16,,1
0000009665,0000009335,442,2022-05-23 05:50:10,,1
0000009666,0000009336,248,2019-08-15 02:35:53,,1
0000009667,0000009337,721,2021-02-10 17:27:25,,1
0000009668,0000009338,768,2020-12-09 22:15:17,,1
0000009669,0000009339,983,2017-12-08 02:37:05,,1
0000009670,0000009340,501,2017-09-14 23:48:34,,1
0000009671,0000009341,89,2018-09-10 11:35:26,,1
0000009672,0000009342,979,2022-08-22 05:24:14,,1
0000009673,0000009343,32,2016-07-19 06:40:26,,1
0000009674,0000009344,145,2017-03-04 20:01:08,,1
0000009675,0000009345,349,2022-12-30 05:56:28,2023-01-02 01:49:47,0
0000009676,0000009345,775,2023-01-02 01:49:47,,1
0000009677,0000009346,239,2019-11-26 13:33:59,,1
0000009678,0000009347,239,2018-03-04 08:35:30,,1
0000009679,0000009348,284,2021-08-03 19:53:38,,1
0000009680,0000009349,284,2022-06-28 07:41:26,,1
0000009681,0000009350,349,2023-12-03 17:32:18,,1
0000009682,0000009351,284,2022-03-02 08:50:29,,1
0000009683,0000009352,239,2019-12-03 11:21:55,,1
0000009684,0000009353,898,2018-10-03 01:30:00,,1
0000009685,0000009354,839,2023-06-08 11:04:16,,1
0000009686,0000009355,878,2022-11-12 19:19:11,,1
0000009687,0000009356,839,2018-12-24 11:25:00,,1
0000009688,0000009357,839,2022-12-23 06:43:19,,1
0000009689,0000009358,980,2025-12-06 06:36:52,,1
0000009690,0000009359,839,2019-10-19 20:51:43,,1
0000009691,0000009360,839,2022-08-25 23:08:27,,1
0000009692,0000009361,99,2018-02-22 05:54:30,,1
0000009693,0000009362,280,2024-07-16 17:15:06,,1
0000009694,0000009363,382,2019-07-17 06:06:02,,1
0000009695,0000009364,382,2026-03-08 02:36:10,,1
0000009696,0000009365,790,2021-07-01 09:39:46,,1
0000009697,0000009366,295,2021-04-08 13:41:29,,1
0000009698,0000009367,790,2019-08-28 01:56:49,,1
0000009699,0000009368,78,2025-02-17 07:19:10,,1
0000009700,0000009369,729,2019-05-27 20:50:11,,1
0000009701,0000009370,731,2015-06-09 10:39:52,,1
0000009702,0000009371,731,2018-08-10 00:22:03,,1
0000009703,0000009372,982,2021-12-12 04:29:40,,1
0000009704,0000009373,982,2023-05-05 02:58:51,,1
0000009705,0000009374,710,2020-08-29 04:41:21,,1
0000009706,0000009375,866,2020-11-02 20:30:21,,1
0000009707,0000009376,321,2018-11-23 17:14:21,,1
0000009708,0000009377,321,2022-01-07 04:49:52,2022-01-08 09:30:58,0
0000009709,0000009377,202,2022-01-08 09:30:58,,1
0000009710,0000009378,622,2021-03-26 00:56:42,,1
0000009711,0000009379,86,2022-02-05 10:09:12,,1
0000009712,0000009380,314,2023-02-12 19:38:58,,1
0000009713,0000009381,314,2017-05-13 06:48:53,,1
0000009714,0000009382,935,2015-04-10 14:10:07,,1
0000009715,0000009383,935,2015-09-09 22:41:13,,1
0000009716,0000009384,822,2018-05-15 18:56:59,,1
0000009717,0000009385,521,2023-02-27 10:32:20,,1
0000009718,0000009386,707,2025-05-02 15:37:58,2025-05-04 03:45:57,0
0000009719,0000009386,257,2025-05-04 03:45:57,,1
0000009720,0000009387,974,2025-05-28 03:28:42,,1
0000009721,0000009388,998,2018-07-25 09:52:39,,1
0000009722,0000009389,521,2022-09-15 17:28:37,,1
0000009723,0000009390,36,2016-09-17 02:03:02,,1
0000009724,0000009391,36,2017-09-22 13:02:33,,1
0000009725,0000009392,19,2026-05-31 11:42:03,,1
0000009726,0000009393,779,2019-07-24 04:37:41,,1
0000009727,0000009394,779,2019-01-03 10:53:56,,1
0000009728,0000009395,914,2017-10-29 12:24:49,,1
0000009729,0000009396,914,2024-10-28 05:29:28,,1
0000009730,0000009397,37,2018-07-03 19:11:05,,1
0000009731,0000009398,37,2017-09-13 09:29:27,,1
0000009732,0000009399,37,2019-09-30 13:35:43,,1
0000009733,0000009400,87,2017-11-12 20:30:01,,1
0000009734,0000009401,210,2015-11-18 13:36:08,,1
0000009735,0000009402,87,2018-10-13 09:34:50,,1
0000009736,0000009403,87,2016-11-18 12:36:15,,1
0000009737,0000009404,87,2017-08-25 18:25:42,,1
0000009738,0000009405,603,2017-08-05 10:54:16,,1
0000009739,0000009406,814,2019-01-23 21:39:43,,1
0000009740,0000009407,19,2025-12-16 10:02:36,,1
0000009741,0000009408,814,2023-05-23 15:24:53,,1
0000009742,0000009409,829,2018-03-01 18:43:27,,1
0000009743,0000009410,561,2021-12-03 15:06:30,,1
0000009744,0000009411,131,2024-04-12 17:35:54,,1
0000009745,0000009412,977,2020-11-21 16:24:08,,1
0000009746,0000009413,977,2018-07-26 22:44:11,,1
0000009747,0000009414,851,2019-08-21 04:33:19,,1
0000009748,0000009415,977,2020-01-08 21:02:33,,1
0000009749,0000009416,977,2020-09-03 13:32:27,2020-09-04 09:53:52,0
0000009750,0000009416,265,2020-09-04 09:53:52,,1
0000009751,0000009417,605,2026-01-18 20:41:20,,1
0000009752,0000009418,541,2022-05-04 00:20:33,,1
0000009753,0000009419,605,2019-08-21 20:38:10,,1
0000009754,0000009420,605,2020-08-25 03:43:17,,1
0000009755,0000009421,260,2025-10-06 21:21:24,,1
0000009756,0000009422,470,2016-05-18 05:32:54,,1
0000009757,0000009423,539,2022-05-26 10:52:32,,1
0000009758,0000009424,539,2020-08-15 14:12:21,2020-08-15 17:50:55,0
0000009759,0000009424,218,2020-08-15 17:50:55,,1
0000009760,0000009425,595,2016-02-03 19:17:32,,1
0000009761,0000009426,595,2017-01-06 11:46:12,,1
0000009762,0000009427,595,2018-02-05 23:28:35,,1
0000009763,0000009428,595,2019-02-27 09:59:54,,1
0000009764,0000009429,595,2025-06-13 04:47:01,,1
0000009765,0000009430,630,2019-03-14 13:35:32,,1
0000009766,0000009431,808,2025-12-15 21:53:12,,1
0000009767,0000009432,368,2021-08-02 23:11:03,,1
0000009768,0000009433,923,2016-07-11 23:25:50,2016-07-13 07:59:40,0
0000009769,0000009433,720,2016-07-13 07:59:40,,1
0000009770,0000009434,919,2025-05-07 10:27:26,,1
0000009771,0000009435,919,2022-04-29 16:10:05,,1
0000009772,0000009436,919,2026-04-28 19:15:59,,1
0000009773,0000009437,463,2018-09-22 21:54:54,,1
0000009774,0000009438,463,2019-01-26 17:01:15,,1
0000009775,0000009439,463,2018-10-08 01:41:03,,1
0000009776,0000009440,105,2016-11-10 02:22:07,,1
0000009777,0000009441,857,2025-12-11 05:00:17,,1
0000009778,0000009442,105,2017-02-28 21:12:54,,1
0000009779,0000009443,442,2023-06-21 03:26:33,2023-06-23 12:07:42,0
0000009780,0000009443,625,2023-06-23 12:07:42,,1
0000009781,0000009444,45,2026-03-09 20:53:46,,1
0000009782,0000009445,567,2015-10-21 15:48:44,,1
0000009783,0000009446,567,2016-02-04 00:09:36,,1
0000009784,0000009447,301,2023-09-21 15:19:06,,1
0000009785,0000009448,164,2021-04-24 19:22:28,,1
0000009786,0000009449,164,2024-03-23 07:25:27,,1
0000009787,0000009450,164,2020-01-09 09:41:12,,1
0000009788,0000009451,164,2018-10-10 12:41:39,,1
0000009789,0000009452,164,2024-06-13 15:09:55,,1
0000009790,0000009453,308,2024-09-09 10:26:14,,1
0000009791,0000009454,645,2022-02-17 21:16:52,,1
0000009792,0000009455,308,2021-02-02 15:57:00,,1
0000009793,0000009456,390,2021-10-09 14:15:11,,1
0000009794,0000009457,390,2021-11-08 14:02:04,,1
0000009795,0000009458,390,2021-08-16 15:58:56,2021-08-21 23:01:45,0
0000009796,0000009458,936,2021-08-21 23:01:45,,1
0000009797,0000009459,390,2021-05-14 02:25:25,,1
0000009798,0000009460,390,2021-03-03 22:52:40,,1
0000009799,0000009461,393,2018-06-12 17:05:58,,1
0000009800,0000009462,393,2018-06-06 04:32:32,,1
0000009801,0000009463,393,2019-10-02 11:23:24,,1
0000009802,0000009464,393,2020-07-13 04:50:44,,1
0000009803,0000009465,393,2023-09-14 17:33:21,,1
0000009804,0000009466,895,2022-11-06 23:26:29,,1
0000009805,0000009467,895,2025-03-03 00:54:13,,1
0000009806,0000009468,895,2021-03-10 11:18:29,,1
0000009807,0000009469,149,2023-04-01 18:39:21,,1
0000009808,0000009470,895,2021-12-13 02:56:03,2021-12-13 03:32:28,0
0000009809,0000009470,824,2021-12-13 03:32:28,,1
0000009810,0000009471,184,2024-12-17 03:43:09,,1
0000009811,0000009472,269,2018-01-24 04:08:00,,1
0000009812,0000009473,279,2026-06-13 09:40:25,,1
0000009813,0000009474,529,2018-04-25 19:18:00,2018-05-01 03:26:13,0
0000009814,0000009474,86,2018-05-01 03:26:13,,1
0000009815,0000009475,529,2017-07-09 10:15:26,,1
0000009816,0000009476,529,2023-03-12 03:52:34,,1
0000009817,0000009477,427,2024-05-17 00:48:49,,1
0000009818,0000009478,587,2024-09-08 22:33:23,,1
0000009819,0000009479,2,2016-04-28 16:08:46,,1
0000009820,0000009480,587,2025-02-24 07:29:19,,1
0000009821,0000009481,2,2018-09-16 21:52:43,2018-09-18 02:04:32,0
0000009822,0000009481,947,2018-09-18 02:04:32,,1
0000009823,0000009482,2,2020-10-18 07:13:19,,1
0000009824,0000009483,304,2022-05-29 05:54:55,,1
0000009825,0000009484,304,2022-07-04 12:28:57,,1
0000009826,0000009485,304,2020-04-15 23:44:33,,1
0000009827,0000009486,304,2023-03-21 10:14:37,,1
0000009828,0000009487,304,2019-02-18 15:21:07,,1
0000009829,0000009488,933,2022-11-16 14:28:58,,1
0000009830,0000009489,933,2022-09-27 07:56:38,,1
0000009831,0000009490,469,2020-12-21 07:27:42,,1
0000009832,0000009491,228,2025-05-15 06:25:10,,1
0000009833,0000009492,228,2021-08-30 12:22:41,,1
0000009834,0000009493,606,2018-12-26 19:12:38,,1
0000009835,0000009494,228,2024-04-20 09:43:38,,1
0000009836,0000009495,228,2023-03-17 08:14:58,,1
0000009837,0000009496,748,2021-04-28 15:55:26,,1
0000009838,0000009497,595,2023-12-07 22:16:06,,1
0000009839,0000009498,73,2020-04-10 05:39:03,2020-04-10 21:28:24,0
0000009840,0000009498,293,2020-04-10 21:28:24,,1
0000009841,0000009499,73,2021-01-04 05:32:59,,1
0000009842,0000009500,73,2019-11-02 06:46:49,,1
0000009843,0000009501,73,2023-03-08 07:50:04,,1
0000009844,0000009502,73,2021-07-20 21:28:08,2021-07-21 07:53:57,0
0000009845,0000009502,131,2021-07-21 07:53:57,,1
0000009846,0000009503,73,2026-03-26 10:27:13,,1
0000009847,0000009504,73,2024-01-12 14:35:39,,1
0000009848,0000009505,73,2026-06-24 05:08:55,,1
0000009849,0000009506,73,2025-02-27 07:28:31,,1
0000009850,0000009507,73,2020-09-28 23:32:18,,1
0000009851,0000009508,73,2024-11-30 19:41:40,,1
0000009852,0000009509,73,2026-04-10 06:12:41,,1
0000009853,0000009510,437,2021-11-25 06:30:20,,1
0000009854,0000009511,205,2016-11-24 17:06:11,,1
0000009855,0000009512,90,2025-05-01 00:03:35,,1
0000009856,0000009513,775,2019-04-09 01:56:43,,1
0000009857,0000009514,806,2015-09-21 08:43:52,2015-09-21 13:50:36,0
0000009858,0000009514,469,2015-09-21 13:50:36,,1
0000009859,0000009515,806,2017-08-13 01:34:31,,1
0000009860,0000009516,72,2021-05-13 23:59:11,,1
0000009861,0000009517,973,2020-11-10 20:36:31,,1
0000009862,0000009518,279,2022-06-24 09:13:51,,1
0000009863,0000009519,979,2023-08-26 20:36:58,,1
0000009864,0000009520,942,2023-04-06 21:19:57,,1
0000009865,0000009521,285,2016-12-18 12:07:32,,1
0000009866,0000009522,285,2016-07-17 16:31:16,,1
0000009867,0000009523,285,2018-06-16 15:28:00,,1
0000009868,0000009524,285,2020-05-30 04:26:23,,1
0000009869,0000009525,285,2024-12-07 12:18:15,,1
0000009870,0000009526,285,2025-09-24 20:43:05,,1
0000009871,0000009527,285,2020-05-08 09:35:19,,1
0000009872,0000009528,744,2024-11-05 18:16:36,,1
0000009873,0000009529,285,2019-03-12 00:22:47,,1
0000009874,0000009530,285,2026-07-26 01:00:08,,1
0000009875,0000009531,285,2020-02-27 09:14:05,,1
0000009876,0000009532,434,2018-12-03 16:24:07,,1
0000009877,0000009533,963,2023-12-13 07:01:55,,1
0000009878,0000009534,963,2021-02-02 07:00:56,,1
0000009879,0000009535,593,2018-08-29 04:37:22,,1
0000009880,0000009536,839,2020-10-31 12:27:01,,1
0000009881,0000009537,745,2025-06-03 23:02:44,,1
0000009882,0000009538,839,2018-08-24 07:28:38,,1
0000009883,0000009539,839,2020-05-25 16:39:46,,1
0000009884,0000009540,414,2025-07-13 08:35:00,,1
0000009885,0000009541,414,2022-11-05 02:46:02,,1
0000009886,0000009542,642,2021-10-20 16:28:00,,1
0000009887,0000009543,414,2026-05-14 22:14:46,2026-05-18 20:47:56,0
0000009888,0000009543,518,2026-05-18 20:47:56,,1
0000009889,0000009544,158,2024-03-17 23:49:14,,1
0000009890,0000009545,642,2021-07-29 09:06:09,,1
0000009891,0000009546,642,2019-03-16 15:32:18,,1
0000009892,0000009547,414,2026-01-27 17:09:10,,1
0000009893,0000009548,642,2018-10-02 23:00:19,,1
0000009894,0000009549,414,2026-06-19 14:59:18,2026-06-22 23:40:19,0
0000009895,0000009549,772,2026-06-22 23:40:19,,1
0000009896,0000009550,786,2022-03-29 22:10:16,,1
0000009897,0000009551,642,2019-02-03 04:30:07,,1
0000009898,0000009552,852,2017-01-03 13:03:14,,1
0000009899,0000009553,735,2018-11-29 07:37:38,,1
0000009900,0000009554,735,2018-11-06 13:52:03,,1
0000009901,0000009555,741,2021-02-28 15:46:42,,1
0000009902,0000009556,508,2016-11-10 07:13:20,,1
0000009903,0000009557,508,2017-01-15 18:16:37,,1
0000009904,0000009558,675,2018-03-04 03:12:48,,1
0000009905,0000009559,675,2017-07-28 17:20:21,,1
0000009906,0000009560,675,2018-04-10 16:57:33,,1
0000009907,0000009561,441,2022-07-11 16:47:52,,1
0000009908,0000009562,35,2018-08-16 23:34:02,,1
0000009909,0000009563,623,2016-06-17 09:18:13,2016-06-21 05:28:26,0
0000009910,0000009563,200,2016-06-21 05:28:26,,1
0000009911,0000009564,623,2017-07-27 03:18:48,,1
0000009912,0000009565,814,2023-09-11 20:46:16,,1
0000009913,0000009566,105,2026-08-21 13:23:40,,1
0000009914,0000009567,105,2021-06-21 12:16:24,,1
0000009915,0000009568,105,2025-09-25 18:39:10,2025-09-26 10:13:44,0
0000009916,0000009568,865,2025-09-26 10:13:44,,1
0000009917,0000009569,105,2026-05-04 00:20:15,,1
0000009918,0000009570,105,2016-08-01 06:40:30,,1
0000009919,0000009571,498,2018-08-22 20:28:06,,1
0000009920,0000009572,330,2016-12-10 13:14:59,,1
0000009921,0000009573,600,2016-09-23 11:27:09,,1
0000009922,0000009574,330,2016-08-22 07:51:04,2016-08-25 12:22:19,0
0000009923,0000009574,530,2016-08-25 12:22:19,,1
0000009924,0000009575,330,2016-09-08 17:16:12,,1
0000009925,0000009576,330,2016-09-26 21:06:42,,1
0000009926,0000009577,330,2016-10-12 15:01:10,,1
0000009927,0000009578,330,2016-10-17 14:01:45,,1
0000009928,0000009579,330,2016-10-23 15:41:25,,1
0000009929,0000009580,683,2022-12-15 09:33:25,,1
0000009930,0000009581,683,2020-04-12 08:46:46,,1
0000009931,0000009582,877,2018-07-15 18:18:53,,1
0000009932,0000009583,588,2020-03-25 17:19:40,,1
0000009933,0000009584,259,2024-11-24 01:30:43,,1
0000009934,0000009585,259,2026-05-26 19:45:26,,1
0000009935,0000009586,259,2022-07-05 01:07:12,2022-07-07 02:00:57,0
0000009936,0000009586,507,2022-07-07 02:00:57,,1
0000009937,0000009587,758,2024-06-27 15:41:26,,1
0000009938,0000009588,704,2017-09-04 09:43:13,,1
0000009939,0000009589,704,2023-02-11 17:29:19,,1
0000009940,0000009590,704,2022-01-17 22:08:13,,1
0000009941,0000009591,271,2016-09-10 07:07:26,,1
0000009942,0000009592,993,2022-08-20 18:08:13,,1
0000009943,0000009593,993,2019-10-21 15:57:00,,1
0000009944,0000009594,993,2022-08-02 11:01:00,,1
0000009945,0000009595,791,2018-05-10 13:35:03,,1
0000009946,0000009596,791,2016-05-31 04:12:43,,1
0000009947,0000009597,378,2022-08-06 19:41:51,,1
0000009948,0000009598,783,2021-05-25 23:30:13,,1
0000009949,0000009599,269,2019-05-10 04:28:26,,1
0000009950,0000009600,783,2020-11-21 07:32:55,,1
0000009951,0000009601,783,2022-06-27 13:59:57,,1
0000009952,0000009602,918,2023-01-01 23:13:34,,1
0000009953,0000009603,783,2020-05-03 04:27:02,,1
0000009954,0000009604,783,2023-06-27 20:49:34,,1
0000009955,0000009605,783,2022-09-22 16:06:17,2022-09-23 12:33:21,0
0000009956,0000009605,170,2022-09-23 12:33:21,,1
0000009957,0000009606,868,2017-02-17 19:17:44,,1
0000009958,0000009607,801,2021-10-12 23:14:39,,1
0000009959,0000009608,801,2021-12-23 20:11:30,,1
0000009960,0000009609,265,2023-09-01 02:59:52,,1
0000009961,0000009610,227,2023-03-28 15:32:30,,1
0000009962,0000009611,227,2019-08-28 04:12:08,,1
0000009963,0000009612,26,2025-11-05 04:59:01,,1
0000009964,0000009613,26,2025-10-16 13:38:39,,1
0000009965,0000009614,725,2021-04-13 09:52:52,,1
0000009966,0000009615,676,2024-09-15 08:25:36,,1
0000009967,0000009616,645,2025-01-07 12:53:15,,1
0000009968,0000009617,743,2023-07-14 04:30:04,,1
0000009969,0000009618,743,2022-05-08 18:29:25,,1
0000009970,0000009619,224,2023-10-14 15:18:54,,1
0000009971,0000009620,358,2025-07-03 15:09:00,,1
0000009972,0000009621,743,2020-05-30 16:51:23,,1
0000009973,0000009622,549,2026-05-26 10:54:00,,1
0000009974,0000009623,70,2025-09-02 20:14:31,,1
0000009975,0000009624,248,2018-07-08 19:54:26,,1
0000009976,0000009625,979,2022-09-15 20:07:57,,1
0000009977,0000009626,987,2019-01-22 03:04:19,,1
0000009978,0000009627,987,2021-09-09 16:38:39,,1
0000009979,0000009628,945,2024-11-13 11:19:06,,1
0000009980,0000009629,987,2022-04-07 05:21:39,,1
0000009981,0000009630,945,2025-12-30 07:01:48,,1
0000009982,0000009631,987,2018-09-12 01:31:18,,1
0000009983,0000009632,987,2021-04-14 04:03:21,,1
0000009984,0000009633,987,2019-08-25 06:15:22,,1
0000009985,0000009634,961,2017-10-31 14:57:38,,1
0000009986,0000009635,980,2022-07-15 10:04:42,,1
0000009987,0000009636,259,2018-07-28 14:59:26,,1
0000009988,0000009637,653,2022-01-19 13:25:40,,1
0000009989,0000009638,485,2022-05-01 14:03:49,,1
0000009990,0000009639,259,2018-10-13 15:37:59,,1
0000009991,0000009640,259,2017-07-28 08:03:29,,1
0000009992,0000009641,143,2025-12-31 09:53:36,,1
0000009993,0000009642,259,2016-10-21 03:43:21,,1
0000009994,0000009643,653,2022-04-15 02:10:31,,1
0000009995,0000009644,734,2018-11-08 06:43:53,,1
0000009996,0000009645,538,2023-09-15 16:08:33,,1
0000009997,0000009646,538,2023-03-05 16:57:13,,1
0000009998,0000009647,208,2026-05-23 13:50:51,,1
0000009999,0000009648,535,2019-06-14 14:18:24,,1
0000010000,0000009649,980,2020-06-08 03:15:09,,1
0000010001,0000009650,538,2024-05-27 19:58:09,,1
0000010002,0000009651,734,2018-09-02 19:16:47,,1
0000010003,0000009652,189,2026-05-03 09:15:26,2026-05-07 04:42:01,0
0000010004,0000009652,745,2026-05-07 04:42:01,,1
0000010005,0000009653,564,2021-10-26 04:22:45,,1
0000010006,0000009654,850,2023-10-26 04:13:52,,1
0000010007,0000009655,94,2025-11-30 11:14:51,,1
0000010008,0000009656,691,2021-10-25 00:25:24,,1
0000010009,0000009657,340,2021-05-12 02:16:34,,1
0000010010,0000009658,526,2020-07-02 06:50:47,,1
0000010011,0000009659,526,2026-09-29 20:53:31,,1
0000010012,0000009660,132,2020-02-11 05:17:09,,1
0000010013,0000009661,132,2017-05-14 08:41:58,,1
0000010014,0000009662,132,2016-10-28 22:50:46,,1
0000010015,0000009663,429,2023-08-21 07:22:09,,1
0000010016,0000009664,723,2021-02-21 14:13:55,,1
0000010017,0000009665,723,2019-03-29 09:50:49,,1
0000010018,0000009666,723,2023-03-21 08:25:11,,1
0000010019,0000009667,282,2016-10-06 06:15:36,,1
0000010020,0000009668,227,2021-02-24 16:05:18,,1
0000010021,0000009669,227,2016-04-09 09:41:35,,1
0000010022,0000009670,677,2023-03-06 09:40:13,,1
0000010023,0000009671,227,2023-05-14 00:23:00,,1
0000010024,0000009672,227,2015-07-02 07:24:49,,1
0000010025,0000009673,227,2018-05-04 14:03:16,,1
0000010026,0000009674,227,2022-07-11 08:28:26,,1
0000010027,0000009675,395,2019-05-02 00:08:23,,1
0000010028,0000009676,212,2015-01-17 03:41:02,,1
0000010029,0000009677,701,2016-09-11 17:59:00,,1
0000010030,0000009678,212,2021-09-12 09:27:24,,1
0000010031,0000009679,66,2021-06-24 16:08:21,,1
0000010032,0000009680,271,2021-03-04 09:42:48,,1
0000010033,0000009681,417,2024-03-24 01:14:00,,1
0000010034,0000009682,417,2023-09-21 01:54:17,,1
0000010035,0000009683,417,2019-08-27 04:18:47,,1
0000010036,0000009684,307,2025-06-07 08:48:00,,1
0000010037,0000009685,307,2025-04-28 23:04:21,,1
0000010038,0000009686,99,2020-08-23 04:27:28,,1
0000010039,0000009687,99,2016-09-28 04:48:40,,1
0000010040,0000009688,670,2018-07-13 19:34:08,,1
0000010041,0000009689,164,2019-08-23 09:09:33,,1
0000010042,0000009690,715,2020-02-21 05:32:18,,1
0000010043,0000009691,858,2026-05-17 00:10:03,,1
0000010044,0000009692,516,2018-08-13 10:02:32,,1
0000010045,0000009693,858,2025-10-14 09:46:59,,1
0000010046,0000009694,858,2026-03-24 12:01:03,,1
0000010047,0000009695,528,2025-10-21 10:22:13,,1
0000010048,0000009696,858,2025-06-24 09:36:26,,1
0000010049,0000009697,257,2019-09-14 17:26:17,,1
0000010050,0000009698,858,2026-02-26 12:41:54,,1
0000010051,0000009699,944,2025-07-13 00:28:29,,1
0000010052,0000009700,937,2019-04-09 07:27:38,,1
0000010053,0000009701,716,2023-01-24 16:44:47,2023-01-26 12:27:53,0
0000010054,0000009701,289,2023-01-26 12:27:53,,1
0000010055,0000009702,456,2020-02-18 00:04:57,,1
0000010056,0000009703,456,2019-11-08 20:01:18,,1
0000010057,0000009704,21,2018-11-29 15:32:24,,1
0000010058,0000009705,21,2026-02-25 19:27:40,,1
0000010059,0000009706,857,2022-04-19 19:02:28,,1
0000010060,0000009707,981,2020-06-15 11:05:25,,1
0000010061,0000009708,720,2025-06-20 16:59:18,,1
0000010062,0000009709,720,2026-07-02 12:07:27,,1
0000010063,0000009710,428,2021-03-02 21:56:42,,1
0000010064,0000009711,720,2024-10-29 06:16:36,,1
0000010065,0000009712,334,2017-06-21 08:08:21,2017-06-24 05:48:50,0
0000010066,0000009712,111,2017-06-24 05:48:50,,1
0000010067,0000009713,334,2020-09-26 09:42:35,,1
0000010068,0000009714,334,2016-09-06 22:42:41,,1
0000010069,0000009715,697,2017-11-20 14:13:15,,1
0000010070,0000009716,697,2025-10-21 20:08:31,,1
0000010071,0000009717,453,2019-03-23 15:03:39,,1
0000010072,0000009718,846,2021-07-23 04:01:48,,1
0000010073,0000009719,453,2023-11-14 05:19:48,,1
0000010074,0000009720,453,2018-12-28 09:55:18,,1
0000010075,0000009721,453,2024-03-05 08:33:13,,1
0000010076,0000009722,453,2021-03-21 11:13:38,,1
0000010077,0000009723,453,2018-12-25 16:04:24,,1
0000010078,0000009724,453,2023-10-14 11:39:44,,1
0000010079,0000009725,1,2018-06-27 10:01:18,,1
0000010080,0000009726,16,2018-10-19 05:33:46,,1
0000010081,0000009727,470,2019-02-06 13:36:51,,1
0000010082,0000009728,704,2020-05-30 08:42:00,,1
0000010083,0000009729,704,2018-10-24 17:59:09,,1
0000010084,0000009730,906,2018-01-23 13:38:51,,1
0000010085,0000009731,881,2022-12-17 05:25:10,,1
0000010086,0000009732,881,2020-07-15 21:28:03,,1
0000010087,0000009733,881,2023-12-05 20:07:49,,1
0000010088,0000009734,881,2021-03-15 01:29:29,,1
0000010089,0000009735,778,2021-04-28 22:26:49,2021-04-29 07:57:18,0
0000010090,0000009735,817,2021-04-29 07:57:18,,1
0000010091,0000009736,881,2022-04-30 04:16:42,,1
0000010092,0000009737,866,2024-04-27 00:28:05,,1
0000010093,0000009738,526,2017-04-23 21:35:44,,1
0000010094,0000009739,526,2016-05-26 19:16:04,,1
0000010095,0000009740,526,2019-06-03 03:09:37,,1
0000010096,0000009741,509,2018-04-01 05:30:59,,1
0000010097,0000009742,509,2018-12-18 20:45:52,,1
0000010098,0000009743,509,2015-07-10 05:09:56,,1
0000010099,0000009744,923,2022-11-28 06:20:41,,1
0000010100,0000009745,923,2022-12-24 19:49:44,,1
0000010101,0000009746,923,2018-11-05 06:57:11,,1
0000010102,0000009747,923,2017-05-27 01:03:54,,1
0000010103,0000009748,923,2022-04-16 03:26:10,,1
0000010104,0000009749,960,2016-05-25 02:29:25,,1
0000010105,0000009750,529,2023-03-28 09:55:31,,1
0000010106,0000009751,529,2019-12-15 22:02:52,,1
0000010107,0000009752,685,2023-01-16 10:18:17,,1
0000010108,0000009753,539,2020-12-08 10:00:17,,1
0000010109,0000009754,489,2017-11-30 07:06:31,,1
0000010110,0000009755,539,2024-02-22 23:27:24,,1
0000010111,0000009756,59,2024-03-12 06:15:39,2024-03-15 14:51:06,0
0000010112,0000009756,576,2024-03-15 14:51:06,,1
0000010113,0000009757,653,2018-08-16 09:03:10,,1
0000010114,0000009758,653,2017-10-14 17:14:53,,1
0000010115,0000009759,653,2019-05-29 05:01:37,,1
0000010116,0000009760,332,2018-10-02 02:25:00,,1
0000010117,0000009761,744,2022-01-26 06:42:18,,1
0000010118,0000009762,330,2019-06-25 17:57:03,,1
0000010119,0000009763,785,2020-05-19 08:52:30,,1
0000010120,0000009764,192,2025-12-27 22:03:56,,1
0000010121,0000009765,163,2020-02-11 08:46:39,,1
0000010122,0000009766,269,2026-04-08 12:23:05,,1
0000010123,0000009767,269,2026-09-19 21:10:10,,1
0000010124,0000009768,300,2017-09-27 02:03:25,,1
0000010125,0000009769,377,2023-01-05 18:10:08,,1
0000010126,0000009770,322,2021-08-16 19:18:30,,1
0000010127,0000009771,76,2025-10-30 23:05:41,,1
0000010128,0000009772,281,2026-02-16 13:29:58,,1
0000010129,0000009773,995,2018-06-26 15:26:10,,1
0000010130,0000009774,578,2018-10-16 14:57:34,,1
0000010131,0000009775,578,2023-07-12 11:15:20,,1
0000010132,0000009776,578,2021-07-03 00:47:48,,1
0000010133,0000009777,91,2020-03-14 21:55:41,,1
0000010134,0000009778,173,2016-11-06 15:49:56,,1
0000010135,0000009779,173,2025-06-25 04:43:13,,1
0000010136,0000009780,830,2025-09-16 11:31:13,,1
0000010137,0000009781,735,2026-04-30 21:10:48,,1
0000010138,0000009782,173,2018-10-09 06:28:04,,1
0000010139,0000009783,728,2016-10-31 04:02:26,2016-10-31 14:41:46,0
0000010140,0000009783,293,2016-10-31 14:41:46,,1
0000010141,0000009784,728,2018-01-09 08:51:40,,1
0000010142,0000009785,728,2015-11-12 10:34:31,,1
0000010143,0000009786,54,2018-12-17 08:17:28,,1
0000010144,0000009787,728,2016-03-10 18:10:33,,1
0000010145,0000009788,379,2015-11-13 06:40:16,,1
0000010146,0000009789,379,2021-03-14 15:10:39,,1
0000010147,0000009790,379,2017-04-01 23:29:59,,1
0000010148,0000009791,379,2017-11-24 20:23:49,,1
0000010149,0000009792,379,2022-04-20 21:25:04,,1
0000010150,0000009793,499,2021-08-24 00:06:09,,1
0000010151,0000009794,552,2025-12-25 18:03:11,,1
0000010152,0000009795,420,2021-03-10 14:56:06,,1
0000010153,0000009796,533,2016-09-15 04:31:37,,1
0000010154,0000009797,533,2020-09-10 09:54:51,,1
0000010155,0000009798,533,2026-01-10 04:21:59,,1
0000010156,0000009799,297,2023-06-20 11:42:28,,1
0000010157,0000009800,533,2019-02-17 08:12:19,,1
0000010158,0000009801,677,2024-06-27 21:17:35,,1
0000010159,0000009802,677,2025-06-14 13:39:07,,1
0000010160,0000009803,677,2024-10-26 13:27:22,,1
0000010161,0000009804,39,2017-12-01 12:29:08,,1
0000010162,0000009805,608,2018-04-23 02:57:04,,1
0000010163,0000009806,58,2020-09-09 20:49:56,,1
0000010164,0000009807,627,2024-01-09 06:36:24,,1
0000010165,0000009808,627,2019-07-24 04:11:53,,1
0000010166,0000009809,703,2023-12-04 21:45:44,,1
0000010167,0000009810,3,2019-02-20 13:47:22,,1
0000010168,0000009811,3,2023-01-01 10:05:15,,1
0000010169,0000009812,951,2019-06-24 16:51:54,,1
0000010170,0000009813,3,2025-01-29 00:42:41,,1
0000010171,0000009814,3,2020-05-04 01:19:13,,1
0000010172,0000009815,3,2023-10-29 00:42:59,,1
0000010173,0000009816,3,2016-02-07 19:12:25,2016-02-11 19:06:40,0
0000010174,0000009816,204,2016-02-11 19:06:40,,1
0000010175,0000009817,3,2023-04-20 19:06:49,,1
0000010176,0000009818,3,2015-12-13 01:21:57,,1
0000010177,0000009819,3,2020-07-03 02:52:54,,1
0000010178,0000009820,3,2026-07-08 20:07:19,,1
0000010179,0000009821,3,2025-12-13 10:55:44,,1
0000010180,0000009822,942,2018-04-13 21:39:39,,1
0000010181,0000009823,986,2023-05-06 17:55:03,,1
0000010182,0000009824,239,2015-12-27 04:01:42,,1
0000010183,0000009825,636,2016-11-14 08:15:15,,1
0000010184,0000009826,636,2018-03-03 11:19:42,,1
0000010185,0000009827,636,2018-08-25 16:03:26,,1
0000010186,0000009828,410,2020-11-20 00:14:13,,1
0000010187,0000009829,410,2025-04-03 15:29:53,,1
0000010188,0000009830,410,2025-10-15 17:33:15,,1
0000010189,0000009831,375,2023-01-28 09:33:42,,1
0000010190,0000009832,375,2018-03-29 13:01:41,,1
0000010191,0000009833,839,2021-03-20 04:04:59,,1
0000010192,0000009834,182,2018-04-30 03:40:39,,1
0000010193,0000009835,481,2018-05-04 07:05:55,,1
0000010194,0000009836,481,2024-07-31 14:28:38,,1
0000010195,0000009837,481,2020-05-12 02:02:51,,1
0000010196,0000009838,481,2017-02-15 23:26:29,,1
0000010197,0000009839,481,2021-08-17 18:26:15,,1
0000010198,0000009840,481,2023-01-04 17:36:52,,1
0000010199,0000009841,498,2019-01-05 16:03:40,,1
0000010200,0000009842,481,2018-03-27 08:38:19,,1
0000010201,0000009843,491,2023-02-03 09:26:55,,1
0000010202,0000009844,491,2022-07-18 01:54:43,,1
0000010203,0000009845,491,2024-09-27 02:17:07,,1
0000010204,0000009846,140,2021-07-23 09:23:18,,1
0000010205,0000009847,525,2023-11-02 12:18:30,,1
0000010206,0000009848,123,2020-01-19 13:04:24,,1
0000010207,0000009849,123,2026-08-10 15:32:30,,1
0000010208,0000009850,581,2019-03-24 23:55:10,,1
0000010209,0000009851,343,2016-10-02 11:24:17,,1
0000010210,0000009852,343,2016-01-06 04:52:50,,1
0000010211,0000009853,343,2021-12-22 06:08:01,,1
0000010212,0000009854,343,2019-06-03 17:00:26,,1
0000010213,0000009855,313,2022-09-03 08:19:55,2022-09-03 19:31:11,0
0000010214,0000009855,818,2022-09-03 19:31:11,,1
0000010215,0000009856,343,2019-02-14 05:41:11,,1
0000010216,0000009857,217,2018-08-20 22:21:56,,1
0000010217,0000009858,313,2022-05-23 14:59:21,,1
0000010218,0000009859,313,2022-02-24 04:04:51,,1
0000010219,0000009860,488,2019-10-19 19:07:13,,1
0000010220,0000009861,313,2019-08-23 07:49:05,,1
0000010221,0000009862,430,2022-05-16 16:51:56,,1
0000010222,0000009863,902,2022-10-09 10:51:38,,1
0000010223,0000009864,902,2021-08-24 18:33:05,,1
0000010224,0000009865,383,2017-09-07 01:12:34,,1
0000010225,0000009866,21,2015-04-27 08:20:36,,1
0000010226,0000009867,742,2025-10-11 21:16:39,,1
0000010227,0000009868,435,2022-07-31 21:52:37,,1
0000010228,0000009869,435,2020-09-07 14:30:31,,1
0000010229,0000009870,686,2016-08-27 13:31:15,,1
0000010230,0000009871,686,2020-05-07 20:07:36,,1
0000010231,0000009872,686,2022-03-28 00:17:09,,1
0000010232,0000009873,166,2024-10-30 06:01:21,,1
0000010233,0000009874,949,2021-07-21 02:14:07,,1
0000010234,0000009875,468,2020-12-26 02:52:57,,1
0000010235,0000009876,50,2022-04-16 09:48:00,,1
0000010236,0000009877,84,2025-06-18 05:45:55,,1
0000010237,0000009878,84,2020-11-24 02:36:57,,1
0000010238,0000009879,927,2015-05-09 02:37:40,,1
0000010239,0000009880,927,2021-07-16 22:18:35,,1
0000010240,0000009881,927,2017-06-12 03:47:28,,1
0000010241,0000009882,927,2018-07-26 23:28:12,,1
0000010242,0000009883,927,2019-05-06 17:52:59,,1
0000010243,0000009884,889,2022-12-12 18:58:00,,1
0000010244,0000009885,236,2022-02-28 05:19:40,,1
0000010245,0000009886,170,2020-04-28 13:59:54,2020-05-01 23:02:52,0
0000010246,0000009886,53,2020-05-01 23:02:52,,1
0000010247,0000009887,170,2020-08-29 18:55:33,,1
0000010248,0000009888,58,2022-10-20 02:01:50,,1
0000010249,0000009889,534,2025-11-18 02:48:45,,1
0000010250,0000009890,289,2026-01-13 07:44:44,,1
0000010251,0000009891,170,2021-10-07 17:20:17,,1
0000010252,0000009892,289,2024-04-03 22:08:55,,1
0000010253,0000009893,170,2017-08-04 19:59:11,,1
0000010254,0000009894,41,2022-07-07 12:08:36,,1
0000010255,0000009895,41,2024-08-19 20:17:16,,1
0000010256,0000009896,41,2022-02-03 00:45:46,,1
0000010257,0000009897,41,2025-09-08 11:15:54,,1
0000010258,0000009898,41,2025-12-19 14:32:22,,1
0000010259,0000009899,41,2023-09-15 16:18:28,,1
0000010260,0000009900,41,2019-08-07 12:13:49,,1
0000010261,0000009901,41,2022-11-14 06:28:54,,1
0000010262,0000009902,41,2020-03-23 08:42:08,,1
0000010263,0000009903,41,2019-05-16 08:38:54,,1
0000010264,0000009904,41,2022-06-18 12:55:08,,1
0000010265,0000009905,41,2018-05-31 19:30:51,,1
0000010266,0000009906,790,2018-01-11 10:20:26,,1
0000010267,0000009907,790,2018-01-25 12:36:28,,1
0000010268,0000009908,704,2024-11-10 12:44:34,,1
0000010269,0000009909,352,2017-09-26 16:35:30,,1
0000010270,0000009910,352,2018-07-31 06:08:36,,1
0000010271,0000009911,352,2018-04-15 22:06:57,,1
0000010272,0000009912,352,2020-12-17 10:45:46,,1
0000010273,0000009913,262,2017-12-31 12:54:50,,1
0000010274,0000009914,352,2019-03-14 22:38:59,,1
0000010275,0000009915,328,2015-08-17 06:13:57,,1
0000010276,0000009916,352,2017-06-26 19:27:43,,1
0000010277,0000009917,660,2018-09-26 12:32:21,,1
0000010278,0000009918,352,2020-12-22 13:09:25,,1
0000010279,0000009919,328,2015-12-30 08:05:18,,1
0000010280,0000009920,320,2017-04-20 16:59:10,,1
0000010281,0000009921,401,2019-11-15 16:51:03,,1
0000010282,0000009922,401,2018-01-09 06:33:49,,1
0000010283,0000009923,522,2024-09-24 04:52:16,,1
0000010284,0000009924,998,2018-05-28 12:03:01,,1
0000010285,0000009925,228,2016-10-13 21:55:40,,1
0000010286,0000009926,228,2016-11-29 02:18:00,,1
0000010287,0000009927,228,2016-08-12 10:45:22,,1
0000010288,0000009928,667,2025-06-19 21:56:09,,1
0000010289,0000009929,359,2022-10-15 08:56:14,,1
0000010290,0000009930,667,2024-07-04 06:15:11,,1
0000010291,0000009931,667,2026-05-27 07:50:32,,1
0000010292,0000009932,916,2020-01-26 02:43:09,,1
0000010293,0000009933,667,2018-11-18 04:53:45,,1
0000010294,0000009934,115,2021-08-25 15:00:17,,1
0000010295,0000009935,667,2021-04-24 15:35:26,,1
0000010296,0000009936,667,2023-09-15 05:32:33,,1
0000010297,0000009937,667,2022-04-02 00:55:47,,1
0000010298,0000009938,667,2023-10-15 06:53:29,,1
0000010299,0000009939,667,2020-08-11 02:11:22,,1
0000010300,0000009940,295,2020-11-15 18:33:08,,1
0000010301,0000009941,438,2024-11-07 09:48:07,,1
0000010302,0000009942,560,2019-02-03 13:44:52,,1
0000010303,0000009943,560,2026-09-13 02:54:32,,1
0000010304,0000009944,560,2024-02-25 03:51:39,,1
0000010305,0000009945,736,2025-11-09 03:49:38,,1
0000010306,0000009946,886,2017-04-24 10:51:09,,1
0000010307,0000009947,66,2024-02-14 22:08:24,,1
0000010308,0000009948,676,2019-04-07 09:26:26,,1
0000010309,0000009949,353,2020-07-20 05:23:10,,1
0000010310,0000009950,886,2023-04-19 04:09:57,,1
0000010311,0000009951,886,2016-06-22 16:22:29,,1
0000010312,0000009952,338,2026-03-13 15:18:53,,1
0000010313,0000009953,338,2017-08-21 21:31:13,2017-08-21 23:14:56,0
0000010314,0000009953,956,2017-08-21 23:14:56,,1
0000010315,0000009954,941,2023-02-10 18:40:20,,1
0000010316,0000009955,941,2024-07-07 09:27:05,,1
0000010317,0000009956,941,2021-10-30 18:02:40,,1
0000010318,0000009957,341,2018-11-24 13:34:35,,1
0000010319,0000009958,302,2025-10-31 04:37:01,,1
0000010320,0000009959,807,2024-09-26 08:13:56,,1
0000010321,0000009960,807,2024-07-30 15:54:07,,1
0000010322,0000009961,420,2021-10-03 17:03:23,,1
0000010323,0000009962,420,2020-07-04 00:57:00,,1
0000010324,0000009963,420,2016-11-27 18:58:02,,1
0000010325,0000009964,979,2022-10-31 18:47:28,,1
0000010326,0000009965,420,2019-07-03 20:24:00,2019-07-04 20:18:27,0
0000010327,0000009965,298,2019-07-04 20:18:27,,1
0000010328,0000009966,486,2024-06-13 17:43:38,,1
0000010329,0000009967,420,2023-06-21 21:21:39,,1
0000010330,0000009968,420,2022-02-16 14:24:55,,1
0000010331,0000009969,420,2023-11-11 22:26:58,,1
0000010332,0000009970,420,2024-07-04 13:51:54,,1
0000010333,0000009971,420,2025-05-14 13:02:34,,1
0000010334,0000009972,420,2018-12-19 04:19:47,,1
0000010335,0000009973,29,2019-09-26 11:40:13,,1
0000010336,0000009974,105,2021-10-29 00:41:46,,1
0000010337,0000009975,105,2019-11-20 22:54:56,,1
0000010338,0000009976,598,2024-01-02 10:27:50,,1
0000010339,0000009977,620,2023-01-27 18:07:29,,1
0000010340,0000009978,105,2018-05-23 05:19:23,,1
0000010341,0000009979,105,2025-10-01 06:15:34,,1
0000010342,0000009980,144,2016-07-18 13:08:53,,1
0000010343,0000009981,105,2021-03-29 22:41:00,,1
0000010344,0000009982,248,2020-09-23 21:55:46,,1
0000010345,0000009983,248,2020-03-23 20:50:01,,1
0000010346,0000009984,306,2019-05-15 18:44:39,,1
0000010347,0000009985,306,2021-10-21 23:54:37,,1
0000010348,0000009986,557,2019-06-12 21:55:01,,1
0000010349,0000009987,557,2023-04-30 20:46:13,,1
0000010350,0000009988,926,2018-11-03 04:43:34,,1
0000010351,0000009989,904,2022-02-22 04:15:12,,1
0000010352,0000009990,363,2017-08-17 10:15:13,,1
0000010353,0000009991,363,2020-11-07 16:49:58,,1
0000010354,0000009992,363,2020-09-03 07:15:43,,1
0000010355,0000009993,43,2024-07-28 02:45:38,,1
0000010356,0000009994,599,2021-01-09 01:43:35,,1
0000010357,0000009995,43,2022-03-10 16:22:32,,1
0000010358,0000009996,37,2018-06-13 18:02:20,,1
0000010359,0000009997,337,2021-04-15 04:57:17,,1
0000010360,0000009998,554,2022-07-02 03:26:04,,1
0000010361,0000009999,399,2022-10-07 05:07:06,,1
0000010362,0000010000,986,2017-06-22 05:24:15,2017-06-23 20:54:15,0
0000010363,0000010000,386,2017-06-23 20:54:15,,1
0000010364,0000010001,7,2021-01-21 00:27:16,,1
0000010365,0000010002,7,2017-12-12 22:47:42,,1
0000010366,0000010003,417,2021-04-11 05:03:02,,1
0000010367,0000010004,273,2016-11-09 00:41:45,,1
0000010368,0000010005,273,2019-01-06 00:06:13,,1
0000010369,0000010006,544,2021-04-15 03:29:16,,1
0000010370,0000010007,320,2019-11-13 19:14:02,,1
0000010371,0000010008,243,2020-01-12 11:34:00,,1
0000010372,0000010009,351,2019-01-16 18:59:21,,1
0000010373,0000010010,40,2018-01-01 00:41:17,,1
0000010374,0000010011,40,2026-02-24 21:17:59,,1
0000010375,0000010012,947,2025-12-09 06:46:11,,1
0000010376,0000010013,804,2018-03-16 21:22:21,,1
0000010377,0000010014,11,2022-07-28 14:00:29,,1
0000010378,0000010015,11,2019-07-09 22:10:04,,1
0000010379,0000010016,625,2026-09-21 08:51:09,,1
0000010380,0000010017,11,2021-04-13 19:58:36,2021-04-15 18:56:31,0
0000010381,0000010017,383,2021-04-15 18:56:31,,1
0000010382,0000010018,605,2022-01-14 23:02:01,,1
0000010383,0000010019,234,2019-07-20 17:39:06,,1
0000010384,0000010020,558,2025-03-19 10:08:45,,1
0000010385,0000010021,558,2017-08-09 21:04:49,,1
0000010386,0000010022,558,2021-03-13 07:46:38,,1
0000010387,0000010023,766,2020-04-11 04:46:49,,1
0000010388,0000010024,558,2015-09-29 16:59:33,,1
0000010389,0000010025,597,2018-01-12 14:47:09,,1
0000010390,0000010026,61,2026-06-20 03:22:14,,1
0000010391,0000010027,590,2019-05-20 04:32:21,,1
0000010392,0000010028,590,2022-11-01 16:54:12,,1
0000010393,0000010029,29,2020-03-09 10:28:19,,1
0000010394,0000010030,558,2025-10-28 23:13:30,,1
0000010395,0000010031,558,2019-10-19 03:38:43,,1
0000010396,0000010032,148,2016-12-27 05:13:43,,1
0000010397,0000010033,558,2022-06-26 12:00:13,,1
0000010398,0000010034,909,2025-03-21 06:38:22,,1
0000010399,0000010035,913,2021-02-05 19:41:55,2021-02-07 20:30:58,0
0000010400,0000010035,165,2021-02-07 20:30:58,,1
0000010401,0000010036,913,2019-01-27 14:39:26,,1
0000010402,0000010037,913,2020-03-23 23:21:11,,1
0000010403,0000010038,913,2017-05-03 04:10:39,,1
0000010404,0000010039,147,2019-01-07 01:51:49,,1
0000010405,0000010040,913,2018-12-24 11:04:34,,1
0000010406,0000010041,909,2025-11-01 02:49:06,,1
0000010407,0000010042,909,2025-08-27 17:02:22,,1
0000010408,0000010043,913,2018-05-06 19:59:13,,1
0000010409,0000010044,913,2022-06-18 20:31:46,,1
0000010410,0000010045,909,2026-04-12 05:22:46,,1
0000010411,0000010046,334,2017-09-13 09:09:08,,1
0000010412,0000010047,334,2024-12-15 14:22:35,,1
0000010413,0000010048,334,2018-01-25 23:03:15,,1
0000010414,0000010049,334,2022-05-15 20:42:01,,1
0000010415,0000010050,339,2022-09-24 05:09:06,,1
0000010416,0000010051,334,2020-04-07 09:10:57,,1
0000010417,0000010052,334,2019-11-18 02:02:26,,1
0000010418,0000010053,334,2025-12-21 01:08:31,,1
0000010419,0000010054,170,2021-12-31 04:06:59,,1
0000010420,0000010055,170,2018-12-24 20:56:50,,1
0000010421,0000010056,170,2022-02-28 20:16:48,,1
0000010422,0000010057,282,2019-04-05 11:59:09,,1
0000010423,0000010058,771,2021-01-20 12:11:24,,1
0000010424,0000010059,170,2018-09-24 05:08:14,,1
0000010425,0000010060,170,2019-02-27 22:05:10,,1
0000010426,0000010061,170,2022-02-09 07:58:10,,1
0000010427,0000010062,170,2019-07-14 18:42:39,,1
0000010428,0000010063,170,2018-08-31 23:38:08,,1
0000010429,0000010064,170,2021-04-27 03:04:53,,1
0000010430,0000010065,170,2018-10-19 02:11:54,,1
0000010431,0000010066,920,2017-05-31 00:07:36,,1
0000010432,0000010067,920,2024-07-16 22:46:52,,1
0000010433,0000010068,920,2025-08-04 23:52:12,,1
0000010434,0000010069,510,2024-11-26 17:12:51,,1
0000010435,0000010070,920,2018-12-12 19:53:49,,1
0000010436,0000010071,238,2024-11-03 07:29:02,,1
0000010437,0000010072,920,2024-09-01 06:10:12,,1
0000010438,0000010073,920,2023-01-05 10:18:24,,1
0000010439,0000010074,117,2020-08-25 19:48:07,,1
0000010440,0000010075,920,2019-05-08 06:28:03,,1
0000010441,0000010076,920,2019-05-12 08:14:25,,1
0000010442,0000010077,920,2019-02-04 18:54:12,,1
0000010443,0000010078,707,2016-07-30 16:19:32,,1
0000010444,0000010079,707,2015-09-18 00:18:30,,1
0000010445,0000010080,707,2016-09-16 23:06:55,,1
0000010446,0000010081,543,2024-01-20 01:06:33,,1
0000010447,0000010082,793,2019-09-06 20:31:06,,1
0000010448,0000010083,323,2024-11-18 18:22:36,,1
0000010449,0000010084,793,2020-02-29 21:54:51,,1
0000010450,0000010085,146,2020-10-24 04:25:19,,1
0000010451,0000010086,793,2019-08-21 15:31:21,,1
0000010452,0000010087,793,2021-02-02 20:15:52,,1
0000010453,0000010088,543,2023-09-16 23:18:36,,1
0000010454,0000010089,307,2023-12-29 15:49:08,,1
0000010455,0000010090,307,2022-06-15 16:17:36,,1
0000010456,0000010091,307,2022-07-05 02:31:56,,1
0000010457,0000010092,62,2017-04-01 13:11:01,,1
0000010458,0000010093,903,2026-08-13 22:18:13,,1
0000010459,0000010094,453,2020-05-25 06:09:16,,1
0000010460,0000010095,974,2017-07-19 00:10:10,,1
0000010461,0000010096,974,2025-12-12 01:03:55,,1
0000010462,0000010097,974,2020-11-13 16:14:50,,1
0000010463,0000010098,974,2021-03-20 10:58:57,,1
0000010464,0000010099,780,2020-07-29 16:42:53,,1
0000010465,0000010100,490,2025-12-08 05:14:54,,1
0000010466,0000010101,363,2025-01-22 09:51:04,,1
0000010467,0000010102,897,2021-07-09 07:09:31,,1
0000010468,0000010103,169,2017-02-19 13:11:36,,1
0000010469,0000010104,173,2022-02-17 05:37:35,,1
0000010470,0000010105,259,2019-01-07 06:38:16,,1
0000010471,0000010106,259,2020-09-24 03:25:42,,1
0000010472,0000010107,406,2015-11-05 02:46:21,,1
0000010473,0000010108,876,2021-08-21 13:39:08,,1
0000010474,0000010109,936,2016-11-27 09:40:26,2016-11-28 02:40:39,0
0000010475,0000010109,669,2016-11-28 02:40:39,,1
0000010476,0000010110,259,2021-05-03 09:21:24,,1
0000010477,0000010111,936,2017-03-08 10:02:08,,1
0000010478,0000010112,259,2018-05-21 04:27:47,,1
0000010479,0000010113,209,2015-11-10 11:44:32,,1
0000010480,0000010114,209,2024-05-24 13:40:29,,1
0000010481,0000010115,209,2016-05-23 00:49:25,,1
0000010482,0000010116,209,2017-07-02 03:51:14,,1
0000010483,0000010117,209,2019-05-27 16:49:48,,1
0000010484,0000010118,209,2019-08-15 14:22:16,,1
0000010485,0000010119,209,2015-11-04 22:43:03,,1
0000010486,0000010120,209,2025-08-15 14:10:33,,1
0000010487,0000010121,71,2022-01-16 06:07:42,,1
0000010488,0000010122,71,2019-03-12 06:51:51,,1
0000010489,0000010123,71,2023-10-12 02:39:15,,1
0000010490,0000010124,792,2019-10-16 16:04:03,,1
0000010491,0000010125,230,2020-05-25 21:08:23,,1
0000010492,0000010126,230,2019-10-05 02:05:26,,1
0000010493,0000010127,389,2023-05-08 17:13:59,,1
0000010494,0000010128,690,2016-08-20 15:11:22,,1
0000010495,0000010129,310,2026-04-02 20:08:56,,1
0000010496,0000010130,590,2020-02-09 17:28:13,,1
0000010497,0000010131,890,2024-08-30 06:14:07,,1
0000010498,0000010132,590,2018-07-29 08:05:27,,1
0000010499,0000010133,56,2023-07-04 06:36:53,,1
0000010500,0000010134,562,2023-06-09 00:21:21,,1
0000010501,0000010135,329,2025-05-28 09:07:42,,1
0000010502,0000010136,29,2020-12-30 15:10:46,,1
0000010503,0000010137,29,2018-08-23 06:29:31,,1
0000010504,0000010138,982,2026-06-19 02:13:19,,1
0000010505,0000010139,354,2017-06-02 10:28:19,,1
0000010506,0000010140,959,2018-11-09 16:38:41,,1
0000010507,0000010141,775,2018-09-27 06:23:19,,1
0000010508,0000010142,62,2021-09-18 01:41:34,,1
0000010509,0000010143,62,2020-10-09 14:41:35,,1
0000010510,0000010144,936,2020-06-21 06:58:46,,1
0000010511,0000010145,612,2023-10-24 03:56:41,,1
0000010512,0000010146,936,2022-04-16 12:51:59,,1
0000010513,0000010147,256,2023-01-29 04:15:36,,1
0000010514,0000010148,806,2017-09-06 17:36:53,,1
0000010515,0000010149,911,2018-12-27 09:46:06,2018-12-31 15:05:44,0
0000010516,0000010149,470,2018-12-31 15:05:44,,1
0000010517,0000010150,911,2019-07-06 04:31:49,,1
0000010518,0000010151,480,2015-05-10 02:58:56,,1
0000010519,0000010152,418,2022-02-24 13:53:23,,1
0000010520,0000010153,859,2022-01-07 07:51:38,,1
0000010521,0000010154,859,2018-10-09 19:30:34,,1
0000010522,0000010155,575,2022-10-11 00:32:49,,1
0000010523,0000010156,253,2019-12-26 14:12:41,,1
0000010524,0000010157,931,2023-11-15 19:55:31,,1
0000010525,0000010158,976,2016-10-30 22:57:49,,1
0000010526,0000010159,976,2018-10-15 22:23:42,,1
0000010527,0000010160,712,2017-09-18 10:38:34,,1
0000010528,0000010161,712,2018-08-25 07:48:24,2018-08-26 18:29:41,0
0000010529,0000010161,346,2018-08-26 18:29:41,,1
0000010530,0000010162,712,2016-02-02 09:20:00,,1
0000010531,0000010163,712,2022-02-14 20:16:11,,1
0000010532,0000010164,712,2019-04-27 00:02:59,,1
0000010533,0000010165,712,2022-10-16 11:17:43,,1
0000010534,0000010166,712,2017-05-10 07:20:40,,1
0000010535,0000010167,712,2019-07-14 13:00:18,,1
0000010536,0000010168,319,2021-09-04 17:04:00,,1
0000010537,0000010169,319,2026-06-04 21:00:07,,1
0000010538,0000010170,532,2018-04-27 15:15:53,,1
0000010539,0000010171,101,2018-02-27 16:05:36,,1
0000010540,0000010172,101,2016-09-08 21:47:36,,1
0000010541,0000010173,101,2016-04-14 19:30:54,,1
0000010542,0000010174,247,2021-04-26 23:16:31,,1
0000010543,0000010175,267,2019-02-06 18:36:43,,1
0000010544,0000010176,988,2016-05-31 00:36:25,,1
0000010545,0000010177,267,2024-09-21 00:51:03,,1
0000010546,0000010178,267,2020-02-29 03:32:22,,1
0000010547,0000010179,267,2020-12-27 12:07:19,,1
0000010548,0000010180,267,2026-01-04 19:38:18,,1
0000010549,0000010181,267,2016-02-07 01:38:52,,1
0000010550,0000010182,267,2019-01-18 07:07:28,,1
0000010551,0000010183,768,2021-12-09 17:33:53,,1
0000010552,0000010184,183,2020-11-21 07:10:15,,1
0000010553,0000010185,425,2016-03-25 17:44:25,,1
0000010554,0000010186,78,2017-11-11 04:58:55,,1
0000010555,0000010187,86,2017-08-29 13:03:13,,1
0000010556,0000010188,78,2017-02-25 10:09:32,,1
0000010557,0000010189,994,2018-01-01 10:19:41,,1
0000010558,0000010190,994,2018-10-18 02:27:06,,1
0000010559,0000010191,969,2024-12-18 22:48:29,,1
0000010560,0000010192,253,2023-09-01 13:16:56,2023-09-04 05:15:21,0
0000010561,0000010192,912,2023-09-04 05:15:21,,1
0000010562,0000010193,994,2017-10-22 01:42:26,,1
0000010563,0000010194,827,2022-10-11 00:34:29,,1
0000010564,0000010195,827,2023-08-20 21:22:31,,1
0000010565,0000010196,827,2022-12-30 08:24:46,,1
0000010566,0000010197,616,2024-02-28 16:59:53,,1
0000010567,0000010198,992,2019-11-18 01:26:44,,1
0000010568,0000010199,992,2019-10-26 02:49:22,,1
0000010569,0000010200,15,2018-12-03 03:00:34,,1
0000010570,0000010201,745,2023-01-23 09:56:19,,1
0000010571,0000010202,377,2017-05-10 11:48:47,,1
0000010572,0000010203,377,2018-10-20 10:16:57,,1
0000010573,0000010204,30,2022-10-24 02:57:05,,1
0000010574,0000010205,422,2018-09-05 10:19:03,,1
0000010575,0000010206,422,2024-12-27 20:53:10,,1
0000010576,0000010207,644,2020-07-29 06:33:55,,1
0000010577,0000010208,644,2019-07-15 15:43:11,,1
0000010578,0000010209,644,2020-03-26 17:28:31,,1
0000010579,0000010210,727,2024-01-14 02:50:36,,1
0000010580,0000010211,727,2024-05-08 23:19:52,,1
0000010581,0000010212,142,2023-02-13 18:12:31,,1
0000010582,0000010213,134,2017-01-06 07:42:58,,1
0000010583,0000010214,505,2023-03-26 15:49:38,,1
0000010584,0000010215,425,2023-04-25 02:26:08,,1
0000010585,0000010216,425,2020-02-04 10:50:21,,1
0000010586,0000010217,425,2024-11-20 17:56:47,,1
0000010587,0000010218,425,2025-10-09 18:26:46,,1
0000010588,0000010219,425,2022-07-11 21:05:31,,1
0000010589,0000010220,314,2020-09-08 19:01:45,,1
0000010590,0000010221,334,2016-10-13 16:39:15,,1
0000010591,0000010222,523,2021-06-16 23:39:20,,1
0000010592,0000010223,565,2019-07-06 19:34:23,,1
0000010593,0000010224,621,2018-03-02 05:37:32,,1
0000010594,0000010225,621,2018-03-08 19:19:36,,1
0000010595,0000010226,621,2018-02-09 20:43:21,2018-02-11 01:07:46,0
0000010596,0000010226,346,2018-02-11 01:07:46,,1
0000010597,0000010227,672,2018-03-26 08:57:20,,1
0000010598,0000010228,731,2021-10-01 04:18:06,,1
0000010599,0000010229,174,2021-07-22 23:42:53,,1
0000010600,0000010230,214,2018-12-30 02:37:13,,1
0000010601,0000010231,214,2017-01-04 19:51:00,2017-01-08 19:44:42,0
0000010602,0000010231,609,2017-01-08 19:44:42,,1
0000010603,0000010232,856,2021-02-17 15:29:17,,1
0000010604,0000010233,856,2018-07-20 06:31:03,,1
0000010605,0000010234,293,2022-10-15 04:25:19,,1
0000010606,0000010235,2,2022-07-20 15:40:17,,1
0000010607,0000010236,856,2020-06-14 06:09:57,,1
0000010608,0000010237,124,2018-05-29 14:08:44,,1
0000010609,0000010238,427,2024-07-03 17:53:09,,1
0000010610,0000010239,123,2024-11-26 18:50:48,,1
0000010611,0000010240,123,2025-07-24 16:39:37,,1
0000010612,0000010241,123,2025-09-20 22:23:46,,1
0000010613,0000010242,597,2017-05-27 08:04:43,,1
0000010614,0000010243,597,2017-09-13 15:09:47,,1
0000010615,0000010244,597,2018-08-19 06:30:06,2018-08-22 16:28:24,0
0000010616,0000010244,193,2018-08-22 16:28:24,,1
0000010617,0000010245,597,2019-07-19 11:53:02,,1
0000010618,0000010246,25,2017-09-20 07:56:01,,1
0000010619,0000010247,635,2017-12-14 20:51:00,,1
0000010620,0000010248,597,2017-12-22 20:20:50,,1
0000010621,0000010249,597,2017-11-24 16:49:08,,1
0000010622,0000010250,895,2016-12-31 03:22:13,,1
0000010623,0000010251,895,2017-06-14 10:38:19,,1
0000010624,0000010252,739,2014-12-24 00:04:27,,1
0000010625,0000010253,234,2022-12-01 10:41:12,,1
0000010626,0000010254,161,2017-09-28 18:34:29,,1
0000010627,0000010255,161,2025-05-18 01:00:29,,1
0000010628,0000010256,563,2021-08-20 14:04:07,,1
0000010629,0000010257,774,2026-07-25 06:39:33,,1
0000010630,0000010258,933,2018-11-11 17:15:13,,1
0000010631,0000010259,770,2016-12-18 21:22:35,,1
0000010632,0000010260,770,2016-06-01 00:11:28,,1
0000010633,0000010261,770,2017-11-27 17:30:55,,1
0000010634,0000010262,662,2018-08-13 13:30:44,,1
0000010635,0000010263,159,2019-07-22 16:56:15,,1
0000010636,0000010264,159,2020-01-26 07:13:25,,1
0000010637,0000010265,159,2019-04-26 08:47:22,,1
0000010638,0000010266,159,2021-06-07 22:13:25,,1
0000010639,0000010267,483,2019-01-19 17:36:52,,1
0000010640,0000010268,773,2025-12-12 00:21:18,2025-12-12 18:20:35,0
0000010641,0000010268,532,2025-12-12 18:20:35,,1
0000010642,0000010269,773,2023-10-07 07:20:37,,1
0000010643,0000010270,407,2019-09-05 07:41:51,,1
0000010644,0000010271,407,2025-07-23 13:06:00,,1
0000010645,0000010272,11,2017-01-29 22:17:51,,1
0000010646,0000010273,16,2017-08-04 23:17:41,,1
0000010647,0000010274,352,2022-09-30 21:42:21,,1
0000010648,0000010275,451,2017-01-14 19:01:46,,1
0000010649,0000010276,11,2023-12-22 06:56:33,,1
0000010650,0000010277,11,2023-09-24 20:44:41,,1
0000010651,0000010278,384,2025-02-17 03:43:38,,1
0000010652,0000010279,11,2022-08-21 17:05:27,,1
0000010653,0000010280,352,2017-07-15 15:46:34,,1
0000010654,0000010281,690,2021-05-06 02:37:28,,1
0000010655,0000010282,589,2026-05-14 14:38:01,,1
0000010656,0000010283,787,2024-04-04 15:43:27,,1
0000010657,0000010284,779,2020-07-25 16:42:36,,1
0000010658,0000010285,223,2023-07-25 12:54:48,,1
0000010659,0000010286,223,2021-01-25 11:40:38,,1
0000010660,0000010287,223,2024-07-12 15:42:13,,1
0000010661,0000010288,164,2025-06-12 03:48:27,,1
0000010662,0000010289,164,2023-06-15 16:42:39,,1
0000010663,0000010290,164,2025-09-16 05:31:18,,1
0000010664,0000010291,769,2017-01-28 09:35:08,,1
0000010665,0000010292,845,2023-07-17 20:23:22,,1
0000010666,0000010293,845,2025-04-24 09:13:20,,1
0000010667,0000010294,845,2019-04-30 03:52:57,,1
0000010668,0000010295,845,2024-08-14 09:35:43,,1
0000010669,0000010296,845,2019-06-29 05:26:33,,1
0000010670,0000010297,671,2019-04-27 00:41:45,2019-04-29 19:00:33,0
0000010671,0000010297,319,2019-04-29 19:00:33,,1
0000010672,0000010298,203,2025-10-10 09:31:36,,1
0000010673,0000010299,945,2022-03-07 07:46:33,,1
0000010674,0000010300,12,2019-06-26 04:08:07,,1
0000010675,0000010301,808,2019-05-14 03:55:25,,1
0000010676,0000010302,922,2023-09-25 14:40:38,2023-09-26 07:18:04,0
0000010677,0000010302,406,2023-09-26 07:18:04,,1
0000010678,0000010303,533,2023-06-28 02:55:05,,1
0000010679,0000010304,104,2020-09-02 11:23:52,,1
0000010680,0000010305,643,2019-05-25 09:57:38,,1
0000010681,0000010306,643,2024-12-13 00:56:58,,1
0000010682,0000010307,502,2023-03-12 09:19:08,,1
0000010683,0000010308,508,2023-08-15 16:24:14,,1
0000010684,0000010309,823,2019-08-11 05:46:31,,1
0000010685,0000010310,480,2020-09-08 10:20:17,,1
0000010686,0000010311,586,2022-08-21 13:35:20,,1
0000010687,0000010312,486,2021-12-07 14:24:25,,1
0000010688,0000010313,823,2019-09-14 11:06:39,,1
0000010689,0000010314,169,2020-06-16 21:49:06,,1
0000010690,0000010315,988,2025-08-27 22:48:46,,1
0000010691,0000010316,372,2021-08-07 04:59:17,,1
0000010692,0000010317,691,2024-06-16 23:07:26,,1
0000010693,0000010318,65,2023-06-26 17:54:58,,1
0000010694,0000010319,146,2019-11-11 08:37:45,,1
0000010695,0000010320,146,2021-08-30 12:54:52,,1
0000010696,0000010321,146,2016-11-02 23:59:12,,1
0000010697,0000010322,318,2026-08-12 08:26:08,,1
0000010698,0000010323,318,2022-12-28 23:02:27,,1
0000010699,0000010324,106,2018-06-08 14:39:25,,1
0000010700,0000010325,106,2017-09-12 04:38:22,,1
0000010701,0000010326,106,2017-11-02 11:06:23,,1
0000010702,0000010327,587,2019-10-17 06:10:17,,1
0000010703,0000010328,488,2021-01-04 21:09:17,,1
0000010704,0000010329,587,2019-03-05 18:24:17,,1
0000010705,0000010330,206,2017-03-20 04:29:39,,1
0000010706,0000010331,206,2018-09-07 18:03:47,,1
0000010707,0000010332,206,2023-10-05 21:36:42,2023-10-09 09:24:24,0
0000010708,0000010332,11,2023-10-09 09:24:24,,1
0000010709,0000010333,77,2026-05-24 18:18:28,,1
0000010710,0000010334,150,2021-08-04 09:51:42,,1
0000010711,0000010335,150,2018-01-11 09:50:13,,1
0000010712,0000010336,150,2021-11-10 10:30:39,,1
0000010713,0000010337,150,2019-01-21 21:06:58,,1
0000010714,0000010338,150,2018-01-18 05:29:48,,1
0000010715,0000010339,292,2018-05-04 00:41:28,,1
0000010716,0000010340,292,2021-11-29 02:15:04,,1
0000010717,0000010341,292,2019-01-02 11:20:33,,1
0000010718,0000010342,292,2022-02-28 15:30:24,,1
0000010719,0000010343,292,2022-03-06 13:24:13,,1
0000010720,0000010344,292,2021-12-14 20:13:33,,1
0000010721,0000010345,292,2022-03-07 22:59:25,,1
0000010722,0000010346,292,2019-06-15 04:48:46,,1
0000010723,0000010347,401,2017-06-26 07:52:43,,1
0000010724,0000010348,190,2015-06-03 20:17:29,,1
0000010725,0000010349,817,2025-04-03 05:41:38,,1
0000010726,0000010350,817,2019-12-10 18:18:58,,1
0000010727,0000010351,649,2025-05-08 14:18:36,,1
0000010728,0000010352,817,2024-05-15 08:52:20,,1
0000010729,0000010353,805,2019-08-09 08:58:29,,1
0000010730,0000010354,6,2018-04-09 12:11:19,,1
0000010731,0000010355,326,2020-12-15 18:51:24,,1
0000010732,0000010356,738,2017-08-10 02:13:36,,1
0000010733,0000010357,738,2020-04-09 07:51:51,,1
0000010734,0000010358,61,2022-09-04 19:46:15,,1
0000010735,0000010359,317,2021-05-22 00:36:43,,1
0000010736,0000010360,317,2017-03-10 01:45:33,,1
0000010737,0000010361,317,2022-06-25 00:38:23,,1
0000010738,0000010362,317,2024-08-27 21:13:20,,1
0000010739,0000010363,941,2024-09-01 06:33:08,,1
0000010740,0000010364,941,2024-12-05 08:09:04,,1
0000010741,0000010365,985,2024-07-30 19:37:40,,1
0000010742,0000010366,553,2022-11-24 02:57:43,2022-11-24 23:53:00,0
0000010743,0000010366,379,2022-11-24 23:53:00,,1
0000010744,0000010367,553,2017-06-14 20:45:08,,1
0000010745,0000010368,553,2021-11-15 07:04:25,,1
0000010746,0000010369,553,2018-09-02 11:18:42,,1
0000010747,0000010370,765,2021-10-23 05:55:39,,1
0000010748,0000010371,340,2018-04-14 04:22:52,,1
0000010749,0000010372,340,2016-07-11 10:56:21,,1
0000010750,0000010373,608,2026-07-09 15:00:56,,1
0000010751,0000010374,454,2018-02-08 02:44:48,,1
0000010752,0000010375,918,2016-12-21 10:03:30,,1
0000010753,0000010376,327,2017-09-28 20:49:18,,1
0000010754,0000010377,327,2016-12-04 19:06:18,,1
0000010755,0000010378,327,2017-05-07 02:12:22,,1
0000010756,0000010379,327,2017-11-21 16:56:13,,1
0000010757,0000010380,882,2019-05-01 17:37:14,,1
0000010758,0000010381,882,2018-02-27 09:41:40,,1
0000010759,0000010382,367,2026-08-07 19:45:35,,1
0000010760,0000010383,115,2020-06-14 11:54:21,,1
0000010761,0000010384,115,2024-02-11 00:56:16,,1
0000010762,0000010385,843,2023-01-12 01:55:57,,1
0000010763,0000010386,534,2019-09-24 05:31:58,,1
0000010764,0000010387,534,2024-09-13 12:05:05,,1
0000010765,0000010388,534,2021-10-30 15:24:18,,1
0000010766,0000010389,452,2025-05-02 07:25:33,,1
0000010767,0000010390,452,2022-01-03 15:38:24,,1
0000010768,0000010391,452,2019-10-26 11:01:46,,1
0000010769,0000010392,903,2018-03-11 19:54:11,,1
0000010770,0000010393,67,2019-04-03 22:23:50,,1
0000010771,0000010394,903,2018-03-11 21:29:49,,1
0000010772,0000010395,836,2019-02-19 18:52:50,,1
0000010773,0000010396,415,2024-08-29 06:17:25,,1
0000010774,0000010397,674,2021-03-03 20:47:47,,1
0000010775,0000010398,807,2023-07-14 15:57:04,,1
0000010776,0000010399,749,2018-11-17 18:51:34,,1
0000010777,0000010400,807,2025-11-18 08:05:39,,1
0000010778,0000010401,222,2018-11-23 09:35:31,,1
0000010779,0000010402,835,2022-10-24 20:19:36,,1
0000010780,0000010403,532,2026-04-01 15:44:48,,1
0000010781,0000010404,532,2025-01-01 02:01:11,,1
0000010782,0000010405,877,2018-07-13 16:16:14,,1
0000010783,0000010406,877,2019-03-30 01:25:47,,1
0000010784,0000010407,877,2019-03-26 03:40:18,,1
0000010785,0000010408,877,2018-08-12 06:08:11,,1
0000010786,0000010409,877,2019-03-26 23:36:09,,1
0000010787,0000010410,877,2018-08-08 08:11:43,,1
0000010788,0000010411,877,2018-12-07 16:56:37,,1
0000010789,0000010412,877,2018-07-04 05:04:42,,1
0000010790,0000010413,877,2019-04-15 03:08:06,,1
0000010791,0000010414,877,2019-01-21 13:22:37,,1
0000010792,0000010415,877,2018-10-18 23:18:03,,1
0000010793,0000010416,877,2018-12-30 16:10:40,,1
0000010794,0000010417,303,2018-04-04 15:53:25,,1
0000010795,0000010418,98,2018-04-09 17:06:11,,1
0000010796,0000010419,8,2020-11-05 11:49:33,,1
0000010797,0000010420,929,2016-10-07 06:25:07,,1
0000010798,0000010421,929,2016-04-16 01:09:59,,1
0000010799,0000010422,799,2016-09-08 05:51:37,,1
0000010800,0000010423,77,2026-07-08 11:16:27,,1
0000010801,0000010424,782,2021-02-21 19:10:31,,1
0000010802,0000010425,77,2019-04-12 15:46:44,,1
0000010803,0000010426,77,2016-02-05 22:52:51,,1
0000010804,0000010427,659,2017-11-18 21:49:33,,1
0000010805,0000010428,985,2024-03-06 04:39:02,,1
0000010806,0000010429,682,2023-09-24 08:49:47,,1
0000010807,0000010430,682,2025-11-01 10:21:39,,1
0000010808,0000010431,682,2021-05-17 00:42:46,,1
0000010809,0000010432,682,2020-04-02 12:22:51,,1
0000010810,0000010433,682,2021-02-24 10:37:06,,1
0000010811,0000010434,682,2024-05-08 15:06:05,,1
0000010812,0000010435,682,2021-01-07 15:05:18,,1
0000010813,0000010436,682,2023-12-10 06:46:38,,1
0000010814,0000010437,508,2018-04-04 09:15:37,,1
0000010815,0000010438,508,2017-10-02 14:19:41,,1
0000010816,0000010439,236,2019-04-14 19:47:03,,1
0000010817,0000010440,236,2016-06-28 18:04:38,,1
0000010818,0000010441,236,2019-11-24 22:39:44,,1
0000010819,0000010442,236,2018-05-02 14:38:28,,1
0000010820,0000010443,236,2017-03-08 23:39:10,,1
0000010821,0000010444,11,2018-04-06 20:00:22,,1
0000010822,0000010445,949,2025-10-19 04:54:24,2025-10-19 22:59:49,0
0000010823,0000010445,239,2025-10-19 22:59:49,,1
0000010824,0000010446,949,2024-08-08 18:39:25,,1
0000010825,0000010447,61,2026-09-28 17:23:17,,1
0000010826,0000010448,881,2020-10-06 19:32:10,,1
0000010827,0000010449,881,2023-09-24 00:59:53,,1
0000010828,0000010450,145,2019-12-18 05:17:39,,1
0000010829,0000010451,285,2021-07-20 09:45:18,,1
0000010830,0000010452,145,2021-08-29 19:03:58,,1
0000010831,0000010453,145,2021-01-01 18:51:42,,1
0000010832,0000010454,145,2026-07-16 03:33:30,,1
0000010833,0000010455,805,2024-06-13 00:30:33,,1
0000010834,0000010456,805,2026-09-28 07:04:52,,1
0000010835,0000010457,805,2024-11-26 18:59:51,,1
0000010836,0000010458,126,2018-02-12 15:05:04,,1
0000010837,0000010459,415,2021-02-16 01:32:41,,1
0000010838,0000010460,929,2024-07-21 16:54:36,,1
0000010839,0000010461,512,2016-11-18 06:28:50,,1
0000010840,0000010462,288,2019-05-18 01:58:18,,1
0000010841,0000010463,288,2024-08-24 18:31:39,,1
0000010842,0000010464,519,2018-12-12 18:24:43,,1
0000010843,0000010465,636,2021-03-28 04:35:00,,1
0000010844,0000010466,691,2018-12-31 12:53:21,,1
0000010845,0000010467,691,2017-11-11 17:10:17,,1
0000010846,0000010468,691,2025-05-07 17:08:41,,1
0000010847,0000010469,961,2018-04-06 03:31:03,,1
0000010848,0000010470,961,2018-05-12 10:29:51,,1
0000010849,0000010471,730,2019-07-03 13:06:57,,1
0000010850,0000010472,532,2025-07-23 21:41:22,,1
0000010851,0000010473,981,2025-08-10 09:56:24,,1
0000010852,0000010474,981,2021-05-04 14:40:43,,1
0000010853,0000010475,457,2017-06-12 05:08:33,,1
0000010854,0000010476,981,2019-12-04 07:35:16,,1
0000010855,0000010477,50,2016-02-19 16:16:45,,1
0000010856,0000010478,787,2024-10-25 03:04:19,,1
0000010857,0000010479,787,2025-12-06 18:16:36,2025-12-12 05:37:10,0
0000010858,0000010479,466,2025-12-12 05:37:10,,1
0000010859,0000010480,828,2018-08-16 02:41:50,,1
0000010860,0000010481,828,2023-02-20 19:30:05,,1
0000010861,0000010482,828,2018-08-14 22:55:58,,1
0000010862,0000010483,162,2025-04-24 11:31:05,,1
0000010863,0000010484,162,2021-07-08 16:37:43,,1
0000010864,0000010485,162,2024-10-17 02:41:34,,1
0000010865,0000010486,162,2026-02-16 10:24:47,,1
0000010866,0000010487,162,2026-07-09 00:36:47,,1
0000010867,0000010488,985,2020-04-18 17:08:54,,1
0000010868,0000010489,985,2026-06-26 02:23:49,,1
0000010869,0000010490,985,2024-01-16 11:31:58,,1
0000010870,0000010491,985,2024-07-04 08:22:14,,1
0000010871,0000010492,985,2023-11-07 05:34:40,,1
0000010872,0000010493,35,2016-11-22 21:24:51,,1
0000010873,0000010494,111,2016-11-29 02:00:55,,1
0000010874,0000010495,371,2026-01-11 15:55:05,,1
0000010875,0000010496,111,2018-07-14 09:27:11,,1
0000010876,0000010497,371,2025-03-14 02:18:27,2025-03-16 00:24:02,0
0000010877,0000010497,18,2025-03-16 00:24:02,,1
0000010878,0000010498,371,2024-02-29 22:40:55,,1
0000010879,0000010499,279,2021-05-04 11:44:45,,1
0000010880,0000010500,279,2019-03-11 04:45:29,,1
0000010881,0000010501,279,2019-12-25 17:17:40,,1
0000010882,0000010502,303,2020-06-24 01:50:14,,1
0000010883,0000010503,130,2021-08-08 18:07:27,,1
0000010884,0000010504,130,2026-01-25 19:43:00,,1
0000010885,0000010505,130,2017-09-26 01:08:33,,1
0000010886,0000010506,937,2018-04-21 10:56:52,,1
0000010887,0000010507,130,2020-07-26 02:10:57,,1
0000010888,0000010508,130,2018-08-28 17:27:41,,1
0000010889,0000010509,130,2019-10-29 15:23:37,,1
0000010890,0000010510,701,2023-10-26 12:49:58,,1
0000010891,0000010511,944,2020-06-23 02:33:49,,1
0000010892,0000010512,944,2020-07-16 02:13:25,2020-07-17 18:26:00,0
0000010893,0000010512,243,2020-07-17 18:26:00,,1
0000010894,0000010513,517,2020-05-03 02:29:21,,1
0000010895,0000010514,944,2022-06-20 23:59:44,,1
0000010896,0000010515,944,2023-02-13 08:47:02,,1
0000010897,0000010516,944,2021-12-25 02:09:07,2021-12-27 16:26:21,0
0000010898,0000010516,364,2021-12-27 16:26:21,,1
0000010899,0000010517,944,2022-11-22 05:38:13,,1
0000010900,0000010518,228,2018-12-10 20:33:40,,1
0000010901,0000010519,99,2025-10-05 15:47:54,,1
0000010902,0000010520,99,2015-08-19 08:39:10,,1
0000010903,0000010521,95,2026-06-19 14:32:11,,1
0000010904,0000010522,902,2020-08-05 20:26:18,,1
0000010905,0000010523,669,2023-07-20 00:13:54,,1
0000010906,0000010524,696,2019-02-01 01:32:39,,1
0000010907,0000010525,696,2018-12-30 04:48:03,,1
0000010908,0000010526,696,2017-10-29 14:39:10,2017-10-30 17:22:06,0
0000010909,0000010526,764,2017-10-30 17:22:06,,1
0000010910,0000010527,696,2017-01-31 12:20:07,,1
0000010911,0000010528,696,2017-06-12 23:12:37,,1
0000010912,0000010529,696,2019-09-04 00:57:56,,1
0000010913,0000010530,696,2017-03-01 11:21:32,,1
0000010914,0000010531,696,2019-09-02 03:11:15,,1
0000010915,0000010532,696,2019-04-26 13:07:36,,1
0000010916,0000010533,696,2018-06-25 21:03:56,,1
0000010917,0000010534,696,2018-05-25 16:31:45,,1
0000010918,0000010535,696,2017-02-14 11:01:51,,1
0000010919,0000010536,428,2023-12-18 18:36:56,,1
0000010920,0000010537,767,2022-08-27 20:31:52,,1
0000010921,0000010538,490,2021-07-23 18:50:50,,1
0000010922,0000010539,767,2018-05-13 10:00:47,,1
0000010923,0000010540,335,2017-11-21 12:27:00,,1
0000010924,0000010541,805,2020-04-24 14:22:10,,1
0000010925,0000010542,48,2022-10-24 20:07:26,,1
0000010926,0000010543,48,2025-10-14 05:33:33,,1
0000010927,0000010544,163,2026-07-19 02:50:55,,1
0000010928,0000010545,484,2017-08-03 08:51:34,,1
0000010929,0000010546,163,2019-10-21 21:49:23,,1
0000010930,0000010547,329,2018-04-23 04:49:04,,1
0000010931,0000010548,329,2017-01-04 23:00:50,,1
0000010932,0000010549,213,2021-10-23 01:48:09,,1
0000010933,0000010550,213,2020-05-14 07:57:06,,1
0000010934,0000010551,74,2026-08-05 13:21:51,,1
0000010935,0000010552,213,2019-06-25 01:09:15,,1
0000010936,0000010553,658,2023-05-03 00:46:10,,1
0000010937,0000010554,213,2018-10-30 05:25:06,,1
0000010938,0000010555,213,2019-05-03 14:00:19,,1
0000010939,0000010556,213,2021-08-25 02:32:25,,1
0000010940,0000010557,416,2022-03-16 23:52:23,,1
0000010941,0000010558,616,2018-03-31 21:36:21,2018-04-02 01:40:05,0
0000010942,0000010558,466,2018-04-02 01:40:05,,1
0000010943,0000010559,303,2020-10-17 09:12:59,,1
0000010944,0000010560,502,2020-10-06 07:06:54,,1
0000010945,0000010561,729,2024-07-08 09:35:14,,1
0000010946,0000010562,297,2022-09-05 22:28:53,,1
0000010947,0000010563,825,2025-07-07 15:50:44,,1
0000010948,0000010564,825,2020-05-24 02:13:38,,1
0000010949,0000010565,825,2020-11-04 22:51:59,,1
0000010950,0000010566,825,2025-02-07 08:00:42,,1
0000010951,0000010567,825,2017-11-20 00:41:04,,1
0000010952,0000010568,825,2021-03-21 14:50:33,2021-03-22 11:28:04,0
0000010953,0000010568,200,2021-03-22 11:28:04,,1
0000010954,0000010569,825,2020-02-24 17:50:36,,1
0000010955,0000010570,808,2018-05-08 17:07:25,,1
0000010956,0000010571,808,2017-07-04 04:52:37,,1
0000010957,0000010572,839,2019-04-13 13:10:39,,1
0000010958,0000010573,638,2020-07-14 17:18:37,,1
0000010959,0000010574,638,2018-09-29 16:13:19,,1
0000010960,0000010575,638,2021-07-28 17:06:31,2021-07-30 22:28:53,0
0000010961,0000010575,536,2021-07-30 22:28:53,,1
0000010962,0000010576,765,2019-07-23 16:01:52,,1
0000010963,0000010577,765,2019-09-24 19:21:27,,1
0000010964,0000010578,598,2016-11-17 02:19:36,,1
0000010965,0000010579,172,2019-11-22 15:51:45,,1
0000010966,0000010580,473,2020-01-21 01:51:40,,1
0000010967,0000010581,172,2022-11-27 03:51:31,,1
0000010968,0000010582,571,2021-04-13 10:50:43,,1
0000010969,0000010583,571,2024-12-19 06:36:47,,1
0000010970,0000010584,571,2018-03-14 03:00:09,,1
0000010971,0000010585,776,2019-01-29 18:37:22,,1
0000010972,0000010586,571,2019-03-20 08:14:38,,1
0000010973,0000010587,703,2024-04-15 10:16:03,,1
0000010974,0000010588,212,2016-06-13 12:24:15,,1
0000010975,0000010589,703,2025-03-01 11:27:07,,1
0000010976,0000010590,712,2025-05-19 18:55:54,,1
0000010977,0000010591,471,2025-08-30 03:56:00,,1
0000010978,0000010592,471,2019-11-23 21:05:19,,1
0000010979,0000010593,534,2016-07-23 07:02:02,,1
0000010980,0000010594,519,2019-12-15 18:10:50,,1
0000010981,0000010595,395,2020-08-23 03:11:22,,1
0000010982,0000010596,166,2019-12-03 16:00:48,,1
0000010983,0000010597,166,2021-07-05 04:17:13,,1
0000010984,0000010598,166,2020-11-30 03:29:17,,1
0000010985,0000010599,426,2022-08-31 05:53:20,,1
0000010986,0000010600,909,2026-06-15 06:25:32,,1
0000010987,0000010601,909,2019-06-08 05:00:10,,1
0000010988,0000010602,909,2022-11-11 07:47:35,,1
0000010989,0000010603,773,2017-08-23 18:01:02,,1
0000010990,0000010604,909,2019-07-30 01:02:50,,1
0000010991,0000010605,909,2022-07-08 21:43:34,,1
0000010992,0000010606,909,2018-09-06 12:51:41,,1
0000010993,0000010607,909,2019-12-24 03:20:49,,1
0000010994,0000010608,909,2020-03-30 15:24:40,,1
0000010995,0000010609,909,2023-05-20 20:26:20,,1
0000010996,0000010610,909,2022-11-20 04:33:02,,1
0000010997,0000010611,909,2017-10-22 06:05:45,,1
0000010998,0000010612,405,2020-08-21 11:19:36,,1
0000010999,0000010613,187,2020-08-04 06:51:32,,1
0000011000,0000010614,349,2018-03-14 11:31:43,,1
0000011001,0000010615,349,2025-12-08 12:19:45,,1
0000011002,0000010616,197,2021-02-22 00:35:56,2021-02-24 11:33:49,0
0000011003,0000010616,222,2021-02-24 11:33:49,,1
0000011004,0000010617,101,2026-01-19 11:44:53,,1
0000011005,0000010618,101,2023-12-19 15:47:41,,1
0000011006,0000010619,101,2020-01-03 09:34:16,,1
0000011007,0000010620,293,2024-11-21 16:35:54,,1
0000011008,0000010621,358,2021-12-25 00:54:32,,1
0000011009,0000010622,706,2021-01-20 14:36:11,,1
0000011010,0000010623,955,2018-12-05 06:46:52,,1
0000011011,0000010624,171,2025-03-04 22:41:56,,1
0000011012,0000010625,265,2024-04-13 17:15:31,,1
0000011013,0000010626,955,2021-12-28 03:46:53,,1
0000011014,0000010627,849,2021-02-28 06:23:16,,1
0000011015,0000010628,437,2019-01-28 14:42:48,,1
0000011016,0000010629,215,2016-09-03 03:56:30,,1
0000011017,0000010630,215,2019-11-16 12:34:58,,1
0000011018,0000010631,761,2016-03-10 19:12:29,,1
0000011019,0000010632,370,2021-08-29 21:04:12,,1
0000011020,0000010633,370,2021-06-30 12:13:00,,1
0000011021,0000010634,573,2023-12-23 01:50:34,,1
0000011022,0000010635,215,2017-07-09 13:05:59,,1
0000011023,0000010636,573,2024-05-27 11:18:02,,1
0000011024,0000010637,215,2018-06-07 18:01:37,,1
0000011025,0000010638,573,2026-01-10 19:21:54,,1
0000011026,0000010639,91,2024-08-26 02:52:39,,1
0000011027,0000010640,215,2016-09-11 23:23:35,,1
0000011028,0000010641,75,2020-04-10 10:18:11,,1
0000011029,0000010642,75,2020-10-19 08:17:13,,1
0000011030,0000010643,75,2021-09-13 01:39:26,,1
0000011031,0000010644,75,2018-09-02 22:46:37,,1
0000011032,0000010645,75,2022-08-24 10:36:31,,1
0000011033,0000010646,831,2018-11-14 00:59:39,2018-11-14 09:42:16,0
0000011034,0000010646,905,2018-11-14 09:42:16,,1
0000011035,0000010647,625,2020-11-10 15:04:54,,1
0000011036,0000010648,290,2020-02-04 06:58:40,,1
0000011037,0000010649,290,2020-10-22 16:28:21,,1
0000011038,0000010650,290,2026-03-21 01:04:37,,1
0000011039,0000010651,879,2024-04-16 07:44:54,,1
0000011040,0000010652,290,2021-01-04 16:53:53,,1
0000011041,0000010653,531,2025-11-30 17:35:49,,1
0000011042,0000010654,290,2025-10-05 01:21:37,,1
0000011043,0000010655,290,2020-05-10 03:29:27,,1
0000011044,0000010656,290,2024-08-13 20:40:04,,1
0000011045,0000010657,290,2022-04-24 05:15:54,,1
0000011046,0000010658,290,2026-04-08 17:06:12,,1
0000011047,0000010659,4,2026-03-20 18:24:19,,1
0000011048,0000010660,503,2022-06-29 14:12:11,,1
0000011049,0000010661,621,2025-01-10 09:07:06,,1
0000011050,0000010662,962,2021-05-25 08:32:33,,1
0000011051,0000010663,962,2024-01-18 12:08:27,,1
0000011052,0000010664,470,2023-02-08 15:09:47,,1
0000011053,0000010665,2,2025-10-06 15:14:01,,1
0000011054,0000010666,178,2019-12-20 10:18:08,,1
0000011055,0000010667,681,2019-08-28 15:40:19,,1
0000011056,0000010668,681,2018-09-01 05:06:10,,1
0000011057,0000010669,920,2018-07-24 11:34:43,,1
0000011058,0000010670,122,2024-04-02 06:17:30,,1
0000011059,0000010671,122,2026-06-29 05:51:33,,1
0000011060,0000010672,634,2021-12-07 06:45:27,,1
0000011061,0000010673,176,2021-11-22 08:53:49,,1
0000011062,0000010674,634,2024-09-08 07:02:12,,1
0000011063,0000010675,634,2024-06-12 04:54:11,,1
0000011064,0000010676,99,2026-03-03 10:31:51,,1
0000011065,0000010677,837,2020-09-06 18:19:42,2020-09-09 08:44:00,0
0000011066,0000010677,378,2020-09-09 08:44:00,,1
0000011067,0000010678,876,2015-11-16 06:22:42,,1
0000011068,0000010679,876,2015-09-01 08:06:23,,1
0000011069,0000010680,876,2018-02-15 07:21:54,2018-02-15 22:20:53,0
0000011070,0000010680,527,2018-02-15 22:20:53,,1
0000011071,0000010681,876,2024-02-06 02:49:06,,1
0000011072,0000010682,876,2024-01-01 20:13:08,,1
0000011073,0000010683,754,2018-10-21 04:33:54,,1
0000011074,0000010684,754,2018-07-03 23:34:29,,1
0000011075,0000010685,754,2020-11-04 12:27:43,,1
0000011076,0000010686,754,2017-08-06 11:44:30,,1
0000011077,0000010687,754,2018-03-15 05:43:01,,1
0000011078,0000010688,847,2022-06-13 01:01:36,,1
0000011079,0000010689,664,2023-02-11 18:28:12,,1
0000011080,0000010690,899,2017-12-09 07:17:41,,1
0000011081,0000010691,899,2019-02-16 01:24:53,,1
0000011082,0000010692,899,2016-10-23 08:42:52,,1
0000011083,0000010693,125,2024-10-30 14:48:42,,1
0000011084,0000010694,545,2023-04-28 09:32:54,,1
0000011085,0000010695,545,2018-12-19 03:49:25,,1
0000011086,0000010696,236,2018-04-20 23:15:06,,1
0000011087,0000010697,214,2019-04-20 16:18:17,,1
0000011088,0000010698,57,2018-04-30 07:04:40,,1
0000011089,0000010699,57,2018-12-22 06:14:54,,1
0000011090,0000010700,386,2017-07-08 23:32:52,,1
0000011091,0000010701,57,2025-12-06 00:09:49,,1
0000011092,0000010702,370,2016-03-06 14:56:55,,1
0000011093,0000010703,57,2024-11-02 12:49:26,,1
0000011094,0000010704,57,2019-11-07 00:38:43,,1
0000011095,0000010705,57,2019-08-15 21:00:41,,1
0000011096,0000010706,57,2023-12-10 06:07:18,,1
0000011097,0000010707,57,2016-07-20 09:31:55,,1
0000011098,0000010708,57,2018-12-12 23:30:37,,1
0000011099,0000010709,57,2026-01-11 06:42:40,,1
0000011100,0000010710,181,2026-05-27 13:40:26,,1
0000011101,0000010711,224,2022-09-03 02:40:25,,1
0000011102,0000010712,224,2023-07-01 15:20:58,,1
0000011103,0000010713,224,2020-03-30 16:11:41,,1
0000011104,0000010714,224,2019-01-25 12:48:23,,1
0000011105,0000010715,224,2019-01-02 08:20:17,,1
0000011106,0000010716,224,2019-08-29 18:15:57,,1
0000011107,0000010717,224,2023-06-27 16:46:31,,1
0000011108,0000010718,224,2021-06-28 00:20:03,,1
0000011109,0000010719,181,2026-03-27 13:16:42,,1
0000011110,0000010720,224,2024-09-02 20:40:19,,1
0000011111,0000010721,224,2020-05-03 18:14:12,,1
0000011112,0000010722,822,2018-09-01 09:02:46,,1
0000011113,0000010723,722,2019-12-29 10:32:26,,1
0000011114,0000010724,926,2019-06-07 20:20:39,,1
0000011115,0000010725,926,2024-03-30 10:08:29,,1
0000011116,0000010726,796,2020-04-22 18:07:56,,1
0000011117,0000010727,495,2015-12-29 10:52:37,,1
0000011118,0000010728,495,2015-10-22 23:04:10,,1
0000011119,0000010729,607,2024-07-22 03:38:37,,1
0000011120,0000010730,269,2021-09-06 00:40:58,,1
0000011121,0000010731,270,2020-06-16 05:27:19,,1
0000011122,0000010732,270,2019-12-21 01:06:40,,1
0000011123,0000010733,270,2022-02-03 12:01:28,,1
0000011124,0000010734,270,2019-04-30 15:41:24,,1
0000011125,0000010735,270,2025-05-20 02:36:33,,1
0000011126,0000010736,381,2021-02-27 01:56:29,,1
0000011127,0000010737,703,2026-02-15 13:57:29,2026-02-16 10:31:06,0
0000011128,0000010737,822,2026-02-16 10:31:06,,1
0000011129,0000010738,118,2025-09-24 02:34:05,,1
0000011130,0000010739,383,2024-04-21 08:26:23,2024-04-22 08:10:07,0
0000011131,0000010739,799,2024-04-22 08:10:07,,1
0000011132,0000010740,181,2017-05-19 06:51:28,,1
0000011133,0000010741,615,2021-12-24 21:17:19,,1
0000011134,0000010742,584,2020-05-07 08:38:54,,1
0000011135,0000010743,511,2018-11-25 10:40:48,,1
0000011136,0000010744,511,2018-12-17 04:15:52,,1
0000011137,0000010745,68,2021-05-31 03:11:04,,1
0000011138,0000010746,68,2018-11-17 03:07:41,,1
0000011139,0000010747,42,2018-05-24 04:16:50,,1
0000011140,0000010748,42,2018-02-27 03:31:53,,1
0000011141,0000010749,42,2018-04-08 18:58:08,,1
0000011142,0000010750,42,2018-04-16 23:55:46,,1
0000011143,0000010751,233,2018-04-28 14:47:42,,1
0000011144,0000010752,636,2023-10-01 16:31:08,,1
0000011145,0000010753,636,2020-05-07 00:33:54,,1
0000011146,0000010754,636,2021-12-29 11:00:55,,1
0000011147,0000010755,11,2016-03-11 08:03:20,,1
0000011148,0000010756,221,2019-01-02 02:35:30,,1
0000011149,0000010757,921,2024-06-20 23:42:24,,1
0000011150,0000010758,39,2022-11-25 05:11:23,,1
0000011151,0000010759,367,2023-06-04 23:51:21,,1
0000011152,0000010760,659,2021-09-10 10:11:27,,1
0000011153,0000010761,608,2025-02-07 07:43:59,,1
0000011154,0000010762,947,2026-09-29 02:41:33,,1
0000011155,0000010763,947,2026-02-26 10:37:33,,1
0000011156,0000010764,947,2021-08-17 16:27:35,,1
0000011157,0000010765,947,2020-07-28 02:52:03,,1
0000011158,0000010766,947,2023-01-08 15:17:44,,1
0000011159,0000010767,96,2025-12-02 10:12:20,,1
0000011160,0000010768,988,2023-02-27 05:52:42,,1
0000011161,0000010769,681,2021-08-14 05:19:33,,1
0000011162,0000010770,581,2020-12-22 10:59:45,,1
0000011163,0000010771,295,2020-11-01 00:54:39,,1
0000011164,0000010772,726,2023-03-07 11:21:27,,1
0000011165,0000010773,983,2021-01-06 08:18:32,,1
0000011166,0000010774,851,2020-06-04 21:45:59,,1
0000011167,0000010775,199,2025-02-08 12:00:13,,1
0000011168,0000010776,55,2017-02-11 10:13:33,,1
0000011169,0000010777,879,2023-09-12 22:32:40,,1
0000011170,0000010778,758,2021-06-03 14:31:57,,1
0000011171,0000010779,715,2022-02-16 04:31:16,,1
0000011172,0000010780,616,2019-11-20 14:27:44,,1
0000011173,0000010781,616,2019-11-18 17:23:52,,1
0000011174,0000010782,616,2017-04-04 19:06:26,,1
0000011175,0000010783,616,2015-10-29 00:52:29,,1
0000011176,0000010784,616,2016-09-16 05:54:03,,1
0000011177,0000010785,79,2022-06-15 03:27:53,,1
0000011178,0000010786,616,2019-06-14 16:09:10,,1
0000011179,0000010787,166,2019-06-29 19:13:47,,1
0000011180,0000010788,715,2022-06-11 05:07:17,,1
0000011181,0000010789,616,2019-02-24 11:29:27,,1
0000011182,0000010790,715,2020-10-04 01:59:04,,1
0000011183,0000010791,157,2021-08-26 01:26:53,,1
0000011184,0000010792,581,2020-08-23 10:20:29,,1
0000011185,0000010793,901,2016-07-21 04:49:25,,1
0000011186,0000010794,129,2026-01-17 00:37:18,,1
0000011187,0000010795,901,2024-07-26 18:54:16,,1
0000011188,0000010796,901,2022-01-31 18:17:05,,1
0000011189,0000010797,901,2018-06-12 11:58:49,,1
0000011190,0000010798,973,2024-01-02 03:33:05,,1
0000011191,0000010799,872,2024-06-09 04:29:54,,1
0000011192,0000010800,879,2021-09-25 21:18:22,,1
0000011193,0000010801,482,2015-07-21 13:58:34,,1
0000011194,0000010802,918,2015-11-15 02:49:47,,1
0000011195,0000010803,918,2016-06-29 07:42:44,,1
0000011196,0000010804,425,2025-09-13 04:41:42,,1
0000011197,0000010805,47,2025-06-01 18:25:48,,1
0000011198,0000010806,42,2025-09-15 14:08:45,,1
0000011199,0000010807,227,2018-01-28 06:33:40,,1
0000011200,0000010808,343,2022-10-07 21:30:36,,1
0000011201,0000010809,696,2026-07-15 15:47:41,,1
0000011202,0000010810,696,2023-12-10 04:44:35,,1
0000011203,0000010811,696,2026-03-10 06:45:09,,1
0000011204,0000010812,696,2021-11-13 00:21:49,,1
0000011205,0000010813,696,2025-11-01 20:49:48,,1
0000011206,0000010814,696,2025-07-13 01:47:01,,1
0000011207,0000010815,696,2019-03-24 04:02:41,,1
0000011208,0000010816,696,2023-09-30 20:20:58,,1
0000011209,0000010817,915,2024-02-16 04:05:38,,1
0000011210,0000010818,552,2021-05-28 15:48:04,,1
0000011211,0000010819,696,2020-07-06 11:53:46,,1
0000011212,0000010820,207,2023-01-15 21:28:06,,1
0000011213,0000010821,207,2019-10-24 10:37:59,,1
0000011214,0000010822,570,2020-08-21 14:59:09,,1
0000011215,0000010823,570,2022-11-02 19:31:46,,1
0000011216,0000010824,446,2026-06-03 12:20:32,,1
0000011217,0000010825,382,2018-07-24 04:40:40,,1
0000011218,0000010826,382,2023-04-14 20:20:08,,1
0000011219,0000010827,945,2024-01-10 08:46:32,,1
0000011220,0000010828,309,2018-01-08 02:50:02,,1
0000011221,0000010829,602,2021-02-01 01:34:58,,1
0000011222,0000010830,379,2021-12-22 00:17:57,,1
0000011223,0000010831,379,2021-01-19 00:38:58,,1
0000011224,0000010832,379,2015-12-25 16:32:12,,1
0000011225,0000010833,379,2025-09-17 13:47:01,,1
0000011226,0000010834,379,2024-04-30 07:42:25,,1
0000011227,0000010835,379,2019-08-11 13:28:30,,1
0000011228,0000010836,230,2026-05-30 06:26:53,,1
0000011229,0000010837,379,2024-07-14 05:25:19,,1
0000011230,0000010838,50,2019-02-21 20:55:20,,1
0000011231,0000010839,50,2023-07-18 10:19:22,,1
0000011232,0000010840,292,2017-11-25 13:46:29,,1
0000011233,0000010841,932,2023-02-15 09:24:03,,1
0000011234,0000010842,932,2026-06-25 20:32:28,,1
0000011235,0000010843,636,2025-06-19 04:26:33,,1
0000011236,0000010844,932,2026-09-28 11:30:58,,1
0000011237,0000010845,932,2022-12-14 06:00:53,,1
0000011238,0000010846,932,2022-01-03 09:30:32,,1
0000011239,0000010847,28,2022-04-19 04:22:35,,1
0000011240,0000010848,932,2025-09-13 04:39:34,2025-09-15 18:53:18,0
0000011241,0000010848,685,2025-09-15 18:53:18,,1
0000011242,0000010849,671,2023-01-14 21:45:51,,1
0000011243,0000010850,967,2018-12-05 10:10:35,,1
0000011244,0000010851,792,2017-01-29 19:36:25,,1
0000011245,0000010852,421,2022-06-26 16:16:48,,1
0000011246,0000010853,213,2018-03-05 16:13:16,,1
0000011247,0000010854,869,2023-07-07 16:42:18,,1
0000011248,0000010855,869,2017-12-24 12:53:30,,1
0000011249,0000010856,784,2019-05-25 15:34:31,,1
0000011250,0000010857,845,2016-05-05 05:45:16,,1
0000011251,0000010858,845,2017-03-25 10:11:59,,1
0000011252,0000010859,394,2015-09-27 11:29:05,,1
0000011253,0000010860,630,2020-07-05 20:53:02,,1
0000011254,0000010861,785,2016-08-22 17:55:25,,1
0000011255,0000010862,785,2017-10-10 21:10:16,,1
0000011256,0000010863,785,2019-02-25 12:23:33,2019-02-25 16:46:48,0
0000011257,0000010863,579,2019-02-25 16:46:48,,1
0000011258,0000010864,246,2018-12-06 22:26:09,,1
0000011259,0000010865,785,2018-06-07 11:27:25,,1
0000011260,0000010866,785,2017-07-23 04:15:18,2017-07-26 21:15:28,0
0000011261,0000010866,920,2017-07-26 21:15:28,,1
0000011262,0000010867,703,2017-04-20 20:30:21,,1
0000011263,0000010868,785,2018-05-18 07:17:11,,1
0000011264,0000010869,591,2026-08-03 11:26:00,,1
0000011265,0000010870,591,2020-08-12 13:51:28,,1
0000011266,0000010871,591,2026-02-25 03:31:10,2026-02-27 16:09:40,0
0000011267,0000010871,745,2026-02-27 16:09:40,,1
0000011268,0000010872,591,2018-10-06 23:44:38,,1
0000011269,0000010873,591,2020-07-22 02:15:09,,1
0000011270,0000010874,724,2025-04-25 08:55:42,,1
0000011271,0000010875,724,2025-04-29 01:51:47,,1
0000011272,0000010876,820,2021-01-30 17:06:58,,1
0000011273,0000010877,871,2024-02-17 09:57:18,,1
0000011274,0000010878,77,2018-02-06 00:25:48,,1
0000011275,0000010879,220,2020-11-26 12:49:08,,1
0000011276,0000010880,220,2021-02-08 00:39:32,,1
0000011277,0000010881,425,2025-01-17 09:36:36,,1
0000011278,0000010882,992,2023-07-29 00:39:54,,1
0000011279,0000010883,271,2018-09-01 22:24:55,,1
0000011280,0000010884,220,2020-09-09 21:43:14,,1
0000011281,0000010885,425,2025-12-18 05:41:26,,1
0000011282,0000010886,986,2019-07-12 01:21:26,,1
0000011283,0000010887,467,2020-12-19 01:11:45,,1
0000011284,0000010888,513,2022-04-11 04:23:48,,1
0000011285,0000010889,183,2022-04-26 03:32:47,2022-04-28 18:57:05,0
0000011286,0000010889,237,2022-04-28 18:57:05,,1
0000011287,0000010890,513,2020-05-03 21:30:50,,1
0000011288,0000010891,889,2022-08-09 13:48:37,,1
0000011289,0000010892,613,2022-07-25 22:34:37,,1
0000011290,0000010893,889,2024-09-11 12:44:11,,1
0000011291,0000010894,513,2022-04-18 04:06:21,,1
0000011292,0000010895,889,2023-06-18 19:14:21,,1
0000011293,0000010896,513,2020-01-30 07:57:09,,1
0000011294,0000010897,513,2020-04-27 01:46:01,2020-04-30 19:29:59,0
0000011295,0000010897,122,2020-04-30 19:29:59,,1
0000011296,0000010898,513,2021-03-16 05:05:17,,1
0000011297,0000010899,889,2024-08-09 14:09:33,,1
0000011298,0000010900,132,2016-06-01 21:51:33,,1
0000011299,0000010901,621,2022-05-04 09:12:46,,1
0000011300,0000010902,412,2024-03-04 22:11:32,,1
0000011301,0000010903,777,2020-04-09 22:22:51,,1
0000011302,0000010904,412,2024-03-28 16:45:06,,1
0000011303,0000010905,412,2020-05-27 13:58:07,,1
0000011304,0000010906,396,2021-09-09 01:28:20,,1
0000011305,0000010907,412,2024-11-22 18:29:02,,1
0000011306,0000010908,412,2019-02-20 10:26:20,,1
0000011307,0000010909,412,2018-12-03 05:37:10,,1
0000011308,0000010910,424,2023-05-23 07:52:13,,1
0000011309,0000010911,412,2022-08-02 00:46:20,,1
0000011310,0000010912,412,2025-05-03 09:50:44,,1
0000011311,0000010913,650,2019-12-08 11:34:39,,1
0000011312,0000010914,45,2016-10-03 23:04:11,,1
0000011313,0000010915,45,2016-01-21 20:59:56,,1
0000011314,0000010916,653,2016-04-23 10:31:53,,1
0000011315,0000010917,99,2016-10-10 15:15:58,,1
0000011316,0000010918,45,2016-09-04 15:39:45,,1
0000011317,0000010919,45,2016-10-31 05:07:16,,1
0000011318,0000010920,45,2016-06-07 11:16:40,,1
0000011319,0000010921,45,2016-03-30 08:26:40,,1
0000011320,0000010922,45,2016-09-13 10:46:40,,1
0000011321,0000010923,342,2016-03-23 06:25:12,,1
0000011322,0000010924,45,2016-08-30 01:34:33,,1
0000011323,0000010925,45,2016-06-29 13:24:47,,1
0000011324,0000010926,868,2026-01-26 03:29:02,,1
0000011325,0000010927,465,2018-04-15 10:21:14,,1
0000011326,0000010928,741,2022-10-22 21:42:21,,1
0000011327,0000010929,981,2020-10-07 11:33:16,,1
0000011328,0000010930,842,2017-03-04 13:27:48,,1
0000011329,0000010931,578,2025-04-12 05:35:36,,1
0000011330,0000010932,214,2024-09-22 14:24:54,,1
0000011331,0000010933,634,2024-07-26 16:34:47,,1
0000011332,0000010934,855,2026-01-23 10:22:21,,1
0000011333,0000010935,245,2017-07-17 16:16:16,2017-07-20 10:44:05,0
0000011334,0000010935,709,2017-07-20 10:44:05,,1
0000011335,0000010936,855,2020-04-02 20:51:05,,1
0000011336,0000010937,820,2021-02-18 09:19:20,,1
0000011337,0000010938,255,2018-10-09 03:55:24,,1
0000011338,0000010939,207,2016-12-30 02:11:23,,1
0000011339,0000010940,207,2016-09-04 12:27:04,,1
0000011340,0000010941,207,2016-11-20 21:01:29,,1
0000011341,0000010942,207,2016-09-24 15:32:26,,1
0000011342,0000010943,207,2017-02-02 08:58:39,,1
0000011343,0000010944,207,2016-12-12 16:06:26,,1
0000011344,0000010945,207,2017-02-19 07:21:20,,1
0000011345,0000010946,207,2016-11-24 21:45:45,,1
0000011346,0000010947,150,2024-12-03 07:43:26,,1
0000011347,0000010948,782,2017-12-29 13:01:52,,1
0000011348,0000010949,437,2016-11-30 14:25:13,,1
0000011349,0000010950,214,2019-10-27 13:42:30,,1
0000011350,0000010951,303,2018-06-23 09:34:57,,1
0000011351,0000010952,437,2022-03-11 21:56:27,,1
0000011352,0000010953,437,2019-04-24 04:36:54,,1
0000011353,0000010954,502,2023-08-01 05:01:52,,1
0000011354,0000010955,945,2018-06-17 07:38:24,,1
0000011355,0000010956,437,2019-02-11 05:26:25,,1
0000011356,0000010957,437,2018-11-29 07:00:49,,1
0000011357,0000010958,571,2025-07-16 15:38:39,,1
0000011358,0000010959,437,2017-07-26 06:20:16,,1
0000011359,0000010960,437,2025-04-09 05:37:48,,1
0000011360,0000010961,465,2019-11-15 07:59:08,,1
0000011361,0000010962,973,2019-07-18 07:26:24,,1
0000011362,0000010963,465,2023-07-23 06:02:42,,1
0000011363,0000010964,891,2026-09-30 09:33:47,,1
0000011364,0000010965,465,2022-10-03 07:19:30,,1
0000011365,0000010966,805,2026-09-12 06:49:33,2026-09-13 16:33:37,0
0000011366,0000010966,398,2026-09-13 16:33:37,,1
0000011367,0000010967,465,2019-11-25 03:19:40,,1
0000011368,0000010968,891,2026-06-29 16:28:57,,1
0000011369,0000010969,543,2021-09-12 08:41:42,,1
0000011370,0000010970,152,2026-03-28 19:58:45,,1
0000011371,0000010971,423,2019-01-04 16:50:32,,1
0000011372,0000010972,768,2018-04-29 09:44:08,,1
0000011373,0000010973,768,2022-11-02 22:35:52,,1
0000011374,0000010974,768,2023-07-10 13:39:29,,1
0000011375,0000010975,768,2021-07-22 03:39:59,,1
0000011376,0000010976,768,2021-09-15 11:53:34,,1
0000011377,0000010977,739,2025-09-24 19:22:27,,1
0000011378,0000010978,739,2020-10-03 05:06:43,,1
0000011379,0000010979,728,2017-02-21 12:34:12,,1
0000011380,0000010980,728,2017-05-24 16:41:01,,1
0000011381,0000010981,756,2019-05-06 13:53:58,,1
0000011382,0000010982,401,2023-08-26 15:25:58,,1
0000011383,0000010983,324,2020-04-25 01:15:17,,1
0000011384,0000010984,554,2021-08-27 04:56:06,,1
0000011385,0000010985,840,2016-08-14 04:29:50,,1
0000011386,0000010986,113,2023-01-29 15:28:07,,1
0000011387,0000010987,656,2019-08-03 01:17:58,,1
0000011388,0000010988,566,2021-06-08 10:40:53,,1
0000011389,0000010989,566,2021-07-29 10:56:56,,1
0000011390,0000010990,38,2018-07-31 23:39:55,,1
0000011391,0000010991,38,2016-07-21 15:13:21,,1
0000011392,0000010992,940,2016-12-22 00:41:58,,1
0000011393,0000010993,364,2026-07-30 00:41:30,,1
0000011394,0000010994,38,2020-05-08 03:25:25,,1
0000011395,0000010995,782,2017-01-15 14:22:35,,1
0000011396,0000010996,782,2023-04-30 19:28:14,,1
0000011397,0000010997,782,2016-05-30 20:31:51,,1
0000011398,0000010998,86,2023-10-02 21:45:31,,1
0000011399,0000010999,339,2019-02-08 07:21:36,,1
0000011400,0000011000,788,2018-11-08 14:12:34,,1
0000011401,0000011001,86,2024-06-15 15:41:27,,1
0000011402,0000011002,794,2024-09-01 19:17:23,,1
0000011403,0000011003,45,2022-06-30 17:20:33,,1
0000011404,0000011004,45,2020-05-04 17:56:05,2020-05-07 00:58:54,0
0000011405,0000011004,746,2020-05-07 00:58:54,,1
0000011406,0000011005,595,2022-09-30 21:41:37,,1
0000011407,0000011006,517,2018-05-29 06:36:22,,1
0000011408,0000011007,595,2016-08-18 04:55:54,,1
0000011409,0000011008,147,2015-11-29 13:19:35,,1
0000011410,0000011009,595,2015-12-16 05:24:03,,1
0000011411,0000011010,595,2020-07-19 05:47:09,,1
0000011412,0000011011,595,2015-07-06 20:45:06,,1
0000011413,0000011012,595,2016-04-13 00:39:34,,1
0000011414,0000011013,882,2021-02-18 14:18:37,2021-02-21 06:31:12,0
0000011415,0000011013,482,2021-02-21 06:31:12,,1
0000011416,0000011014,882,2021-07-19 13:54:02,,1
0000011417,0000011015,602,2015-06-11 00:00:54,,1
0000011418,0000011016,602,2016-01-11 09:25:17,,1
0000011419,0000011017,602,2015-12-18 07:45:44,,1
0000011420,0000011018,602,2016-06-24 22:32:06,,1
0000011421,0000011019,602,2016-04-08 08:27:05,,1
0000011422,0000011020,602,2016-04-10 02:29:49,,1
0000011423,0000011021,602,2015-07-02 14:07:25,,1
0000011424,0000011022,735,2015-10-06 10:27:46,2015-10-09 00:04:01,0
0000011425,0000011022,607,2015-10-09 00:04:01,,1
0000011426,0000011023,51,2024-10-14 03:24:36,,1
0000011427,0000011024,51,2026-03-28 01:14:00,,1
0000011428,0000011025,51,2026-09-13 11:12:12,,1
0000011429,0000011026,51,2026-08-25 21:57:25,,1
0000011430,0000011027,51,2017-08-23 15:39:19,2017-08-26 04:56:18,0
0000011431,0000011027,568,2017-08-26 04:56:18,,1
0000011432,0000011028,51,2024-04-14 06:07:38,,1
0000011433,0000011029,51,2024-10-23 09:23:31,,1
0000011434,0000011030,51,2026-09-05 07:29:31,,1
0000011435,0000011031,48,2022-09-14 13:10:31,,1
0000011436,0000011032,173,2022-06-23 02:29:41,,1
0000011437,0000011033,173,2021-03-12 13:20:53,,1
0000011438,0000011034,715,2020-04-19 03:23:07,,1
0000011439,0000011035,715,2023-08-26 16:45:03,,1
0000011440,0000011036,664,2020-07-16 14:28:54,,1
0000011441,0000011037,605,2019-12-19 22:41:19,,1
0000011442,0000011038,838,2022-06-06 11:34:43,,1
0000011443,0000011039,957,2024-11-16 18:58:51,,1
0000011444,0000011040,270,2018-04-27 01:01:54,,1
0000011445,0000011041,765,2022-05-27 18:07:44,,1
0000011446,0000011042,765,2022-04-29 23:49:59,,1
0000011447,0000011043,272,2020-04-08 10:54:26,,1
0000011448,0000011044,509,2022-10-11 19:42:11,,1
0000011449,0000011045,509,2021-11-18 20:41:02,,1
0000011450,0000011046,885,2024-12-12 08:31:52,2024-12-13 05:46:05,0
0000011451,0000011046,644,2024-12-13 05:46:05,,1
0000011452,0000011047,182,2024-09-19 16:02:49,,1
0000011453,0000011048,182,2017-02-06 01:25:20,,1
0000011454,0000011049,567,2022-07-29 21:48:42,,1
0000011455,0000011050,379,2023-08-02 10:36:39,,1
0000011456,0000011051,379,2023-04-22 17:29:47,,1
0000011457,0000011052,426,2025-03-07 21:03:55,,1
0000011458,0000011053,275,2015-09-27 23:55:06,,1
0000011459,0000011054,379,2020-09-19 03:03:05,,1
0000011460,0000011055,79,2024-09-21 07:05:22,,1
0000011461,0000011056,79,2017-07-29 03:07:12,,1
0000011462,0000011057,136,2019-10-11 21:05:56,,1
0000011463,0000011058,176,2026-06-26 04:00:24,,1
0000011464,0000011059,176,2018-11-07 02:50:33,,1
0000011465,0000011060,764,2016-08-31 08:04:46,,1
0000011466,0000011061,764,2016-10-24 01:31:32,,1
0000011467,0000011062,764,2017-10-06 19:25:51,,1
0000011468,0000011063,764,2016-08-10 06:15:17,,1
0000011469,0000011064,764,2017-11-10 17:32:00,,1
0000011470,0000011065,340,2017-08-28 08:02:45,,1
0000011471,0000011066,764,2017-06-22 10:45:02,,1
0000011472,0000011067,764,2017-08-11 05:53:57,,1
0000011473,0000011068,159,2016-05-25 06:09:54,,1
0000011474,0000011069,593,2017-07-14 12:53:15,,1
0000011475,0000011070,344,2019-09-06 22:41:48,,1
0000011476,0000011071,801,2024-12-07 03:51:49,,1
0000011477,0000011072,308,2018-03-10 19:49:08,,1
0000011478,0000011073,308,2018-11-03 13:14:34,,1
0000011479,0000011074,308,2016-03-25 21:08:56,,1
0000011480,0000011075,308,2018-09-20 02:11:20,,1
0000011481,0000011076,308,2018-01-16 11:23:11,,1
0000011482,0000011077,308,2016-10-01 21:47:00,,1
0000011483,0000011078,308,2018-05-24 02:06:01,,1
0000011484,0000011079,308,2018-08-05 21:56:13,,1
0000011485,0000011080,713,2022-10-23 14:35:32,,1
0000011486,0000011081,52,2026-07-16 13:52:20,,1
0000011487,0000011082,440,2017-11-07 10:51:31,,1
0000011488,0000011083,52,2016-05-12 15:33:34,2016-05-13 03:09:35,0
0000011489,0000011083,884,2016-05-13 03:09:35,,1
0000011490,0000011084,420,2020-11-07 20:56:26,,1
0000011491,0000011085,234,2025-08-03 09:41:38,,1
0000011492,0000011086,778,2018-11-17 20:51:00,,1
0000011493,0000011087,234,2025-07-12 03:58:42,,1
0000011494,0000011088,776,2023-11-21 20:09:45,,1
0000011495,0000011089,793,2025-11-16 10:49:16,,1
0000011496,0000011090,778,2017-04-16 11:04:01,,1
0000011497,0000011091,279,2024-09-14 12:57:47,,1
0000011498,0000011092,150,2023-07-20 04:40:39,,1
0000011499,0000011093,150,2018-09-24 20:41:47,,1
0000011500,0000011094,150,2020-08-01 16:50:40,,1
0000011501,0000011095,194,2026-03-13 01:02:17,,1
0000011502,0000011096,559,2020-05-20 19:25:33,,1
0000011503,0000011097,841,2019-05-06 03:14:28,,1
0000011504,0000011098,559,2020-03-03 03:15:12,,1
0000011505,0000011099,92,2019-04-18 01:40:51,,1
0000011506,0000011100,55,2026-08-25 18:32:07,,1
0000011507,0000011101,192,2021-10-31 23:38:24,,1
0000011508,0000011102,730,2019-02-10 19:10:10,,1
0000011509,0000011103,192,2023-07-08 03:17:21,,1
0000011510,0000011104,638,2023-08-12 16:04:34,,1
0000011511,0000011105,638,2018-10-18 05:09:44,,1
0000011512,0000011106,502,2026-05-31 02:00:58,,1
0000011513,0000011107,283,2026-06-28 13:50:42,,1
0000011514,0000011108,283,2026-09-29 04:45:15,,1
0000011515,0000011109,283,2016-05-09 01:52:06,,1
0000011516,0000011110,283,2017-12-18 22:47:33,,1
0000011517,0000011111,975,2025-05-18 01:30:20,,1
0000011518,0000011112,78,2024-10-18 00:38:24,,1
0000011519,0000011113,282,2022-10-15 03:21:34,,1
0000011520,0000011114,347,2020-06-18 00:51:49,,1
0000011521,0000011115,347,2020-07-15 03:26:22,,1
0000011522,0000011116,347,2018-06-08 10:00:46,,1
0000011523,0000011117,409,2023-01-10 02:16:04,,1
0000011524,0000011118,347,2021-12-21 08:36:04,,1
0000011525,0000011119,347,2021-12-16 08:24:33,,1
0000011526,0000011120,347,2020-09-08 14:01:08,,1
0000011527,0000011121,338,2026-09-11 20:48:25,,1
0000011528,0000011122,681,2023-04-05 13:18:07,,1
0000011529,0000011123,681,2021-11-12 00:45:23,,1
0000011530,0000011124,681,2019-11-12 07:54:19,,1
0000011531,0000011125,681,2022-06-09 03:05:42,,1
0000011532,0000011126,197,2021-02-14 06:05:11,,1
0000011533,0000011127,197,2021-03-19 14:23:14,,1
0000011534,0000011128,749,2019-04-01 19:48:23,2019-04-03 16:34:42,0
0000011535,0000011128,528,2019-04-03 16:34:42,,1
0000011536,0000011129,442,2023-10-12 22:38:03,,1
0000011537,0000011130,383,2017-09-08 22:02:01,,1
0000011538,0000011131,220,2018-03-07 03:48:35,,1
0000011539,0000011132,834,2017-07-22 12:43:03,,1
0000011540,0000011133,116,2018-10-05 08:47:33,,1
0000011541,0000011134,923,2023-04-01 07:36:35,,1
0000011542,0000011135,923,2024-01-03 04:29:46,,1
0000011543,0000011136,423,2018-01-22 21:05:53,,1
0000011544,0000011137,423,2023-11-13 23:46:28,,1
0000011545,0000011138,423,2017-12-25 00:38:16,,1
0000011546,0000011139,423,2021-02-16 19:33:47,,1
0000011547,0000011140,423,2026-01-30 11:44:48,,1
0000011548,0000011141,423,2017-04-01 05:16:37,,1
0000011549,0000011142,876,2025-11-06 22:31:09,,1
0000011550,0000011143,200,2025-04-23 06:19:31,,1
0000011551,0000011144,423,2020-09-27 13:31:23,,1
0000011552,0000011145,423,2022-06-13 06:31:18,,1
0000011553,0000011146,423,2018-08-31 08:20:13,,1
0000011554,0000011147,423,2020-03-02 12:57:27,,1
0000011555,0000011148,462,2022-12-01 08:24:51,,1
0000011556,0000011149,924,2022-01-15 02:28:09,,1
0000011557,0000011150,924,2020-09-15 16:01:55,,1
0000011558,0000011151,192,2016-01-27 14:06:03,,1
0000011559,0000011152,192,2017-05-21 07:06:18,,1
0000011560,0000011153,963,2018-09-08 01:03:02,,1
0000011561,0000011154,980,2024-09-16 18:16:35,,1
0000011562,0000011155,980,2020-02-25 20:25:17,,1
0000011563,0000011156,814,2025-08-21 17:08:40,,1
0000011564,0000011157,815,2026-05-10 04:37:13,,1
0000011565,0000011158,297,2023-11-09 16:08:16,,1
0000011566,0000011159,645,2023-03-28 01:45:16,,1
0000011567,0000011160,645,2021-06-29 11:46:04,,1
0000011568,0000011161,84,2020-02-22 07:37:33,,1
0000011569,0000011162,163,2020-07-06 18:03:57,,1
0000011570,0000011163,834,2023-08-04 14:11:07,,1
0000011571,0000011164,252,2019-05-02 06:54:04,,1
0000011572,0000011165,650,2022-02-04 23:09:40,,1
0000011573,0000011166,928,2024-03-25 07:35:03,,1
0000011574,0000011167,976,2023-10-07 20:56:34,,1
0000011575,0000011168,347,2025-12-25 08:49:29,,1
0000011576,0000011169,300,2026-07-09 15:29:53,,1
0000011577,0000011170,347,2020-09-13 07:54:50,,1
0000011578,0000011171,347,2025-07-01 17:48:35,,1
0000011579,0000011172,347,2022-11-28 01:49:22,,1
0000011580,0000011173,327,2020-02-12 16:08:43,,1
0000011581,0000011174,20,2021-09-05 22:15:21,,1
0000011582,0000011175,20,2020-06-11 02:48:47,,1
0000011583,0000011176,297,2020-12-12 11:43:19,,1
0000011584,0000011177,297,2023-09-07 08:14:59,,1
0000011585,0000011178,297,2020-05-16 17:09:20,,1
0000011586,0000011179,742,2025-02-17 04:02:44,,1
0000011587,0000011180,742,2025-08-10 04:40:49,,1
0000011588,0000011181,771,2016-10-10 09:29:42,,1
0000011589,0000011182,742,2025-04-30 21:02:41,,1
0000011590,0000011183,771,2018-12-18 05:12:03,,1
0000011591,0000011184,841,2018-02-02 22:21:13,,1
0000011592,0000011185,664,2018-01-19 14:17:43,,1
0000011593,0000011186,664,2017-10-08 08:20:07,,1
0000011594,0000011187,664,2022-05-30 13:22:56,,1
0000011595,0000011188,664,2016-01-07 19:39:36,,1
0000011596,0000011189,281,2016-04-03 17:39:21,,1
0000011597,0000011190,281,2025-05-27 15:30:42,,1
0000011598,0000011191,792,2015-04-12 20:37:18,,1
0000011599,0000011192,237,2023-12-15 00:37:05,,1
0000011600,0000011193,667,2017-11-07 19:09:07,,1
0000011601,0000011194,792,2015-04-27 01:35:09,,1
0000011602,0000011195,667,2018-09-21 15:45:52,,1
0000011603,0000011196,667,2020-01-26 09:59:48,,1
0000011604,0000011197,667,2017-07-20 03:19:10,,1
0000011605,0000011198,667,2018-04-30 09:55:18,,1
0000011606,0000011199,256,2020-12-02 06:05:30,,1
0000011607,0000011200,802,2022-05-19 08:40:02,,1
0000011608,0000011201,802,2017-12-28 19:59:46,,1
0000011609,0000011202,51,2020-04-18 12:01:14,,1
0000011610,0000011203,802,2017-11-09 06:51:28,,1
0000011611,0000011204,649,2024-12-31 01:58:53,,1
0000011612,0000011205,244,2015-01-02 06:36:05,,1
0000011613,0000011206,707,2014-12-05 05:54:32,,1
0000011614,0000011207,550,2014-12-10 07:41:24,,1
0000011615,0000011208,244,2014-11-11 13:12:38,,1
0000011616,0000011209,244,2015-01-21 16:05:56,,1
0000011617,0000011210,244,2014-12-26 23:45:34,,1
0000011618,0000011211,983,2015-01-11 02:27:02,,1
0000011619,0000011212,244,2015-01-18 08:22:17,,1
0000011620,0000011213,287,2021-04-05 00:48:40,,1
0000011621,0000011214,287,2019-09-29 11:15:20,,1
0000011622,0000011215,287,2021-06-01 13:36:23,2021-06-01 20:12:00,0
0000011623,0000011215,50,2021-06-01 20:12:00,,1
0000011624,0000011216,201,2020-02-28 19:56:18,,1
0000011625,0000011217,201,2021-01-09 23:10:20,,1
0000011626,0000011218,201,2024-09-30 07:32:49,,1
0000011627,0000011219,302,2019-02-25 18:56:17,,1
0000011628,0000011220,967,2019-09-17 14:35:34,,1
0000011629,0000011221,421,2019-04-23 20:50:56,,1
0000011630,0000011222,510,2020-05-29 17:08:33,,1
0000011631,0000011223,421,2018-05-09 08:57:26,,1
0000011632,0000011224,421,2018-10-19 21:56:47,,1
0000011633,0000011225,258,2021-04-19 03:23:28,,1
0000011634,0000011226,145,2018-12-12 15:38:37,,1
0000011635,0000011227,864,2021-06-20 21:20:56,,1
0000011636,0000011228,864,2018-04-08 05:18:49,,1
0000011637,0000011229,864,2023-08-06 12:23:30,,1
0000011638,0000011230,864,2023-10-28 21:47:10,,1
0000011639,0000011231,864,2021-04-03 19:52:07,,1
0000011640,0000011232,864,2023-09-21 08:11:46,,1
0000011641,0000011233,759,2019-09-21 11:38:57,,1
0000011642,0000011234,864,2018-04-18 23:57:15,,1
0000011643,0000011235,864,2023-04-06 07:18:46,,1
0000011644,0000011236,600,2022-08-06 03:23:55,,1
0000011645,0000011237,864,2022-09-10 04:50:21,,1
0000011646,0000011238,400,2025-02-26 16:33:45,,1
0000011647,0000011239,649,2016-09-10 13:07:28,,1
0000011648,0000011240,649,2017-03-29 19:08:47,,1
0000011649,0000011241,434,2022-07-18 19:29:51,,1
0000011650,0000011242,434,2018-07-17 19:26:44,,1
0000011651,0000011243,434,2023-01-26 13:21:19,,1
0000011652,0000011244,251,2024-04-06 22:36:54,,1
0000011653,0000011245,434,2020-05-04 09:00:42,,1
0000011654,0000011246,434,2023-06-01 09:41:45,,1
0000011655,0000011247,434,2019-03-14 13:06:40,,1
0000011656,0000011248,251,2024-05-18 00:28:30,,1
0000011657,0000011249,108,2024-09-12 02:04:27,,1
0000011658,0000011250,108,2017-03-29 18:31:58,,1
0000011659,0000011251,108,2017-10-25 11:06:16,,1
0000011660,0000011252,108,2024-04-22 01:20:04,,1
0000011661,0000011253,108,2025-08-15 21:48:41,,1
0000011662,0000011254,998,2025-11-03 16:30:26,,1
0000011663,0000011255,998,2026-05-01 22:32:32,,1
0000011664,0000011256,382,2020-07-01 20:51:52,,1
0000011665,0000011257,138,2018-02-22 21:57:28,,1
0000011666,0000011258,991,2016-02-13 12:36:14,,1
0000011667,0000011259,778,2017-02-14 09:19:53,,1
0000011668,0000011260,778,2018-05-03 04:53:38,,1
0000011669,0000011261,215,2018-08-16 15:01:34,,1
0000011670,0000011262,215,2018-03-11 20:47:16,,1
0000011671,0000011263,215,2018-07-20 17:07:56,,1
0000011672,0000011264,215,2018-04-10 12:41:41,,1
0000011673,0000011265,215,2018-07-31 20:07:05,,1
0000011674,0000011266,742,2017-03-23 04:43:25,,1
0000011675,0000011267,742,2023-02-10 09:39:06,,1
0000011676,0000011268,742,2017-01-14 22:44:32,,1
0000011677,0000011269,742,2018-05-19 14:12:02,,1
0000011678,0000011270,601,2023-02-01 06:17:20,,1
0000011679,0000011271,45,2026-09-30 21:03:16,,1
0000011680,0000011272,45,2019-08-29 05:55:14,,1
0000011681,0000011273,68,2019-12-26 23:23:11,,1
0000011682,0000011274,68,2020-09-12 01:32:16,,1
0000011683,0000011275,68,2022-12-05 22:18:12,,1
0000011684,0000011276,68,2022-01-28 22:39:05,,1
0000011685,0000011277,2,2018-07-31 10:41:59,,1
0000011686,0000011278,898,2020-04-28 13:01:22,,1
0000011687,0000011279,477,2022-08-29 09:50:41,,1
0000011688,0000011280,325,2020-06-28 09:56:34,,1
0000011689,0000011281,49,2022-10-30 03:53:55,,1
0000011690,0000011282,237,2017-11-13 06:05:32,2017-11-16 05:23:40,0
0000011691,0000011282,576,2017-11-16 05:23:40,,1
0000011692,0000011283,800,2017-08-06 12:17:30,,1
0000011693,0000011284,800,2018-07-10 20:31:08,,1
0000011694,0000011285,419,2021-11-08 14:02:45,,1
0000011695,0000011286,800,2025-05-11 16:17:12,,1
0000011696,0000011287,814,2015-10-17 01:18:23,,1
0000011697,0000011288,800,2026-01-20 06:25:57,,1
0000011698,0000011289,800,2020-08-15 01:58:22,,1
0000011699,0000011290,800,2017-05-20 02:43:39,,1
0000011700,0000011291,949,2019-08-13 03:29:06,,1
0000011701,0000011292,891,2020-06-24 07:30:09,,1
0000011702,0000011293,545,2018-01-29 17:29:14,,1
0000011703,0000011294,995,2019-03-19 23:51:52,,1
0000011704,0000011295,120,2018-03-21 19:50:28,,1
0000011705,0000011296,288,2023-04-06 21:32:14,,1
0000011706,0000011297,288,2021-08-08 15:00:24,,1
0000011707,0000011298,288,2024-07-01 13:56:31,,1
0000011708,0000011299,288,2025-02-10 19:01:34,,1
0000011709,0000011300,288,2016-02-06 23:28:17,,1
0000011710,0000011301,998,2024-02-19 07:07:09,,1
0000011711,0000011302,985,2021-01-30 00:08:23,,1
0000011712,0000011303,985,2020-08-21 12:36:54,,1
0000011713,0000011304,998,2023-05-27 13:51:44,,1
0000011714,0000011305,985,2022-03-02 10:28:39,,1
0000011715,0000011306,985,2021-06-11 07:40:46,,1
0000011716,0000011307,985,2019-09-16 15:37:23,,1
0000011717,0000011308,985,2020-12-30 11:23:19,,1
0000011718,0000011309,678,2019-01-22 12:56:02,,1
0000011719,0000011310,616,2019-01-23 22:41:44,,1
0000011720,0000011311,616,2022-09-28 07:54:19,,1
0000011721,0000011312,578,2025-03-05 10:05:35,,1
0000011722,0000011313,84,2017-09-13 05:54:01,,1
0000011723,0000011314,84,2020-12-29 09:57:30,,1
0000011724,0000011315,84,2019-03-19 19:04:47,,1
0000011725,0000011316,84,2019-08-05 16:29:47,,1
0000011726,0000011317,84,2018-05-01 02:42:13,,1
0000011727,0000011318,578,2024-02-08 12:40:09,,1
0000011728,0000011319,691,2021-06-11 00:53:31,,1
0000011729,0000011320,468,2025-11-12 01:16:43,,1
0000011730,0000011321,147,2018-08-21 19:39:27,,1
0000011731,0000011322,468,2026-07-25 22:31:30,,1
0000011732,0000011323,774,2024-02-12 17:04:18,,1
0000011733,0000011324,225,2025-11-02 13:08:09,2025-11-02 21:04:02,0
0000011734,0000011324,786,2025-11-02 21:04:02,,1
0000011735,0000011325,774,2017-08-04 11:17:55,,1
0000011736,0000011326,774,2023-07-16 15:13:47,,1
0000011737,0000011327,225,2025-12-30 12:51:04,,1
0000011738,0000011328,480,2021-12-25 18:57:46,,1
0000011739,0000011329,799,2021-10-31 10:36:57,,1
0000011740,0000011330,799,2025-01-13 12:54:35,,1
0000011741,0000011331,799,2019-12-22 00:59:16,,1
0000011742,0000011332,696,2026-10-05 01:52:12,,1
0000011743,0000011333,799,2021-06-27 16:17:08,,1
0000011744,0000011334,799,2020-10-10 12:13:19,,1
0000011745,0000011335,799,2022-09-23 18:20:39,,1
0000011746,0000011336,778,2020-03-18 20:11:34,,1
0000011747,0000011337,994,2020-12-08 15:22:20,,1
0000011748,0000011338,685,2022-06-22 14:29:32,,1
0000011749,0000011339,566,2020-07-16 05:12:00,,1
0000011750,0000011340,566,2018-11-16 19:26:05,,1
0000011751,0000011341,566,2019-08-25 01:40:18,,1
0000011752,0000011342,153,2023-04-30 16:01:48,2023-05-05 09:19:40,0
0000011753,0000011342,785,2023-05-05 09:19:40,,1
0000011754,0000011343,237,2022-08-15 21:54:03,,1
0000011755,0000011344,163,2026-05-11 20:01:00,,1
0000011756,0000011345,861,2023-01-20 21:10:30,,1
0000011757,0000011346,861,2019-01-17 20:16:20,,1
0000011758,0000011347,655,2024-01-20 18:17:51,,1
0000011759,0000011348,453,2022-11-28 05:57:33,,1
0000011760,0000011349,453,2018-11-12 12:35:54,,1
0000011761,0000011350,952,2018-02-10 04:44:35,,1
0000011762,0000011351,86,2026-02-28 07:21:54,,1
0000011763,0000011352,86,2021-11-19 22:11:56,,1
0000011764,0000011353,86,2024-09-16 01:39:08,,1
0000011765,0000011354,157,2023-07-30 02:22:47,,1
0000011766,0000011355,86,2020-10-17 23:47:36,,1
0000011767,0000011356,523,2023-10-10 18:42:30,,1
0000011768,0000011357,837,2019-06-09 20:13:30,,1
0000011769,0000011358,837,2020-12-22 17:06:08,,1
0000011770,0000011359,837,2019-04-25 22:53:12,,1
0000011771,0000011360,747,2024-04-02 22:29:01,,1
0000011772,0000011361,881,2017-05-12 00:05:26,,1
0000011773,0000011362,30,2018-08-22 07:26:24,,1
0000011774,0000011363,127,2022-09-25 23:26:12,,1
0000011775,0000011364,607,2024-07-17 20:39:10,2024-07-21 17:28:21,0
0000011776,0000011364,132,2024-07-21 17:28:21,,1
0000011777,0000011365,117,2021-10-31 08:56:11,,1
0000011778,0000011366,607,2024-07-27 11:53:01,,1
0000011779,0000011367,254,2018-01-15 08:27:31,,1
0000011780,0000011368,254,2021-10-12 11:18:46,,1
0000011781,0000011369,379,2018-12-11 21:42:33,,1
0000011782,0000011370,663,2016-09-20 06:45:26,,1
0000011783,0000011371,663,2023-10-05 14:08:43,2023-10-06 01:05:57,0
0000011784,0000011371,437,2023-10-06 01:05:57,,1
0000011785,0000011372,435,2025-03-12 06:30:52,,1
0000011786,0000011373,753,2018-04-01 11:33:32,,1
0000011787,0000011374,753,2026-10-06 06:41:29,,1
0000011788,0000011375,753,2021-06-19 01:09:16,,1
0000011789,0000011376,753,2019-09-09 21:27:42,,1
0000011790,0000011377,753,2015-07-17 01:59:21,,1
0000011791,0000011378,215,2022-02-07 15:41:28,,1
0000011792,0000011379,215,2026-04-14 13:16:47,,1
0000011793,0000011380,323,2019-05-07 14:28:07,,1
0000011794,0000011381,547,2026-03-31 21:50:13,,1
0000011795,0000011382,547,2026-06-01 22:13:53,,1
0000011796,0000011383,547,2026-01-21 12:36:57,,1
0000011797,0000011384,356,2022-04-09 12:50:29,,1
0000011798,0000011385,356,2019-06-25 19:12:43,,1
0000011799,0000011386,356,2021-12-07 22:18:35,,1
0000011800,0000011387,176,2015-06-04 02:35:37,,1
0000011801,0000011388,370,2018-02-08 09:12:36,,1
0000011802,0000011389,370,2016-04-29 06:58:54,,1
0000011803,0000011390,370,2024-05-24 02:26:08,,1
0000011804,0000011391,370,2024-12-23 19:19:22,,1
0000011805,0000011392,370,2025-01-11 18:56:41,,1
0000011806,0000011393,252,2015-08-24 17:04:22,,1
0000011807,0000011394,984,2018-10-12 02:36:22,,1
0000011808,0000011395,984,2019-11-22 09:50:26,,1
0000011809,0000011396,597,2020-09-13 00:24:09,,1
0000011810,0000011397,881,2019-04-25 03:30:06,,1
0000011811,0000011398,881,2018-03-04 00:44:28,,1
0000011812,0000011399,774,2016-07-14 05:28:55,,1
0000011813,0000011400,774,2015-10-10 05:25:18,,1
0000011814,0000011401,774,2015-10-24 13:09:48,,1
0000011815,0000011402,207,2025-11-07 05:52:07,,1
0000011816,0000011403,207,2020-05-19 10:25:10,,1
0000011817,0000011404,207,2024-11-28 01:24:19,,1
0000011818,0000011405,207,2022-10-08 08:48:24,,1
0000011819,0000011406,207,2023-05-04 15:48:31,,1
0000011820,0000011407,135,2016-02-14 16:46:34,,1
0000011821,0000011408,691,2023-08-26 10:50:00,,1
0000011822,0000011409,691,2025-07-02 04:24:20,,1
0000011823,0000011410,691,2022-08-04 17:21:54,,1
0000011824,0000011411,806,2022-10-02 17:08:15,,1
0000011825,0000011412,15,2024-10-21 13:20:20,,1
0000011826,0000011413,767,2026-01-25 03:45:15,,1
0000011827,0000011414,825,2018-04-07 11:06:14,,1
0000011828,0000011415,716,2024-05-24 02:49:41,,1
0000011829,0000011416,716,2023-05-04 14:02:54,,1
0000011830,0000011417,716,2018-08-03 19:43:34,,1
0000011831,0000011418,716,2017-09-05 12:04:36,,1
0000011832,0000011419,716,2022-07-01 01:12:16,,1
0000011833,0000011420,923,2023-03-21 10:12:28,,1
0000011834,0000011421,419,2018-07-04 20:07:46,,1
0000011835,0000011422,419,2016-10-12 14:05:43,,1
0000011836,0000011423,419,2017-08-03 03:23:15,,1
0000011837,0000011424,788,2023-06-26 17:05:32,,1
0000011838,0000011425,387,2018-05-24 18:41:48,,1
0000011839,0000011426,545,2017-02-16 11:59:42,,1
0000011840,0000011427,545,2017-10-05 08:20:00,,1
0000011841,0000011428,545,2017-02-07 15:29:54,,1
0000011842,0000011429,545,2016-10-29 12:50:39,,1
0000011843,0000011430,545,2018-03-24 00:27:09,,1
0000011844,0000011431,223,2022-05-23 10:43:24,,1
0000011845,0000011432,223,2022-10-27 07:00:07,,1
0000011846,0000011433,223,2018-09-11 00:29:47,,1
0000011847,0000011434,223,2023-12-17 17:54:40,,1
0000011848,0000011435,223,2020-08-17 15:38:21,,1
0000011849,0000011436,223,2023-01-31 18:12:35,,1
0000011850,0000011437,223,2018-01-24 19:26:25,,1
0000011851,0000011438,223,2025-05-14 02:07:46,,1
0000011852,0000011439,733,2019-09-21 08:34:35,,1
0000011853,0000011440,733,2015-05-19 00:47:22,,1
0000011854,0000011441,733,2017-09-22 12:19:02,,1
0000011855,0000011442,733,2015-08-22 04:15:32,,1
0000011856,0000011443,733,2015-10-18 18:16:26,2015-10-19 13:44:30,0
0000011857,0000011443,275,2015-10-19 13:44:30,,1
0000011858,0000011444,733,2018-04-28 15:19:20,,1
0000011859,0000011445,397,2016-10-07 10:15:09,,1
0000011860,0000011446,733,2015-09-28 14:36:31,,1
0000011861,0000011447,13,2021-11-06 14:16:54,,1
0000011862,0000011448,13,2018-11-18 10:21:43,,1
0000011863,0000011449,13,2025-06-12 01:24:18,,1
0000011864,0000011450,775,2016-09-25 10:19:09,,1
0000011865,0000011451,70,2025-06-12 23:06:50,2025-06-16 17:28:00,0
0000011866,0000011451,469,2025-06-16 17:28:00,,1
0000011867,0000011452,582,2017-05-01 03:18:45,,1
0000011868,0000011453,479,2020-03-01 15:43:13,,1
0000011869,0000011454,767,2019-04-01 20:23:03,,1
0000011870,0000011455,655,2015-03-06 17:42:56,,1
0000011871,0000011456,655,2015-02-16 16:22:55,,1
0000011872,0000011457,655,2015-05-06 07:54:49,,1
0000011873,0000011458,655,2014-12-22 12:26:28,,1
0000011874,0000011459,655,2015-01-04 19:17:41,,1
0000011875,0000011460,655,2015-03-26 22:13:37,,1
0000011876,0000011461,655,2015-02-01 16:18:55,,1
0000011877,0000011462,370,2015-03-21 23:08:22,,1
0000011878,0000011463,575,2020-03-22 20:55:54,,1
0000011879,0000011464,575,2019-03-07 20:59:23,,1
0000011880,0000011465,575,2018-11-28 08:37:21,,1
0000011881,0000011466,717,2022-05-11 08:26:40,,1
0000011882,0000011467,659,2018-07-05 07:18:09,,1
0000011883,0000011468,584,2026-01-03 17:03:50,,1
0000011884,0000011469,659,2018-04-27 04:14:35,,1
0000011885,0000011470,717,2024-06-21 07:21:05,,1
0000011886,0000011471,831,2023-07-17 06:37:01,,1
0000011887,0000011472,831,2022-11-07 20:16:23,,1
0000011888,0000011473,765,2023-10-23 09:47:41,,1
0000011889,0000011474,831,2025-07-22 02:37:22,,1
0000011890,0000011475,831,2022-10-20 08:09:19,,1
0000011891,0000011476,839,2022-12-27 07:58:21,2022-12-31 02:07:17,0
0000011892,0000011476,953,2022-12-31 02:07:17,,1
0000011893,0000011477,839,2021-11-21 12:39:05,,1
0000011894,0000011478,381,2019-04-06 19:39:55,,1
0000011895,0000011479,587,2024-10-02 22:15:47,,1
0000011896,0000011480,345,2019-09-12 19:58:53,,1
0000011897,0000011481,602,2022-08-26 11:02:10,,1
0000011898,0000011482,602,2025-08-19 13:28:30,,1
0000011899,0000011483,602,2016-12-08 09:47:36,,1
0000011900,0000011484,602,2019-05-23 23:36:25,,1
0000011901,0000011485,602,2025-05-09 18:26:30,,1
0000011902,0000011486,669,2017-02-18 20:00:45,,1
0000011903,0000011487,634,2023-05-12 02:12:48,,1
0000011904,0000011488,634,2026-04-20 13:22:43,,1
0000011905,0000011489,373,2024-06-27 13:09:07,,1
0000011906,0000011490,179,2026-05-27 15:14:53,,1
0000011907,0000011491,332,2024-05-22 02:08:59,,1
0000011908,0000011492,332,2018-08-17 06:35:28,,1
0000011909,0000011493,679,2019-02-14 00:40:23,,1
0000011910,0000011494,679,2021-10-30 12:54:06,,1
0000011911,0000011495,372,2017-08-06 14:25:56,,1
0000011912,0000011496,524,2023-06-03 10:18:07,,1
0000011913,0000011497,754,2026-06-01 02:15:18,,1
0000011914,0000011498,88,2020-07-12 05:28:38,,1
0000011915,0000011499,405,2024-03-28 02:01:09,,1
0000011916,0000011500,405,2022-04-26 02:58:02,,1
0000011917,0000011501,157,2018-08-01 09:18:12,,1
0000011918,0000011502,273,2025-03-31 22:39:38,,1
0000011919,0000011503,273,2023-10-01 00:44:32,,1
0000011920,0000011504,451,2019-05-02 17:30:08,,1
0000011921,0000011505,451,2021-07-18 18:54:19,,1
0000011922,0000011506,451,2025-03-16 14:40:03,,1
0000011923,0000011507,451,2020-05-12 03:53:45,,1
0000011924,0000011508,451,2024-05-17 09:45:46,,1
0000011925,0000011509,451,2023-11-20 22:45:22,,1
0000011926,0000011510,451,2016-12-21 14:58:47,,1
0000011927,0000011511,451,2021-01-06 16:35:50,,1
0000011928,0000011512,854,2017-04-25 02:15:42,,1
0000011929,0000011513,159,2026-03-17 23:19:34,,1
0000011930,0000011514,159,2026-10-03 11:30:31,,1
0000011931,0000011515,519,2020-01-09 12:02:09,,1
0000011932,0000011516,519,2015-12-09 22:18:38,,1
0000011933,0000011517,519,2024-04-13 07:27:41,2024-04-13 17:23:48,0
0000011934,0000011517,799,2024-04-13 17:23:48,,1
0000011935,0000011518,714,2026-04-08 19:41:12,,1
0000011936,0000011519,519,2017-01-19 01:32:34,,1
0000011937,0000011520,795,2020-07-11 21:07:35,,1
0000011938,0000011521,503,2025-10-09 20:05:01,,1
0000011939,0000011522,939,2018-12-19 11:07:06,,1
0000011940,0000011523,32,2026-09-10 15:42:22,,1
0000011941,0000011524,32,2024-07-01 15:52:36,,1
0000011942,0000011525,32,2016-12-29 01:08:58,,1
0000011943,0000011526,416,2017-06-09 03:13:01,,1
0000011944,0000011527,347,2019-11-27 03:11:03,,1
0000011945,0000011528,347,2020-12-23 11:18:24,,1
0000011946,0000011529,347,2019-11-22 01:19:43,,1
0000011947,0000011530,347,2019-06-01 00:54:49,,1
0000011948,0000011531,836,2021-01-06 23:12:14,,1
0000011949,0000011532,852,2026-03-10 16:36:26,,1
0000011950,0000011533,852,2026-05-16 13:46:29,,1
0000011951,0000011534,730,2021-08-18 10:36:05,,1
0000011952,0000011535,230,2018-02-26 06:10:38,,1
0000011953,0000011536,53,2024-07-16 22:55:17,,1
0000011954,0000011537,53,2018-12-15 17:01:37,,1
0000011955,0000011538,53,2022-11-15 01:13:10,,1
0000011956,0000011539,914,2025-10-21 21:17:13,,1
0000011957,0000011540,914,2018-06-04 17:15:37,,1
0000011958,0000011541,914,2025-11-08 06:23:30,,1
0000011959,0000011542,677,2024-06-21 06:59:51,,1
0000011960,0000011543,53,2023-07-18 16:59:42,,1
0000011961,0000011544,677,2025-06-15 22:37:54,,1
0000011962,0000011545,677,2024-08-02 03:49:41,,1
0000011963,0000011546,677,2024-11-07 21:31:53,,1
0000011964,0000011547,647,2016-10-16 00:42:38,,1
0000011965,0000011548,779,2017-08-07 15:30:01,,1
0000011966,0000011549,779,2016-05-19 17:28:49,,1
0000011967,0000011550,779,2025-08-04 11:45:59,,1
0000011968,0000011551,779,2022-05-16 10:39:01,,1
0000011969,0000011552,429,2019-06-28 15:32:35,,1
0000011970,0000011553,429,2025-10-05 21:11:43,,1
0000011971,0000011554,997,2021-11-01 03:04:22,,1
0000011972,0000011555,649,2018-03-13 01:31:31,,1
0000011973,0000011556,649,2015-07-14 04:35:51,,1
0000011974,0000011557,649,2019-08-21 18:22:25,,1
0000011975,0000011558,649,2016-07-19 00:45:58,,1
0000011976,0000011559,649,2016-10-19 08:36:42,,1
0000011977,0000011560,649,2017-10-03 06:38:55,,1
0000011978,0000011561,649,2025-10-26 01:02:14,,1
0000011979,0000011562,649,2016-12-14 18:28:49,,1
0000011980,0000011563,891,2022-02-19 16:29:21,,1
0000011981,0000011564,882,2024-05-21 11:21:44,,1
0000011982,0000011565,882,2023-04-17 11:09:21,,1
0000011983,0000011566,882,2022-09-21 00:09:51,,1
0000011984,0000011567,137,2025-09-24 14:06:29,,1
0000011985,0000011568,272,2025-02-23 05:27:19,,1
0000011986,0000011569,971,2020-09-09 18:56:40,,1
0000011987,0000011570,971,2025-04-18 09:02:50,,1
0000011988,0000011571,971,2026-07-03 17:35:22,,1
0000011989,0000011572,995,2020-10-28 07:34:50,,1
0000011990,0000011573,501,2019-04-29 06:02:42,,1
0000011991,0000011574,767,2017-04-21 07:19:31,,1
0000011992,0000011575,399,2020-12-31 18:14:19,,1
0000011993,0000011576,666,2019-07-11 13:16:41,,1
0000011994,0000011577,87,2024-04-29 10:18:12,,1
0000011995,0000011578,27,2019-04-10 05:52:42,,1
0000011996,0000011579,87,2017-11-14 21:42:59,,1
0000011997,0000011580,87,2023-04-23 02:02:14,,1
0000011998,0000011581,81,2022-02-05 03:45:45,,1
0000011999,0000011582,87,2024-03-21 12:00:56,,1
0000012000,0000011583,87,2022-09-30 00:42:14,,1
0000012001,0000011584,287,2019-05-18 20:59:42,,1
0000012002,0000011585,87,2021-11-23 16:50:28,,1
0000012003,0000011586,87,2017-03-29 09:43:00,,1
0000012004,0000011587,87,2022-05-05 23:17:33,,1
0000012005,0000011588,87,2022-03-29 07:27:10,,1
0000012006,0000011589,411,2017-12-07 02:31:08,,1
0000012007,0000011590,411,2018-11-12 18:18:33,,1
0000012008,0000011591,304,2020-10-24 18:20:25,,1
0000012009,0000011592,882,2020-11-25 21:08:35,,1
0000012010,0000011593,882,2019-09-19 05:36:51,,1
0000012011,0000011594,411,2017-04-20 03:28:34,,1
0000012012,0000011595,411,2017-03-31 04:49:55,,1
0000012013,0000011596,882,2019-11-27 21:17:26,,1
0000012014,0000011597,295,2022-09-03 08:31:18,,1
0000012015,0000011598,295,2020-02-09 18:59:53,,1
0000012016,0000011599,568,2023-08-10 05:51:13,,1
0000012017,0000011600,283,2023-09-11 17:48:57,,1
0000012018,0000011601,283,2019-07-11 19:01:58,,1
0000012019,0000011602,283,2015-03-14 04:22:13,,1
0000012020,0000011603,820,2021-07-28 07:41:27,,1
0000012021,0000011604,820,2025-06-01 03:30:58,,1
0000012022,0000011605,820,2025-06-25 03:51:56,,1
0000012023,0000011606,820,2021-04-09 03:18:26,,1
0000012024,0000011607,820,2021-06-11 01:51:55,,1
0000012025,0000011608,92,2024-09-22 11:52:19,,1
0000012026,0000011609,92,2023-04-04 18:08:13,,1
0000012027,0000011610,92,2017-08-06 08:36:11,,1
0000012028,0000011611,92,2022-12-25 08:20:00,,1
0000012029,0000011612,92,2021-08-23 10:09:04,,1
0000012030,0000011613,92,2017-12-06 08:06:47,,1
0000012031,0000011614,92,2020-02-28 23:10:50,,1
0000012032,0000011615,92,2024-11-06 00:58:46,,1
0000012033,0000011616,363,2019-04-16 14:05:33,,1
0000012034,0000011617,363,2016-01-05 09:38:18,,1
0000012035,0000011618,365,2018-10-08 19:00:41,,1
0000012036,0000011619,284,2018-11-25 19:56:37,,1
0000012037,0000011620,38,2022-10-01 16:31:11,,1
0000012038,0000011621,232,2020-09-18 19:42:23,,1
0000012039,0000011622,106,2017-03-13 09:52:11,,1
0000012040,0000011623,448,2016-03-09 22:35:59,,1
0000012041,0000011624,681,2017-03-05 20:42:46,,1
0000012042,0000011625,999,2016-07-26 16:41:29,,1
0000012043,0000011626,448,2016-01-17 16:20:45,,1
0000012044,0000011627,681,2018-02-07 23:37:09,,1
0000012045,0000011628,271,2026-01-19 18:26:07,,1
0000012046,0000011629,133,2017-09-05 13:26:18,,1
0000012047,0000011630,770,2020-12-12 10:20:18,,1
0000012048,0000011631,927,2016-07-04 23:02:43,,1
0000012049,0000011632,133,2016-06-06 10:31:31,,1
0000012050,0000011633,133,2015-10-31 18:29:58,,1
0000012051,0000011634,133,2020-12-15 13:56:21,,1
0000012052,0000011635,133,2019-10-04 20:27:20,,1
0000012053,0000011636,497,2025-06-13 06:03:45,,1
0000012054,0000011637,795,2020-09-01 05:59:32,,1
0000012055,0000011638,795,2024-03-26 20:41:47,,1
0000012056,0000011639,795,2020-02-04 00:22:49,,1
0000012057,0000011640,795,2020-02-08 10:09:38,,1
0000012058,0000011641,795,2024-12-17 00:52:16,,1
0000012059,0000011642,816,2020-05-11 21:27:04,,1
0000012060,0000011643,816,2019-11-19 01:38:22,,1
0000012061,0000011644,749,2016-10-28 00:23:57,,1
0000012062,0000011645,986,2017-08-24 09:04:22,,1
0000012063,0000011646,155,2021-09-01 04:49:47,,1
0000012064,0000011647,155,2020-07-21 22:34:48,,1
0000012065,0000011648,535,2023-06-28 10:14:40,,1
0000012066,0000011649,535,2021-07-02 12:29:59,,1
0000012067,0000011650,535,2018-08-27 14:41:44,,1
0000012068,0000011651,535,2016-06-29 11:17:15,,1
0000012069,0000011652,535,2016-09-27 23:49:56,,1
0000012070,0000011653,331,2021-08-14 02:57:38,,1
0000012071,0000011654,331,2023-05-01 04:28:23,,1
0000012072,0000011655,331,2025-06-12 03:07:19,,1
0000012073,0000011656,523,2023-11-04 06:44:53,,1
0000012074,0000011657,968,2020-09-16 06:09:24,,1
0000012075,0000011658,436,2023-02-13 21:26:31,,1
0000012076,0000011659,968,2015-12-04 03:09:24,,1
0000012077,0000011660,968,2016-02-12 07:16:41,,1
0000012078,0000011661,145,2024-07-16 21:53:39,,1
0000012079,0000011662,145,2022-02-16 19:28:01,2022-02-17 08:25:35,0
0000012080,0000011662,183,2022-02-17 08:25:35,,1
0000012081,0000011663,873,2025-04-06 14:12:38,,1
0000012082,0000011664,148,2024-10-12 03:44:34,,1
0000012083,0000011665,34,2020-08-23 16:36:45,,1
0000012084,0000011666,686,2025-12-11 22:05:46,,1
0000012085,0000011667,496,2019-05-19 10:29:22,,1
0000012086,0000011668,775,2025-03-07 10:10:11,,1
0000012087,0000011669,775,2016-05-05 14:15:32,,1
0000012088,0000011670,775,2016-06-24 00:31:23,,1
0000012089,0000011671,775,2016-08-12 10:53:40,,1
0000012090,0000011672,404,2024-05-18 09:37:54,,1
0000012091,0000011673,452,2026-03-02 08:18:16,,1
0000012092,0000011674,452,2024-04-24 00:15:04,,1
0000012093,0000011675,452,2021-08-24 13:53:15,,1
0000012094,0000011676,263,2018-01-05 02:33:06,,1
0000012095,0000011677,487,2018-01-29 02:26:14,,1
0000012096,0000011678,452,2023-09-11 18:22:35,,1
0000012097,0000011679,264,2016-04-09 14:03:55,,1
0000012098,0000011680,264,2018-10-28 02:12:06,,1
0000012099,0000011681,970,2024-01-16 00:37:16,,1
0000012100,0000011682,970,2025-06-07 23:59:10,,1
0000012101,0000011683,970,2019-01-05 14:29:36,,1
0000012102,0000011684,622,2026-08-15 16:10:04,,1
0000012103,0000011685,763,2018-03-13 00:52:06,,1
0000012104,0000011686,622,2025-05-15 11:31:35,,1
0000012105,0000011687,131,2021-11-16 03:57:50,,1
0000012106,0000011688,622,2026-04-28 11:02:28,,1
0000012107,0000011689,131,2022-01-25 19:44:31,,1
0000012108,0000011690,891,2021-05-05 06:14:52,,1
0000012109,0000011691,622,2025-08-01 16:09:14,,1
0000012110,0000011692,160,2024-10-13 06:45:36,,1
0000012111,0000011693,957,2019-11-28 04:44:53,,1
0000012112,0000011694,957,2024-02-21 22:37:55,,1
0000012113,0000011695,484,2015-11-02 16:46:10,,1
0000012114,0000011696,517,2020-01-18 22:09:22,,1
0000012115,0000011697,485,2017-09-13 13:18:18,,1
0000012116,0000011698,221,2025-08-25 10:18:15,,1
0000012117,0000011699,221,2025-08-09 01:49:15,,1
0000012118,0000011700,461,2019-11-02 18:44:21,,1
0000012119,0000011701,453,2017-12-08 01:36:40,,1
0000012120,0000011702,822,2024-04-29 09:38:28,,1
0000012121,0000011703,822,2019-03-16 15:27:02,,1
0000012122,0000011704,192,2019-04-04 08:07:22,,1
0000012123,0000011705,192,2023-02-20 03:02:00,,1
0000012124,0000011706,192,2022-12-04 06:33:53,,1
0000012125,0000011707,192,2018-06-17 20:01:22,,1
0000012126,0000011708,192,2023-11-20 23:32:29,,1
0000012127,0000011709,898,2020-12-14 14:11:18,,1
0000012128,0000011710,216,2023-09-04 16:01:02,,1
0000012129,0000011711,216,2017-10-05 16:18:14,,1
0000012130,0000011712,216,2025-10-18 14:36:19,2025-10-21 10:19:28,0
0000012131,0000011712,90,2025-10-21 10:19:28,,1
0000012132,0000011713,151,2015-09-26 21:32:58,,1
0000012133,0000011714,151,2017-08-04 18:29:27,,1
0000012134,0000011715,151,2019-05-03 12:24:40,,1
0000012135,0000011716,645,2018-09-29 01:32:19,2018-09-30 06:36:33,0
0000012136,0000011716,122,2018-09-30 06:36:33,,1
0000012137,0000011717,645,2015-02-18 16:25:41,,1
0000012138,0000011718,645,2020-12-26 17:50:02,,1
0000012139,0000011719,645,2018-09-10 19:17:21,,1
0000012140,0000011720,645,2017-09-20 15:32:47,,1
0000012141,0000011721,645,2022-03-07 06:23:34,2022-03-09 16:36:10,0
0000012142,0000011721,310,2022-03-09 16:36:10,,1
0000012143,0000011722,645,2019-06-11 07:00:44,,1
0000012144,0000011723,645,2022-01-15 10:13:14,,1
0000012145,0000011724,135,2019-10-03 15:02:24,,1
0000012146,0000011725,328,2016-08-18 01:18:21,,1
0000012147,0000011726,328,2017-05-10 11:57:10,,1
0000012148,0000011727,685,2018-01-20 06:39:23,,1
0000012149,0000011728,494,2019-08-03 05:52:29,,1
0000012150,0000011729,889,2020-03-09 20:43:09,,1
0000012151,0000011730,981,2019-08-02 11:50:23,,1
0000012152,0000011731,670,2017-04-20 01:54:01,,1
0000012153,0000011732,670,2018-10-11 12:43:42,,1
0000012154,0000011733,248,2025-08-29 23:11:10,,1
0000012155,0000011734,670,2016-02-03 05:48:13,,1
0000012156,0000011735,248,2023-09-25 23:18:41,,1
0000012157,0000011736,363,2024-02-17 08:50:29,,1
0000012158,0000011737,363,2021-04-27 00:53:27,,1
0000012159,0000011738,363,2018-07-09 16:05:41,,1
0000012160,0000011739,363,2018-11-05 19:30:32,,1
0000012161,0000011740,363,2021-05-09 11:51:32,,1
0000012162,0000011741,80,2017-12-13 08:13:12,,1
0000012163,0000011742,715,2018-05-10 20:46:53,,1
0000012164,0000011743,363,2019-06-07 02:38:53,,1
0000012165,0000011744,175,2023-01-20 20:35:05,,1
0000012166,0000011745,406,2016-03-06 00:33:15,,1
0000012167,0000011746,406,2018-06-01 06:06:22,2018-06-01 13:38:09,0
0000012168,0000011746,24,2018-06-01 13:38:09,,1
0000012169,0000011747,406,2018-03-16 08:51:35,,1
0000012170,0000011748,406,2016-11-13 17:04:03,,1
0000012171,0000011749,406,2018-05-03 22:23:14,,1
0000012172,0000011750,213,2020-03-13 05:00:22,,1
0000012173,0000011751,762,2018-11-09 09:56:31,,1
0000012174,0000011752,762,2015-08-14 18:45:27,,1
0000012175,0000011753,762,2016-11-29 03:47:12,,1
0000012176,0000011754,762,2015-08-17 19:11:29,,1
0000012177,0000011755,762,2015-05-03 18:51:44,,1
0000012178,0000011756,354,2017-03-21 03:51:41,,1
0000012179,0000011757,762,2018-08-05 08:11:47,2018-08-07 10:05:20,0
0000012180,0000011757,818,2018-08-07 10:05:20,,1
0000012181,0000011758,280,2026-02-14 22:35:31,,1
0000012182,0000011759,47,2017-07-08 07:56:29,,1
0000012183,0000011760,59,2022-06-02 23:02:14,,1
0000012184,0000011761,59,2025-06-12 18:01:42,,1
0000012185,0000011762,59,2021-11-05 18:32:12,,1
0000012186,0000011763,80,2023-06-12 03:09:06,,1
0000012187,0000011764,197,2020-12-07 12:49:34,,1
0000012188,0000011765,17,2024-03-23 01:15:04,,1
0000012189,0000011766,17,2025-02-17 18:59:31,,1
0000012190,0000011767,17,2023-04-04 17:30:09,,1
0000012191,0000011768,17,2017-04-16 22:24:20,2017-04-17 03:47:30,0
0000012192,0000011768,973,2017-04-17 03:47:30,,1
0000012193,0000011769,17,2020-05-28 15:06:25,,1
0000012194,0000011770,17,2021-06-05 18:39:04,,1
0000012195,0000011771,17,2023-04-11 21:33:57,,1
0000012196,0000011772,17,2016-09-01 03:35:24,,1
0000012197,0000011773,568,2021-11-06 12:21:33,2021-11-08 02:29:22,0
0000012198,0000011773,668,2021-11-08 02:29:22,,1
0000012199,0000011774,825,2022-03-29 01:19:51,,1
0000012200,0000011775,825,2016-12-18 15:39:46,,1
0000012201,0000011776,825,2017-02-15 02:20:38,,1
0000012202,0000011777,673,2015-09-22 13:20:32,2015-09-22 13:27:56,0
0000012203,0000011777,336,2015-09-22 13:27:56,,1
0000012204,0000011778,402,2017-11-22 04:38:41,,1
0000012205,0000011779,845,2017-05-05 20:43:24,,1
0000012206,0000011780,701,2019-12-16 00:51:22,,1
0000012207,0000011781,701,2017-01-11 08:16:58,,1
0000012208,0000011782,701,2019-09-06 18:32:36,,1
0000012209,0000011783,701,2019-10-02 10:30:13,,1
0000012210,0000011784,594,2020-06-23 14:13:58,,1
0000012211,0000011785,336,2022-11-12 12:57:34,,1
0000012212,0000011786,336,2022-11-11 10:48:20,,1
0000012213,0000011787,336,2019-09-26 16:29:39,,1
0000012214,0000011788,985,2016-09-13 14:26:23,,1
0000012215,0000011789,985,2016-12-13 12:44:56,,1
0000012216,0000011790,985,2017-01-14 03:49:23,2017-01-18 03:58:58,0
0000012217,0000011790,367,2017-01-18 03:58:58,,1
0000012218,0000011791,985,2017-04-17 06:50:45,,1
0000012219,0000011792,985,2017-09-08 05:37:59,,1
0000012220,0000011793,985,2017-05-26 06:24:58,,1
0000012221,0000011794,985,2015-10-07 01:02:59,,1
0000012222,0000011795,985,2016-09-19 08:01:34,,1
0000012223,0000011796,747,2018-07-01 23:09:29,,1
0000012224,0000011797,852,2022-03-21 20:38:31,,1
0000012225,0000011798,279,2025-08-03 21:48:19,,1
0000012226,0000011799,174,2022-03-12 19:42:30,,1
0000012227,0000011800,174,2023-08-28 07:35:09,,1
0000012228,0000011801,174,2019-02-20 02:52:22,,1
0000012229,0000011802,279,2026-03-23 23:51:09,,1
0000012230,0000011803,174,2023-05-09 23:05:22,,1
0000012231,0000011804,916,2020-12-22 12:22:33,,1
0000012232,0000011805,533,2024-04-27 13:54:53,,1
0000012233,0000011806,14,2022-01-08 08:07:12,,1
0000012234,0000011807,533,2024-01-06 04:42:06,,1
0000012235,0000011808,533,2024-11-04 17:27:03,,1
0000012236,0000011809,533,2019-12-30 00:48:19,,1
0000012237,0000011810,533,2023-02-21 07:10:51,,1
0000012238,0000011811,533,2019-12-29 06:19:17,,1
0000012239,0000011812,533,2025-06-15 04:34:46,,1
0000012240,0000011813,49,2020-07-29 01:44:17,,1
0000012241,0000011814,611,2023-10-12 21:43:04,,1
0000012242,0000011815,49,2018-11-18 18:09:23,,1
0000012243,0000011816,49,2021-02-14 18:05:23,,1
0000012244,0000011817,49,2024-02-14 23:26:40,,1
0000012245,0000011818,521,2024-10-04 10:15:36,,1
0000012246,0000011819,661,2016-05-23 08:34:34,,1
0000012247,0000011820,661,2019-12-01 17:32:34,,1
0000012248,0000011821,661,2018-04-18 08:29:40,,1
0000012249,0000011822,661,2024-04-01 17:47:27,,1
0000012250,0000011823,565,2017-09-28 16:43:18,,1
0000012251,0000011824,565,2018-08-27 02:14:56,,1
0000012252,0000011825,32,2023-07-19 08:55:10,,1
0000012253,0000011826,465,2018-11-07 09:32:41,,1
0000012254,0000011827,666,2015-07-16 04:18:11,,1
0000012255,0000011828,102,2015-11-05 07:12:41,,1
0000012256,0000011829,373,2017-09-23 20:29:39,,1
0000012257,0000011830,172,2017-07-04 13:31:38,2017-07-09 01:19:23,0
0000012258,0000011830,247,2017-07-09 01:19:23,,1
0000012259,0000011831,172,2022-02-05 00:46:50,,1
0000012260,0000011832,172,2022-07-25 16:21:47,,1
0000012261,0000011833,854,2021-10-11 12:58:02,,1
0000012262,0000011834,854,2023-03-09 02:13:47,,1
0000012263,0000011835,192,2015-12-18 17:52:35,,1
0000012264,0000011836,854,2021-04-28 19:34:33,,1
0000012265,0000011837,854,2021-05-09 23:50:53,,1
0000012266,0000011838,371,2023-02-27 22:57:04,,1
0000012267,0000011839,590,2025-03-28 22:53:58,,1
0000012268,0000011840,655,2019-11-06 02:11:32,,1
0000012269,0000011841,655,2021-06-01 11:52:14,,1
0000012270,0000011842,655,2021-08-14 05:41:13,,1
0000012271,0000011843,655,2024-03-22 01:48:35,,1
0000012272,0000011844,596,2019-06-01 08:12:51,,1
0000012273,0000011845,770,2025-09-04 12:31:39,,1
0000012274,0000011846,655,2021-10-14 20:25:22,,1
0000012275,0000011847,655,2022-06-11 18:16:20,,1
0000012276,0000011848,446,2017-05-16 20:42:09,,1
0000012277,0000011849,31,2020-04-30 05:38:55,,1
0000012278,0000011850,696,2021-04-29 11:48:49,,1
0000012279,0000011851,137,2018-08-03 00:20:22,,1
0000012280,0000011852,137,2017-11-11 00:55:37,,1
0000012281,0000011853,137,2019-07-21 08:13:36,,1
0000012282,0000011854,137,2025-04-09 17:00:39,,1
0000012283,0000011855,137,2015-03-03 05:11:01,,1
0000012284,0000011856,137,2019-05-28 05:47:04,,1
0000012285,0000011857,84,2024-08-13 20:17:18,,1
0000012286,0000011858,751,2024-07-10 20:45:29,,1
0000012287,0000011859,166,2025-08-23 13:16:23,,1
0000012288,0000011860,858,2023-01-17 05:11:55,,1
0000012289,0000011861,698,2019-04-22 12:56:10,,1
0000012290,0000011862,698,2019-08-26 20:11:31,,1
0000012291,0000011863,698,2022-05-02 10:12:52,,1
0000012292,0000011864,698,2018-11-11 13:31:18,,1
0000012293,0000011865,13,2026-01-08 20:48:55,,1
0000012294,0000011866,698,2019-04-22 20:04:58,,1
0000012295,0000011867,13,2026-03-12 23:08:54,,1
0000012296,0000011868,99,2021-10-09 12:45:13,,1
0000012297,0000011869,700,2017-10-07 02:30:30,,1
0000012298,0000011870,168,2022-05-19 20:06:40,,1
0000012299,0000011871,853,2020-07-24 13:24:43,,1
0000012300,0000011872,168,2026-06-24 15:53:54,,1
0000012301,0000011873,168,2026-06-08 20:30:32,,1
0000012302,0000011874,168,2024-03-31 05:46:00,,1
0000012303,0000011875,44,2019-06-23 10:55:38,,1
0000012304,0000011876,168,2022-06-03 20:49:12,,1
0000012305,0000011877,168,2023-07-16 13:34:29,,1
0000012306,0000011878,168,2022-12-18 20:34:03,,1
0000012307,0000011879,100,2021-08-16 08:07:07,,1
0000012308,0000011880,44,2019-02-22 05:39:23,,1
0000012309,0000011881,168,2023-09-19 15:58:12,,1
0000012310,0000011882,113,2023-09-26 15:14:07,,1
0000012311,0000011883,170,2024-04-08 15:26:32,,1
0000012312,0000011884,768,2026-01-05 19:46:05,,1
0000012313,0000011885,438,2023-12-12 00:21:23,,1
0000012314,0000011886,773,2026-06-21 16:12:29,,1
0000012315,0000011887,175,2022-05-24 15:55:43,,1
0000012316,0000011888,175,2016-10-29 12:18:11,,1
0000012317,0000011889,740,2019-11-11 19:35:37,,1
0000012318,0000011890,143,2022-06-18 11:12:49,,1
0000012319,0000011891,175,2025-12-14 20:24:19,,1
0000012320,0000011892,175,2023-11-11 10:49:43,,1
0000012321,0000011893,175,2016-05-24 07:01:46,,1
0000012322,0000011894,175,2024-11-22 18:00:59,,1
0000012323,0000011895,786,2021-05-02 08:28:56,,1
0000012324,0000011896,288,2021-04-21 21:33:17,,1
0000012325,0000011897,288,2020-06-29 19:54:05,,1
0000012326,0000011898,535,2017-03-23 06:01:07,,1
0000012327,0000011899,288,2021-07-06 19:22:25,,1
0000012328,0000011900,288,2017-12-20 21:06:46,,1
0000012329,0000011901,541,2019-09-04 06:06:40,,1
0000012330,0000011902,952,2025-12-01 00:13:52,,1
0000012331,0000011903,423,2023-11-01 10:07:00,2023-11-04 01:49:56,0
0000012332,0000011903,572,2023-11-04 01:49:56,,1
0000012333,0000011904,423,2022-01-04 23:11:03,,1
0000012334,0000011905,625,2023-12-16 17:34:14,,1
0000012335,0000011906,463,2020-03-02 12:12:56,,1
0000012336,0000011907,463,2018-12-12 10:22:07,,1
0000012337,0000011908,667,2022-03-15 15:55:41,,1
0000012338,0000011909,667,2019-01-23 03:48:52,,1
0000012339,0000011910,667,2021-01-22 01:07:53,,1
0000012340,0000011911,736,2020-08-14 17:24:28,,1
0000012341,0000011912,242,2019-10-07 05:42:38,,1
0000012342,0000011913,262,2026-06-01 01:43:44,,1
0000012343,0000011914,262,2019-02-09 02:26:56,,1
0000012344,0000011915,262,2022-08-03 03:03:29,,1
0000012345,0000011916,43,2019-12-20 18:08:42,,1
0000012346,0000011917,162,2024-11-09 13:23:58,,1
0000012347,0000011918,43,2020-07-12 02:53:45,,1
0000012348,0000011919,43,2025-01-25 02:38:26,,1
0000012349,0000011920,962,2021-10-23 04:03:09,,1
0000012350,0000011921,80,2022-10-18 04:20:13,,1
0000012351,0000011922,80,2022-08-23 07:08:40,,1
0000012352,0000011923,80,2024-01-31 16:47:02,,1
0000012353,0000011924,361,2024-06-14 02:14:42,,1
0000012354,0000011925,361,2017-02-09 16:11:28,,1
0000012355,0000011926,916,2026-05-06 01:03:50,,1
0000012356,0000011927,916,2022-03-27 07:45:25,,1
0000012357,0000011928,916,2024-08-11 04:14:17,,1
0000012358,0000011929,916,2017-10-08 05:44:36,,1
0000012359,0000011930,916,2021-05-05 17:27:30,,1
0000012360,0000011931,650,2018-12-03 12:48:29,,1
0000012361,0000011932,512,2019-06-30 17:16:22,,1
0000012362,0000011933,512,2019-03-10 13:16:29,,1
0000012363,0000011934,512,2022-09-24 16:19:27,,1
0000012364,0000011935,512,2022-09-22 09:24:14,,1
0000012365,0000011936,512,2018-04-23 01:53:37,,1
0000012366,0000011937,275,2021-06-02 23:20:20,,1
0000012367,0000011938,896,2021-03-30 05:32:03,,1
0000012368,0000011939,340,2018-10-11 08:19:43,,1
0000012369,0000011940,906,2020-07-09 07:20:51,,1
0000012370,0000011941,721,2015-12-15 22:15:08,,1
0000012371,0000011942,603,2020-09-02 06:05:58,,1
0000012372,0000011943,603,2021-12-10 09:50:43,,1
0000012373,0000011944,603,2023-05-20 08:44:23,,1
0000012374,0000011945,644,2017-11-19 07:20:21,,1
0000012375,0000011946,571,2023-01-31 09:45:18,,1
0000012376,0000011947,571,2023-11-10 18:49:09,,1
0000012377,0000011948,571,2026-02-24 10:42:59,,1
0000012378,0000011949,888,2021-05-16 01:43:52,,1
0000012379,0000011950,58,2023-08-07 06:27:50,,1
0000012380,0000011951,162,2017-03-20 15:08:01,,1
0000012381,0000011952,107,2024-09-27 04:14:49,,1
0000012382,0000011953,873,2024-06-05 18:16:03,,1
0000012383,0000011954,162,2020-09-21 20:33:12,,1
0000012384,0000011955,107,2026-07-24 07:25:57,,1
0000012385,0000011956,107,2026-04-05 14:56:58,,1
0000012386,0000011957,58,2021-09-16 08:41:15,,1
0000012387,0000011958,262,2019-02-11 02:29:25,,1
0000012388,0000011959,262,2019-09-03 01:48:41,,1
0000012389,0000011960,909,2022-03-04 13:57:31,,1
0000012390,0000011961,909,2024-09-03 22:22:50,2024-09-05 22:19:10,0
0000012391,0000011961,979,2024-09-05 22:19:10,,1
0000012392,0000011962,291,2022-10-28 10:44:44,,1
0000012393,0000011963,291,2020-12-05 08:41:47,,1
0000012394,0000011964,272,2024-01-06 03:58:41,,1
0000012395,0000011965,272,2021-04-14 00:52:39,,1
0000012396,0000011966,657,2022-08-28 02:55:08,,1
0000012397,0000011967,549,2018-02-01 09:44:13,,1
0000012398,0000011968,350,2019-08-17 05:23:39,,1
0000012399,0000011969,77,2016-09-29 20:08:23,,1
0000012400,0000011970,77,2017-05-01 00:12:21,,1
0000012401,0000011971,77,2019-11-19 22:02:36,,1
0000012402,0000011972,77,2016-11-25 07:55:52,,1
0000012403,0000011973,77,2018-09-20 18:18:15,,1
0000012404,0000011974,166,2024-12-24 15:13:26,,1
0000012405,0000011975,77,2022-07-23 15:27:09,,1
0000012406,0000011976,77,2022-09-16 03:14:13,,1
0000012407,0000011977,77,2019-07-27 21:06:54,,1
0000012408,0000011978,166,2026-09-26 07:04:03,,1
0000012409,0000011979,77,2018-05-19 19:03:28,,1
0000012410,0000011980,178,2026-09-29 01:49:47,,1
0000012411,0000011981,658,2019-05-01 03:18:05,,1
0000012412,0000011982,701,2020-04-14 08:47:54,,1
0000012413,0000011983,268,2019-05-18 12:45:46,,1
0000012414,0000011984,268,2019-07-02 19:04:07,,1
0000012415,0000011985,268,2024-04-27 10:06:46,,1
0000012416,0000011986,311,2022-01-08 17:14:18,,1
0000012417,0000011987,905,2018-05-27 23:08:57,,1
0000012418,0000011988,905,2024-01-14 00:56:37,,1
0000012419,0000011989,333,2026-06-25 23:24:02,2026-06-26 04:13:52,0
0000012420,0000011989,518,2026-06-26 04:13:52,,1
0000012421,0000011990,282,2019-09-25 13:53:33,,1
0000012422,0000011991,393,2022-11-27 13:52:27,,1
0000012423,0000011992,333,2023-08-17 15:09:45,,1
0000012424,0000011993,508,2025-03-08 16:30:58,,1
0000012425,0000011994,316,2017-11-25 07:59:36,,1
0000012426,0000011995,316,2020-01-10 06:25:58,,1
0000012427,0000011996,316,2025-01-02 07:46:07,,1
0000012428,0000011997,682,2018-07-17 08:43:35,,1
0000012429,0000011998,387,2021-10-08 12:28:44,,1
0000012430,0000011999,717,2023-08-09 05:22:56,,1
0000012431,0000012000,856,2024-02-29 12:35:17,,1
0000012432,0000012001,717,2023-12-26 10:55:05,2023-12-27 08:04:40,0
0000012433,0000012001,569,2023-12-27 08:04:40,,1
0000012434,0000012002,117,2020-01-03 23:43:05,,1
0000012435,0000012003,979,2021-06-07 10:01:51,,1
0000012436,0000012004,105,2020-08-26 03:38:04,,1
0000012437,0000012005,923,2026-07-21 17:10:23,,1
0000012438,0000012006,923,2024-10-19 11:16:13,,1
0000012439,0000012007,873,2025-04-28 03:12:49,,1
0000012440,0000012008,397,2018-07-19 21:53:04,,1
0000012441,0000012009,807,2025-12-03 21:22:01,,1
0000012442,0000012010,923,2024-09-14 04:49:58,2024-09-14 05:02:37,0
0000012443,0000012010,810,2024-09-14 05:02:37,,1
0000012444,0000012011,105,2021-06-11 09:37:12,,1
0000012445,0000012012,2,2025-09-08 00:38:56,,1
0000012446,0000012013,2,2024-09-30 23:24:32,,1
0000012447,0000012014,2,2025-12-03 10:23:54,,1
0000012448,0000012015,572,2022-05-24 00:41:19,,1
0000012449,0000012016,572,2021-04-19 16:07:26,,1
0000012450,0000012017,910,2021-12-01 05:26:46,,1
0000012451,0000012018,82,2025-03-25 09:38:22,,1
0000012452,0000012019,82,2024-09-17 17:55:23,,1
0000012453,0000012020,401,2020-11-02 07:17:27,,1
0000012454,0000012021,82,2026-03-18 08:00:14,,1
0000012455,0000012022,232,2021-07-09 03:57:21,,1
0000012456,0000012023,401,2019-04-18 22:46:22,,1
0000012457,0000012024,401,2019-07-14 01:47:21,,1
0000012458,0000012025,782,2025-02-18 20:40:29,,1
0000012459,0000012026,70,2017-11-17 21:47:13,,1
0000012460,0000012027,252,2021-12-31 00:10:23,,1
0000012461,0000012028,723,2017-07-22 04:34:19,,1
0000012462,0000012029,723,2020-08-11 04:19:57,,1
0000012463,0000012030,999,2019-10-14 01:16:05,,1
0000012464,0000012031,999,2020-08-03 21:35:16,,1
0000012465,0000012032,999,2019-03-24 19:54:33,,1
0000012466,0000012033,236,2018-03-05 18:34:33,,1
0000012467,0000012034,236,2017-03-12 07:19:53,,1
0000012468,0000012035,30,2024-01-05 21:17:27,,1
0000012469,0000012036,236,2019-01-17 18:47:38,,1
0000012470,0000012037,236,2019-09-20 05:50:46,,1
0000012471,0000012038,349,2024-07-30 20:57:52,,1
0000012472,0000012039,236,2020-05-16 19:50:38,,1
0000012473,0000012040,236,2020-04-12 13:19:08,,1
0000012474,0000012041,738,2017-03-24 00:54:37,,1
0000012475,0000012042,553,2023-09-15 08:28:45,,1
0000012476,0000012043,5,2017-06-23 23:36:12,,1
0000012477,0000012044,5,2017-09-10 20:57:37,,1
0000012478,0000012045,791,2024-11-17 20:58:14,,1
0000012479,0000012046,5,2019-02-03 09:58:19,,1
0000012480,0000012047,828,2022-05-24 08:27:12,,1
0000012481,0000012048,997,2016-12-22 10:34:40,,1
0000012482,0000012049,627,2015-08-07 19:06:00,,1
0000012483,0000012050,91,2020-09-17 06:31:50,,1
0000012484,0000012051,91,2020-03-23 08:02:46,2020-03-24 02:19:14,0
0000012485,0000012051,843,2020-03-24 02:19:14,,1
0000012486,0000012052,395,2021-05-24 14:21:05,,1
0000012487,0000012053,91,2019-06-25 23:28:09,,1
0000012488,0000012054,91,2020-02-16 17:34:24,,1
0000012489,0000012055,540,2022-12-25 12:49:53,2022-12-26 16:04:17,0
0000012490,0000012055,972,2022-12-26 16:04:17,,1
0000012491,0000012056,301,2018-04-08 12:12:32,,1
0000012492,0000012057,301,2019-12-09 16:35:55,,1
0000012493,0000012058,301,2018-09-05 11:38:47,,1
0000012494,0000012059,251,2017-01-28 02:30:40,,1
0000012495,0000012060,251,2017-01-24 00:13:31,,1
0000012496,0000012061,203,2026-09-04 08:01:54,,1
0000012497,0000012062,879,2025-06-12 10:31:33,,1
0000012498,0000012063,966,2018-04-27 03:14:33,,1
0000012499,0000012064,966,2023-03-07 09:10:42,,1
0000012500,0000012065,966,2023-11-04 23:40:00,2023-11-05 19:13:52,0
0000012501,0000012065,753,2023-11-05 19:13:52,,1
0000012502,0000012066,676,2019-12-20 05:42:41,,1
0000012503,0000012067,676,2025-02-22 06:38:34,,1
0000012504,0000012068,676,2023-09-04 12:23:00,,1
0000012505,0000012069,676,2017-11-24 00:44:39,,1
0000012506,0000012070,676,2022-08-02 13:13:33,,1
0000012507,0000012071,281,2023-09-27 15:02:30,,1
0000012508,0000012072,281,2017-08-03 20:22:59,,1
0000012509,0000012073,281,2016-05-11 03:18:45,,1
0000012510,0000012074,261,2018-03-31 22:00:40,,1
0000012511,0000012075,61,2019-02-04 01:39:46,,1
0000012512,0000012076,61,2020-02-09 03:43:04,,1
0000012513,0000012077,61,2018-12-04 08:07:12,,1
0000012514,0000012078,61,2018-08-06 12:21:33,,1
0000012515,0000012079,61,2017-07-22 19:01:59,,1
0000012516,0000012080,61,2019-05-31 03:16:37,2019-05-31 18:40:30,0
0000012517,0000012080,333,2019-05-31 18:40:30,,1
0000012518,0000012081,61,2019-09-16 13:02:13,,1
0000012519,0000012082,61,2018-07-14 05:14:46,,1
0000012520,0000012083,482,2024-12-16 07:58:24,,1
0000012521,0000012084,482,2023-10-15 06:47:21,,1
0000012522,0000012085,328,2021-10-07 01:01:38,,1
0000012523,0000012086,421,2017-08-02 02:18:40,,1
0000012524,0000012087,60,2017-11-13 13:05:32,,1
0000012525,0000012088,723,2019-01-23 11:14:37,,1
0000012526,0000012089,723,2020-04-10 00:41:03,,1
0000012527,0000012090,71,2020-12-16 02:21:22,,1
0000012528,0000012091,184,2017-10-08 20:18:32,,1
0000012529,0000012092,667,2023-09-22 05:59:05,,1
0000012530,0000012093,392,2025-08-10 23:15:28,,1
0000012531,0000012094,348,2025-04-18 11:19:59,,1
0000012532,0000012095,184,2020-05-04 02:46:35,,1
0000012533,0000012096,184,2018-08-26 05:28:27,,1
0000012534,0000012097,184,2017-09-23 12:30:45,,1
0000012535,0000012098,184,2021-05-24 14:07:49,,1
0000012536,0000012099,206,2015-04-28 20:04:44,,1
0000012537,0000012100,855,2015-04-24 12:42:07,,1
0000012538,0000012101,105,2016-04-22 19:53:23,,1
0000012539,0000012102,105,2015-07-17 15:06:33,,1
0000012540,0000012103,105,2016-03-12 21:20:56,,1
0000012541,0000012104,247,2023-09-25 00:02:26,,1
0000012542,0000012105,339,2017-05-02 08:20:17,,1
0000012543,0000012106,339,2017-01-26 13:13:08,,1
0000012544,0000012107,860,2017-08-01 20:38:27,,1
0000012545,0000012108,339,2017-03-02 12:53:53,,1
0000012546,0000012109,339,2017-08-09 18:27:09,,1
0000012547,0000012110,367,2022-03-13 15:51:39,,1
0000012548,0000012111,367,2019-02-08 13:08:04,,1
0000012549,0000012112,367,2023-07-02 18:21:39,,1
0000012550,0000012113,367,2020-11-29 22:23:42,,1
0000012551,0000012114,90,2024-07-21 02:52:05,,1
0000012552,0000012115,640,2023-10-04 06:00:29,,1
0000012553,0000012116,640,2023-12-01 15:16:33,,1
0000012554,0000012117,708,2025-02-20 04:09:06,,1
0000012555,0000012118,708,2017-12-20 06:30:50,,1
0000012556,0000012119,708,2020-10-14 01:00:23,,1
0000012557,0000012120,374,2019-02-09 18:25:20,,1
0000012558,0000012121,374,2026-01-13 10:56:35,,1
0000012559,0000012122,558,2022-04-28 16:29:02,,1
0000012560,0000012123,360,2021-06-16 21:35:49,,1
0000012561,0000012124,374,2022-11-07 03:57:55,,1
0000012562,0000012125,395,2017-04-17 04:59:03,,1
0000012563,0000012126,395,2018-09-28 19:08:43,,1
0000012564,0000012127,135,2017-11-18 13:48:54,,1
0000012565,0000012128,140,2019-12-29 20:24:40,,1
0000012566,0000012129,140,2015-12-18 23:36:58,,1
0000012567,0000012130,140,2016-04-08 00:44:56,,1
0000012568,0000012131,262,2020-02-24 09:15:54,,1
0000012569,0000012132,140,2019-07-30 21:37:59,,1
0000012570,0000012133,448,2019-08-11 23:52:46,,1
0000012571,0000012134,448,2018-06-27 06:54:31,2018-06-30 11:12:40,0
0000012572,0000012134,304,2018-06-30 11:12:40,,1
0000012573,0000012135,448,2022-01-27 12:23:45,,1
0000012574,0000012136,448,2021-01-28 01:02:21,,1
0000012575,0000012137,448,2020-02-07 19:17:42,,1
0000012576,0000012138,465,2025-04-17 09:45:36,,1
0000012577,0000012139,635,2021-02-26 12:04:53,,1
0000012578,0000012140,544,2025-04-14 20:45:43,,1
0000012579,0000012141,271,2019-07-06 06:25:32,,1
0000012580,0000012142,367,2021-08-15 08:39:37,,1
0000012581,0000012143,367,2015-10-29 18:27:35,,1
0000012582,0000012144,857,2019-07-11 12:18:53,,1
0000012583,0000012145,857,2022-12-06 07:20:17,,1
0000012584,0000012146,857,2021-05-10 04:28:51,,1
0000012585,0000012147,857,2016-10-27 23:52:12,,1
0000012586,0000012148,857,2015-02-17 03:10:50,,1
0000012587,0000012149,857,2018-08-14 15:42:30,,1
0000012588,0000012150,857,2022-06-02 08:35:34,,1
0000012589,0000012151,857,2016-11-27 16:58:29,2016-12-01 23:39:11,0
0000012590,0000012151,878,2016-12-01 23:39:11,,1
0000012591,0000012152,375,2023-07-10 00:27:17,,1
0000012592,0000012153,375,2024-10-16 20:20:31,,1
0000012593,0000012154,552,2020-05-30 00:09:39,,1
0000012594,0000012155,156,2024-07-21 10:30:39,,1
0000012595,0000012156,552,2019-06-13 07:49:22,2019-06-14 03:07:04,0
0000012596,0000012156,783,2019-06-14 03:07:04,,1
0000012597,0000012157,46,2026-08-11 12:44:15,,1
0000012598,0000012158,976,2022-11-11 06:47:42,,1
0000012599,0000012159,926,2025-04-05 08:19:15,,1
0000012600,0000012160,976,2022-02-09 00:04:17,,1
0000012601,0000012161,976,2021-11-09 05:13:57,,1
0000012602,0000012162,922,2019-09-13 03:53:52,,1
0000012603,0000012163,922,2019-03-15 15:57:59,,1
0000012604,0000012164,887,2021-02-28 10:23:53,,1
0000012605,0000012165,601,2023-07-23 01:12:21,,1
0000012606,0000012166,296,2019-11-15 07:29:34,,1
0000012607,0000012167,680,2022-02-26 14:37:35,2022-02-27 13:23:44,0
0000012608,0000012167,360,2022-02-27 13:23:44,,1
0000012609,0000012168,680,2019-09-08 09:13:42,,1
0000012610,0000012169,764,2019-05-22 23:59:58,,1
0000012611,0000012170,534,2017-12-25 06:22:51,,1
0000012612,0000012171,534,2022-05-05 20:08:32,,1
0000012613,0000012172,534,2021-07-29 17:51:16,2021-07-31 08:08:28,0
0000012614,0000012172,949,2021-07-31 08:08:28,,1
0000012615,0000012173,534,2019-03-02 04:55:49,,1
0000012616,0000012174,534,2022-08-21 02:59:11,,1
0000012617,0000012175,534,2025-05-02 11:35:19,,1
0000012618,0000012176,534,2016-02-19 23:12:34,,1
0000012619,0000012177,534,2023-02-16 07:41:08,,1
0000012620,0000012178,534,2018-12-09 20:01:04,,1
0000012621,0000012179,534,2020-01-23 01:43:45,,1
0000012622,0000012180,490,2015-05-10 17:27:04,,1
0000012623,0000012181,534,2018-08-28 09:37:16,,1
0000012624,0000012182,710,2019-04-05 18:14:07,,1
0000012625,0000012183,513,2018-05-05 20:49:18,,1
0000012626,0000012184,913,2020-09-24 23:09:01,,1
0000012627,0000012185,913,2024-10-23 20:49:19,2024-10-25 14:35:14,0
0000012628,0000012185,353,2024-10-25 14:35:14,,1
0000012629,0000012186,418,2016-06-29 11:38:08,,1
0000012630,0000012187,328,2024-04-20 10:13:27,,1
0000012631,0000012188,602,2019-06-18 06:45:03,,1
0000012632,0000012189,602,2018-03-24 20:21:12,,1
0000012633,0000012190,954,2022-04-16 02:40:52,2022-04-18 16:20:47,0
0000012634,0000012190,230,2022-04-18 16:20:47,,1
0000012635,0000012191,954,2021-06-25 18:37:38,,1
0000012636,0000012192,954,2019-01-23 23:39:03,2019-01-28 17:54:54,0
0000012637,0000012192,118,2019-01-28 17:54:54,,1
0000012638,0000012193,462,2018-11-29 22:34:23,,1
0000012639,0000012194,462,2020-07-01 00:12:28,,1
0000012640,0000012195,507,2025-06-29 07:43:04,,1
0000012641,0000012196,5,2019-02-05 11:57:58,,1
0000012642,0000012197,5,2017-06-08 05:26:37,,1
0000012643,0000012198,5,2021-01-10 23:49:47,,1
0000012644,0000012199,701,2024-10-14 14:41:06,,1
0000012645,0000012200,5,2022-12-10 21:04:11,,1
0000012646,0000012201,5,2019-07-08 06:56:52,2019-07-10 17:51:02,0
0000012647,0000012201,128,2019-07-10 17:51:02,,1
0000012648,0000012202,5,2017-09-03 02:24:32,,1
0000012649,0000012203,5,2022-09-24 05:30:26,,1
0000012650,0000012204,601,2024-11-14 17:51:23,,1
0000012651,0000012205,478,2015-05-21 09:43:52,,1
0000012652,0000012206,478,2015-07-23 09:06:23,,1
0000012653,0000012207,13,2018-03-01 08:21:08,,1
0000012654,0000012208,13,2017-02-27 08:36:05,,1
0000012655,0000012209,13,2017-12-15 22:45:12,,1
0000012656,0000012210,466,2021-11-11 14:14:15,,1
0000012657,0000012211,401,2025-12-10 20:00:36,,1
0000012658,0000012212,401,2025-08-28 08:18:46,,1
0000012659,0000012213,2,2017-06-23 22:00:28,,1
0000012660,0000012214,481,2018-11-22 16:18:10,,1
0000012661,0000012215,786,2021-11-08 13:10:48,,1
0000012662,0000012216,989,2022-04-02 11:33:15,,1
0000012663,0000012217,989,2025-04-14 08:09:24,,1
0000012664,0000012218,989,2022-06-21 23:26:11,,1
0000012665,0000012219,941,2018-10-16 00:00:16,,1
0000012666,0000012220,941,2016-11-20 18:53:30,,1
0000012667,0000012221,815,2018-10-29 23:54:02,,1
0000012668,0000012222,379,2020-08-11 11:58:46,2020-08-13 05:16:31,0
0000012669,0000012222,280,2020-08-13 05:16:31,,1
0000012670,0000012223,425,2018-01-11 17:49:48,,1
0000012671,0000012224,701,2018-10-17 14:48:02,,1
0000012672,0000012225,701,2017-05-26 09:58:41,,1
0000012673,0000012226,701,2019-04-21 23:18:09,,1
0000012674,0000012227,741,2023-10-31 13:46:52,,1
0000012675,0000012228,487,2024-03-22 11:23:05,,1
0000012676,0000012229,728,2024-04-05 19:50:52,,1
0000012677,0000012230,95,2020-04-11 07:00:23,,1
0000012678,0000012231,291,2017-10-24 14:33:42,,1
0000012679,0000012232,127,2024-09-17 06:03:46,,1
0000012680,0000012233,518,2025-08-16 18:03:37,,1
0000012681,0000012234,518,2026-05-23 16:12:09,,1
0000012682,0000012235,672,2015-11-21 03:11:12,,1
0000012683,0000012236,452,2017-05-09 16:59:09,,1
0000012684,0000012237,336,2026-08-07 21:30:32,,1
0000012685,0000012238,672,2019-11-05 13:44:48,,1
0000012686,0000012239,672,2023-09-20 13:22:45,,1
0000012687,0000012240,798,2017-01-03 20:55:56,,1
0000012688,0000012241,349,2025-09-10 03:44:53,,1
0000012689,0000012242,349,2026-01-12 15:47:19,,1
0000012690,0000012243,349,2019-08-26 14:44:04,,1
0000012691,0000012244,345,2017-09-04 20:58:25,,1
0000012692,0000012245,349,2024-11-25 09:09:09,,1
0000012693,0000012246,609,2019-02-26 22:57:37,,1
0000012694,0000012247,609,2021-08-02 05:36:39,,1
0000012695,0000012248,844,2015-10-15 19:12:25,,1
0000012696,0000012249,521,2017-12-02 01:09:24,,1
0000012697,0000012250,193,2021-06-17 12:17:45,,1
0000012698,0000012251,193,2016-05-11 00:28:47,,1
0000012699,0000012252,193,2019-07-25 22:57:58,,1
0000012700,0000012253,193,2018-06-30 12:58:03,,1
0000012701,0000012254,193,2022-02-14 00:24:53,,1
0000012702,0000012255,193,2017-09-08 06:12:45,,1
0000012703,0000012256,576,2021-05-19 04:11:17,,1
0000012704,0000012257,576,2019-06-03 20:09:49,2019-06-06 21:49:57,0
0000012705,0000012257,251,2019-06-06 21:49:57,,1
0000012706,0000012258,936,2023-01-11 04:10:46,,1
0000012707,0000012259,43,2016-10-19 19:15:33,,1
0000012708,0000012260,162,2022-05-11 20:19:23,,1
0000012709,0000012261,162,2025-01-03 06:46:26,2025-01-07 03:00:02,0
0000012710,0000012261,328,2025-01-07 03:00:02,,1
0000012711,0000012262,162,2023-08-03 03:37:02,,1
0000012712,0000012263,1,2017-07-19 02:42:05,,1
0000012713,0000012264,353,2024-04-01 08:09:41,,1
0000012714,0000012265,462,2017-12-15 22:02:10,,1
0000012715,0000012266,35,2017-01-26 02:13:08,,1
0000012716,0000012267,35,2015-07-11 06:55:05,,1
0000012717,0000012268,284,2025-08-28 21:36:30,,1
0000012718,0000012269,35,2022-10-18 19:03:48,,1
0000012719,0000012270,191,2026-08-29 18:20:29,,1
0000012720,0000012271,761,2021-09-23 19:33:42,,1
0000012721,0000012272,60,2020-10-30 04:16:52,,1
0000012722,0000012273,90,2022-01-26 00:37:52,,1
0000012723,0000012274,50,2017-10-12 00:14:17,,1
0000012724,0000012275,42,2020-06-11 21:25:27,,1
0000012725,0000012276,42,2020-06-07 10:58:35,,1
0000012726,0000012277,462,2018-08-16 12:38:02,,1
0000012727,0000012278,552,2022-04-25 17:10:41,,1
0000012728,0000012279,462,2019-10-04 03:39:03,,1
0000012729,0000012280,163,2018-09-14 08:13:20,,1
0000012730,0000012281,462,2018-11-26 05:35:54,,1
0000012731,0000012282,402,2020-05-23 18:57:18,,1
0000012732,0000012283,772,2016-07-11 06:20:54,,1
0000012733,0000012284,544,2019-08-03 01:58:16,,1
0000012734,0000012285,326,2023-11-12 13:28:19,,1
0000012735,0000012286,636,2025-10-29 00:55:42,,1
0000012736,0000012287,544,2018-05-21 22:43:23,,1
0000012737,0000012288,326,2024-09-30 03:40:16,,1
0000012738,0000012289,955,2024-04-13 00:27:16,,1
0000012739,0000012290,955,2020-05-31 19:14:25,,1
0000012740,0000012291,955,2023-04-01 20:00:32,,1
0000012741,0000012292,913,2021-11-19 12:52:56,,1
0000012742,0000012293,955,2023-01-11 18:33:46,,1
0000012743,0000012294,955,2024-02-28 04:34:51,,1
0000012744,0000012295,955,2023-08-22 16:39:02,,1
0000012745,0000012296,955,2019-10-06 17:13:19,2019-10-10 01:44:24,0
0000012746,0000012296,113,2019-10-10 01:44:24,,1
0000012747,0000012297,955,2023-11-30 01:32:35,,1
0000012748,0000012298,955,2023-06-22 11:38:21,,1
0000012749,0000012299,955,2021-12-11 12:40:08,,1
0000012750,0000012300,955,2024-03-21 22:00:49,,1
0000012751,0000012301,89,2019-11-19 18:45:44,,1
0000012752,0000012302,89,2023-07-24 14:34:24,,1
0000012753,0000012303,89,2021-08-24 15:03:58,,1
0000012754,0000012304,592,2015-11-21 04:11:04,,1
0000012755,0000012305,429,2018-05-31 10:19:40,,1
0000012756,0000012306,664,2024-12-05 12:35:01,,1
0000012757,0000012307,664,2022-06-07 10:58:40,,1
0000012758,0000012308,664,2021-03-20 05:46:58,,1
0000012759,0000012309,771,2015-08-06 17:07:05,,1
0000012760,0000012310,116,2018-03-22 00:45:47,,1
0000012761,0000012311,334,2018-04-29 09:07:14,,1
0000012762,0000012312,572,2024-06-06 02:06:25,,1
0000012763,0000012313,350,2026-08-20 13:37:16,,1
0000012764,0000012314,412,2020-07-17 09:18:40,,1
0000012765,0000012315,350,2023-04-18 08:21:10,,1
0000012766,0000012316,896,2017-01-29 12:27:47,,1
0000012767,0000012317,896,2024-11-06 13:29:36,,1
0000012768,0000012318,824,2019-02-19 00:35:35,,1
0000012769,0000012319,449,2024-11-17 16:32:55,,1
0000012770,0000012320,621,2025-06-16 00:38:55,,1
0000012771,0000012321,696,2019-09-26 15:41:00,,1
0000012772,0000012322,904,2023-10-12 07:26:24,,1
0000012773,0000012323,449,2017-10-13 09:39:12,,1
0000012774,0000012324,449,2018-09-04 08:15:56,,1
0000012775,0000012325,449,2018-02-19 12:04:56,,1
0000012776,0000012326,449,2018-01-19 17:54:00,,1
0000012777,0000012327,449,2017-10-18 23:01:19,,1
0000012778,0000012328,180,2023-12-13 23:57:32,,1
0000012779,0000012329,180,2025-03-05 20:40:16,,1
0000012780,0000012330,971,2017-05-03 13:35:17,,1
0000012781,0000012331,971,2018-10-21 16:25:17,,1
0000012782,0000012332,32,2019-09-27 02:34:25,,1
0000012783,0000012333,182,2022-04-19 09:35:28,,1
0000012784,0000012334,971,2020-02-25 21:14:26,,1
0000012785,0000012335,807,2026-06-15 11:54:40,,1
0000012786,0000012336,807,2023-11-12 09:48:19,,1
0000012787,0000012337,807,2024-02-18 12:18:26,,1
0000012788,0000012338,807,2025-03-20 11:14:30,,1
0000012789,0000012339,807,2021-06-23 22:20:52,,1
0000012790,0000012340,807,2024-09-26 15:12:47,,1
0000012791,0000012341,837,2023-09-26 18:38:09,,1
0000012792,0000012342,807,2018-09-24 03:51:59,,1
0000012793,0000012343,95,2016-11-13 05:21:34,,1
0000012794,0000012344,439,2021-09-11 03:22:23,,1
0000012795,0000012345,887,2022-11-21 08:19:59,,1
0000012796,0000012346,769,2015-10-25 03:30:17,,1
0000012797,0000012347,445,2025-12-27 20:37:45,,1
0000012798,0000012348,445,2026-03-22 22:38:31,2026-03-23 12:12:49,0
0000012799,0000012348,142,2026-03-23 12:12:49,,1
0000012800,0000012349,119,2025-12-02 05:26:18,,1
0000012801,0000012350,445,2025-10-04 04:16:27,,1
0000012802,0000012351,132,2025-11-14 11:45:28,,1
0000012803,0000012352,445,2025-09-22 20:52:45,,1
0000012804,0000012353,445,2021-05-30 01:33:44,,1
0000012805,0000012354,240,2026-01-12 18:39:06,,1
0000012806,0000012355,439,2023-10-31 12:46:50,,1
0000012807,0000012356,976,2018-05-28 22:36:39,,1
0000012808,0000012357,66,2017-12-20 14:09:42,,1
0000012809,0000012358,79,2021-08-28 23:05:52,2021-09-03 00:49:08,0
0000012810,0000012358,452,2021-09-03 00:49:08,,1
0000012811,0000012359,733,2019-12-12 17:40:58,,1
0000012812,0000012360,833,2020-12-03 08:21:29,,1
0000012813,0000012361,976,2018-08-07 05:19:24,,1
0000012814,0000012362,976,2020-11-28 02:42:59,,1
0000012815,0000012363,976,2026-09-12 19:42:58,,1
0000012816,0000012364,976,2023-05-04 17:57:05,,1
0000012817,0000012365,809,2025-09-14 21:12:06,,1
0000012818,0000012366,701,2026-04-08 16:53:03,,1
0000012819,0000012367,701,2015-07-30 19:09:14,,1
0000012820,0000012368,701,2018-08-30 07:51:16,,1
0000012821,0000012369,701,2022-04-01 09:00:59,,1
0000012822,0000012370,701,2020-09-08 10:55:48,,1
0000012823,0000012371,99,2017-01-04 11:02:09,,1
0000012824,0000012372,99,2018-02-24 15:27:12,,1
0000012825,0000012373,889,2026-07-13 02:43:38,,1
0000012826,0000012374,859,2023-08-29 10:52:47,,1
0000012827,0000012375,889,2023-07-17 22:53:48,,1
0000012828,0000012376,99,2017-03-19 15:59:33,,1
0000012829,0000012377,889,2025-10-29 00:11:32,,1
0000012830,0000012378,99,2015-10-21 09:54:51,,1
0000012831,0000012379,99,2017-11-14 04:14:53,,1
0000012832,0000012380,223,2023-07-16 01:27:55,,1
0000012833,0000012381,585,2020-05-15 17:45:45,,1
0000012834,0000012382,889,2024-04-29 09:19:27,,1
0000012835,0000012383,190,2020-03-01 18:39:47,,1
0000012836,0000012384,190,2019-01-23 05:00:52,,1
0000012837,0000012385,190,2018-06-22 19:31:16,,1
0000012838,0000012386,357,2021-06-24 20:41:50,,1
0000012839,0000012387,740,2020-03-04 12:55:56,,1
0000012840,0000012388,356,2019-08-04 13:46:25,,1
0000012841,0000012389,273,2025-09-11 22:19:59,,1
0000012842,0000012390,356,2026-08-22 12:06:58,,1
0000012843,0000012391,487,2020-09-19 12:17:22,,1
0000012844,0000012392,232,2018-11-09 12:12:13,,1
0000012845,0000012393,487,2018-12-21 12:06:33,,1
0000012846,0000012394,487,2018-08-19 00:04:20,,1
0000012847,0000012395,487,2019-02-28 20:14:09,,1
0000012848,0000012396,143,2020-08-10 23:05:24,,1
0000012849,0000012397,630,2016-11-04 08:14:55,,1
0000012850,0000012398,349,2017-05-05 08:49:41,,1
0000012851,0000012399,21,2016-12-12 06:43:39,,1
0000012852,0000012400,21,2017-05-08 17:59:28,,1
0000012853,0000012401,21,2016-08-20 00:40:37,,1
0000012854,0000012402,479,2015-04-25 12:36:18,,1
0000012855,0000012403,196,2015-11-28 21:16:09,,1
0000012856,0000012404,479,2017-08-15 20:22:56,,1
0000012857,0000012405,956,2020-08-22 21:12:59,,1
0000012858,0000012406,13,2023-09-14 18:43:29,,1
0000012859,0000012407,479,2018-11-30 06:16:30,,1
0000012860,0000012408,479,2018-09-15 17:40:51,,1
0000012861,0000012409,956,2020-08-24 02:53:33,,1
0000012862,0000012410,527,2017-06-25 06:47:27,,1
0000012863,0000012411,527,2022-09-02 01:11:38,,1
0000012864,0000012412,527,2024-01-27 18:00:13,,1
0000012865,0000012413,624,2020-10-28 18:32:00,,1
0000012866,0000012414,624,2024-10-15 04:39:19,,1
0000012867,0000012415,585,2019-11-25 00:49:44,,1
0000012868,0000012416,261,2026-03-07 17:30:07,,1
0000012869,0000012417,261,2025-08-23 09:27:02,,1
0000012870,0000012418,782,2025-03-21 14:47:11,2025-03-21 20:36:01,0
0000012871,0000012418,588,2025-03-21 20:36:01,,1
0000012872,0000012419,442,2022-11-30 09:43:37,,1
0000012873,0000012420,75,2024-11-20 01:00:11,,1
0000012874,0000012421,631,2021-08-03 06:28:50,,1
0000012875,0000012422,631,2018-06-03 11:05:21,,1
0000012876,0000012423,936,2025-08-08 03:52:51,,1
0000012877,0000012424,471,2020-08-12 07:14:14,,1
0000012878,0000012425,631,2022-04-28 09:12:32,,1
0000012879,0000012426,783,2025-03-28 08:31:55,,1
0000012880,0000012427,91,2019-06-17 00:13:02,,1
0000012881,0000012428,783,2022-05-05 07:13:02,,1
0000012882,0000012429,82,2025-05-02 21:06:24,,1
0000012883,0000012430,82,2025-05-16 23:27:28,,1
0000012884,0000012431,438,2019-05-01 03:32:35,,1
0000012885,0000012432,28,2023-12-21 18:39:29,,1
0000012886,0000012433,438,2022-05-30 09:24:17,,1
0000012887,0000012434,212,2015-06-02 02:18:43,,1
0000012888,0000012435,913,2015-01-27 09:43:49,,1
0000012889,0000012436,524,2024-12-17 03:35:30,,1
0000012890,0000012437,524,2016-11-05 07:15:56,,1
0000012891,0000012438,504,2025-02-17 05:42:32,,1
0000012892,0000012439,934,2018-03-03 04:13:39,,1
0000012893,0000012440,897,2018-12-23 00:57:55,,1
0000012894,0000012441,896,2020-08-14 17:17:29,,1
0000012895,0000012442,318,2022-10-17 14:53:38,,1
0000012896,0000012443,476,2019-07-01 19:56:26,,1
0000012897,0000012444,655,2024-11-17 02:13:27,,1
0000012898,0000012445,259,2022-06-16 18:48:43,,1
0000012899,0000012446,467,2020-03-23 21:56:35,,1
0000012900,0000012447,467,2020-04-30 14:21:38,,1
0000012901,0000012448,467,2022-07-28 03:32:23,,1
0000012902,0000012449,818,2021-12-22 22:02:11,,1
0000012903,0000012450,467,2022-01-16 02:46:02,,1
0000012904,0000012451,467,2022-11-08 02:01:59,,1
0000012905,0000012452,467,2023-09-30 16:51:04,2023-10-02 18:53:33,0
0000012906,0000012452,173,2023-10-02 18:53:33,,1
0000012907,0000012453,467,2023-03-12 15:21:54,,1
0000012908,0000012454,772,2019-05-13 08:51:06,,1
0000012909,0000012455,772,2019-02-13 18:07:27,,1
0000012910,0000012456,522,2020-12-05 15:08:15,,1
0000012911,0000012457,522,2021-03-20 12:36:47,,1
0000012912,0000012458,428,2026-07-26 16:29:40,,1
0000012913,0000012459,65,2021-05-01 01:47:25,,1
0000012914,0000012460,65,2020-04-27 12:43:28,,1
0000012915,0000012461,65,2017-02-09 06:24:43,,1
0000012916,0000012462,920,2022-01-14 18:50:36,2022-01-17 01:13:40,0
0000012917,0000012462,340,2022-01-17 01:13:40,,1
0000012918,0000012463,131,2024-08-07 04:34:35,2024-08-10 10:53:11,0
0000012919,0000012463,955,2024-08-10 10:53:11,,1
0000012920,0000012464,49,2017-11-18 06:55:55,,1
0000012921,0000012465,49,2021-07-02 15:58:51,,1
0000012922,0000012466,599,2020-06-18 14:13:43,,1
0000012923,0000012467,295,2019-04-10 09:22:49,,1
0000012924,0000012468,295,2020-02-18 10:36:43,,1
0000012925,0000012469,295,2020-07-16 21:32:52,,1
0000012926,0000012470,59,2026-09-25 01:29:40,,1
0000012927,0000012471,998,2020-07-05 16:12:00,,1
0000012928,0000012472,998,2020-08-24 14:11:08,,1
0000012929,0000012473,108,2023-08-20 06:29:32,,1
0000012930,0000012474,882,2020-11-05 06:53:10,,1
0000012931,0000012475,514,2019-01-09 22:21:48,,1
0000012932,0000012476,483,2025-04-24 12:32:03,,1
0000012933,0000012477,709,2022-07-23 11:53:14,,1
0000012934,0000012478,404,2023-01-17 03:56:49,,1
0000012935,0000012479,404,2021-07-16 14:51:06,,1
0000012936,0000012480,404,2023-09-13 09:36:47,,1
0000012937,0000012481,800,2025-01-11 18:53:22,,1
0000012938,0000012482,301,2019-08-22 14:37:31,,1
0000012939,0000012483,301,2020-12-19 08:49:29,,1
0000012940,0000012484,748,2024-09-08 03:24:26,,1
0000012941,0000012485,930,2023-05-08 03:10:55,,1
0000012942,0000012486,748,2017-07-19 04:08:48,,1
0000012943,0000012487,7,2022-10-17 19:52:44,,1
0000012944,0000012488,734,2020-02-25 01:46:20,2020-02-27 12:40:43,0
0000012945,0000012488,767,2020-02-27 12:40:43,,1
0000012946,0000012489,353,2026-05-09 10:26:12,,1
0000012947,0000012490,7,2026-09-04 23:28:19,,1
0000012948,0000012491,7,2018-02-13 10:54:48,,1
0000012949,0000012492,7,2026-08-31 22:07:24,,1
0000012950,0000012493,7,2021-09-22 13:50:47,,1
0000012951,0000012494,7,2022-08-20 06:19:49,,1
0000012952,0000012495,655,2017-05-30 20:13:58,,1
0000012953,0000012496,998,2016-09-29 06:16:16,,1
0000012954,0000012497,452,2019-02-23 12:47:59,,1
0000012955,0000012498,855,2019-05-23 09:47:29,,1
0000012956,0000012499,980,2026-06-17 07:14:21,,1
0000012957,0000012500,226,2024-02-07 20:49:08,,1
0000012958,0000012501,298,2018-07-05 03:55:50,,1
0000012959,0000012502,298,2026-04-03 15:08:13,,1
0000012960,0000012503,298,2023-11-07 21:41:15,,1
0000012961,0000012504,428,2021-04-28 06:21:05,,1
0000012962,0000012505,906,2020-06-09 07:44:39,,1
0000012963,0000012506,893,2019-01-02 20:31:05,,1
0000012964,0000012507,298,2023-01-03 23:20:01,,1
0000012965,0000012508,298,2025-05-26 13:19:12,,1
0000012966,0000012509,830,2019-05-03 19:50:47,,1
0000012967,0000012510,830,2019-03-25 14:21:43,2019-03-25 18:48:11,0
0000012968,0000012510,1,2019-03-25 18:48:11,,1
0000012969,0000012511,780,2023-09-25 20:13:49,,1
0000012970,0000012512,780,2024-09-28 01:56:18,,1
0000012971,0000012513,881,2024-09-06 10:58:22,,1
0000012972,0000012514,352,2018-01-17 04:28:24,,1
0000012973,0000012515,352,2019-06-20 11:34:04,,1
0000012974,0000012516,262,2018-08-18 01:03:32,,1
0000012975,0000012517,352,2019-05-19 14:29:42,,1
0000012976,0000012518,352,2016-06-14 04:26:20,,1
0000012977,0000012519,352,2017-06-27 16:04:49,,1
0000012978,0000012520,352,2016-01-24 09:15:06,,1
0000012979,0000012521,352,2016-05-07 05:33:27,,1
0000012980,0000012522,352,2018-08-25 15:32:11,,1
0000012981,0000012523,352,2016-03-31 08:06:52,,1
0000012982,0000012524,352,2015-06-03 11:14:07,,1
0000012983,0000012525,352,2018-09-20 06:30:08,2018-09-24 18:38:08,0
0000012984,0000012525,661,2018-09-24 18:38:08,,1
0000012985,0000012526,830,2022-10-05 23:09:16,,1
0000012986,0000012527,830,2022-03-20 00:28:34,,1
0000012987,0000012528,830,2026-06-23 19:38:58,,1
0000012988,0000012529,830,2025-12-06 07:04:37,,1
0000012989,0000012530,830,2020-08-02 21:07:45,,1
0000012990,0000012531,655,2021-03-26 23:29:39,,1
0000012991,0000012532,920,2022-07-03 09:40:56,,1
0000012992,0000012533,920,2019-10-26 16:58:45,,1
0000012993,0000012534,976,2022-03-01 22:13:22,,1
0000012994,0000012535,946,2024-01-19 01:33:23,,1
0000012995,0000012536,737,2015-02-20 10:59:28,,1
0000012996,0000012537,737,2016-02-17 14:40:25,,1
0000012997,0000012538,737,2016-02-28 18:40:54,,1
0000012998,0000012539,164,2019-08-06 06:40:35,,1
0000012999,0000012540,563,2025-11-11 05:41:18,,1
0000013000,0000012541,777,2016-07-07 12:06:44,,1
0000013001,0000012542,348,2021-11-14 13:31:51,,1
0000013002,0000012543,576,2024-01-29 07:33:03,,1
0000013003,0000012544,639,2026-03-24 03:22:44,,1
0000013004,0000012545,46,2023-06-14 13:30:34,,1
0000013005,0000012546,777,2018-09-15 15:22:22,,1
0000013006,0000012547,639,2025-10-01 02:36:04,,1
0000013007,0000012548,777,2019-04-27 15:28:34,,1
0000013008,0000012549,901,2018-04-29 04:23:59,,1
0000013009,0000012550,220,2020-01-30 00:01:50,,1
0000013010,0000012551,220,2018-04-07 02:41:21,,1
0000013011,0000012552,414,2019-05-12 18:50:28,,1
0000013012,0000012553,414,2020-05-19 01:45:06,,1
0000013013,0000012554,995,2022-11-12 23:22:41,,1
0000013014,0000012555,414,2018-08-13 15:24:49,,1
0000013015,0000012556,414,2018-06-21 03:06:07,,1
0000013016,0000012557,768,2024-12-05 02:48:50,,1
0000013017,0000012558,38,2019-02-23 11:07:04,,1
0000013018,0000012559,38,2022-10-30 11:33:57,,1
0000013019,0000012560,320,2020-10-02 07:47:21,,1
0000013020,0000012561,599,2022-10-12 15:01:24,,1
0000013021,0000012562,599,2022-09-08 23:12:02,,1
0000013022,0000012563,158,2018-06-14 21:34:49,,1
0000013023,0000012564,158,2019-09-11 23:52:48,,1
0000013024,0000012565,118,2019-08-20 08:54:27,,1
0000013025,0000012566,118,2019-04-17 15:06:55,2019-04-20 01:28:37,0
0000013026,0000012566,596,2019-04-20 01:28:37,,1
0000013027,0000012567,118,2017-08-12 16:45:36,,1
0000013028,0000012568,118,2018-04-16 17:33:48,,1
0000013029,0000012569,782,2016-06-15 21:07:53,,1
0000013030,0000012570,457,2020-12-03 16:30:18,,1
0000013031,0000012571,457,2020-09-30 14:25:57,,1
0000013032,0000012572,457,2016-07-19 00:40:42,,1
0000013033,0000012573,457,2021-06-16 16:32:35,,1
0000013034,0000012574,457,2018-01-28 11:33:55,,1
0000013035,0000012575,457,2018-11-21 07:49:08,,1
0000013036,0000012576,457,2019-01-20 20:18:28,,1
0000013037,0000012577,457,2021-07-21 16:20:24,,1
0000013038,0000012578,860,2017-12-07 03:24:47,,1
0000013039,0000012579,532,2018-01-23 15:39:33,,1
0000013040,0000012580,710,2017-11-11 16:42:19,,1
0000013041,0000012581,297,2020-07-03 10:07:48,,1
0000013042,0000012582,419,2020-09-10 14:46:41,,1
0000013043,0000012583,590,2022-04-06 18:22:32,,1
0000013044,0000012584,590,2017-08-13 11:12:30,,1
0000013045,0000012585,738,2018-01-09 16:37:24,,1
0000013046,0000012586,738,2022-11-16 04:08:00,,1
0000013047,0000012587,738,2018-12-29 05:30:38,,1
0000013048,0000012588,148,2025-03-29 01:56:55,,1
0000013049,0000012589,327,2023-07-08 17:31:11,,1
0000013050,0000012590,69,2020-01-10 05:57:57,,1
0000013051,0000012591,724,2022-07-31 08:49:20,,1
0000013052,0000012592,313,2018-12-01 23:56:51,,1
0000013053,0000012593,22,2017-02-25 14:20:07,,1
0000013054,0000012594,401,2018-02-21 13:32:59,,1
0000013055,0000012595,711,2022-11-24 23:04:39,,1
0000013056,0000012596,401,2017-12-21 01:38:48,,1
0000013057,0000012597,401,2018-11-17 02:55:28,,1
0000013058,0000012598,401,2017-09-28 15:40:24,,1
0000013059,0000012599,22,2015-01-20 23:26:25,,1
0000013060,0000012600,36,2015-02-21 23:57:27,,1
0000013061,0000012601,96,2025-08-15 13:59:26,,1
0000013062,0000012602,96,2022-01-14 17:21:28,,1
0000013063,0000012603,96,2020-04-27 09:00:47,,1
0000013064,0000012604,450,2019-08-24 08:05:02,,1
0000013065,0000012605,450,2019-11-16 21:05:04,,1
0000013066,0000012606,161,2021-04-08 00:47:04,,1
0000013067,0000012607,119,2022-10-20 16:30:44,,1
0000013068,0000012608,161,2022-04-08 21:39:31,,1
0000013069,0000012609,776,2020-08-16 04:38:08,,1
0000013070,0000012610,323,2023-02-23 09:31:30,,1
0000013071,0000012611,323,2026-04-21 15:50:26,,1
0000013072,0000012612,323,2024-09-24 05:51:11,,1
0000013073,0000012613,323,2018-06-12 02:36:42,,1
0000013074,0000012614,323,2026-07-28 16:58:49,,1
0000013075,0000012615,323,2025-05-20 04:15:12,,1
0000013076,0000012616,323,2026-04-10 20:23:58,,1
0000013077,0000012617,323,2018-03-19 07:33:02,,1
0000013078,0000012618,682,2023-12-24 00:03:22,,1
0000013079,0000012619,737,2024-11-08 16:11:48,,1
0000013080,0000012620,576,2016-12-27 23:02:47,,1
0000013081,0000012621,576,2022-08-30 09:16:18,,1
0000013082,0000012622,576,2019-09-10 04:18:01,,1
0000013083,0000012623,849,2022-10-23 01:47:30,,1
0000013084,0000012624,36,2025-05-02 06:59:57,,1
0000013085,0000012625,26,2017-05-25 19:52:55,,1
0000013086,0000012626,36,2023-11-05 16:51:24,,1
0000013087,0000012627,36,2023-10-05 13:40:08,,1
0000013088,0000012628,36,2022-11-09 08:30:44,,1
0000013089,0000012629,763,2024-11-29 12:11:33,2024-12-03 07:23:11,0
0000013090,0000012629,817,2024-12-03 07:23:11,,1
0000013091,0000012630,26,2018-01-16 15:47:00,,1
0000013092,0000012631,26,2017-03-06 11:21:17,,1
0000013093,0000012632,534,2026-06-08 22:35:01,,1
0000013094,0000012633,450,2017-11-16 07:36:01,,1
0000013095,0000012634,68,2024-01-11 13:33:23,,1
0000013096,0000012635,640,2024-11-04 15:13:21,,1
0000013097,0000012636,68,2023-07-17 03:38:21,,1
0000013098,0000012637,68,2017-03-30 12:51:22,,1
0000013099,0000012638,68,2018-05-20 10:04:50,,1
0000013100,0000012639,700,2025-11-30 03:44:32,,1
0000013101,0000012640,284,2017-06-15 02:38:36,,1
0000013102,0000012641,284,2019-07-16 18:44:41,,1
0000013103,0000012642,255,2025-05-21 05:42:32,,1
0000013104,0000012643,255,2023-01-11 03:50:20,,1
0000013105,0000012644,760,2018-09-22 05:45:54,,1
0000013106,0000012645,760,2018-05-14 22:16:40,,1
0000013107,0000012646,760,2020-09-13 17:08:12,,1
0000013108,0000012647,631,2020-04-08 21:47:00,,1
0000013109,0000012648,631,2022-12-28 21:16:34,,1
0000013110,0000012649,783,2026-06-21 01:15:59,,1
0000013111,0000012650,683,2023-05-17 14:03:56,,1
0000013112,0000012651,721,2023-06-24 14:59:36,,1
0000013113,0000012652,616,2021-11-06 13:02:18,,1
0000013114,0000012653,773,2020-09-30 16:14:54,,1
0000013115,0000012654,616,2024-11-04 23:35:49,,1
0000013116,0000012655,616,2025-09-23 23:57:46,,1
0000013117,0000012656,616,2021-12-25 04:51:16,,1
0000013118,0000012657,198,2020-05-31 06:17:47,,1
0000013119,0000012658,198,2025-01-01 05:34:05,,1
0000013120,0000012659,198,2016-02-22 00:32:55,,1
0000013121,0000012660,198,2018-11-10 07:02:34,,1
0000013122,0000012661,198,2015-09-17 01:46:04,,1
0000013123,0000012662,567,2023-05-01 10:32:34,,1
0000013124,0000012663,567,2018-08-08 10:08:51,,1
0000013125,0000012664,567,2019-04-11 11:21:28,,1
0000013126,0000012665,972,2019-08-20 19:34:32,,1
0000013127,0000012666,728,2020-02-06 16:25:44,,1
0000013128,0000012667,189,2016-12-25 22:47:10,,1
0000013129,0000012668,189,2015-08-07 12:47:42,,1
0000013130,0000012669,797,2023-10-04 12:37:36,,1
0000013131,0000012670,797,2022-06-20 05:54:34,,1
0000013132,0000012671,189,2018-06-24 01:14:22,,1
0000013133,0000012672,77,2017-06-03 17:28:46,,1
0000013134,0000012673,77,2026-03-21 01:59:47,,1
0000013135,0000012674,77,2019-10-18 19:08:23,,1
0000013136,0000012675,77,2023-03-01 20:34:59,,1
0000013137,0000012676,77,2025-04-08 05:07:53,,1
0000013138,0000012677,77,2022-05-29 04:52:19,,1
0000013139,0000012678,77,2021-03-08 04:16:58,,1
0000013140,0000012679,77,2018-02-25 21:33:19,,1
0000013141,0000012680,745,2026-06-03 03:57:57,,1
0000013142,0000012681,742,2017-11-21 13:21:05,,1
0000013143,0000012682,440,2023-06-22 13:40:06,,1
0000013144,0000012683,574,2024-11-29 21:59:43,,1
0000013145,0000012684,153,2018-01-02 16:28:25,,1
0000013146,0000012685,1,2019-05-02 12:30:12,,1
0000013147,0000012686,363,2022-05-18 23:06:35,,1
0000013148,0000012687,311,2021-06-05 12:18:36,,1
0000013149,0000012688,311,2019-09-23 10:37:00,,1
0000013150,0000012689,311,2022-04-01 02:56:57,,1
0000013151,0000012690,926,2026-04-25 14:46:40,,1
0000013152,0000012691,311,2019-01-13 00:53:44,,1
0000013153,0000012692,311,2025-10-02 04:23:49,,1
0000013154,0000012693,311,2019-02-18 14:14:30,,1
0000013155,0000012694,311,2026-08-24 00:16:17,,1
0000013156,0000012695,665,2026-09-15 20:21:46,,1
0000013157,0000012696,665,2024-02-29 10:20:28,,1
0000013158,0000012697,488,2017-09-16 22:00:43,,1
0000013159,0000012698,542,2017-08-20 08:08:20,,1
0000013160,0000012699,542,2016-08-22 01:58:37,,1
0000013161,0000012700,24,2018-10-11 12:10:26,,1
0000013162,0000012701,24,2018-03-10 22:05:27,,1
0000013163,0000012702,24,2018-03-20 17:32:14,,1
0000013164,0000012703,424,2020-10-28 05:12:31,,1
0000013165,0000012704,233,2022-02-12 18:28:30,,1
0000013166,0000012705,502,2018-12-26 21:16:09,,1
0000013167,0000012706,320,2019-01-27 12:04:26,,1
0000013168,0000012707,514,2020-10-16 16:44:56,,1
0000013169,0000012708,391,2016-10-11 15:41:05,,1
0000013170,0000012709,975,2024-08-16 10:19:20,,1
0000013171,0000012710,975,2020-06-16 20:10:01,,1
0000013172,0000012711,975,2017-03-11 21:15:35,,1
0000013173,0000012712,826,2022-05-16 08:02:35,,1
0000013174,0000012713,126,2016-02-28 00:35:22,,1
0000013175,0000012714,798,2024-02-27 20:02:01,,1
0000013176,0000012715,767,2017-07-13 01:01:29,,1
0000013177,0000012716,798,2020-08-25 09:38:13,2020-08-26 05:27:31,0
0000013178,0000012716,934,2020-08-26 05:27:31,,1
0000013179,0000012717,767,2018-08-17 02:27:50,,1
0000013180,0000012718,651,2022-12-11 05:47:07,,1
0000013181,0000012719,986,2023-11-01 05:35:45,,1
0000013182,0000012720,798,2019-04-03 22:20:54,,1
0000013183,0000012721,798,2022-10-21 18:44:51,,1
0000013184,0000012722,798,2019-06-30 18:49:55,,1
0000013185,0000012723,798,2026-09-07 06:34:45,,1
0000013186,0000012724,767,2018-07-17 08:42:53,,1
0000013187,0000012725,798,2025-03-12 12:20:27,,1
0000013188,0000012726,83,2019-05-03 21:29:33,,1
0000013189,0000012727,83,2018-03-03 22:11:38,,1
0000013190,0000012728,695,2023-08-21 13:27:04,2023-08-22 14:37:03,0
0000013191,0000012728,442,2023-08-22 14:37:03,,1
0000013192,0000012729,83,2016-07-10 13:38:06,,1
0000013193,0000012730,695,2023-10-22 14:59:02,,1
0000013194,0000012731,83,2018-12-09 19:50:21,,1
0000013195,0000012732,695,2022-12-10 00:21:04,,1
0000013196,0000012733,695,2025-02-13 04:36:39,,1
0000013197,0000012734,358,2018-12-29 14:28:17,,1
0000013198,0000012735,137,2018-10-26 05:19:22,,1
0000013199,0000012736,219,2026-06-29 03:00:46,,1
0000013200,0000012737,75,2018-10-06 07:32:52,,1
0000013201,0000012738,32,2019-12-28 19:12:40,,1
0000013202,0000012739,878,2016-03-29 08:11:23,,1
0000013203,0000012740,75,2020-01-30 11:17:09,,1
0000013204,0000012741,587,2019-06-14 15:56:32,,1
0000013205,0000012742,878,2016-03-22 01:00:15,,1
0000013206,0000012743,587,2018-05-14 08:31:52,,1
0000013207,0000012744,650,2017-08-05 23:13:38,,1
0000013208,0000012745,867,2017-01-11 12:30:07,,1
0000013209,0000012746,729,2020-03-03 00:46:54,,1
0000013210,0000012747,729,2020-12-22 20:17:17,,1
0000013211,0000012748,488,2026-01-30 09:31:58,,1
0000013212,0000012749,729,2018-12-17 05:11:41,,1
0000013213,0000012750,488,2024-01-20 21:38:58,,1
0000013214,0000012751,729,2018-02-11 04:06:01,,1
0000013215,0000012752,729,2015-12-16 11:40:38,,1
0000013216,0000012753,729,2022-05-25 01:30:16,,1
0000013217,0000012754,333,2025-08-23 16:45:54,,1
0000013218,0000012755,333,2019-06-19 18:30:02,,1
0000013219,0000012756,352,2026-08-09 02:53:58,,1
0000013220,0000012757,333,2026-05-26 13:26:05,,1
0000013221,0000012758,333,2023-05-15 06:40:28,,1
0000013222,0000012759,271,2015-12-06 17:41:36,,1
0000013223,0000012760,271,2022-06-21 23:35:00,,1
0000013224,0000012761,271,2025-04-24 15:20:27,2025-04-27 17:46:33,0
0000013225,0000012761,783,2025-04-27 17:46:33,,1
0000013226,0000012762,789,2020-09-08 05:27:10,,1
0000013227,0000012763,824,2018-10-28 00:24:20,,1
0000013228,0000012764,824,2018-11-08 21:49:41,,1
0000013229,0000012765,824,2018-11-30 04:33:32,,1
0000013230,0000012766,36,2017-12-16 06:25:32,,1
0000013231,0000012767,36,2018-06-27 04:41:09,2018-06-30 01:56:40,0
0000013232,0000012767,667,2018-06-30 01:56:40,,1
0000013233,0000012768,36,2017-11-17 21:30:26,2017-11-20 00:28:23,0
0000013234,0000012768,10,2017-11-20 00:28:23,,1
0000013235,0000012769,853,2019-02-02 22:14:20,,1
0000013236,0000012770,895,2024-09-13 16:23:56,,1
0000013237,0000012771,638,2018-03-31 00:17:56,,1
0000013238,0000012772,591,2021-01-20 20:08:41,,1
0000013239,0000012773,591,2021-01-21 11:51:35,,1
0000013240,0000012774,134,2021-02-17 08:40:43,,1
0000013241,0000012775,134,2018-12-16 20:24:34,,1
0000013242,0000012776,1,2021-06-02 05:58:05,,1
0000013243,0000012777,974,2018-12-29 20:35:26,,1
0000013244,0000012778,730,2024-07-30 16:48:24,,1
0000013245,0000012779,730,2023-07-03 10:42:03,2023-07-07 18:02:00,0
0000013246,0000012779,172,2023-07-07 18:02:00,,1
0000013247,0000012780,634,2021-11-14 00:38:24,,1
0000013248,0000012781,357,2022-03-05 10:15:45,,1
0000013249,0000012782,798,2020-07-01 21:46:51,,1
0000013250,0000012783,141,2025-08-17 10:09:02,,1
0000013251,0000012784,476,2016-10-26 18:22:11,,1
0000013252,0000012785,808,2019-06-20 02:40:05,,1
0000013253,0000012786,808,2021-09-05 08:11:32,,1
0000013254,0000012787,837,2020-12-21 01:13:37,,1
0000013255,0000012788,330,2017-03-12 02:15:51,,1
0000013256,0000012789,330,2019-05-18 13:26:26,,1
0000013257,0000012790,161,2016-09-05 10:42:24,,1
0000013258,0000012791,761,2018-12-02 14:06:01,,1
0000013259,0000012792,761,2020-11-30 22:30:13,,1
0000013260,0000012793,761,2016-11-18 03:50:56,,1
0000013261,0000012794,778,2016-08-17 09:13:45,,1
0000013262,0000012795,383,2021-08-29 10:18:44,,1
0000013263,0000012796,383,2021-01-10 12:38:45,,1
0000013264,0000012797,43,2025-02-12 07:36:49,,1
0000013265,0000012798,383,2024-03-01 06:22:17,,1
0000013266,0000012799,459,2026-01-29 19:06:47,,1
0000013267,0000012800,50,2017-08-12 09:32:55,,1
0000013268,0000012801,404,2024-03-27 10:28:48,,1
0000013269,0000012802,335,2017-06-19 09:30:25,,1
0000013270,0000012803,813,2015-08-27 17:00:29,,1
0000013271,0000012804,813,2023-09-14 21:30:10,,1
0000013272,0000012805,787,2021-08-30 12:07:13,,1
0000013273,0000012806,787,2021-08-25 08:49:48,,1
0000013274,0000012807,787,2016-08-07 13:38:46,,1
0000013275,0000012808,673,2020-06-21 16:56:08,,1
0000013276,0000012809,792,2023-06-27 20:31:19,,1
0000013277,0000012810,397,2021-08-19 17:45:11,,1
0000013278,0000012811,768,2025-01-04 18:07:00,,1
0000013279,0000012812,768,2020-07-15 07:02:43,,1
0000013280,0000012813,625,2019-03-09 18:56:04,,1
0000013281,0000012814,625,2026-05-12 17:15:56,,1
0000013282,0000012815,625,2018-03-08 10:32:14,,1
0000013283,0000012816,625,2025-11-04 00:51:39,,1
0000013284,0000012817,625,2025-11-26 00:29:54,,1
0000013285,0000012818,405,2020-09-28 09:52:36,,1
0000013286,0000012819,327,2021-07-01 13:17:09,,1
0000013287,0000012820,327,2021-04-26 07:51:50,,1
0000013288,0000012821,567,2025-04-21 11:44:05,,1
0000013289,0000012822,400,2026-06-18 19:42:28,,1
0000013290,0000012823,400,2024-10-04 20:38:11,,1
0000013291,0000012824,642,2017-12-07 07:13:06,,1
0000013292,0000012825,80,2026-05-14 21:54:41,,1
0000013293,0000012826,696,2021-04-14 19:43:27,,1
0000013294,0000012827,57,2020-11-30 06:04:16,,1
0000013295,0000012828,57,2020-11-11 08:22:29,,1
0000013296,0000012829,767,2017-10-07 06:14:33,,1
0000013297,0000012830,767,2016-08-22 07:29:07,,1
0000013298,0000012831,943,2016-02-28 10:18:47,,1
0000013299,0000012832,943,2019-04-09 08:37:44,,1
0000013300,0000012833,943,2016-05-24 02:36:45,2016-05-24 09:23:34,0
0000013301,0000012833,927,2016-05-24 09:23:34,,1
0000013302,0000012834,943,2016-02-17 03:31:34,,1
0000013303,0000012835,943,2018-08-15 10:09:40,,1
0000013304,0000012836,131,2022-04-23 06:13:40,,1
0000013305,0000012837,369,2022-09-30 21:42:11,,1
0000013306,0000012838,369,2017-10-26 00:38:58,,1
0000013307,0000012839,369,2018-02-28 01:58:39,,1
0000013308,0000012840,369,2019-09-20 07:59:45,,1
0000013309,0000012841,369,2022-09-05 08:24:09,,1
0000013310,0000012842,384,2024-04-26 01:23:42,,1
0000013311,0000012843,708,2019-11-03 19:17:42,,1
0000013312,0000012844,708,2017-08-07 03:31:54,,1
0000013313,0000012845,708,2019-05-24 14:42:32,,1
0000013314,0000012846,561,2026-07-07 03:33:19,,1
0000013315,0000012847,974,2015-12-23 18:42:43,,1
0000013316,0000012848,974,2018-01-04 04:02:55,,1
0000013317,0000012849,148,2026-06-16 21:23:12,,1
0000013318,0000012850,539,2019-08-16 08:56:16,,1
0000013319,0000012851,539,2019-01-12 21:08:11,,1
0000013320,0000012852,539,2019-10-18 20:45:07,,1
0000013321,0000012853,919,2025-03-19 01:59:37,,1
0000013322,0000012854,919,2018-06-16 08:51:56,,1
0000013323,0000012855,919,2023-02-10 15:16:46,,1
0000013324,0000012856,155,2017-12-26 21:42:45,,1
0000013325,0000012857,919,2023-01-18 08:26:53,,1
0000013326,0000012858,919,2018-12-21 00:05:34,,1
0000013327,0000012859,919,2023-10-09 08:21:01,,1
0000013328,0000012860,919,2021-06-30 11:04:45,,1
0000013329,0000012861,667,2020-08-22 01:21:13,,1
0000013330,0000012862,609,2019-02-07 23:29:27,,1
0000013331,0000012863,504,2021-09-27 16:07:54,,1
0000013332,0000012864,199,2019-09-22 14:49:34,,1
0000013333,0000012865,964,2017-12-02 16:55:31,,1
0000013334,0000012866,850,2021-01-17 02:39:09,,1
0000013335,0000012867,56,2026-07-27 03:19:56,,1
0000013336,0000012868,762,2025-01-06 14:18:19,,1
0000013337,0000012869,331,2024-02-10 17:01:25,,1
0000013338,0000012870,328,2019-10-28 01:03:52,,1
0000013339,0000012871,328,2018-04-29 03:06:11,,1
0000013340,0000012872,328,2019-08-11 12:13:33,,1
0000013341,0000012873,610,2025-08-06 05:43:37,,1
0000013342,0000012874,610,2024-04-03 21:46:53,,1
0000013343,0000012875,610,2019-09-20 14:46:40,,1
0000013344,0000012876,242,2018-04-17 13:15:45,,1
0000013345,0000012877,571,2024-12-09 12:00:37,,1
0000013346,0000012878,118,2018-05-06 18:35:42,,1
0000013347,0000012879,118,2017-04-10 23:53:36,,1
0000013348,0000012880,571,2026-03-30 10:21:07,,1
0000013349,0000012881,118,2016-06-03 13:24:51,,1
0000013350,0000012882,629,2021-04-25 19:32:36,,1
0000013351,0000012883,629,2021-07-01 03:00:24,,1
0000013352,0000012884,941,2017-06-04 17:04:30,,1
0000013353,0000012885,941,2018-12-14 20:39:12,,1
0000013354,0000012886,489,2019-09-03 20:37:45,,1
0000013355,0000012887,281,2018-06-22 15:39:11,,1
0000013356,0000012888,281,2018-12-25 18:56:06,,1
0000013357,0000012889,281,2018-10-07 22:54:34,,1
0000013358,0000012890,383,2017-03-01 15:50:11,,1
0000013359,0000012891,383,2021-05-21 04:50:06,,1
0000013360,0000012892,505,2025-03-10 08:30:36,,1
0000013361,0000012893,505,2026-02-18 02:51:44,,1
0000013362,0000012894,989,2020-08-25 15:13:37,,1
0000013363,0000012895,13,2024-07-04 21:35:20,,1
0000013364,0000012896,13,2025-03-24 15:31:40,2025-03-28 19:58:18,0
0000013365,0000012896,56,2025-03-28 19:58:18,,1
0000013366,0000012897,13,2024-08-20 21:20:18,,1
0000013367,0000012898,55,2024-02-09 15:50:15,,1
0000013368,0000012899,604,2021-06-03 12:02:31,,1
0000013369,0000012900,631,2022-05-30 05:02:47,,1
0000013370,0000012901,283,2023-08-26 15:04:36,,1
0000013371,0000012902,13,2025-10-19 13:29:55,,1
0000013372,0000012903,389,2022-08-25 14:36:31,,1
0000013373,0000012904,389,2020-03-18 20:48:02,,1
0000013374,0000012905,230,2018-12-29 14:58:36,,1
0000013375,0000012906,250,2018-12-28 14:27:37,,1
0000013376,0000012907,284,2023-04-21 02:16:48,,1
0000013377,0000012908,622,2018-08-29 14:15:22,,1
0000013378,0000012909,311,2025-05-05 22:16:54,,1
0000013379,0000012910,193,2017-07-29 09:35:04,,1
0000013380,0000012911,193,2016-12-23 05:24:27,,1
0000013381,0000012912,968,2025-02-25 17:57:59,,1
0000013382,0000012913,501,2022-05-14 00:01:03,,1
0000013383,0000012914,436,2025-01-12 16:16:50,,1
0000013384,0000012915,583,2019-11-10 05:23:55,,1
0000013385,0000012916,583,2017-10-19 23:25:08,,1
0000013386,0000012917,583,2021-05-23 23:33:53,,1
0000013387,0000012918,659,2022-05-12 08:57:56,,1
0000013388,0000012919,659,2020-12-25 12:39:12,,1
0000013389,0000012920,997,2019-04-18 11:07:05,,1
0000013390,0000012921,997,2023-01-07 05:15:11,,1
0000013391,0000012922,995,2026-04-14 09:22:08,,1
0000013392,0000012923,707,2019-12-24 00:33:51,,1
0000013393,0000012924,163,2021-07-19 18:02:40,,1
0000013394,0000012925,354,2026-07-18 23:31:54,,1
0000013395,0000012926,163,2021-11-06 02:13:06,,1
0000013396,0000012927,163,2023-10-18 11:29:52,,1
0000013397,0000012928,530,2018-07-25 21:45:54,,1
0000013398,0000012929,94,2019-10-07 22:43:14,,1
0000013399,0000012930,784,2020-04-16 00:57:54,2020-04-16 01:33:39,0
0000013400,0000012930,54,2020-04-16 01:33:39,,1
0000013401,0000012931,784,2019-05-04 07:11:35,,1
0000013402,0000012932,784,2022-10-14 00:19:07,,1
0000013403,0000012933,552,2018-10-07 12:05:33,,1
0000013404,0000012934,784,2019-12-18 05:00:06,,1
0000013405,0000012935,571,2021-05-15 17:25:23,,1
0000013406,0000012936,2,2019-12-06 01:22:37,,1
0000013407,0000012937,246,2022-10-13 00:49:45,,1
0000013408,0000012938,784,2019-08-30 00:30:11,,1
0000013409,0000012939,784,2018-12-18 06:38:45,,1
0000013410,0000012940,784,2022-08-14 11:02:16,2022-08-15 22:13:18,0
0000013411,0000012940,171,2022-08-15 22:13:18,,1
0000013412,0000012941,448,2015-08-22 19:54:20,,1
0000013413,0000012942,17,2021-11-13 01:20:33,,1
0000013414,0000012943,419,2023-10-10 12:36:22,,1
0000013415,0000012944,419,2022-03-20 02:44:51,,1
0000013416,0000012945,419,2016-12-07 08:16:12,,1
0000013417,0000012946,419,2021-08-22 03:12:34,,1
0000013418,0000012947,419,2019-09-03 12:12:10,,1
0000013419,0000012948,419,2018-08-22 20:08:37,,1
0000013420,0000012949,881,2023-01-28 21:27:38,,1
0000013421,0000012950,461,2019-11-06 01:23:13,,1
0000013422,0000012951,485,2019-03-07 11:34:39,,1
0000013423,0000012952,3,2018-01-17 23:56:58,,1
0000013424,0000012953,3,2018-09-19 06:12:40,,1
0000013425,0000012954,3,2020-09-19 02:17:25,,1
0000013426,0000012955,221,2020-11-20 16:11:03,,1
0000013427,0000012956,221,2017-02-03 09:11:16,,1
0000013428,0000012957,345,2020-07-17 22:23:02,,1
0000013429,0000012958,683,2024-03-13 09:48:51,,1
0000013430,0000012959,683,2024-06-08 05:55:49,,1
0000013431,0000012960,345,2018-07-24 05:28:54,,1
0000013432,0000012961,683,2026-05-06 17:07:06,,1
0000013433,0000012962,345,2020-05-19 19:52:56,,1
0000013434,0000012963,345,2021-05-04 07:01:39,,1
0000013435,0000012964,345,2021-09-18 20:17:07,,1
0000013436,0000012965,379,2021-09-19 23:05:11,2021-09-20 23:52:31,0
0000013437,0000012965,956,2021-09-20 23:52:31,,1
0000013438,0000012966,683,2024-10-01 16:31:50,,1
0000013439,0000012967,683,2026-06-30 08:03:29,,1
0000013440,0000012968,683,2024-12-31 20:56:38,,1
0000013441,0000012969,957,2020-01-05 21:04:59,,1
0000013442,0000012970,204,2024-07-08 01:09:11,2024-07-08 18:56:16,0
0000013443,0000012970,246,2024-07-08 18:56:16,,1
0000013444,0000012971,957,2018-05-30 05:10:50,,1
0000013445,0000012972,327,2023-02-17 09:58:07,,1
0000013446,0000012973,327,2021-12-11 15:32:45,,1
0000013447,0000012974,327,2019-05-31 23:45:32,,1
0000013448,0000012975,165,2020-05-01 19:57:52,,1
0000013449,0000012976,184,2021-01-09 14:09:15,,1
0000013450,0000012977,184,2020-05-23 13:29:33,,1
0000013451,0000012978,184,2022-03-16 23:32:41,,1
0000013452,0000012979,184,2023-05-02 11:45:24,,1
0000013453,0000012980,542,2019-11-09 11:49:35,,1
0000013454,0000012981,804,2020-11-27 01:23:50,,1
0000013455,0000012982,734,2024-07-29 13:40:44,,1
0000013456,0000012983,804,2019-09-15 19:36:23,,1
0000013457,0000012984,484,2024-10-07 13:59:54,,1
0000013458,0000012985,484,2025-01-30 20:23:40,,1
0000013459,0000012986,484,2025-07-24 09:30:44,,1
0000013460,0000012987,484,2026-01-17 03:29:49,,1
0000013461,0000012988,484,2026-03-27 00:18:10,,1
0000013462,0000012989,804,2022-01-06 05:09:40,,1
0000013463,0000012990,804,2019-11-11 09:52:21,,1
0000013464,0000012991,804,2023-06-25 18:43:55,,1
0000013465,0000012992,804,2016-11-25 21:58:36,2016-11-30 13:18:06,0
0000013466,0000012992,660,2016-11-30 13:18:06,,1
0000013467,0000012993,296,2023-02-28 20:16:00,,1
0000013468,0000012994,296,2026-03-17 17:14:18,,1
0000013469,0000012995,296,2023-10-30 10:39:51,,1
0000013470,0000012996,296,2025-01-10 02:16:56,,1
0000013471,0000012997,296,2023-10-13 11:15:42,,1
0000013472,0000012998,61,2021-11-11 21:10:31,,1
0000013473,0000012999,61,2022-08-31 11:49:31,,1
0000013474,0000013000,15,2021-09-29 10:16:09,,1
0000013475,0000013001,972,2020-06-11 12:59:12,,1
0000013476,0000013002,972,2019-07-01 17:52:21,,1
0000013477,0000013003,972,2021-05-10 18:20:44,,1
0000013478,0000013004,972,2024-07-21 03:54:21,,1
0000013479,0000013005,972,2025-02-19 23:12:53,,1
0000013480,0000013006,972,2022-02-22 08:59:49,,1
0000013481,0000013007,972,2017-12-05 16:28:29,,1
0000013482,0000013008,972,2024-10-26 01:02:54,,1
0000013483,0000013009,231,2015-12-13 17:16:04,,1
0000013484,0000013010,231,2018-06-02 04:58:28,,1
0000013485,0000013011,231,2016-05-31 06:55:33,,1
0000013486,0000013012,858,2025-08-07 23:39:29,,1
0000013487,0000013013,790,2023-09-18 15:29:55,,1
0000013488,0000013014,790,2022-02-11 06:09:11,,1
0000013489,0000013015,285,2018-11-07 13:16:22,,1
0000013490,0000013016,523,2026-05-25 15:03:57,,1
0000013491,0000013017,748,2019-09-07 08:38:00,,1
0000013492,0000013018,748,2017-09-19 01:07:12,,1
0000013493,0000013019,748,2022-05-18 21:09:08,,1
0000013494,0000013020,748,2026-07-12 11:17:57,,1
0000013495,0000013021,748,2021-11-14 01:27:24,,1
0000013496,0000013022,748,2020-08-01 19:18:43,,1
0000013497,0000013023,748,2024-06-07 00:25:33,,1
0000013498,0000013024,748,2022-11-18 13:07:15,,1
0000013499,0000013025,748,2026-01-22 12:34:24,,1
0000013500,0000013026,748,2021-10-11 05:28:41,,1
0000013501,0000013027,748,2024-05-07 02:20:21,,1
0000013502,0000013028,748,2025-12-08 19:14:10,,1
0000013503,0000013029,728,2021-10-30 12:58:48,,1
0000013504,0000013030,971,2019-09-24 15:11:28,,1
0000013505,0000013031,590,2022-10-18 06:39:16,,1
0000013506,0000013032,113,2024-10-20 01:24:57,,1
0000013507,0000013033,386,2023-03-25 23:30:14,,1
0000013508,0000013034,590,2022-05-29 15:08:19,,1
0000013509,0000013035,113,2024-08-27 21:48:35,,1
0000013510,0000013036,590,2019-04-12 04:36:31,,1
0000013511,0000013037,590,2022-02-13 00:08:53,,1
0000013512,0000013038,590,2021-05-06 00:35:37,,1
0000013513,0000013039,113,2024-02-12 01:35:51,,1
0000013514,0000013040,590,2018-04-20 11:36:05,,1
0000013515,0000013041,113,2024-07-29 07:51:19,,1
0000013516,0000013042,590,2021-05-07 01:19:30,,1
0000013517,0000013043,575,2020-10-13 06:07:46,,1
0000013518,0000013044,106,2024-04-08 19:39:22,,1
0000013519,0000013045,618,2017-03-29 04:30:01,,1
0000013520,0000013046,950,2021-12-01 23:33:29,,1
0000013521,0000013047,159,2019-02-21 12:19:49,,1
0000013522,0000013048,159,2018-11-08 18:37:48,,1
0000013523,0000013049,513,2022-09-27 03:18:50,,1
0000013524,0000013050,513,2019-12-02 03:23:16,,1
0000013525,0000013051,478,2024-03-08 08:45:06,,1
0000013526,0000013052,89,2021-01-27 03:38:04,,1
0000013527,0000013053,508,2023-11-01 19:32:46,,1
0000013528,0000013054,508,2022-08-12 05:48:33,,1
0000013529,0000013055,508,2025-07-22 12:48:03,,1
0000013530,0000013056,855,2025-11-06 00:10:05,,1
0000013531,0000013057,855,2021-02-21 17:25:49,,1
0000013532,0000013058,869,2021-09-19 00:56:08,,1
0000013533,0000013059,38,2018-07-25 19:43:36,2018-07-30 19:58:59,0
0000013534,0000013059,413,2018-07-30 19:58:59,,1
0000013535,0000013060,291,2026-02-26 03:47:18,,1
0000013536,0000013061,291,2023-10-01 04:09:32,,1
0000013537,0000013062,89,2016-09-02 12:29:26,,1
0000013538,0000013063,89,2016-01-13 17:57:55,,1
0000013539,0000013064,22,2024-02-28 00:35:48,,1
0000013540,0000013065,361,2023-05-11 03:07:15,,1
0000013541,0000013066,395,2018-07-03 05:08:21,,1
0000013542,0000013067,884,2024-11-26 16:31:14,,1
0000013543,0000013068,884,2022-07-23 19:24:45,,1
0000013544,0000013069,884,2025-11-30 07:41:35,,1
0000013545,0000013070,884,2022-03-28 20:05:11,,1
0000013546,0000013071,884,2025-06-20 20:36:16,,1
0000013547,0000013072,884,2025-06-01 23:24:08,,1
0000013548,0000013073,10,2026-01-18 00:31:32,,1
0000013549,0000013074,884,2025-05-23 16:19:52,,1
0000013550,0000013075,953,2019-11-24 13:21:07,,1
0000013551,0000013076,953,2024-02-23 02:44:47,,1
0000013552,0000013077,364,2024-03-21 05:49:10,,1
0000013553,0000013078,953,2023-07-21 06:44:59,,1
0000013554,0000013079,953,2024-02-03 01:11:28,,1
0000013555,0000013080,348,2015-06-18 22:21:05,,1
0000013556,0000013081,720,2021-11-13 02:57:34,,1
0000013557,0000013082,109,2015-06-14 20:30:48,,1
0000013558,0000013083,104,2026-03-28 17:47:29,,1
0000013559,0000013084,959,2021-06-28 20:01:52,,1
0000013560,0000013085,900,2016-04-18 01:06:08,,1
0000013561,0000013086,900,2016-10-10 06:17:23,2016-10-11 06:17:44,0
0000013562,0000013086,664,2016-10-11 06:17:44,,1
0000013563,0000013087,904,2018-12-04 13:25:27,,1
0000013564,0000013088,630,2023-12-19 19:23:07,,1
0000013565,0000013089,337,2016-12-19 17:35:52,,1
0000013566,0000013090,630,2023-02-03 19:03:12,,1
0000013567,0000013091,630,2021-01-21 23:17:53,,1
0000013568,0000013092,904,2019-03-27 15:00:05,,1
0000013569,0000013093,904,2017-09-03 13:07:10,,1
0000013570,0000013094,630,2020-05-02 23:21:16,,1
0000013571,0000013095,724,2019-07-17 21:29:26,,1
0000013572,0000013096,724,2017-09-03 22:35:15,,1
0000013573,0000013097,11,2016-10-11 05:05:52,,1
0000013574,0000013098,355,2019-12-20 11:30:48,,1
0000013575,0000013099,355,2018-09-01 04:24:56,,1
0000013576,0000013100,355,2021-02-26 06:41:58,,1
0000013577,0000013101,355,2019-12-16 14:50:11,,1
0000013578,0000013102,355,2021-11-19 20:34:49,,1
0000013579,0000013103,355,2018-12-04 21:20:50,2018-12-05 09:29:32,0
0000013580,0000013103,905,2018-12-05 09:29:32,,1
0000013581,0000013104,355,2020-06-29 01:35:59,,1
0000013582,0000013105,145,2019-11-27 15:51:56,,1
0000013583,0000013106,339,2021-10-27 17:30:46,,1
0000013584,0000013107,339,2015-09-19 02:20:40,,1
0000013585,0000013108,339,2019-05-05 09:36:11,,1
0000013586,0000013109,896,2022-07-17 03:22:25,,1
0000013587,0000013110,896,2024-05-07 17:54:51,,1
0000013588,0000013111,740,2022-01-17 18:16:46,,1
0000013589,0000013112,373,2020-10-10 18:07:20,,1
0000013590,0000013113,310,2018-03-07 22:37:52,,1
0000013591,0000013114,310,2018-08-20 01:31:23,,1
0000013592,0000013115,213,2019-07-16 03:20:39,,1
0000013593,0000013116,310,2018-06-01 21:37:40,,1
0000013594,0000013117,310,2026-05-28 02:40:02,,1
0000013595,0000013118,310,2016-12-17 19:00:56,,1
0000013596,0000013119,310,2026-08-06 21:24:24,,1
0000013597,0000013120,983,2016-04-27 13:53:58,,1
0000013598,0000013121,310,2024-08-20 06:05:03,,1
0000013599,0000013122,310,2019-10-02 08:56:53,,1
0000013600,0000013123,205,2017-08-03 05:05:03,,1
0000013601,0000013124,19,2017-07-10 05:27:35,,1
0000013602,0000013125,370,2025-05-07 01:27:09,,1
0000013603,0000013126,228,2016-03-26 13:11:07,2016-03-28 22:46:36,0
0000013604,0000013126,93,2016-03-28 22:46:36,,1
0000013605,0000013127,455,2022-07-17 00:14:46,,1
0000013606,0000013128,916,2019-09-30 10:10:18,,1
0000013607,0000013129,916,2020-02-27 11:14:00,,1
0000013608,0000013130,916,2019-02-24 08:40:00,,1
0000013609,0000013131,916,2022-04-07 23:13:05,,1
0000013610,0000013132,916,2022-05-30 20:24:19,,1
0000013611,0000013133,758,2019-05-20 15:35:50,,1
0000013612,0000013134,916,2022-07-16 08:30:19,,1
0000013613,0000013135,916,2020-03-04 04:20:22,,1
0000013614,0000013136,916,2023-09-20 06:20:35,,1
0000013615,0000013137,916,2023-06-02 00:37:50,,1
0000013616,0000013138,916,2022-01-01 18:45:49,,1
0000013617,0000013139,916,2020-09-03 04:43:43,,1
0000013618,0000013140,513,2026-01-27 03:16:37,,1
0000013619,0000013141,407,2017-11-12 22:32:22,,1
0000013620,0000013142,969,2017-03-28 07:53:29,2017-03-30 05:08:15,0
0000013621,0000013142,874,2017-03-30 05:08:15,,1
0000013622,0000013143,319,2019-01-04 16:46:54,,1
0000013623,0000013144,319,2020-01-02 10:52:46,,1
0000013624,0000013145,67,2025-10-02 03:57:38,,1
0000013625,0000013146,67,2023-11-29 13:31:51,,1
0000013626,0000013147,331,2020-06-24 03:59:47,,1
0000013627,0000013148,331,2016-03-11 21:24:47,,1
0000013628,0000013149,331,2020-09-14 18:23:27,,1
0000013629,0000013150,331,2017-04-18 04:59:13,,1
0000013630,0000013151,331,2021-01-03 02:55:27,,1
0000013631,0000013152,578,2019-06-18 08:38:49,,1
0000013632,0000013153,578,2021-05-14 02:51:13,,1
0000013633,0000013154,578,2023-07-29 22:41:50,,1
0000013634,0000013155,578,2016-09-17 10:15:35,,1
0000013635,0000013156,578,2019-06-28 22:30:20,,1
0000013636,0000013157,96,2023-01-25 00:53:47,,1
0000013637,0000013158,201,2024-06-05 03:28:59,,1
0000013638,0000013159,201,2025-01-05 14:49:13,,1
0000013639,0000013160,201,2020-06-29 09:16:11,,1
0000013640,0000013161,201,2020-10-04 04:56:01,,1
0000013641,0000013162,201,2021-12-06 07:16:05,,1
0000013642,0000013163,634,2023-07-06 13:46:37,,1
0000013643,0000013164,634,2026-01-02 19:54:11,,1
0000013644,0000013165,408,2022-12-06 12:03:35,,1
0000013645,0000013166,634,2021-04-07 19:06:19,2021-04-10 01:25:07,0
0000013646,0000013166,996,2021-04-10 01:25:07,,1
0000013647,0000013167,634,2019-11-25 16:04:48,,1
0000013648,0000013168,258,2025-04-15 14:55:52,,1
0000013649,0000013169,634,2017-12-03 21:09:49,2017-12-06 23:23:21,0
0000013650,0000013169,499,2017-12-06 23:23:21,,1
0000013651,0000013170,634,2024-05-23 22:37:29,,1
0000013652,0000013171,350,2017-07-22 12:26:18,,1
0000013653,0000013172,350,2019-04-24 23:24:38,,1
0000013654,0000013173,350,2016-04-05 09:54:33,,1
0000013655,0000013174,460,2017-04-12 18:59:47,,1
0000013656,0000013175,460,2017-09-30 00:00:58,,1
0000013657,0000013176,460,2018-05-18 16:24:06,,1
0000013658,0000013177,787,2025-05-14 02:03:11,,1
0000013659,0000013178,701,2019-07-19 13:41:05,,1
0000013660,0000013179,867,2026-03-27 15:28:55,,1
0000013661,0000013180,14,2024-02-18 14:36:24,,1
0000013662,0000013181,14,2016-12-17 07:00:04,,1
0000013663,0000013182,14,2024-04-07 09:22:38,,1
0000013664,0000013183,14,2024-06-25 01:39:12,,1
0000013665,0000013184,14,2019-08-23 21:16:59,,1
0000013666,0000013185,14,2017-10-06 01:39:54,,1
0000013667,0000013186,14,2020-01-06 08:47:41,,1
0000013668,0000013187,14,2017-05-30 04:44:00,,1
0000013669,0000013188,815,2024-05-07 02:22:53,,1
0000013670,0000013189,267,2024-02-24 03:31:10,,1
0000013671,0000013190,14,2019-05-05 17:57:14,,1
0000013672,0000013191,210,2021-08-01 00:44:02,,1
0000013673,0000013192,98,2017-11-09 17:42:58,,1
0000013674,0000013193,98,2018-07-31 14:26:12,,1
0000013675,0000013194,86,2024-10-11 10:02:54,,1
0000013676,0000013195,205,2021-10-12 12:20:29,,1
0000013677,0000013196,779,2022-03-25 10:13:31,,1
0000013678,0000013197,779,2021-11-22 17:27:52,,1
0000013679,0000013198,751,2021-08-27 11:51:50,2021-08-27 20:09:10,0
0000013680,0000013198,694,2021-08-27 20:09:10,,1
0000013681,0000013199,779,2024-10-31 00:52:23,,1
0000013682,0000013200,779,2022-02-22 14:43:02,,1
0000013683,0000013201,300,2025-07-28 22:18:41,,1
0000013684,0000013202,300,2020-04-28 04:04:44,,1
0000013685,0000013203,791,2026-10-01 01:45:47,,1
0000013686,0000013204,8,2021-04-25 12:48:17,,1
0000013687,0000013205,8,2017-08-22 13:15:24,2017-08-26 19:51:02,0
0000013688,0000013205,547,2017-08-26 19:51:02,,1
0000013689,0000013206,617,2017-05-07 21:08:27,,1
0000013690,0000013207,617,2019-06-25 23:02:28,,1
0000013691,0000013208,568,2018-04-15 15:58:30,,1
0000013692,0000013209,568,2020-06-14 18:49:49,,1
0000013693,0000013210,568,2021-12-02 13:00:41,,1
0000013694,0000013211,232,2022-08-29 09:04:19,,1
0000013695,0000013212,290,2015-10-16 20:13:03,,1
0000013696,0000013213,232,2022-12-20 21:30:43,,1
0000013697,0000013214,232,2019-07-09 19:03:44,,1
0000013698,0000013215,232,2021-06-24 22:08:07,,1
0000013699,0000013216,374,2024-04-19 22:49:03,,1
0000013700,0000013217,295,2022-05-30 14:51:58,,1
0000013701,0000013218,232,2015-09-06 22:53:56,,1
0000013702,0000013219,374,2023-06-24 14:35:56,,1
0000013703,0000013220,232,2018-03-17 22:17:21,,1
0000013704,0000013221,374,2024-06-30 05:25:47,2024-07-01 00:22:03,0
0000013705,0000013221,922,2024-07-01 00:22:03,,1
0000013706,0000013222,232,2016-11-27 19:43:39,,1
0000013707,0000013223,271,2019-10-19 16:28:56,,1
0000013708,0000013224,271,2022-04-12 05:53:22,,1
0000013709,0000013225,770,2017-07-03 16:34:28,,1
0000013710,0000013226,826,2017-04-03 13:20:01,,1
0000013711,0000013227,23,2017-10-09 21:31:50,,1
0000013712,0000013228,23,2016-12-14 09:06:18,,1
0000013713,0000013229,23,2018-05-17 09:52:21,2018-05-19 18:18:01,0
0000013714,0000013229,304,2018-05-19 18:18:01,,1
0000013715,0000013230,275,2018-04-09 19:13:32,,1
0000013716,0000013231,23,2017-09-21 02:00:58,,1
0000013717,0000013232,23,2017-02-28 20:59:14,,1
0000013718,0000013233,23,2017-11-11 14:09:44,,1
0000013719,0000013234,23,2016-08-22 02:24:06,,1
0000013720,0000013235,23,2017-10-04 04:48:06,,1
0000013721,0000013236,23,2017-05-04 23:45:27,,1
0000013722,0000013237,23,2016-12-16 22:38:22,,1
0000013723,0000013238,23,2016-10-05 09:29:38,,1
0000013724,0000013239,88,2026-02-13 02:16:37,,1
0000013725,0000013240,357,2020-03-05 01:54:14,,1
0000013726,0000013241,357,2020-10-18 13:16:41,,1
0000013727,0000013242,168,2023-02-02 06:03:09,,1
0000013728,0000013243,96,2017-06-25 13:09:36,,1
0000013729,0000013244,96,2020-04-27 01:18:49,,1
0000013730,0000013245,96,2016-03-26 18:47:23,,1
0000013731,0000013246,96,2023-02-08 23:21:38,,1
0000013732,0000013247,96,2018-02-05 05:53:34,,1
0000013733,0000013248,161,2019-10-20 23:20:40,,1
0000013734,0000013249,909,2018-07-31 09:27:30,,1
0000013735,0000013250,95,2025-06-17 11:40:51,,1
0000013736,0000013251,361,2021-10-26 22:49:36,,1
0000013737,0000013252,361,2017-02-21 21:45:07,,1
0000013738,0000013253,361,2023-12-06 08:25:38,,1
0000013739,0000013254,956,2024-08-16 23:49:59,,1
0000013740,0000013255,976,2017-09-12 11:49:53,,1
0000013741,0000013256,647,2024-08-19 14:39:30,,1
0000013742,0000013257,976,2021-11-20 10:46:23,,1
0000013743,0000013258,367,2024-12-11 04:10:58,,1
0000013744,0000013259,602,2021-10-05 01:18:40,,1
0000013745,0000013260,390,2023-11-08 21:53:20,,1
0000013746,0000013261,390,2023-07-07 01:15:01,,1
0000013747,0000013262,280,2022-05-23 09:56:55,,1
0000013748,0000013263,794,2018-10-24 18:25:25,,1
0000013749,0000013264,356,2024-10-06 20:45:55,,1
0000013750,0000013265,794,2021-08-04 14:56:20,,1
0000013751,0000013266,953,2025-11-02 17:03:39,,1
0000013752,0000013267,953,2025-04-06 23:54:17,,1
0000013753,0000013268,77,2016-01-17 15:55:08,,1
0000013754,0000013269,77,2015-07-19 04:44:28,,1
0000013755,0000013270,781,2017-12-21 02:27:36,,1
0000013756,0000013271,781,2019-02-20 23:48:53,,1
0000013757,0000013272,900,2017-12-16 05:37:52,,1
0000013758,0000013273,150,2018-09-10 09:40:03,,1
0000013759,0000013274,973,2025-01-02 06:23:47,,1
0000013760,0000013275,616,2019-04-25 18:32:17,,1
0000013761,0000013276,973,2023-10-30 13:31:17,,1
0000013762,0000013277,631,2022-08-09 20:39:15,,1
0000013763,0000013278,286,2016-09-03 06:10:56,,1
0000013764,0000013279,333,2026-05-30 21:57:35,,1
0000013765,0000013280,323,2021-09-07 03:54:16,,1
0000013766,0000013281,323,2021-02-06 12:57:50,,1
0000013767,0000013282,10,2022-11-17 02:55:01,,1
0000013768,0000013283,951,2019-08-07 22:06:39,,1
0000013769,0000013284,951,2018-07-25 18:34:38,,1
0000013770,0000013285,494,2016-03-29 12:00:00,,1
0000013771,0000013286,496,2018-03-09 09:25:39,,1
0000013772,0000013287,237,2016-01-29 14:09:41,,1
0000013773,0000013288,281,2022-10-28 23:08:45,2022-11-01 08:30:33,0
0000013774,0000013288,46,2022-11-01 08:30:33,,1
0000013775,0000013289,192,2017-10-04 02:24:02,,1
0000013776,0000013290,952,2015-04-30 22:39:12,,1
0000013777,0000013291,291,2019-04-13 08:09:59,,1
0000013778,0000013292,291,2016-10-08 20:11:10,,1
0000013779,0000013293,496,2024-07-10 23:40:22,,1
0000013780,0000013294,449,2015-06-12 13:48:32,,1
0000013781,0000013295,593,2014-11-16 09:28:52,,1
0000013782,0000013296,855,2021-10-11 07:08:15,,1
0000013783,0000013297,248,2025-08-23 11:25:49,,1
0000013784,0000013298,85,2021-11-19 20:30:04,,1
0000013785,0000013299,85,2021-12-04 04:50:15,,1
0000013786,0000013300,333,2025-03-07 18:50:16,,1
0000013787,0000013301,85,2016-06-03 22:53:41,,1
0000013788,0000013302,85,2019-12-28 17:20:34,,1
0000013789,0000013303,22,2016-06-12 19:56:01,,1
0000013790,0000013304,79,2016-11-09 01:05:33,2016-11-10 22:39:31,0
0000013791,0000013304,772,2016-11-10 22:39:31,,1
0000013792,0000013305,832,2017-09-05 19:43:21,,1
0000013793,0000013306,222,2022-10-09 13:22:28,,1
0000013794,0000013307,832,2019-08-04 02:26:47,,1
0000013795,0000013308,819,2016-04-02 09:53:09,,1
0000013796,0000013309,92,2024-03-21 07:13:09,,1
0000013797,0000013310,92,2024-10-08 06:39:34,,1
0000013798,0000013311,338,2022-05-11 10:44:31,,1
0000013799,0000013312,338,2020-06-11 01:38:14,,1
0000013800,0000013313,338,2020-02-14 06:47:25,,1
0000013801,0000013314,872,2019-04-01 14:58:21,,1
0000013802,0000013315,353,2026-02-20 11:05:43,,1
0000013803,0000013316,767,2021-05-16 05:19:57,,1
0000013804,0000013317,872,2021-08-15 08:17:32,,1
0000013805,0000013318,872,2016-11-05 11:46:32,,1
0000013806,0000013319,872,2017-12-27 09:54:39,,1
0000013807,0000013320,872,2018-06-16 02:28:31,,1
0000013808,0000013321,872,2022-05-09 23:45:50,,1
0000013809,0000013322,847,2021-05-15 20:54:09,,1
0000013810,0000013323,872,2018-10-25 05:08:33,,1
0000013811,0000013324,872,2018-06-27 02:30:41,,1
0000013812,0000013325,872,2023-09-02 01:01:11,,1
0000013813,0000013326,981,2019-10-06 04:57:02,,1
0000013814,0000013327,981,2017-07-13 06:51:36,,1
0000013815,0000013328,981,2018-04-15 08:51:12,,1
0000013816,0000013329,509,2026-08-07 23:45:46,,1
0000013817,0000013330,509,2019-04-21 20:14:33,,1
0000013818,0000013331,509,2025-11-26 03:18:10,,1
0000013819,0000013332,175,2023-10-18 05:59:02,,1
0000013820,0000013333,509,2025-07-31 18:47:02,,1
0000013821,0000013334,930,2022-12-23 06:39:02,,1
0000013822,0000013335,930,2025-10-26 22:55:15,,1
0000013823,0000013336,930,2024-06-06 09:36:48,,1
0000013824,0000013337,930,2025-11-02 20:09:16,,1
0000013825,0000013338,930,2022-10-17 13:10:10,,1
0000013826,0000013339,67,2018-09-04 08:57:47,,1
0000013827,0000013340,624,2021-07-18 12:19:42,,1
0000013828,0000013341,891,2026-05-14 14:27:38,,1
0000013829,0000013342,624,2017-04-08 11:39:14,,1
0000013830,0000013343,624,2022-07-29 10:51:44,,1
0000013831,0000013344,245,2018-04-27 03:05:52,,1
0000013832,0000013345,338,2020-09-11 00:57:18,,1
0000013833,0000013346,188,2021-09-23 13:25:28,,1
0000013834,0000013347,984,2024-11-01 11:52:05,,1
0000013835,0000013348,698,2026-08-16 19:18:12,,1
0000013836,0000013349,984,2019-01-09 08:07:00,,1
0000013837,0000013350,246,2024-07-28 20:42:04,,1
0000013838,0000013351,672,2018-08-20 02:12:15,,1
0000013839,0000013352,672,2026-05-13 06:04:21,,1
0000013840,0000013353,672,2020-01-13 07:14:54,,1
0000013841,0000013354,337,2021-01-28 08:46:08,,1
0000013842,0000013355,337,2022-09-04 13:37:16,,1
0000013843,0000013356,337,2022-04-20 08:17:05,,1
0000013844,0000013357,382,2026-03-17 04:02:26,,1
0000013845,0000013358,337,2024-04-21 14:31:34,,1
0000013846,0000013359,337,2022-12-06 06:11:24,,1
0000013847,0000013360,337,2020-08-16 01:25:45,,1
0000013848,0000013361,337,2020-11-14 07:34:47,,1
0000013849,0000013362,853,2019-09-06 15:42:04,,1
0000013850,0000013363,234,2026-06-04 16:11:35,,1
0000013851,0000013364,234,2024-03-14 16:02:37,,1
0000013852,0000013365,234,2017-09-16 09:59:56,,1
0000013853,0000013366,859,2023-02-19 04:23:32,,1
0000013854,0000013367,234,2017-11-13 10:55:27,,1
0000013855,0000013368,537,2018-11-21 07:53:14,,1
0000013856,0000013369,851,2017-07-18 20:56:52,,1
0000013857,0000013370,108,2024-05-22 12:44:23,,1
0000013858,0000013371,851,2015-08-14 23:41:34,,1
0000013859,0000013372,851,2016-01-02 15:24:58,,1
0000013860,0000013373,851,2017-03-15 21:20:06,,1
0000013861,0000013374,231,2020-12-26 02:01:57,,1
0000013862,0000013375,231,2026-06-29 08:08:08,,1
0000013863,0000013376,385,2016-09-10 20:29:44,,1
0000013864,0000013377,640,2016-07-05 15:55:55,,1
0000013865,0000013378,640,2024-02-25 23:30:18,,1
0000013866,0000013379,640,2020-10-09 12:56:32,,1
0000013867,0000013380,732,2020-10-15 06:31:21,,1
0000013868,0000013381,732,2019-09-09 00:42:35,,1
0000013869,0000013382,732,2022-11-09 17:59:10,,1
0000013870,0000013383,732,2024-06-08 10:26:45,,1
0000013871,0000013384,732,2024-01-30 17:51:01,,1
0000013872,0000013385,732,2020-08-28 08:52:40,,1
0000013873,0000013386,732,2021-08-09 10:39:34,,1
0000013874,0000013387,732,2023-09-22 16:51:47,,1
0000013875,0000013388,910,2025-07-03 01:40:19,,1
0000013876,0000013389,688,2026-09-22 14:20:02,,1
0000013877,0000013390,314,2017-03-23 02:49:50,,1
0000013878,0000013391,314,2026-06-05 11:56:26,,1
0000013879,0000013392,314,2025-08-25 21:47:40,,1
0000013880,0000013393,314,2020-08-21 17:02:55,,1
0000013881,0000013394,314,2019-08-12 17:52:40,,1
0000013882,0000013395,940,2024-08-19 15:55:33,2024-08-22 21:02:47,0
0000013883,0000013395,67,2024-08-22 21:02:47,,1
0000013884,0000013396,29,2020-09-28 02:27:28,,1
0000013885,0000013397,29,2022-07-15 19:06:18,,1
0000013886,0000013398,29,2018-04-04 07:08:25,,1
0000013887,0000013399,29,2017-06-28 17:10:43,,1
0000013888,0000013400,29,2017-02-08 05:56:07,,1
0000013889,0000013401,329,2018-11-25 12:26:29,,1
0000013890,0000013402,777,2022-08-22 00:20:58,,1
0000013891,0000013403,827,2021-10-02 11:20:50,,1
0000013892,0000013404,411,2021-09-03 13:44:12,,1
0000013893,0000013405,329,2021-09-22 09:10:17,,1
0000013894,0000013406,329,2021-01-18 05:57:15,,1
0000013895,0000013407,329,2021-01-10 06:31:07,,1
0000013896,0000013408,329,2022-03-16 20:38:27,,1
0000013897,0000013409,391,2021-05-13 02:21:14,,1
0000013898,0000013410,980,2018-10-24 17:16:47,,1
0000013899,0000013411,96,2020-12-23 00:37:39,,1
0000013900,0000013412,714,2018-04-08 18:09:02,,1
0000013901,0000013413,393,2016-02-01 13:25:16,,1
0000013902,0000013414,262,2016-08-19 12:57:22,,1
0000013903,0000013415,262,2016-07-05 23:28:45,,1
0000013904,0000013416,262,2016-03-20 13:25:54,,1
0000013905,0000013417,262,2016-05-02 22:58:00,,1
0000013906,0000013418,425,2020-09-18 01:51:17,,1
0000013907,0000013419,918,2022-08-05 11:22:38,,1
0000013908,0000013420,918,2020-01-13 15:17:23,,1
0000013909,0000013421,918,2016-03-08 12:05:14,,1
0000013910,0000013422,489,2022-05-24 17:32:56,,1
0000013911,0000013423,489,2026-02-06 10:25:58,,1
0000013912,0000013424,489,2026-02-04 17:10:01,,1
0000013913,0000013425,460,2023-03-21 12:28:25,,1
0000013914,0000013426,460,2019-06-10 13:48:38,,1
0000013915,0000013427,76,2025-07-17 01:39:23,,1
0000013916,0000013428,677,2021-12-01 15:06:34,,1
0000013917,0000013429,354,2018-09-11 22:51:54,,1
0000013918,0000013430,354,2023-06-28 07:34:47,,1
0000013919,0000013431,949,2021-06-18 23:19:16,,1
0000013920,0000013432,578,2016-08-01 21:17:48,,1
0000013921,0000013433,578,2023-09-27 23:04:26,,1
0000013922,0000013434,578,2023-05-01 18:46:03,,1
0000013923,0000013435,578,2024-02-25 04:00:37,,1
0000013924,0000013436,578,2017-04-29 20:42:31,,1
0000013925,0000013437,578,2026-04-27 07:39:29,,1
0000013926,0000013438,578,2016-12-16 10:59:50,,1
0000013927,0000013439,578,2022-01-25 12:45:17,,1
0000013928,0000013440,511,2025-08-11 18:22:07,,1
0000013929,0000013441,511,2021-10-30 14:25:35,,1
