order_id,order_channel,shipping_method,currency
0000000001,MOBILE_APP,STANDARD,USD
0000000002,MOBILE_APP,EXPRESS,USD
0000000003,WEB,STANDARD,USD
0000000004,CALL_CENTER,EXPRESS,USD
0000000005,WEB,EXPRESS,USD
0000000006,MOBILE_APP,EXPRESS,USD
0000000007,WEB,STANDARD,USD
0000000008,WEB,EXPRESS,USD
0000000009,WEB,STANDARD,USD
0000000010,WEB,STANDARD,USD
0000000011,MOBILE_APP,EXPRESS,USD
0000000012,MOBILE_APP,STANDARD,USD
0000000013,WEB,STANDARD,USD
0000000014,WEB,PICKUP,USD
0000000015,WEB,PICKUP,USD
0000000016,WEB,STANDARD,USD
0000000017,MOBILE_APP,EXPRESS,USD
0000000018,WEB,STANDARD,USD
0000000019,MOBILE_APP,STANDARD,USD
0000000020,CALL_CENTER,STANDARD,USD
0000000021,WEB,STANDARD,USD
0000000022,MOBILE_APP,EXPRESS,USD
0000000023,WEB,STANDARD,USD
0000000024,WEB,STANDARD,USD
0000000025,WEB,STANDARD,USD
0000000026,MOBILE_APP,STANDARD,USD
0000000027,WEB,EXPRESS,USD
0000000028,MOBILE_APP,STANDARD,USD
0000000029,MOBILE_APP,STANDARD,USD
0000000030,MOBILE_APP,STANDARD,USD
0000000031,MOBILE_APP,STANDARD,USD
0000000032,WEB,STANDARD,USD
0000000033,WEB,EXPRESS,USD
0000000034,WEB,STANDARD,USD
0000000035,MOBILE_APP,EXPRESS,USD
0000000036,WEB,STANDARD,USD
0000000037,WEB,PICKUP,USD
0000000038,WEB,STANDARD,USD
0000000039,MOBILE_APP,PICKUP,USD
0000000040,WEB,EXPRESS,USD
0000000041,MOBILE_APP,STANDARD,USD
0000000042,MOBILE_APP,STANDARD,USD
0000000043,MOBILE_APP,STANDARD,USD
0000000044,WEB,STANDARD,USD
0000000045,WEB,EXPRESS,USD
0000000046,WEB,STANDARD,USD
0000000047,WEB,STANDARD,USD
0000000048,WEB,STANDARD,USD
0000000049,WEB,EXPRESS,USD
0000000050,WEB,STANDARD,USD
0000000051,MOBILE_APP,STANDARD,USD
0000000052,MOBILE_APP,PICKUP,USD
0000000053,MOBILE_APP,STANDARD,USD
0000000054,MOBILE_APP,STANDARD,USD
0000000055,WEB,STANDARD,USD
0000000056,WEB,EXPRESS,USD
0000000057,MOBILE_APP,STANDARD,USD
0000000058,MOBILE_APP,STANDARD,USD
0000000059,WEB,EXPRESS,USD
0000000060,MOBILE_APP,EXPRESS,USD
0000000061,WEB,PICKUP,USD
0000000062,WEB,EXPRESS,USD
0000000063,MOBILE_APP,STANDARD,USD
0000000064,WEB,STANDARD,USD
0000000065,WEB,STANDARD,USD
0000000066,WEB,EXPRESS,USD
0000000067,MOBILE_APP,STANDARD,USD
0000000068,MOBILE_APP,STANDARD,USD
0000000069,CALL_CENTER,STANDARD,USD
0000000070,MOBILE_APP,STANDARD,USD
0000000071,MOBILE_APP,STANDARD,USD
0000000072,WEB,STANDARD,USD
0000000073,WEB,EXPRESS,USD
0000000074,MOBILE_APP,EXPRESS,USD
0000000075,WEB,PICKUP,USD
0000000076,MOBILE_APP,STANDARD,USD
0000000077,WEB,EXPRESS,USD
0000000078,WEB,STANDARD,USD
0000000079,MOBILE_APP,EXPRESS,USD
0000000080,WEB,STANDARD,USD
0000000081,MOBILE_APP,EXPRESS,USD
0000000082,WEB,STANDARD,USD
0000000083,MOBILE_APP,EXPRESS,USD
0000000084,MOBILE_APP,EXPRESS,USD
0000000085,WEB,STANDARD,USD
0000000086,WEB,STANDARD,USD
0000000087,WEB,STANDARD,USD
0000000088,MOBILE_APP,STANDARD,USD
0000000089,MOBILE_APP,STANDARD,USD
0000000090,WEB,STANDARD,USD
0000000091,WEB,EXPRESS,USD
0000000092,WEB,STANDARD,USD
0000000093,MOBILE_APP,EXPRESS,USD
0000000094,MOBILE_APP,STANDARD,USD
0000000095,MOBILE_APP,STANDARD,USD
0000000096,WEB,STANDARD,USD
0000000097,WEB,STANDARD,USD
0000000098,WEB,STANDARD,USD
0000000099,WEB,STANDARD,USD
0000000100,WEB,STANDARD,USD
0000000101,WEB,STANDARD,USD
0000000102,WEB,STANDARD,USD
0000000103,MOBILE_APP,STANDARD,USD
0000000104,MOBILE_APP,STANDARD,USD
0000000105,MOBILE_APP,STANDARD,USD
0000000106,WEB,EXPRESS,USD
0000000107,CALL_CENTER,STANDARD,USD
0000000108,MOBILE_APP,STANDARD,USD
0000000109,WEB,EXPRESS,USD
0000000110,WEB,STANDARD,USD
0000000111,WEB,STANDARD,USD
0000000112,WEB,STANDARD,USD
0000000113,WEB,EXPRESS,USD
0000000114,WEB,EXPRESS,USD
0000000115,MOBILE_APP,EXPRESS,USD
0000000116,WEB,STANDARD,USD
0000000117,WEB,STANDARD,USD
0000000118,MOBILE_APP,STANDARD,USD
0000000119,WEB,STANDARD,USD
0000000120,WEB,STANDARD,USD
0000000121,MOBILE_APP,STANDARD,USD
0000000122,MOBILE_APP,STANDARD,USD
0000000123,WEB,STANDARD,USD
0000000124,WEB,EXPRESS,USD
0000000125,WEB,STANDARD,USD
0000000126,WEB,STANDARD,USD
0000000127,MOBILE_APP,EXPRESS,USD
0000000128,WEB,STANDARD,USD
0000000129,WEB,STANDARD,USD
0000000130,WEB,STANDARD,USD
0000000131,WEB,EXPRESS,USD
0000000132,WEB,STANDARD,USD
0000000133,CALL_CENTER,STANDARD,USD
0000000134,WEB,PICKUP,USD
0000000135,WEB,EXPRESS,USD
0000000136,MOBILE_APP,EXPRESS,USD
0000000137,WEB,STANDARD,USD
0000000138,WEB,STANDARD,USD
0000000139,WEB,STANDARD,USD
0000000140,MOBILE_APP,STANDARD,USD
0000000141,MOBILE_APP,STANDARD,USD
0000000142,WEB,STANDARD,USD
0000000143,WEB,STANDARD,USD
0000000144,WEB,PICKUP,USD
0000000145,WEB,STANDARD,USD
0000000146,WEB,STANDARD,USD
0000000147,WEB,STANDARD,USD
0000000148,CALL_CENTER,STANDARD,USD
0000000149,MOBILE_APP,EXPRESS,USD
0000000150,MOBILE_APP,EXPRESS,USD
0000000151,WEB,STANDARD,USD
0000000152,MOBILE_APP,STANDARD,USD
0000000153,WEB,STANDARD,USD
0000000154,MOBILE_APP,STANDARD,USD
0000000155,MOBILE_APP,STANDARD,USD
0000000156,MOBILE_APP,STANDARD,USD
0000000157,WEB,STANDARD,USD
0000000158,MOBILE_APP,PICKUP,USD
0000000159,MOBILE_APP,STANDARD,USD
0000000160,MOBILE_APP,STANDARD,USD
0000000161,MOBILE_APP,STANDARD,USD
0000000162,WEB,STANDARD,USD
0000000163,MOBILE_APP,STANDARD,USD
0000000164,MOBILE_APP,PICKUP,USD
0000000165,WEB,STANDARD,USD
0000000166,MOBILE_APP,STANDARD,USD
0000000167,WEB,STANDARD,USD
0000000168,CALL_CENTER,STANDARD,USD
0000000169,MOBILE_APP,STANDARD,USD
0000000170,WEB,STANDARD,USD
0000000171,MOBILE_APP,STANDARD,USD
0000000172,WEB,STANDARD,USD
0000000173,WEB,STANDARD,USD
0000000174,WEB,STANDARD,USD
0000000175,MOBILE_APP,STANDARD,USD
0000000176,MOBILE_APP,EXPRESS,USD
0000000177,WEB,PICKUP,USD
0000000178,WEB,STANDARD,USD
0000000179,MOBILE_APP,STANDARD,USD
0000000180,MOBILE_APP,EXPRESS,USD
0000000181,WEB,STANDARD,USD
0000000182,WEB,STANDARD,USD
0000000183,WEB,STANDARD,USD
0000000184,MOBILE_APP,EXPRESS,USD
0000000185,WEB,STANDARD,USD
0000000186,MOBILE_APP,STANDARD,USD
0000000187,MOBILE_APP,STANDARD,USD
0000000188,MOBILE_APP,STANDARD,USD
0000000189,MOBILE_APP,STANDARD,USD
0000000190,WEB,STANDARD,USD
0000000191,MOBILE_APP,STANDARD,USD
0000000192,MOBILE_APP,STANDARD,USD
0000000193,WEB,STANDARD,USD
0000000194,MOBILE_APP,EXPRESS,USD
0000000195,WEB,EXPRESS,USD
0000000196,MOBILE_APP,STANDARD,USD
0000000197,MOBILE_APP,EXPRESS,USD
0000000198,WEB,STANDARD,USD
0000000199,MOBILE_APP,STANDARD,USD
0000000200,WEB,STANDARD,USD
0000000201,MOBILE_APP,STANDARD,USD
0000000202,WEB,STANDARD,USD
0000000203,MOBILE_APP,PICKUP,USD
0000000204,WEB,STANDARD,USD
0000000205,MOBILE_APP,STANDARD,USD
0000000206,WEB,STANDARD,USD
0000000207,CALL_CENTER,PICKUP,USD
0000000208,MOBILE_APP,STANDARD,USD
0000000209,MOBILE_APP,PICKUP,USD
0000000210,MOBILE_APP,EXPRESS,USD
0000000211,MOBILE_APP,STANDARD,USD
0000000212,WEB,STANDARD,USD
0000000213,MOBILE_APP,STANDARD,USD
0000000214,WEB,STANDARD,USD
0000000215,WEB,STANDARD,USD
0000000216,MOBILE_APP,STANDARD,USD
0000000217,WEB,STANDARD,USD
0000000218,MOBILE_APP,EXPRESS,USD
0000000219,WEB,STANDARD,USD
0000000220,CALL_CENTER,STANDARD,USD
0000000221,WEB,EXPRESS,USD
0000000222,WEB,STANDARD,USD
0000000223,MOBILE_APP,STANDARD,USD
0000000224,WEB,PICKUP,USD
0000000225,WEB,STANDARD,USD
0000000226,MOBILE_APP,STANDARD,USD
0000000227,MOBILE_APP,STANDARD,USD
0000000228,MOBILE_APP,STANDARD,USD
0000000229,MOBILE_APP,STANDARD,USD
0000000230,WEB,EXPRESS,USD
0000000231,WEB,EXPRESS,USD
0000000232,CALL_CENTER,STANDARD,USD
0000000233,WEB,STANDARD,USD
0000000234,WEB,STANDARD,USD
0000000235,MOBILE_APP,EXPRESS,USD
0000000236,WEB,EXPRESS,USD
0000000237,WEB,STANDARD,USD
0000000238,WEB,STANDARD,USD
0000000239,MOBILE_APP,EXPRESS,USD
0000000240,MOBILE_APP,STANDARD,USD
0000000241,WEB,EXPRESS,USD
0000000242,WEB,EXPRESS,USD
0000000243,MOBILE_APP,STANDARD,USD
0000000244,WEB,STANDARD,USD
0000000245,WEB,STANDARD,USD
0000000246,WEB,EXPRESS,USD
0000000247,WEB,STANDARD,USD
0000000248,MOBILE_APP,STANDARD,USD
0000000249,MOBILE_APP,STANDARD,USD
0000000250,WEB,PICKUP,USD
0000000251,MOBILE_APP,STANDARD,USD
0000000252,WEB,STANDARD,USD
0000000253,MOBILE_APP,PICKUP,USD
0000000254,MOBILE_APP,STANDARD,USD
0000000255,MOBILE_APP,STANDARD,USD
0000000256,MOBILE_APP,STANDARD,USD
0000000257,WEB,STANDARD,USD
0000000258,MOBILE_APP,STANDARD,USD
0000000259,WEB,STANDARD,USD
0000000260,WEB,EXPRESS,USD
0000000261,WEB,STANDARD,USD
0000000262,WEB,STANDARD,USD
0000000263,MOBILE_APP,STANDARD,USD
0000000264,MOBILE_APP,EXPRESS,USD
0000000265,WEB,EXPRESS,USD
0000000266,WEB,STANDARD,USD
0000000267,MOBILE_APP,STANDARD,USD
0000000268,MOBILE_APP,STANDARD,USD
0000000269,WEB,STANDARD,USD
0000000270,CALL_CENTER,STANDARD,USD
0000000271,WEB,STANDARD,USD
0000000272,WEB,STANDARD,USD
0000000273,WEB,STANDARD,USD
0000000274,MOBILE_APP,STANDARD,USD
0000000275,WEB,PICKUP,USD
0000000276,WEB,STANDARD,USD
0000000277,WEB,STANDARD,USD
0000000278,WEB,EXPRESS,USD
0000000279,MOBILE_APP,STANDARD,USD
0000000280,WEB,STANDARD,USD
0000000281,WEB,STANDARD,USD
0000000282,MOBILE_APP,EXPRESS,USD
0000000283,CALL_CENTER,STANDARD,USD
0000000284,MOBILE_APP,STANDARD,USD
0000000285,WEB,EXPRESS,USD
0000000286,CALL_CENTER,STANDARD,USD
0000000287,WEB,PICKUP,USD
0000000288,WEB,STANDARD,USD
0000000289,WEB,STANDARD,USD
0000000290,MOBILE_APP,EXPRESS,USD
0000000291,MOBILE_APP,PICKUP,USD
0000000292,MOBILE_APP,EXPRESS,USD
0000000293,MOBILE_APP,STANDARD,USD
0000000294,MOBILE_APP,STANDARD,USD
0000000295,WEB,STANDARD,USD
0000000296,WEB,EXPRESS,USD
0000000297,MOBILE_APP,STANDARD,USD
0000000298,WEB,PICKUP,USD
0000000299,MOBILE_APP,STANDARD,USD
0000000300,WEB,STANDARD,USD
0000000301,MOBILE_APP,STANDARD,USD
0000000302,MOBILE_APP,STANDARD,USD
0000000303,WEB,EXPRESS,USD
0000000304,WEB,STANDARD,USD
0000000305,WEB,EXPRESS,USD
0000000306,MOBILE_APP,EXPRESS,USD
0000000307,MOBILE_APP,STANDARD,USD
0000000308,MOBILE_APP,STANDARD,USD
0000000309,WEB,STANDARD,USD
0000000310,WEB,STANDARD,USD
0000000311,MOBILE_APP,STANDARD,USD
0000000312,CALL_CENTER,EXPRESS,USD
0000000313,CALL_CENTER,STANDARD,USD
0000000314,MOBILE_APP,STANDARD,USD
0000000315,MOBILE_APP,STANDARD,USD
0000000316,MOBILE_APP,STANDARD,USD
0000000317,MOBILE_APP,EXPRESS,USD
0000000318,WEB,STANDARD,USD
0000000319,WEB,PICKUP,USD
0000000320,MOBILE_APP,EXPRESS,USD
0000000321,MOBILE_APP,STANDARD,USD
0000000322,WEB,STANDARD,USD
0000000323,WEB,STANDARD,USD
0000000324,CALL_CENTER,STANDARD,USD
0000000325,WEB,STANDARD,USD
0000000326,WEB,STANDARD,USD
0000000327,WEB,STANDARD,USD
0000000328,MOBILE_APP,STANDARD,USD
0000000329,WEB,STANDARD,USD
0000000330,MOBILE_APP,STANDARD,USD
0000000331,MOBILE_APP,STANDARD,USD
0000000332,WEB,STANDARD,USD
0000000333,WEB,PICKUP,USD
0000000334,WEB,EXPRESS,USD
0000000335,WEB,EXPRESS,USD
0000000336,CALL_CENTER,EXPRESS,USD
0000000337,MOBILE_APP,STANDARD,USD
0000000338,WEB,STANDARD,USD
0000000339,WEB,STANDARD,USD
0000000340,MOBILE_APP,EXPRESS,USD
0000000341,WEB,EXPRESS,USD
0000000342,WEB,STANDARD,USD
0000000343,CALL_CENTER,EXPRESS,USD
0000000344,WEB,EXPRESS,USD
0000000345,WEB,STANDARD,USD
0000000346,WEB,STANDARD,USD
0000000347,WEB,STANDARD,USD
0000000348,WEB,STANDARD,USD
0000000349,WEB,STANDARD,USD
0000000350,WEB,STANDARD,USD
0000000351,WEB,EXPRESS,USD
0000000352,WEB,PICKUP,USD
0000000353,MOBILE_APP,STANDARD,USD
0000000354,MOBILE_APP,STANDARD,USD
0000000355,WEB,STANDARD,USD
0000000356,MOBILE_APP,PICKUP,USD
0000000357,WEB,PICKUP,USD
0000000358,MOBILE_APP,STANDARD,USD
0000000359,MOBILE_APP,EXPRESS,USD
0000000360,WEB,STANDARD,USD
0000000361,WEB,STANDARD,USD
0000000362,WEB,STANDARD,USD
0000000363,WEB,STANDARD,USD
0000000364,WEB,STANDARD,USD
0000000365,MOBILE_APP,STANDARD,USD
0000000366,MOBILE_APP,STANDARD,USD
0000000367,MOBILE_APP,STANDARD,USD
0000000368,MOBILE_APP,STANDARD,USD
0000000369,MOBILE_APP,PICKUP,USD
0000000370,WEB,STANDARD,USD
0000000371,WEB,STANDARD,USD
0000000372,WEB,STANDARD,USD
0000000373,MOBILE_APP,STANDARD,USD
0000000374,WEB,STANDARD,USD
0000000375,WEB,STANDARD,USD
0000000376,WEB,PICKUP,USD
0000000377,MOBILE_APP,STANDARD,USD
0000000378,MOBILE_APP,STANDARD,USD
0000000379,MOBILE_APP,STANDARD,USD
0000000380,WEB,EXPRESS,USD
0000000381,CALL_CENTER,STANDARD,USD
0000000382,MOBILE_APP,STANDARD,USD
0000000383,CALL_CENTER,STANDARD,USD
0000000384,WEB,STANDARD,USD
0000000385,WEB,EXPRESS,USD
0000000386,WEB,STANDARD,USD
0000000387,MOBILE_APP,STANDARD,USD
0000000388,WEB,STANDARD,USD
0000000389,WEB,STANDARD,USD
0000000390,MOBILE_APP,EXPRESS,USD
0000000391,WEB,STANDARD,USD
0000000392,MOBILE_APP,STANDARD,USD
0000000393,WEB,STANDARD,USD
0000000394,WEB,STANDARD,USD
0000000395,WEB,STANDARD,USD
0000000396,MOBILE_APP,EXPRESS,USD
0000000397,WEB,STANDARD,USD
0000000398,WEB,STANDARD,USD
0000000399,WEB,STANDARD,USD
0000000400,WEB,EXPRESS,USD
0000000401,MOBILE_APP,EXPRESS,USD
0000000402,MOBILE_APP,STANDARD,USD
0000000403,MOBILE_APP,STANDARD,USD
0000000404,WEB,STANDARD,USD
0000000405,WEB,STANDARD,USD
0000000406,CALL_CENTER,STANDARD,USD
0000000407,WEB,STANDARD,USD
0000000408,CALL_CENTER,PICKUP,USD
0000000409,WEB,STANDARD,USD
0000000410,MOBILE_APP,STANDARD,USD
0000000411,WEB,EXPRESS,USD
0000000412,WEB,STANDARD,USD
0000000413,WEB,PICKUP,USD
0000000414,MOBILE_APP,STANDARD,USD
0000000415,WEB,STANDARD,USD
0000000416,MOBILE_APP,STANDARD,USD
0000000417,WEB,STANDARD,USD
0000000418,WEB,PICKUP,USD
0000000419,WEB,STANDARD,USD
0000000420,WEB,STANDARD,USD
0000000421,MOBILE_APP,STANDARD,USD
0000000422,MOBILE_APP,STANDARD,USD
0000000423,MOBILE_APP,STANDARD,USD
0000000424,MOBILE_APP,STANDARD,USD
0000000425,WEB,PICKUP,USD
0000000426,MOBILE_APP,EXPRESS,USD
0000000427,MOBILE_APP,STANDARD,USD
0000000428,MOBILE_APP,STANDARD,USD
0000000429,WEB,STANDARD,USD
0000000430,MOBILE_APP,STANDARD,USD
0000000431,WEB,PICKUP,USD
0000000432,WEB,STANDARD,USD
0000000433,MOBILE_APP,EXPRESS,USD
0000000434,MOBILE_APP,STANDARD,USD
0000000435,MOBILE_APP,STANDARD,USD
0000000436,MOBILE_APP,STANDARD,USD
0000000437,WEB,EXPRESS,USD
0000000438,MOBILE_APP,STANDARD,USD
0000000439,WEB,STANDARD,USD
0000000440,WEB,STANDARD,USD
0000000441,MOBILE_APP,STANDARD,USD
0000000442,WEB,STANDARD,USD
0000000443,WEB,PICKUP,USD
0000000444,WEB,STANDARD,USD
0000000445,MOBILE_APP,EXPRESS,USD
0000000446,WEB,STANDARD,USD
0000000447,CALL_CENTER,STANDARD,USD
0000000448,WEB,EXPRESS,USD
0000000449,WEB,STANDARD,USD
0000000450,WEB,STANDARD,USD
0000000451,WEB,STANDARD,USD
0000000452,WEB,STANDARD,USD
0000000453,MOBILE_APP,EXPRESS,USD
0000000454,WEB,PICKUP,USD
0000000455,MOBILE_APP,STANDARD,USD
0000000456,WEB,STANDARD,USD
0000000457,WEB,PICKUP,USD
0000000458,WEB,STANDARD,USD
0000000459,MOBILE_APP,STANDARD,USD
0000000460,MOBILE_APP,STANDARD,USD
0000000461,MOBILE_APP,EXPRESS,USD
0000000462,WEB,EXPRESS,USD
0000000463,MOBILE_APP,STANDARD,USD
0000000464,MOBILE_APP,STANDARD,USD
0000000465,WEB,STANDARD,USD
0000000466,WEB,PICKUP,USD
0000000467,WEB,STANDARD,USD
0000000468,MOBILE_APP,STANDARD,USD
0000000469,MOBILE_APP,EXPRESS,USD
0000000470,WEB,EXPRESS,USD
0000000471,MOBILE_APP,EXPRESS,USD
0000000472,WEB,STANDARD,USD
0000000473,MOBILE_APP,STANDARD,USD
0000000474,WEB,EXPRESS,USD
0000000475,WEB,STANDARD,USD
0000000476,WEB,STANDARD,USD
0000000477,WEB,STANDARD,USD
0000000478,WEB,EXPRESS,USD
0000000479,WEB,STANDARD,USD
0000000480,MOBILE_APP,STANDARD,USD
0000000481,WEB,STANDARD,USD
0000000482,MOBILE_APP,EXPRESS,USD
0000000483,MOBILE_APP,EXPRESS,USD
0000000484,WEB,STANDARD,USD
0000000485,WEB,EXPRESS,USD
0000000486,WEB,STANDARD,USD
0000000487,WEB,STANDARD,USD
0000000488,WEB,STANDARD,USD
0000000489,WEB,PICKUP,USD
0000000490,WEB,STANDARD,USD
0000000491,WEB,STANDARD,USD
0000000492,WEB,STANDARD,USD
0000000493,WEB,STANDARD,USD
0000000494,MOBILE_APP,STANDARD,USD
0000000495,WEB,PICKUP,USD
0000000496,MOBILE_APP,STANDARD,USD
0000000497,WEB,STANDARD,USD
0000000498,WEB,STANDARD,USD
0000000499,WEB,STANDARD,USD
0000000500,WEB,STANDARD,USD
0000000501,MOBILE_APP,STANDARD,USD
0000000502,MOBILE_APP,STANDARD,USD
0000000503,MOBILE_APP,EXPRESS,USD
0000000504,MOBILE_APP,PICKUP,USD
0000000505,MOBILE_APP,STANDARD,USD
0000000506,WEB,STANDARD,USD
0000000507,MOBILE_APP,STANDARD,USD
0000000508,MOBILE_APP,PICKUP,USD
0000000509,CALL_CENTER,STANDARD,USD
0000000510,MOBILE_APP,STANDARD,USD
0000000511,WEB,STANDARD,USD
0000000512,WEB,EXPRESS,USD
0000000513,WEB,STANDARD,USD
0000000514,WEB,STANDARD,USD
0000000515,MOBILE_APP,EXPRESS,USD
0000000516,MOBILE_APP,STANDARD,USD
0000000517,WEB,STANDARD,USD
0000000518,MOBILE_APP,STANDARD,USD
0000000519,WEB,EXPRESS,USD
0000000520,WEB,STANDARD,USD
0000000521,WEB,STANDARD,USD
0000000522,WEB,STANDARD,USD
0000000523,WEB,PICKUP,USD
0000000524,WEB,STANDARD,USD
0000000525,WEB,STANDARD,USD
0000000526,WEB,STANDARD,USD
0000000527,WEB,STANDARD,USD
0000000528,WEB,STANDARD,USD
0000000529,WEB,STANDARD,USD
0000000530,MOBILE_APP,STANDARD,USD
0000000531,WEB,STANDARD,USD
0000000532,MOBILE_APP,STANDARD,USD
0000000533,WEB,STANDARD,USD
0000000534,WEB,STANDARD,USD
0000000535,MOBILE_APP,STANDARD,USD
0000000536,WEB,STANDARD,USD
0000000537,MOBILE_APP,STANDARD,USD
0000000538,WEB,EXPRESS,USD
0000000539,MOBILE_APP,STANDARD,USD
0000000540,WEB,STANDARD,USD
0000000541,WEB,STANDARD,USD
0000000542,CALL_CENTER,PICKUP,USD
0000000543,CALL_CENTER,EXPRESS,USD
0000000544,CALL_CENTER,PICKUP,USD
0000000545,WEB,STANDARD,USD
0000000546,WEB,STANDARD,USD
0000000547,WEB,STANDARD,USD
0000000548,WEB,STANDARD,USD
0000000549,WEB,STANDARD,USD
0000000550,MOBILE_APP,PICKUP,USD
0000000551,MOBILE_APP,STANDARD,USD
0000000552,MOBILE_APP,STANDARD,USD
0000000553,WEB,STANDARD,USD
0000000554,WEB,STANDARD,USD
0000000555,WEB,EXPRESS,USD
0000000556,MOBILE_APP,STANDARD,USD
0000000557,WEB,STANDARD,USD
0000000558,MOBILE_APP,STANDARD,USD
0000000559,WEB,STANDARD,USD
0000000560,MOBILE_APP,STANDARD,USD
0000000561,WEB,STANDARD,USD
0000000562,MOBILE_APP,STANDARD,USD
0000000563,WEB,PICKUP,USD
0000000564,WEB,STANDARD,USD
0000000565,WEB,EXPRESS,USD
0000000566,MOBILE_APP,STANDARD,USD
0000000567,WEB,STANDARD,USD
0000000568,WEB,EXPRESS,USD
0000000569,MOBILE_APP,EXPRESS,USD
0000000570,MOBILE_APP,STANDARD,USD
0000000571,WEB,STANDARD,USD
0000000572,MOBILE_APP,STANDARD,USD
0000000573,MOBILE_APP,STANDARD,USD
0000000574,MOBILE_APP,EXPRESS,USD
0000000575,WEB,STANDARD,USD
0000000576,WEB,PICKUP,USD
0000000577,MOBILE_APP,STANDARD,USD
0000000578,WEB,STANDARD,USD
0000000579,WEB,EXPRESS,USD
0000000580,WEB,PICKUP,USD
0000000581,WEB,STANDARD,USD
0000000582,WEB,STANDARD,USD
0000000583,WEB,STANDARD,USD
0000000584,WEB,STANDARD,USD
0000000585,WEB,EXPRESS,USD
0000000586,MOBILE_APP,STANDARD,USD
0000000587,WEB,EXPRESS,USD
0000000588,WEB,PICKUP,USD
0000000589,WEB,STANDARD,USD
0000000590,MOBILE_APP,STANDARD,USD
0000000591,WEB,STANDARD,USD
0000000592,WEB,PICKUP,USD
0000000593,MOBILE_APP,PICKUP,USD
0000000594,MOBILE_APP,EXPRESS,USD
0000000595,MOBILE_APP,STANDARD,USD
0000000596,MOBILE_APP,STANDARD,USD
0000000597,WEB,EXPRESS,USD
0000000598,WEB,STANDARD,USD
0000000599,WEB,STANDARD,USD
0000000600,WEB,STANDARD,USD
0000000601,WEB,STANDARD,USD
0000000602,WEB,STANDARD,USD
0000000603,MOBILE_APP,STANDARD,USD
0000000604,MOBILE_APP,EXPRESS,USD
0000000605,MOBILE_APP,STANDARD,USD
0000000606,WEB,STANDARD,USD
0000000607,WEB,STANDARD,USD
0000000608,MOBILE_APP,PICKUP,USD
0000000609,WEB,PICKUP,USD
0000000610,WEB,STANDARD,USD
0000000611,WEB,STANDARD,USD
0000000612,MOBILE_APP,EXPRESS,USD
0000000613,WEB,STANDARD,USD
0000000614,CALL_CENTER,STANDARD,USD
0000000615,MOBILE_APP,STANDARD,USD
0000000616,CALL_CENTER,STANDARD,USD
0000000617,MOBILE_APP,STANDARD,USD
0000000618,WEB,EXPRESS,USD
0000000619,WEB,STANDARD,USD
0000000620,WEB,PICKUP,USD
0000000621,WEB,STANDARD,USD
0000000622,MOBILE_APP,STANDARD,USD
0000000623,MOBILE_APP,PICKUP,USD
0000000624,MOBILE_APP,PICKUP,USD
0000000625,MOBILE_APP,PICKUP,USD
0000000626,WEB,STANDARD,USD
0000000627,WEB,EXPRESS,USD
0000000628,MOBILE_APP,STANDARD,USD
0000000629,WEB,STANDARD,USD
0000000630,WEB,STANDARD,USD
0000000631,WEB,EXPRESS,USD
0000000632,MOBILE_APP,STANDARD,USD
0000000633,MOBILE_APP,STANDARD,USD
0000000634,WEB,STANDARD,USD
0000000635,MOBILE_APP,PICKUP,USD
0000000636,WEB,STANDARD,USD
0000000637,MOBILE_APP,STANDARD,USD
0000000638,WEB,EXPRESS,USD
0000000639,MOBILE_APP,STANDARD,USD
0000000640,WEB,EXPRESS,USD
0000000641,MOBILE_APP,STANDARD,USD
0000000642,WEB,STANDARD,USD
0000000643,WEB,EXPRESS,USD
0000000644,MOBILE_APP,STANDARD,USD
0000000645,WEB,STANDARD,USD
0000000646,WEB,STANDARD,USD
0000000647,WEB,STANDARD,USD
0000000648,WEB,EXPRESS,USD
0000000649,MOBILE_APP,EXPRESS,USD
0000000650,MOBILE_APP,PICKUP,USD
0000000651,MOBILE_APP,STANDARD,USD
0000000652,WEB,STANDARD,USD
0000000653,WEB,STANDARD,USD
0000000654,MOBILE_APP,STANDARD,USD
0000000655,MOBILE_APP,STANDARD,USD
0000000656,MOBILE_APP,STANDARD,USD
0000000657,WEB,EXPRESS,USD
0000000658,WEB,STANDARD,USD
0000000659,WEB,PICKUP,USD
0000000660,MOBILE_APP,STANDARD,USD
0000000661,WEB,STANDARD,USD
0000000662,MOBILE_APP,EXPRESS,USD
0000000663,MOBILE_APP,STANDARD,USD
0000000664,MOBILE_APP,STANDARD,USD
0000000665,MOBILE_APP,STANDARD,USD
0000000666,WEB,STANDARD,USD
0000000667,MOBILE_APP,STANDARD,USD
0000000668,MOBILE_APP,STANDARD,USD
0000000669,WEB,EXPRESS,USD
0000000670,MOBILE_APP,EXPRESS,USD
0000000671,WEB,EXPRESS,USD
0000000672,MOBILE_APP,STANDARD,USD
0000000673,WEB,STANDARD,USD
0000000674,WEB,STANDARD,USD
0000000675,WEB,STANDARD,USD
0000000676,MOBILE_APP,STANDARD,USD
0000000677,WEB,STANDARD,USD
0000000678,MOBILE_APP,EXPRESS,USD
0000000679,MOBILE_APP,STANDARD,USD
0000000680,CALL_CENTER,EXPRESS,USD
0000000681,WEB,EXPRESS,USD
0000000682,MOBILE_APP,STANDARD,USD
0000000683,CALL_CENTER,STANDARD,USD
0000000684,WEB,STANDARD,USD
0000000685,WEB,EXPRESS,USD
0000000686,WEB,STANDARD,USD
0000000687,MOBILE_APP,STANDARD,USD
0000000688,WEB,STANDARD,USD
0000000689,MOBILE_APP,STANDARD,USD
0000000690,MOBILE_APP,STANDARD,USD
0000000691,CALL_CENTER,STANDARD,USD
0000000692,CALL_CENTER,STANDARD,USD
0000000693,WEB,STANDARD,USD
0000000694,WEB,STANDARD,USD
0000000695,MOBILE_APP,STANDARD,USD
0000000696,MOBILE_APP,STANDARD,USD
0000000697,WEB,PICKUP,USD
0000000698,WEB,STANDARD,USD
0000000699,MOBILE_APP,STANDARD,USD
0000000700,MOBILE_APP,STANDARD,USD
0000000701,MOBILE_APP,STANDARD,USD
0000000702,MOBILE_APP,STANDARD,USD
0000000703,MOBILE_APP,PICKUP,USD
0000000704,MOBILE_APP,EXPRESS,USD
0000000705,MOBILE_APP,STANDARD,USD
0000000706,WEB,STANDARD,USD
0000000707,MOBILE_APP,STANDARD,USD
0000000708,WEB,EXPRESS,USD
0000000709,MOBILE_APP,STANDARD,USD
0000000710,MOBILE_APP,STANDARD,USD
0000000711,MOBILE_APP,STANDARD,USD
0000000712,WEB,STANDARD,USD
0000000713,MOBILE_APP,STANDARD,USD
0000000714,WEB,EXPRESS,USD
0000000715,MOBILE_APP,PICKUP,USD
0000000716,MOBILE_APP,STANDARD,USD
0000000717,MOBILE_APP,PICKUP,USD
0000000718,MOBILE_APP,EXPRESS,USD
0000000719,MOBILE_APP,STANDARD,USD
0000000720,MOBILE_APP,STANDARD,USD
0000000721,WEB,PICKUP,USD
0000000722,MOBILE_APP,EXPRESS,USD
0000000723,WEB,STANDARD,USD
0000000724,WEB,STANDARD,USD
0000000725,MOBILE_APP,STANDARD,USD
0000000726,MOBILE_APP,STANDARD,USD
0000000727,MOBILE_APP,STANDARD,USD
0000000728,WEB,PICKUP,USD
0000000729,WEB,STANDARD,USD
0000000730,WEB,EXPRESS,USD
0000000731,MOBILE_APP,STANDARD,USD
0000000732,WEB,EXPRESS,USD
0000000733,MOBILE_APP,STANDARD,USD
0000000734,MOBILE_APP,EXPRESS,USD
0000000735,WEB,STANDARD,USD
0000000736,MOBILE_APP,STANDARD,USD
0000000737,MOBILE_APP,PICKUP,USD
0000000738,WEB,STANDARD,USD
0000000739,MOBILE_APP,EXPRESS,USD
0000000740,WEB,STANDARD,USD
0000000741,MOBILE_APP,STANDARD,USD
0000000742,MOBILE_APP,STANDARD,USD
0000000743,MOBILE_APP,PICKUP,USD
0000000744,CALL_CENTER,STANDARD,USD
0000000745,MOBILE_APP,STANDARD,USD
0000000746,WEB,STANDARD,USD
0000000747,MOBILE_APP,STANDARD,USD
0000000748,WEB,EXPRESS,USD
0000000749,MOBILE_APP,STANDARD,USD
0000000750,WEB,STANDARD,USD
0000000751,MOBILE_APP,STANDARD,USD
0000000752,MOBILE_APP,STANDARD,USD
0000000753,WEB,PICKUP,USD
0000000754,WEB,STANDARD,USD
0000000755,WEB,STANDARD,USD
0000000756,MOBILE_APP,STANDARD,USD
0000000757,WEB,STANDARD,USD
0000000758,MOBILE_APP,STANDARD,USD
0000000759,CALL_CENTER,STANDARD,USD
0000000760,CALL_CENTER,PICKUP,USD
0000000761,MOBILE_APP,STANDARD,USD
0000000762,MOBILE_APP,STANDARD,USD
0000000763,MOBILE_APP,EXPRESS,USD
0000000764,WEB,STANDARD,USD
0000000765,WEB,STANDARD,USD
0000000766,WEB,EXPRESS,USD
0000000767,WEB,STANDARD,USD
0000000768,WEB,STANDARD,USD
0000000769,WEB,EXPRESS,USD
0000000770,MOBILE_APP,STANDARD,USD
0000000771,WEB,EXPRESS,USD
0000000772,WEB,EXPRESS,USD
0000000773,MOBILE_APP,STANDARD,USD
0000000774,WEB,STANDARD,USD
0000000775,MOBILE_APP,STANDARD,USD
0000000776,MOBILE_APP,STANDARD,USD
0000000777,MOBILE_APP,PICKUP,USD
0000000778,WEB,STANDARD,USD
0000000779,WEB,STANDARD,USD
0000000780,WEB,STANDARD,USD
0000000781,WEB,STANDARD,USD
0000000782,WEB,STANDARD,USD
0000000783,WEB,EXPRESS,USD
0000000784,WEB,STANDARD,USD
0000000785,WEB,STANDARD,USD
0000000786,MOBILE_APP,STANDARD,USD
0000000787,WEB,STANDARD,USD
0000000788,WEB,STANDARD,USD
0000000789,WEB,STANDARD,USD
0000000790,MOBILE_APP,PICKUP,USD
0000000791,WEB,EXPRESS,USD
0000000792,WEB,PICKUP,USD
0000000793,MOBILE_APP,STANDARD,USD
0000000794,WEB,EXPRESS,USD
0000000795,WEB,STANDARD,USD
0000000796,WEB,EXPRESS,USD
0000000797,MOBILE_APP,STANDARD,USD
0000000798,MOBILE_APP,EXPRESS,USD
0000000799,WEB,STANDARD,USD
0000000800,WEB,EXPRESS,USD
0000000801,WEB,STANDARD,USD
0000000802,MOBILE_APP,STANDARD,USD
0000000803,WEB,STANDARD,USD
0000000804,MOBILE_APP,STANDARD,USD
0000000805,WEB,STANDARD,USD
0000000806,WEB,STANDARD,USD
0000000807,WEB,STANDARD,USD
0000000808,CALL_CENTER,STANDARD,USD
0000000809,MOBILE_APP,STANDARD,USD
0000000810,MOBILE_APP,STANDARD,USD
0000000811,WEB,STANDARD,USD
0000000812,MOBILE_APP,EXPRESS,USD
0000000813,MOBILE_APP,STANDARD,USD
0000000814,WEB,STANDARD,USD
0000000815,WEB,STANDARD,USD
0000000816,WEB,STANDARD,USD
0000000817,MOBILE_APP,EXPRESS,USD
0000000818,CALL_CENTER,STANDARD,USD
0000000819,WEB,STANDARD,USD
0000000820,MOBILE_APP,STANDARD,USD
0000000821,MOBILE_APP,STANDARD,USD
0000000822,WEB,STANDARD,USD
0000000823,WEB,STANDARD,USD
0000000824,WEB,STANDARD,USD
0000000825,MOBILE_APP,EXPRESS,USD
0000000826,WEB,STANDARD,USD
0000000827,MOBILE_APP,STANDARD,USD
0000000828,MOBILE_APP,EXPRESS,USD
0000000829,MOBILE_APP,EXPRESS,USD
0000000830,MOBILE_APP,STANDARD,USD
0000000831,WEB,STANDARD,USD
0000000832,WEB,STANDARD,USD
0000000833,WEB,EXPRESS,USD
0000000834,WEB,STANDARD,USD
0000000835,MOBILE_APP,EXPRESS,USD
0000000836,WEB,STANDARD,USD
0000000837,WEB,PICKUP,USD
0000000838,WEB,STANDARD,USD
0000000839,WEB,STANDARD,USD
0000000840,MOBILE_APP,STANDARD,USD
0000000841,WEB,STANDARD,USD
0000000842,MOBILE_APP,PICKUP,USD
0000000843,CALL_CENTER,STANDARD,USD
0000000844,MOBILE_APP,STANDARD,USD
0000000845,WEB,STANDARD,USD
0000000846,WEB,STANDARD,USD
0000000847,WEB,STANDARD,USD
0000000848,WEB,STANDARD,USD
0000000849,MOBILE_APP,STANDARD,USD
0000000850,WEB,EXPRESS,USD
0000000851,MOBILE_APP,PICKUP,USD
0000000852,WEB,STANDARD,USD
0000000853,WEB,STANDARD,USD
0000000854,WEB,PICKUP,USD
0000000855,MOBILE_APP,STANDARD,USD
0000000856,WEB,STANDARD,USD
0000000857,MOBILE_APP,STANDARD,USD
0000000858,WEB,EXPRESS,USD
0000000859,WEB,STANDARD,USD
0000000860,MOBILE_APP,STANDARD,USD
0000000861,MOBILE_APP,STANDARD,USD
0000000862,MOBILE_APP,PICKUP,USD
0000000863,MOBILE_APP,STANDARD,USD
0000000864,MOBILE_APP,PICKUP,USD
0000000865,WEB,STANDARD,USD
0000000866,WEB,STANDARD,USD
0000000867,WEB,STANDARD,USD
0000000868,WEB,STANDARD,USD
0000000869,MOBILE_APP,EXPRESS,USD
0000000870,WEB,STANDARD,USD
0000000871,MOBILE_APP,STANDARD,USD
0000000872,MOBILE_APP,STANDARD,USD
0000000873,MOBILE_APP,STANDARD,USD
0000000874,WEB,STANDARD,USD
0000000875,MOBILE_APP,STANDARD,USD
0000000876,WEB,STANDARD,USD
0000000877,WEB,STANDARD,USD
0000000878,WEB,STANDARD,USD
0000000879,MOBILE_APP,STANDARD,USD
0000000880,MOBILE_APP,STANDARD,USD
0000000881,WEB,STANDARD,USD
0000000882,MOBILE_APP,STANDARD,USD
0000000883,MOBILE_APP,STANDARD,USD
0000000884,WEB,STANDARD,USD
0000000885,WEB,STANDARD,USD
0000000886,MOBILE_APP,STANDARD,USD
0000000887,MOBILE_APP,STANDARD,USD
0000000888,MOBILE_APP,STANDARD,USD
0000000889,WEB,STANDARD,USD
0000000890,MOBILE_APP,STANDARD,USD
0000000891,CALL_CENTER,EXPRESS,USD
0000000892,MOBILE_APP,STANDARD,USD
0000000893,MOBILE_APP,EXPRESS,USD
0000000894,MOBILE_APP,EXPRESS,USD
0000000895,MOBILE_APP,STANDARD,USD
0000000896,MOBILE_APP,STANDARD,USD
0000000897,MOBILE_APP,STANDARD,USD
0000000898,WEB,STANDARD,USD
0000000899,WEB,STANDARD,USD
0000000900,WEB,EXPRESS,USD
0000000901,MOBILE_APP,STANDARD,USD
0000000902,WEB,STANDARD,USD
0000000903,WEB,STANDARD,USD
0000000904,WEB,PICKUP,USD
0000000905,WEB,EXPRESS,USD
0000000906,WEB,EXPRESS,USD
0000000907,WEB,PICKUP,USD
0000000908,MOBILE_APP,STANDARD,USD
0000000909,MOBILE_APP,STANDARD,USD
0000000910,CALL_CENTER,STANDARD,USD
0000000911,MOBILE_APP,STANDARD,USD
0000000912,MOBILE_APP,EXPRESS,USD
0000000913,MOBILE_APP,STANDARD,USD
0000000914,WEB,STANDARD,USD
0000000915,WEB,EXPRESS,USD
0000000916,MOBILE_APP,STANDARD,USD
0000000917,WEB,PICKUP,USD
0000000918,WEB,STANDARD,USD
0000000919,WEB,STANDARD,USD
0000000920,WEB,STANDARD,USD
0000000921,WEB,STANDARD,USD
0000000922,WEB,STANDARD,USD
0000000923,WEB,STANDARD,USD
0000000924,WEB,EXPRESS,USD
0000000925,MOBILE_APP,STANDARD,USD
0000000926,MOBILE_APP,STANDARD,USD
0000000927,WEB,PICKUP,USD
0000000928,WEB,STANDARD,USD
0000000929,MOBILE_APP,STANDARD,USD
0000000930,MOBILE_APP,PICKUP,USD
0000000931,WEB,STANDARD,USD
0000000932,WEB,STANDARD,USD
0000000933,MOBILE_APP,STANDARD,USD
0000000934,MOBILE_APP,STANDARD,USD
0000000935,WEB,EXPRESS,USD
0000000936,MOBILE_APP,STANDARD,USD
0000000937,WEB,STANDARD,USD
0000000938,MOBILE_APP,PICKUP,USD
0000000939,WEB,STANDARD,USD
0000000940,MOBILE_APP,PICKUP,USD
0000000941,MOBILE_APP,STANDARD,USD
0000000942,WEB,STANDARD,USD
0000000943,WEB,PICKUP,USD
0000000944,MOBILE_APP,EXPRESS,USD
0000000945,MOBILE_APP,STANDARD,USD
0000000946,WEB,STANDARD,USD
0000000947,MOBILE_APP,EXPRESS,USD
0000000948,MOBILE_APP,STANDARD,USD
0000000949,WEB,EXPRESS,USD
0000000950,MOBILE_APP,EXPRESS,USD
0000000951,WEB,STANDARD,USD
0000000952,MOBILE_APP,EXPRESS,USD
0000000953,WEB,STANDARD,USD
0000000954,WEB,EXPRESS,USD
0000000955,MOBILE_APP,STANDARD,USD
0000000956,MOBILE_APP,PICKUP,USD
0000000957,MOBILE_APP,EXPRESS,USD
0000000958,WEB,EXPRESS,USD
0000000959,MOBILE_APP,EXPRESS,USD
0000000960,WEB,STANDARD,USD
0000000961,MOBILE_APP,EXPRESS,USD
0000000962,WEB,STANDARD,USD
0000000963,WEB,STANDARD,USD
0000000964,MOBILE_APP,STANDARD,USD
0000000965,MOBILE_APP,STANDARD,USD
0000000966,MOBILE_APP,STANDARD,USD
0000000967,MOBILE_APP,STANDARD,USD
0000000968,WEB,EXPRESS,USD
0000000969,WEB,EXPRESS,USD
0000000970,WEB,EXPRESS,USD
0000000971,WEB,EXPRESS,USD
0000000972,WEB,PICKUP,USD
0000000973,MOBILE_APP,STANDARD,USD
0000000974,MOBILE_APP,STANDARD,USD
0000000975,WEB,EXPRESS,USD
0000000976,WEB,STANDARD,USD
0000000977,WEB,STANDARD,USD
0000000978,WEB,PICKUP,USD
0000000979,WEB,STANDARD,USD
0000000980,WEB,PICKUP,USD
0000000981,MOBILE_APP,EXPRESS,USD
0000000982,MOBILE_APP,PICKUP,USD
0000000983,WEB,STANDARD,USD
0000000984,WEB,STANDARD,USD
0000000985,CALL_CENTER,EXPRESS,USD
0000000986,WEB,STANDARD,USD
0000000987,WEB,EXPRESS,USD
0000000988,MOBILE_APP,EXPRESS,USD
0000000989,WEB,EXPRESS,USD
0000000990,WEB,PICKUP,USD
0000000991,WEB,STANDARD,USD
0000000992,WEB,STANDARD,USD
0000000993,WEB,EXPRESS,USD
0000000994,MOBILE_APP,STANDARD,USD
0000000995,CALL_CENTER,STANDARD,USD
0000000996,WEB,STANDARD,USD
0000000997,MOBILE_APP,STANDARD,USD
0000000998,MOBILE_APP,STANDARD,USD
0000000999,WEB,STANDARD,USD
0000001000,WEB,PICKUP,USD
0000001001,MOBILE_APP,STANDARD,USD
0000001002,WEB,STANDARD,USD
0000001003,WEB,STANDARD,USD
0000001004,WEB,EXPRESS,USD
0000001005,WEB,EXPRESS,USD
0000001006,MOBILE_APP,STANDARD,USD
0000001007,MOBILE_APP,EXPRESS,USD
0000001008,MOBILE_APP,EXPRESS,USD
0000001009,WEB,STANDARD,USD
0000001010,MOBILE_APP,EXPRESS,USD
0000001011,MOBILE_APP,STANDARD,USD
0000001012,WEB,EXPRESS,USD
0000001013,WEB,EXPRESS,USD
0000001014,WEB,STANDARD,USD
0000001015,MOBILE_APP,STANDARD,USD
0000001016,WEB,STANDARD,USD
0000001017,MOBILE_APP,STANDARD,USD
0000001018,WEB,STANDARD,USD
0000001019,MOBILE_APP,STANDARD,USD
0000001020,MOBILE_APP,STANDARD,USD
0000001021,MOBILE_APP,STANDARD,USD
0000001022,MOBILE_APP,STANDARD,USD
0000001023,WEB,STANDARD,USD
0000001024,WEB,STANDARD,USD
0000001025,CALL_CENTER,STANDARD,USD
0000001026,WEB,STANDARD,USD
0000001027,WEB,STANDARD,USD
0000001028,WEB,EXPRESS,USD
0000001029,WEB,STANDARD,USD
0000001030,MOBILE_APP,STANDARD,USD
0000001031,CALL_CENTER,STANDARD,USD
0000001032,MOBILE_APP,STANDARD,USD
0000001033,MOBILE_APP,PICKUP,USD
0000001034,MOBILE_APP,STANDARD,USD
0000001035,WEB,STANDARD,USD
0000001036,MOBILE_APP,STANDARD,USD
0000001037,MOBILE_APP,EXPRESS,USD
0000001038,WEB,STANDARD,USD
0000001039,WEB,STANDARD,USD
0000001040,WEB,STANDARD,USD
0000001041,WEB,PICKUP,USD
0000001042,WEB,STANDARD,USD
0000001043,WEB,STANDARD,USD
0000001044,WEB,PICKUP,USD
0000001045,WEB,STANDARD,USD
0000001046,WEB,STANDARD,USD
0000001047,WEB,PICKUP,USD
0000001048,WEB,EXPRESS,USD
0000001049,WEB,STANDARD,USD
0000001050,WEB,EXPRESS,USD
0000001051,MOBILE_APP,STANDARD,USD
0000001052,MOBILE_APP,STANDARD,USD
0000001053,WEB,STANDARD,USD
0000001054,MOBILE_APP,EXPRESS,USD
0000001055,WEB,PICKUP,USD
0000001056,WEB,STANDARD,USD
0000001057,WEB,STANDARD,USD
0000001058,MOBILE_APP,STANDARD,USD
0000001059,WEB,STANDARD,USD
0000001060,WEB,EXPRESS,USD
0000001061,WEB,STANDARD,USD
0000001062,WEB,PICKUP,USD
0000001063,MOBILE_APP,STANDARD,USD
0000001064,WEB,PICKUP,USD
0000001065,WEB,STANDARD,USD
0000001066,WEB,STANDARD,USD
0000001067,MOBILE_APP,STANDARD,USD
0000001068,MOBILE_APP,EXPRESS,USD
0000001069,WEB,STANDARD,USD
0000001070,CALL_CENTER,STANDARD,USD
0000001071,CALL_CENTER,STANDARD,USD
0000001072,WEB,STANDARD,USD
0000001073,WEB,STANDARD,USD
0000001074,MOBILE_APP,EXPRESS,USD
0000001075,WEB,STANDARD,USD
0000001076,WEB,EXPRESS,USD
0000001077,WEB,STANDARD,USD
0000001078,WEB,STANDARD,USD
0000001079,WEB,EXPRESS,USD
0000001080,WEB,STANDARD,USD
0000001081,WEB,STANDARD,USD
0000001082,MOBILE_APP,STANDARD,USD
0000001083,WEB,EXPRESS,USD
0000001084,CALL_CENTER,EXPRESS,USD
0000001085,WEB,STANDARD,USD
0000001086,MOBILE_APP,STANDARD,USD
0000001087,CALL_CENTER,STANDARD,USD
0000001088,MOBILE_APP,EXPRESS,USD
0000001089,CALL_CENTER,STANDARD,USD
0000001090,WEB,STANDARD,USD
0000001091,WEB,STANDARD,USD
0000001092,MOBILE_APP,STANDARD,USD
0000001093,WEB,STANDARD,USD
0000001094,WEB,STANDARD,USD
0000001095,MOBILE_APP,STANDARD,USD
0000001096,WEB,PICKUP,USD
0000001097,MOBILE_APP,STANDARD,USD
0000001098,MOBILE_APP,STANDARD,USD
0000001099,WEB,EXPRESS,USD
0000001100,WEB,EXPRESS,USD
0000001101,MOBILE_APP,STANDARD,USD
0000001102,MOBILE_APP,EXPRESS,USD
0000001103,MOBILE_APP,STANDARD,USD
0000001104,MOBILE_APP,PICKUP,USD
0000001105,WEB,STANDARD,USD
0000001106,MOBILE_APP,STANDARD,USD
0000001107,WEB,STANDARD,USD
0000001108,MOBILE_APP,STANDARD,USD
0000001109,WEB,EXPRESS,USD
0000001110,CALL_CENTER,STANDARD,USD
0000001111,WEB,STANDARD,USD
0000001112,WEB,STANDARD,USD
0000001113,WEB,STANDARD,USD
0000001114,WEB,STANDARD,USD
0000001115,MOBILE_APP,STANDARD,USD
0000001116,MOBILE_APP,EXPRESS,USD
0000001117,WEB,STANDARD,USD
0000001118,MOBILE_APP,STANDARD,USD
0000001119,WEB,EXPRESS,USD
0000001120,WEB,EXPRESS,USD
0000001121,MOBILE_APP,STANDARD,USD
0000001122,MOBILE_APP,STANDARD,USD
0000001123,MOBILE_APP,STANDARD,USD
0000001124,WEB,STANDARD,USD
0000001125,WEB,STANDARD,USD
0000001126,WEB,STANDARD,USD
0000001127,WEB,STANDARD,USD
0000001128,MOBILE_APP,STANDARD,USD
0000001129,MOBILE_APP,EXPRESS,USD
0000001130,MOBILE_APP,EXPRESS,USD
0000001131,WEB,STANDARD,USD
0000001132,MOBILE_APP,STANDARD,USD
0000001133,MOBILE_APP,STANDARD,USD
0000001134,WEB,EXPRESS,USD
0000001135,WEB,STANDARD,USD
0000001136,MOBILE_APP,STANDARD,USD
0000001137,WEB,PICKUP,USD
0000001138,MOBILE_APP,STANDARD,USD
0000001139,MOBILE_APP,STANDARD,USD
0000001140,MOBILE_APP,STANDARD,USD
0000001141,WEB,PICKUP,USD
0000001142,CALL_CENTER,STANDARD,USD
0000001143,MOBILE_APP,STANDARD,USD
0000001144,MOBILE_APP,STANDARD,USD
0000001145,WEB,STANDARD,USD
0000001146,WEB,EXPRESS,USD
0000001147,MOBILE_APP,STANDARD,USD
0000001148,WEB,STANDARD,USD
0000001149,WEB,STANDARD,USD
0000001150,WEB,STANDARD,USD
0000001151,MOBILE_APP,STANDARD,USD
0000001152,WEB,STANDARD,USD
0000001153,WEB,PICKUP,USD
0000001154,WEB,PICKUP,USD
0000001155,WEB,EXPRESS,USD
0000001156,MOBILE_APP,STANDARD,USD
0000001157,MOBILE_APP,STANDARD,USD
0000001158,WEB,STANDARD,USD
0000001159,WEB,STANDARD,USD
0000001160,WEB,STANDARD,USD
0000001161,MOBILE_APP,STANDARD,USD
0000001162,WEB,EXPRESS,USD
0000001163,MOBILE_APP,PICKUP,USD
0000001164,MOBILE_APP,EXPRESS,USD
0000001165,WEB,STANDARD,USD
0000001166,MOBILE_APP,EXPRESS,USD
0000001167,MOBILE_APP,STANDARD,USD
0000001168,MOBILE_APP,PICKUP,USD
0000001169,MOBILE_APP,STANDARD,USD
0000001170,WEB,STANDARD,USD
0000001171,MOBILE_APP,STANDARD,USD
0000001172,WEB,STANDARD,USD
0000001173,MOBILE_APP,PICKUP,USD
0000001174,MOBILE_APP,PICKUP,USD
0000001175,WEB,STANDARD,USD
0000001176,WEB,EXPRESS,USD
0000001177,WEB,EXPRESS,USD
0000001178,WEB,EXPRESS,USD
0000001179,WEB,STANDARD,USD
0000001180,MOBILE_APP,STANDARD,USD
0000001181,CALL_CENTER,STANDARD,USD
0000001182,WEB,STANDARD,USD
0000001183,WEB,STANDARD,USD
0000001184,WEB,STANDARD,USD
0000001185,WEB,STANDARD,USD
0000001186,WEB,STANDARD,USD
0000001187,CALL_CENTER,STANDARD,USD
0000001188,MOBILE_APP,EXPRESS,USD
0000001189,MOBILE_APP,STANDARD,USD
0000001190,WEB,EXPRESS,USD
0000001191,MOBILE_APP,STANDARD,USD
0000001192,WEB,STANDARD,USD
0000001193,WEB,EXPRESS,USD
0000001194,MOBILE_APP,STANDARD,USD
0000001195,MOBILE_APP,STANDARD,USD
0000001196,WEB,STANDARD,USD
0000001197,MOBILE_APP,EXPRESS,USD
0000001198,WEB,STANDARD,USD
0000001199,MOBILE_APP,PICKUP,USD
0000001200,CALL_CENTER,STANDARD,USD
0000001201,MOBILE_APP,STANDARD,USD
0000001202,MOBILE_APP,EXPRESS,USD
0000001203,WEB,STANDARD,USD
0000001204,WEB,STANDARD,USD
0000001205,MOBILE_APP,STANDARD,USD
0000001206,MOBILE_APP,EXPRESS,USD
0000001207,WEB,STANDARD,USD
0000001208,WEB,STANDARD,USD
0000001209,WEB,STANDARD,USD
0000001210,MOBILE_APP,PICKUP,USD
0000001211,WEB,STANDARD,USD
0000001212,WEB,STANDARD,USD
0000001213,MOBILE_APP,PICKUP,USD
0000001214,WEB,STANDARD,USD
0000001215,MOBILE_APP,STANDARD,USD
0000001216,WEB,STANDARD,USD
0000001217,MOBILE_APP,STANDARD,USD
0000001218,MOBILE_APP,STANDARD,USD
0000001219,WEB,STANDARD,USD
0000001220,MOBILE_APP,STANDARD,USD
0000001221,MOBILE_APP,STANDARD,USD
0000001222,WEB,STANDARD,USD
0000001223,WEB,STANDARD,USD
0000001224,MOBILE_APP,EXPRESS,USD
0000001225,WEB,STANDARD,USD
0000001226,WEB,STANDARD,USD
0000001227,MOBILE_APP,STANDARD,USD
0000001228,WEB,STANDARD,USD
0000001229,MOBILE_APP,STANDARD,USD
0000001230,MOBILE_APP,STANDARD,USD
0000001231,MOBILE_APP,STANDARD,USD
0000001232,MOBILE_APP,EXPRESS,USD
0000001233,WEB,STANDARD,USD
0000001234,CALL_CENTER,EXPRESS,USD
0000001235,WEB,EXPRESS,USD
0000001236,WEB,STANDARD,USD
0000001237,MOBILE_APP,STANDARD,USD
0000001238,MOBILE_APP,EXPRESS,USD
0000001239,WEB,EXPRESS,USD
0000001240,WEB,STANDARD,USD
0000001241,WEB,STANDARD,USD
0000001242,MOBILE_APP,STANDARD,USD
0000001243,WEB,STANDARD,USD
0000001244,WEB,EXPRESS,USD
0000001245,WEB,STANDARD,USD
0000001246,WEB,STANDARD,USD
0000001247,WEB,EXPRESS,USD
0000001248,WEB,STANDARD,USD
0000001249,CALL_CENTER,STANDARD,USD
0000001250,WEB,STANDARD,USD
0000001251,WEB,STANDARD,USD
0000001252,WEB,EXPRESS,USD
0000001253,WEB,STANDARD,USD
0000001254,WEB,STANDARD,USD
0000001255,CALL_CENTER,STANDARD,USD
0000001256,CALL_CENTER,PICKUP,USD
0000001257,MOBILE_APP,PICKUP,USD
0000001258,MOBILE_APP,STANDARD,USD
0000001259,CALL_CENTER,EXPRESS,USD
0000001260,MOBILE_APP,STANDARD,USD
0000001261,WEB,EXPRESS,USD
0000001262,MOBILE_APP,EXPRESS,USD
0000001263,MOBILE_APP,STANDARD,USD
0000001264,WEB,STANDARD,USD
0000001265,MOBILE_APP,EXPRESS,USD
0000001266,WEB,STANDARD,USD
0000001267,WEB,STANDARD,USD
0000001268,WEB,STANDARD,USD
0000001269,WEB,EXPRESS,USD
0000001270,WEB,PICKUP,USD
0000001271,WEB,STANDARD,USD
0000001272,MOBILE_APP,STANDARD,USD
0000001273,WEB,STANDARD,USD
0000001274,WEB,EXPRESS,USD
0000001275,WEB,STANDARD,USD
0000001276,MOBILE_APP,STANDARD,USD
0000001277,MOBILE_APP,STANDARD,USD
0000001278,MOBILE_APP,STANDARD,USD
0000001279,WEB,EXPRESS,USD
0000001280,CALL_CENTER,EXPRESS,USD
0000001281,MOBILE_APP,PICKUP,USD
0000001282,MOBILE_APP,EXPRESS,USD
0000001283,WEB,STANDARD,USD
0000001284,MOBILE_APP,EXPRESS,USD
0000001285,MOBILE_APP,STANDARD,USD
0000001286,MOBILE_APP,EXPRESS,USD
0000001287,MOBILE_APP,EXPRESS,USD
0000001288,WEB,STANDARD,USD
0000001289,WEB,STANDARD,USD
0000001290,MOBILE_APP,STANDARD,USD
0000001291,WEB,STANDARD,USD
0000001292,WEB,PICKUP,USD
0000001293,WEB,STANDARD,USD
0000001294,WEB,STANDARD,USD
0000001295,WEB,EXPRESS,USD
0000001296,WEB,EXPRESS,USD
0000001297,MOBILE_APP,STANDARD,USD
0000001298,WEB,STANDARD,USD
0000001299,WEB,STANDARD,USD
0000001300,WEB,STANDARD,USD
0000001301,WEB,STANDARD,USD
0000001302,WEB,STANDARD,USD
0000001303,WEB,PICKUP,USD
0000001304,WEB,STANDARD,USD
0000001305,MOBILE_APP,PICKUP,USD
0000001306,WEB,PICKUP,USD
0000001307,MOBILE_APP,STANDARD,USD
0000001308,MOBILE_APP,EXPRESS,USD
0000001309,MOBILE_APP,STANDARD,USD
0000001310,WEB,STANDARD,USD
0000001311,WEB,PICKUP,USD
0000001312,WEB,STANDARD,USD
0000001313,WEB,EXPRESS,USD
0000001314,WEB,PICKUP,USD
0000001315,MOBILE_APP,EXPRESS,USD
0000001316,MOBILE_APP,PICKUP,USD
0000001317,WEB,EXPRESS,USD
0000001318,MOBILE_APP,STANDARD,USD
0000001319,MOBILE_APP,STANDARD,USD
0000001320,MOBILE_APP,STANDARD,USD
0000001321,WEB,PICKUP,USD
0000001322,MOBILE_APP,STANDARD,USD
0000001323,WEB,STANDARD,USD
0000001324,CALL_CENTER,EXPRESS,USD
0000001325,WEB,PICKUP,USD
0000001326,MOBILE_APP,STANDARD,USD
0000001327,MOBILE_APP,STANDARD,USD
0000001328,WEB,STANDARD,USD
0000001329,WEB,STANDARD,USD
0000001330,MOBILE_APP,PICKUP,USD
0000001331,WEB,STANDARD,USD
0000001332,WEB,STANDARD,USD
0000001333,MOBILE_APP,PICKUP,USD
0000001334,MOBILE_APP,EXPRESS,USD
0000001335,MOBILE_APP,EXPRESS,USD
0000001336,MOBILE_APP,PICKUP,USD
0000001337,WEB,EXPRESS,USD
0000001338,WEB,PICKUP,USD
0000001339,MOBILE_APP,PICKUP,USD
0000001340,WEB,STANDARD,USD
0000001341,MOBILE_APP,STANDARD,USD
0000001342,WEB,STANDARD,USD
0000001343,MOBILE_APP,STANDARD,USD
0000001344,WEB,STANDARD,USD
0000001345,MOBILE_APP,STANDARD,USD
0000001346,MOBILE_APP,STANDARD,USD
0000001347,WEB,STANDARD,USD
0000001348,MOBILE_APP,PICKUP,USD
0000001349,WEB,STANDARD,USD
0000001350,WEB,STANDARD,USD
0000001351,WEB,EXPRESS,USD
0000001352,WEB,EXPRESS,USD
0000001353,MOBILE_APP,PICKUP,USD
0000001354,WEB,PICKUP,USD
0000001355,WEB,STANDARD,USD
0000001356,WEB,EXPRESS,USD
0000001357,MOBILE_APP,PICKUP,USD
0000001358,MOBILE_APP,STANDARD,USD
0000001359,CALL_CENTER,PICKUP,USD
0000001360,WEB,STANDARD,USD
0000001361,WEB,STANDARD,USD
0000001362,MOBILE_APP,STANDARD,USD
0000001363,MOBILE_APP,STANDARD,USD
0000001364,MOBILE_APP,PICKUP,USD
0000001365,WEB,STANDARD,USD
0000001366,WEB,STANDARD,USD
0000001367,WEB,STANDARD,USD
0000001368,WEB,STANDARD,USD
0000001369,MOBILE_APP,STANDARD,USD
0000001370,MOBILE_APP,STANDARD,USD
0000001371,WEB,PICKUP,USD
0000001372,WEB,STANDARD,USD
0000001373,WEB,EXPRESS,USD
0000001374,WEB,STANDARD,USD
0000001375,WEB,STANDARD,USD
0000001376,MOBILE_APP,EXPRESS,USD
0000001377,WEB,STANDARD,USD
0000001378,WEB,STANDARD,USD
0000001379,WEB,STANDARD,USD
0000001380,WEB,STANDARD,USD
0000001381,CALL_CENTER,STANDARD,USD
0000001382,WEB,PICKUP,USD
0000001383,WEB,PICKUP,USD
0000001384,MOBILE_APP,STANDARD,USD
0000001385,WEB,EXPRESS,USD
0000001386,WEB,STANDARD,USD
0000001387,WEB,STANDARD,USD
0000001388,WEB,STANDARD,USD
0000001389,WEB,EXPRESS,USD
0000001390,MOBILE_APP,PICKUP,USD
0000001391,WEB,EXPRESS,USD
0000001392,WEB,PICKUP,USD
0000001393,MOBILE_APP,STANDARD,USD
0000001394,MOBILE_APP,STANDARD,USD
0000001395,WEB,STANDARD,USD
0000001396,WEB,STANDARD,USD
0000001397,MOBILE_APP,STANDARD,USD
0000001398,WEB,STANDARD,USD
0000001399,WEB,STANDARD,USD
0000001400,MOBILE_APP,STANDARD,USD
0000001401,WEB,STANDARD,USD
0000001402,WEB,EXPRESS,USD
0000001403,WEB,STANDARD,USD
0000001404,MOBILE_APP,STANDARD,USD
0000001405,WEB,STANDARD,USD
0000001406,MOBILE_APP,STANDARD,USD
0000001407,MOBILE_APP,STANDARD,USD
0000001408,WEB,EXPRESS,USD
0000001409,MOBILE_APP,STANDARD,USD
0000001410,WEB,EXPRESS,USD
0000001411,MOBILE_APP,STANDARD,USD
0000001412,WEB,STANDARD,USD
0000001413,WEB,PICKUP,USD
0000001414,MOBILE_APP,STANDARD,USD
0000001415,MOBILE_APP,STANDARD,USD
0000001416,MOBILE_APP,STANDARD,USD
0000001417,WEB,STANDARD,USD
0000001418,WEB,EXPRESS,USD
0000001419,MOBILE_APP,STANDARD,USD
0000001420,MOBILE_APP,STANDARD,USD
0000001421,WEB,EXPRESS,USD
0000001422,MOBILE_APP,STANDARD,USD
0000001423,WEB,STANDARD,USD
0000001424,MOBILE_APP,STANDARD,USD
0000001425,WEB,STANDARD,USD
0000001426,MOBILE_APP,STANDARD,USD
0000001427,WEB,PICKUP,USD
0000001428,WEB,STANDARD,USD
0000001429,WEB,STANDARD,USD
0000001430,WEB,EXPRESS,USD
0000001431,MOBILE_APP,STANDARD,USD
0000001432,WEB,STANDARD,USD
0000001433,CALL_CENTER,STANDARD,USD
0000001434,MOBILE_APP,STANDARD,USD
0000001435,MOBILE_APP,STANDARD,USD
0000001436,MOBILE_APP,STANDARD,USD
0000001437,WEB,EXPRESS,USD
0000001438,MOBILE_APP,STANDARD,USD
0000001439,WEB,STANDARD,USD
0000001440,WEB,EXPRESS,USD
0000001441,CALL_CENTER,STANDARD,USD
0000001442,MOBILE_APP,STANDARD,USD
0000001443,WEB,PICKUP,USD
0000001444,WEB,PICKUP,USD
0000001445,MOBILE_APP,STANDARD,USD
0000001446,MOBILE_APP,STANDARD,USD
0000001447,WEB,PICKUP,USD
0000001448,WEB,PICKUP,USD
0000001449,MOBILE_APP,PICKUP,USD
0000001450,MOBILE_APP,STANDARD,USD
0000001451,WEB,EXPRESS,USD
0000001452,MOBILE_APP,EXPRESS,USD
0000001453,MOBILE_APP,EXPRESS,USD
0000001454,MOBILE_APP,EXPRESS,USD
0000001455,WEB,EXPRESS,USD
0000001456,MOBILE_APP,STANDARD,USD
0000001457,MOBILE_APP,STANDARD,USD
0000001458,WEB,EXPRESS,USD
0000001459,MOBILE_APP,PICKUP,USD
0000001460,WEB,STANDARD,USD
0000001461,WEB,STANDARD,USD
0000001462,WEB,STANDARD,USD
0000001463,WEB,STANDARD,USD
0000001464,MOBILE_APP,STANDARD,USD
0000001465,MOBILE_APP,EXPRESS,USD
0000001466,WEB,EXPRESS,USD
0000001467,MOBILE_APP,EXPRESS,USD
0000001468,WEB,STANDARD,USD
0000001469,WEB,PICKUP,USD
0000001470,MOBILE_APP,STANDARD,USD
0000001471,WEB,STANDARD,USD
0000001472,MOBILE_APP,STANDARD,USD
0000001473,MOBILE_APP,STANDARD,USD
0000001474,WEB,EXPRESS,USD
0000001475,MOBILE_APP,STANDARD,USD
0000001476,MOBILE_APP,STANDARD,USD
0000001477,MOBILE_APP,STANDARD,USD
0000001478,MOBILE_APP,STANDARD,USD
0000001479,MOBILE_APP,STANDARD,USD
0000001480,MOBILE_APP,STANDARD,USD
0000001481,MOBILE_APP,STANDARD,USD
0000001482,WEB,STANDARD,USD
0000001483,MOBILE_APP,STANDARD,USD
0000001484,MOBILE_APP,STANDARD,USD
0000001485,WEB,STANDARD,USD
0000001486,WEB,EXPRESS,USD
0000001487,MOBILE_APP,EXPRESS,USD
0000001488,MOBILE_APP,EXPRESS,USD
0000001489,WEB,STANDARD,USD
0000001490,MOBILE_APP,PICKUP,USD
0000001491,WEB,PICKUP,USD
0000001492,WEB,STANDARD,USD
0000001493,MOBILE_APP,STANDARD,USD
0000001494,MOBILE_APP,EXPRESS,USD
0000001495,WEB,STANDARD,USD
0000001496,WEB,STANDARD,USD
0000001497,MOBILE_APP,PICKUP,USD
0000001498,WEB,STANDARD,USD
0000001499,MOBILE_APP,STANDARD,USD
0000001500,WEB,EXPRESS,USD
0000001501,MOBILE_APP,STANDARD,USD
0000001502,WEB,EXPRESS,USD
0000001503,WEB,STANDARD,USD
0000001504,WEB,STANDARD,USD
0000001505,MOBILE_APP,STANDARD,USD
0000001506,MOBILE_APP,STANDARD,USD
0000001507,MOBILE_APP,STANDARD,USD
0000001508,MOBILE_APP,EXPRESS,USD
0000001509,WEB,STANDARD,USD
0000001510,WEB,PICKUP,USD
0000001511,MOBILE_APP,STANDARD,USD
0000001512,MOBILE_APP,PICKUP,USD
0000001513,WEB,STANDARD,USD
0000001514,MOBILE_APP,STANDARD,USD
0000001515,WEB,STANDARD,USD
0000001516,MOBILE_APP,STANDARD,USD
0000001517,MOBILE_APP,STANDARD,USD
0000001518,WEB,STANDARD,USD
0000001519,WEB,EXPRESS,USD
0000001520,WEB,STANDARD,USD
0000001521,MOBILE_APP,STANDARD,USD
0000001522,MOBILE_APP,PICKUP,USD
0000001523,WEB,STANDARD,USD
0000001524,WEB,EXPRESS,USD
0000001525,WEB,EXPRESS,USD
0000001526,MOBILE_APP,STANDARD,USD
0000001527,MOBILE_APP,STANDARD,USD
0000001528,MOBILE_APP,STANDARD,USD
0000001529,MOBILE_APP,STANDARD,USD
0000001530,WEB,STANDARD,USD
0000001531,WEB,STANDARD,USD
0000001532,WEB,STANDARD,USD
0000001533,MOBILE_APP,EXPRESS,USD
0000001534,WEB,STANDARD,USD
0000001535,MOBILE_APP,STANDARD,USD
0000001536,MOBILE_APP,STANDARD,USD
0000001537,MOBILE_APP,PICKUP,USD
0000001538,WEB,PICKUP,USD
0000001539,WEB,PICKUP,USD
0000001540,MOBILE_APP,STANDARD,USD
0000001541,MOBILE_APP,EXPRESS,USD
0000001542,CALL_CENTER,STANDARD,USD
0000001543,MOBILE_APP,STANDARD,USD
0000001544,WEB,EXPRESS,USD
0000001545,WEB,STANDARD,USD
0000001546,WEB,STANDARD,USD
0000001547,CALL_CENTER,EXPRESS,USD
0000001548,WEB,EXPRESS,USD
0000001549,MOBILE_APP,STANDARD,USD
0000001550,WEB,EXPRESS,USD
0000001551,WEB,STANDARD,USD
0000001552,WEB,STANDARD,USD
0000001553,MOBILE_APP,STANDARD,USD
0000001554,MOBILE_APP,EXPRESS,USD
0000001555,MOBILE_APP,EXPRESS,USD
0000001556,WEB,EXPRESS,USD
0000001557,MOBILE_APP,STANDARD,USD
0000001558,WEB,STANDARD,USD
0000001559,WEB,STANDARD,USD
0000001560,MOBILE_APP,STANDARD,USD
0000001561,WEB,PICKUP,USD
0000001562,WEB,STANDARD,USD
0000001563,MOBILE_APP,STANDARD,USD
0000001564,MOBILE_APP,PICKUP,USD
0000001565,MOBILE_APP,EXPRESS,USD
0000001566,MOBILE_APP,STANDARD,USD
0000001567,MOBILE_APP,STANDARD,USD
0000001568,WEB,EXPRESS,USD
0000001569,WEB,EXPRESS,USD
0000001570,MOBILE_APP,STANDARD,USD
0000001571,MOBILE_APP,STANDARD,USD
0000001572,MOBILE_APP,STANDARD,USD
0000001573,CALL_CENTER,STANDARD,USD
0000001574,WEB,EXPRESS,USD
0000001575,MOBILE_APP,STANDARD,USD
0000001576,MOBILE_APP,STANDARD,USD
0000001577,WEB,STANDARD,USD
0000001578,MOBILE_APP,STANDARD,USD
0000001579,WEB,STANDARD,USD
0000001580,WEB,STANDARD,USD
0000001581,WEB,STANDARD,USD
0000001582,WEB,STANDARD,USD
0000001583,WEB,PICKUP,USD
0000001584,WEB,STANDARD,USD
0000001585,WEB,STANDARD,USD
0000001586,MOBILE_APP,STANDARD,USD
0000001587,MOBILE_APP,STANDARD,USD
0000001588,MOBILE_APP,STANDARD,USD
0000001589,WEB,STANDARD,USD
0000001590,MOBILE_APP,EXPRESS,USD
0000001591,MOBILE_APP,EXPRESS,USD
0000001592,WEB,STANDARD,USD
0000001593,WEB,STANDARD,USD
0000001594,WEB,STANDARD,USD
0000001595,MOBILE_APP,STANDARD,USD
0000001596,WEB,EXPRESS,USD
0000001597,WEB,PICKUP,USD
0000001598,MOBILE_APP,STANDARD,USD
0000001599,WEB,STANDARD,USD
0000001600,WEB,STANDARD,USD
0000001601,WEB,EXPRESS,USD
0000001602,WEB,STANDARD,USD
0000001603,MOBILE_APP,STANDARD,USD
0000001604,MOBILE_APP,STANDARD,USD
0000001605,WEB,STANDARD,USD
0000001606,WEB,STANDARD,USD
0000001607,MOBILE_APP,PICKUP,USD
0000001608,WEB,STANDARD,USD
0000001609,MOBILE_APP,STANDARD,USD
0000001610,WEB,STANDARD,USD
0000001611,WEB,EXPRESS,USD
0000001612,MOBILE_APP,STANDARD,USD
0000001613,WEB,PICKUP,USD
0000001614,WEB,STANDARD,USD
0000001615,WEB,STANDARD,USD
0000001616,WEB,EXPRESS,USD
0000001617,WEB,STANDARD,USD
0000001618,WEB,STANDARD,USD
0000001619,MOBILE_APP,STANDARD,USD
0000001620,MOBILE_APP,STANDARD,USD
0000001621,MOBILE_APP,STANDARD,USD
0000001622,MOBILE_APP,STANDARD,USD
0000001623,MOBILE_APP,STANDARD,USD
0000001624,WEB,STANDARD,USD
0000001625,MOBILE_APP,EXPRESS,USD
0000001626,WEB,EXPRESS,USD
0000001627,WEB,STANDARD,USD
0000001628,WEB,STANDARD,USD
0000001629,WEB,STANDARD,USD
0000001630,MOBILE_APP,STANDARD,USD
0000001631,WEB,PICKUP,USD
0000001632,MOBILE_APP,STANDARD,USD
0000001633,WEB,STANDARD,USD
0000001634,MOBILE_APP,STANDARD,USD
0000001635,MOBILE_APP,STANDARD,USD
0000001636,WEB,STANDARD,USD
0000001637,MOBILE_APP,STANDARD,USD
0000001638,CALL_CENTER,STANDARD,USD
0000001639,MOBILE_APP,EXPRESS,USD
0000001640,MOBILE_APP,STANDARD,USD
0000001641,MOBILE_APP,EXPRESS,USD
0000001642,WEB,PICKUP,USD
0000001643,WEB,STANDARD,USD
0000001644,MOBILE_APP,STANDARD,USD
0000001645,WEB,EXPRESS,USD
0000001646,WEB,STANDARD,USD
0000001647,MOBILE_APP,STANDARD,USD
0000001648,WEB,STANDARD,USD
0000001649,WEB,STANDARD,USD
0000001650,WEB,EXPRESS,USD
0000001651,MOBILE_APP,EXPRESS,USD
0000001652,MOBILE_APP,STANDARD,USD
0000001653,MOBILE_APP,STANDARD,USD
0000001654,WEB,STANDARD,USD
0000001655,WEB,STANDARD,USD
0000001656,CALL_CENTER,STANDARD,USD
0000001657,WEB,STANDARD,USD
0000001658,WEB,STANDARD,USD
0000001659,MOBILE_APP,PICKUP,USD
0000001660,WEB,STANDARD,USD
0000001661,MOBILE_APP,STANDARD,USD
0000001662,MOBILE_APP,STANDARD,USD
0000001663,MOBILE_APP,EXPRESS,USD
0000001664,MOBILE_APP,STANDARD,USD
0000001665,WEB,STANDARD,USD
0000001666,MOBILE_APP,STANDARD,USD
0000001667,MOBILE_APP,STANDARD,USD
0000001668,MOBILE_APP,STANDARD,USD
0000001669,MOBILE_APP,STANDARD,USD
0000001670,MOBILE_APP,EXPRESS,USD
0000001671,MOBILE_APP,EXPRESS,USD
0000001672,WEB,STANDARD,USD
0000001673,WEB,EXPRESS,USD
0000001674,MOBILE_APP,STANDARD,USD
0000001675,WEB,PICKUP,USD
0000001676,MOBILE_APP,EXPRESS,USD
0000001677,CALL_CENTER,STANDARD,USD
0000001678,WEB,STANDARD,USD
0000001679,WEB,EXPRESS,USD
0000001680,WEB,STANDARD,USD
0000001681,WEB,STANDARD,USD
0000001682,WEB,STANDARD,USD
0000001683,WEB,STANDARD,USD
0000001684,WEB,STANDARD,USD
0000001685,WEB,STANDARD,USD
0000001686,WEB,STANDARD,USD
0000001687,MOBILE_APP,STANDARD,USD
0000001688,WEB,STANDARD,USD
0000001689,WEB,EXPRESS,USD
0000001690,MOBILE_APP,EXPRESS,USD
0000001691,MOBILE_APP,EXPRESS,USD
0000001692,MOBILE_APP,STANDARD,USD
0000001693,MOBILE_APP,STANDARD,USD
0000001694,WEB,PICKUP,USD
0000001695,WEB,STANDARD,USD
0000001696,MOBILE_APP,EXPRESS,USD
0000001697,WEB,PICKUP,USD
0000001698,MOBILE_APP,STANDARD,USD
0000001699,MOBILE_APP,EXPRESS,USD
0000001700,WEB,STANDARD,USD
0000001701,WEB,STANDARD,USD
0000001702,MOBILE_APP,STANDARD,USD
0000001703,WEB,STANDARD,USD
0000001704,MOBILE_APP,STANDARD,USD
0000001705,MOBILE_APP,STANDARD,USD
0000001706,MOBILE_APP,EXPRESS,USD
0000001707,MOBILE_APP,EXPRESS,USD
0000001708,WEB,EXPRESS,USD
0000001709,MOBILE_APP,STANDARD,USD
0000001710,WEB,STANDARD,USD
0000001711,WEB,STANDARD,USD
0000001712,WEB,STANDARD,USD
0000001713,WEB,EXPRESS,USD
0000001714,WEB,EXPRESS,USD
0000001715,WEB,STANDARD,USD
0000001716,WEB,STANDARD,USD
0000001717,WEB,PICKUP,USD
0000001718,WEB,EXPRESS,USD
0000001719,MOBILE_APP,STANDARD,USD
0000001720,WEB,STANDARD,USD
0000001721,MOBILE_APP,STANDARD,USD
0000001722,WEB,PICKUP,USD
0000001723,WEB,STANDARD,USD
0000001724,MOBILE_APP,STANDARD,USD
0000001725,MOBILE_APP,STANDARD,USD
0000001726,MOBILE_APP,STANDARD,USD
0000001727,WEB,STANDARD,USD
0000001728,MOBILE_APP,STANDARD,USD
0000001729,WEB,STANDARD,USD
0000001730,WEB,PICKUP,USD
0000001731,WEB,STANDARD,USD
0000001732,WEB,PICKUP,USD
0000001733,MOBILE_APP,STANDARD,USD
0000001734,MOBILE_APP,PICKUP,USD
0000001735,MOBILE_APP,STANDARD,USD
0000001736,WEB,STANDARD,USD
0000001737,WEB,STANDARD,USD
0000001738,MOBILE_APP,STANDARD,USD
0000001739,WEB,STANDARD,USD
0000001740,MOBILE_APP,EXPRESS,USD
0000001741,MOBILE_APP,EXPRESS,USD
0000001742,MOBILE_APP,EXPRESS,USD
0000001743,WEB,STANDARD,USD
0000001744,MOBILE_APP,STANDARD,USD
0000001745,WEB,STANDARD,USD
0000001746,MOBILE_APP,STANDARD,USD
0000001747,MOBILE_APP,STANDARD,USD
0000001748,MOBILE_APP,STANDARD,USD
0000001749,WEB,EXPRESS,USD
0000001750,WEB,STANDARD,USD
0000001751,MOBILE_APP,STANDARD,USD
0000001752,MOBILE_APP,EXPRESS,USD
0000001753,WEB,STANDARD,USD
0000001754,WEB,STANDARD,USD
0000001755,CALL_CENTER,STANDARD,USD
0000001756,MOBILE_APP,STANDARD,USD
0000001757,WEB,PICKUP,USD
0000001758,WEB,STANDARD,USD
0000001759,WEB,EXPRESS,USD
0000001760,MOBILE_APP,STANDARD,USD
0000001761,MOBILE_APP,STANDARD,USD
0000001762,WEB,STANDARD,USD
0000001763,CALL_CENTER,STANDARD,USD
0000001764,WEB,EXPRESS,USD
0000001765,WEB,STANDARD,USD
0000001766,WEB,STANDARD,USD
0000001767,WEB,EXPRESS,USD
0000001768,WEB,EXPRESS,USD
0000001769,MOBILE_APP,STANDARD,USD
0000001770,MOBILE_APP,STANDARD,USD
0000001771,MOBILE_APP,EXPRESS,USD
0000001772,MOBILE_APP,EXPRESS,USD
0000001773,MOBILE_APP,STANDARD,USD
0000001774,WEB,EXPRESS,USD
0000001775,MOBILE_APP,STANDARD,USD
0000001776,MOBILE_APP,STANDARD,USD
0000001777,WEB,EXPRESS,USD
0000001778,WEB,STANDARD,USD
0000001779,WEB,PICKUP,USD
0000001780,WEB,STANDARD,USD
0000001781,CALL_CENTER,STANDARD,USD
0000001782,WEB,STANDARD,USD
0000001783,MOBILE_APP,EXPRESS,USD
0000001784,MOBILE_APP,STANDARD,USD
0000001785,WEB,STANDARD,USD
0000001786,WEB,PICKUP,USD
0000001787,MOBILE_APP,STANDARD,USD
0000001788,WEB,STANDARD,USD
0000001789,WEB,EXPRESS,USD
0000001790,MOBILE_APP,PICKUP,USD
0000001791,WEB,STANDARD,USD
0000001792,MOBILE_APP,STANDARD,USD
0000001793,WEB,STANDARD,USD
0000001794,MOBILE_APP,STANDARD,USD
0000001795,MOBILE_APP,STANDARD,USD
0000001796,WEB,STANDARD,USD
0000001797,MOBILE_APP,STANDARD,USD
0000001798,WEB,STANDARD,USD
0000001799,MOBILE_APP,STANDARD,USD
0000001800,WEB,STANDARD,USD
0000001801,WEB,EXPRESS,USD
0000001802,WEB,PICKUP,USD
0000001803,WEB,STANDARD,USD
0000001804,WEB,PICKUP,USD
0000001805,WEB,STANDARD,USD
0000001806,WEB,STANDARD,USD
0000001807,WEB,STANDARD,USD
0000001808,WEB,STANDARD,USD
0000001809,MOBILE_APP,STANDARD,USD
0000001810,MOBILE_APP,STANDARD,USD
0000001811,WEB,STANDARD,USD
0000001812,WEB,STANDARD,USD
0000001813,WEB,STANDARD,USD
0000001814,MOBILE_APP,PICKUP,USD
0000001815,WEB,EXPRESS,USD
0000001816,MOBILE_APP,STANDARD,USD
0000001817,MOBILE_APP,STANDARD,USD
0000001818,MOBILE_APP,STANDARD,USD
0000001819,WEB,STANDARD,USD
0000001820,MOBILE_APP,STANDARD,USD
0000001821,WEB,PICKUP,USD
0000001822,WEB,PICKUP,USD
0000001823,MOBILE_APP,EXPRESS,USD
0000001824,WEB,STANDARD,USD
0000001825,MOBILE_APP,STANDARD,USD
0000001826,CALL_CENTER,STANDARD,USD
0000001827,WEB,STANDARD,USD
0000001828,MOBILE_APP,STANDARD,USD
0000001829,MOBILE_APP,EXPRESS,USD
0000001830,WEB,STANDARD,USD
0000001831,MOBILE_APP,STANDARD,USD
0000001832,WEB,STANDARD,USD
0000001833,MOBILE_APP,STANDARD,USD
0000001834,WEB,STANDARD,USD
0000001835,WEB,STANDARD,USD
0000001836,WEB,PICKUP,USD
0000001837,WEB,STANDARD,USD
0000001838,MOBILE_APP,STANDARD,USD
0000001839,WEB,EXPRESS,USD
0000001840,WEB,STANDARD,USD
0000001841,CALL_CENTER,STANDARD,USD
0000001842,MOBILE_APP,STANDARD,USD
0000001843,WEB,EXPRESS,USD
0000001844,WEB,STANDARD,USD
0000001845,WEB,STANDARD,USD
0000001846,WEB,EXPRESS,USD
0000001847,WEB,STANDARD,USD
0000001848,WEB,STANDARD,USD
0000001849,WEB,EXPRESS,USD
0000001850,MOBILE_APP,PICKUP,USD
0000001851,WEB,STANDARD,USD
0000001852,WEB,STANDARD,USD
0000001853,MOBILE_APP,EXPRESS,USD
0000001854,WEB,STANDARD,USD
0000001855,MOBILE_APP,PICKUP,USD
0000001856,WEB,PICKUP,USD
0000001857,WEB,STANDARD,USD
0000001858,WEB,STANDARD,USD
0000001859,CALL_CENTER,STANDARD,USD
0000001860,WEB,STANDARD,USD
0000001861,WEB,STANDARD,USD
0000001862,WEB,STANDARD,USD
0000001863,WEB,STANDARD,USD
0000001864,CALL_CENTER,STANDARD,USD
0000001865,WEB,STANDARD,USD
0000001866,WEB,EXPRESS,USD
0000001867,MOBILE_APP,STANDARD,USD
0000001868,MOBILE_APP,EXPRESS,USD
0000001869,WEB,PICKUP,USD
0000001870,MOBILE_APP,STANDARD,USD
0000001871,MOBILE_APP,STANDARD,USD
0000001872,WEB,EXPRESS,USD
0000001873,WEB,PICKUP,USD
0000001874,MOBILE_APP,STANDARD,USD
0000001875,WEB,PICKUP,USD
0000001876,MOBILE_APP,EXPRESS,USD
0000001877,WEB,STANDARD,USD
0000001878,MOBILE_APP,STANDARD,USD
0000001879,WEB,STANDARD,USD
0000001880,MOBILE_APP,EXPRESS,USD
0000001881,WEB,STANDARD,USD
0000001882,WEB,STANDARD,USD
0000001883,WEB,STANDARD,USD
0000001884,MOBILE_APP,STANDARD,USD
0000001885,MOBILE_APP,STANDARD,USD
0000001886,MOBILE_APP,STANDARD,USD
0000001887,MOBILE_APP,EXPRESS,USD
0000001888,WEB,STANDARD,USD
0000001889,WEB,STANDARD,USD
0000001890,CALL_CENTER,STANDARD,USD
0000001891,MOBILE_APP,EXPRESS,USD
0000001892,MOBILE_APP,STANDARD,USD
0000001893,MOBILE_APP,STANDARD,USD
0000001894,WEB,STANDARD,USD
0000001895,WEB,EXPRESS,USD
0000001896,WEB,STANDARD,USD
0000001897,WEB,STANDARD,USD
0000001898,MOBILE_APP,STANDARD,USD
0000001899,WEB,EXPRESS,USD
0000001900,WEB,STANDARD,USD
0000001901,MOBILE_APP,STANDARD,USD
0000001902,MOBILE_APP,STANDARD,USD
0000001903,MOBILE_APP,STANDARD,USD
0000001904,MOBILE_APP,STANDARD,USD
0000001905,WEB,STANDARD,USD
0000001906,WEB,STANDARD,USD
0000001907,MOBILE_APP,STANDARD,USD
0000001908,WEB,STANDARD,USD
0000001909,MOBILE_APP,EXPRESS,USD
0000001910,WEB,PICKUP,USD
0000001911,MOBILE_APP,EXPRESS,USD
0000001912,WEB,STANDARD,USD
0000001913,WEB,EXPRESS,USD
0000001914,MOBILE_APP,STANDARD,USD
0000001915,WEB,STANDARD,USD
0000001916,CALL_CENTER,STANDARD,USD
0000001917,WEB,EXPRESS,USD
0000001918,WEB,STANDARD,USD
0000001919,MOBILE_APP,STANDARD,USD
0000001920,CALL_CENTER,EXPRESS,USD
0000001921,MOBILE_APP,STANDARD,USD
0000001922,MOBILE_APP,STANDARD,USD
0000001923,WEB,STANDARD,USD
0000001924,MOBILE_APP,STANDARD,USD
0000001925,WEB,EXPRESS,USD
0000001926,MOBILE_APP,STANDARD,USD
0000001927,CALL_CENTER,STANDARD,USD
0000001928,MOBILE_APP,STANDARD,USD
0000001929,MOBILE_APP,EXPRESS,USD
0000001930,WEB,STANDARD,USD
0000001931,WEB,STANDARD,USD
0000001932,WEB,STANDARD,USD
0000001933,WEB,STANDARD,USD
0000001934,WEB,STANDARD,USD
0000001935,MOBILE_APP,STANDARD,USD
0000001936,WEB,STANDARD,USD
0000001937,CALL_CENTER,EXPRESS,USD
0000001938,MOBILE_APP,STANDARD,USD
0000001939,WEB,STANDARD,USD
0000001940,WEB,STANDARD,USD
0000001941,MOBILE_APP,STANDARD,USD
0000001942,WEB,EXPRESS,USD
0000001943,WEB,STANDARD,USD
0000001944,WEB,PICKUP,USD
0000001945,WEB,STANDARD,USD
0000001946,WEB,STANDARD,USD
0000001947,MOBILE_APP,EXPRESS,USD
0000001948,MOBILE_APP,STANDARD,USD
0000001949,MOBILE_APP,STANDARD,USD
0000001950,MOBILE_APP,STANDARD,USD
0000001951,WEB,STANDARD,USD
0000001952,CALL_CENTER,EXPRESS,USD
0000001953,MOBILE_APP,STANDARD,USD
0000001954,MOBILE_APP,STANDARD,USD
0000001955,CALL_CENTER,STANDARD,USD
0000001956,MOBILE_APP,PICKUP,USD
0000001957,WEB,STANDARD,USD
0000001958,MOBILE_APP,STANDARD,USD
0000001959,WEB,STANDARD,USD
0000001960,WEB,STANDARD,USD
0000001961,MOBILE_APP,STANDARD,USD
0000001962,MOBILE_APP,STANDARD,USD
0000001963,WEB,STANDARD,USD
0000001964,WEB,STANDARD,USD
0000001965,WEB,PICKUP,USD
0000001966,MOBILE_APP,STANDARD,USD
0000001967,MOBILE_APP,EXPRESS,USD
0000001968,MOBILE_APP,STANDARD,USD
0000001969,WEB,STANDARD,USD
0000001970,MOBILE_APP,EXPRESS,USD
0000001971,WEB,STANDARD,USD
0000001972,WEB,EXPRESS,USD
0000001973,WEB,STANDARD,USD
0000001974,WEB,STANDARD,USD
0000001975,WEB,PICKUP,USD
0000001976,WEB,PICKUP,USD
0000001977,WEB,STANDARD,USD
0000001978,WEB,STANDARD,USD
0000001979,WEB,EXPRESS,USD
0000001980,MOBILE_APP,EXPRESS,USD
0000001981,WEB,STANDARD,USD
0000001982,WEB,STANDARD,USD
0000001983,WEB,STANDARD,USD
0000001984,MOBILE_APP,STANDARD,USD
0000001985,WEB,EXPRESS,USD
0000001986,WEB,EXPRESS,USD
0000001987,WEB,STANDARD,USD
0000001988,MOBILE_APP,STANDARD,USD
0000001989,WEB,STANDARD,USD
0000001990,WEB,STANDARD,USD
0000001991,WEB,STANDARD,USD
0000001992,MOBILE_APP,STANDARD,USD
0000001993,WEB,STANDARD,USD
0000001994,WEB,STANDARD,USD
0000001995,WEB,PICKUP,USD
0000001996,CALL_CENTER,STANDARD,USD
0000001997,WEB,PICKUP,USD
0000001998,MOBILE_APP,STANDARD,USD
0000001999,MOBILE_APP,EXPRESS,USD
0000002000,WEB,STANDARD,USD
0000002001,CALL_CENTER,EXPRESS,USD
0000002002,WEB,EXPRESS,USD
0000002003,WEB,PICKUP,USD
0000002004,WEB,STANDARD,USD
0000002005,WEB,STANDARD,USD
0000002006,WEB,STANDARD,USD
0000002007,WEB,STANDARD,USD
0000002008,WEB,STANDARD,USD
0000002009,MOBILE_APP,EXPRESS,USD
0000002010,MOBILE_APP,STANDARD,USD
0000002011,WEB,STANDARD,USD
0000002012,WEB,STANDARD,USD
0000002013,MOBILE_APP,STANDARD,USD
0000002014,WEB,STANDARD,USD
0000002015,WEB,STANDARD,USD
0000002016,WEB,EXPRESS,USD
0000002017,MOBILE_APP,PICKUP,USD
0000002018,MOBILE_APP,STANDARD,USD
0000002019,MOBILE_APP,STANDARD,USD
0000002020,WEB,EXPRESS,USD
0000002021,MOBILE_APP,EXPRESS,USD
0000002022,WEB,STANDARD,USD
0000002023,WEB,STANDARD,USD
0000002024,WEB,STANDARD,USD
0000002025,WEB,STANDARD,USD
0000002026,WEB,PICKUP,USD
0000002027,MOBILE_APP,STANDARD,USD
0000002028,MOBILE_APP,STANDARD,USD
0000002029,WEB,STANDARD,USD
0000002030,WEB,STANDARD,USD
0000002031,WEB,EXPRESS,USD
0000002032,WEB,STANDARD,USD
0000002033,WEB,STANDARD,USD
0000002034,WEB,STANDARD,USD
0000002035,MOBILE_APP,EXPRESS,USD
0000002036,MOBILE_APP,STANDARD,USD
0000002037,WEB,PICKUP,USD
0000002038,MOBILE_APP,EXPRESS,USD
0000002039,WEB,STANDARD,USD
0000002040,CALL_CENTER,STANDARD,USD
0000002041,MOBILE_APP,STANDARD,USD
0000002042,MOBILE_APP,STANDARD,USD
0000002043,WEB,STANDARD,USD
0000002044,WEB,STANDARD,USD
0000002045,MOBILE_APP,PICKUP,USD
0000002046,WEB,STANDARD,USD
0000002047,MOBILE_APP,EXPRESS,USD
0000002048,CALL_CENTER,STANDARD,USD
0000002049,MOBILE_APP,STANDARD,USD
0000002050,MOBILE_APP,EXPRESS,USD
0000002051,MOBILE_APP,STANDARD,USD
0000002052,CALL_CENTER,STANDARD,USD
0000002053,MOBILE_APP,STANDARD,USD
0000002054,MOBILE_APP,STANDARD,USD
0000002055,WEB,STANDARD,USD
0000002056,MOBILE_APP,PICKUP,USD
0000002057,MOBILE_APP,EXPRESS,USD
0000002058,MOBILE_APP,STANDARD,USD
0000002059,MOBILE_APP,EXPRESS,USD
0000002060,MOBILE_APP,STANDARD,USD
0000002061,MOBILE_APP,STANDARD,USD
0000002062,WEB,STANDARD,USD
0000002063,WEB,STANDARD,USD
0000002064,WEB,STANDARD,USD
0000002065,WEB,STANDARD,USD
0000002066,WEB,STANDARD,USD
0000002067,CALL_CENTER,STANDARD,USD
0000002068,WEB,STANDARD,USD
0000002069,MOBILE_APP,EXPRESS,USD
0000002070,MOBILE_APP,STANDARD,USD
0000002071,MOBILE_APP,STANDARD,USD
0000002072,WEB,STANDARD,USD
0000002073,MOBILE_APP,STANDARD,USD
0000002074,MOBILE_APP,STANDARD,USD
0000002075,WEB,STANDARD,USD
0000002076,WEB,STANDARD,USD
0000002077,WEB,EXPRESS,USD
0000002078,MOBILE_APP,STANDARD,USD
0000002079,MOBILE_APP,PICKUP,USD
0000002080,MOBILE_APP,STANDARD,USD
0000002081,MOBILE_APP,STANDARD,USD
0000002082,WEB,STANDARD,USD
0000002083,MOBILE_APP,STANDARD,USD
0000002084,WEB,STANDARD,USD
0000002085,MOBILE_APP,EXPRESS,USD
0000002086,WEB,EXPRESS,USD
0000002087,MOBILE_APP,STANDARD,USD
0000002088,WEB,STANDARD,USD
0000002089,WEB,STANDARD,USD
0000002090,WEB,STANDARD,USD
0000002091,WEB,PICKUP,USD
0000002092,WEB,STANDARD,USD
0000002093,WEB,STANDARD,USD
0000002094,MOBILE_APP,EXPRESS,USD
0000002095,WEB,STANDARD,USD
0000002096,WEB,STANDARD,USD
0000002097,MOBILE_APP,STANDARD,USD
0000002098,MOBILE_APP,STANDARD,USD
0000002099,MOBILE_APP,STANDARD,USD
0000002100,MOBILE_APP,STANDARD,USD
0000002101,MOBILE_APP,PICKUP,USD
0000002102,MOBILE_APP,PICKUP,USD
0000002103,MOBILE_APP,STANDARD,USD
0000002104,WEB,STANDARD,USD
0000002105,MOBILE_APP,STANDARD,USD
0000002106,WEB,STANDARD,USD
0000002107,WEB,STANDARD,USD
0000002108,WEB,EXPRESS,USD
0000002109,WEB,EXPRESS,USD
0000002110,CALL_CENTER,STANDARD,USD
0000002111,WEB,EXPRESS,USD
0000002112,WEB,STANDARD,USD
0000002113,WEB,STANDARD,USD
0000002114,WEB,STANDARD,USD
0000002115,MOBILE_APP,STANDARD,USD
0000002116,MOBILE_APP,STANDARD,USD
0000002117,WEB,STANDARD,USD
0000002118,MOBILE_APP,STANDARD,USD
0000002119,MOBILE_APP,STANDARD,USD
0000002120,MOBILE_APP,STANDARD,USD
0000002121,MOBILE_APP,STANDARD,USD
0000002122,WEB,STANDARD,USD
0000002123,MOBILE_APP,PICKUP,USD
0000002124,WEB,STANDARD,USD
0000002125,WEB,STANDARD,USD
0000002126,WEB,STANDARD,USD
0000002127,WEB,STANDARD,USD
0000002128,WEB,STANDARD,USD
0000002129,MOBILE_APP,STANDARD,USD
0000002130,WEB,STANDARD,USD
0000002131,MOBILE_APP,STANDARD,USD
0000002132,MOBILE_APP,STANDARD,USD
0000002133,WEB,PICKUP,USD
0000002134,WEB,EXPRESS,USD
0000002135,MOBILE_APP,STANDARD,USD
0000002136,MOBILE_APP,STANDARD,USD
0000002137,WEB,STANDARD,USD
0000002138,MOBILE_APP,STANDARD,USD
0000002139,MOBILE_APP,STANDARD,USD
0000002140,MOBILE_APP,STANDARD,USD
0000002141,MOBILE_APP,STANDARD,USD
0000002142,WEB,STANDARD,USD
0000002143,WEB,PICKUP,USD
0000002144,MOBILE_APP,STANDARD,USD
0000002145,MOBILE_APP,STANDARD,USD
0000002146,MOBILE_APP,STANDARD,USD
0000002147,MOBILE_APP,EXPRESS,USD
0000002148,MOBILE_APP,STANDARD,USD
0000002149,WEB,STANDARD,USD
0000002150,MOBILE_APP,STANDARD,USD
0000002151,MOBILE_APP,STANDARD,USD
0000002152,WEB,EXPRESS,USD
0000002153,WEB,STANDARD,USD
0000002154,WEB,EXPRESS,USD
0000002155,WEB,STANDARD,USD
0000002156,WEB,STANDARD,USD
0000002157,MOBILE_APP,STANDARD,USD
0000002158,WEB,EXPRESS,USD
0000002159,WEB,STANDARD,USD
0000002160,WEB,STANDARD,USD
0000002161,WEB,STANDARD,USD
0000002162,MOBILE_APP,EXPRESS,USD
0000002163,MOBILE_APP,STANDARD,USD
0000002164,WEB,STANDARD,USD
0000002165,WEB,STANDARD,USD
0000002166,WEB,STANDARD,USD
0000002167,CALL_CENTER,STANDARD,USD
0000002168,WEB,STANDARD,USD
0000002169,WEB,EXPRESS,USD
0000002170,CALL_CENTER,STANDARD,USD
0000002171,MOBILE_APP,EXPRESS,USD
0000002172,WEB,STANDARD,USD
0000002173,MOBILE_APP,STANDARD,USD
0000002174,WEB,STANDARD,USD
0000002175,MOBILE_APP,STANDARD,USD
0000002176,MOBILE_APP,STANDARD,USD
0000002177,MOBILE_APP,STANDARD,USD
0000002178,WEB,STANDARD,USD
0000002179,WEB,STANDARD,USD
0000002180,MOBILE_APP,STANDARD,USD
0000002181,WEB,STANDARD,USD
0000002182,CALL_CENTER,STANDARD,USD
0000002183,MOBILE_APP,STANDARD,USD
0000002184,WEB,STANDARD,USD
0000002185,MOBILE_APP,STANDARD,USD
0000002186,WEB,EXPRESS,USD
0000002187,MOBILE_APP,STANDARD,USD
0000002188,MOBILE_APP,STANDARD,USD
0000002189,MOBILE_APP,STANDARD,USD
0000002190,WEB,EXPRESS,USD
0000002191,WEB,EXPRESS,USD
0000002192,WEB,EXPRESS,USD
0000002193,MOBILE_APP,STANDARD,USD
0000002194,MOBILE_APP,STANDARD,USD
0000002195,WEB,STANDARD,USD
0000002196,WEB,STANDARD,USD
0000002197,MOBILE_APP,STANDARD,USD
0000002198,MOBILE_APP,EXPRESS,USD
0000002199,MOBILE_APP,STANDARD,USD
0000002200,WEB,STANDARD,USD
0000002201,MOBILE_APP,EXPRESS,USD
0000002202,WEB,EXPRESS,USD
0000002203,MOBILE_APP,STANDARD,USD
0000002204,WEB,STANDARD,USD
0000002205,MOBILE_APP,STANDARD,USD
0000002206,WEB,PICKUP,USD
0000002207,WEB,STANDARD,USD
0000002208,WEB,STANDARD,USD
0000002209,WEB,STANDARD,USD
0000002210,MOBILE_APP,STANDARD,USD
0000002211,WEB,PICKUP,USD
0000002212,WEB,PICKUP,USD
0000002213,WEB,PICKUP,USD
0000002214,MOBILE_APP,STANDARD,USD
0000002215,CALL_CENTER,STANDARD,USD
0000002216,WEB,EXPRESS,USD
0000002217,WEB,EXPRESS,USD
0000002218,WEB,PICKUP,USD
0000002219,MOBILE_APP,STANDARD,USD
0000002220,MOBILE_APP,STANDARD,USD
0000002221,MOBILE_APP,STANDARD,USD
0000002222,WEB,STANDARD,USD
0000002223,WEB,PICKUP,USD
0000002224,MOBILE_APP,STANDARD,USD
0000002225,WEB,STANDARD,USD
0000002226,WEB,EXPRESS,USD
0000002227,CALL_CENTER,STANDARD,USD
0000002228,MOBILE_APP,STANDARD,USD
0000002229,WEB,STANDARD,USD
0000002230,WEB,STANDARD,USD
0000002231,WEB,PICKUP,USD
0000002232,MOBILE_APP,STANDARD,USD
0000002233,MOBILE_APP,STANDARD,USD
0000002234,WEB,STANDARD,USD
0000002235,WEB,STANDARD,USD
0000002236,MOBILE_APP,EXPRESS,USD
0000002237,WEB,STANDARD,USD
0000002238,MOBILE_APP,STANDARD,USD
0000002239,WEB,STANDARD,USD
0000002240,WEB,EXPRESS,USD
0000002241,MOBILE_APP,EXPRESS,USD
0000002242,WEB,STANDARD,USD
0000002243,WEB,STANDARD,USD
0000002244,WEB,STANDARD,USD
0000002245,WEB,STANDARD,USD
0000002246,WEB,STANDARD,USD
0000002247,MOBILE_APP,STANDARD,USD
0000002248,WEB,STANDARD,USD
0000002249,MOBILE_APP,EXPRESS,USD
0000002250,MOBILE_APP,STANDARD,USD
0000002251,WEB,EXPRESS,USD
0000002252,WEB,STANDARD,USD
0000002253,WEB,STANDARD,USD
0000002254,WEB,EXPRESS,USD
0000002255,WEB,STANDARD,USD
0000002256,WEB,STANDARD,USD
0000002257,WEB,STANDARD,USD
0000002258,MOBILE_APP,STANDARD,USD
0000002259,MOBILE_APP,STANDARD,USD
0000002260,WEB,STANDARD,USD
0000002261,MOBILE_APP,STANDARD,USD
0000002262,WEB,STANDARD,USD
0000002263,MOBILE_APP,STANDARD,USD
0000002264,WEB,EXPRESS,USD
0000002265,MOBILE_APP,STANDARD,USD
0000002266,WEB,STANDARD,USD
0000002267,WEB,EXPRESS,USD
0000002268,MOBILE_APP,STANDARD,USD
0000002269,WEB,STANDARD,USD
0000002270,WEB,STANDARD,USD
0000002271,WEB,STANDARD,USD
0000002272,MOBILE_APP,STANDARD,USD
0000002273,WEB,STANDARD,USD
0000002274,WEB,STANDARD,USD
0000002275,MOBILE_APP,STANDARD,USD
0000002276,MOBILE_APP,PICKUP,USD
0000002277,MOBILE_APP,STANDARD,USD
0000002278,MOBILE_APP,STANDARD,USD
0000002279,WEB,PICKUP,USD
0000002280,WEB,EXPRESS,USD
0000002281,WEB,STANDARD,USD
0000002282,MOBILE_APP,STANDARD,USD
0000002283,MOBILE_APP,STANDARD,USD
0000002284,WEB,STANDARD,USD
0000002285,MOBILE_APP,PICKUP,USD
0000002286,WEB,STANDARD,USD
0000002287,CALL_CENTER,STANDARD,USD
0000002288,MOBILE_APP,STANDARD,USD
0000002289,MOBILE_APP,STANDARD,USD
0000002290,WEB,STANDARD,USD
0000002291,WEB,EXPRESS,USD
0000002292,WEB,STANDARD,USD
0000002293,MOBILE_APP,STANDARD,USD
0000002294,WEB,STANDARD,USD
0000002295,WEB,STANDARD,USD
0000002296,WEB,STANDARD,USD
0000002297,MOBILE_APP,STANDARD,USD
0000002298,WEB,EXPRESS,USD
0000002299,WEB,STANDARD,USD
0000002300,WEB,STANDARD,USD
0000002301,WEB,STANDARD,USD
0000002302,MOBILE_APP,STANDARD,USD
0000002303,WEB,PICKUP,USD
0000002304,WEB,STANDARD,USD
0000002305,MOBILE_APP,EXPRESS,USD
0000002306,WEB,EXPRESS,USD
0000002307,WEB,EXPRESS,USD
0000002308,MOBILE_APP,STANDARD,USD
0000002309,WEB,STANDARD,USD
0000002310,WEB,EXPRESS,USD
0000002311,WEB,STANDARD,USD
0000002312,WEB,STANDARD,USD
0000002313,MOBILE_APP,STANDARD,USD
0000002314,CALL_CENTER,STANDARD,USD
0000002315,MOBILE_APP,STANDARD,USD
0000002316,WEB,STANDARD,USD
0000002317,WEB,EXPRESS,USD
0000002318,WEB,PICKUP,USD
0000002319,WEB,STANDARD,USD
0000002320,WEB,EXPRESS,USD
0000002321,MOBILE_APP,STANDARD,USD
0000002322,MOBILE_APP,EXPRESS,USD
0000002323,MOBILE_APP,STANDARD,USD
0000002324,WEB,STANDARD,USD
0000002325,WEB,STANDARD,USD
0000002326,WEB,EXPRESS,USD
0000002327,MOBILE_APP,STANDARD,USD
0000002328,MOBILE_APP,STANDARD,USD
0000002329,WEB,STANDARD,USD
0000002330,WEB,EXPRESS,USD
0000002331,WEB,STANDARD,USD
0000002332,MOBILE_APP,PICKUP,USD
0000002333,MOBILE_APP,PICKUP,USD
0000002334,WEB,STANDARD,USD
0000002335,MOBILE_APP,PICKUP,USD
0000002336,WEB,STANDARD,USD
0000002337,WEB,STANDARD,USD
0000002338,MOBILE_APP,STANDARD,USD
0000002339,WEB,STANDARD,USD
0000002340,WEB,STANDARD,USD
0000002341,WEB,EXPRESS,USD
0000002342,WEB,PICKUP,USD
0000002343,WEB,STANDARD,USD
0000002344,WEB,STANDARD,USD
0000002345,MOBILE_APP,STANDARD,USD
0000002346,MOBILE_APP,STANDARD,USD
0000002347,MOBILE_APP,STANDARD,USD
0000002348,MOBILE_APP,STANDARD,USD
0000002349,WEB,STANDARD,USD
0000002350,WEB,EXPRESS,USD
0000002351,MOBILE_APP,EXPRESS,USD
0000002352,MOBILE_APP,STANDARD,USD
0000002353,WEB,STANDARD,USD
0000002354,MOBILE_APP,STANDARD,USD
0000002355,MOBILE_APP,STANDARD,USD
0000002356,WEB,STANDARD,USD
0000002357,MOBILE_APP,EXPRESS,USD
0000002358,MOBILE_APP,EXPRESS,USD
0000002359,WEB,STANDARD,USD
0000002360,WEB,STANDARD,USD
0000002361,MOBILE_APP,STANDARD,USD
0000002362,MOBILE_APP,STANDARD,USD
0000002363,WEB,STANDARD,USD
0000002364,WEB,STANDARD,USD
0000002365,MOBILE_APP,PICKUP,USD
0000002366,CALL_CENTER,STANDARD,USD
0000002367,WEB,PICKUP,USD
0000002368,MOBILE_APP,STANDARD,USD
0000002369,MOBILE_APP,STANDARD,USD
0000002370,MOBILE_APP,PICKUP,USD
0000002371,MOBILE_APP,STANDARD,USD
0000002372,WEB,STANDARD,USD
0000002373,MOBILE_APP,STANDARD,USD
0000002374,WEB,STANDARD,USD
0000002375,MOBILE_APP,STANDARD,USD
0000002376,WEB,EXPRESS,USD
0000002377,WEB,STANDARD,USD
0000002378,WEB,EXPRESS,USD
0000002379,MOBILE_APP,STANDARD,USD
0000002380,WEB,STANDARD,USD
0000002381,WEB,STANDARD,USD
0000002382,MOBILE_APP,STANDARD,USD
0000002383,WEB,EXPRESS,USD
0000002384,MOBILE_APP,STANDARD,USD
0000002385,WEB,STANDARD,USD
0000002386,MOBILE_APP,STANDARD,USD
0000002387,WEB,STANDARD,USD
0000002388,WEB,EXPRESS,USD
0000002389,CALL_CENTER,STANDARD,USD
0000002390,MOBILE_APP,STANDARD,USD
0000002391,WEB,EXPRESS,USD
0000002392,WEB,STANDARD,USD
0000002393,WEB,EXPRESS,USD
0000002394,MOBILE_APP,STANDARD,USD
0000002395,WEB,PICKUP,USD
0000002396,MOBILE_APP,STANDARD,USD
0000002397,MOBILE_APP,STANDARD,USD
0000002398,WEB,STANDARD,USD
0000002399,WEB,STANDARD,USD
0000002400,WEB,STANDARD,USD
0000002401,MOBILE_APP,STANDARD,USD
0000002402,MOBILE_APP,STANDARD,USD
0000002403,WEB,EXPRESS,USD
0000002404,WEB,STANDARD,USD
0000002405,WEB,STANDARD,USD
0000002406,MOBILE_APP,STANDARD,USD
0000002407,WEB,STANDARD,USD
0000002408,MOBILE_APP,STANDARD,USD
0000002409,WEB,STANDARD,USD
0000002410,MOBILE_APP,EXPRESS,USD
0000002411,WEB,STANDARD,USD
0000002412,WEB,STANDARD,USD
0000002413,WEB,STANDARD,USD
0000002414,WEB,PICKUP,USD
0000002415,WEB,EXPRESS,USD
0000002416,MOBILE_APP,STANDARD,USD
0000002417,MOBILE_APP,STANDARD,USD
0000002418,WEB,STANDARD,USD
0000002419,CALL_CENTER,EXPRESS,USD
0000002420,MOBILE_APP,STANDARD,USD
0000002421,MOBILE_APP,STANDARD,USD
0000002422,MOBILE_APP,STANDARD,USD
0000002423,WEB,STANDARD,USD
0000002424,WEB,PICKUP,USD
0000002425,CALL_CENTER,EXPRESS,USD
0000002426,WEB,STANDARD,USD
0000002427,MOBILE_APP,STANDARD,USD
0000002428,WEB,EXPRESS,USD
0000002429,WEB,STANDARD,USD
0000002430,WEB,STANDARD,USD
0000002431,WEB,STANDARD,USD
0000002432,CALL_CENTER,PICKUP,USD
0000002433,WEB,STANDARD,USD
0000002434,CALL_CENTER,STANDARD,USD
0000002435,WEB,STANDARD,USD
0000002436,WEB,STANDARD,USD
0000002437,WEB,STANDARD,USD
0000002438,WEB,STANDARD,USD
0000002439,WEB,STANDARD,USD
0000002440,WEB,PICKUP,USD
0000002441,WEB,EXPRESS,USD
0000002442,MOBILE_APP,STANDARD,USD
0000002443,MOBILE_APP,EXPRESS,USD
0000002444,MOBILE_APP,STANDARD,USD
0000002445,WEB,STANDARD,USD
0000002446,WEB,STANDARD,USD
0000002447,WEB,PICKUP,USD
0000002448,MOBILE_APP,STANDARD,USD
0000002449,CALL_CENTER,STANDARD,USD
0000002450,MOBILE_APP,STANDARD,USD
0000002451,WEB,STANDARD,USD
0000002452,WEB,PICKUP,USD
0000002453,MOBILE_APP,STANDARD,USD
0000002454,MOBILE_APP,STANDARD,USD
0000002455,WEB,STANDARD,USD
0000002456,WEB,STANDARD,USD
0000002457,MOBILE_APP,EXPRESS,USD
0000002458,MOBILE_APP,PICKUP,USD
0000002459,WEB,EXPRESS,USD
0000002460,WEB,STANDARD,USD
0000002461,WEB,STANDARD,USD
0000002462,MOBILE_APP,EXPRESS,USD
0000002463,WEB,STANDARD,USD
0000002464,WEB,EXPRESS,USD
0000002465,WEB,STANDARD,USD
0000002466,WEB,STANDARD,USD
0000002467,MOBILE_APP,EXPRESS,USD
0000002468,WEB,STANDARD,USD
0000002469,MOBILE_APP,STANDARD,USD
0000002470,WEB,STANDARD,USD
0000002471,WEB,EXPRESS,USD
0000002472,WEB,STANDARD,USD
0000002473,WEB,STANDARD,USD
0000002474,MOBILE_APP,STANDARD,USD
0000002475,MOBILE_APP,PICKUP,USD
0000002476,WEB,STANDARD,USD
0000002477,WEB,STANDARD,USD
0000002478,WEB,STANDARD,USD
0000002479,WEB,STANDARD,USD
0000002480,CALL_CENTER,EXPRESS,USD
0000002481,WEB,EXPRESS,USD
0000002482,WEB,STANDARD,USD
0000002483,WEB,EXPRESS,USD
0000002484,MOBILE_APP,EXPRESS,USD
0000002485,WEB,STANDARD,USD
0000002486,WEB,STANDARD,USD
0000002487,WEB,EXPRESS,USD
0000002488,MOBILE_APP,EXPRESS,USD
0000002489,MOBILE_APP,STANDARD,USD
0000002490,WEB,STANDARD,USD
0000002491,WEB,STANDARD,USD
0000002492,WEB,STANDARD,USD
0000002493,WEB,EXPRESS,USD
0000002494,WEB,STANDARD,USD
0000002495,MOBILE_APP,STANDARD,USD
0000002496,WEB,PICKUP,USD
0000002497,WEB,EXPRESS,USD
0000002498,CALL_CENTER,STANDARD,USD
0000002499,MOBILE_APP,PICKUP,USD
0000002500,WEB,STANDARD,USD
0000002501,MOBILE_APP,STANDARD,USD
0000002502,WEB,PICKUP,USD
0000002503,MOBILE_APP,STANDARD,USD
0000002504,MOBILE_APP,STANDARD,USD
0000002505,WEB,STANDARD,USD
0000002506,WEB,STANDARD,USD
0000002507,WEB,STANDARD,USD
0000002508,WEB,STANDARD,USD
0000002509,WEB,EXPRESS,USD
0000002510,WEB,STANDARD,USD
0000002511,MOBILE_APP,STANDARD,USD
0000002512,MOBILE_APP,STANDARD,USD
0000002513,WEB,STANDARD,USD
0000002514,WEB,STANDARD,USD
0000002515,WEB,STANDARD,USD
0000002516,WEB,STANDARD,USD
0000002517,WEB,STANDARD,USD
0000002518,WEB,STANDARD,USD
0000002519,WEB,EXPRESS,USD
0000002520,MOBILE_APP,STANDARD,USD
0000002521,WEB,STANDARD,USD
0000002522,MOBILE_APP,STANDARD,USD
0000002523,WEB,STANDARD,USD
0000002524,WEB,STANDARD,USD
0000002525,WEB,STANDARD,USD
0000002526,MOBILE_APP,EXPRESS,USD
0000002527,MOBILE_APP,STANDARD,USD
0000002528,MOBILE_APP,STANDARD,USD
0000002529,WEB,STANDARD,USD
0000002530,MOBILE_APP,STANDARD,USD
0000002531,MOBILE_APP,STANDARD,USD
0000002532,MOBILE_APP,STANDARD,USD
0000002533,WEB,EXPRESS,USD
0000002534,WEB,STANDARD,USD
0000002535,MOBILE_APP,STANDARD,USD
0000002536,WEB,STANDARD,USD
0000002537,MOBILE_APP,STANDARD,USD
0000002538,WEB,PICKUP,USD
0000002539,MOBILE_APP,STANDARD,USD
0000002540,MOBILE_APP,STANDARD,USD
0000002541,WEB,STANDARD,USD
0000002542,MOBILE_APP,STANDARD,USD
0000002543,MOBILE_APP,PICKUP,USD
0000002544,MOBILE_APP,STANDARD,USD
0000002545,WEB,EXPRESS,USD
0000002546,MOBILE_APP,STANDARD,USD
0000002547,WEB,STANDARD,USD
0000002548,MOBILE_APP,STANDARD,USD
0000002549,WEB,EXPRESS,USD
0000002550,WEB,STANDARD,USD
0000002551,MOBILE_APP,PICKUP,USD
0000002552,WEB,STANDARD,USD
0000002553,WEB,STANDARD,USD
0000002554,MOBILE_APP,EXPRESS,USD
0000002555,WEB,STANDARD,USD
0000002556,MOBILE_APP,STANDARD,USD
0000002557,MOBILE_APP,STANDARD,USD
0000002558,MOBILE_APP,EXPRESS,USD
0000002559,WEB,STANDARD,USD
0000002560,WEB,STANDARD,USD
0000002561,WEB,STANDARD,USD
0000002562,WEB,STANDARD,USD
0000002563,WEB,STANDARD,USD
0000002564,MOBILE_APP,EXPRESS,USD
0000002565,MOBILE_APP,EXPRESS,USD
0000002566,WEB,STANDARD,USD
0000002567,MOBILE_APP,PICKUP,USD
0000002568,WEB,STANDARD,USD
0000002569,MOBILE_APP,STANDARD,USD
0000002570,WEB,STANDARD,USD
0000002571,WEB,STANDARD,USD
0000002572,WEB,STANDARD,USD
0000002573,MOBILE_APP,STANDARD,USD
0000002574,WEB,STANDARD,USD
0000002575,MOBILE_APP,STANDARD,USD
0000002576,WEB,PICKUP,USD
0000002577,CALL_CENTER,PICKUP,USD
0000002578,MOBILE_APP,STANDARD,USD
0000002579,MOBILE_APP,PICKUP,USD
0000002580,WEB,STANDARD,USD
0000002581,MOBILE_APP,STANDARD,USD
0000002582,MOBILE_APP,STANDARD,USD
0000002583,WEB,STANDARD,USD
0000002584,WEB,PICKUP,USD
0000002585,WEB,STANDARD,USD
0000002586,MOBILE_APP,STANDARD,USD
0000002587,WEB,STANDARD,USD
0000002588,WEB,STANDARD,USD
0000002589,WEB,STANDARD,USD
0000002590,MOBILE_APP,STANDARD,USD
0000002591,WEB,STANDARD,USD
0000002592,WEB,STANDARD,USD
0000002593,MOBILE_APP,PICKUP,USD
0000002594,WEB,STANDARD,USD
0000002595,WEB,STANDARD,USD
0000002596,MOBILE_APP,EXPRESS,USD
0000002597,WEB,STANDARD,USD
0000002598,CALL_CENTER,STANDARD,USD
0000002599,MOBILE_APP,STANDARD,USD
0000002600,MOBILE_APP,STANDARD,USD
0000002601,WEB,STANDARD,USD
0000002602,WEB,STANDARD,USD
0000002603,MOBILE_APP,PICKUP,USD
0000002604,WEB,STANDARD,USD
0000002605,MOBILE_APP,STANDARD,USD
0000002606,MOBILE_APP,STANDARD,USD
0000002607,WEB,STANDARD,USD
0000002608,MOBILE_APP,PICKUP,USD
0000002609,WEB,STANDARD,USD
0000002610,MOBILE_APP,STANDARD,USD
0000002611,MOBILE_APP,EXPRESS,USD
0000002612,MOBILE_APP,STANDARD,USD
0000002613,MOBILE_APP,STANDARD,USD
0000002614,MOBILE_APP,PICKUP,USD
0000002615,WEB,STANDARD,USD
0000002616,WEB,STANDARD,USD
0000002617,WEB,STANDARD,USD
0000002618,WEB,STANDARD,USD
0000002619,WEB,EXPRESS,USD
0000002620,MOBILE_APP,STANDARD,USD
0000002621,MOBILE_APP,STANDARD,USD
0000002622,WEB,PICKUP,USD
0000002623,MOBILE_APP,STANDARD,USD
0000002624,WEB,STANDARD,USD
0000002625,CALL_CENTER,EXPRESS,USD
0000002626,WEB,STANDARD,USD
0000002627,WEB,STANDARD,USD
0000002628,MOBILE_APP,STANDARD,USD
0000002629,WEB,STANDARD,USD
0000002630,CALL_CENTER,STANDARD,USD
0000002631,WEB,STANDARD,USD
0000002632,MOBILE_APP,STANDARD,USD
0000002633,WEB,STANDARD,USD
0000002634,MOBILE_APP,STANDARD,USD
0000002635,MOBILE_APP,EXPRESS,USD
0000002636,WEB,PICKUP,USD
0000002637,WEB,EXPRESS,USD
0000002638,WEB,STANDARD,USD
0000002639,WEB,EXPRESS,USD
0000002640,WEB,EXPRESS,USD
0000002641,WEB,EXPRESS,USD
0000002642,MOBILE_APP,STANDARD,USD
0000002643,WEB,STANDARD,USD
0000002644,WEB,EXPRESS,USD
0000002645,WEB,STANDARD,USD
0000002646,WEB,STANDARD,USD
0000002647,MOBILE_APP,STANDARD,USD
0000002648,MOBILE_APP,STANDARD,USD
0000002649,CALL_CENTER,PICKUP,USD
0000002650,MOBILE_APP,EXPRESS,USD
0000002651,WEB,STANDARD,USD
0000002652,WEB,EXPRESS,USD
0000002653,MOBILE_APP,EXPRESS,USD
0000002654,MOBILE_APP,STANDARD,USD
0000002655,WEB,STANDARD,USD
0000002656,WEB,STANDARD,USD
0000002657,WEB,EXPRESS,USD
0000002658,MOBILE_APP,STANDARD,USD
0000002659,WEB,STANDARD,USD
0000002660,WEB,STANDARD,USD
0000002661,WEB,STANDARD,USD
0000002662,MOBILE_APP,STANDARD,USD
0000002663,MOBILE_APP,STANDARD,USD
0000002664,WEB,STANDARD,USD
0000002665,WEB,STANDARD,USD
0000002666,MOBILE_APP,STANDARD,USD
0000002667,WEB,STANDARD,USD
0000002668,MOBILE_APP,EXPRESS,USD
0000002669,WEB,STANDARD,USD
0000002670,MOBILE_APP,STANDARD,USD
0000002671,WEB,EXPRESS,USD
0000002672,WEB,STANDARD,USD
0000002673,WEB,EXPRESS,USD
0000002674,WEB,STANDARD,USD
0000002675,MOBILE_APP,EXPRESS,USD
0000002676,MOBILE_APP,STANDARD,USD
0000002677,WEB,STANDARD,USD
0000002678,WEB,STANDARD,USD
0000002679,MOBILE_APP,STANDARD,USD
0000002680,MOBILE_APP,STANDARD,USD
0000002681,WEB,STANDARD,USD
0000002682,MOBILE_APP,STANDARD,USD
0000002683,WEB,STANDARD,USD
0000002684,WEB,STANDARD,USD
0000002685,WEB,EXPRESS,USD
0000002686,MOBILE_APP,STANDARD,USD
0000002687,WEB,STANDARD,USD
0000002688,MOBILE_APP,STANDARD,USD
0000002689,MOBILE_APP,STANDARD,USD
0000002690,MOBILE_APP,EXPRESS,USD
0000002691,MOBILE_APP,EXPRESS,USD
0000002692,MOBILE_APP,EXPRESS,USD
0000002693,MOBILE_APP,STANDARD,USD
0000002694,WEB,STANDARD,USD
0000002695,MOBILE_APP,PICKUP,USD
0000002696,MOBILE_APP,STANDARD,USD
0000002697,WEB,STANDARD,USD
0000002698,WEB,EXPRESS,USD
0000002699,WEB,STANDARD,USD
0000002700,MOBILE_APP,STANDARD,USD
0000002701,MOBILE_APP,STANDARD,USD
0000002702,WEB,EXPRESS,USD
0000002703,MOBILE_APP,STANDARD,USD
0000002704,WEB,STANDARD,USD
0000002705,MOBILE_APP,STANDARD,USD
0000002706,WEB,STANDARD,USD
0000002707,WEB,STANDARD,USD
0000002708,WEB,STANDARD,USD
0000002709,MOBILE_APP,STANDARD,USD
0000002710,WEB,STANDARD,USD
0000002711,WEB,STANDARD,USD
0000002712,CALL_CENTER,STANDARD,USD
0000002713,MOBILE_APP,STANDARD,USD
0000002714,WEB,STANDARD,USD
0000002715,MOBILE_APP,PICKUP,USD
0000002716,WEB,STANDARD,USD
0000002717,WEB,STANDARD,USD
0000002718,MOBILE_APP,STANDARD,USD
0000002719,MOBILE_APP,EXPRESS,USD
0000002720,MOBILE_APP,STANDARD,USD
0000002721,WEB,STANDARD,USD
0000002722,WEB,STANDARD,USD
0000002723,MOBILE_APP,PICKUP,USD
0000002724,WEB,STANDARD,USD
0000002725,CALL_CENTER,STANDARD,USD
0000002726,WEB,STANDARD,USD
0000002727,WEB,PICKUP,USD
0000002728,WEB,STANDARD,USD
0000002729,WEB,STANDARD,USD
0000002730,WEB,STANDARD,USD
0000002731,MOBILE_APP,STANDARD,USD
0000002732,WEB,STANDARD,USD
0000002733,WEB,STANDARD,USD
0000002734,WEB,STANDARD,USD
0000002735,WEB,STANDARD,USD
0000002736,WEB,STANDARD,USD
0000002737,MOBILE_APP,EXPRESS,USD
0000002738,WEB,STANDARD,USD
0000002739,MOBILE_APP,STANDARD,USD
0000002740,WEB,STANDARD,USD
0000002741,WEB,EXPRESS,USD
0000002742,WEB,STANDARD,USD
0000002743,WEB,PICKUP,USD
0000002744,MOBILE_APP,STANDARD,USD
0000002745,CALL_CENTER,STANDARD,USD
0000002746,WEB,PICKUP,USD
0000002747,MOBILE_APP,EXPRESS,USD
0000002748,MOBILE_APP,STANDARD,USD
0000002749,WEB,PICKUP,USD
0000002750,MOBILE_APP,EXPRESS,USD
0000002751,WEB,STANDARD,USD
0000002752,WEB,STANDARD,USD
0000002753,MOBILE_APP,STANDARD,USD
0000002754,WEB,STANDARD,USD
0000002755,CALL_CENTER,STANDARD,USD
0000002756,WEB,STANDARD,USD
0000002757,MOBILE_APP,PICKUP,USD
0000002758,WEB,STANDARD,USD
0000002759,WEB,STANDARD,USD
0000002760,WEB,STANDARD,USD
0000002761,MOBILE_APP,STANDARD,USD
0000002762,WEB,STANDARD,USD
0000002763,MOBILE_APP,STANDARD,USD
0000002764,MOBILE_APP,STANDARD,USD
0000002765,MOBILE_APP,EXPRESS,USD
0000002766,WEB,EXPRESS,USD
0000002767,MOBILE_APP,STANDARD,USD
0000002768,MOBILE_APP,PICKUP,USD
0000002769,MOBILE_APP,STANDARD,USD
0000002770,MOBILE_APP,EXPRESS,USD
0000002771,MOBILE_APP,STANDARD,USD
0000002772,CALL_CENTER,STANDARD,USD
0000002773,MOBILE_APP,STANDARD,USD
0000002774,MOBILE_APP,STANDARD,USD
0000002775,WEB,EXPRESS,USD
0000002776,WEB,STANDARD,USD
0000002777,MOBILE_APP,EXPRESS,USD
0000002778,WEB,STANDARD,USD
0000002779,MOBILE_APP,EXPRESS,USD
0000002780,WEB,EXPRESS,USD
0000002781,MOBILE_APP,STANDARD,USD
0000002782,MOBILE_APP,EXPRESS,USD
0000002783,MOBILE_APP,STANDARD,USD
0000002784,MOBILE_APP,STANDARD,USD
0000002785,MOBILE_APP,STANDARD,USD
0000002786,MOBILE_APP,STANDARD,USD
0000002787,WEB,STANDARD,USD
0000002788,WEB,STANDARD,USD
0000002789,MOBILE_APP,STANDARD,USD
0000002790,WEB,STANDARD,USD
0000002791,MOBILE_APP,STANDARD,USD
0000002792,WEB,STANDARD,USD
0000002793,MOBILE_APP,STANDARD,USD
0000002794,WEB,STANDARD,USD
0000002795,WEB,STANDARD,USD
0000002796,WEB,STANDARD,USD
0000002797,MOBILE_APP,STANDARD,USD
0000002798,MOBILE_APP,STANDARD,USD
0000002799,WEB,STANDARD,USD
0000002800,MOBILE_APP,STANDARD,USD
0000002801,MOBILE_APP,STANDARD,USD
0000002802,MOBILE_APP,STANDARD,USD
0000002803,MOBILE_APP,EXPRESS,USD
0000002804,WEB,PICKUP,USD
0000002805,CALL_CENTER,STANDARD,USD
0000002806,MOBILE_APP,STANDARD,USD
0000002807,CALL_CENTER,STANDARD,USD
0000002808,MOBILE_APP,STANDARD,USD
0000002809,WEB,EXPRESS,USD
0000002810,MOBILE_APP,STANDARD,USD
0000002811,WEB,STANDARD,USD
0000002812,MOBILE_APP,STANDARD,USD
0000002813,WEB,EXPRESS,USD
0000002814,WEB,STANDARD,USD
0000002815,MOBILE_APP,STANDARD,USD
0000002816,WEB,STANDARD,USD
0000002817,WEB,EXPRESS,USD
0000002818,MOBILE_APP,STANDARD,USD
0000002819,WEB,STANDARD,USD
0000002820,WEB,STANDARD,USD
0000002821,WEB,STANDARD,USD
0000002822,WEB,STANDARD,USD
0000002823,MOBILE_APP,STANDARD,USD
0000002824,WEB,STANDARD,USD
0000002825,MOBILE_APP,STANDARD,USD
0000002826,WEB,EXPRESS,USD
0000002827,WEB,STANDARD,USD
0000002828,CALL_CENTER,PICKUP,USD
0000002829,WEB,STANDARD,USD
0000002830,CALL_CENTER,STANDARD,USD
0000002831,WEB,STANDARD,USD
0000002832,MOBILE_APP,PICKUP,USD
0000002833,WEB,EXPRESS,USD
0000002834,WEB,STANDARD,USD
0000002835,MOBILE_APP,EXPRESS,USD
0000002836,MOBILE_APP,STANDARD,USD
0000002837,WEB,STANDARD,USD
0000002838,MOBILE_APP,EXPRESS,USD
0000002839,WEB,PICKUP,USD
0000002840,MOBILE_APP,STANDARD,USD
0000002841,MOBILE_APP,EXPRESS,USD
0000002842,MOBILE_APP,STANDARD,USD
0000002843,WEB,EXPRESS,USD
0000002844,WEB,STANDARD,USD
0000002845,WEB,EXPRESS,USD
0000002846,WEB,STANDARD,USD
0000002847,MOBILE_APP,STANDARD,USD
0000002848,MOBILE_APP,STANDARD,USD
0000002849,WEB,STANDARD,USD
0000002850,WEB,STANDARD,USD
0000002851,CALL_CENTER,STANDARD,USD
0000002852,WEB,STANDARD,USD
0000002853,WEB,STANDARD,USD
0000002854,WEB,STANDARD,USD
0000002855,WEB,PICKUP,USD
0000002856,WEB,EXPRESS,USD
0000002857,WEB,PICKUP,USD
0000002858,MOBILE_APP,STANDARD,USD
0000002859,MOBILE_APP,STANDARD,USD
0000002860,MOBILE_APP,STANDARD,USD
0000002861,WEB,STANDARD,USD
0000002862,MOBILE_APP,STANDARD,USD
0000002863,MOBILE_APP,STANDARD,USD
0000002864,WEB,STANDARD,USD
0000002865,WEB,STANDARD,USD
0000002866,WEB,STANDARD,USD
0000002867,WEB,STANDARD,USD
0000002868,WEB,STANDARD,USD
0000002869,MOBILE_APP,EXPRESS,USD
0000002870,MOBILE_APP,EXPRESS,USD
0000002871,MOBILE_APP,EXPRESS,USD
0000002872,WEB,STANDARD,USD
0000002873,WEB,STANDARD,USD
0000002874,WEB,STANDARD,USD
0000002875,WEB,STANDARD,USD
0000002876,MOBILE_APP,EXPRESS,USD
0000002877,WEB,PICKUP,USD
0000002878,WEB,EXPRESS,USD
0000002879,MOBILE_APP,STANDARD,USD
0000002880,WEB,EXPRESS,USD
0000002881,MOBILE_APP,STANDARD,USD
0000002882,WEB,STANDARD,USD
0000002883,WEB,STANDARD,USD
0000002884,MOBILE_APP,STANDARD,USD
0000002885,WEB,STANDARD,USD
0000002886,WEB,EXPRESS,USD
0000002887,WEB,STANDARD,USD
0000002888,MOBILE_APP,STANDARD,USD
0000002889,WEB,STANDARD,USD
0000002890,WEB,STANDARD,USD
0000002891,MOBILE_APP,EXPRESS,USD
0000002892,WEB,STANDARD,USD
0000002893,MOBILE_APP,STANDARD,USD
0000002894,MOBILE_APP,STANDARD,USD
0000002895,MOBILE_APP,PICKUP,USD
0000002896,MOBILE_APP,STANDARD,USD
0000002897,WEB,STANDARD,USD
0000002898,MOBILE_APP,STANDARD,USD
0000002899,WEB,STANDARD,USD
0000002900,WEB,STANDARD,USD
0000002901,MOBILE_APP,STANDARD,USD
0000002902,MOBILE_APP,STANDARD,USD
0000002903,WEB,EXPRESS,USD
0000002904,WEB,PICKUP,USD
0000002905,MOBILE_APP,STANDARD,USD
0000002906,MOBILE_APP,STANDARD,USD
0000002907,WEB,STANDARD,USD
0000002908,WEB,STANDARD,USD
0000002909,WEB,EXPRESS,USD
0000002910,WEB,EXPRESS,USD
0000002911,WEB,PICKUP,USD
0000002912,WEB,STANDARD,USD
0000002913,WEB,EXPRESS,USD
0000002914,WEB,STANDARD,USD
0000002915,WEB,STANDARD,USD
0000002916,MOBILE_APP,STANDARD,USD
0000002917,WEB,EXPRESS,USD
0000002918,MOBILE_APP,STANDARD,USD
0000002919,WEB,EXPRESS,USD
0000002920,WEB,STANDARD,USD
0000002921,CALL_CENTER,STANDARD,USD
0000002922,WEB,STANDARD,USD
0000002923,WEB,STANDARD,USD
0000002924,MOBILE_APP,STANDARD,USD
0000002925,CALL_CENTER,STANDARD,USD
0000002926,WEB,STANDARD,USD
0000002927,WEB,EXPRESS,USD
0000002928,MOBILE_APP,STANDARD,USD
0000002929,WEB,PICKUP,USD
0000002930,WEB,STANDARD,USD
0000002931,MOBILE_APP,EXPRESS,USD
0000002932,WEB,PICKUP,USD
0000002933,MOBILE_APP,STANDARD,USD
0000002934,MOBILE_APP,EXPRESS,USD
0000002935,WEB,STANDARD,USD
0000002936,WEB,STANDARD,USD
0000002937,MOBILE_APP,EXPRESS,USD
0000002938,MOBILE_APP,STANDARD,USD
0000002939,WEB,STANDARD,USD
0000002940,MOBILE_APP,STANDARD,USD
0000002941,WEB,STANDARD,USD
0000002942,WEB,EXPRESS,USD
0000002943,MOBILE_APP,STANDARD,USD
0000002944,MOBILE_APP,EXPRESS,USD
0000002945,MOBILE_APP,STANDARD,USD
0000002946,WEB,STANDARD,USD
0000002947,WEB,STANDARD,USD
0000002948,WEB,STANDARD,USD
0000002949,WEB,EXPRESS,USD
0000002950,WEB,STANDARD,USD
0000002951,WEB,EXPRESS,USD
0000002952,WEB,STANDARD,USD
0000002953,MOBILE_APP,STANDARD,USD
0000002954,MOBILE_APP,STANDARD,USD
0000002955,WEB,STANDARD,USD
0000002956,WEB,STANDARD,USD
0000002957,WEB,STANDARD,USD
0000002958,WEB,EXPRESS,USD
0000002959,WEB,STANDARD,USD
0000002960,WEB,STANDARD,USD
0000002961,WEB,STANDARD,USD
0000002962,WEB,STANDARD,USD
0000002963,CALL_CENTER,STANDARD,USD
0000002964,MOBILE_APP,STANDARD,USD
0000002965,WEB,STANDARD,USD
0000002966,MOBILE_APP,STANDARD,USD
0000002967,WEB,STANDARD,USD
0000002968,MOBILE_APP,STANDARD,USD
0000002969,MOBILE_APP,EXPRESS,USD
0000002970,WEB,STANDARD,USD
0000002971,WEB,EXPRESS,USD
0000002972,MOBILE_APP,STANDARD,USD
0000002973,MOBILE_APP,EXPRESS,USD
0000002974,WEB,STANDARD,USD
0000002975,WEB,STANDARD,USD
0000002976,CALL_CENTER,STANDARD,USD
0000002977,WEB,STANDARD,USD
0000002978,WEB,EXPRESS,USD
0000002979,WEB,STANDARD,USD
0000002980,MOBILE_APP,EXPRESS,USD
0000002981,MOBILE_APP,STANDARD,USD
0000002982,MOBILE_APP,STANDARD,USD
0000002983,MOBILE_APP,STANDARD,USD
0000002984,WEB,STANDARD,USD
0000002985,WEB,STANDARD,USD
0000002986,WEB,STANDARD,USD
0000002987,MOBILE_APP,STANDARD,USD
0000002988,MOBILE_APP,STANDARD,USD
0000002989,WEB,EXPRESS,USD
0000002990,MOBILE_APP,STANDARD,USD
0000002991,MOBILE_APP,STANDARD,USD
0000002992,WEB,STANDARD,USD
0000002993,WEB,STANDARD,USD
0000002994,MOBILE_APP,STANDARD,USD
0000002995,WEB,EXPRESS,USD
0000002996,WEB,STANDARD,USD
0000002997,WEB,STANDARD,USD
0000002998,WEB,STANDARD,USD
0000002999,WEB,STANDARD,USD
0000003000,WEB,EXPRESS,USD
0000003001,WEB,STANDARD,USD
0000003002,MOBILE_APP,EXPRESS,USD
0000003003,WEB,EXPRESS,USD
0000003004,MOBILE_APP,EXPRESS,USD
0000003005,WEB,STANDARD,USD
0000003006,WEB,PICKUP,USD
0000003007,WEB,EXPRESS,USD
0000003008,WEB,EXPRESS,USD
0000003009,MOBILE_APP,STANDARD,USD
0000003010,WEB,STANDARD,USD
0000003011,WEB,STANDARD,USD
0000003012,MOBILE_APP,STANDARD,USD
0000003013,WEB,EXPRESS,USD
0000003014,WEB,STANDARD,USD
0000003015,WEB,EXPRESS,USD
0000003016,WEB,STANDARD,USD
0000003017,CALL_CENTER,STANDARD,USD
0000003018,WEB,PICKUP,USD
0000003019,WEB,PICKUP,USD
0000003020,WEB,STANDARD,USD
0000003021,MOBILE_APP,EXPRESS,USD
0000003022,WEB,STANDARD,USD
0000003023,WEB,STANDARD,USD
0000003024,WEB,EXPRESS,USD
0000003025,MOBILE_APP,EXPRESS,USD
0000003026,WEB,STANDARD,USD
0000003027,MOBILE_APP,STANDARD,USD
0000003028,WEB,EXPRESS,USD
0000003029,MOBILE_APP,STANDARD,USD
0000003030,WEB,STANDARD,USD
0000003031,WEB,STANDARD,USD
0000003032,MOBILE_APP,STANDARD,USD
0000003033,WEB,STANDARD,USD
0000003034,MOBILE_APP,STANDARD,USD
0000003035,WEB,STANDARD,USD
0000003036,MOBILE_APP,STANDARD,USD
0000003037,MOBILE_APP,STANDARD,USD
0000003038,WEB,STANDARD,USD
0000003039,WEB,EXPRESS,USD
0000003040,MOBILE_APP,STANDARD,USD
0000003041,WEB,STANDARD,USD
0000003042,MOBILE_APP,STANDARD,USD
0000003043,MOBILE_APP,PICKUP,USD
0000003044,WEB,STANDARD,USD
0000003045,WEB,STANDARD,USD
0000003046,MOBILE_APP,STANDARD,USD
0000003047,WEB,EXPRESS,USD
0000003048,MOBILE_APP,PICKUP,USD
0000003049,WEB,STANDARD,USD
0000003050,MOBILE_APP,STANDARD,USD
0000003051,MOBILE_APP,STANDARD,USD
0000003052,MOBILE_APP,STANDARD,USD
0000003053,MOBILE_APP,STANDARD,USD
0000003054,WEB,PICKUP,USD
0000003055,MOBILE_APP,EXPRESS,USD
0000003056,MOBILE_APP,STANDARD,USD
0000003057,MOBILE_APP,STANDARD,USD
0000003058,WEB,STANDARD,USD
0000003059,WEB,STANDARD,USD
0000003060,MOBILE_APP,EXPRESS,USD
0000003061,WEB,EXPRESS,USD
0000003062,WEB,STANDARD,USD
0000003063,WEB,STANDARD,USD
0000003064,WEB,STANDARD,USD
0000003065,WEB,STANDARD,USD
0000003066,MOBILE_APP,STANDARD,USD
0000003067,MOBILE_APP,STANDARD,USD
0000003068,WEB,STANDARD,USD
0000003069,WEB,PICKUP,USD
0000003070,MOBILE_APP,STANDARD,USD
0000003071,MOBILE_APP,STANDARD,USD
0000003072,WEB,STANDARD,USD
0000003073,WEB,STANDARD,USD
0000003074,MOBILE_APP,STANDARD,USD
0000003075,WEB,STANDARD,USD
0000003076,WEB,STANDARD,USD
0000003077,WEB,STANDARD,USD
0000003078,MOBILE_APP,EXPRESS,USD
0000003079,MOBILE_APP,STANDARD,USD
0000003080,WEB,STANDARD,USD
0000003081,WEB,EXPRESS,USD
0000003082,MOBILE_APP,STANDARD,USD
0000003083,CALL_CENTER,STANDARD,USD
0000003084,MOBILE_APP,STANDARD,USD
0000003085,WEB,STANDARD,USD
0000003086,MOBILE_APP,STANDARD,USD
0000003087,WEB,STANDARD,USD
0000003088,WEB,PICKUP,USD
0000003089,WEB,STANDARD,USD
0000003090,WEB,PICKUP,USD
0000003091,WEB,EXPRESS,USD
0000003092,WEB,STANDARD,USD
0000003093,WEB,STANDARD,USD
0000003094,WEB,STANDARD,USD
0000003095,MOBILE_APP,STANDARD,USD
0000003096,WEB,STANDARD,USD
0000003097,WEB,STANDARD,USD
0000003098,MOBILE_APP,EXPRESS,USD
0000003099,WEB,STANDARD,USD
0000003100,WEB,STANDARD,USD
0000003101,WEB,STANDARD,USD
0000003102,MOBILE_APP,STANDARD,USD
0000003103,MOBILE_APP,EXPRESS,USD
0000003104,WEB,STANDARD,USD
0000003105,WEB,STANDARD,USD
0000003106,MOBILE_APP,STANDARD,USD
0000003107,WEB,STANDARD,USD
0000003108,MOBILE_APP,STANDARD,USD
0000003109,MOBILE_APP,EXPRESS,USD
0000003110,WEB,STANDARD,USD
0000003111,WEB,EXPRESS,USD
0000003112,MOBILE_APP,STANDARD,USD
0000003113,WEB,STANDARD,USD
0000003114,WEB,STANDARD,USD
0000003115,CALL_CENTER,STANDARD,USD
0000003116,WEB,STANDARD,USD
0000003117,MOBILE_APP,EXPRESS,USD
0000003118,WEB,STANDARD,USD
0000003119,MOBILE_APP,STANDARD,USD
0000003120,WEB,EXPRESS,USD
0000003121,MOBILE_APP,STANDARD,USD
0000003122,MOBILE_APP,EXPRESS,USD
0000003123,MOBILE_APP,STANDARD,USD
0000003124,WEB,STANDARD,USD
0000003125,MOBILE_APP,STANDARD,USD
0000003126,WEB,EXPRESS,USD
0000003127,MOBILE_APP,STANDARD,USD
0000003128,WEB,EXPRESS,USD
0000003129,WEB,STANDARD,USD
0000003130,MOBILE_APP,PICKUP,USD
0000003131,MOBILE_APP,STANDARD,USD
0000003132,MOBILE_APP,PICKUP,USD
0000003133,MOBILE_APP,PICKUP,USD
0000003134,WEB,STANDARD,USD
0000003135,WEB,EXPRESS,USD
0000003136,WEB,STANDARD,USD
0000003137,CALL_CENTER,EXPRESS,USD
0000003138,MOBILE_APP,STANDARD,USD
0000003139,MOBILE_APP,STANDARD,USD
0000003140,WEB,STANDARD,USD
0000003141,WEB,STANDARD,USD
0000003142,WEB,EXPRESS,USD
0000003143,WEB,STANDARD,USD
0000003144,MOBILE_APP,STANDARD,USD
0000003145,WEB,STANDARD,USD
0000003146,WEB,STANDARD,USD
0000003147,WEB,STANDARD,USD
0000003148,WEB,STANDARD,USD
0000003149,MOBILE_APP,STANDARD,USD
0000003150,MOBILE_APP,STANDARD,USD
0000003151,MOBILE_APP,EXPRESS,USD
0000003152,WEB,EXPRESS,USD
0000003153,WEB,STANDARD,USD
0000003154,WEB,STANDARD,USD
0000003155,WEB,STANDARD,USD
0000003156,MOBILE_APP,STANDARD,USD
0000003157,WEB,STANDARD,USD
0000003158,MOBILE_APP,STANDARD,USD
0000003159,WEB,EXPRESS,USD
0000003160,MOBILE_APP,STANDARD,USD
0000003161,WEB,EXPRESS,USD
0000003162,WEB,STANDARD,USD
0000003163,WEB,STANDARD,USD
0000003164,WEB,STANDARD,USD
0000003165,MOBILE_APP,EXPRESS,USD
0000003166,MOBILE_APP,STANDARD,USD
0000003167,WEB,EXPRESS,USD
0000003168,WEB,STANDARD,USD
0000003169,WEB,STANDARD,USD
0000003170,WEB,EXPRESS,USD
0000003171,WEB,STANDARD,USD
0000003172,WEB,STANDARD,USD
0000003173,WEB,PICKUP,USD
0000003174,WEB,STANDARD,USD
0000003175,MOBILE_APP,EXPRESS,USD
0000003176,MOBILE_APP,STANDARD,USD
0000003177,MOBILE_APP,STANDARD,USD
0000003178,MOBILE_APP,PICKUP,USD
0000003179,WEB,STANDARD,USD
0000003180,WEB,STANDARD,USD
0000003181,MOBILE_APP,PICKUP,USD
0000003182,WEB,STANDARD,USD
0000003183,CALL_CENTER,EXPRESS,USD
0000003184,WEB,STANDARD,USD
0000003185,WEB,STANDARD,USD
0000003186,MOBILE_APP,PICKUP,USD
0000003187,WEB,STANDARD,USD
0000003188,WEB,PICKUP,USD
0000003189,WEB,EXPRESS,USD
0000003190,WEB,STANDARD,USD
0000003191,CALL_CENTER,STANDARD,USD
0000003192,WEB,EXPRESS,USD
0000003193,WEB,STANDARD,USD
0000003194,WEB,STANDARD,USD
0000003195,MOBILE_APP,STANDARD,USD
0000003196,MOBILE_APP,STANDARD,USD
0000003197,WEB,STANDARD,USD
0000003198,MOBILE_APP,STANDARD,USD
0000003199,MOBILE_APP,EXPRESS,USD
0000003200,WEB,PICKUP,USD
0000003201,MOBILE_APP,STANDARD,USD
0000003202,WEB,STANDARD,USD
0000003203,MOBILE_APP,STANDARD,USD
0000003204,MOBILE_APP,EXPRESS,USD
0000003205,WEB,EXPRESS,USD
0000003206,WEB,STANDARD,USD
0000003207,WEB,PICKUP,USD
0000003208,WEB,STANDARD,USD
0000003209,MOBILE_APP,STANDARD,USD
0000003210,WEB,STANDARD,USD
0000003211,MOBILE_APP,STANDARD,USD
0000003212,CALL_CENTER,STANDARD,USD
0000003213,MOBILE_APP,STANDARD,USD
0000003214,MOBILE_APP,PICKUP,USD
0000003215,MOBILE_APP,STANDARD,USD
0000003216,MOBILE_APP,PICKUP,USD
0000003217,WEB,PICKUP,USD
0000003218,WEB,EXPRESS,USD
0000003219,WEB,STANDARD,USD
0000003220,WEB,STANDARD,USD
0000003221,MOBILE_APP,STANDARD,USD
0000003222,WEB,STANDARD,USD
0000003223,MOBILE_APP,STANDARD,USD
0000003224,MOBILE_APP,EXPRESS,USD
0000003225,MOBILE_APP,STANDARD,USD
0000003226,WEB,STANDARD,USD
0000003227,WEB,STANDARD,USD
0000003228,WEB,EXPRESS,USD
0000003229,MOBILE_APP,EXPRESS,USD
0000003230,WEB,EXPRESS,USD
0000003231,WEB,PICKUP,USD
0000003232,WEB,STANDARD,USD
0000003233,WEB,PICKUP,USD
0000003234,MOBILE_APP,STANDARD,USD
0000003235,WEB,EXPRESS,USD
0000003236,WEB,STANDARD,USD
0000003237,MOBILE_APP,STANDARD,USD
0000003238,WEB,EXPRESS,USD
0000003239,MOBILE_APP,STANDARD,USD
0000003240,WEB,EXPRESS,USD
0000003241,MOBILE_APP,STANDARD,USD
0000003242,MOBILE_APP,STANDARD,USD
0000003243,MOBILE_APP,EXPRESS,USD
0000003244,WEB,PICKUP,USD
0000003245,MOBILE_APP,EXPRESS,USD
0000003246,WEB,STANDARD,USD
0000003247,WEB,STANDARD,USD
0000003248,WEB,EXPRESS,USD
0000003249,CALL_CENTER,STANDARD,USD
0000003250,MOBILE_APP,STANDARD,USD
0000003251,WEB,STANDARD,USD
0000003252,MOBILE_APP,STANDARD,USD
0000003253,WEB,STANDARD,USD
0000003254,MOBILE_APP,EXPRESS,USD
0000003255,MOBILE_APP,EXPRESS,USD
0000003256,WEB,EXPRESS,USD
0000003257,WEB,PICKUP,USD
0000003258,WEB,STANDARD,USD
0000003259,WEB,STANDARD,USD
0000003260,MOBILE_APP,STANDARD,USD
0000003261,MOBILE_APP,PICKUP,USD
0000003262,WEB,STANDARD,USD
0000003263,MOBILE_APP,STANDARD,USD
0000003264,WEB,STANDARD,USD
0000003265,WEB,STANDARD,USD
0000003266,MOBILE_APP,STANDARD,USD
0000003267,MOBILE_APP,STANDARD,USD
0000003268,WEB,PICKUP,USD
0000003269,WEB,STANDARD,USD
0000003270,WEB,EXPRESS,USD
0000003271,MOBILE_APP,PICKUP,USD
0000003272,CALL_CENTER,STANDARD,USD
0000003273,WEB,EXPRESS,USD
0000003274,WEB,STANDARD,USD
0000003275,WEB,STANDARD,USD
0000003276,WEB,STANDARD,USD
0000003277,MOBILE_APP,STANDARD,USD
0000003278,WEB,STANDARD,USD
0000003279,WEB,STANDARD,USD
0000003280,WEB,PICKUP,USD
0000003281,WEB,STANDARD,USD
0000003282,WEB,PICKUP,USD
0000003283,CALL_CENTER,EXPRESS,USD
0000003284,CALL_CENTER,EXPRESS,USD
0000003285,MOBILE_APP,STANDARD,USD
0000003286,WEB,STANDARD,USD
0000003287,WEB,STANDARD,USD
0000003288,MOBILE_APP,STANDARD,USD
0000003289,WEB,STANDARD,USD
0000003290,MOBILE_APP,EXPRESS,USD
0000003291,MOBILE_APP,STANDARD,USD
0000003292,MOBILE_APP,STANDARD,USD
0000003293,WEB,STANDARD,USD
0000003294,MOBILE_APP,STANDARD,USD
0000003295,WEB,STANDARD,USD
0000003296,WEB,STANDARD,USD
0000003297,WEB,STANDARD,USD
0000003298,MOBILE_APP,STANDARD,USD
0000003299,WEB,EXPRESS,USD
0000003300,WEB,STANDARD,USD
0000003301,WEB,STANDARD,USD
0000003302,MOBILE_APP,STANDARD,USD
0000003303,WEB,STANDARD,USD
0000003304,WEB,STANDARD,USD
0000003305,WEB,STANDARD,USD
0000003306,WEB,STANDARD,USD
0000003307,WEB,STANDARD,USD
0000003308,WEB,STANDARD,USD
0000003309,MOBILE_APP,STANDARD,USD
0000003310,MOBILE_APP,STANDARD,USD
0000003311,WEB,EXPRESS,USD
0000003312,MOBILE_APP,EXPRESS,USD
0000003313,MOBILE_APP,STANDARD,USD
0000003314,CALL_CENTER,PICKUP,USD
0000003315,MOBILE_APP,STANDARD,USD
0000003316,WEB,STANDARD,USD
0000003317,MOBILE_APP,EXPRESS,USD
0000003318,WEB,EXPRESS,USD
0000003319,MOBILE_APP,STANDARD,USD
0000003320,MOBILE_APP,STANDARD,USD
0000003321,WEB,EXPRESS,USD
0000003322,MOBILE_APP,EXPRESS,USD
0000003323,WEB,PICKUP,USD
0000003324,CALL_CENTER,PICKUP,USD
0000003325,MOBILE_APP,STANDARD,USD
0000003326,MOBILE_APP,EXPRESS,USD
0000003327,MOBILE_APP,STANDARD,USD
0000003328,MOBILE_APP,EXPRESS,USD
0000003329,MOBILE_APP,STANDARD,USD
0000003330,MOBILE_APP,STANDARD,USD
0000003331,WEB,STANDARD,USD
0000003332,WEB,STANDARD,USD
0000003333,WEB,STANDARD,USD
0000003334,WEB,STANDARD,USD
0000003335,WEB,PICKUP,USD
0000003336,WEB,STANDARD,USD
0000003337,MOBILE_APP,EXPRESS,USD
0000003338,MOBILE_APP,STANDARD,USD
0000003339,WEB,EXPRESS,USD
0000003340,WEB,STANDARD,USD
0000003341,WEB,STANDARD,USD
0000003342,CALL_CENTER,PICKUP,USD
0000003343,MOBILE_APP,EXPRESS,USD
0000003344,WEB,STANDARD,USD
0000003345,WEB,STANDARD,USD
0000003346,WEB,STANDARD,USD
0000003347,WEB,STANDARD,USD
0000003348,WEB,STANDARD,USD
0000003349,MOBILE_APP,STANDARD,USD
0000003350,MOBILE_APP,EXPRESS,USD
0000003351,MOBILE_APP,STANDARD,USD
0000003352,MOBILE_APP,EXPRESS,USD
0000003353,MOBILE_APP,STANDARD,USD
0000003354,WEB,STANDARD,USD
0000003355,WEB,STANDARD,USD
0000003356,WEB,STANDARD,USD
0000003357,WEB,EXPRESS,USD
0000003358,WEB,STANDARD,USD
0000003359,MOBILE_APP,PICKUP,USD
0000003360,WEB,EXPRESS,USD
0000003361,WEB,STANDARD,USD
0000003362,WEB,STANDARD,USD
0000003363,MOBILE_APP,STANDARD,USD
0000003364,WEB,STANDARD,USD
0000003365,MOBILE_APP,STANDARD,USD
0000003366,WEB,STANDARD,USD
0000003367,WEB,STANDARD,USD
0000003368,MOBILE_APP,STANDARD,USD
0000003369,WEB,STANDARD,USD
0000003370,MOBILE_APP,EXPRESS,USD
0000003371,MOBILE_APP,STANDARD,USD
0000003372,WEB,STANDARD,USD
0000003373,WEB,STANDARD,USD
0000003374,WEB,STANDARD,USD
0000003375,WEB,EXPRESS,USD
0000003376,WEB,STANDARD,USD
0000003377,WEB,PICKUP,USD
0000003378,MOBILE_APP,EXPRESS,USD
0000003379,WEB,STANDARD,USD
0000003380,WEB,STANDARD,USD
0000003381,MOBILE_APP,STANDARD,USD
0000003382,MOBILE_APP,STANDARD,USD
0000003383,WEB,STANDARD,USD
0000003384,WEB,STANDARD,USD
0000003385,WEB,PICKUP,USD
0000003386,MOBILE_APP,STANDARD,USD
0000003387,WEB,EXPRESS,USD
0000003388,WEB,STANDARD,USD
0000003389,CALL_CENTER,PICKUP,USD
0000003390,WEB,STANDARD,USD
0000003391,WEB,STANDARD,USD
0000003392,WEB,STANDARD,USD
0000003393,CALL_CENTER,STANDARD,USD
0000003394,WEB,STANDARD,USD
0000003395,MOBILE_APP,PICKUP,USD
0000003396,MOBILE_APP,STANDARD,USD
0000003397,CALL_CENTER,STANDARD,USD
0000003398,MOBILE_APP,STANDARD,USD
0000003399,WEB,STANDARD,USD
0000003400,WEB,STANDARD,USD
0000003401,CALL_CENTER,EXPRESS,USD
0000003402,MOBILE_APP,STANDARD,USD
0000003403,WEB,STANDARD,USD
0000003404,MOBILE_APP,EXPRESS,USD
0000003405,MOBILE_APP,STANDARD,USD
0000003406,MOBILE_APP,STANDARD,USD
0000003407,WEB,EXPRESS,USD
0000003408,MOBILE_APP,STANDARD,USD
0000003409,WEB,STANDARD,USD
0000003410,MOBILE_APP,STANDARD,USD
0000003411,WEB,STANDARD,USD
0000003412,WEB,STANDARD,USD
0000003413,WEB,EXPRESS,USD
0000003414,WEB,STANDARD,USD
0000003415,MOBILE_APP,STANDARD,USD
0000003416,MOBILE_APP,STANDARD,USD
0000003417,WEB,EXPRESS,USD
0000003418,WEB,STANDARD,USD
0000003419,WEB,STANDARD,USD
0000003420,MOBILE_APP,STANDARD,USD
0000003421,MOBILE_APP,EXPRESS,USD
0000003422,MOBILE_APP,STANDARD,USD
0000003423,MOBILE_APP,STANDARD,USD
0000003424,WEB,PICKUP,USD
0000003425,WEB,STANDARD,USD
0000003426,MOBILE_APP,STANDARD,USD
0000003427,MOBILE_APP,STANDARD,USD
0000003428,MOBILE_APP,STANDARD,USD
0000003429,WEB,STANDARD,USD
0000003430,MOBILE_APP,STANDARD,USD
0000003431,WEB,PICKUP,USD
0000003432,MOBILE_APP,STANDARD,USD
0000003433,WEB,STANDARD,USD
0000003434,MOBILE_APP,PICKUP,USD
0000003435,MOBILE_APP,STANDARD,USD
0000003436,WEB,STANDARD,USD
0000003437,MOBILE_APP,PICKUP,USD
0000003438,WEB,EXPRESS,USD
0000003439,WEB,STANDARD,USD
0000003440,WEB,STANDARD,USD
0000003441,MOBILE_APP,STANDARD,USD
0000003442,MOBILE_APP,PICKUP,USD
0000003443,MOBILE_APP,EXPRESS,USD
0000003444,WEB,EXPRESS,USD
0000003445,WEB,STANDARD,USD
0000003446,MOBILE_APP,STANDARD,USD
0000003447,WEB,STANDARD,USD
0000003448,MOBILE_APP,EXPRESS,USD
0000003449,WEB,EXPRESS,USD
0000003450,WEB,STANDARD,USD
0000003451,MOBILE_APP,STANDARD,USD
0000003452,WEB,EXPRESS,USD
0000003453,MOBILE_APP,STANDARD,USD
0000003454,WEB,STANDARD,USD
0000003455,WEB,STANDARD,USD
0000003456,MOBILE_APP,STANDARD,USD
0000003457,MOBILE_APP,STANDARD,USD
0000003458,MOBILE_APP,PICKUP,USD
0000003459,WEB,EXPRESS,USD
0000003460,MOBILE_APP,PICKUP,USD
0000003461,MOBILE_APP,STANDARD,USD
0000003462,MOBILE_APP,STANDARD,USD
0000003463,MOBILE_APP,STANDARD,USD
0000003464,WEB,STANDARD,USD
0000003465,WEB,STANDARD,USD
0000003466,WEB,STANDARD,USD
0000003467,WEB,STANDARD,USD
0000003468,MOBILE_APP,STANDARD,USD
0000003469,WEB,PICKUP,USD
0000003470,WEB,STANDARD,USD
0000003471,MOBILE_APP,PICKUP,USD
0000003472,WEB,STANDARD,USD
0000003473,CALL_CENTER,STANDARD,USD
0000003474,WEB,STANDARD,USD
0000003475,MOBILE_APP,STANDARD,USD
0000003476,WEB,STANDARD,USD
0000003477,MOBILE_APP,STANDARD,USD
0000003478,WEB,PICKUP,USD
0000003479,MOBILE_APP,PICKUP,USD
0000003480,WEB,STANDARD,USD
0000003481,MOBILE_APP,STANDARD,USD
0000003482,MOBILE_APP,STANDARD,USD
0000003483,MOBILE_APP,STANDARD,USD
0000003484,WEB,EXPRESS,USD
0000003485,WEB,EXPRESS,USD
0000003486,WEB,STANDARD,USD
0000003487,WEB,PICKUP,USD
0000003488,WEB,STANDARD,USD
0000003489,CALL_CENTER,PICKUP,USD
0000003490,MOBILE_APP,EXPRESS,USD
0000003491,MOBILE_APP,STANDARD,USD
0000003492,WEB,STANDARD,USD
0000003493,MOBILE_APP,STANDARD,USD
0000003494,MOBILE_APP,STANDARD,USD
0000003495,MOBILE_APP,STANDARD,USD
0000003496,WEB,STANDARD,USD
0000003497,WEB,EXPRESS,USD
0000003498,WEB,STANDARD,USD
0000003499,MOBILE_APP,STANDARD,USD
0000003500,WEB,PICKUP,USD
0000003501,WEB,STANDARD,USD
0000003502,MOBILE_APP,PICKUP,USD
0000003503,MOBILE_APP,STANDARD,USD
0000003504,WEB,STANDARD,USD
0000003505,MOBILE_APP,PICKUP,USD
0000003506,MOBILE_APP,STANDARD,USD
0000003507,WEB,PICKUP,USD
0000003508,MOBILE_APP,PICKUP,USD
0000003509,MOBILE_APP,EXPRESS,USD
0000003510,MOBILE_APP,EXPRESS,USD
0000003511,WEB,PICKUP,USD
0000003512,MOBILE_APP,STANDARD,USD
0000003513,WEB,EXPRESS,USD
0000003514,MOBILE_APP,STANDARD,USD
0000003515,WEB,PICKUP,USD
0000003516,MOBILE_APP,STANDARD,USD
0000003517,MOBILE_APP,STANDARD,USD
0000003518,WEB,STANDARD,USD
0000003519,MOBILE_APP,STANDARD,USD
0000003520,WEB,STANDARD,USD
0000003521,MOBILE_APP,STANDARD,USD
0000003522,WEB,STANDARD,USD
0000003523,WEB,STANDARD,USD
0000003524,MOBILE_APP,STANDARD,USD
0000003525,WEB,EXPRESS,USD
0000003526,MOBILE_APP,STANDARD,USD
0000003527,MOBILE_APP,STANDARD,USD
0000003528,WEB,STANDARD,USD
0000003529,WEB,STANDARD,USD
0000003530,MOBILE_APP,STANDARD,USD
0000003531,WEB,STANDARD,USD
0000003532,CALL_CENTER,EXPRESS,USD
0000003533,WEB,STANDARD,USD
0000003534,WEB,STANDARD,USD
0000003535,WEB,STANDARD,USD
0000003536,WEB,STANDARD,USD
0000003537,WEB,STANDARD,USD
0000003538,WEB,EXPRESS,USD
0000003539,WEB,STANDARD,USD
0000003540,CALL_CENTER,EXPRESS,USD
0000003541,MOBILE_APP,EXPRESS,USD
0000003542,WEB,STANDARD,USD
0000003543,MOBILE_APP,STANDARD,USD
0000003544,MOBILE_APP,PICKUP,USD
0000003545,WEB,STANDARD,USD
0000003546,WEB,STANDARD,USD
0000003547,WEB,STANDARD,USD
0000003548,WEB,STANDARD,USD
0000003549,MOBILE_APP,STANDARD,USD
0000003550,MOBILE_APP,STANDARD,USD
0000003551,MOBILE_APP,STANDARD,USD
0000003552,MOBILE_APP,STANDARD,USD
0000003553,MOBILE_APP,STANDARD,USD
0000003554,MOBILE_APP,STANDARD,USD
0000003555,WEB,STANDARD,USD
0000003556,MOBILE_APP,STANDARD,USD
0000003557,MOBILE_APP,STANDARD,USD
0000003558,WEB,STANDARD,USD
0000003559,MOBILE_APP,STANDARD,USD
0000003560,MOBILE_APP,STANDARD,USD
0000003561,WEB,EXPRESS,USD
0000003562,MOBILE_APP,STANDARD,USD
0000003563,WEB,EXPRESS,USD
0000003564,WEB,PICKUP,USD
0000003565,WEB,STANDARD,USD
0000003566,WEB,EXPRESS,USD
0000003567,MOBILE_APP,STANDARD,USD
0000003568,MOBILE_APP,STANDARD,USD
0000003569,MOBILE_APP,EXPRESS,USD
0000003570,MOBILE_APP,STANDARD,USD
0000003571,MOBILE_APP,STANDARD,USD
0000003572,WEB,EXPRESS,USD
0000003573,MOBILE_APP,EXPRESS,USD
0000003574,WEB,STANDARD,USD
0000003575,MOBILE_APP,STANDARD,USD
0000003576,WEB,STANDARD,USD
0000003577,WEB,STANDARD,USD
0000003578,MOBILE_APP,PICKUP,USD
0000003579,WEB,STANDARD,USD
0000003580,WEB,STANDARD,USD
0000003581,MOBILE_APP,EXPRESS,USD
0000003582,CALL_CENTER,EXPRESS,USD
0000003583,WEB,EXPRESS,USD
0000003584,WEB,EXPRESS,USD
0000003585,WEB,EXPRESS,USD
0000003586,MOBILE_APP,STANDARD,USD
0000003587,MOBILE_APP,STANDARD,USD
0000003588,WEB,EXPRESS,USD
0000003589,MOBILE_APP,EXPRESS,USD
0000003590,MOBILE_APP,EXPRESS,USD
0000003591,WEB,STANDARD,USD
0000003592,MOBILE_APP,PICKUP,USD
0000003593,WEB,EXPRESS,USD
0000003594,MOBILE_APP,STANDARD,USD
0000003595,MOBILE_APP,EXPRESS,USD
0000003596,WEB,EXPRESS,USD
0000003597,MOBILE_APP,STANDARD,USD
0000003598,MOBILE_APP,STANDARD,USD
0000003599,WEB,STANDARD,USD
0000003600,MOBILE_APP,STANDARD,USD
0000003601,MOBILE_APP,STANDARD,USD
0000003602,MOBILE_APP,STANDARD,USD
0000003603,WEB,STANDARD,USD
0000003604,MOBILE_APP,STANDARD,USD
0000003605,MOBILE_APP,EXPRESS,USD
0000003606,WEB,STANDARD,USD
0000003607,WEB,STANDARD,USD
0000003608,MOBILE_APP,STANDARD,USD
0000003609,MOBILE_APP,EXPRESS,USD
0000003610,MOBILE_APP,PICKUP,USD
0000003611,WEB,STANDARD,USD
0000003612,WEB,STANDARD,USD
0000003613,MOBILE_APP,STANDARD,USD
0000003614,MOBILE_APP,STANDARD,USD
0000003615,WEB,PICKUP,USD
0000003616,MOBILE_APP,EXPRESS,USD
0000003617,WEB,STANDARD,USD
0000003618,CALL_CENTER,STANDARD,USD
0000003619,MOBILE_APP,STANDARD,USD
0000003620,WEB,STANDARD,USD
0000003621,MOBILE_APP,STANDARD,USD
0000003622,WEB,STANDARD,USD
0000003623,WEB,STANDARD,USD
0000003624,WEB,STANDARD,USD
0000003625,WEB,STANDARD,USD
0000003626,MOBILE_APP,STANDARD,USD
0000003627,MOBILE_APP,PICKUP,USD
0000003628,MOBILE_APP,STANDARD,USD
0000003629,MOBILE_APP,EXPRESS,USD
0000003630,WEB,PICKUP,USD
0000003631,WEB,STANDARD,USD
0000003632,MOBILE_APP,STANDARD,USD
0000003633,MOBILE_APP,STANDARD,USD
0000003634,MOBILE_APP,STANDARD,USD
0000003635,WEB,STANDARD,USD
0000003636,WEB,STANDARD,USD
0000003637,WEB,EXPRESS,USD
0000003638,WEB,EXPRESS,USD
0000003639,WEB,STANDARD,USD
0000003640,MOBILE_APP,STANDARD,USD
0000003641,MOBILE_APP,STANDARD,USD
0000003642,MOBILE_APP,EXPRESS,USD
0000003643,MOBILE_APP,STANDARD,USD
0000003644,MOBILE_APP,EXPRESS,USD
0000003645,WEB,EXPRESS,USD
0000003646,WEB,STANDARD,USD
0000003647,MOBILE_APP,PICKUP,USD
0000003648,MOBILE_APP,EXPRESS,USD
0000003649,WEB,STANDARD,USD
0000003650,WEB,STANDARD,USD
0000003651,MOBILE_APP,STANDARD,USD
0000003652,WEB,STANDARD,USD
0000003653,WEB,STANDARD,USD
0000003654,MOBILE_APP,STANDARD,USD
0000003655,MOBILE_APP,STANDARD,USD
0000003656,MOBILE_APP,STANDARD,USD
0000003657,WEB,STANDARD,USD
0000003658,WEB,STANDARD,USD
0000003659,WEB,STANDARD,USD
0000003660,WEB,STANDARD,USD
0000003661,MOBILE_APP,EXPRESS,USD
0000003662,WEB,STANDARD,USD
0000003663,WEB,STANDARD,USD
0000003664,WEB,STANDARD,USD
0000003665,WEB,EXPRESS,USD
0000003666,MOBILE_APP,EXPRESS,USD
0000003667,MOBILE_APP,PICKUP,USD
0000003668,WEB,STANDARD,USD
0000003669,MOBILE_APP,STANDARD,USD
0000003670,WEB,PICKUP,USD
0000003671,WEB,EXPRESS,USD
0000003672,MOBILE_APP,EXPRESS,USD
0000003673,WEB,EXPRESS,USD
0000003674,WEB,EXPRESS,USD
0000003675,WEB,STANDARD,USD
0000003676,WEB,EXPRESS,USD
0000003677,MOBILE_APP,STANDARD,USD
0000003678,MOBILE_APP,STANDARD,USD
0000003679,MOBILE_APP,STANDARD,USD
0000003680,MOBILE_APP,PICKUP,USD
0000003681,WEB,STANDARD,USD
0000003682,MOBILE_APP,PICKUP,USD
0000003683,MOBILE_APP,STANDARD,USD
0000003684,WEB,STANDARD,USD
0000003685,WEB,STANDARD,USD
0000003686,MOBILE_APP,STANDARD,USD
0000003687,WEB,STANDARD,USD
0000003688,WEB,PICKUP,USD
0000003689,WEB,STANDARD,USD
0000003690,WEB,STANDARD,USD
0000003691,MOBILE_APP,STANDARD,USD
0000003692,WEB,STANDARD,USD
0000003693,WEB,STANDARD,USD
0000003694,WEB,PICKUP,USD
0000003695,WEB,STANDARD,USD
0000003696,WEB,STANDARD,USD
0000003697,MOBILE_APP,PICKUP,USD
0000003698,WEB,STANDARD,USD
0000003699,MOBILE_APP,EXPRESS,USD
0000003700,MOBILE_APP,PICKUP,USD
0000003701,WEB,STANDARD,USD
0000003702,MOBILE_APP,STANDARD,USD
0000003703,WEB,STANDARD,USD
0000003704,WEB,STANDARD,USD
0000003705,WEB,PICKUP,USD
0000003706,MOBILE_APP,STANDARD,USD
0000003707,MOBILE_APP,STANDARD,USD
0000003708,WEB,STANDARD,USD
0000003709,MOBILE_APP,EXPRESS,USD
0000003710,MOBILE_APP,STANDARD,USD
0000003711,WEB,STANDARD,USD
0000003712,MOBILE_APP,STANDARD,USD
0000003713,MOBILE_APP,STANDARD,USD
0000003714,WEB,STANDARD,USD
0000003715,MOBILE_APP,PICKUP,USD
0000003716,WEB,STANDARD,USD
0000003717,MOBILE_APP,STANDARD,USD
0000003718,WEB,STANDARD,USD
0000003719,WEB,STANDARD,USD
0000003720,MOBILE_APP,EXPRESS,USD
0000003721,WEB,EXPRESS,USD
0000003722,WEB,EXPRESS,USD
0000003723,WEB,STANDARD,USD
0000003724,WEB,STANDARD,USD
0000003725,MOBILE_APP,EXPRESS,USD
0000003726,WEB,STANDARD,USD
0000003727,WEB,STANDARD,USD
0000003728,WEB,STANDARD,USD
0000003729,WEB,STANDARD,USD
0000003730,WEB,STANDARD,USD
0000003731,WEB,EXPRESS,USD
0000003732,WEB,STANDARD,USD
0000003733,CALL_CENTER,EXPRESS,USD
0000003734,MOBILE_APP,STANDARD,USD
0000003735,CALL_CENTER,PICKUP,USD
0000003736,MOBILE_APP,STANDARD,USD
0000003737,CALL_CENTER,PICKUP,USD
0000003738,WEB,PICKUP,USD
0000003739,MOBILE_APP,STANDARD,USD
0000003740,MOBILE_APP,STANDARD,USD
0000003741,CALL_CENTER,PICKUP,USD
0000003742,MOBILE_APP,EXPRESS,USD
0000003743,MOBILE_APP,EXPRESS,USD
0000003744,WEB,STANDARD,USD
0000003745,WEB,STANDARD,USD
0000003746,WEB,STANDARD,USD
0000003747,MOBILE_APP,STANDARD,USD
0000003748,MOBILE_APP,PICKUP,USD
0000003749,WEB,STANDARD,USD
0000003750,WEB,STANDARD,USD
0000003751,WEB,STANDARD,USD
0000003752,WEB,STANDARD,USD
0000003753,WEB,STANDARD,USD
0000003754,MOBILE_APP,STANDARD,USD
0000003755,WEB,EXPRESS,USD
0000003756,MOBILE_APP,STANDARD,USD
0000003757,MOBILE_APP,STANDARD,USD
0000003758,WEB,PICKUP,USD
0000003759,MOBILE_APP,STANDARD,USD
0000003760,WEB,PICKUP,USD
0000003761,WEB,STANDARD,USD
0000003762,WEB,PICKUP,USD
0000003763,WEB,STANDARD,USD
0000003764,WEB,STANDARD,USD
0000003765,MOBILE_APP,STANDARD,USD
0000003766,MOBILE_APP,STANDARD,USD
0000003767,WEB,STANDARD,USD
0000003768,WEB,PICKUP,USD
0000003769,MOBILE_APP,EXPRESS,USD
0000003770,WEB,EXPRESS,USD
0000003771,MOBILE_APP,EXPRESS,USD
0000003772,WEB,STANDARD,USD
0000003773,CALL_CENTER,EXPRESS,USD
0000003774,MOBILE_APP,STANDARD,USD
0000003775,MOBILE_APP,EXPRESS,USD
0000003776,MOBILE_APP,STANDARD,USD
0000003777,WEB,STANDARD,USD
0000003778,WEB,STANDARD,USD
0000003779,WEB,STANDARD,USD
0000003780,WEB,STANDARD,USD
0000003781,MOBILE_APP,STANDARD,USD
0000003782,CALL_CENTER,STANDARD,USD
0000003783,WEB,STANDARD,USD
0000003784,WEB,STANDARD,USD
0000003785,WEB,STANDARD,USD
0000003786,WEB,PICKUP,USD
0000003787,WEB,STANDARD,USD
0000003788,MOBILE_APP,EXPRESS,USD
0000003789,MOBILE_APP,STANDARD,USD
0000003790,WEB,PICKUP,USD
0000003791,WEB,STANDARD,USD
0000003792,WEB,STANDARD,USD
0000003793,WEB,STANDARD,USD
0000003794,CALL_CENTER,EXPRESS,USD
0000003795,MOBILE_APP,EXPRESS,USD
0000003796,WEB,STANDARD,USD
0000003797,WEB,STANDARD,USD
0000003798,WEB,STANDARD,USD
0000003799,CALL_CENTER,STANDARD,USD
0000003800,WEB,STANDARD,USD
0000003801,WEB,PICKUP,USD
0000003802,MOBILE_APP,EXPRESS,USD
0000003803,WEB,STANDARD,USD
0000003804,MOBILE_APP,EXPRESS,USD
0000003805,MOBILE_APP,STANDARD,USD
0000003806,MOBILE_APP,EXPRESS,USD
0000003807,MOBILE_APP,STANDARD,USD
0000003808,WEB,STANDARD,USD
0000003809,WEB,STANDARD,USD
0000003810,WEB,STANDARD,USD
0000003811,CALL_CENTER,EXPRESS,USD
0000003812,WEB,PICKUP,USD
0000003813,WEB,STANDARD,USD
0000003814,WEB,STANDARD,USD
0000003815,MOBILE_APP,STANDARD,USD
0000003816,WEB,STANDARD,USD
0000003817,WEB,STANDARD,USD
0000003818,WEB,STANDARD,USD
0000003819,WEB,STANDARD,USD
0000003820,MOBILE_APP,STANDARD,USD
0000003821,WEB,STANDARD,USD
0000003822,WEB,PICKUP,USD
0000003823,WEB,STANDARD,USD
0000003824,WEB,STANDARD,USD
0000003825,MOBILE_APP,STANDARD,USD
0000003826,WEB,STANDARD,USD
0000003827,WEB,STANDARD,USD
0000003828,WEB,STANDARD,USD
0000003829,CALL_CENTER,STANDARD,USD
0000003830,MOBILE_APP,STANDARD,USD
0000003831,WEB,STANDARD,USD
0000003832,WEB,STANDARD,USD
0000003833,WEB,STANDARD,USD
0000003834,WEB,STANDARD,USD
0000003835,WEB,STANDARD,USD
0000003836,MOBILE_APP,STANDARD,USD
0000003837,WEB,STANDARD,USD
0000003838,WEB,STANDARD,USD
0000003839,WEB,STANDARD,USD
0000003840,MOBILE_APP,STANDARD,USD
0000003841,MOBILE_APP,STANDARD,USD
0000003842,WEB,PICKUP,USD
0000003843,WEB,STANDARD,USD
0000003844,WEB,EXPRESS,USD
0000003845,MOBILE_APP,STANDARD,USD
0000003846,WEB,STANDARD,USD
0000003847,MOBILE_APP,STANDARD,USD
0000003848,MOBILE_APP,EXPRESS,USD
0000003849,CALL_CENTER,STANDARD,USD
0000003850,MOBILE_APP,PICKUP,USD
0000003851,MOBILE_APP,EXPRESS,USD
0000003852,WEB,EXPRESS,USD
0000003853,MOBILE_APP,STANDARD,USD
0000003854,WEB,STANDARD,USD
0000003855,MOBILE_APP,EXPRESS,USD
0000003856,WEB,EXPRESS,USD
0000003857,MOBILE_APP,STANDARD,USD
0000003858,WEB,STANDARD,USD
0000003859,MOBILE_APP,STANDARD,USD
0000003860,WEB,PICKUP,USD
0000003861,WEB,STANDARD,USD
0000003862,WEB,PICKUP,USD
0000003863,WEB,EXPRESS,USD
0000003864,MOBILE_APP,STANDARD,USD
0000003865,WEB,STANDARD,USD
0000003866,MOBILE_APP,EXPRESS,USD
0000003867,MOBILE_APP,EXPRESS,USD
0000003868,MOBILE_APP,EXPRESS,USD
0000003869,MOBILE_APP,EXPRESS,USD
0000003870,WEB,STANDARD,USD
0000003871,MOBILE_APP,STANDARD,USD
0000003872,WEB,STANDARD,USD
0000003873,WEB,STANDARD,USD
0000003874,WEB,STANDARD,USD
0000003875,WEB,EXPRESS,USD
0000003876,WEB,STANDARD,USD
0000003877,MOBILE_APP,EXPRESS,USD
0000003878,MOBILE_APP,STANDARD,USD
0000003879,WEB,STANDARD,USD
0000003880,WEB,PICKUP,USD
0000003881,MOBILE_APP,STANDARD,USD
0000003882,MOBILE_APP,EXPRESS,USD
0000003883,MOBILE_APP,STANDARD,USD
0000003884,MOBILE_APP,STANDARD,USD
0000003885,MOBILE_APP,STANDARD,USD
0000003886,MOBILE_APP,STANDARD,USD
0000003887,WEB,STANDARD,USD
0000003888,MOBILE_APP,STANDARD,USD
0000003889,WEB,STANDARD,USD
0000003890,MOBILE_APP,EXPRESS,USD
0000003891,WEB,STANDARD,USD
0000003892,WEB,STANDARD,USD
0000003893,CALL_CENTER,STANDARD,USD
0000003894,MOBILE_APP,STANDARD,USD
0000003895,MOBILE_APP,PICKUP,USD
0000003896,WEB,STANDARD,USD
0000003897,MOBILE_APP,PICKUP,USD
0000003898,WEB,STANDARD,USD
0000003899,MOBILE_APP,STANDARD,USD
0000003900,MOBILE_APP,STANDARD,USD
0000003901,WEB,STANDARD,USD
0000003902,WEB,EXPRESS,USD
0000003903,MOBILE_APP,STANDARD,USD
0000003904,WEB,STANDARD,USD
0000003905,MOBILE_APP,EXPRESS,USD
0000003906,WEB,EXPRESS,USD
0000003907,WEB,PICKUP,USD
0000003908,WEB,STANDARD,USD
0000003909,WEB,PICKUP,USD
0000003910,MOBILE_APP,STANDARD,USD
0000003911,MOBILE_APP,STANDARD,USD
0000003912,WEB,STANDARD,USD
0000003913,CALL_CENTER,PICKUP,USD
0000003914,WEB,EXPRESS,USD
0000003915,WEB,STANDARD,USD
0000003916,MOBILE_APP,STANDARD,USD
0000003917,WEB,STANDARD,USD
0000003918,MOBILE_APP,STANDARD,USD
0000003919,MOBILE_APP,EXPRESS,USD
0000003920,CALL_CENTER,EXPRESS,USD
0000003921,MOBILE_APP,STANDARD,USD
0000003922,WEB,STANDARD,USD
0000003923,WEB,EXPRESS,USD
0000003924,WEB,STANDARD,USD
0000003925,WEB,STANDARD,USD
0000003926,MOBILE_APP,PICKUP,USD
0000003927,MOBILE_APP,STANDARD,USD
0000003928,MOBILE_APP,STANDARD,USD
0000003929,WEB,PICKUP,USD
0000003930,WEB,STANDARD,USD
0000003931,MOBILE_APP,EXPRESS,USD
0000003932,WEB,EXPRESS,USD
0000003933,WEB,STANDARD,USD
0000003934,WEB,PICKUP,USD
0000003935,WEB,STANDARD,USD
0000003936,MOBILE_APP,STANDARD,USD
0000003937,CALL_CENTER,PICKUP,USD
0000003938,WEB,STANDARD,USD
0000003939,MOBILE_APP,STANDARD,USD
0000003940,WEB,STANDARD,USD
0000003941,MOBILE_APP,STANDARD,USD
0000003942,WEB,STANDARD,USD
0000003943,WEB,EXPRESS,USD
0000003944,WEB,STANDARD,USD
0000003945,MOBILE_APP,EXPRESS,USD
0000003946,MOBILE_APP,PICKUP,USD
0000003947,WEB,STANDARD,USD
0000003948,WEB,STANDARD,USD
0000003949,MOBILE_APP,EXPRESS,USD
0000003950,WEB,PICKUP,USD
0000003951,WEB,STANDARD,USD
0000003952,WEB,STANDARD,USD
0000003953,MOBILE_APP,EXPRESS,USD
0000003954,WEB,EXPRESS,USD
0000003955,MOBILE_APP,EXPRESS,USD
0000003956,MOBILE_APP,EXPRESS,USD
0000003957,WEB,STANDARD,USD
0000003958,MOBILE_APP,EXPRESS,USD
0000003959,WEB,STANDARD,USD
0000003960,MOBILE_APP,STANDARD,USD
0000003961,MOBILE_APP,PICKUP,USD
0000003962,MOBILE_APP,EXPRESS,USD
0000003963,CALL_CENTER,STANDARD,USD
0000003964,WEB,PICKUP,USD
0000003965,MOBILE_APP,EXPRESS,USD
0000003966,WEB,EXPRESS,USD
0000003967,WEB,STANDARD,USD
0000003968,WEB,STANDARD,USD
0000003969,WEB,EXPRESS,USD
0000003970,MOBILE_APP,STANDARD,USD
0000003971,WEB,PICKUP,USD
0000003972,MOBILE_APP,STANDARD,USD
0000003973,WEB,STANDARD,USD
0000003974,MOBILE_APP,STANDARD,USD
0000003975,MOBILE_APP,STANDARD,USD
0000003976,MOBILE_APP,EXPRESS,USD
0000003977,WEB,STANDARD,USD
0000003978,WEB,STANDARD,USD
0000003979,WEB,STANDARD,USD
0000003980,MOBILE_APP,STANDARD,USD
0000003981,WEB,EXPRESS,USD
0000003982,MOBILE_APP,STANDARD,USD
0000003983,WEB,STANDARD,USD
0000003984,WEB,EXPRESS,USD
0000003985,MOBILE_APP,EXPRESS,USD
0000003986,MOBILE_APP,PICKUP,USD
0000003987,MOBILE_APP,STANDARD,USD
0000003988,MOBILE_APP,STANDARD,USD
0000003989,MOBILE_APP,EXPRESS,USD
0000003990,MOBILE_APP,EXPRESS,USD
0000003991,WEB,STANDARD,USD
0000003992,WEB,PICKUP,USD
0000003993,WEB,STANDARD,USD
0000003994,WEB,STANDARD,USD
0000003995,MOBILE_APP,STANDARD,USD
0000003996,WEB,STANDARD,USD
0000003997,MOBILE_APP,PICKUP,USD
0000003998,WEB,STANDARD,USD
0000003999,WEB,STANDARD,USD
0000004000,WEB,STANDARD,USD
0000004001,MOBILE_APP,STANDARD,USD
0000004002,WEB,STANDARD,USD
0000004003,CALL_CENTER,STANDARD,USD
0000004004,WEB,STANDARD,USD
0000004005,MOBILE_APP,STANDARD,USD
0000004006,MOBILE_APP,PICKUP,USD
0000004007,MOBILE_APP,EXPRESS,USD
0000004008,CALL_CENTER,STANDARD,USD
0000004009,MOBILE_APP,STANDARD,USD
0000004010,CALL_CENTER,STANDARD,USD
0000004011,WEB,STANDARD,USD
0000004012,WEB,STANDARD,USD
0000004013,WEB,STANDARD,USD
0000004014,WEB,STANDARD,USD
0000004015,MOBILE_APP,STANDARD,USD
0000004016,MOBILE_APP,EXPRESS,USD
0000004017,WEB,STANDARD,USD
0000004018,MOBILE_APP,EXPRESS,USD
0000004019,MOBILE_APP,STANDARD,USD
0000004020,WEB,EXPRESS,USD
0000004021,WEB,EXPRESS,USD
0000004022,MOBILE_APP,EXPRESS,USD
0000004023,MOBILE_APP,STANDARD,USD
0000004024,MOBILE_APP,STANDARD,USD
0000004025,WEB,EXPRESS,USD
0000004026,MOBILE_APP,STANDARD,USD
0000004027,WEB,STANDARD,USD
0000004028,WEB,STANDARD,USD
0000004029,WEB,STANDARD,USD
0000004030,CALL_CENTER,STANDARD,USD
0000004031,WEB,STANDARD,USD
0000004032,MOBILE_APP,STANDARD,USD
0000004033,MOBILE_APP,STANDARD,USD
0000004034,MOBILE_APP,STANDARD,USD
0000004035,WEB,PICKUP,USD
0000004036,MOBILE_APP,EXPRESS,USD
0000004037,CALL_CENTER,STANDARD,USD
0000004038,WEB,STANDARD,USD
0000004039,WEB,STANDARD,USD
0000004040,WEB,STANDARD,USD
0000004041,MOBILE_APP,STANDARD,USD
0000004042,WEB,STANDARD,USD
0000004043,WEB,STANDARD,USD
0000004044,WEB,STANDARD,USD
0000004045,MOBILE_APP,STANDARD,USD
0000004046,WEB,STANDARD,USD
0000004047,MOBILE_APP,STANDARD,USD
0000004048,WEB,STANDARD,USD
0000004049,WEB,STANDARD,USD
0000004050,MOBILE_APP,STANDARD,USD
0000004051,MOBILE_APP,STANDARD,USD
0000004052,MOBILE_APP,STANDARD,USD
0000004053,MOBILE_APP,EXPRESS,USD
0000004054,WEB,STANDARD,USD
0000004055,MOBILE_APP,STANDARD,USD
0000004056,WEB,STANDARD,USD
0000004057,WEB,STANDARD,USD
0000004058,CALL_CENTER,STANDARD,USD
0000004059,WEB,STANDARD,USD
0000004060,WEB,STANDARD,USD
0000004061,WEB,STANDARD,USD
0000004062,WEB,STANDARD,USD
0000004063,WEB,STANDARD,USD
0000004064,WEB,EXPRESS,USD
0000004065,WEB,STANDARD,USD
0000004066,MOBILE_APP,STANDARD,USD
0000004067,WEB,STANDARD,USD
0000004068,WEB,STANDARD,USD
0000004069,MOBILE_APP,STANDARD,USD
0000004070,WEB,STANDARD,USD
0000004071,MOBILE_APP,STANDARD,USD
0000004072,MOBILE_APP,STANDARD,USD
0000004073,MOBILE_APP,STANDARD,USD
0000004074,WEB,STANDARD,USD
0000004075,WEB,STANDARD,USD
0000004076,WEB,EXPRESS,USD
0000004077,WEB,EXPRESS,USD
0000004078,MOBILE_APP,STANDARD,USD
0000004079,MOBILE_APP,STANDARD,USD
0000004080,MOBILE_APP,STANDARD,USD
0000004081,WEB,EXPRESS,USD
0000004082,WEB,STANDARD,USD
0000004083,MOBILE_APP,STANDARD,USD
0000004084,MOBILE_APP,STANDARD,USD
0000004085,WEB,STANDARD,USD
0000004086,WEB,PICKUP,USD
0000004087,WEB,STANDARD,USD
0000004088,MOBILE_APP,STANDARD,USD
0000004089,WEB,STANDARD,USD
0000004090,WEB,EXPRESS,USD
0000004091,WEB,STANDARD,USD
0000004092,WEB,PICKUP,USD
0000004093,WEB,STANDARD,USD
0000004094,WEB,STANDARD,USD
0000004095,WEB,STANDARD,USD
0000004096,WEB,PICKUP,USD
0000004097,MOBILE_APP,EXPRESS,USD
0000004098,WEB,STANDARD,USD
0000004099,CALL_CENTER,STANDARD,USD
0000004100,WEB,STANDARD,USD
0000004101,WEB,STANDARD,USD
0000004102,CALL_CENTER,STANDARD,USD
0000004103,WEB,STANDARD,USD
0000004104,WEB,STANDARD,USD
0000004105,MOBILE_APP,STANDARD,USD
0000004106,WEB,STANDARD,USD
0000004107,MOBILE_APP,STANDARD,USD
0000004108,MOBILE_APP,STANDARD,USD
0000004109,WEB,STANDARD,USD
0000004110,MOBILE_APP,STANDARD,USD
0000004111,WEB,STANDARD,USD
0000004112,MOBILE_APP,STANDARD,USD
0000004113,MOBILE_APP,STANDARD,USD
0000004114,MOBILE_APP,STANDARD,USD
0000004115,CALL_CENTER,STANDARD,USD
0000004116,WEB,STANDARD,USD
0000004117,MOBILE_APP,STANDARD,USD
0000004118,MOBILE_APP,STANDARD,USD
0000004119,MOBILE_APP,STANDARD,USD
0000004120,MOBILE_APP,STANDARD,USD
0000004121,MOBILE_APP,STANDARD,USD
0000004122,WEB,EXPRESS,USD
0000004123,MOBILE_APP,STANDARD,USD
0000004124,MOBILE_APP,STANDARD,USD
0000004125,WEB,STANDARD,USD
0000004126,MOBILE_APP,STANDARD,USD
0000004127,MOBILE_APP,STANDARD,USD
0000004128,WEB,STANDARD,USD
0000004129,WEB,STANDARD,USD
0000004130,WEB,STANDARD,USD
0000004131,MOBILE_APP,STANDARD,USD
0000004132,MOBILE_APP,EXPRESS,USD
0000004133,MOBILE_APP,EXPRESS,USD
0000004134,WEB,EXPRESS,USD
0000004135,WEB,EXPRESS,USD
0000004136,WEB,STANDARD,USD
0000004137,WEB,EXPRESS,USD
0000004138,MOBILE_APP,EXPRESS,USD
0000004139,MOBILE_APP,EXPRESS,USD
0000004140,WEB,STANDARD,USD
0000004141,WEB,STANDARD,USD
0000004142,MOBILE_APP,EXPRESS,USD
0000004143,WEB,STANDARD,USD
0000004144,MOBILE_APP,STANDARD,USD
0000004145,WEB,STANDARD,USD
0000004146,MOBILE_APP,STANDARD,USD
0000004147,MOBILE_APP,STANDARD,USD
0000004148,WEB,EXPRESS,USD
0000004149,MOBILE_APP,EXPRESS,USD
0000004150,WEB,EXPRESS,USD
0000004151,MOBILE_APP,STANDARD,USD
0000004152,MOBILE_APP,STANDARD,USD
0000004153,MOBILE_APP,EXPRESS,USD
0000004154,CALL_CENTER,STANDARD,USD
0000004155,WEB,STANDARD,USD
0000004156,WEB,STANDARD,USD
0000004157,MOBILE_APP,STANDARD,USD
0000004158,WEB,STANDARD,USD
0000004159,MOBILE_APP,STANDARD,USD
0000004160,MOBILE_APP,STANDARD,USD
0000004161,MOBILE_APP,EXPRESS,USD
0000004162,MOBILE_APP,STANDARD,USD
0000004163,WEB,PICKUP,USD
0000004164,MOBILE_APP,EXPRESS,USD
0000004165,MOBILE_APP,STANDARD,USD
0000004166,WEB,STANDARD,USD
0000004167,WEB,STANDARD,USD
0000004168,WEB,STANDARD,USD
0000004169,WEB,PICKUP,USD
0000004170,MOBILE_APP,STANDARD,USD
0000004171,WEB,STANDARD,USD
0000004172,MOBILE_APP,EXPRESS,USD
0000004173,MOBILE_APP,STANDARD,USD
0000004174,WEB,STANDARD,USD
0000004175,WEB,EXPRESS,USD
0000004176,MOBILE_APP,STANDARD,USD
0000004177,MOBILE_APP,STANDARD,USD
0000004178,WEB,STANDARD,USD
0000004179,WEB,STANDARD,USD
0000004180,WEB,STANDARD,USD
0000004181,MOBILE_APP,STANDARD,USD
0000004182,CALL_CENTER,EXPRESS,USD
0000004183,MOBILE_APP,STANDARD,USD
0000004184,WEB,STANDARD,USD
0000004185,MOBILE_APP,STANDARD,USD
0000004186,MOBILE_APP,EXPRESS,USD
0000004187,WEB,STANDARD,USD
0000004188,WEB,STANDARD,USD
0000004189,MOBILE_APP,STANDARD,USD
0000004190,WEB,STANDARD,USD
0000004191,MOBILE_APP,STANDARD,USD
0000004192,WEB,STANDARD,USD
0000004193,WEB,STANDARD,USD
0000004194,WEB,STANDARD,USD
0000004195,WEB,EXPRESS,USD
0000004196,WEB,STANDARD,USD
0000004197,MOBILE_APP,STANDARD,USD
0000004198,WEB,STANDARD,USD
0000004199,WEB,PICKUP,USD
0000004200,CALL_CENTER,STANDARD,USD
0000004201,WEB,PICKUP,USD
0000004202,MOBILE_APP,EXPRESS,USD
0000004203,WEB,PICKUP,USD
0000004204,WEB,STANDARD,USD
0000004205,MOBILE_APP,STANDARD,USD
0000004206,WEB,STANDARD,USD
0000004207,MOBILE_APP,STANDARD,USD
0000004208,MOBILE_APP,STANDARD,USD
0000004209,WEB,EXPRESS,USD
0000004210,MOBILE_APP,PICKUP,USD
0000004211,WEB,STANDARD,USD
0000004212,WEB,STANDARD,USD
0000004213,WEB,STANDARD,USD
0000004214,WEB,STANDARD,USD
0000004215,WEB,STANDARD,USD
0000004216,WEB,STANDARD,USD
0000004217,MOBILE_APP,STANDARD,USD
0000004218,WEB,STANDARD,USD
0000004219,MOBILE_APP,STANDARD,USD
0000004220,WEB,STANDARD,USD
0000004221,MOBILE_APP,EXPRESS,USD
0000004222,WEB,STANDARD,USD
0000004223,MOBILE_APP,STANDARD,USD
0000004224,WEB,STANDARD,USD
0000004225,MOBILE_APP,PICKUP,USD
0000004226,WEB,STANDARD,USD
0000004227,MOBILE_APP,STANDARD,USD
0000004228,WEB,STANDARD,USD
0000004229,MOBILE_APP,PICKUP,USD
0000004230,WEB,STANDARD,USD
0000004231,WEB,PICKUP,USD
0000004232,WEB,STANDARD,USD
0000004233,WEB,STANDARD,USD
0000004234,MOBILE_APP,EXPRESS,USD
0000004235,WEB,STANDARD,USD
0000004236,MOBILE_APP,EXPRESS,USD
0000004237,MOBILE_APP,STANDARD,USD
0000004238,WEB,STANDARD,USD
0000004239,MOBILE_APP,STANDARD,USD
0000004240,CALL_CENTER,STANDARD,USD
0000004241,WEB,STANDARD,USD
0000004242,WEB,STANDARD,USD
0000004243,MOBILE_APP,EXPRESS,USD
0000004244,MOBILE_APP,EXPRESS,USD
0000004245,MOBILE_APP,STANDARD,USD
0000004246,WEB,PICKUP,USD
0000004247,CALL_CENTER,STANDARD,USD
0000004248,WEB,STANDARD,USD
0000004249,MOBILE_APP,STANDARD,USD
0000004250,WEB,STANDARD,USD
0000004251,MOBILE_APP,STANDARD,USD
0000004252,MOBILE_APP,STANDARD,USD
0000004253,MOBILE_APP,STANDARD,USD
0000004254,WEB,STANDARD,USD
0000004255,MOBILE_APP,STANDARD,USD
0000004256,WEB,STANDARD,USD
0000004257,MOBILE_APP,EXPRESS,USD
0000004258,WEB,STANDARD,USD
0000004259,WEB,PICKUP,USD
0000004260,WEB,STANDARD,USD
0000004261,MOBILE_APP,EXPRESS,USD
0000004262,WEB,STANDARD,USD
0000004263,MOBILE_APP,STANDARD,USD
0000004264,MOBILE_APP,STANDARD,USD
0000004265,MOBILE_APP,STANDARD,USD
0000004266,WEB,STANDARD,USD
0000004267,MOBILE_APP,STANDARD,USD
0000004268,CALL_CENTER,STANDARD,USD
0000004269,MOBILE_APP,STANDARD,USD
0000004270,MOBILE_APP,EXPRESS,USD
0000004271,MOBILE_APP,STANDARD,USD
0000004272,MOBILE_APP,STANDARD,USD
0000004273,MOBILE_APP,EXPRESS,USD
0000004274,MOBILE_APP,STANDARD,USD
0000004275,MOBILE_APP,EXPRESS,USD
0000004276,WEB,STANDARD,USD
0000004277,WEB,STANDARD,USD
0000004278,WEB,STANDARD,USD
0000004279,MOBILE_APP,STANDARD,USD
0000004280,MOBILE_APP,STANDARD,USD
0000004281,WEB,STANDARD,USD
0000004282,MOBILE_APP,PICKUP,USD
0000004283,MOBILE_APP,STANDARD,USD
0000004284,MOBILE_APP,PICKUP,USD
0000004285,WEB,STANDARD,USD
0000004286,MOBILE_APP,STANDARD,USD
0000004287,WEB,STANDARD,USD
0000004288,WEB,STANDARD,USD
0000004289,WEB,STANDARD,USD
0000004290,MOBILE_APP,STANDARD,USD
0000004291,WEB,STANDARD,USD
0000004292,WEB,STANDARD,USD
0000004293,WEB,PICKUP,USD
0000004294,CALL_CENTER,STANDARD,USD
0000004295,MOBILE_APP,STANDARD,USD
0000004296,WEB,PICKUP,USD
0000004297,MOBILE_APP,STANDARD,USD
0000004298,WEB,STANDARD,USD
0000004299,WEB,STANDARD,USD
0000004300,WEB,EXPRESS,USD
0000004301,WEB,EXPRESS,USD
0000004302,MOBILE_APP,STANDARD,USD
0000004303,WEB,STANDARD,USD
0000004304,MOBILE_APP,STANDARD,USD
0000004305,CALL_CENTER,STANDARD,USD
0000004306,CALL_CENTER,STANDARD,USD
0000004307,WEB,STANDARD,USD
0000004308,WEB,STANDARD,USD
0000004309,WEB,EXPRESS,USD
0000004310,WEB,STANDARD,USD
0000004311,WEB,STANDARD,USD
0000004312,WEB,PICKUP,USD
0000004313,MOBILE_APP,STANDARD,USD
0000004314,WEB,STANDARD,USD
0000004315,WEB,PICKUP,USD
0000004316,MOBILE_APP,STANDARD,USD
0000004317,MOBILE_APP,STANDARD,USD
0000004318,MOBILE_APP,STANDARD,USD
0000004319,MOBILE_APP,EXPRESS,USD
0000004320,MOBILE_APP,STANDARD,USD
0000004321,CALL_CENTER,EXPRESS,USD
0000004322,MOBILE_APP,EXPRESS,USD
0000004323,MOBILE_APP,EXPRESS,USD
0000004324,WEB,EXPRESS,USD
0000004325,MOBILE_APP,STANDARD,USD
0000004326,MOBILE_APP,STANDARD,USD
0000004327,WEB,PICKUP,USD
0000004328,WEB,STANDARD,USD
0000004329,WEB,STANDARD,USD
0000004330,WEB,STANDARD,USD
0000004331,MOBILE_APP,STANDARD,USD
0000004332,WEB,STANDARD,USD
0000004333,WEB,STANDARD,USD
0000004334,MOBILE_APP,STANDARD,USD
0000004335,WEB,STANDARD,USD
0000004336,WEB,STANDARD,USD
0000004337,MOBILE_APP,STANDARD,USD
0000004338,MOBILE_APP,EXPRESS,USD
0000004339,MOBILE_APP,EXPRESS,USD
0000004340,MOBILE_APP,STANDARD,USD
0000004341,WEB,EXPRESS,USD
0000004342,WEB,STANDARD,USD
0000004343,WEB,STANDARD,USD
0000004344,WEB,EXPRESS,USD
0000004345,WEB,STANDARD,USD
0000004346,WEB,STANDARD,USD
0000004347,MOBILE_APP,EXPRESS,USD
0000004348,WEB,STANDARD,USD
0000004349,MOBILE_APP,STANDARD,USD
0000004350,MOBILE_APP,STANDARD,USD
0000004351,WEB,STANDARD,USD
0000004352,WEB,STANDARD,USD
0000004353,MOBILE_APP,PICKUP,USD
0000004354,MOBILE_APP,EXPRESS,USD
0000004355,MOBILE_APP,STANDARD,USD
0000004356,MOBILE_APP,STANDARD,USD
0000004357,MOBILE_APP,STANDARD,USD
0000004358,WEB,EXPRESS,USD
0000004359,MOBILE_APP,STANDARD,USD
0000004360,WEB,EXPRESS,USD
0000004361,CALL_CENTER,STANDARD,USD
0000004362,WEB,STANDARD,USD
0000004363,WEB,STANDARD,USD
0000004364,WEB,STANDARD,USD
0000004365,WEB,STANDARD,USD
0000004366,WEB,STANDARD,USD
0000004367,WEB,STANDARD,USD
0000004368,WEB,EXPRESS,USD
0000004369,MOBILE_APP,STANDARD,USD
0000004370,WEB,STANDARD,USD
0000004371,MOBILE_APP,STANDARD,USD
0000004372,MOBILE_APP,STANDARD,USD
0000004373,MOBILE_APP,STANDARD,USD
0000004374,CALL_CENTER,STANDARD,USD
0000004375,MOBILE_APP,EXPRESS,USD
0000004376,MOBILE_APP,STANDARD,USD
0000004377,WEB,STANDARD,USD
0000004378,WEB,STANDARD,USD
0000004379,WEB,PICKUP,USD
0000004380,MOBILE_APP,EXPRESS,USD
0000004381,MOBILE_APP,STANDARD,USD
0000004382,MOBILE_APP,EXPRESS,USD
0000004383,CALL_CENTER,PICKUP,USD
0000004384,MOBILE_APP,EXPRESS,USD
0000004385,MOBILE_APP,PICKUP,USD
0000004386,WEB,STANDARD,USD
0000004387,WEB,STANDARD,USD
0000004388,WEB,EXPRESS,USD
0000004389,WEB,EXPRESS,USD
0000004390,WEB,PICKUP,USD
0000004391,WEB,EXPRESS,USD
0000004392,MOBILE_APP,STANDARD,USD
0000004393,WEB,STANDARD,USD
0000004394,MOBILE_APP,EXPRESS,USD
0000004395,WEB,STANDARD,USD
0000004396,WEB,EXPRESS,USD
0000004397,MOBILE_APP,STANDARD,USD
0000004398,WEB,STANDARD,USD
0000004399,WEB,EXPRESS,USD
0000004400,WEB,STANDARD,USD
0000004401,WEB,STANDARD,USD
0000004402,WEB,PICKUP,USD
0000004403,WEB,STANDARD,USD
0000004404,WEB,EXPRESS,USD
0000004405,MOBILE_APP,STANDARD,USD
0000004406,MOBILE_APP,STANDARD,USD
0000004407,MOBILE_APP,EXPRESS,USD
0000004408,WEB,STANDARD,USD
0000004409,WEB,STANDARD,USD
0000004410,WEB,STANDARD,USD
0000004411,WEB,STANDARD,USD
0000004412,WEB,STANDARD,USD
0000004413,WEB,STANDARD,USD
0000004414,MOBILE_APP,STANDARD,USD
0000004415,MOBILE_APP,STANDARD,USD
0000004416,WEB,STANDARD,USD
0000004417,WEB,EXPRESS,USD
0000004418,WEB,STANDARD,USD
0000004419,WEB,STANDARD,USD
0000004420,CALL_CENTER,EXPRESS,USD
0000004421,WEB,STANDARD,USD
0000004422,MOBILE_APP,STANDARD,USD
0000004423,MOBILE_APP,STANDARD,USD
0000004424,WEB,STANDARD,USD
0000004425,WEB,STANDARD,USD
0000004426,WEB,EXPRESS,USD
0000004427,WEB,PICKUP,USD
0000004428,MOBILE_APP,STANDARD,USD
0000004429,WEB,STANDARD,USD
0000004430,WEB,EXPRESS,USD
0000004431,MOBILE_APP,EXPRESS,USD
0000004432,MOBILE_APP,STANDARD,USD
0000004433,WEB,STANDARD,USD
0000004434,MOBILE_APP,STANDARD,USD
0000004435,MOBILE_APP,STANDARD,USD
0000004436,MOBILE_APP,PICKUP,USD
0000004437,MOBILE_APP,EXPRESS,USD
0000004438,WEB,STANDARD,USD
0000004439,WEB,STANDARD,USD
0000004440,WEB,STANDARD,USD
0000004441,MOBILE_APP,STANDARD,USD
0000004442,WEB,EXPRESS,USD
0000004443,WEB,STANDARD,USD
0000004444,WEB,STANDARD,USD
0000004445,MOBILE_APP,STANDARD,USD
0000004446,WEB,STANDARD,USD
0000004447,WEB,STANDARD,USD
0000004448,MOBILE_APP,STANDARD,USD
0000004449,MOBILE_APP,STANDARD,USD
0000004450,WEB,STANDARD,USD
0000004451,WEB,EXPRESS,USD
0000004452,WEB,STANDARD,USD
0000004453,WEB,STANDARD,USD
0000004454,WEB,PICKUP,USD
0000004455,MOBILE_APP,STANDARD,USD
0000004456,CALL_CENTER,EXPRESS,USD
0000004457,MOBILE_APP,STANDARD,USD
0000004458,WEB,STANDARD,USD
0000004459,WEB,STANDARD,USD
0000004460,WEB,STANDARD,USD
0000004461,MOBILE_APP,EXPRESS,USD
0000004462,CALL_CENTER,PICKUP,USD
0000004463,WEB,STANDARD,USD
0000004464,MOBILE_APP,STANDARD,USD
0000004465,WEB,STANDARD,USD
0000004466,MOBILE_APP,STANDARD,USD
0000004467,MOBILE_APP,EXPRESS,USD
0000004468,MOBILE_APP,PICKUP,USD
0000004469,WEB,STANDARD,USD
0000004470,MOBILE_APP,STANDARD,USD
0000004471,WEB,EXPRESS,USD
0000004472,WEB,EXPRESS,USD
0000004473,MOBILE_APP,PICKUP,USD
0000004474,WEB,EXPRESS,USD
0000004475,MOBILE_APP,STANDARD,USD
0000004476,WEB,STANDARD,USD
0000004477,WEB,STANDARD,USD
0000004478,WEB,EXPRESS,USD
0000004479,WEB,STANDARD,USD
0000004480,WEB,STANDARD,USD
0000004481,MOBILE_APP,PICKUP,USD
0000004482,MOBILE_APP,EXPRESS,USD
0000004483,WEB,EXPRESS,USD
0000004484,CALL_CENTER,STANDARD,USD
0000004485,WEB,STANDARD,USD
0000004486,WEB,STANDARD,USD
0000004487,MOBILE_APP,STANDARD,USD
0000004488,MOBILE_APP,STANDARD,USD
0000004489,MOBILE_APP,STANDARD,USD
0000004490,WEB,PICKUP,USD
0000004491,MOBILE_APP,PICKUP,USD
0000004492,WEB,STANDARD,USD
0000004493,WEB,EXPRESS,USD
0000004494,CALL_CENTER,STANDARD,USD
0000004495,WEB,STANDARD,USD
0000004496,MOBILE_APP,STANDARD,USD
0000004497,WEB,EXPRESS,USD
0000004498,WEB,STANDARD,USD
0000004499,WEB,EXPRESS,USD
0000004500,MOBILE_APP,PICKUP,USD
0000004501,WEB,STANDARD,USD
0000004502,MOBILE_APP,PICKUP,USD
0000004503,WEB,EXPRESS,USD
0000004504,WEB,STANDARD,USD
0000004505,WEB,STANDARD,USD
0000004506,WEB,STANDARD,USD
0000004507,WEB,STANDARD,USD
0000004508,WEB,STANDARD,USD
0000004509,WEB,EXPRESS,USD
0000004510,WEB,PICKUP,USD
0000004511,WEB,STANDARD,USD
0000004512,WEB,STANDARD,USD
0000004513,WEB,EXPRESS,USD
0000004514,MOBILE_APP,STANDARD,USD
0000004515,CALL_CENTER,STANDARD,USD
0000004516,MOBILE_APP,EXPRESS,USD
0000004517,MOBILE_APP,PICKUP,USD
0000004518,MOBILE_APP,STANDARD,USD
0000004519,WEB,STANDARD,USD
0000004520,MOBILE_APP,STANDARD,USD
0000004521,MOBILE_APP,EXPRESS,USD
0000004522,WEB,STANDARD,USD
0000004523,MOBILE_APP,STANDARD,USD
0000004524,WEB,STANDARD,USD
0000004525,MOBILE_APP,PICKUP,USD
0000004526,MOBILE_APP,STANDARD,USD
0000004527,WEB,PICKUP,USD
0000004528,WEB,STANDARD,USD
0000004529,CALL_CENTER,STANDARD,USD
0000004530,MOBILE_APP,STANDARD,USD
0000004531,WEB,STANDARD,USD
0000004532,MOBILE_APP,STANDARD,USD
0000004533,WEB,EXPRESS,USD
0000004534,MOBILE_APP,STANDARD,USD
0000004535,WEB,STANDARD,USD
0000004536,WEB,EXPRESS,USD
0000004537,MOBILE_APP,STANDARD,USD
0000004538,MOBILE_APP,STANDARD,USD
0000004539,MOBILE_APP,STANDARD,USD
0000004540,MOBILE_APP,EXPRESS,USD
0000004541,WEB,PICKUP,USD
0000004542,WEB,EXPRESS,USD
0000004543,MOBILE_APP,STANDARD,USD
0000004544,WEB,STANDARD,USD
0000004545,WEB,STANDARD,USD
0000004546,WEB,STANDARD,USD
0000004547,MOBILE_APP,STANDARD,USD
0000004548,MOBILE_APP,EXPRESS,USD
0000004549,MOBILE_APP,EXPRESS,USD
0000004550,MOBILE_APP,STANDARD,USD
0000004551,MOBILE_APP,EXPRESS,USD
0000004552,MOBILE_APP,STANDARD,USD
0000004553,MOBILE_APP,STANDARD,USD
0000004554,WEB,STANDARD,USD
0000004555,WEB,STANDARD,USD
0000004556,WEB,STANDARD,USD
0000004557,WEB,STANDARD,USD
0000004558,WEB,EXPRESS,USD
0000004559,WEB,STANDARD,USD
0000004560,MOBILE_APP,STANDARD,USD
0000004561,WEB,STANDARD,USD
0000004562,WEB,PICKUP,USD
0000004563,WEB,STANDARD,USD
0000004564,WEB,PICKUP,USD
0000004565,WEB,STANDARD,USD
0000004566,MOBILE_APP,EXPRESS,USD
0000004567,MOBILE_APP,STANDARD,USD
0000004568,WEB,PICKUP,USD
0000004569,CALL_CENTER,EXPRESS,USD
0000004570,WEB,EXPRESS,USD
0000004571,WEB,STANDARD,USD
0000004572,MOBILE_APP,STANDARD,USD
0000004573,MOBILE_APP,STANDARD,USD
0000004574,WEB,EXPRESS,USD
0000004575,MOBILE_APP,PICKUP,USD
0000004576,WEB,STANDARD,USD
0000004577,WEB,EXPRESS,USD
0000004578,WEB,PICKUP,USD
0000004579,CALL_CENTER,PICKUP,USD
0000004580,MOBILE_APP,STANDARD,USD
0000004581,MOBILE_APP,STANDARD,USD
0000004582,MOBILE_APP,STANDARD,USD
0000004583,WEB,EXPRESS,USD
0000004584,WEB,STANDARD,USD
0000004585,MOBILE_APP,EXPRESS,USD
0000004586,MOBILE_APP,STANDARD,USD
0000004587,WEB,STANDARD,USD
0000004588,WEB,EXPRESS,USD
0000004589,MOBILE_APP,STANDARD,USD
0000004590,WEB,STANDARD,USD
0000004591,MOBILE_APP,STANDARD,USD
0000004592,WEB,PICKUP,USD
0000004593,MOBILE_APP,STANDARD,USD
0000004594,WEB,STANDARD,USD
0000004595,WEB,STANDARD,USD
0000004596,MOBILE_APP,STANDARD,USD
0000004597,WEB,EXPRESS,USD
0000004598,CALL_CENTER,EXPRESS,USD
0000004599,WEB,STANDARD,USD
0000004600,WEB,STANDARD,USD
0000004601,WEB,EXPRESS,USD
0000004602,WEB,STANDARD,USD
0000004603,MOBILE_APP,STANDARD,USD
0000004604,MOBILE_APP,STANDARD,USD
0000004605,WEB,EXPRESS,USD
0000004606,WEB,STANDARD,USD
0000004607,WEB,STANDARD,USD
0000004608,WEB,STANDARD,USD
0000004609,WEB,STANDARD,USD
0000004610,WEB,STANDARD,USD
0000004611,WEB,STANDARD,USD
0000004612,MOBILE_APP,STANDARD,USD
0000004613,MOBILE_APP,STANDARD,USD
0000004614,WEB,STANDARD,USD
0000004615,MOBILE_APP,EXPRESS,USD
0000004616,WEB,EXPRESS,USD
0000004617,MOBILE_APP,EXPRESS,USD
0000004618,WEB,STANDARD,USD
0000004619,MOBILE_APP,STANDARD,USD
0000004620,WEB,STANDARD,USD
0000004621,WEB,STANDARD,USD
0000004622,MOBILE_APP,STANDARD,USD
0000004623,MOBILE_APP,STANDARD,USD
0000004624,MOBILE_APP,EXPRESS,USD
0000004625,MOBILE_APP,STANDARD,USD
0000004626,WEB,STANDARD,USD
0000004627,MOBILE_APP,STANDARD,USD
0000004628,WEB,EXPRESS,USD
0000004629,MOBILE_APP,EXPRESS,USD
0000004630,WEB,STANDARD,USD
0000004631,MOBILE_APP,EXPRESS,USD
0000004632,WEB,EXPRESS,USD
0000004633,WEB,STANDARD,USD
0000004634,MOBILE_APP,STANDARD,USD
0000004635,WEB,STANDARD,USD
0000004636,MOBILE_APP,STANDARD,USD
0000004637,CALL_CENTER,STANDARD,USD
0000004638,MOBILE_APP,STANDARD,USD
0000004639,CALL_CENTER,EXPRESS,USD
0000004640,MOBILE_APP,STANDARD,USD
0000004641,WEB,STANDARD,USD
0000004642,CALL_CENTER,PICKUP,USD
0000004643,WEB,STANDARD,USD
0000004644,MOBILE_APP,STANDARD,USD
0000004645,MOBILE_APP,STANDARD,USD
0000004646,WEB,STANDARD,USD
0000004647,CALL_CENTER,STANDARD,USD
0000004648,WEB,STANDARD,USD
0000004649,WEB,STANDARD,USD
0000004650,WEB,STANDARD,USD
0000004651,MOBILE_APP,PICKUP,USD
0000004652,WEB,STANDARD,USD
0000004653,MOBILE_APP,STANDARD,USD
0000004654,MOBILE_APP,STANDARD,USD
0000004655,WEB,STANDARD,USD
0000004656,WEB,PICKUP,USD
0000004657,WEB,PICKUP,USD
0000004658,MOBILE_APP,PICKUP,USD
0000004659,MOBILE_APP,STANDARD,USD
0000004660,WEB,EXPRESS,USD
0000004661,MOBILE_APP,STANDARD,USD
0000004662,WEB,STANDARD,USD
0000004663,WEB,STANDARD,USD
0000004664,MOBILE_APP,PICKUP,USD
0000004665,MOBILE_APP,EXPRESS,USD
0000004666,WEB,STANDARD,USD
0000004667,WEB,STANDARD,USD
0000004668,MOBILE_APP,STANDARD,USD
0000004669,WEB,EXPRESS,USD
0000004670,MOBILE_APP,EXPRESS,USD
0000004671,WEB,STANDARD,USD
0000004672,WEB,EXPRESS,USD
0000004673,WEB,EXPRESS,USD
0000004674,CALL_CENTER,STANDARD,USD
0000004675,WEB,STANDARD,USD
0000004676,WEB,EXPRESS,USD
0000004677,WEB,EXPRESS,USD
0000004678,MOBILE_APP,EXPRESS,USD
0000004679,WEB,STANDARD,USD
0000004680,CALL_CENTER,EXPRESS,USD
0000004681,WEB,STANDARD,USD
0000004682,MOBILE_APP,STANDARD,USD
0000004683,WEB,STANDARD,USD
0000004684,MOBILE_APP,EXPRESS,USD
0000004685,WEB,STANDARD,USD
0000004686,MOBILE_APP,EXPRESS,USD
0000004687,WEB,EXPRESS,USD
0000004688,MOBILE_APP,STANDARD,USD
0000004689,WEB,STANDARD,USD
0000004690,WEB,STANDARD,USD
0000004691,WEB,EXPRESS,USD
0000004692,WEB,EXPRESS,USD
0000004693,WEB,EXPRESS,USD
0000004694,WEB,STANDARD,USD
0000004695,MOBILE_APP,PICKUP,USD
0000004696,WEB,EXPRESS,USD
0000004697,MOBILE_APP,STANDARD,USD
0000004698,MOBILE_APP,STANDARD,USD
0000004699,CALL_CENTER,EXPRESS,USD
0000004700,MOBILE_APP,STANDARD,USD
0000004701,WEB,STANDARD,USD
0000004702,MOBILE_APP,STANDARD,USD
0000004703,WEB,STANDARD,USD
0000004704,WEB,STANDARD,USD
0000004705,MOBILE_APP,STANDARD,USD
0000004706,MOBILE_APP,EXPRESS,USD
0000004707,MOBILE_APP,STANDARD,USD
0000004708,WEB,STANDARD,USD
0000004709,MOBILE_APP,STANDARD,USD
0000004710,WEB,STANDARD,USD
0000004711,MOBILE_APP,STANDARD,USD
0000004712,CALL_CENTER,STANDARD,USD
0000004713,WEB,STANDARD,USD
0000004714,WEB,EXPRESS,USD
0000004715,MOBILE_APP,PICKUP,USD
0000004716,MOBILE_APP,EXPRESS,USD
0000004717,WEB,STANDARD,USD
0000004718,MOBILE_APP,STANDARD,USD
0000004719,WEB,STANDARD,USD
0000004720,WEB,EXPRESS,USD
0000004721,MOBILE_APP,STANDARD,USD
0000004722,MOBILE_APP,PICKUP,USD
0000004723,CALL_CENTER,STANDARD,USD
0000004724,MOBILE_APP,STANDARD,USD
0000004725,MOBILE_APP,PICKUP,USD
0000004726,MOBILE_APP,STANDARD,USD
0000004727,WEB,STANDARD,USD
0000004728,WEB,PICKUP,USD
0000004729,WEB,EXPRESS,USD
0000004730,MOBILE_APP,STANDARD,USD
0000004731,MOBILE_APP,STANDARD,USD
0000004732,WEB,STANDARD,USD
0000004733,WEB,STANDARD,USD
0000004734,MOBILE_APP,EXPRESS,USD
0000004735,WEB,STANDARD,USD
0000004736,MOBILE_APP,STANDARD,USD
0000004737,MOBILE_APP,STANDARD,USD
0000004738,MOBILE_APP,STANDARD,USD
0000004739,WEB,EXPRESS,USD
0000004740,WEB,EXPRESS,USD
0000004741,MOBILE_APP,STANDARD,USD
0000004742,WEB,EXPRESS,USD
0000004743,MOBILE_APP,STANDARD,USD
0000004744,WEB,STANDARD,USD
0000004745,MOBILE_APP,STANDARD,USD
0000004746,WEB,STANDARD,USD
0000004747,WEB,STANDARD,USD
0000004748,MOBILE_APP,STANDARD,USD
0000004749,WEB,STANDARD,USD
0000004750,WEB,STANDARD,USD
0000004751,WEB,STANDARD,USD
0000004752,CALL_CENTER,EXPRESS,USD
0000004753,WEB,EXPRESS,USD
0000004754,WEB,STANDARD,USD
0000004755,WEB,PICKUP,USD
0000004756,WEB,STANDARD,USD
0000004757,WEB,EXPRESS,USD
0000004758,MOBILE_APP,EXPRESS,USD
0000004759,WEB,EXPRESS,USD
0000004760,MOBILE_APP,STANDARD,USD
0000004761,WEB,STANDARD,USD
0000004762,MOBILE_APP,STANDARD,USD
0000004763,MOBILE_APP,EXPRESS,USD
0000004764,WEB,STANDARD,USD
0000004765,WEB,STANDARD,USD
0000004766,MOBILE_APP,PICKUP,USD
0000004767,WEB,STANDARD,USD
0000004768,CALL_CENTER,STANDARD,USD
0000004769,MOBILE_APP,STANDARD,USD
0000004770,WEB,STANDARD,USD
0000004771,WEB,EXPRESS,USD
0000004772,MOBILE_APP,STANDARD,USD
0000004773,WEB,STANDARD,USD
0000004774,WEB,EXPRESS,USD
0000004775,CALL_CENTER,STANDARD,USD
0000004776,MOBILE_APP,STANDARD,USD
0000004777,MOBILE_APP,STANDARD,USD
0000004778,WEB,EXPRESS,USD
0000004779,MOBILE_APP,STANDARD,USD
0000004780,WEB,STANDARD,USD
0000004781,WEB,STANDARD,USD
0000004782,MOBILE_APP,STANDARD,USD
0000004783,WEB,STANDARD,USD
0000004784,WEB,STANDARD,USD
0000004785,WEB,STANDARD,USD
0000004786,WEB,STANDARD,USD
0000004787,CALL_CENTER,STANDARD,USD
0000004788,MOBILE_APP,STANDARD,USD
0000004789,CALL_CENTER,STANDARD,USD
0000004790,WEB,EXPRESS,USD
0000004791,MOBILE_APP,STANDARD,USD
0000004792,MOBILE_APP,STANDARD,USD
0000004793,MOBILE_APP,STANDARD,USD
0000004794,CALL_CENTER,STANDARD,USD
0000004795,WEB,STANDARD,USD
0000004796,WEB,EXPRESS,USD
0000004797,WEB,STANDARD,USD
0000004798,CALL_CENTER,STANDARD,USD
0000004799,WEB,STANDARD,USD
0000004800,MOBILE_APP,EXPRESS,USD
0000004801,WEB,EXPRESS,USD
0000004802,WEB,STANDARD,USD
0000004803,WEB,STANDARD,USD
0000004804,MOBILE_APP,EXPRESS,USD
0000004805,WEB,STANDARD,USD
0000004806,WEB,EXPRESS,USD
0000004807,MOBILE_APP,STANDARD,USD
0000004808,MOBILE_APP,STANDARD,USD
0000004809,WEB,STANDARD,USD
0000004810,MOBILE_APP,STANDARD,USD
0000004811,CALL_CENTER,EXPRESS,USD
0000004812,MOBILE_APP,EXPRESS,USD
0000004813,MOBILE_APP,STANDARD,USD
0000004814,WEB,STANDARD,USD
0000004815,MOBILE_APP,STANDARD,USD
0000004816,MOBILE_APP,PICKUP,USD
0000004817,WEB,STANDARD,USD
0000004818,MOBILE_APP,STANDARD,USD
0000004819,WEB,PICKUP,USD
0000004820,CALL_CENTER,STANDARD,USD
0000004821,MOBILE_APP,STANDARD,USD
0000004822,MOBILE_APP,STANDARD,USD
0000004823,MOBILE_APP,STANDARD,USD
0000004824,MOBILE_APP,STANDARD,USD
0000004825,CALL_CENTER,EXPRESS,USD
0000004826,WEB,STANDARD,USD
0000004827,CALL_CENTER,STANDARD,USD
0000004828,WEB,STANDARD,USD
0000004829,WEB,EXPRESS,USD
0000004830,WEB,STANDARD,USD
0000004831,MOBILE_APP,STANDARD,USD
0000004832,MOBILE_APP,STANDARD,USD
0000004833,WEB,EXPRESS,USD
0000004834,WEB,STANDARD,USD
0000004835,WEB,EXPRESS,USD
0000004836,MOBILE_APP,STANDARD,USD
0000004837,MOBILE_APP,STANDARD,USD
0000004838,WEB,STANDARD,USD
0000004839,MOBILE_APP,STANDARD,USD
0000004840,WEB,EXPRESS,USD
0000004841,WEB,EXPRESS,USD
0000004842,WEB,EXPRESS,USD
0000004843,WEB,STANDARD,USD
0000004844,MOBILE_APP,STANDARD,USD
0000004845,CALL_CENTER,PICKUP,USD
0000004846,MOBILE_APP,STANDARD,USD
0000004847,MOBILE_APP,STANDARD,USD
0000004848,WEB,STANDARD,USD
0000004849,WEB,STANDARD,USD
0000004850,MOBILE_APP,STANDARD,USD
0000004851,MOBILE_APP,STANDARD,USD
0000004852,MOBILE_APP,STANDARD,USD
0000004853,MOBILE_APP,STANDARD,USD
0000004854,WEB,STANDARD,USD
0000004855,WEB,STANDARD,USD
0000004856,WEB,STANDARD,USD
0000004857,MOBILE_APP,EXPRESS,USD
0000004858,WEB,EXPRESS,USD
0000004859,WEB,EXPRESS,USD
0000004860,MOBILE_APP,EXPRESS,USD
0000004861,MOBILE_APP,PICKUP,USD
0000004862,MOBILE_APP,STANDARD,USD
0000004863,MOBILE_APP,STANDARD,USD
0000004864,WEB,STANDARD,USD
0000004865,MOBILE_APP,EXPRESS,USD
0000004866,WEB,STANDARD,USD
0000004867,MOBILE_APP,STANDARD,USD
0000004868,MOBILE_APP,STANDARD,USD
0000004869,WEB,STANDARD,USD
0000004870,MOBILE_APP,EXPRESS,USD
0000004871,WEB,STANDARD,USD
0000004872,MOBILE_APP,STANDARD,USD
0000004873,MOBILE_APP,STANDARD,USD
0000004874,MOBILE_APP,STANDARD,USD
0000004875,WEB,EXPRESS,USD
0000004876,MOBILE_APP,STANDARD,USD
0000004877,MOBILE_APP,EXPRESS,USD
0000004878,CALL_CENTER,STANDARD,USD
0000004879,MOBILE_APP,STANDARD,USD
0000004880,MOBILE_APP,PICKUP,USD
0000004881,MOBILE_APP,EXPRESS,USD
0000004882,MOBILE_APP,STANDARD,USD
0000004883,MOBILE_APP,STANDARD,USD
0000004884,WEB,STANDARD,USD
0000004885,MOBILE_APP,STANDARD,USD
0000004886,MOBILE_APP,STANDARD,USD
0000004887,WEB,STANDARD,USD
0000004888,WEB,STANDARD,USD
0000004889,WEB,STANDARD,USD
0000004890,MOBILE_APP,PICKUP,USD
0000004891,WEB,STANDARD,USD
0000004892,WEB,STANDARD,USD
0000004893,MOBILE_APP,STANDARD,USD
0000004894,WEB,STANDARD,USD
0000004895,WEB,STANDARD,USD
0000004896,MOBILE_APP,STANDARD,USD
0000004897,WEB,STANDARD,USD
0000004898,MOBILE_APP,STANDARD,USD
0000004899,MOBILE_APP,STANDARD,USD
0000004900,WEB,EXPRESS,USD
0000004901,WEB,STANDARD,USD
0000004902,WEB,STANDARD,USD
0000004903,MOBILE_APP,STANDARD,USD
0000004904,MOBILE_APP,STANDARD,USD
0000004905,WEB,EXPRESS,USD
0000004906,MOBILE_APP,STANDARD,USD
0000004907,WEB,STANDARD,USD
0000004908,MOBILE_APP,STANDARD,USD
0000004909,WEB,STANDARD,USD
0000004910,MOBILE_APP,EXPRESS,USD
0000004911,WEB,STANDARD,USD
0000004912,WEB,STANDARD,USD
0000004913,MOBILE_APP,STANDARD,USD
0000004914,WEB,STANDARD,USD
0000004915,MOBILE_APP,STANDARD,USD
0000004916,MOBILE_APP,STANDARD,USD
0000004917,CALL_CENTER,PICKUP,USD
0000004918,WEB,STANDARD,USD
0000004919,WEB,PICKUP,USD
0000004920,MOBILE_APP,STANDARD,USD
0000004921,WEB,STANDARD,USD
0000004922,WEB,STANDARD,USD
0000004923,MOBILE_APP,EXPRESS,USD
0000004924,WEB,STANDARD,USD
0000004925,WEB,PICKUP,USD
0000004926,WEB,STANDARD,USD
0000004927,MOBILE_APP,STANDARD,USD
0000004928,MOBILE_APP,STANDARD,USD
0000004929,MOBILE_APP,EXPRESS,USD
0000004930,MOBILE_APP,EXPRESS,USD
0000004931,WEB,EXPRESS,USD
0000004932,WEB,EXPRESS,USD
0000004933,MOBILE_APP,STANDARD,USD
0000004934,MOBILE_APP,STANDARD,USD
0000004935,WEB,STANDARD,USD
0000004936,WEB,STANDARD,USD
0000004937,WEB,EXPRESS,USD
0000004938,WEB,EXPRESS,USD
0000004939,MOBILE_APP,EXPRESS,USD
0000004940,MOBILE_APP,EXPRESS,USD
0000004941,MOBILE_APP,STANDARD,USD
0000004942,WEB,EXPRESS,USD
0000004943,MOBILE_APP,STANDARD,USD
0000004944,MOBILE_APP,STANDARD,USD
0000004945,WEB,STANDARD,USD
0000004946,WEB,STANDARD,USD
0000004947,WEB,STANDARD,USD
0000004948,MOBILE_APP,PICKUP,USD
0000004949,MOBILE_APP,STANDARD,USD
0000004950,MOBILE_APP,PICKUP,USD
0000004951,WEB,STANDARD,USD
0000004952,WEB,STANDARD,USD
0000004953,WEB,STANDARD,USD
0000004954,MOBILE_APP,STANDARD,USD
0000004955,WEB,STANDARD,USD
0000004956,WEB,STANDARD,USD
0000004957,WEB,STANDARD,USD
0000004958,WEB,EXPRESS,USD
0000004959,MOBILE_APP,STANDARD,USD
0000004960,MOBILE_APP,PICKUP,USD
0000004961,MOBILE_APP,EXPRESS,USD
0000004962,MOBILE_APP,STANDARD,USD
0000004963,WEB,EXPRESS,USD
0000004964,MOBILE_APP,STANDARD,USD
0000004965,MOBILE_APP,STANDARD,USD
0000004966,WEB,STANDARD,USD
0000004967,WEB,STANDARD,USD
0000004968,WEB,STANDARD,USD
0000004969,WEB,STANDARD,USD
0000004970,WEB,STANDARD,USD
0000004971,CALL_CENTER,STANDARD,USD
0000004972,MOBILE_APP,EXPRESS,USD
0000004973,WEB,PICKUP,USD
0000004974,WEB,STANDARD,USD
0000004975,MOBILE_APP,STANDARD,USD
0000004976,WEB,STANDARD,USD
0000004977,WEB,EXPRESS,USD
0000004978,CALL_CENTER,EXPRESS,USD
0000004979,MOBILE_APP,STANDARD,USD
0000004980,MOBILE_APP,STANDARD,USD
0000004981,MOBILE_APP,STANDARD,USD
0000004982,MOBILE_APP,STANDARD,USD
0000004983,MOBILE_APP,STANDARD,USD
0000004984,WEB,STANDARD,USD
0000004985,CALL_CENTER,STANDARD,USD
0000004986,WEB,PICKUP,USD
0000004987,WEB,STANDARD,USD
0000004988,WEB,PICKUP,USD
0000004989,MOBILE_APP,STANDARD,USD
0000004990,WEB,STANDARD,USD
0000004991,WEB,STANDARD,USD
0000004992,MOBILE_APP,STANDARD,USD
0000004993,MOBILE_APP,STANDARD,USD
0000004994,WEB,STANDARD,USD
0000004995,MOBILE_APP,EXPRESS,USD
0000004996,WEB,EXPRESS,USD
0000004997,WEB,EXPRESS,USD
0000004998,MOBILE_APP,STANDARD,USD
0000004999,WEB,STANDARD,USD
0000005000,WEB,STANDARD,USD
0000005001,WEB,STANDARD,USD
0000005002,MOBILE_APP,STANDARD,USD
0000005003,MOBILE_APP,STANDARD,USD
0000005004,WEB,STANDARD,USD
0000005005,MOBILE_APP,EXPRESS,USD
0000005006,MOBILE_APP,STANDARD,USD
0000005007,WEB,EXPRESS,USD
0000005008,WEB,EXPRESS,USD
0000005009,WEB,STANDARD,USD
0000005010,WEB,STANDARD,USD
0000005011,MOBILE_APP,EXPRESS,USD
0000005012,WEB,STANDARD,USD
0000005013,WEB,STANDARD,USD
0000005014,WEB,STANDARD,USD
0000005015,MOBILE_APP,STANDARD,USD
0000005016,WEB,STANDARD,USD
0000005017,WEB,STANDARD,USD
0000005018,MOBILE_APP,STANDARD,USD
0000005019,WEB,STANDARD,USD
0000005020,WEB,EXPRESS,USD
0000005021,WEB,EXPRESS,USD
0000005022,MOBILE_APP,STANDARD,USD
0000005023,MOBILE_APP,EXPRESS,USD
0000005024,WEB,PICKUP,USD
0000005025,MOBILE_APP,STANDARD,USD
0000005026,WEB,EXPRESS,USD
0000005027,WEB,EXPRESS,USD
0000005028,WEB,STANDARD,USD
0000005029,MOBILE_APP,EXPRESS,USD
0000005030,WEB,STANDARD,USD
0000005031,MOBILE_APP,STANDARD,USD
0000005032,CALL_CENTER,STANDARD,USD
0000005033,MOBILE_APP,PICKUP,USD
0000005034,WEB,STANDARD,USD
0000005035,WEB,STANDARD,USD
0000005036,WEB,STANDARD,USD
0000005037,WEB,STANDARD,USD
0000005038,MOBILE_APP,EXPRESS,USD
0000005039,WEB,STANDARD,USD
0000005040,WEB,STANDARD,USD
0000005041,WEB,EXPRESS,USD
0000005042,WEB,STANDARD,USD
0000005043,MOBILE_APP,STANDARD,USD
0000005044,MOBILE_APP,STANDARD,USD
0000005045,WEB,STANDARD,USD
0000005046,WEB,STANDARD,USD
0000005047,WEB,STANDARD,USD
0000005048,CALL_CENTER,STANDARD,USD
0000005049,MOBILE_APP,EXPRESS,USD
0000005050,WEB,STANDARD,USD
0000005051,MOBILE_APP,EXPRESS,USD
0000005052,WEB,EXPRESS,USD
0000005053,WEB,EXPRESS,USD
0000005054,WEB,STANDARD,USD
0000005055,MOBILE_APP,PICKUP,USD
0000005056,CALL_CENTER,STANDARD,USD
0000005057,MOBILE_APP,STANDARD,USD
0000005058,MOBILE_APP,PICKUP,USD
0000005059,MOBILE_APP,EXPRESS,USD
0000005060,WEB,STANDARD,USD
0000005061,WEB,EXPRESS,USD
0000005062,WEB,STANDARD,USD
0000005063,MOBILE_APP,STANDARD,USD
0000005064,WEB,STANDARD,USD
0000005065,WEB,EXPRESS,USD
0000005066,MOBILE_APP,STANDARD,USD
0000005067,WEB,EXPRESS,USD
0000005068,WEB,STANDARD,USD
0000005069,MOBILE_APP,STANDARD,USD
0000005070,WEB,STANDARD,USD
0000005071,WEB,STANDARD,USD
0000005072,MOBILE_APP,STANDARD,USD
0000005073,WEB,PICKUP,USD
0000005074,WEB,STANDARD,USD
0000005075,WEB,STANDARD,USD
0000005076,MOBILE_APP,EXPRESS,USD
0000005077,CALL_CENTER,STANDARD,USD
0000005078,WEB,EXPRESS,USD
0000005079,MOBILE_APP,STANDARD,USD
0000005080,WEB,STANDARD,USD
0000005081,WEB,STANDARD,USD
0000005082,WEB,EXPRESS,USD
0000005083,MOBILE_APP,STANDARD,USD
0000005084,MOBILE_APP,STANDARD,USD
0000005085,MOBILE_APP,STANDARD,USD
0000005086,CALL_CENTER,STANDARD,USD
0000005087,WEB,STANDARD,USD
0000005088,WEB,STANDARD,USD
0000005089,WEB,STANDARD,USD
0000005090,WEB,STANDARD,USD
0000005091,MOBILE_APP,EXPRESS,USD
0000005092,MOBILE_APP,STANDARD,USD
0000005093,WEB,STANDARD,USD
0000005094,MOBILE_APP,STANDARD,USD
0000005095,WEB,STANDARD,USD
0000005096,WEB,STANDARD,USD
0000005097,WEB,STANDARD,USD
0000005098,MOBILE_APP,STANDARD,USD
0000005099,WEB,STANDARD,USD
0000005100,WEB,PICKUP,USD
0000005101,WEB,STANDARD,USD
0000005102,MOBILE_APP,STANDARD,USD
0000005103,WEB,STANDARD,USD
0000005104,WEB,STANDARD,USD
0000005105,CALL_CENTER,STANDARD,USD
0000005106,WEB,EXPRESS,USD
0000005107,WEB,EXPRESS,USD
0000005108,WEB,STANDARD,USD
0000005109,WEB,EXPRESS,USD
0000005110,WEB,STANDARD,USD
0000005111,MOBILE_APP,STANDARD,USD
0000005112,MOBILE_APP,EXPRESS,USD
0000005113,MOBILE_APP,STANDARD,USD
0000005114,MOBILE_APP,STANDARD,USD
0000005115,MOBILE_APP,EXPRESS,USD
0000005116,MOBILE_APP,STANDARD,USD
0000005117,MOBILE_APP,STANDARD,USD
0000005118,MOBILE_APP,STANDARD,USD
0000005119,WEB,STANDARD,USD
0000005120,MOBILE_APP,STANDARD,USD
0000005121,WEB,STANDARD,USD
0000005122,MOBILE_APP,PICKUP,USD
0000005123,MOBILE_APP,PICKUP,USD
0000005124,CALL_CENTER,STANDARD,USD
0000005125,MOBILE_APP,PICKUP,USD
0000005126,MOBILE_APP,STANDARD,USD
0000005127,WEB,STANDARD,USD
0000005128,WEB,STANDARD,USD
0000005129,WEB,STANDARD,USD
0000005130,WEB,STANDARD,USD
0000005131,WEB,STANDARD,USD
0000005132,MOBILE_APP,STANDARD,USD
0000005133,WEB,STANDARD,USD
0000005134,WEB,STANDARD,USD
0000005135,WEB,STANDARD,USD
0000005136,MOBILE_APP,EXPRESS,USD
0000005137,MOBILE_APP,STANDARD,USD
0000005138,MOBILE_APP,EXPRESS,USD
0000005139,WEB,STANDARD,USD
0000005140,MOBILE_APP,STANDARD,USD
0000005141,WEB,STANDARD,USD
0000005142,WEB,STANDARD,USD
0000005143,WEB,EXPRESS,USD
0000005144,WEB,STANDARD,USD
0000005145,CALL_CENTER,STANDARD,USD
0000005146,WEB,PICKUP,USD
0000005147,CALL_CENTER,STANDARD,USD
0000005148,WEB,STANDARD,USD
0000005149,MOBILE_APP,STANDARD,USD
0000005150,MOBILE_APP,EXPRESS,USD
0000005151,CALL_CENTER,STANDARD,USD
0000005152,WEB,EXPRESS,USD
0000005153,MOBILE_APP,STANDARD,USD
0000005154,MOBILE_APP,PICKUP,USD
0000005155,CALL_CENTER,STANDARD,USD
0000005156,MOBILE_APP,STANDARD,USD
0000005157,WEB,EXPRESS,USD
0000005158,CALL_CENTER,PICKUP,USD
0000005159,WEB,PICKUP,USD
0000005160,WEB,STANDARD,USD
0000005161,WEB,STANDARD,USD
0000005162,MOBILE_APP,STANDARD,USD
0000005163,MOBILE_APP,STANDARD,USD
0000005164,WEB,STANDARD,USD
0000005165,MOBILE_APP,STANDARD,USD
0000005166,MOBILE_APP,STANDARD,USD
0000005167,WEB,STANDARD,USD
0000005168,WEB,STANDARD,USD
0000005169,WEB,STANDARD,USD
0000005170,WEB,STANDARD,USD
0000005171,WEB,EXPRESS,USD
0000005172,WEB,STANDARD,USD
0000005173,WEB,STANDARD,USD
0000005174,WEB,STANDARD,USD
0000005175,WEB,STANDARD,USD
0000005176,WEB,STANDARD,USD
0000005177,WEB,STANDARD,USD
0000005178,MOBILE_APP,STANDARD,USD
0000005179,WEB,STANDARD,USD
0000005180,CALL_CENTER,STANDARD,USD
0000005181,MOBILE_APP,EXPRESS,USD
0000005182,MOBILE_APP,STANDARD,USD
0000005183,WEB,EXPRESS,USD
0000005184,WEB,STANDARD,USD
0000005185,WEB,EXPRESS,USD
0000005186,WEB,STANDARD,USD
0000005187,MOBILE_APP,STANDARD,USD
0000005188,WEB,STANDARD,USD
0000005189,MOBILE_APP,EXPRESS,USD
0000005190,MOBILE_APP,STANDARD,USD
0000005191,WEB,STANDARD,USD
0000005192,WEB,STANDARD,USD
0000005193,WEB,STANDARD,USD
0000005194,WEB,EXPRESS,USD
0000005195,WEB,STANDARD,USD
0000005196,WEB,PICKUP,USD
0000005197,MOBILE_APP,STANDARD,USD
0000005198,MOBILE_APP,STANDARD,USD
0000005199,WEB,STANDARD,USD
0000005200,CALL_CENTER,STANDARD,USD
0000005201,MOBILE_APP,STANDARD,USD
0000005202,MOBILE_APP,EXPRESS,USD
0000005203,WEB,STANDARD,USD
0000005204,WEB,EXPRESS,USD
0000005205,MOBILE_APP,STANDARD,USD
0000005206,WEB,STANDARD,USD
0000005207,WEB,PICKUP,USD
0000005208,MOBILE_APP,STANDARD,USD
0000005209,MOBILE_APP,STANDARD,USD
0000005210,WEB,STANDARD,USD
0000005211,WEB,STANDARD,USD
0000005212,WEB,STANDARD,USD
0000005213,WEB,EXPRESS,USD
0000005214,WEB,PICKUP,USD
0000005215,MOBILE_APP,STANDARD,USD
0000005216,MOBILE_APP,EXPRESS,USD
0000005217,WEB,EXPRESS,USD
0000005218,WEB,STANDARD,USD
0000005219,WEB,STANDARD,USD
0000005220,WEB,STANDARD,USD
0000005221,MOBILE_APP,STANDARD,USD
0000005222,MOBILE_APP,STANDARD,USD
0000005223,MOBILE_APP,STANDARD,USD
0000005224,MOBILE_APP,EXPRESS,USD
0000005225,CALL_CENTER,STANDARD,USD
0000005226,WEB,STANDARD,USD
0000005227,WEB,STANDARD,USD
0000005228,MOBILE_APP,STANDARD,USD
0000005229,WEB,STANDARD,USD
0000005230,WEB,STANDARD,USD
0000005231,WEB,STANDARD,USD
0000005232,WEB,EXPRESS,USD
0000005233,MOBILE_APP,EXPRESS,USD
0000005234,WEB,PICKUP,USD
0000005235,WEB,STANDARD,USD
0000005236,WEB,EXPRESS,USD
0000005237,MOBILE_APP,STANDARD,USD
0000005238,WEB,STANDARD,USD
0000005239,WEB,STANDARD,USD
0000005240,WEB,STANDARD,USD
0000005241,WEB,PICKUP,USD
0000005242,MOBILE_APP,STANDARD,USD
0000005243,MOBILE_APP,EXPRESS,USD
0000005244,WEB,PICKUP,USD
0000005245,MOBILE_APP,STANDARD,USD
0000005246,MOBILE_APP,EXPRESS,USD
0000005247,MOBILE_APP,STANDARD,USD
0000005248,MOBILE_APP,STANDARD,USD
0000005249,MOBILE_APP,EXPRESS,USD
0000005250,CALL_CENTER,PICKUP,USD
0000005251,MOBILE_APP,EXPRESS,USD
0000005252,MOBILE_APP,STANDARD,USD
0000005253,WEB,STANDARD,USD
0000005254,MOBILE_APP,STANDARD,USD
0000005255,MOBILE_APP,STANDARD,USD
0000005256,WEB,STANDARD,USD
0000005257,CALL_CENTER,STANDARD,USD
0000005258,MOBILE_APP,STANDARD,USD
0000005259,WEB,STANDARD,USD
0000005260,MOBILE_APP,STANDARD,USD
0000005261,MOBILE_APP,EXPRESS,USD
0000005262,WEB,STANDARD,USD
0000005263,MOBILE_APP,STANDARD,USD
0000005264,MOBILE_APP,STANDARD,USD
0000005265,MOBILE_APP,EXPRESS,USD
0000005266,WEB,STANDARD,USD
0000005267,WEB,STANDARD,USD
0000005268,WEB,STANDARD,USD
0000005269,MOBILE_APP,STANDARD,USD
0000005270,MOBILE_APP,EXPRESS,USD
0000005271,WEB,STANDARD,USD
0000005272,WEB,STANDARD,USD
0000005273,MOBILE_APP,STANDARD,USD
0000005274,WEB,STANDARD,USD
0000005275,WEB,STANDARD,USD
0000005276,WEB,PICKUP,USD
0000005277,WEB,STANDARD,USD
0000005278,WEB,STANDARD,USD
0000005279,MOBILE_APP,PICKUP,USD
0000005280,WEB,STANDARD,USD
0000005281,WEB,STANDARD,USD
0000005282,WEB,EXPRESS,USD
0000005283,WEB,STANDARD,USD
0000005284,WEB,STANDARD,USD
0000005285,WEB,STANDARD,USD
0000005286,WEB,STANDARD,USD
0000005287,WEB,STANDARD,USD
0000005288,MOBILE_APP,STANDARD,USD
0000005289,MOBILE_APP,STANDARD,USD
0000005290,MOBILE_APP,STANDARD,USD
0000005291,WEB,STANDARD,USD
0000005292,MOBILE_APP,PICKUP,USD
0000005293,WEB,STANDARD,USD
0000005294,WEB,STANDARD,USD
0000005295,WEB,STANDARD,USD
0000005296,MOBILE_APP,EXPRESS,USD
0000005297,MOBILE_APP,PICKUP,USD
0000005298,MOBILE_APP,EXPRESS,USD
0000005299,WEB,STANDARD,USD
0000005300,MOBILE_APP,EXPRESS,USD
0000005301,WEB,STANDARD,USD
0000005302,MOBILE_APP,STANDARD,USD
0000005303,WEB,STANDARD,USD
0000005304,WEB,STANDARD,USD
0000005305,WEB,STANDARD,USD
0000005306,WEB,EXPRESS,USD
0000005307,WEB,STANDARD,USD
0000005308,CALL_CENTER,STANDARD,USD
0000005309,WEB,STANDARD,USD
0000005310,MOBILE_APP,STANDARD,USD
0000005311,MOBILE_APP,EXPRESS,USD
0000005312,WEB,STANDARD,USD
0000005313,CALL_CENTER,STANDARD,USD
0000005314,MOBILE_APP,STANDARD,USD
0000005315,WEB,EXPRESS,USD
0000005316,WEB,STANDARD,USD
0000005317,WEB,STANDARD,USD
0000005318,MOBILE_APP,STANDARD,USD
0000005319,MOBILE_APP,PICKUP,USD
0000005320,MOBILE_APP,STANDARD,USD
0000005321,WEB,STANDARD,USD
0000005322,WEB,STANDARD,USD
0000005323,MOBILE_APP,EXPRESS,USD
0000005324,WEB,PICKUP,USD
0000005325,WEB,EXPRESS,USD
0000005326,WEB,STANDARD,USD
0000005327,MOBILE_APP,PICKUP,USD
0000005328,CALL_CENTER,EXPRESS,USD
0000005329,WEB,PICKUP,USD
0000005330,WEB,PICKUP,USD
0000005331,WEB,STANDARD,USD
0000005332,WEB,STANDARD,USD
0000005333,WEB,STANDARD,USD
0000005334,WEB,STANDARD,USD
0000005335,WEB,STANDARD,USD
0000005336,WEB,STANDARD,USD
0000005337,WEB,STANDARD,USD
0000005338,MOBILE_APP,PICKUP,USD
0000005339,WEB,STANDARD,USD
0000005340,MOBILE_APP,STANDARD,USD
0000005341,WEB,STANDARD,USD
0000005342,MOBILE_APP,PICKUP,USD
0000005343,MOBILE_APP,STANDARD,USD
0000005344,WEB,STANDARD,USD
0000005345,WEB,EXPRESS,USD
0000005346,WEB,EXPRESS,USD
0000005347,WEB,PICKUP,USD
0000005348,WEB,EXPRESS,USD
0000005349,WEB,STANDARD,USD
0000005350,WEB,PICKUP,USD
0000005351,MOBILE_APP,PICKUP,USD
0000005352,MOBILE_APP,EXPRESS,USD
0000005353,WEB,STANDARD,USD
0000005354,WEB,STANDARD,USD
0000005355,WEB,STANDARD,USD
0000005356,MOBILE_APP,STANDARD,USD
0000005357,WEB,STANDARD,USD
0000005358,WEB,STANDARD,USD
0000005359,MOBILE_APP,EXPRESS,USD
0000005360,WEB,STANDARD,USD
0000005361,WEB,EXPRESS,USD
0000005362,MOBILE_APP,STANDARD,USD
0000005363,CALL_CENTER,EXPRESS,USD
0000005364,WEB,EXPRESS,USD
0000005365,WEB,STANDARD,USD
0000005366,WEB,PICKUP,USD
0000005367,MOBILE_APP,STANDARD,USD
0000005368,MOBILE_APP,STANDARD,USD
0000005369,WEB,STANDARD,USD
0000005370,MOBILE_APP,STANDARD,USD
0000005371,MOBILE_APP,STANDARD,USD
0000005372,WEB,PICKUP,USD
0000005373,WEB,STANDARD,USD
0000005374,WEB,STANDARD,USD
0000005375,CALL_CENTER,STANDARD,USD
0000005376,WEB,PICKUP,USD
0000005377,WEB,STANDARD,USD
0000005378,MOBILE_APP,STANDARD,USD
0000005379,MOBILE_APP,PICKUP,USD
0000005380,WEB,EXPRESS,USD
0000005381,WEB,STANDARD,USD
0000005382,WEB,STANDARD,USD
0000005383,MOBILE_APP,STANDARD,USD
0000005384,MOBILE_APP,STANDARD,USD
0000005385,MOBILE_APP,PICKUP,USD
0000005386,WEB,PICKUP,USD
0000005387,WEB,STANDARD,USD
0000005388,MOBILE_APP,STANDARD,USD
0000005389,WEB,STANDARD,USD
0000005390,CALL_CENTER,EXPRESS,USD
0000005391,WEB,STANDARD,USD
0000005392,CALL_CENTER,EXPRESS,USD
0000005393,WEB,STANDARD,USD
0000005394,WEB,STANDARD,USD
0000005395,MOBILE_APP,STANDARD,USD
0000005396,WEB,STANDARD,USD
0000005397,MOBILE_APP,STANDARD,USD
0000005398,MOBILE_APP,STANDARD,USD
0000005399,WEB,STANDARD,USD
0000005400,WEB,STANDARD,USD
0000005401,MOBILE_APP,EXPRESS,USD
0000005402,MOBILE_APP,STANDARD,USD
0000005403,MOBILE_APP,STANDARD,USD
0000005404,WEB,STANDARD,USD
0000005405,WEB,STANDARD,USD
0000005406,MOBILE_APP,STANDARD,USD
0000005407,WEB,STANDARD,USD
0000005408,MOBILE_APP,PICKUP,USD
0000005409,MOBILE_APP,STANDARD,USD
0000005410,WEB,STANDARD,USD
0000005411,WEB,STANDARD,USD
0000005412,WEB,STANDARD,USD
0000005413,WEB,STANDARD,USD
0000005414,MOBILE_APP,EXPRESS,USD
0000005415,MOBILE_APP,EXPRESS,USD
0000005416,WEB,STANDARD,USD
0000005417,MOBILE_APP,STANDARD,USD
0000005418,MOBILE_APP,PICKUP,USD
0000005419,WEB,STANDARD,USD
0000005420,WEB,STANDARD,USD
0000005421,WEB,STANDARD,USD
0000005422,MOBILE_APP,STANDARD,USD
0000005423,WEB,STANDARD,USD
0000005424,WEB,STANDARD,USD
0000005425,WEB,STANDARD,USD
0000005426,MOBILE_APP,EXPRESS,USD
0000005427,MOBILE_APP,EXPRESS,USD
0000005428,MOBILE_APP,EXPRESS,USD
0000005429,WEB,STANDARD,USD
0000005430,MOBILE_APP,STANDARD,USD
0000005431,WEB,STANDARD,USD
0000005432,MOBILE_APP,STANDARD,USD
0000005433,MOBILE_APP,STANDARD,USD
0000005434,WEB,STANDARD,USD
0000005435,CALL_CENTER,STANDARD,USD
0000005436,WEB,STANDARD,USD
0000005437,MOBILE_APP,EXPRESS,USD
0000005438,MOBILE_APP,STANDARD,USD
0000005439,MOBILE_APP,STANDARD,USD
0000005440,MOBILE_APP,STANDARD,USD
0000005441,WEB,STANDARD,USD
0000005442,WEB,STANDARD,USD
0000005443,WEB,STANDARD,USD
0000005444,MOBILE_APP,STANDARD,USD
0000005445,MOBILE_APP,STANDARD,USD
0000005446,MOBILE_APP,EXPRESS,USD
0000005447,WEB,STANDARD,USD
0000005448,MOBILE_APP,STANDARD,USD
0000005449,MOBILE_APP,STANDARD,USD
0000005450,WEB,STANDARD,USD
0000005451,MOBILE_APP,STANDARD,USD
0000005452,MOBILE_APP,STANDARD,USD
0000005453,WEB,STANDARD,USD
0000005454,MOBILE_APP,STANDARD,USD
0000005455,WEB,STANDARD,USD
0000005456,MOBILE_APP,STANDARD,USD
0000005457,WEB,STANDARD,USD
0000005458,CALL_CENTER,STANDARD,USD
0000005459,MOBILE_APP,STANDARD,USD
0000005460,MOBILE_APP,STANDARD,USD
0000005461,WEB,PICKUP,USD
0000005462,MOBILE_APP,PICKUP,USD
0000005463,WEB,STANDARD,USD
0000005464,MOBILE_APP,EXPRESS,USD
0000005465,MOBILE_APP,STANDARD,USD
0000005466,WEB,STANDARD,USD
0000005467,WEB,STANDARD,USD
0000005468,MOBILE_APP,PICKUP,USD
0000005469,WEB,PICKUP,USD
0000005470,WEB,STANDARD,USD
0000005471,MOBILE_APP,EXPRESS,USD
0000005472,MOBILE_APP,EXPRESS,USD
0000005473,WEB,STANDARD,USD
0000005474,WEB,STANDARD,USD
0000005475,MOBILE_APP,STANDARD,USD
0000005476,WEB,STANDARD,USD
0000005477,MOBILE_APP,STANDARD,USD
0000005478,MOBILE_APP,STANDARD,USD
0000005479,MOBILE_APP,STANDARD,USD
0000005480,CALL_CENTER,STANDARD,USD
0000005481,MOBILE_APP,STANDARD,USD
0000005482,WEB,STANDARD,USD
0000005483,WEB,STANDARD,USD
0000005484,MOBILE_APP,STANDARD,USD
0000005485,WEB,STANDARD,USD
0000005486,WEB,STANDARD,USD
0000005487,MOBILE_APP,STANDARD,USD
0000005488,WEB,STANDARD,USD
0000005489,WEB,STANDARD,USD
0000005490,WEB,STANDARD,USD
0000005491,WEB,STANDARD,USD
0000005492,MOBILE_APP,STANDARD,USD
0000005493,WEB,STANDARD,USD
0000005494,WEB,EXPRESS,USD
0000005495,MOBILE_APP,PICKUP,USD
0000005496,CALL_CENTER,STANDARD,USD
0000005497,WEB,PICKUP,USD
0000005498,WEB,EXPRESS,USD
0000005499,MOBILE_APP,STANDARD,USD
0000005500,MOBILE_APP,STANDARD,USD
0000005501,WEB,STANDARD,USD
0000005502,MOBILE_APP,STANDARD,USD
0000005503,WEB,STANDARD,USD
0000005504,WEB,PICKUP,USD
0000005505,WEB,STANDARD,USD
0000005506,MOBILE_APP,STANDARD,USD
0000005507,MOBILE_APP,STANDARD,USD
0000005508,MOBILE_APP,EXPRESS,USD
0000005509,MOBILE_APP,EXPRESS,USD
0000005510,WEB,STANDARD,USD
0000005511,WEB,STANDARD,USD
0000005512,MOBILE_APP,STANDARD,USD
0000005513,WEB,STANDARD,USD
0000005514,MOBILE_APP,STANDARD,USD
0000005515,WEB,STANDARD,USD
0000005516,WEB,EXPRESS,USD
0000005517,WEB,STANDARD,USD
0000005518,CALL_CENTER,STANDARD,USD
0000005519,MOBILE_APP,STANDARD,USD
0000005520,MOBILE_APP,STANDARD,USD
0000005521,WEB,STANDARD,USD
0000005522,WEB,STANDARD,USD
0000005523,WEB,EXPRESS,USD
0000005524,MOBILE_APP,STANDARD,USD
0000005525,WEB,EXPRESS,USD
0000005526,WEB,STANDARD,USD
0000005527,WEB,STANDARD,USD
0000005528,MOBILE_APP,STANDARD,USD
0000005529,CALL_CENTER,STANDARD,USD
0000005530,WEB,STANDARD,USD
0000005531,MOBILE_APP,STANDARD,USD
0000005532,MOBILE_APP,PICKUP,USD
0000005533,MOBILE_APP,EXPRESS,USD
0000005534,WEB,PICKUP,USD
0000005535,WEB,PICKUP,USD
0000005536,WEB,STANDARD,USD
0000005537,WEB,STANDARD,USD
0000005538,CALL_CENTER,STANDARD,USD
0000005539,MOBILE_APP,STANDARD,USD
0000005540,WEB,STANDARD,USD
0000005541,MOBILE_APP,STANDARD,USD
0000005542,WEB,STANDARD,USD
0000005543,WEB,STANDARD,USD
0000005544,MOBILE_APP,EXPRESS,USD
0000005545,WEB,PICKUP,USD
0000005546,CALL_CENTER,STANDARD,USD
0000005547,WEB,STANDARD,USD
0000005548,MOBILE_APP,STANDARD,USD
0000005549,MOBILE_APP,EXPRESS,USD
0000005550,MOBILE_APP,EXPRESS,USD
0000005551,MOBILE_APP,EXPRESS,USD
0000005552,MOBILE_APP,STANDARD,USD
0000005553,WEB,STANDARD,USD
0000005554,MOBILE_APP,STANDARD,USD
0000005555,MOBILE_APP,STANDARD,USD
0000005556,WEB,STANDARD,USD
0000005557,WEB,STANDARD,USD
0000005558,MOBILE_APP,PICKUP,USD
0000005559,CALL_CENTER,STANDARD,USD
0000005560,MOBILE_APP,STANDARD,USD
0000005561,MOBILE_APP,STANDARD,USD
0000005562,WEB,STANDARD,USD
0000005563,WEB,STANDARD,USD
0000005564,WEB,STANDARD,USD
0000005565,WEB,PICKUP,USD
0000005566,MOBILE_APP,EXPRESS,USD
0000005567,WEB,STANDARD,USD
0000005568,MOBILE_APP,STANDARD,USD
0000005569,WEB,EXPRESS,USD
0000005570,MOBILE_APP,STANDARD,USD
0000005571,MOBILE_APP,STANDARD,USD
0000005572,WEB,PICKUP,USD
0000005573,WEB,EXPRESS,USD
0000005574,WEB,STANDARD,USD
0000005575,WEB,STANDARD,USD
0000005576,MOBILE_APP,PICKUP,USD
0000005577,WEB,STANDARD,USD
0000005578,WEB,STANDARD,USD
0000005579,WEB,EXPRESS,USD
0000005580,WEB,STANDARD,USD
0000005581,WEB,EXPRESS,USD
0000005582,WEB,EXPRESS,USD
0000005583,WEB,STANDARD,USD
0000005584,MOBILE_APP,EXPRESS,USD
0000005585,MOBILE_APP,STANDARD,USD
0000005586,MOBILE_APP,STANDARD,USD
0000005587,WEB,PICKUP,USD
0000005588,MOBILE_APP,STANDARD,USD
0000005589,WEB,STANDARD,USD
0000005590,MOBILE_APP,STANDARD,USD
0000005591,MOBILE_APP,EXPRESS,USD
0000005592,WEB,EXPRESS,USD
0000005593,MOBILE_APP,STANDARD,USD
0000005594,WEB,STANDARD,USD
0000005595,MOBILE_APP,STANDARD,USD
0000005596,WEB,STANDARD,USD
0000005597,WEB,STANDARD,USD
0000005598,WEB,EXPRESS,USD
0000005599,MOBILE_APP,STANDARD,USD
0000005600,WEB,STANDARD,USD
0000005601,WEB,STANDARD,USD
0000005602,MOBILE_APP,STANDARD,USD
0000005603,WEB,EXPRESS,USD
0000005604,WEB,PICKUP,USD
0000005605,WEB,STANDARD,USD
0000005606,MOBILE_APP,STANDARD,USD
0000005607,WEB,STANDARD,USD
0000005608,MOBILE_APP,STANDARD,USD
0000005609,MOBILE_APP,STANDARD,USD
0000005610,MOBILE_APP,STANDARD,USD
0000005611,WEB,STANDARD,USD
0000005612,WEB,PICKUP,USD
0000005613,WEB,STANDARD,USD
0000005614,MOBILE_APP,STANDARD,USD
0000005615,WEB,STANDARD,USD
0000005616,WEB,EXPRESS,USD
0000005617,MOBILE_APP,STANDARD,USD
0000005618,WEB,EXPRESS,USD
0000005619,MOBILE_APP,STANDARD,USD
0000005620,MOBILE_APP,PICKUP,USD
0000005621,WEB,EXPRESS,USD
0000005622,MOBILE_APP,PICKUP,USD
0000005623,MOBILE_APP,STANDARD,USD
0000005624,MOBILE_APP,STANDARD,USD
0000005625,WEB,STANDARD,USD
0000005626,WEB,STANDARD,USD
0000005627,WEB,PICKUP,USD
0000005628,WEB,STANDARD,USD
0000005629,MOBILE_APP,STANDARD,USD
0000005630,WEB,EXPRESS,USD
0000005631,MOBILE_APP,STANDARD,USD
0000005632,MOBILE_APP,STANDARD,USD
0000005633,CALL_CENTER,EXPRESS,USD
0000005634,MOBILE_APP,PICKUP,USD
0000005635,MOBILE_APP,STANDARD,USD
0000005636,WEB,EXPRESS,USD
0000005637,MOBILE_APP,STANDARD,USD
0000005638,WEB,EXPRESS,USD
0000005639,WEB,STANDARD,USD
0000005640,MOBILE_APP,STANDARD,USD
0000005641,CALL_CENTER,STANDARD,USD
0000005642,WEB,EXPRESS,USD
0000005643,WEB,EXPRESS,USD
0000005644,MOBILE_APP,PICKUP,USD
0000005645,MOBILE_APP,STANDARD,USD
0000005646,WEB,STANDARD,USD
0000005647,MOBILE_APP,EXPRESS,USD
0000005648,WEB,STANDARD,USD
0000005649,WEB,STANDARD,USD
0000005650,WEB,PICKUP,USD
0000005651,WEB,EXPRESS,USD
0000005652,WEB,EXPRESS,USD
0000005653,MOBILE_APP,STANDARD,USD
0000005654,MOBILE_APP,STANDARD,USD
0000005655,WEB,PICKUP,USD
0000005656,WEB,STANDARD,USD
0000005657,WEB,PICKUP,USD
0000005658,WEB,STANDARD,USD
0000005659,WEB,STANDARD,USD
0000005660,MOBILE_APP,STANDARD,USD
0000005661,MOBILE_APP,STANDARD,USD
0000005662,WEB,STANDARD,USD
0000005663,WEB,EXPRESS,USD
0000005664,WEB,EXPRESS,USD
0000005665,WEB,STANDARD,USD
0000005666,WEB,STANDARD,USD
0000005667,MOBILE_APP,STANDARD,USD
0000005668,MOBILE_APP,STANDARD,USD
0000005669,WEB,EXPRESS,USD
0000005670,CALL_CENTER,STANDARD,USD
0000005671,WEB,EXPRESS,USD
0000005672,MOBILE_APP,PICKUP,USD
0000005673,MOBILE_APP,STANDARD,USD
0000005674,WEB,STANDARD,USD
0000005675,WEB,PICKUP,USD
0000005676,WEB,EXPRESS,USD
0000005677,WEB,PICKUP,USD
0000005678,WEB,STANDARD,USD
0000005679,MOBILE_APP,EXPRESS,USD
0000005680,CALL_CENTER,STANDARD,USD
0000005681,MOBILE_APP,PICKUP,USD
0000005682,WEB,EXPRESS,USD
0000005683,WEB,STANDARD,USD
0000005684,MOBILE_APP,STANDARD,USD
0000005685,MOBILE_APP,EXPRESS,USD
0000005686,MOBILE_APP,EXPRESS,USD
0000005687,MOBILE_APP,STANDARD,USD
0000005688,WEB,STANDARD,USD
0000005689,WEB,STANDARD,USD
0000005690,MOBILE_APP,EXPRESS,USD
0000005691,WEB,STANDARD,USD
0000005692,MOBILE_APP,STANDARD,USD
0000005693,WEB,STANDARD,USD
0000005694,WEB,EXPRESS,USD
0000005695,WEB,STANDARD,USD
0000005696,WEB,STANDARD,USD
0000005697,MOBILE_APP,PICKUP,USD
0000005698,MOBILE_APP,STANDARD,USD
0000005699,WEB,STANDARD,USD
0000005700,MOBILE_APP,STANDARD,USD
0000005701,MOBILE_APP,STANDARD,USD
0000005702,WEB,STANDARD,USD
0000005703,WEB,STANDARD,USD
0000005704,WEB,STANDARD,USD
0000005705,MOBILE_APP,STANDARD,USD
0000005706,WEB,STANDARD,USD
0000005707,MOBILE_APP,STANDARD,USD
0000005708,MOBILE_APP,STANDARD,USD
0000005709,MOBILE_APP,STANDARD,USD
0000005710,WEB,STANDARD,USD
0000005711,WEB,STANDARD,USD
0000005712,WEB,STANDARD,USD
0000005713,MOBILE_APP,EXPRESS,USD
0000005714,WEB,STANDARD,USD
0000005715,WEB,STANDARD,USD
0000005716,MOBILE_APP,STANDARD,USD
0000005717,WEB,PICKUP,USD
0000005718,WEB,STANDARD,USD
0000005719,WEB,PICKUP,USD
0000005720,WEB,STANDARD,USD
0000005721,WEB,PICKUP,USD
0000005722,WEB,STANDARD,USD
0000005723,MOBILE_APP,STANDARD,USD
0000005724,WEB,STANDARD,USD
0000005725,WEB,EXPRESS,USD
0000005726,WEB,EXPRESS,USD
0000005727,WEB,STANDARD,USD
0000005728,WEB,STANDARD,USD
0000005729,WEB,STANDARD,USD
0000005730,WEB,STANDARD,USD
0000005731,WEB,PICKUP,USD
0000005732,WEB,STANDARD,USD
0000005733,WEB,STANDARD,USD
0000005734,WEB,STANDARD,USD
0000005735,MOBILE_APP,STANDARD,USD
0000005736,WEB,STANDARD,USD
0000005737,MOBILE_APP,STANDARD,USD
0000005738,WEB,STANDARD,USD
0000005739,MOBILE_APP,STANDARD,USD
0000005740,WEB,STANDARD,USD
0000005741,WEB,STANDARD,USD
0000005742,MOBILE_APP,STANDARD,USD
0000005743,MOBILE_APP,STANDARD,USD
0000005744,WEB,EXPRESS,USD
0000005745,WEB,STANDARD,USD
0000005746,WEB,EXPRESS,USD
0000005747,MOBILE_APP,EXPRESS,USD
0000005748,MOBILE_APP,EXPRESS,USD
0000005749,MOBILE_APP,STANDARD,USD
0000005750,MOBILE_APP,STANDARD,USD
0000005751,MOBILE_APP,EXPRESS,USD
0000005752,MOBILE_APP,STANDARD,USD
0000005753,CALL_CENTER,STANDARD,USD
0000005754,WEB,EXPRESS,USD
0000005755,WEB,STANDARD,USD
0000005756,WEB,STANDARD,USD
0000005757,WEB,EXPRESS,USD
0000005758,MOBILE_APP,STANDARD,USD
0000005759,MOBILE_APP,EXPRESS,USD
0000005760,WEB,EXPRESS,USD
0000005761,MOBILE_APP,STANDARD,USD
0000005762,WEB,STANDARD,USD
0000005763,WEB,STANDARD,USD
0000005764,WEB,STANDARD,USD
0000005765,MOBILE_APP,STANDARD,USD
0000005766,MOBILE_APP,STANDARD,USD
0000005767,MOBILE_APP,STANDARD,USD
0000005768,CALL_CENTER,EXPRESS,USD
0000005769,MOBILE_APP,STANDARD,USD
0000005770,WEB,STANDARD,USD
0000005771,MOBILE_APP,STANDARD,USD
0000005772,MOBILE_APP,STANDARD,USD
0000005773,MOBILE_APP,EXPRESS,USD
0000005774,MOBILE_APP,STANDARD,USD
0000005775,MOBILE_APP,STANDARD,USD
0000005776,MOBILE_APP,STANDARD,USD
0000005777,WEB,STANDARD,USD
0000005778,MOBILE_APP,STANDARD,USD
0000005779,MOBILE_APP,PICKUP,USD
0000005780,CALL_CENTER,STANDARD,USD
0000005781,WEB,STANDARD,USD
0000005782,MOBILE_APP,STANDARD,USD
0000005783,MOBILE_APP,STANDARD,USD
0000005784,WEB,STANDARD,USD
0000005785,WEB,STANDARD,USD
0000005786,WEB,STANDARD,USD
0000005787,MOBILE_APP,STANDARD,USD
0000005788,MOBILE_APP,STANDARD,USD
0000005789,WEB,STANDARD,USD
0000005790,MOBILE_APP,EXPRESS,USD
0000005791,WEB,STANDARD,USD
0000005792,MOBILE_APP,STANDARD,USD
0000005793,WEB,STANDARD,USD
0000005794,CALL_CENTER,EXPRESS,USD
0000005795,MOBILE_APP,STANDARD,USD
0000005796,MOBILE_APP,STANDARD,USD
0000005797,WEB,STANDARD,USD
0000005798,WEB,STANDARD,USD
0000005799,MOBILE_APP,STANDARD,USD
0000005800,MOBILE_APP,PICKUP,USD
0000005801,MOBILE_APP,EXPRESS,USD
0000005802,MOBILE_APP,EXPRESS,USD
0000005803,WEB,STANDARD,USD
0000005804,MOBILE_APP,EXPRESS,USD
0000005805,MOBILE_APP,STANDARD,USD
0000005806,MOBILE_APP,EXPRESS,USD
0000005807,WEB,EXPRESS,USD
0000005808,MOBILE_APP,STANDARD,USD
0000005809,WEB,EXPRESS,USD
0000005810,MOBILE_APP,STANDARD,USD
0000005811,MOBILE_APP,STANDARD,USD
0000005812,WEB,STANDARD,USD
0000005813,MOBILE_APP,STANDARD,USD
0000005814,MOBILE_APP,STANDARD,USD
0000005815,WEB,STANDARD,USD
0000005816,CALL_CENTER,STANDARD,USD
0000005817,WEB,STANDARD,USD
0000005818,WEB,STANDARD,USD
0000005819,CALL_CENTER,STANDARD,USD
0000005820,WEB,STANDARD,USD
0000005821,MOBILE_APP,STANDARD,USD
0000005822,WEB,STANDARD,USD
0000005823,MOBILE_APP,PICKUP,USD
0000005824,WEB,STANDARD,USD
0000005825,WEB,STANDARD,USD
0000005826,WEB,STANDARD,USD
0000005827,MOBILE_APP,STANDARD,USD
0000005828,WEB,STANDARD,USD
0000005829,WEB,PICKUP,USD
0000005830,WEB,STANDARD,USD
0000005831,WEB,STANDARD,USD
0000005832,MOBILE_APP,STANDARD,USD
0000005833,WEB,STANDARD,USD
0000005834,MOBILE_APP,PICKUP,USD
0000005835,MOBILE_APP,STANDARD,USD
0000005836,WEB,STANDARD,USD
0000005837,WEB,STANDARD,USD
0000005838,MOBILE_APP,EXPRESS,USD
0000005839,MOBILE_APP,EXPRESS,USD
0000005840,WEB,STANDARD,USD
0000005841,WEB,STANDARD,USD
0000005842,WEB,STANDARD,USD
0000005843,WEB,EXPRESS,USD
0000005844,WEB,STANDARD,USD
0000005845,WEB,STANDARD,USD
0000005846,MOBILE_APP,EXPRESS,USD
0000005847,WEB,EXPRESS,USD
0000005848,WEB,EXPRESS,USD
0000005849,WEB,STANDARD,USD
0000005850,MOBILE_APP,STANDARD,USD
0000005851,WEB,PICKUP,USD
0000005852,WEB,STANDARD,USD
0000005853,MOBILE_APP,STANDARD,USD
0000005854,WEB,STANDARD,USD
0000005855,WEB,EXPRESS,USD
0000005856,MOBILE_APP,EXPRESS,USD
0000005857,MOBILE_APP,STANDARD,USD
0000005858,WEB,STANDARD,USD
0000005859,WEB,STANDARD,USD
0000005860,MOBILE_APP,STANDARD,USD
0000005861,WEB,STANDARD,USD
0000005862,MOBILE_APP,STANDARD,USD
0000005863,MOBILE_APP,EXPRESS,USD
0000005864,MOBILE_APP,STANDARD,USD
0000005865,MOBILE_APP,STANDARD,USD
0000005866,WEB,STANDARD,USD
0000005867,WEB,STANDARD,USD
0000005868,MOBILE_APP,STANDARD,USD
0000005869,WEB,EXPRESS,USD
0000005870,WEB,EXPRESS,USD
0000005871,WEB,STANDARD,USD
0000005872,MOBILE_APP,STANDARD,USD
0000005873,WEB,STANDARD,USD
0000005874,MOBILE_APP,PICKUP,USD
0000005875,MOBILE_APP,STANDARD,USD
0000005876,MOBILE_APP,STANDARD,USD
0000005877,MOBILE_APP,STANDARD,USD
0000005878,WEB,STANDARD,USD
0000005879,MOBILE_APP,EXPRESS,USD
0000005880,MOBILE_APP,EXPRESS,USD
0000005881,MOBILE_APP,STANDARD,USD
0000005882,MOBILE_APP,STANDARD,USD
0000005883,MOBILE_APP,STANDARD,USD
0000005884,MOBILE_APP,STANDARD,USD
0000005885,WEB,EXPRESS,USD
0000005886,WEB,STANDARD,USD
0000005887,MOBILE_APP,EXPRESS,USD
0000005888,WEB,STANDARD,USD
0000005889,CALL_CENTER,STANDARD,USD
0000005890,MOBILE_APP,PICKUP,USD
0000005891,WEB,STANDARD,USD
0000005892,MOBILE_APP,STANDARD,USD
0000005893,WEB,STANDARD,USD
0000005894,WEB,STANDARD,USD
0000005895,CALL_CENTER,STANDARD,USD
0000005896,WEB,STANDARD,USD
0000005897,MOBILE_APP,STANDARD,USD
0000005898,WEB,STANDARD,USD
0000005899,WEB,STANDARD,USD
0000005900,WEB,STANDARD,USD
0000005901,WEB,PICKUP,USD
0000005902,MOBILE_APP,EXPRESS,USD
0000005903,WEB,STANDARD,USD
0000005904,WEB,STANDARD,USD
0000005905,WEB,STANDARD,USD
0000005906,WEB,PICKUP,USD
0000005907,WEB,STANDARD,USD
0000005908,MOBILE_APP,STANDARD,USD
0000005909,WEB,EXPRESS,USD
0000005910,WEB,STANDARD,USD
0000005911,MOBILE_APP,STANDARD,USD
0000005912,WEB,STANDARD,USD
0000005913,MOBILE_APP,STANDARD,USD
0000005914,MOBILE_APP,EXPRESS,USD
0000005915,WEB,STANDARD,USD
0000005916,MOBILE_APP,EXPRESS,USD
0000005917,MOBILE_APP,EXPRESS,USD
0000005918,WEB,STANDARD,USD
0000005919,MOBILE_APP,STANDARD,USD
0000005920,MOBILE_APP,STANDARD,USD
0000005921,MOBILE_APP,STANDARD,USD
0000005922,WEB,STANDARD,USD
0000005923,WEB,STANDARD,USD
0000005924,WEB,EXPRESS,USD
0000005925,WEB,STANDARD,USD
0000005926,WEB,STANDARD,USD
0000005927,WEB,PICKUP,USD
0000005928,WEB,STANDARD,USD
0000005929,WEB,STANDARD,USD
0000005930,MOBILE_APP,STANDARD,USD
0000005931,WEB,PICKUP,USD
0000005932,WEB,EXPRESS,USD
0000005933,WEB,STANDARD,USD
0000005934,MOBILE_APP,STANDARD,USD
0000005935,WEB,STANDARD,USD
0000005936,MOBILE_APP,STANDARD,USD
0000005937,MOBILE_APP,STANDARD,USD
0000005938,CALL_CENTER,STANDARD,USD
0000005939,WEB,EXPRESS,USD
0000005940,WEB,STANDARD,USD
0000005941,MOBILE_APP,STANDARD,USD
0000005942,WEB,STANDARD,USD
0000005943,WEB,STANDARD,USD
0000005944,MOBILE_APP,EXPRESS,USD
0000005945,MOBILE_APP,STANDARD,USD
0000005946,WEB,STANDARD,USD
0000005947,MOBILE_APP,PICKUP,USD
0000005948,WEB,STANDARD,USD
0000005949,WEB,STANDARD,USD
0000005950,CALL_CENTER,STANDARD,USD
0000005951,WEB,STANDARD,USD
0000005952,WEB,STANDARD,USD
0000005953,MOBILE_APP,STANDARD,USD
0000005954,WEB,STANDARD,USD
0000005955,WEB,PICKUP,USD
0000005956,MOBILE_APP,STANDARD,USD
0000005957,WEB,STANDARD,USD
0000005958,WEB,STANDARD,USD
0000005959,WEB,STANDARD,USD
0000005960,MOBILE_APP,STANDARD,USD
0000005961,WEB,STANDARD,USD
0000005962,WEB,STANDARD,USD
0000005963,MOBILE_APP,STANDARD,USD
0000005964,WEB,STANDARD,USD
0000005965,MOBILE_APP,STANDARD,USD
0000005966,WEB,EXPRESS,USD
0000005967,MOBILE_APP,STANDARD,USD
0000005968,MOBILE_APP,STANDARD,USD
0000005969,WEB,EXPRESS,USD
0000005970,WEB,PICKUP,USD
0000005971,WEB,STANDARD,USD
0000005972,WEB,STANDARD,USD
0000005973,MOBILE_APP,STANDARD,USD
0000005974,WEB,PICKUP,USD
0000005975,WEB,STANDARD,USD
0000005976,WEB,STANDARD,USD
0000005977,CALL_CENTER,PICKUP,USD
0000005978,MOBILE_APP,STANDARD,USD
0000005979,MOBILE_APP,PICKUP,USD
0000005980,WEB,EXPRESS,USD
0000005981,CALL_CENTER,STANDARD,USD
0000005982,MOBILE_APP,STANDARD,USD
0000005983,WEB,STANDARD,USD
0000005984,MOBILE_APP,STANDARD,USD
0000005985,MOBILE_APP,STANDARD,USD
0000005986,WEB,PICKUP,USD
0000005987,WEB,STANDARD,USD
0000005988,MOBILE_APP,STANDARD,USD
0000005989,MOBILE_APP,PICKUP,USD
0000005990,WEB,STANDARD,USD
0000005991,MOBILE_APP,STANDARD,USD
0000005992,MOBILE_APP,EXPRESS,USD
0000005993,MOBILE_APP,STANDARD,USD
0000005994,WEB,EXPRESS,USD
0000005995,WEB,STANDARD,USD
0000005996,WEB,STANDARD,USD
0000005997,MOBILE_APP,STANDARD,USD
0000005998,WEB,STANDARD,USD
0000005999,MOBILE_APP,STANDARD,USD
0000006000,WEB,STANDARD,USD
0000006001,MOBILE_APP,PICKUP,USD
0000006002,MOBILE_APP,STANDARD,USD
0000006003,MOBILE_APP,STANDARD,USD
0000006004,MOBILE_APP,PICKUP,USD
0000006005,MOBILE_APP,EXPRESS,USD
0000006006,WEB,STANDARD,USD
0000006007,CALL_CENTER,EXPRESS,USD
0000006008,WEB,PICKUP,USD
0000006009,MOBILE_APP,PICKUP,USD
0000006010,CALL_CENTER,STANDARD,USD
0000006011,MOBILE_APP,STANDARD,USD
0000006012,WEB,EXPRESS,USD
0000006013,WEB,STANDARD,USD
0000006014,MOBILE_APP,PICKUP,USD
0000006015,WEB,STANDARD,USD
0000006016,WEB,EXPRESS,USD
0000006017,WEB,STANDARD,USD
0000006018,MOBILE_APP,STANDARD,USD
0000006019,WEB,STANDARD,USD
0000006020,MOBILE_APP,STANDARD,USD
0000006021,WEB,STANDARD,USD
0000006022,MOBILE_APP,STANDARD,USD
0000006023,MOBILE_APP,STANDARD,USD
0000006024,WEB,EXPRESS,USD
0000006025,WEB,STANDARD,USD
0000006026,WEB,STANDARD,USD
0000006027,MOBILE_APP,STANDARD,USD
0000006028,WEB,STANDARD,USD
0000006029,WEB,EXPRESS,USD
0000006030,WEB,STANDARD,USD
0000006031,WEB,STANDARD,USD
0000006032,WEB,STANDARD,USD
0000006033,WEB,PICKUP,USD
0000006034,MOBILE_APP,STANDARD,USD
0000006035,WEB,STANDARD,USD
0000006036,MOBILE_APP,EXPRESS,USD
0000006037,WEB,EXPRESS,USD
0000006038,MOBILE_APP,STANDARD,USD
0000006039,MOBILE_APP,PICKUP,USD
0000006040,WEB,PICKUP,USD
0000006041,WEB,EXPRESS,USD
0000006042,WEB,STANDARD,USD
0000006043,MOBILE_APP,STANDARD,USD
0000006044,WEB,PICKUP,USD
0000006045,WEB,STANDARD,USD
0000006046,CALL_CENTER,STANDARD,USD
0000006047,MOBILE_APP,EXPRESS,USD
0000006048,WEB,STANDARD,USD
0000006049,MOBILE_APP,STANDARD,USD
0000006050,MOBILE_APP,STANDARD,USD
0000006051,MOBILE_APP,PICKUP,USD
0000006052,MOBILE_APP,STANDARD,USD
0000006053,CALL_CENTER,STANDARD,USD
0000006054,WEB,PICKUP,USD
0000006055,WEB,STANDARD,USD
0000006056,CALL_CENTER,PICKUP,USD
0000006057,WEB,STANDARD,USD
0000006058,WEB,STANDARD,USD
0000006059,MOBILE_APP,PICKUP,USD
0000006060,MOBILE_APP,STANDARD,USD
0000006061,WEB,STANDARD,USD
0000006062,MOBILE_APP,STANDARD,USD
0000006063,MOBILE_APP,STANDARD,USD
0000006064,WEB,STANDARD,USD
0000006065,WEB,STANDARD,USD
0000006066,WEB,STANDARD,USD
0000006067,CALL_CENTER,STANDARD,USD
0000006068,MOBILE_APP,STANDARD,USD
0000006069,WEB,STANDARD,USD
0000006070,MOBILE_APP,PICKUP,USD
0000006071,WEB,STANDARD,USD
0000006072,MOBILE_APP,STANDARD,USD
0000006073,WEB,STANDARD,USD
0000006074,WEB,STANDARD,USD
0000006075,MOBILE_APP,STANDARD,USD
0000006076,MOBILE_APP,STANDARD,USD
0000006077,MOBILE_APP,EXPRESS,USD
0000006078,MOBILE_APP,STANDARD,USD
0000006079,WEB,STANDARD,USD
0000006080,WEB,STANDARD,USD
0000006081,WEB,EXPRESS,USD
0000006082,WEB,STANDARD,USD
0000006083,WEB,STANDARD,USD
0000006084,MOBILE_APP,EXPRESS,USD
0000006085,WEB,PICKUP,USD
0000006086,MOBILE_APP,STANDARD,USD
0000006087,WEB,STANDARD,USD
0000006088,WEB,EXPRESS,USD
0000006089,MOBILE_APP,STANDARD,USD
0000006090,WEB,PICKUP,USD
0000006091,CALL_CENTER,STANDARD,USD
0000006092,WEB,STANDARD,USD
0000006093,MOBILE_APP,STANDARD,USD
0000006094,MOBILE_APP,EXPRESS,USD
0000006095,WEB,STANDARD,USD
0000006096,WEB,PICKUP,USD
0000006097,MOBILE_APP,STANDARD,USD
0000006098,MOBILE_APP,STANDARD,USD
0000006099,WEB,STANDARD,USD
0000006100,WEB,STANDARD,USD
0000006101,MOBILE_APP,STANDARD,USD
0000006102,WEB,STANDARD,USD
0000006103,WEB,STANDARD,USD
0000006104,MOBILE_APP,STANDARD,USD
0000006105,WEB,STANDARD,USD
0000006106,MOBILE_APP,PICKUP,USD
0000006107,MOBILE_APP,STANDARD,USD
0000006108,WEB,STANDARD,USD
0000006109,WEB,EXPRESS,USD
0000006110,WEB,STANDARD,USD
0000006111,WEB,STANDARD,USD
0000006112,MOBILE_APP,STANDARD,USD
0000006113,WEB,PICKUP,USD
0000006114,WEB,STANDARD,USD
0000006115,MOBILE_APP,EXPRESS,USD
0000006116,MOBILE_APP,STANDARD,USD
0000006117,WEB,STANDARD,USD
0000006118,CALL_CENTER,EXPRESS,USD
0000006119,CALL_CENTER,STANDARD,USD
0000006120,MOBILE_APP,STANDARD,USD
0000006121,WEB,EXPRESS,USD
0000006122,WEB,STANDARD,USD
0000006123,WEB,EXPRESS,USD
0000006124,CALL_CENTER,STANDARD,USD
0000006125,MOBILE_APP,STANDARD,USD
0000006126,MOBILE_APP,STANDARD,USD
0000006127,MOBILE_APP,STANDARD,USD
0000006128,WEB,STANDARD,USD
0000006129,WEB,STANDARD,USD
0000006130,WEB,STANDARD,USD
0000006131,WEB,STANDARD,USD
0000006132,MOBILE_APP,STANDARD,USD
0000006133,MOBILE_APP,STANDARD,USD
0000006134,MOBILE_APP,STANDARD,USD
0000006135,WEB,STANDARD,USD
0000006136,WEB,STANDARD,USD
0000006137,MOBILE_APP,STANDARD,USD
0000006138,WEB,EXPRESS,USD
0000006139,MOBILE_APP,PICKUP,USD
0000006140,MOBILE_APP,EXPRESS,USD
0000006141,MOBILE_APP,STANDARD,USD
0000006142,MOBILE_APP,PICKUP,USD
0000006143,WEB,EXPRESS,USD
0000006144,MOBILE_APP,STANDARD,USD
0000006145,WEB,STANDARD,USD
0000006146,MOBILE_APP,PICKUP,USD
0000006147,WEB,STANDARD,USD
0000006148,MOBILE_APP,EXPRESS,USD
0000006149,MOBILE_APP,STANDARD,USD
0000006150,WEB,STANDARD,USD
0000006151,WEB,STANDARD,USD
0000006152,MOBILE_APP,EXPRESS,USD
0000006153,WEB,PICKUP,USD
0000006154,WEB,STANDARD,USD
0000006155,WEB,STANDARD,USD
0000006156,WEB,EXPRESS,USD
0000006157,MOBILE_APP,STANDARD,USD
0000006158,MOBILE_APP,STANDARD,USD
0000006159,WEB,STANDARD,USD
0000006160,MOBILE_APP,STANDARD,USD
0000006161,WEB,STANDARD,USD
0000006162,WEB,STANDARD,USD
0000006163,WEB,STANDARD,USD
0000006164,MOBILE_APP,EXPRESS,USD
0000006165,WEB,STANDARD,USD
0000006166,MOBILE_APP,STANDARD,USD
0000006167,CALL_CENTER,EXPRESS,USD
0000006168,WEB,STANDARD,USD
0000006169,WEB,PICKUP,USD
0000006170,WEB,EXPRESS,USD
0000006171,MOBILE_APP,EXPRESS,USD
0000006172,MOBILE_APP,STANDARD,USD
0000006173,WEB,EXPRESS,USD
0000006174,MOBILE_APP,EXPRESS,USD
0000006175,MOBILE_APP,STANDARD,USD
0000006176,WEB,STANDARD,USD
0000006177,WEB,STANDARD,USD
0000006178,WEB,EXPRESS,USD
0000006179,WEB,STANDARD,USD
0000006180,WEB,STANDARD,USD
0000006181,WEB,PICKUP,USD
0000006182,MOBILE_APP,STANDARD,USD
0000006183,WEB,EXPRESS,USD
0000006184,MOBILE_APP,STANDARD,USD
0000006185,WEB,EXPRESS,USD
0000006186,WEB,STANDARD,USD
0000006187,MOBILE_APP,STANDARD,USD
0000006188,MOBILE_APP,STANDARD,USD
0000006189,MOBILE_APP,STANDARD,USD
0000006190,MOBILE_APP,STANDARD,USD
0000006191,MOBILE_APP,STANDARD,USD
0000006192,MOBILE_APP,EXPRESS,USD
0000006193,MOBILE_APP,STANDARD,USD
0000006194,WEB,EXPRESS,USD
0000006195,WEB,PICKUP,USD
0000006196,WEB,STANDARD,USD
0000006197,WEB,STANDARD,USD
0000006198,WEB,STANDARD,USD
0000006199,MOBILE_APP,STANDARD,USD
0000006200,MOBILE_APP,EXPRESS,USD
0000006201,WEB,STANDARD,USD
0000006202,WEB,EXPRESS,USD
0000006203,CALL_CENTER,STANDARD,USD
0000006204,WEB,STANDARD,USD
0000006205,WEB,STANDARD,USD
0000006206,WEB,STANDARD,USD
0000006207,CALL_CENTER,STANDARD,USD
0000006208,WEB,PICKUP,USD
0000006209,MOBILE_APP,EXPRESS,USD
0000006210,MOBILE_APP,PICKUP,USD
0000006211,WEB,STANDARD,USD
0000006212,WEB,PICKUP,USD
0000006213,WEB,EXPRESS,USD
0000006214,WEB,PICKUP,USD
0000006215,WEB,STANDARD,USD
0000006216,MOBILE_APP,STANDARD,USD
0000006217,WEB,EXPRESS,USD
0000006218,MOBILE_APP,STANDARD,USD
0000006219,WEB,PICKUP,USD
0000006220,MOBILE_APP,STANDARD,USD
0000006221,MOBILE_APP,STANDARD,USD
0000006222,WEB,EXPRESS,USD
0000006223,WEB,PICKUP,USD
0000006224,WEB,STANDARD,USD
0000006225,MOBILE_APP,STANDARD,USD
0000006226,WEB,PICKUP,USD
0000006227,MOBILE_APP,EXPRESS,USD
0000006228,WEB,STANDARD,USD
0000006229,WEB,STANDARD,USD
0000006230,WEB,PICKUP,USD
0000006231,MOBILE_APP,PICKUP,USD
0000006232,MOBILE_APP,STANDARD,USD
0000006233,CALL_CENTER,STANDARD,USD
0000006234,WEB,STANDARD,USD
0000006235,WEB,EXPRESS,USD
0000006236,WEB,STANDARD,USD
0000006237,WEB,PICKUP,USD
0000006238,MOBILE_APP,STANDARD,USD
0000006239,WEB,STANDARD,USD
0000006240,MOBILE_APP,STANDARD,USD
0000006241,MOBILE_APP,EXPRESS,USD
0000006242,WEB,STANDARD,USD
0000006243,MOBILE_APP,EXPRESS,USD
0000006244,WEB,STANDARD,USD
0000006245,MOBILE_APP,STANDARD,USD
0000006246,WEB,EXPRESS,USD
0000006247,MOBILE_APP,STANDARD,USD
0000006248,WEB,PICKUP,USD
0000006249,WEB,STANDARD,USD
0000006250,CALL_CENTER,STANDARD,USD
0000006251,WEB,EXPRESS,USD
0000006252,WEB,PICKUP,USD
0000006253,CALL_CENTER,STANDARD,USD
0000006254,WEB,STANDARD,USD
0000006255,WEB,STANDARD,USD
0000006256,WEB,STANDARD,USD
0000006257,WEB,STANDARD,USD
0000006258,MOBILE_APP,EXPRESS,USD
0000006259,CALL_CENTER,STANDARD,USD
0000006260,MOBILE_APP,EXPRESS,USD
0000006261,MOBILE_APP,STANDARD,USD
0000006262,WEB,STANDARD,USD
0000006263,CALL_CENTER,STANDARD,USD
0000006264,WEB,STANDARD,USD
0000006265,MOBILE_APP,STANDARD,USD
0000006266,WEB,STANDARD,USD
0000006267,MOBILE_APP,STANDARD,USD
0000006268,MOBILE_APP,STANDARD,USD
0000006269,WEB,STANDARD,USD
0000006270,WEB,EXPRESS,USD
0000006271,MOBILE_APP,STANDARD,USD
0000006272,WEB,STANDARD,USD
0000006273,MOBILE_APP,STANDARD,USD
0000006274,WEB,STANDARD,USD
0000006275,MOBILE_APP,STANDARD,USD
0000006276,MOBILE_APP,STANDARD,USD
0000006277,MOBILE_APP,STANDARD,USD
0000006278,MOBILE_APP,STANDARD,USD
0000006279,MOBILE_APP,STANDARD,USD
0000006280,CALL_CENTER,STANDARD,USD
0000006281,MOBILE_APP,STANDARD,USD
0000006282,MOBILE_APP,STANDARD,USD
0000006283,MOBILE_APP,STANDARD,USD
0000006284,MOBILE_APP,PICKUP,USD
0000006285,MOBILE_APP,STANDARD,USD
0000006286,WEB,STANDARD,USD
0000006287,MOBILE_APP,EXPRESS,USD
0000006288,MOBILE_APP,STANDARD,USD
0000006289,MOBILE_APP,STANDARD,USD
0000006290,WEB,STANDARD,USD
0000006291,WEB,STANDARD,USD
0000006292,WEB,STANDARD,USD
0000006293,WEB,STANDARD,USD
0000006294,WEB,EXPRESS,USD
0000006295,WEB,EXPRESS,USD
0000006296,MOBILE_APP,STANDARD,USD
0000006297,WEB,STANDARD,USD
0000006298,MOBILE_APP,STANDARD,USD
0000006299,MOBILE_APP,STANDARD,USD
0000006300,CALL_CENTER,STANDARD,USD
0000006301,WEB,STANDARD,USD
0000006302,WEB,STANDARD,USD
0000006303,WEB,STANDARD,USD
0000006304,MOBILE_APP,STANDARD,USD
0000006305,WEB,PICKUP,USD
0000006306,MOBILE_APP,STANDARD,USD
0000006307,WEB,STANDARD,USD
0000006308,WEB,STANDARD,USD
0000006309,MOBILE_APP,STANDARD,USD
0000006310,MOBILE_APP,STANDARD,USD
0000006311,WEB,STANDARD,USD
0000006312,WEB,STANDARD,USD
0000006313,CALL_CENTER,PICKUP,USD
0000006314,WEB,STANDARD,USD
0000006315,WEB,PICKUP,USD
0000006316,WEB,PICKUP,USD
0000006317,WEB,STANDARD,USD
0000006318,MOBILE_APP,STANDARD,USD
0000006319,MOBILE_APP,PICKUP,USD
0000006320,WEB,EXPRESS,USD
0000006321,WEB,STANDARD,USD
0000006322,MOBILE_APP,STANDARD,USD
0000006323,WEB,STANDARD,USD
0000006324,WEB,STANDARD,USD
0000006325,CALL_CENTER,STANDARD,USD
0000006326,WEB,STANDARD,USD
0000006327,MOBILE_APP,STANDARD,USD
0000006328,WEB,PICKUP,USD
0000006329,WEB,STANDARD,USD
0000006330,WEB,STANDARD,USD
0000006331,MOBILE_APP,STANDARD,USD
0000006332,MOBILE_APP,STANDARD,USD
0000006333,MOBILE_APP,STANDARD,USD
0000006334,WEB,STANDARD,USD
0000006335,MOBILE_APP,EXPRESS,USD
0000006336,MOBILE_APP,STANDARD,USD
0000006337,MOBILE_APP,STANDARD,USD
0000006338,MOBILE_APP,STANDARD,USD
0000006339,MOBILE_APP,PICKUP,USD
0000006340,WEB,STANDARD,USD
0000006341,WEB,EXPRESS,USD
0000006342,CALL_CENTER,STANDARD,USD
0000006343,MOBILE_APP,EXPRESS,USD
0000006344,MOBILE_APP,PICKUP,USD
0000006345,WEB,STANDARD,USD
0000006346,MOBILE_APP,PICKUP,USD
0000006347,WEB,STANDARD,USD
0000006348,WEB,STANDARD,USD
0000006349,MOBILE_APP,STANDARD,USD
0000006350,WEB,EXPRESS,USD
0000006351,MOBILE_APP,STANDARD,USD
0000006352,MOBILE_APP,STANDARD,USD
0000006353,MOBILE_APP,STANDARD,USD
0000006354,MOBILE_APP,STANDARD,USD
0000006355,WEB,EXPRESS,USD
0000006356,WEB,STANDARD,USD
0000006357,MOBILE_APP,STANDARD,USD
0000006358,MOBILE_APP,STANDARD,USD
0000006359,MOBILE_APP,STANDARD,USD
0000006360,WEB,STANDARD,USD
0000006361,WEB,STANDARD,USD
0000006362,CALL_CENTER,PICKUP,USD
0000006363,WEB,STANDARD,USD
0000006364,WEB,EXPRESS,USD
0000006365,MOBILE_APP,STANDARD,USD
0000006366,WEB,STANDARD,USD
0000006367,WEB,EXPRESS,USD
0000006368,WEB,STANDARD,USD
0000006369,WEB,STANDARD,USD
0000006370,WEB,STANDARD,USD
0000006371,WEB,STANDARD,USD
0000006372,WEB,STANDARD,USD
0000006373,WEB,STANDARD,USD
0000006374,WEB,STANDARD,USD
0000006375,WEB,STANDARD,USD
0000006376,MOBILE_APP,EXPRESS,USD
0000006377,MOBILE_APP,STANDARD,USD
0000006378,WEB,STANDARD,USD
0000006379,MOBILE_APP,STANDARD,USD
0000006380,WEB,STANDARD,USD
0000006381,MOBILE_APP,EXPRESS,USD
0000006382,MOBILE_APP,STANDARD,USD
0000006383,WEB,STANDARD,USD
0000006384,MOBILE_APP,PICKUP,USD
0000006385,WEB,STANDARD,USD
0000006386,MOBILE_APP,PICKUP,USD
0000006387,WEB,PICKUP,USD
0000006388,MOBILE_APP,STANDARD,USD
0000006389,MOBILE_APP,STANDARD,USD
0000006390,MOBILE_APP,EXPRESS,USD
0000006391,CALL_CENTER,EXPRESS,USD
0000006392,MOBILE_APP,STANDARD,USD
0000006393,WEB,STANDARD,USD
0000006394,WEB,PICKUP,USD
0000006395,WEB,STANDARD,USD
0000006396,WEB,STANDARD,USD
0000006397,WEB,STANDARD,USD
0000006398,MOBILE_APP,STANDARD,USD
0000006399,CALL_CENTER,STANDARD,USD
0000006400,MOBILE_APP,EXPRESS,USD
0000006401,MOBILE_APP,STANDARD,USD
0000006402,MOBILE_APP,STANDARD,USD
0000006403,MOBILE_APP,EXPRESS,USD
0000006404,MOBILE_APP,EXPRESS,USD
0000006405,WEB,STANDARD,USD
0000006406,MOBILE_APP,STANDARD,USD
0000006407,WEB,EXPRESS,USD
0000006408,MOBILE_APP,PICKUP,USD
0000006409,WEB,EXPRESS,USD
0000006410,WEB,EXPRESS,USD
0000006411,MOBILE_APP,STANDARD,USD
0000006412,MOBILE_APP,STANDARD,USD
0000006413,WEB,EXPRESS,USD
0000006414,MOBILE_APP,EXPRESS,USD
0000006415,MOBILE_APP,STANDARD,USD
0000006416,CALL_CENTER,STANDARD,USD
0000006417,WEB,STANDARD,USD
0000006418,WEB,STANDARD,USD
0000006419,WEB,STANDARD,USD
0000006420,WEB,STANDARD,USD
0000006421,MOBILE_APP,STANDARD,USD
0000006422,MOBILE_APP,EXPRESS,USD
0000006423,MOBILE_APP,STANDARD,USD
0000006424,MOBILE_APP,STANDARD,USD
0000006425,MOBILE_APP,STANDARD,USD
0000006426,WEB,STANDARD,USD
0000006427,MOBILE_APP,PICKUP,USD
0000006428,WEB,STANDARD,USD
0000006429,MOBILE_APP,STANDARD,USD
0000006430,MOBILE_APP,STANDARD,USD
0000006431,WEB,PICKUP,USD
0000006432,CALL_CENTER,STANDARD,USD
0000006433,WEB,STANDARD,USD
0000006434,WEB,STANDARD,USD
0000006435,WEB,EXPRESS,USD
0000006436,WEB,EXPRESS,USD
0000006437,WEB,STANDARD,USD
0000006438,WEB,STANDARD,USD
0000006439,WEB,STANDARD,USD
0000006440,WEB,STANDARD,USD
0000006441,MOBILE_APP,STANDARD,USD
0000006442,WEB,EXPRESS,USD
0000006443,WEB,PICKUP,USD
0000006444,MOBILE_APP,STANDARD,USD
0000006445,WEB,STANDARD,USD
0000006446,WEB,STANDARD,USD
0000006447,WEB,STANDARD,USD
0000006448,MOBILE_APP,STANDARD,USD
0000006449,CALL_CENTER,EXPRESS,USD
0000006450,WEB,STANDARD,USD
0000006451,WEB,EXPRESS,USD
0000006452,WEB,EXPRESS,USD
0000006453,WEB,STANDARD,USD
0000006454,MOBILE_APP,EXPRESS,USD
0000006455,WEB,STANDARD,USD
0000006456,WEB,STANDARD,USD
0000006457,MOBILE_APP,EXPRESS,USD
0000006458,MOBILE_APP,STANDARD,USD
0000006459,MOBILE_APP,PICKUP,USD
0000006460,MOBILE_APP,PICKUP,USD
0000006461,MOBILE_APP,STANDARD,USD
0000006462,MOBILE_APP,STANDARD,USD
0000006463,WEB,PICKUP,USD
0000006464,WEB,STANDARD,USD
0000006465,CALL_CENTER,PICKUP,USD
0000006466,WEB,STANDARD,USD
0000006467,WEB,STANDARD,USD
0000006468,WEB,STANDARD,USD
0000006469,WEB,STANDARD,USD
0000006470,WEB,STANDARD,USD
0000006471,WEB,STANDARD,USD
0000006472,WEB,STANDARD,USD
0000006473,MOBILE_APP,PICKUP,USD
0000006474,WEB,STANDARD,USD
0000006475,WEB,EXPRESS,USD
0000006476,MOBILE_APP,EXPRESS,USD
0000006477,MOBILE_APP,STANDARD,USD
0000006478,WEB,EXPRESS,USD
0000006479,WEB,STANDARD,USD
0000006480,MOBILE_APP,STANDARD,USD
0000006481,WEB,STANDARD,USD
0000006482,MOBILE_APP,STANDARD,USD
0000006483,MOBILE_APP,EXPRESS,USD
0000006484,WEB,STANDARD,USD
0000006485,MOBILE_APP,STANDARD,USD
0000006486,WEB,STANDARD,USD
0000006487,WEB,STANDARD,USD
0000006488,MOBILE_APP,STANDARD,USD
0000006489,CALL_CENTER,STANDARD,USD
0000006490,MOBILE_APP,STANDARD,USD
0000006491,MOBILE_APP,PICKUP,USD
0000006492,WEB,STANDARD,USD
0000006493,MOBILE_APP,STANDARD,USD
0000006494,WEB,STANDARD,USD
0000006495,WEB,STANDARD,USD
0000006496,MOBILE_APP,STANDARD,USD
0000006497,WEB,PICKUP,USD
0000006498,WEB,STANDARD,USD
0000006499,WEB,EXPRESS,USD
0000006500,WEB,EXPRESS,USD
0000006501,WEB,STANDARD,USD
0000006502,MOBILE_APP,STANDARD,USD
0000006503,MOBILE_APP,STANDARD,USD
0000006504,MOBILE_APP,PICKUP,USD
0000006505,MOBILE_APP,STANDARD,USD
0000006506,WEB,STANDARD,USD
0000006507,WEB,EXPRESS,USD
0000006508,WEB,EXPRESS,USD
0000006509,MOBILE_APP,STANDARD,USD
0000006510,WEB,STANDARD,USD
0000006511,MOBILE_APP,PICKUP,USD
0000006512,MOBILE_APP,EXPRESS,USD
0000006513,WEB,EXPRESS,USD
0000006514,MOBILE_APP,STANDARD,USD
0000006515,MOBILE_APP,STANDARD,USD
0000006516,MOBILE_APP,STANDARD,USD
0000006517,WEB,STANDARD,USD
0000006518,WEB,EXPRESS,USD
0000006519,WEB,STANDARD,USD
0000006520,CALL_CENTER,STANDARD,USD
0000006521,MOBILE_APP,EXPRESS,USD
0000006522,MOBILE_APP,STANDARD,USD
0000006523,WEB,EXPRESS,USD
0000006524,CALL_CENTER,STANDARD,USD
0000006525,MOBILE_APP,STANDARD,USD
0000006526,WEB,STANDARD,USD
0000006527,WEB,STANDARD,USD
0000006528,MOBILE_APP,EXPRESS,USD
0000006529,MOBILE_APP,STANDARD,USD
0000006530,MOBILE_APP,STANDARD,USD
0000006531,WEB,PICKUP,USD
0000006532,CALL_CENTER,PICKUP,USD
0000006533,MOBILE_APP,STANDARD,USD
0000006534,WEB,STANDARD,USD
0000006535,WEB,EXPRESS,USD
0000006536,MOBILE_APP,STANDARD,USD
0000006537,CALL_CENTER,EXPRESS,USD
0000006538,WEB,STANDARD,USD
0000006539,WEB,STANDARD,USD
0000006540,WEB,STANDARD,USD
0000006541,WEB,EXPRESS,USD
0000006542,MOBILE_APP,STANDARD,USD
0000006543,MOBILE_APP,EXPRESS,USD
0000006544,WEB,STANDARD,USD
0000006545,CALL_CENTER,STANDARD,USD
0000006546,MOBILE_APP,STANDARD,USD
0000006547,WEB,STANDARD,USD
0000006548,CALL_CENTER,STANDARD,USD
0000006549,CALL_CENTER,EXPRESS,USD
0000006550,MOBILE_APP,STANDARD,USD
0000006551,MOBILE_APP,STANDARD,USD
0000006552,MOBILE_APP,PICKUP,USD
0000006553,MOBILE_APP,STANDARD,USD
0000006554,WEB,STANDARD,USD
0000006555,WEB,STANDARD,USD
0000006556,MOBILE_APP,EXPRESS,USD
0000006557,WEB,STANDARD,USD
0000006558,MOBILE_APP,STANDARD,USD
0000006559,MOBILE_APP,STANDARD,USD
0000006560,MOBILE_APP,STANDARD,USD
0000006561,WEB,PICKUP,USD
0000006562,WEB,STANDARD,USD
0000006563,WEB,STANDARD,USD
0000006564,WEB,EXPRESS,USD
0000006565,MOBILE_APP,STANDARD,USD
0000006566,WEB,PICKUP,USD
0000006567,WEB,STANDARD,USD
0000006568,MOBILE_APP,PICKUP,USD
0000006569,WEB,STANDARD,USD
0000006570,WEB,STANDARD,USD
0000006571,WEB,STANDARD,USD
0000006572,WEB,STANDARD,USD
0000006573,MOBILE_APP,STANDARD,USD
0000006574,WEB,STANDARD,USD
0000006575,WEB,STANDARD,USD
0000006576,WEB,PICKUP,USD
0000006577,WEB,STANDARD,USD
0000006578,MOBILE_APP,STANDARD,USD
0000006579,MOBILE_APP,STANDARD,USD
0000006580,MOBILE_APP,EXPRESS,USD
0000006581,WEB,STANDARD,USD
0000006582,CALL_CENTER,EXPRESS,USD
0000006583,WEB,STANDARD,USD
0000006584,MOBILE_APP,STANDARD,USD
0000006585,WEB,STANDARD,USD
0000006586,CALL_CENTER,STANDARD,USD
0000006587,MOBILE_APP,PICKUP,USD
0000006588,WEB,STANDARD,USD
0000006589,MOBILE_APP,EXPRESS,USD
0000006590,WEB,STANDARD,USD
0000006591,MOBILE_APP,PICKUP,USD
0000006592,WEB,STANDARD,USD
0000006593,CALL_CENTER,STANDARD,USD
0000006594,WEB,STANDARD,USD
0000006595,WEB,STANDARD,USD
0000006596,WEB,STANDARD,USD
0000006597,WEB,PICKUP,USD
0000006598,WEB,STANDARD,USD
0000006599,CALL_CENTER,STANDARD,USD
0000006600,MOBILE_APP,STANDARD,USD
0000006601,WEB,STANDARD,USD
0000006602,WEB,STANDARD,USD
0000006603,MOBILE_APP,STANDARD,USD
0000006604,WEB,EXPRESS,USD
0000006605,WEB,EXPRESS,USD
0000006606,MOBILE_APP,STANDARD,USD
0000006607,WEB,STANDARD,USD
0000006608,WEB,STANDARD,USD
0000006609,WEB,STANDARD,USD
0000006610,WEB,EXPRESS,USD
0000006611,WEB,STANDARD,USD
0000006612,WEB,STANDARD,USD
0000006613,WEB,EXPRESS,USD
0000006614,MOBILE_APP,STANDARD,USD
0000006615,CALL_CENTER,STANDARD,USD
0000006616,MOBILE_APP,EXPRESS,USD
0000006617,WEB,PICKUP,USD
0000006618,CALL_CENTER,PICKUP,USD
0000006619,WEB,PICKUP,USD
0000006620,MOBILE_APP,PICKUP,USD
0000006621,WEB,STANDARD,USD
0000006622,WEB,STANDARD,USD
0000006623,WEB,STANDARD,USD
0000006624,MOBILE_APP,STANDARD,USD
0000006625,MOBILE_APP,STANDARD,USD
0000006626,MOBILE_APP,STANDARD,USD
0000006627,WEB,EXPRESS,USD
0000006628,WEB,PICKUP,USD
0000006629,WEB,STANDARD,USD
0000006630,WEB,STANDARD,USD
0000006631,WEB,EXPRESS,USD
0000006632,MOBILE_APP,EXPRESS,USD
0000006633,CALL_CENTER,EXPRESS,USD
0000006634,MOBILE_APP,STANDARD,USD
0000006635,WEB,STANDARD,USD
0000006636,MOBILE_APP,STANDARD,USD
0000006637,MOBILE_APP,EXPRESS,USD
0000006638,WEB,EXPRESS,USD
0000006639,WEB,STANDARD,USD
0000006640,MOBILE_APP,STANDARD,USD
0000006641,WEB,STANDARD,USD
0000006642,MOBILE_APP,EXPRESS,USD
0000006643,MOBILE_APP,EXPRESS,USD
0000006644,MOBILE_APP,EXPRESS,USD
0000006645,MOBILE_APP,STANDARD,USD
0000006646,MOBILE_APP,STANDARD,USD
0000006647,WEB,STANDARD,USD
0000006648,WEB,STANDARD,USD
0000006649,MOBILE_APP,STANDARD,USD
0000006650,WEB,STANDARD,USD
0000006651,MOBILE_APP,PICKUP,USD
0000006652,WEB,STANDARD,USD
0000006653,WEB,STANDARD,USD
0000006654,MOBILE_APP,STANDARD,USD
0000006655,WEB,STANDARD,USD
0000006656,WEB,EXPRESS,USD
0000006657,MOBILE_APP,EXPRESS,USD
0000006658,WEB,EXPRESS,USD
0000006659,WEB,EXPRESS,USD
0000006660,WEB,STANDARD,USD
0000006661,WEB,STANDARD,USD
0000006662,WEB,PICKUP,USD
0000006663,WEB,STANDARD,USD
0000006664,WEB,EXPRESS,USD
0000006665,WEB,EXPRESS,USD
0000006666,MOBILE_APP,STANDARD,USD
0000006667,WEB,STANDARD,USD
0000006668,MOBILE_APP,EXPRESS,USD
0000006669,MOBILE_APP,STANDARD,USD
0000006670,WEB,EXPRESS,USD
0000006671,MOBILE_APP,EXPRESS,USD
0000006672,MOBILE_APP,STANDARD,USD
0000006673,WEB,STANDARD,USD
0000006674,MOBILE_APP,STANDARD,USD
0000006675,WEB,STANDARD,USD
0000006676,WEB,STANDARD,USD
0000006677,MOBILE_APP,EXPRESS,USD
0000006678,WEB,STANDARD,USD
0000006679,CALL_CENTER,STANDARD,USD
0000006680,WEB,STANDARD,USD
0000006681,WEB,STANDARD,USD
0000006682,MOBILE_APP,STANDARD,USD
0000006683,WEB,STANDARD,USD
0000006684,MOBILE_APP,EXPRESS,USD
0000006685,WEB,EXPRESS,USD
0000006686,CALL_CENTER,STANDARD,USD
0000006687,WEB,STANDARD,USD
0000006688,MOBILE_APP,PICKUP,USD
0000006689,WEB,STANDARD,USD
0000006690,WEB,STANDARD,USD
0000006691,MOBILE_APP,STANDARD,USD
0000006692,WEB,EXPRESS,USD
0000006693,MOBILE_APP,STANDARD,USD
0000006694,MOBILE_APP,PICKUP,USD
0000006695,CALL_CENTER,STANDARD,USD
0000006696,WEB,STANDARD,USD
0000006697,MOBILE_APP,STANDARD,USD
0000006698,MOBILE_APP,STANDARD,USD
0000006699,WEB,STANDARD,USD
0000006700,MOBILE_APP,PICKUP,USD
0000006701,MOBILE_APP,STANDARD,USD
0000006702,MOBILE_APP,STANDARD,USD
0000006703,MOBILE_APP,STANDARD,USD
0000006704,WEB,STANDARD,USD
0000006705,WEB,PICKUP,USD
0000006706,WEB,EXPRESS,USD
0000006707,WEB,STANDARD,USD
0000006708,WEB,PICKUP,USD
0000006709,WEB,EXPRESS,USD
0000006710,WEB,PICKUP,USD
0000006711,MOBILE_APP,PICKUP,USD
0000006712,WEB,STANDARD,USD
0000006713,WEB,EXPRESS,USD
0000006714,WEB,STANDARD,USD
0000006715,WEB,STANDARD,USD
0000006716,MOBILE_APP,STANDARD,USD
0000006717,WEB,STANDARD,USD
0000006718,MOBILE_APP,EXPRESS,USD
0000006719,WEB,STANDARD,USD
0000006720,MOBILE_APP,EXPRESS,USD
0000006721,WEB,STANDARD,USD
0000006722,WEB,STANDARD,USD
0000006723,MOBILE_APP,STANDARD,USD
0000006724,MOBILE_APP,STANDARD,USD
0000006725,MOBILE_APP,STANDARD,USD
0000006726,WEB,EXPRESS,USD
0000006727,WEB,STANDARD,USD
0000006728,WEB,PICKUP,USD
0000006729,WEB,EXPRESS,USD
0000006730,MOBILE_APP,STANDARD,USD
0000006731,MOBILE_APP,STANDARD,USD
0000006732,MOBILE_APP,STANDARD,USD
0000006733,WEB,STANDARD,USD
0000006734,MOBILE_APP,STANDARD,USD
0000006735,WEB,STANDARD,USD
0000006736,WEB,STANDARD,USD
0000006737,MOBILE_APP,STANDARD,USD
0000006738,MOBILE_APP,STANDARD,USD
0000006739,WEB,EXPRESS,USD
0000006740,MOBILE_APP,EXPRESS,USD
0000006741,MOBILE_APP,STANDARD,USD
0000006742,MOBILE_APP,PICKUP,USD
0000006743,MOBILE_APP,STANDARD,USD
0000006744,WEB,STANDARD,USD
0000006745,WEB,STANDARD,USD
0000006746,MOBILE_APP,STANDARD,USD
0000006747,MOBILE_APP,STANDARD,USD
0000006748,WEB,STANDARD,USD
0000006749,MOBILE_APP,STANDARD,USD
0000006750,MOBILE_APP,EXPRESS,USD
0000006751,MOBILE_APP,STANDARD,USD
0000006752,WEB,STANDARD,USD
0000006753,WEB,STANDARD,USD
0000006754,MOBILE_APP,STANDARD,USD
0000006755,MOBILE_APP,STANDARD,USD
0000006756,MOBILE_APP,STANDARD,USD
0000006757,MOBILE_APP,STANDARD,USD
0000006758,MOBILE_APP,EXPRESS,USD
0000006759,MOBILE_APP,STANDARD,USD
0000006760,MOBILE_APP,STANDARD,USD
0000006761,CALL_CENTER,STANDARD,USD
0000006762,WEB,STANDARD,USD
0000006763,MOBILE_APP,STANDARD,USD
0000006764,WEB,STANDARD,USD
0000006765,MOBILE_APP,STANDARD,USD
0000006766,WEB,EXPRESS,USD
0000006767,WEB,PICKUP,USD
0000006768,WEB,STANDARD,USD
0000006769,MOBILE_APP,STANDARD,USD
0000006770,MOBILE_APP,STANDARD,USD
0000006771,WEB,STANDARD,USD
0000006772,WEB,STANDARD,USD
0000006773,WEB,STANDARD,USD
0000006774,WEB,EXPRESS,USD
0000006775,WEB,STANDARD,USD
0000006776,WEB,STANDARD,USD
0000006777,MOBILE_APP,STANDARD,USD
0000006778,MOBILE_APP,STANDARD,USD
0000006779,MOBILE_APP,STANDARD,USD
0000006780,MOBILE_APP,STANDARD,USD
0000006781,CALL_CENTER,STANDARD,USD
0000006782,MOBILE_APP,STANDARD,USD
0000006783,WEB,STANDARD,USD
0000006784,WEB,STANDARD,USD
0000006785,WEB,STANDARD,USD
0000006786,MOBILE_APP,STANDARD,USD
0000006787,MOBILE_APP,PICKUP,USD
0000006788,WEB,STANDARD,USD
0000006789,WEB,STANDARD,USD
0000006790,MOBILE_APP,STANDARD,USD
0000006791,MOBILE_APP,PICKUP,USD
0000006792,WEB,STANDARD,USD
0000006793,WEB,PICKUP,USD
0000006794,MOBILE_APP,EXPRESS,USD
0000006795,CALL_CENTER,STANDARD,USD
0000006796,WEB,EXPRESS,USD
0000006797,WEB,STANDARD,USD
0000006798,WEB,PICKUP,USD
0000006799,MOBILE_APP,EXPRESS,USD
0000006800,MOBILE_APP,STANDARD,USD
0000006801,WEB,EXPRESS,USD
0000006802,MOBILE_APP,EXPRESS,USD
0000006803,WEB,STANDARD,USD
0000006804,MOBILE_APP,STANDARD,USD
0000006805,MOBILE_APP,STANDARD,USD
0000006806,MOBILE_APP,STANDARD,USD
0000006807,WEB,PICKUP,USD
0000006808,WEB,STANDARD,USD
0000006809,MOBILE_APP,STANDARD,USD
0000006810,WEB,PICKUP,USD
0000006811,WEB,PICKUP,USD
0000006812,WEB,STANDARD,USD
0000006813,WEB,STANDARD,USD
0000006814,WEB,STANDARD,USD
0000006815,CALL_CENTER,STANDARD,USD
0000006816,WEB,STANDARD,USD
0000006817,WEB,STANDARD,USD
0000006818,WEB,STANDARD,USD
0000006819,WEB,PICKUP,USD
0000006820,MOBILE_APP,STANDARD,USD
0000006821,MOBILE_APP,PICKUP,USD
0000006822,WEB,STANDARD,USD
0000006823,WEB,STANDARD,USD
0000006824,MOBILE_APP,STANDARD,USD
0000006825,WEB,STANDARD,USD
0000006826,WEB,PICKUP,USD
0000006827,WEB,STANDARD,USD
0000006828,MOBILE_APP,STANDARD,USD
0000006829,WEB,STANDARD,USD
0000006830,WEB,EXPRESS,USD
0000006831,MOBILE_APP,STANDARD,USD
0000006832,WEB,STANDARD,USD
0000006833,WEB,STANDARD,USD
0000006834,MOBILE_APP,STANDARD,USD
0000006835,WEB,STANDARD,USD
0000006836,WEB,EXPRESS,USD
0000006837,MOBILE_APP,STANDARD,USD
0000006838,WEB,EXPRESS,USD
0000006839,WEB,STANDARD,USD
0000006840,WEB,EXPRESS,USD
0000006841,WEB,STANDARD,USD
0000006842,WEB,STANDARD,USD
0000006843,WEB,STANDARD,USD
0000006844,WEB,STANDARD,USD
0000006845,MOBILE_APP,EXPRESS,USD
0000006846,MOBILE_APP,PICKUP,USD
0000006847,MOBILE_APP,STANDARD,USD
0000006848,WEB,EXPRESS,USD
0000006849,WEB,STANDARD,USD
0000006850,WEB,STANDARD,USD
0000006851,MOBILE_APP,EXPRESS,USD
0000006852,WEB,EXPRESS,USD
0000006853,WEB,STANDARD,USD
0000006854,WEB,PICKUP,USD
0000006855,MOBILE_APP,STANDARD,USD
0000006856,WEB,STANDARD,USD
0000006857,MOBILE_APP,EXPRESS,USD
0000006858,MOBILE_APP,STANDARD,USD
0000006859,WEB,EXPRESS,USD
0000006860,MOBILE_APP,STANDARD,USD
0000006861,MOBILE_APP,STANDARD,USD
0000006862,WEB,PICKUP,USD
0000006863,MOBILE_APP,PICKUP,USD
0000006864,WEB,STANDARD,USD
0000006865,MOBILE_APP,STANDARD,USD
0000006866,MOBILE_APP,EXPRESS,USD
0000006867,MOBILE_APP,EXPRESS,USD
0000006868,WEB,EXPRESS,USD
0000006869,WEB,EXPRESS,USD
0000006870,MOBILE_APP,STANDARD,USD
0000006871,MOBILE_APP,STANDARD,USD
0000006872,MOBILE_APP,EXPRESS,USD
0000006873,MOBILE_APP,STANDARD,USD
0000006874,MOBILE_APP,STANDARD,USD
0000006875,WEB,STANDARD,USD
0000006876,WEB,STANDARD,USD
0000006877,MOBILE_APP,STANDARD,USD
0000006878,MOBILE_APP,STANDARD,USD
0000006879,WEB,EXPRESS,USD
0000006880,CALL_CENTER,STANDARD,USD
0000006881,WEB,EXPRESS,USD
0000006882,MOBILE_APP,EXPRESS,USD
0000006883,WEB,STANDARD,USD
0000006884,WEB,STANDARD,USD
0000006885,MOBILE_APP,STANDARD,USD
0000006886,WEB,STANDARD,USD
0000006887,WEB,PICKUP,USD
0000006888,WEB,STANDARD,USD
0000006889,MOBILE_APP,EXPRESS,USD
0000006890,WEB,STANDARD,USD
0000006891,MOBILE_APP,STANDARD,USD
0000006892,WEB,PICKUP,USD
0000006893,CALL_CENTER,PICKUP,USD
0000006894,MOBILE_APP,STANDARD,USD
0000006895,WEB,STANDARD,USD
0000006896,WEB,PICKUP,USD
0000006897,WEB,STANDARD,USD
0000006898,WEB,EXPRESS,USD
0000006899,WEB,EXPRESS,USD
0000006900,MOBILE_APP,EXPRESS,USD
0000006901,WEB,STANDARD,USD
0000006902,WEB,STANDARD,USD
0000006903,WEB,EXPRESS,USD
0000006904,MOBILE_APP,STANDARD,USD
0000006905,WEB,STANDARD,USD
0000006906,MOBILE_APP,PICKUP,USD
0000006907,WEB,STANDARD,USD
0000006908,MOBILE_APP,STANDARD,USD
0000006909,WEB,STANDARD,USD
0000006910,MOBILE_APP,PICKUP,USD
0000006911,MOBILE_APP,EXPRESS,USD
0000006912,MOBILE_APP,STANDARD,USD
0000006913,MOBILE_APP,STANDARD,USD
0000006914,MOBILE_APP,STANDARD,USD
0000006915,WEB,STANDARD,USD
0000006916,WEB,EXPRESS,USD
0000006917,WEB,STANDARD,USD
0000006918,MOBILE_APP,STANDARD,USD
0000006919,MOBILE_APP,STANDARD,USD
0000006920,WEB,STANDARD,USD
0000006921,WEB,STANDARD,USD
0000006922,WEB,STANDARD,USD
0000006923,MOBILE_APP,EXPRESS,USD
0000006924,MOBILE_APP,STANDARD,USD
0000006925,WEB,STANDARD,USD
0000006926,WEB,STANDARD,USD
0000006927,MOBILE_APP,STANDARD,USD
0000006928,MOBILE_APP,STANDARD,USD
0000006929,WEB,EXPRESS,USD
0000006930,WEB,STANDARD,USD
0000006931,MOBILE_APP,STANDARD,USD
0000006932,WEB,STANDARD,USD
0000006933,WEB,EXPRESS,USD
0000006934,CALL_CENTER,STANDARD,USD
0000006935,MOBILE_APP,PICKUP,USD
0000006936,WEB,STANDARD,USD
0000006937,WEB,EXPRESS,USD
0000006938,MOBILE_APP,STANDARD,USD
0000006939,WEB,STANDARD,USD
0000006940,WEB,PICKUP,USD
0000006941,WEB,STANDARD,USD
0000006942,MOBILE_APP,STANDARD,USD
0000006943,WEB,STANDARD,USD
0000006944,WEB,EXPRESS,USD
0000006945,WEB,STANDARD,USD
0000006946,WEB,STANDARD,USD
0000006947,WEB,EXPRESS,USD
0000006948,WEB,EXPRESS,USD
0000006949,WEB,PICKUP,USD
0000006950,WEB,EXPRESS,USD
0000006951,WEB,STANDARD,USD
0000006952,WEB,STANDARD,USD
0000006953,WEB,STANDARD,USD
0000006954,WEB,STANDARD,USD
0000006955,WEB,STANDARD,USD
0000006956,MOBILE_APP,STANDARD,USD
0000006957,MOBILE_APP,EXPRESS,USD
0000006958,WEB,STANDARD,USD
0000006959,WEB,EXPRESS,USD
0000006960,WEB,STANDARD,USD
0000006961,MOBILE_APP,STANDARD,USD
0000006962,MOBILE_APP,EXPRESS,USD
0000006963,WEB,STANDARD,USD
0000006964,CALL_CENTER,EXPRESS,USD
0000006965,WEB,STANDARD,USD
0000006966,MOBILE_APP,STANDARD,USD
0000006967,WEB,STANDARD,USD
0000006968,WEB,STANDARD,USD
0000006969,MOBILE_APP,STANDARD,USD
0000006970,WEB,STANDARD,USD
0000006971,WEB,STANDARD,USD
0000006972,WEB,STANDARD,USD
0000006973,MOBILE_APP,EXPRESS,USD
0000006974,WEB,EXPRESS,USD
0000006975,WEB,EXPRESS,USD
0000006976,MOBILE_APP,STANDARD,USD
0000006977,WEB,STANDARD,USD
0000006978,MOBILE_APP,STANDARD,USD
0000006979,WEB,EXPRESS,USD
0000006980,MOBILE_APP,PICKUP,USD
0000006981,MOBILE_APP,STANDARD,USD
0000006982,WEB,EXPRESS,USD
0000006983,WEB,STANDARD,USD
0000006984,WEB,STANDARD,USD
0000006985,MOBILE_APP,STANDARD,USD
0000006986,MOBILE_APP,STANDARD,USD
0000006987,MOBILE_APP,EXPRESS,USD
0000006988,WEB,STANDARD,USD
0000006989,MOBILE_APP,EXPRESS,USD
0000006990,WEB,EXPRESS,USD
0000006991,WEB,STANDARD,USD
0000006992,WEB,STANDARD,USD
0000006993,MOBILE_APP,STANDARD,USD
0000006994,CALL_CENTER,PICKUP,USD
0000006995,MOBILE_APP,STANDARD,USD
0000006996,MOBILE_APP,STANDARD,USD
0000006997,MOBILE_APP,STANDARD,USD
0000006998,WEB,STANDARD,USD
0000006999,WEB,STANDARD,USD
0000007000,WEB,STANDARD,USD
0000007001,MOBILE_APP,EXPRESS,USD
0000007002,MOBILE_APP,EXPRESS,USD
0000007003,MOBILE_APP,STANDARD,USD
0000007004,MOBILE_APP,STANDARD,USD
0000007005,MOBILE_APP,STANDARD,USD
0000007006,MOBILE_APP,EXPRESS,USD
0000007007,MOBILE_APP,EXPRESS,USD
0000007008,MOBILE_APP,STANDARD,USD
0000007009,WEB,STANDARD,USD
0000007010,WEB,EXPRESS,USD
0000007011,MOBILE_APP,STANDARD,USD
0000007012,WEB,PICKUP,USD
0000007013,WEB,EXPRESS,USD
0000007014,WEB,STANDARD,USD
0000007015,MOBILE_APP,STANDARD,USD
0000007016,WEB,STANDARD,USD
0000007017,WEB,STANDARD,USD
0000007018,WEB,STANDARD,USD
0000007019,WEB,EXPRESS,USD
0000007020,MOBILE_APP,PICKUP,USD
0000007021,MOBILE_APP,STANDARD,USD
0000007022,WEB,STANDARD,USD
0000007023,MOBILE_APP,STANDARD,USD
0000007024,WEB,STANDARD,USD
0000007025,CALL_CENTER,EXPRESS,USD
0000007026,MOBILE_APP,STANDARD,USD
0000007027,WEB,STANDARD,USD
0000007028,MOBILE_APP,STANDARD,USD
0000007029,WEB,STANDARD,USD
0000007030,WEB,STANDARD,USD
0000007031,WEB,EXPRESS,USD
0000007032,MOBILE_APP,STANDARD,USD
0000007033,CALL_CENTER,PICKUP,USD
0000007034,MOBILE_APP,STANDARD,USD
0000007035,MOBILE_APP,STANDARD,USD
0000007036,WEB,PICKUP,USD
0000007037,WEB,STANDARD,USD
0000007038,MOBILE_APP,STANDARD,USD
0000007039,MOBILE_APP,EXPRESS,USD
0000007040,WEB,STANDARD,USD
0000007041,WEB,PICKUP,USD
0000007042,WEB,STANDARD,USD
0000007043,MOBILE_APP,STANDARD,USD
0000007044,WEB,PICKUP,USD
0000007045,WEB,STANDARD,USD
0000007046,WEB,STANDARD,USD
0000007047,MOBILE_APP,EXPRESS,USD
0000007048,WEB,STANDARD,USD
0000007049,MOBILE_APP,STANDARD,USD
0000007050,MOBILE_APP,PICKUP,USD
0000007051,MOBILE_APP,EXPRESS,USD
0000007052,MOBILE_APP,STANDARD,USD
0000007053,MOBILE_APP,STANDARD,USD
0000007054,MOBILE_APP,STANDARD,USD
0000007055,WEB,STANDARD,USD
0000007056,WEB,STANDARD,USD
0000007057,WEB,STANDARD,USD
0000007058,MOBILE_APP,STANDARD,USD
0000007059,WEB,EXPRESS,USD
0000007060,WEB,PICKUP,USD
0000007061,WEB,STANDARD,USD
0000007062,WEB,STANDARD,USD
0000007063,MOBILE_APP,STANDARD,USD
0000007064,WEB,STANDARD,USD
0000007065,MOBILE_APP,EXPRESS,USD
0000007066,WEB,STANDARD,USD
0000007067,WEB,PICKUP,USD
0000007068,MOBILE_APP,STANDARD,USD
0000007069,WEB,EXPRESS,USD
0000007070,MOBILE_APP,STANDARD,USD
0000007071,WEB,STANDARD,USD
0000007072,MOBILE_APP,STANDARD,USD
0000007073,MOBILE_APP,STANDARD,USD
0000007074,WEB,STANDARD,USD
0000007075,WEB,STANDARD,USD
0000007076,MOBILE_APP,STANDARD,USD
0000007077,WEB,EXPRESS,USD
0000007078,MOBILE_APP,STANDARD,USD
0000007079,MOBILE_APP,STANDARD,USD
0000007080,WEB,STANDARD,USD
0000007081,WEB,STANDARD,USD
0000007082,MOBILE_APP,STANDARD,USD
0000007083,MOBILE_APP,STANDARD,USD
0000007084,WEB,EXPRESS,USD
0000007085,WEB,STANDARD,USD
0000007086,MOBILE_APP,EXPRESS,USD
0000007087,WEB,EXPRESS,USD
0000007088,WEB,PICKUP,USD
0000007089,WEB,STANDARD,USD
0000007090,MOBILE_APP,PICKUP,USD
0000007091,WEB,STANDARD,USD
0000007092,WEB,STANDARD,USD
0000007093,CALL_CENTER,PICKUP,USD
0000007094,CALL_CENTER,EXPRESS,USD
0000007095,WEB,STANDARD,USD
0000007096,WEB,STANDARD,USD
0000007097,WEB,STANDARD,USD
0000007098,WEB,STANDARD,USD
0000007099,WEB,EXPRESS,USD
0000007100,WEB,STANDARD,USD
0000007101,WEB,STANDARD,USD
0000007102,MOBILE_APP,STANDARD,USD
0000007103,WEB,PICKUP,USD
0000007104,MOBILE_APP,EXPRESS,USD
0000007105,WEB,EXPRESS,USD
0000007106,MOBILE_APP,STANDARD,USD
0000007107,WEB,STANDARD,USD
0000007108,WEB,STANDARD,USD
0000007109,MOBILE_APP,EXPRESS,USD
0000007110,WEB,PICKUP,USD
0000007111,WEB,STANDARD,USD
0000007112,WEB,EXPRESS,USD
0000007113,WEB,STANDARD,USD
0000007114,WEB,STANDARD,USD
0000007115,WEB,EXPRESS,USD
0000007116,MOBILE_APP,STANDARD,USD
0000007117,MOBILE_APP,EXPRESS,USD
0000007118,WEB,STANDARD,USD
0000007119,WEB,STANDARD,USD
0000007120,WEB,EXPRESS,USD
0000007121,CALL_CENTER,STANDARD,USD
0000007122,WEB,STANDARD,USD
0000007123,MOBILE_APP,STANDARD,USD
0000007124,WEB,STANDARD,USD
0000007125,WEB,PICKUP,USD
0000007126,WEB,EXPRESS,USD
0000007127,WEB,STANDARD,USD
0000007128,MOBILE_APP,STANDARD,USD
0000007129,WEB,PICKUP,USD
0000007130,MOBILE_APP,STANDARD,USD
0000007131,WEB,PICKUP,USD
0000007132,MOBILE_APP,STANDARD,USD
0000007133,MOBILE_APP,STANDARD,USD
0000007134,MOBILE_APP,EXPRESS,USD
0000007135,MOBILE_APP,STANDARD,USD
0000007136,WEB,PICKUP,USD
0000007137,MOBILE_APP,EXPRESS,USD
0000007138,WEB,STANDARD,USD
0000007139,WEB,STANDARD,USD
0000007140,WEB,EXPRESS,USD
0000007141,MOBILE_APP,STANDARD,USD
0000007142,MOBILE_APP,STANDARD,USD
0000007143,WEB,STANDARD,USD
0000007144,CALL_CENTER,EXPRESS,USD
0000007145,WEB,STANDARD,USD
0000007146,MOBILE_APP,STANDARD,USD
0000007147,WEB,PICKUP,USD
0000007148,WEB,EXPRESS,USD
0000007149,WEB,STANDARD,USD
0000007150,MOBILE_APP,STANDARD,USD
0000007151,MOBILE_APP,PICKUP,USD
0000007152,WEB,STANDARD,USD
0000007153,WEB,STANDARD,USD
0000007154,MOBILE_APP,STANDARD,USD
0000007155,MOBILE_APP,STANDARD,USD
0000007156,WEB,EXPRESS,USD
0000007157,MOBILE_APP,STANDARD,USD
0000007158,WEB,STANDARD,USD
0000007159,WEB,STANDARD,USD
0000007160,WEB,STANDARD,USD
0000007161,WEB,EXPRESS,USD
0000007162,MOBILE_APP,STANDARD,USD
0000007163,WEB,STANDARD,USD
0000007164,WEB,STANDARD,USD
0000007165,MOBILE_APP,STANDARD,USD
0000007166,MOBILE_APP,STANDARD,USD
0000007167,WEB,PICKUP,USD
0000007168,WEB,STANDARD,USD
0000007169,MOBILE_APP,PICKUP,USD
0000007170,CALL_CENTER,STANDARD,USD
0000007171,MOBILE_APP,EXPRESS,USD
0000007172,MOBILE_APP,STANDARD,USD
0000007173,WEB,STANDARD,USD
0000007174,MOBILE_APP,STANDARD,USD
0000007175,WEB,STANDARD,USD
0000007176,WEB,STANDARD,USD
0000007177,WEB,EXPRESS,USD
0000007178,MOBILE_APP,EXPRESS,USD
0000007179,WEB,STANDARD,USD
0000007180,WEB,PICKUP,USD
0000007181,MOBILE_APP,STANDARD,USD
0000007182,WEB,STANDARD,USD
0000007183,WEB,STANDARD,USD
0000007184,WEB,STANDARD,USD
0000007185,CALL_CENTER,PICKUP,USD
0000007186,MOBILE_APP,STANDARD,USD
0000007187,MOBILE_APP,STANDARD,USD
0000007188,WEB,STANDARD,USD
0000007189,WEB,STANDARD,USD
0000007190,WEB,STANDARD,USD
0000007191,MOBILE_APP,EXPRESS,USD
0000007192,WEB,STANDARD,USD
0000007193,WEB,PICKUP,USD
0000007194,WEB,EXPRESS,USD
0000007195,WEB,STANDARD,USD
0000007196,WEB,STANDARD,USD
0000007197,WEB,STANDARD,USD
0000007198,MOBILE_APP,STANDARD,USD
0000007199,MOBILE_APP,EXPRESS,USD
0000007200,MOBILE_APP,STANDARD,USD
0000007201,WEB,STANDARD,USD
0000007202,MOBILE_APP,PICKUP,USD
0000007203,WEB,STANDARD,USD
0000007204,WEB,STANDARD,USD
0000007205,MOBILE_APP,STANDARD,USD
0000007206,MOBILE_APP,STANDARD,USD
0000007207,MOBILE_APP,STANDARD,USD
0000007208,MOBILE_APP,STANDARD,USD
0000007209,MOBILE_APP,STANDARD,USD
0000007210,MOBILE_APP,EXPRESS,USD
0000007211,MOBILE_APP,STANDARD,USD
0000007212,WEB,EXPRESS,USD
0000007213,MOBILE_APP,STANDARD,USD
0000007214,WEB,STANDARD,USD
0000007215,MOBILE_APP,EXPRESS,USD
0000007216,WEB,PICKUP,USD
0000007217,MOBILE_APP,STANDARD,USD
0000007218,CALL_CENTER,STANDARD,USD
0000007219,WEB,STANDARD,USD
0000007220,WEB,STANDARD,USD
0000007221,WEB,STANDARD,USD
0000007222,MOBILE_APP,STANDARD,USD
0000007223,MOBILE_APP,STANDARD,USD
0000007224,WEB,STANDARD,USD
0000007225,MOBILE_APP,STANDARD,USD
0000007226,CALL_CENTER,STANDARD,USD
0000007227,WEB,STANDARD,USD
0000007228,MOBILE_APP,STANDARD,USD
0000007229,MOBILE_APP,STANDARD,USD
0000007230,WEB,PICKUP,USD
0000007231,MOBILE_APP,EXPRESS,USD
0000007232,MOBILE_APP,STANDARD,USD
0000007233,MOBILE_APP,STANDARD,USD
0000007234,CALL_CENTER,STANDARD,USD
0000007235,MOBILE_APP,EXPRESS,USD
0000007236,WEB,STANDARD,USD
0000007237,MOBILE_APP,STANDARD,USD
0000007238,MOBILE_APP,STANDARD,USD
0000007239,WEB,STANDARD,USD
0000007240,WEB,STANDARD,USD
0000007241,WEB,STANDARD,USD
0000007242,MOBILE_APP,STANDARD,USD
0000007243,WEB,STANDARD,USD
0000007244,MOBILE_APP,STANDARD,USD
0000007245,MOBILE_APP,STANDARD,USD
0000007246,WEB,STANDARD,USD
0000007247,WEB,STANDARD,USD
0000007248,WEB,PICKUP,USD
0000007249,WEB,PICKUP,USD
0000007250,WEB,EXPRESS,USD
0000007251,WEB,STANDARD,USD
0000007252,WEB,STANDARD,USD
0000007253,MOBILE_APP,PICKUP,USD
0000007254,WEB,STANDARD,USD
0000007255,MOBILE_APP,PICKUP,USD
0000007256,MOBILE_APP,STANDARD,USD
0000007257,MOBILE_APP,STANDARD,USD
0000007258,WEB,EXPRESS,USD
0000007259,WEB,STANDARD,USD
0000007260,WEB,STANDARD,USD
0000007261,WEB,STANDARD,USD
0000007262,WEB,PICKUP,USD
0000007263,WEB,STANDARD,USD
0000007264,WEB,STANDARD,USD
0000007265,WEB,STANDARD,USD
0000007266,MOBILE_APP,EXPRESS,USD
0000007267,MOBILE_APP,PICKUP,USD
0000007268,WEB,STANDARD,USD
0000007269,MOBILE_APP,PICKUP,USD
0000007270,WEB,STANDARD,USD
0000007271,WEB,STANDARD,USD
0000007272,WEB,STANDARD,USD
0000007273,MOBILE_APP,STANDARD,USD
0000007274,MOBILE_APP,STANDARD,USD
0000007275,WEB,EXPRESS,USD
0000007276,MOBILE_APP,STANDARD,USD
0000007277,MOBILE_APP,STANDARD,USD
0000007278,WEB,STANDARD,USD
0000007279,WEB,STANDARD,USD
0000007280,CALL_CENTER,EXPRESS,USD
0000007281,MOBILE_APP,STANDARD,USD
0000007282,WEB,STANDARD,USD
0000007283,WEB,STANDARD,USD
0000007284,WEB,PICKUP,USD
0000007285,MOBILE_APP,PICKUP,USD
0000007286,WEB,STANDARD,USD
0000007287,MOBILE_APP,STANDARD,USD
0000007288,MOBILE_APP,PICKUP,USD
0000007289,MOBILE_APP,PICKUP,USD
0000007290,WEB,STANDARD,USD
0000007291,WEB,STANDARD,USD
0000007292,WEB,EXPRESS,USD
0000007293,CALL_CENTER,STANDARD,USD
0000007294,WEB,STANDARD,USD
0000007295,MOBILE_APP,STANDARD,USD
0000007296,MOBILE_APP,STANDARD,USD
0000007297,WEB,STANDARD,USD
0000007298,MOBILE_APP,EXPRESS,USD
0000007299,WEB,PICKUP,USD
0000007300,MOBILE_APP,STANDARD,USD
0000007301,WEB,STANDARD,USD
0000007302,MOBILE_APP,STANDARD,USD
0000007303,MOBILE_APP,STANDARD,USD
0000007304,WEB,STANDARD,USD
0000007305,MOBILE_APP,STANDARD,USD
0000007306,WEB,STANDARD,USD
0000007307,WEB,STANDARD,USD
0000007308,WEB,PICKUP,USD
0000007309,MOBILE_APP,STANDARD,USD
0000007310,WEB,PICKUP,USD
0000007311,MOBILE_APP,EXPRESS,USD
0000007312,WEB,STANDARD,USD
0000007313,MOBILE_APP,EXPRESS,USD
0000007314,MOBILE_APP,STANDARD,USD
0000007315,WEB,STANDARD,USD
0000007316,WEB,STANDARD,USD
0000007317,WEB,STANDARD,USD
0000007318,WEB,EXPRESS,USD
0000007319,MOBILE_APP,STANDARD,USD
0000007320,MOBILE_APP,STANDARD,USD
0000007321,WEB,STANDARD,USD
0000007322,CALL_CENTER,STANDARD,USD
0000007323,MOBILE_APP,EXPRESS,USD
0000007324,MOBILE_APP,EXPRESS,USD
0000007325,WEB,STANDARD,USD
0000007326,MOBILE_APP,EXPRESS,USD
0000007327,MOBILE_APP,STANDARD,USD
0000007328,MOBILE_APP,STANDARD,USD
0000007329,WEB,PICKUP,USD
0000007330,MOBILE_APP,EXPRESS,USD
0000007331,MOBILE_APP,EXPRESS,USD
0000007332,MOBILE_APP,STANDARD,USD
0000007333,WEB,EXPRESS,USD
0000007334,WEB,EXPRESS,USD
0000007335,CALL_CENTER,STANDARD,USD
0000007336,WEB,STANDARD,USD
0000007337,CALL_CENTER,STANDARD,USD
0000007338,WEB,EXPRESS,USD
0000007339,MOBILE_APP,STANDARD,USD
0000007340,MOBILE_APP,EXPRESS,USD
0000007341,MOBILE_APP,STANDARD,USD
0000007342,MOBILE_APP,STANDARD,USD
0000007343,WEB,STANDARD,USD
0000007344,WEB,STANDARD,USD
0000007345,WEB,STANDARD,USD
0000007346,WEB,STANDARD,USD
0000007347,WEB,STANDARD,USD
0000007348,MOBILE_APP,STANDARD,USD
0000007349,WEB,EXPRESS,USD
0000007350,MOBILE_APP,EXPRESS,USD
0000007351,MOBILE_APP,PICKUP,USD
0000007352,MOBILE_APP,STANDARD,USD
0000007353,WEB,STANDARD,USD
0000007354,WEB,STANDARD,USD
0000007355,MOBILE_APP,EXPRESS,USD
0000007356,MOBILE_APP,STANDARD,USD
0000007357,WEB,EXPRESS,USD
0000007358,MOBILE_APP,STANDARD,USD
0000007359,WEB,STANDARD,USD
0000007360,WEB,STANDARD,USD
0000007361,WEB,STANDARD,USD
0000007362,WEB,STANDARD,USD
0000007363,WEB,STANDARD,USD
0000007364,WEB,STANDARD,USD
0000007365,WEB,STANDARD,USD
0000007366,WEB,STANDARD,USD
0000007367,WEB,STANDARD,USD
0000007368,MOBILE_APP,STANDARD,USD
0000007369,WEB,STANDARD,USD
0000007370,MOBILE_APP,EXPRESS,USD
0000007371,WEB,STANDARD,USD
0000007372,WEB,STANDARD,USD
0000007373,WEB,STANDARD,USD
0000007374,WEB,STANDARD,USD
0000007375,WEB,EXPRESS,USD
0000007376,WEB,STANDARD,USD
0000007377,WEB,STANDARD,USD
0000007378,MOBILE_APP,STANDARD,USD
0000007379,MOBILE_APP,EXPRESS,USD
0000007380,WEB,STANDARD,USD
0000007381,MOBILE_APP,STANDARD,USD
0000007382,MOBILE_APP,PICKUP,USD
0000007383,MOBILE_APP,STANDARD,USD
0000007384,MOBILE_APP,EXPRESS,USD
0000007385,MOBILE_APP,STANDARD,USD
0000007386,CALL_CENTER,PICKUP,USD
0000007387,WEB,EXPRESS,USD
0000007388,WEB,STANDARD,USD
0000007389,MOBILE_APP,STANDARD,USD
0000007390,WEB,STANDARD,USD
0000007391,WEB,STANDARD,USD
0000007392,MOBILE_APP,PICKUP,USD
0000007393,WEB,STANDARD,USD
0000007394,WEB,STANDARD,USD
0000007395,MOBILE_APP,STANDARD,USD
0000007396,WEB,STANDARD,USD
0000007397,WEB,EXPRESS,USD
0000007398,WEB,EXPRESS,USD
0000007399,WEB,PICKUP,USD
0000007400,WEB,STANDARD,USD
0000007401,MOBILE_APP,STANDARD,USD
0000007402,WEB,EXPRESS,USD
0000007403,CALL_CENTER,STANDARD,USD
0000007404,MOBILE_APP,EXPRESS,USD
0000007405,WEB,STANDARD,USD
0000007406,WEB,EXPRESS,USD
0000007407,CALL_CENTER,STANDARD,USD
0000007408,MOBILE_APP,STANDARD,USD
0000007409,WEB,STANDARD,USD
0000007410,WEB,STANDARD,USD
0000007411,MOBILE_APP,EXPRESS,USD
0000007412,WEB,EXPRESS,USD
0000007413,MOBILE_APP,STANDARD,USD
0000007414,WEB,EXPRESS,USD
0000007415,WEB,PICKUP,USD
0000007416,MOBILE_APP,STANDARD,USD
0000007417,WEB,EXPRESS,USD
0000007418,MOBILE_APP,STANDARD,USD
0000007419,WEB,STANDARD,USD
0000007420,WEB,EXPRESS,USD
0000007421,WEB,STANDARD,USD
0000007422,MOBILE_APP,EXPRESS,USD
0000007423,MOBILE_APP,STANDARD,USD
0000007424,WEB,PICKUP,USD
0000007425,WEB,EXPRESS,USD
0000007426,WEB,STANDARD,USD
0000007427,WEB,STANDARD,USD
0000007428,MOBILE_APP,STANDARD,USD
0000007429,MOBILE_APP,STANDARD,USD
0000007430,WEB,STANDARD,USD
0000007431,MOBILE_APP,EXPRESS,USD
0000007432,MOBILE_APP,STANDARD,USD
0000007433,WEB,STANDARD,USD
0000007434,CALL_CENTER,STANDARD,USD
0000007435,CALL_CENTER,STANDARD,USD
0000007436,MOBILE_APP,STANDARD,USD
0000007437,WEB,PICKUP,USD
0000007438,CALL_CENTER,STANDARD,USD
0000007439,MOBILE_APP,STANDARD,USD
0000007440,MOBILE_APP,STANDARD,USD
0000007441,MOBILE_APP,STANDARD,USD
0000007442,WEB,STANDARD,USD
0000007443,MOBILE_APP,PICKUP,USD
0000007444,WEB,STANDARD,USD
0000007445,WEB,EXPRESS,USD
0000007446,MOBILE_APP,STANDARD,USD
0000007447,WEB,STANDARD,USD
0000007448,WEB,STANDARD,USD
0000007449,WEB,STANDARD,USD
0000007450,WEB,STANDARD,USD
0000007451,CALL_CENTER,PICKUP,USD
0000007452,WEB,STANDARD,USD
0000007453,WEB,PICKUP,USD
0000007454,MOBILE_APP,STANDARD,USD
0000007455,WEB,STANDARD,USD
0000007456,MOBILE_APP,EXPRESS,USD
0000007457,MOBILE_APP,STANDARD,USD
0000007458,CALL_CENTER,STANDARD,USD
0000007459,MOBILE_APP,STANDARD,USD
0000007460,WEB,PICKUP,USD
0000007461,WEB,PICKUP,USD
0000007462,MOBILE_APP,PICKUP,USD
0000007463,MOBILE_APP,STANDARD,USD
0000007464,MOBILE_APP,STANDARD,USD
0000007465,MOBILE_APP,STANDARD,USD
0000007466,WEB,STANDARD,USD
0000007467,WEB,STANDARD,USD
0000007468,MOBILE_APP,STANDARD,USD
0000007469,MOBILE_APP,STANDARD,USD
0000007470,WEB,EXPRESS,USD
0000007471,MOBILE_APP,STANDARD,USD
0000007472,MOBILE_APP,EXPRESS,USD
0000007473,WEB,STANDARD,USD
0000007474,MOBILE_APP,STANDARD,USD
0000007475,WEB,STANDARD,USD
0000007476,MOBILE_APP,STANDARD,USD
0000007477,MOBILE_APP,STANDARD,USD
0000007478,MOBILE_APP,EXPRESS,USD
0000007479,MOBILE_APP,EXPRESS,USD
0000007480,MOBILE_APP,EXPRESS,USD
0000007481,WEB,STANDARD,USD
0000007482,MOBILE_APP,STANDARD,USD
0000007483,WEB,STANDARD,USD
0000007484,MOBILE_APP,STANDARD,USD
0000007485,WEB,STANDARD,USD
0000007486,MOBILE_APP,STANDARD,USD
0000007487,MOBILE_APP,STANDARD,USD
0000007488,WEB,STANDARD,USD
0000007489,WEB,STANDARD,USD
0000007490,WEB,STANDARD,USD
0000007491,MOBILE_APP,PICKUP,USD
0000007492,MOBILE_APP,STANDARD,USD
0000007493,MOBILE_APP,PICKUP,USD
0000007494,MOBILE_APP,STANDARD,USD
0000007495,MOBILE_APP,STANDARD,USD
0000007496,MOBILE_APP,STANDARD,USD
0000007497,MOBILE_APP,EXPRESS,USD
0000007498,MOBILE_APP,STANDARD,USD
0000007499,WEB,STANDARD,USD
0000007500,MOBILE_APP,PICKUP,USD
0000007501,WEB,EXPRESS,USD
0000007502,MOBILE_APP,STANDARD,USD
0000007503,WEB,STANDARD,USD
0000007504,WEB,STANDARD,USD
0000007505,WEB,STANDARD,USD
0000007506,MOBILE_APP,STANDARD,USD
0000007507,WEB,STANDARD,USD
0000007508,WEB,STANDARD,USD
0000007509,CALL_CENTER,STANDARD,USD
0000007510,MOBILE_APP,STANDARD,USD
0000007511,WEB,STANDARD,USD
0000007512,WEB,STANDARD,USD
0000007513,WEB,STANDARD,USD
0000007514,MOBILE_APP,STANDARD,USD
0000007515,WEB,STANDARD,USD
0000007516,WEB,STANDARD,USD
0000007517,MOBILE_APP,STANDARD,USD
0000007518,MOBILE_APP,STANDARD,USD
0000007519,WEB,STANDARD,USD
0000007520,MOBILE_APP,STANDARD,USD
0000007521,WEB,STANDARD,USD
0000007522,WEB,STANDARD,USD
0000007523,WEB,PICKUP,USD
0000007524,MOBILE_APP,STANDARD,USD
0000007525,MOBILE_APP,EXPRESS,USD
0000007526,WEB,STANDARD,USD
0000007527,MOBILE_APP,STANDARD,USD
0000007528,WEB,STANDARD,USD
0000007529,WEB,EXPRESS,USD
0000007530,MOBILE_APP,PICKUP,USD
0000007531,WEB,STANDARD,USD
0000007532,WEB,EXPRESS,USD
0000007533,CALL_CENTER,STANDARD,USD
0000007534,WEB,STANDARD,USD
0000007535,WEB,EXPRESS,USD
0000007536,WEB,STANDARD,USD
0000007537,CALL_CENTER,STANDARD,USD
0000007538,WEB,STANDARD,USD
0000007539,MOBILE_APP,STANDARD,USD
0000007540,WEB,STANDARD,USD
0000007541,MOBILE_APP,STANDARD,USD
0000007542,MOBILE_APP,STANDARD,USD
0000007543,WEB,STANDARD,USD
0000007544,WEB,STANDARD,USD
0000007545,MOBILE_APP,STANDARD,USD
0000007546,WEB,STANDARD,USD
0000007547,CALL_CENTER,STANDARD,USD
0000007548,MOBILE_APP,STANDARD,USD
0000007549,MOBILE_APP,STANDARD,USD
0000007550,MOBILE_APP,EXPRESS,USD
0000007551,WEB,PICKUP,USD
0000007552,MOBILE_APP,EXPRESS,USD
0000007553,WEB,STANDARD,USD
0000007554,MOBILE_APP,STANDARD,USD
0000007555,WEB,STANDARD,USD
0000007556,WEB,STANDARD,USD
0000007557,WEB,STANDARD,USD
0000007558,WEB,PICKUP,USD
0000007559,MOBILE_APP,PICKUP,USD
0000007560,WEB,STANDARD,USD
0000007561,MOBILE_APP,STANDARD,USD
0000007562,WEB,STANDARD,USD
0000007563,MOBILE_APP,PICKUP,USD
0000007564,MOBILE_APP,STANDARD,USD
0000007565,MOBILE_APP,EXPRESS,USD
0000007566,WEB,STANDARD,USD
0000007567,WEB,STANDARD,USD
0000007568,MOBILE_APP,EXPRESS,USD
0000007569,WEB,STANDARD,USD
0000007570,WEB,STANDARD,USD
0000007571,MOBILE_APP,EXPRESS,USD
0000007572,MOBILE_APP,STANDARD,USD
0000007573,WEB,STANDARD,USD
0000007574,MOBILE_APP,STANDARD,USD
0000007575,MOBILE_APP,STANDARD,USD
0000007576,WEB,STANDARD,USD
0000007577,WEB,STANDARD,USD
0000007578,CALL_CENTER,STANDARD,USD
0000007579,MOBILE_APP,PICKUP,USD
0000007580,WEB,STANDARD,USD
0000007581,MOBILE_APP,STANDARD,USD
0000007582,MOBILE_APP,STANDARD,USD
0000007583,WEB,STANDARD,USD
0000007584,MOBILE_APP,STANDARD,USD
0000007585,WEB,STANDARD,USD
0000007586,WEB,PICKUP,USD
0000007587,WEB,STANDARD,USD
0000007588,MOBILE_APP,EXPRESS,USD
0000007589,MOBILE_APP,STANDARD,USD
0000007590,WEB,STANDARD,USD
0000007591,MOBILE_APP,STANDARD,USD
0000007592,MOBILE_APP,EXPRESS,USD
0000007593,MOBILE_APP,PICKUP,USD
0000007594,WEB,STANDARD,USD
0000007595,WEB,STANDARD,USD
0000007596,MOBILE_APP,STANDARD,USD
0000007597,MOBILE_APP,STANDARD,USD
0000007598,WEB,PICKUP,USD
0000007599,MOBILE_APP,STANDARD,USD
0000007600,MOBILE_APP,STANDARD,USD
0000007601,MOBILE_APP,PICKUP,USD
0000007602,WEB,STANDARD,USD
0000007603,MOBILE_APP,PICKUP,USD
0000007604,MOBILE_APP,PICKUP,USD
0000007605,CALL_CENTER,PICKUP,USD
0000007606,MOBILE_APP,STANDARD,USD
0000007607,WEB,STANDARD,USD
0000007608,WEB,STANDARD,USD
0000007609,MOBILE_APP,STANDARD,USD
0000007610,WEB,STANDARD,USD
0000007611,WEB,EXPRESS,USD
0000007612,WEB,STANDARD,USD
0000007613,WEB,STANDARD,USD
0000007614,WEB,STANDARD,USD
0000007615,WEB,STANDARD,USD
0000007616,MOBILE_APP,PICKUP,USD
0000007617,MOBILE_APP,PICKUP,USD
0000007618,MOBILE_APP,STANDARD,USD
0000007619,MOBILE_APP,STANDARD,USD
0000007620,WEB,STANDARD,USD
0000007621,MOBILE_APP,EXPRESS,USD
0000007622,WEB,STANDARD,USD
0000007623,MOBILE_APP,EXPRESS,USD
0000007624,WEB,STANDARD,USD
0000007625,MOBILE_APP,EXPRESS,USD
0000007626,MOBILE_APP,EXPRESS,USD
0000007627,MOBILE_APP,STANDARD,USD
0000007628,MOBILE_APP,STANDARD,USD
0000007629,WEB,EXPRESS,USD
0000007630,WEB,EXPRESS,USD
0000007631,WEB,EXPRESS,USD
0000007632,MOBILE_APP,PICKUP,USD
0000007633,WEB,PICKUP,USD
0000007634,WEB,STANDARD,USD
0000007635,MOBILE_APP,STANDARD,USD
0000007636,WEB,STANDARD,USD
0000007637,MOBILE_APP,STANDARD,USD
0000007638,MOBILE_APP,PICKUP,USD
0000007639,WEB,EXPRESS,USD
0000007640,MOBILE_APP,STANDARD,USD
0000007641,WEB,STANDARD,USD
0000007642,MOBILE_APP,STANDARD,USD
0000007643,MOBILE_APP,STANDARD,USD
0000007644,MOBILE_APP,STANDARD,USD
0000007645,WEB,STANDARD,USD
0000007646,WEB,STANDARD,USD
0000007647,WEB,STANDARD,USD
0000007648,WEB,STANDARD,USD
0000007649,WEB,STANDARD,USD
0000007650,CALL_CENTER,STANDARD,USD
0000007651,MOBILE_APP,STANDARD,USD
0000007652,WEB,STANDARD,USD
0000007653,CALL_CENTER,STANDARD,USD
0000007654,WEB,PICKUP,USD
0000007655,MOBILE_APP,STANDARD,USD
0000007656,WEB,STANDARD,USD
0000007657,MOBILE_APP,PICKUP,USD
0000007658,MOBILE_APP,STANDARD,USD
0000007659,WEB,EXPRESS,USD
0000007660,MOBILE_APP,STANDARD,USD
0000007661,MOBILE_APP,STANDARD,USD
0000007662,WEB,STANDARD,USD
0000007663,WEB,STANDARD,USD
0000007664,MOBILE_APP,STANDARD,USD
0000007665,WEB,STANDARD,USD
0000007666,MOBILE_APP,STANDARD,USD
0000007667,CALL_CENTER,STANDARD,USD
0000007668,WEB,STANDARD,USD
0000007669,MOBILE_APP,STANDARD,USD
0000007670,WEB,PICKUP,USD
0000007671,WEB,PICKUP,USD
0000007672,WEB,STANDARD,USD
0000007673,WEB,STANDARD,USD
0000007674,WEB,STANDARD,USD
0000007675,WEB,PICKUP,USD
0000007676,MOBILE_APP,STANDARD,USD
0000007677,MOBILE_APP,STANDARD,USD
0000007678,MOBILE_APP,PICKUP,USD
0000007679,CALL_CENTER,STANDARD,USD
0000007680,WEB,STANDARD,USD
0000007681,MOBILE_APP,EXPRESS,USD
0000007682,MOBILE_APP,PICKUP,USD
0000007683,WEB,STANDARD,USD
0000007684,WEB,EXPRESS,USD
0000007685,MOBILE_APP,EXPRESS,USD
0000007686,MOBILE_APP,EXPRESS,USD
0000007687,WEB,STANDARD,USD
0000007688,WEB,STANDARD,USD
0000007689,MOBILE_APP,EXPRESS,USD
0000007690,CALL_CENTER,PICKUP,USD
0000007691,WEB,STANDARD,USD
0000007692,MOBILE_APP,STANDARD,USD
0000007693,MOBILE_APP,STANDARD,USD
0000007694,MOBILE_APP,STANDARD,USD
0000007695,MOBILE_APP,STANDARD,USD
0000007696,WEB,STANDARD,USD
0000007697,MOBILE_APP,EXPRESS,USD
0000007698,WEB,STANDARD,USD
0000007699,WEB,STANDARD,USD
0000007700,MOBILE_APP,STANDARD,USD
0000007701,MOBILE_APP,STANDARD,USD
0000007702,WEB,STANDARD,USD
0000007703,WEB,STANDARD,USD
0000007704,MOBILE_APP,EXPRESS,USD
0000007705,WEB,STANDARD,USD
0000007706,MOBILE_APP,EXPRESS,USD
0000007707,WEB,STANDARD,USD
0000007708,WEB,STANDARD,USD
0000007709,MOBILE_APP,STANDARD,USD
0000007710,MOBILE_APP,STANDARD,USD
0000007711,MOBILE_APP,EXPRESS,USD
0000007712,MOBILE_APP,STANDARD,USD
0000007713,MOBILE_APP,STANDARD,USD
0000007714,MOBILE_APP,STANDARD,USD
0000007715,WEB,PICKUP,USD
0000007716,WEB,STANDARD,USD
0000007717,WEB,STANDARD,USD
0000007718,MOBILE_APP,STANDARD,USD
0000007719,WEB,STANDARD,USD
0000007720,WEB,STANDARD,USD
0000007721,MOBILE_APP,STANDARD,USD
0000007722,WEB,EXPRESS,USD
0000007723,WEB,STANDARD,USD
0000007724,MOBILE_APP,STANDARD,USD
0000007725,MOBILE_APP,STANDARD,USD
0000007726,WEB,EXPRESS,USD
0000007727,WEB,EXPRESS,USD
0000007728,MOBILE_APP,STANDARD,USD
0000007729,WEB,STANDARD,USD
0000007730,MOBILE_APP,STANDARD,USD
0000007731,WEB,EXPRESS,USD
0000007732,WEB,STANDARD,USD
0000007733,WEB,EXPRESS,USD
0000007734,WEB,STANDARD,USD
0000007735,WEB,STANDARD,USD
0000007736,WEB,STANDARD,USD
0000007737,WEB,EXPRESS,USD
0000007738,WEB,STANDARD,USD
0000007739,WEB,STANDARD,USD
0000007740,MOBILE_APP,STANDARD,USD
0000007741,MOBILE_APP,STANDARD,USD
0000007742,CALL_CENTER,STANDARD,USD
0000007743,MOBILE_APP,STANDARD,USD
0000007744,WEB,PICKUP,USD
0000007745,CALL_CENTER,STANDARD,USD
0000007746,WEB,STANDARD,USD
0000007747,MOBILE_APP,STANDARD,USD
0000007748,WEB,STANDARD,USD
0000007749,WEB,PICKUP,USD
0000007750,WEB,STANDARD,USD
0000007751,MOBILE_APP,STANDARD,USD
0000007752,MOBILE_APP,EXPRESS,USD
0000007753,WEB,EXPRESS,USD
0000007754,MOBILE_APP,STANDARD,USD
0000007755,WEB,STANDARD,USD
0000007756,MOBILE_APP,STANDARD,USD
0000007757,WEB,STANDARD,USD
0000007758,WEB,EXPRESS,USD
0000007759,WEB,STANDARD,USD
0000007760,WEB,STANDARD,USD
0000007761,WEB,EXPRESS,USD
0000007762,WEB,STANDARD,USD
0000007763,WEB,STANDARD,USD
0000007764,CALL_CENTER,STANDARD,USD
0000007765,WEB,STANDARD,USD
0000007766,MOBILE_APP,STANDARD,USD
0000007767,WEB,STANDARD,USD
0000007768,WEB,EXPRESS,USD
0000007769,MOBILE_APP,STANDARD,USD
0000007770,MOBILE_APP,STANDARD,USD
0000007771,MOBILE_APP,STANDARD,USD
0000007772,CALL_CENTER,EXPRESS,USD
0000007773,CALL_CENTER,STANDARD,USD
0000007774,MOBILE_APP,STANDARD,USD
0000007775,CALL_CENTER,STANDARD,USD
0000007776,MOBILE_APP,STANDARD,USD
0000007777,MOBILE_APP,STANDARD,USD
0000007778,WEB,EXPRESS,USD
0000007779,MOBILE_APP,STANDARD,USD
0000007780,WEB,STANDARD,USD
0000007781,WEB,EXPRESS,USD
0000007782,MOBILE_APP,PICKUP,USD
0000007783,WEB,EXPRESS,USD
0000007784,WEB,PICKUP,USD
0000007785,MOBILE_APP,EXPRESS,USD
0000007786,MOBILE_APP,EXPRESS,USD
0000007787,WEB,STANDARD,USD
0000007788,MOBILE_APP,PICKUP,USD
0000007789,WEB,STANDARD,USD
0000007790,WEB,STANDARD,USD
0000007791,WEB,EXPRESS,USD
0000007792,MOBILE_APP,STANDARD,USD
0000007793,WEB,STANDARD,USD
0000007794,MOBILE_APP,STANDARD,USD
0000007795,WEB,STANDARD,USD
0000007796,CALL_CENTER,STANDARD,USD
0000007797,WEB,STANDARD,USD
0000007798,MOBILE_APP,STANDARD,USD
0000007799,WEB,STANDARD,USD
0000007800,MOBILE_APP,STANDARD,USD
0000007801,MOBILE_APP,STANDARD,USD
0000007802,WEB,STANDARD,USD
0000007803,CALL_CENTER,STANDARD,USD
0000007804,WEB,STANDARD,USD
0000007805,WEB,STANDARD,USD
0000007806,WEB,STANDARD,USD
0000007807,WEB,STANDARD,USD
0000007808,WEB,PICKUP,USD
0000007809,WEB,STANDARD,USD
0000007810,MOBILE_APP,PICKUP,USD
0000007811,WEB,PICKUP,USD
0000007812,MOBILE_APP,STANDARD,USD
0000007813,MOBILE_APP,EXPRESS,USD
0000007814,MOBILE_APP,STANDARD,USD
0000007815,WEB,STANDARD,USD
0000007816,WEB,PICKUP,USD
0000007817,WEB,EXPRESS,USD
0000007818,MOBILE_APP,PICKUP,USD
0000007819,WEB,STANDARD,USD
0000007820,WEB,EXPRESS,USD
0000007821,CALL_CENTER,STANDARD,USD
0000007822,MOBILE_APP,STANDARD,USD
0000007823,WEB,STANDARD,USD
0000007824,MOBILE_APP,STANDARD,USD
0000007825,WEB,PICKUP,USD
0000007826,WEB,EXPRESS,USD
0000007827,WEB,PICKUP,USD
0000007828,MOBILE_APP,STANDARD,USD
0000007829,MOBILE_APP,STANDARD,USD
0000007830,MOBILE_APP,EXPRESS,USD
0000007831,WEB,EXPRESS,USD
0000007832,CALL_CENTER,STANDARD,USD
0000007833,MOBILE_APP,PICKUP,USD
0000007834,WEB,STANDARD,USD
0000007835,WEB,STANDARD,USD
0000007836,MOBILE_APP,STANDARD,USD
0000007837,WEB,STANDARD,USD
0000007838,WEB,EXPRESS,USD
0000007839,MOBILE_APP,STANDARD,USD
0000007840,MOBILE_APP,STANDARD,USD
0000007841,CALL_CENTER,STANDARD,USD
0000007842,MOBILE_APP,EXPRESS,USD
0000007843,MOBILE_APP,STANDARD,USD
0000007844,WEB,STANDARD,USD
0000007845,WEB,STANDARD,USD
0000007846,WEB,EXPRESS,USD
0000007847,WEB,STANDARD,USD
0000007848,WEB,STANDARD,USD
0000007849,WEB,EXPRESS,USD
0000007850,MOBILE_APP,EXPRESS,USD
0000007851,WEB,STANDARD,USD
0000007852,WEB,STANDARD,USD
0000007853,WEB,STANDARD,USD
0000007854,MOBILE_APP,STANDARD,USD
0000007855,MOBILE_APP,EXPRESS,USD
0000007856,WEB,EXPRESS,USD
0000007857,WEB,STANDARD,USD
0000007858,WEB,STANDARD,USD
0000007859,WEB,PICKUP,USD
0000007860,WEB,EXPRESS,USD
0000007861,WEB,STANDARD,USD
0000007862,WEB,STANDARD,USD
0000007863,CALL_CENTER,STANDARD,USD
0000007864,MOBILE_APP,STANDARD,USD
0000007865,MOBILE_APP,STANDARD,USD
0000007866,MOBILE_APP,STANDARD,USD
0000007867,WEB,EXPRESS,USD
0000007868,WEB,PICKUP,USD
0000007869,MOBILE_APP,EXPRESS,USD
0000007870,MOBILE_APP,PICKUP,USD
0000007871,MOBILE_APP,STANDARD,USD
0000007872,WEB,EXPRESS,USD
0000007873,WEB,STANDARD,USD
0000007874,WEB,STANDARD,USD
0000007875,WEB,STANDARD,USD
0000007876,MOBILE_APP,STANDARD,USD
0000007877,MOBILE_APP,EXPRESS,USD
0000007878,WEB,STANDARD,USD
0000007879,WEB,STANDARD,USD
0000007880,MOBILE_APP,STANDARD,USD
0000007881,WEB,STANDARD,USD
0000007882,WEB,STANDARD,USD
0000007883,WEB,STANDARD,USD
0000007884,MOBILE_APP,EXPRESS,USD
0000007885,MOBILE_APP,EXPRESS,USD
0000007886,WEB,STANDARD,USD
0000007887,WEB,STANDARD,USD
0000007888,CALL_CENTER,STANDARD,USD
0000007889,WEB,PICKUP,USD
0000007890,WEB,STANDARD,USD
0000007891,WEB,EXPRESS,USD
0000007892,MOBILE_APP,EXPRESS,USD
0000007893,MOBILE_APP,STANDARD,USD
0000007894,WEB,STANDARD,USD
0000007895,WEB,STANDARD,USD
0000007896,WEB,STANDARD,USD
0000007897,MOBILE_APP,EXPRESS,USD
0000007898,WEB,STANDARD,USD
0000007899,MOBILE_APP,STANDARD,USD
0000007900,WEB,STANDARD,USD
0000007901,WEB,STANDARD,USD
0000007902,WEB,PICKUP,USD
0000007903,WEB,STANDARD,USD
0000007904,MOBILE_APP,STANDARD,USD
0000007905,WEB,EXPRESS,USD
0000007906,WEB,EXPRESS,USD
0000007907,MOBILE_APP,EXPRESS,USD
0000007908,WEB,STANDARD,USD
0000007909,WEB,STANDARD,USD
0000007910,MOBILE_APP,STANDARD,USD
0000007911,MOBILE_APP,STANDARD,USD
0000007912,WEB,EXPRESS,USD
0000007913,WEB,EXPRESS,USD
0000007914,MOBILE_APP,STANDARD,USD
0000007915,WEB,EXPRESS,USD
0000007916,MOBILE_APP,EXPRESS,USD
0000007917,WEB,STANDARD,USD
0000007918,WEB,STANDARD,USD
0000007919,MOBILE_APP,STANDARD,USD
0000007920,WEB,STANDARD,USD
0000007921,MOBILE_APP,STANDARD,USD
0000007922,MOBILE_APP,STANDARD,USD
0000007923,WEB,STANDARD,USD
0000007924,MOBILE_APP,PICKUP,USD
0000007925,WEB,STANDARD,USD
0000007926,WEB,STANDARD,USD
0000007927,WEB,STANDARD,USD
0000007928,MOBILE_APP,STANDARD,USD
0000007929,MOBILE_APP,EXPRESS,USD
0000007930,WEB,STANDARD,USD
0000007931,MOBILE_APP,STANDARD,USD
0000007932,WEB,STANDARD,USD
0000007933,MOBILE_APP,PICKUP,USD
0000007934,WEB,STANDARD,USD
0000007935,MOBILE_APP,STANDARD,USD
0000007936,MOBILE_APP,STANDARD,USD
0000007937,WEB,STANDARD,USD
0000007938,WEB,STANDARD,USD
0000007939,WEB,STANDARD,USD
0000007940,WEB,STANDARD,USD
0000007941,WEB,STANDARD,USD
0000007942,MOBILE_APP,STANDARD,USD
0000007943,MOBILE_APP,STANDARD,USD
0000007944,MOBILE_APP,STANDARD,USD
0000007945,WEB,STANDARD,USD
0000007946,WEB,PICKUP,USD
0000007947,WEB,STANDARD,USD
0000007948,MOBILE_APP,STANDARD,USD
0000007949,MOBILE_APP,STANDARD,USD
0000007950,WEB,STANDARD,USD
0000007951,WEB,STANDARD,USD
0000007952,MOBILE_APP,STANDARD,USD
0000007953,WEB,PICKUP,USD
0000007954,WEB,EXPRESS,USD
0000007955,WEB,STANDARD,USD
0000007956,WEB,STANDARD,USD
0000007957,MOBILE_APP,STANDARD,USD
0000007958,WEB,STANDARD,USD
0000007959,MOBILE_APP,STANDARD,USD
0000007960,WEB,STANDARD,USD
0000007961,WEB,EXPRESS,USD
0000007962,WEB,EXPRESS,USD
0000007963,WEB,EXPRESS,USD
0000007964,WEB,STANDARD,USD
0000007965,WEB,STANDARD,USD
0000007966,WEB,STANDARD,USD
0000007967,WEB,EXPRESS,USD
0000007968,MOBILE_APP,EXPRESS,USD
0000007969,WEB,PICKUP,USD
0000007970,MOBILE_APP,EXPRESS,USD
0000007971,WEB,EXPRESS,USD
0000007972,CALL_CENTER,EXPRESS,USD
0000007973,WEB,STANDARD,USD
0000007974,WEB,EXPRESS,USD
0000007975,WEB,PICKUP,USD
0000007976,WEB,STANDARD,USD
0000007977,MOBILE_APP,STANDARD,USD
0000007978,MOBILE_APP,EXPRESS,USD
0000007979,WEB,EXPRESS,USD
0000007980,MOBILE_APP,STANDARD,USD
0000007981,CALL_CENTER,EXPRESS,USD
0000007982,WEB,STANDARD,USD
0000007983,WEB,STANDARD,USD
0000007984,WEB,PICKUP,USD
0000007985,WEB,PICKUP,USD
0000007986,WEB,EXPRESS,USD
0000007987,MOBILE_APP,STANDARD,USD
0000007988,WEB,STANDARD,USD
0000007989,WEB,EXPRESS,USD
0000007990,MOBILE_APP,STANDARD,USD
0000007991,MOBILE_APP,STANDARD,USD
0000007992,WEB,STANDARD,USD
0000007993,WEB,STANDARD,USD
0000007994,MOBILE_APP,STANDARD,USD
0000007995,MOBILE_APP,STANDARD,USD
0000007996,WEB,STANDARD,USD
0000007997,MOBILE_APP,EXPRESS,USD
0000007998,WEB,EXPRESS,USD
0000007999,WEB,PICKUP,USD
0000008000,MOBILE_APP,EXPRESS,USD
0000008001,WEB,STANDARD,USD
0000008002,WEB,STANDARD,USD
0000008003,WEB,STANDARD,USD
0000008004,MOBILE_APP,EXPRESS,USD
0000008005,MOBILE_APP,STANDARD,USD
0000008006,WEB,EXPRESS,USD
0000008007,MOBILE_APP,EXPRESS,USD
0000008008,CALL_CENTER,STANDARD,USD
0000008009,WEB,PICKUP,USD
0000008010,WEB,EXPRESS,USD
0000008011,MOBILE_APP,STANDARD,USD
0000008012,CALL_CENTER,STANDARD,USD
0000008013,WEB,STANDARD,USD
0000008014,MOBILE_APP,PICKUP,USD
0000008015,WEB,STANDARD,USD
0000008016,MOBILE_APP,STANDARD,USD
0000008017,WEB,PICKUP,USD
0000008018,WEB,EXPRESS,USD
0000008019,WEB,STANDARD,USD
0000008020,WEB,STANDARD,USD
0000008021,MOBILE_APP,EXPRESS,USD
0000008022,MOBILE_APP,STANDARD,USD
0000008023,MOBILE_APP,STANDARD,USD
0000008024,MOBILE_APP,STANDARD,USD
0000008025,MOBILE_APP,PICKUP,USD
0000008026,WEB,STANDARD,USD
0000008027,WEB,STANDARD,USD
0000008028,WEB,STANDARD,USD
0000008029,MOBILE_APP,STANDARD,USD
0000008030,WEB,STANDARD,USD
0000008031,WEB,STANDARD,USD
0000008032,MOBILE_APP,STANDARD,USD
0000008033,WEB,STANDARD,USD
0000008034,MOBILE_APP,STANDARD,USD
0000008035,WEB,STANDARD,USD
0000008036,MOBILE_APP,STANDARD,USD
0000008037,WEB,STANDARD,USD
0000008038,WEB,STANDARD,USD
0000008039,WEB,STANDARD,USD
0000008040,WEB,EXPRESS,USD
0000008041,MOBILE_APP,STANDARD,USD
0000008042,MOBILE_APP,EXPRESS,USD
0000008043,MOBILE_APP,EXPRESS,USD
0000008044,MOBILE_APP,PICKUP,USD
0000008045,WEB,PICKUP,USD
0000008046,WEB,STANDARD,USD
0000008047,MOBILE_APP,STANDARD,USD
0000008048,WEB,STANDARD,USD
0000008049,WEB,STANDARD,USD
0000008050,WEB,STANDARD,USD
0000008051,MOBILE_APP,EXPRESS,USD
0000008052,WEB,STANDARD,USD
0000008053,MOBILE_APP,STANDARD,USD
0000008054,MOBILE_APP,STANDARD,USD
0000008055,MOBILE_APP,STANDARD,USD
0000008056,WEB,STANDARD,USD
0000008057,MOBILE_APP,STANDARD,USD
0000008058,MOBILE_APP,STANDARD,USD
0000008059,WEB,EXPRESS,USD
0000008060,MOBILE_APP,EXPRESS,USD
0000008061,MOBILE_APP,PICKUP,USD
0000008062,WEB,EXPRESS,USD
0000008063,MOBILE_APP,STANDARD,USD
0000008064,WEB,STANDARD,USD
0000008065,WEB,STANDARD,USD
0000008066,WEB,PICKUP,USD
0000008067,WEB,STANDARD,USD
0000008068,MOBILE_APP,EXPRESS,USD
0000008069,MOBILE_APP,PICKUP,USD
0000008070,WEB,STANDARD,USD
0000008071,WEB,STANDARD,USD
0000008072,MOBILE_APP,STANDARD,USD
0000008073,MOBILE_APP,STANDARD,USD
0000008074,MOBILE_APP,STANDARD,USD
0000008075,WEB,STANDARD,USD
0000008076,WEB,EXPRESS,USD
0000008077,WEB,STANDARD,USD
0000008078,MOBILE_APP,STANDARD,USD
0000008079,MOBILE_APP,STANDARD,USD
0000008080,MOBILE_APP,EXPRESS,USD
0000008081,WEB,STANDARD,USD
0000008082,WEB,STANDARD,USD
0000008083,WEB,PICKUP,USD
0000008084,MOBILE_APP,STANDARD,USD
0000008085,MOBILE_APP,STANDARD,USD
0000008086,WEB,STANDARD,USD
0000008087,MOBILE_APP,EXPRESS,USD
0000008088,MOBILE_APP,EXPRESS,USD
0000008089,WEB,STANDARD,USD
0000008090,MOBILE_APP,EXPRESS,USD
0000008091,WEB,STANDARD,USD
0000008092,CALL_CENTER,EXPRESS,USD
0000008093,MOBILE_APP,STANDARD,USD
0000008094,WEB,STANDARD,USD
0000008095,MOBILE_APP,STANDARD,USD
0000008096,CALL_CENTER,EXPRESS,USD
0000008097,WEB,STANDARD,USD
0000008098,MOBILE_APP,STANDARD,USD
0000008099,WEB,PICKUP,USD
0000008100,MOBILE_APP,STANDARD,USD
0000008101,WEB,EXPRESS,USD
0000008102,MOBILE_APP,STANDARD,USD
0000008103,WEB,PICKUP,USD
0000008104,MOBILE_APP,STANDARD,USD
0000008105,MOBILE_APP,STANDARD,USD
0000008106,WEB,STANDARD,USD
0000008107,CALL_CENTER,STANDARD,USD
0000008108,WEB,STANDARD,USD
0000008109,CALL_CENTER,STANDARD,USD
0000008110,WEB,EXPRESS,USD
0000008111,WEB,STANDARD,USD
0000008112,WEB,STANDARD,USD
0000008113,WEB,PICKUP,USD
0000008114,WEB,STANDARD,USD
0000008115,MOBILE_APP,STANDARD,USD
0000008116,MOBILE_APP,STANDARD,USD
0000008117,MOBILE_APP,STANDARD,USD
0000008118,MOBILE_APP,STANDARD,USD
0000008119,CALL_CENTER,PICKUP,USD
0000008120,WEB,STANDARD,USD
0000008121,MOBILE_APP,STANDARD,USD
0000008122,WEB,STANDARD,USD
0000008123,WEB,STANDARD,USD
0000008124,WEB,STANDARD,USD
0000008125,MOBILE_APP,STANDARD,USD
0000008126,WEB,STANDARD,USD
0000008127,WEB,PICKUP,USD
0000008128,WEB,PICKUP,USD
0000008129,WEB,EXPRESS,USD
0000008130,MOBILE_APP,EXPRESS,USD
0000008131,WEB,PICKUP,USD
0000008132,MOBILE_APP,STANDARD,USD
0000008133,MOBILE_APP,STANDARD,USD
0000008134,WEB,STANDARD,USD
0000008135,WEB,EXPRESS,USD
0000008136,WEB,PICKUP,USD
0000008137,WEB,STANDARD,USD
0000008138,MOBILE_APP,STANDARD,USD
0000008139,WEB,STANDARD,USD
0000008140,WEB,STANDARD,USD
0000008141,WEB,STANDARD,USD
0000008142,WEB,STANDARD,USD
0000008143,WEB,EXPRESS,USD
0000008144,WEB,STANDARD,USD
0000008145,WEB,STANDARD,USD
0000008146,MOBILE_APP,EXPRESS,USD
0000008147,CALL_CENTER,STANDARD,USD
0000008148,WEB,PICKUP,USD
0000008149,MOBILE_APP,STANDARD,USD
0000008150,WEB,STANDARD,USD
0000008151,WEB,STANDARD,USD
0000008152,WEB,EXPRESS,USD
0000008153,MOBILE_APP,STANDARD,USD
0000008154,WEB,STANDARD,USD
0000008155,MOBILE_APP,PICKUP,USD
0000008156,WEB,STANDARD,USD
0000008157,WEB,STANDARD,USD
0000008158,MOBILE_APP,EXPRESS,USD
0000008159,MOBILE_APP,STANDARD,USD
0000008160,MOBILE_APP,STANDARD,USD
0000008161,WEB,STANDARD,USD
0000008162,MOBILE_APP,STANDARD,USD
0000008163,MOBILE_APP,STANDARD,USD
0000008164,MOBILE_APP,STANDARD,USD
0000008165,MOBILE_APP,STANDARD,USD
0000008166,WEB,PICKUP,USD
0000008167,WEB,STANDARD,USD
0000008168,WEB,PICKUP,USD
0000008169,MOBILE_APP,PICKUP,USD
0000008170,WEB,STANDARD,USD
0000008171,WEB,STANDARD,USD
0000008172,MOBILE_APP,STANDARD,USD
0000008173,WEB,STANDARD,USD
0000008174,WEB,STANDARD,USD
0000008175,WEB,EXPRESS,USD
0000008176,MOBILE_APP,EXPRESS,USD
0000008177,WEB,EXPRESS,USD
0000008178,WEB,STANDARD,USD
0000008179,MOBILE_APP,STANDARD,USD
0000008180,MOBILE_APP,STANDARD,USD
0000008181,MOBILE_APP,STANDARD,USD
0000008182,WEB,STANDARD,USD
0000008183,MOBILE_APP,STANDARD,USD
0000008184,MOBILE_APP,STANDARD,USD
0000008185,MOBILE_APP,STANDARD,USD
0000008186,MOBILE_APP,EXPRESS,USD
0000008187,WEB,STANDARD,USD
0000008188,CALL_CENTER,PICKUP,USD
0000008189,MOBILE_APP,STANDARD,USD
0000008190,WEB,EXPRESS,USD
0000008191,MOBILE_APP,PICKUP,USD
0000008192,WEB,STANDARD,USD
0000008193,MOBILE_APP,STANDARD,USD
0000008194,WEB,STANDARD,USD
0000008195,MOBILE_APP,STANDARD,USD
0000008196,WEB,STANDARD,USD
0000008197,WEB,STANDARD,USD
0000008198,WEB,STANDARD,USD
0000008199,WEB,PICKUP,USD
0000008200,WEB,STANDARD,USD
0000008201,WEB,STANDARD,USD
0000008202,MOBILE_APP,EXPRESS,USD
0000008203,MOBILE_APP,STANDARD,USD
0000008204,MOBILE_APP,STANDARD,USD
0000008205,MOBILE_APP,PICKUP,USD
0000008206,WEB,EXPRESS,USD
0000008207,MOBILE_APP,STANDARD,USD
0000008208,WEB,EXPRESS,USD
0000008209,WEB,STANDARD,USD
0000008210,WEB,STANDARD,USD
0000008211,WEB,EXPRESS,USD
0000008212,CALL_CENTER,STANDARD,USD
0000008213,WEB,STANDARD,USD
0000008214,MOBILE_APP,STANDARD,USD
0000008215,MOBILE_APP,STANDARD,USD
0000008216,WEB,STANDARD,USD
0000008217,MOBILE_APP,STANDARD,USD
0000008218,WEB,PICKUP,USD
0000008219,MOBILE_APP,STANDARD,USD
0000008220,CALL_CENTER,PICKUP,USD
0000008221,MOBILE_APP,PICKUP,USD
0000008222,MOBILE_APP,PICKUP,USD
0000008223,MOBILE_APP,STANDARD,USD
0000008224,WEB,STANDARD,USD
0000008225,MOBILE_APP,STANDARD,USD
0000008226,MOBILE_APP,STANDARD,USD
0000008227,WEB,STANDARD,USD
0000008228,MOBILE_APP,STANDARD,USD
0000008229,MOBILE_APP,STANDARD,USD
0000008230,WEB,EXPRESS,USD
0000008231,MOBILE_APP,STANDARD,USD
0000008232,WEB,PICKUP,USD
0000008233,MOBILE_APP,STANDARD,USD
0000008234,WEB,EXPRESS,USD
0000008235,WEB,STANDARD,USD
0000008236,MOBILE_APP,STANDARD,USD
0000008237,WEB,STANDARD,USD
0000008238,MOBILE_APP,STANDARD,USD
0000008239,MOBILE_APP,STANDARD,USD
0000008240,MOBILE_APP,STANDARD,USD
0000008241,MOBILE_APP,STANDARD,USD
0000008242,WEB,STANDARD,USD
0000008243,WEB,STANDARD,USD
0000008244,WEB,STANDARD,USD
0000008245,WEB,PICKUP,USD
0000008246,WEB,STANDARD,USD
0000008247,MOBILE_APP,PICKUP,USD
0000008248,MOBILE_APP,STANDARD,USD
0000008249,MOBILE_APP,STANDARD,USD
0000008250,WEB,STANDARD,USD
0000008251,WEB,EXPRESS,USD
0000008252,WEB,STANDARD,USD
0000008253,WEB,STANDARD,USD
0000008254,CALL_CENTER,STANDARD,USD
0000008255,WEB,STANDARD,USD
0000008256,MOBILE_APP,STANDARD,USD
0000008257,WEB,EXPRESS,USD
0000008258,WEB,PICKUP,USD
0000008259,WEB,STANDARD,USD
0000008260,WEB,EXPRESS,USD
0000008261,WEB,STANDARD,USD
0000008262,CALL_CENTER,EXPRESS,USD
0000008263,MOBILE_APP,STANDARD,USD
0000008264,WEB,STANDARD,USD
0000008265,WEB,EXPRESS,USD
0000008266,MOBILE_APP,EXPRESS,USD
0000008267,WEB,STANDARD,USD
0000008268,WEB,EXPRESS,USD
0000008269,WEB,STANDARD,USD
0000008270,MOBILE_APP,STANDARD,USD
0000008271,WEB,STANDARD,USD
0000008272,MOBILE_APP,PICKUP,USD
0000008273,MOBILE_APP,EXPRESS,USD
0000008274,MOBILE_APP,STANDARD,USD
0000008275,MOBILE_APP,STANDARD,USD
0000008276,MOBILE_APP,STANDARD,USD
0000008277,MOBILE_APP,EXPRESS,USD
0000008278,WEB,STANDARD,USD
0000008279,WEB,STANDARD,USD
0000008280,WEB,STANDARD,USD
0000008281,WEB,STANDARD,USD
0000008282,MOBILE_APP,STANDARD,USD
0000008283,MOBILE_APP,STANDARD,USD
0000008284,WEB,STANDARD,USD
0000008285,CALL_CENTER,STANDARD,USD
0000008286,WEB,EXPRESS,USD
0000008287,WEB,STANDARD,USD
0000008288,MOBILE_APP,STANDARD,USD
0000008289,WEB,PICKUP,USD
0000008290,WEB,PICKUP,USD
0000008291,WEB,STANDARD,USD
0000008292,CALL_CENTER,STANDARD,USD
0000008293,WEB,STANDARD,USD
0000008294,WEB,STANDARD,USD
0000008295,WEB,STANDARD,USD
0000008296,MOBILE_APP,EXPRESS,USD
0000008297,WEB,STANDARD,USD
0000008298,MOBILE_APP,EXPRESS,USD
0000008299,MOBILE_APP,STANDARD,USD
0000008300,MOBILE_APP,STANDARD,USD
0000008301,WEB,STANDARD,USD
0000008302,WEB,STANDARD,USD
0000008303,WEB,EXPRESS,USD
0000008304,MOBILE_APP,PICKUP,USD
0000008305,MOBILE_APP,STANDARD,USD
0000008306,WEB,EXPRESS,USD
0000008307,WEB,STANDARD,USD
0000008308,WEB,STANDARD,USD
0000008309,MOBILE_APP,STANDARD,USD
0000008310,WEB,STANDARD,USD
0000008311,MOBILE_APP,STANDARD,USD
0000008312,WEB,PICKUP,USD
0000008313,WEB,STANDARD,USD
0000008314,WEB,STANDARD,USD
0000008315,WEB,EXPRESS,USD
0000008316,CALL_CENTER,EXPRESS,USD
0000008317,WEB,STANDARD,USD
0000008318,MOBILE_APP,EXPRESS,USD
0000008319,WEB,STANDARD,USD
0000008320,WEB,STANDARD,USD
0000008321,WEB,STANDARD,USD
0000008322,WEB,STANDARD,USD
0000008323,MOBILE_APP,STANDARD,USD
0000008324,WEB,STANDARD,USD
0000008325,WEB,STANDARD,USD
0000008326,WEB,STANDARD,USD
0000008327,MOBILE_APP,STANDARD,USD
0000008328,MOBILE_APP,STANDARD,USD
0000008329,WEB,STANDARD,USD
0000008330,WEB,PICKUP,USD
0000008331,CALL_CENTER,STANDARD,USD
0000008332,MOBILE_APP,STANDARD,USD
0000008333,WEB,STANDARD,USD
0000008334,WEB,EXPRESS,USD
0000008335,WEB,STANDARD,USD
0000008336,MOBILE_APP,STANDARD,USD
0000008337,CALL_CENTER,PICKUP,USD
0000008338,MOBILE_APP,STANDARD,USD
0000008339,WEB,STANDARD,USD
0000008340,MOBILE_APP,EXPRESS,USD
0000008341,MOBILE_APP,STANDARD,USD
0000008342,CALL_CENTER,EXPRESS,USD
0000008343,MOBILE_APP,STANDARD,USD
0000008344,WEB,EXPRESS,USD
0000008345,MOBILE_APP,STANDARD,USD
0000008346,WEB,STANDARD,USD
0000008347,WEB,STANDARD,USD
0000008348,MOBILE_APP,PICKUP,USD
0000008349,WEB,STANDARD,USD
0000008350,WEB,STANDARD,USD
0000008351,WEB,STANDARD,USD
0000008352,MOBILE_APP,STANDARD,USD
0000008353,MOBILE_APP,STANDARD,USD
0000008354,MOBILE_APP,STANDARD,USD
0000008355,WEB,STANDARD,USD
0000008356,MOBILE_APP,STANDARD,USD
0000008357,WEB,STANDARD,USD
0000008358,MOBILE_APP,EXPRESS,USD
0000008359,MOBILE_APP,PICKUP,USD
0000008360,WEB,STANDARD,USD
0000008361,WEB,STANDARD,USD
0000008362,WEB,STANDARD,USD
0000008363,MOBILE_APP,STANDARD,USD
0000008364,CALL_CENTER,STANDARD,USD
0000008365,WEB,STANDARD,USD
0000008366,WEB,STANDARD,USD
0000008367,WEB,PICKUP,USD
0000008368,WEB,PICKUP,USD
0000008369,MOBILE_APP,STANDARD,USD
0000008370,WEB,STANDARD,USD
0000008371,WEB,EXPRESS,USD
0000008372,WEB,EXPRESS,USD
0000008373,WEB,EXPRESS,USD
0000008374,MOBILE_APP,STANDARD,USD
0000008375,WEB,STANDARD,USD
0000008376,WEB,STANDARD,USD
0000008377,MOBILE_APP,PICKUP,USD
0000008378,MOBILE_APP,STANDARD,USD
0000008379,WEB,STANDARD,USD
0000008380,MOBILE_APP,STANDARD,USD
0000008381,WEB,STANDARD,USD
0000008382,MOBILE_APP,PICKUP,USD
0000008383,WEB,EXPRESS,USD
0000008384,WEB,STANDARD,USD
0000008385,WEB,STANDARD,USD
0000008386,WEB,STANDARD,USD
0000008387,MOBILE_APP,STANDARD,USD
0000008388,MOBILE_APP,PICKUP,USD
0000008389,MOBILE_APP,EXPRESS,USD
0000008390,MOBILE_APP,STANDARD,USD
0000008391,MOBILE_APP,EXPRESS,USD
0000008392,MOBILE_APP,EXPRESS,USD
0000008393,WEB,STANDARD,USD
0000008394,MOBILE_APP,STANDARD,USD
0000008395,WEB,STANDARD,USD
0000008396,MOBILE_APP,STANDARD,USD
0000008397,WEB,EXPRESS,USD
0000008398,WEB,PICKUP,USD
0000008399,MOBILE_APP,STANDARD,USD
0000008400,MOBILE_APP,EXPRESS,USD
0000008401,WEB,EXPRESS,USD
0000008402,MOBILE_APP,STANDARD,USD
0000008403,WEB,STANDARD,USD
0000008404,WEB,PICKUP,USD
0000008405,MOBILE_APP,STANDARD,USD
0000008406,WEB,STANDARD,USD
0000008407,WEB,STANDARD,USD
0000008408,CALL_CENTER,STANDARD,USD
0000008409,MOBILE_APP,STANDARD,USD
0000008410,MOBILE_APP,STANDARD,USD
0000008411,MOBILE_APP,STANDARD,USD
0000008412,MOBILE_APP,STANDARD,USD
0000008413,WEB,STANDARD,USD
0000008414,MOBILE_APP,STANDARD,USD
0000008415,WEB,EXPRESS,USD
0000008416,MOBILE_APP,STANDARD,USD
0000008417,MOBILE_APP,STANDARD,USD
0000008418,MOBILE_APP,STANDARD,USD
0000008419,MOBILE_APP,EXPRESS,USD
0000008420,WEB,EXPRESS,USD
0000008421,WEB,PICKUP,USD
0000008422,WEB,STANDARD,USD
0000008423,WEB,PICKUP,USD
0000008424,WEB,STANDARD,USD
0000008425,MOBILE_APP,STANDARD,USD
0000008426,MOBILE_APP,STANDARD,USD
0000008427,MOBILE_APP,STANDARD,USD
0000008428,WEB,EXPRESS,USD
0000008429,WEB,STANDARD,USD
0000008430,CALL_CENTER,STANDARD,USD
0000008431,CALL_CENTER,STANDARD,USD
0000008432,WEB,STANDARD,USD
0000008433,MOBILE_APP,STANDARD,USD
0000008434,WEB,STANDARD,USD
0000008435,MOBILE_APP,PICKUP,USD
0000008436,MOBILE_APP,STANDARD,USD
0000008437,WEB,PICKUP,USD
0000008438,WEB,PICKUP,USD
0000008439,WEB,STANDARD,USD
0000008440,WEB,STANDARD,USD
0000008441,WEB,EXPRESS,USD
0000008442,MOBILE_APP,STANDARD,USD
0000008443,MOBILE_APP,STANDARD,USD
0000008444,WEB,EXPRESS,USD
0000008445,WEB,EXPRESS,USD
0000008446,MOBILE_APP,STANDARD,USD
0000008447,CALL_CENTER,EXPRESS,USD
0000008448,WEB,PICKUP,USD
0000008449,MOBILE_APP,STANDARD,USD
0000008450,MOBILE_APP,STANDARD,USD
0000008451,WEB,EXPRESS,USD
0000008452,WEB,STANDARD,USD
0000008453,WEB,EXPRESS,USD
0000008454,MOBILE_APP,STANDARD,USD
0000008455,CALL_CENTER,STANDARD,USD
0000008456,MOBILE_APP,STANDARD,USD
0000008457,WEB,PICKUP,USD
0000008458,WEB,EXPRESS,USD
0000008459,MOBILE_APP,STANDARD,USD
0000008460,MOBILE_APP,STANDARD,USD
0000008461,MOBILE_APP,PICKUP,USD
0000008462,WEB,EXPRESS,USD
0000008463,WEB,STANDARD,USD
0000008464,MOBILE_APP,STANDARD,USD
0000008465,WEB,EXPRESS,USD
0000008466,WEB,STANDARD,USD
0000008467,WEB,STANDARD,USD
0000008468,WEB,STANDARD,USD
0000008469,CALL_CENTER,STANDARD,USD
0000008470,WEB,EXPRESS,USD
0000008471,WEB,STANDARD,USD
0000008472,WEB,STANDARD,USD
0000008473,MOBILE_APP,STANDARD,USD
0000008474,MOBILE_APP,STANDARD,USD
0000008475,MOBILE_APP,STANDARD,USD
0000008476,WEB,STANDARD,USD
0000008477,CALL_CENTER,STANDARD,USD
0000008478,WEB,STANDARD,USD
0000008479,WEB,STANDARD,USD
0000008480,MOBILE_APP,STANDARD,USD
0000008481,MOBILE_APP,STANDARD,USD
0000008482,WEB,STANDARD,USD
0000008483,MOBILE_APP,STANDARD,USD
0000008484,MOBILE_APP,STANDARD,USD
0000008485,WEB,PICKUP,USD
0000008486,MOBILE_APP,PICKUP,USD
0000008487,WEB,STANDARD,USD
0000008488,MOBILE_APP,STANDARD,USD
0000008489,WEB,EXPRESS,USD
0000008490,MOBILE_APP,EXPRESS,USD
0000008491,WEB,STANDARD,USD
0000008492,WEB,STANDARD,USD
0000008493,WEB,STANDARD,USD
0000008494,WEB,PICKUP,USD
0000008495,WEB,STANDARD,USD
0000008496,WEB,STANDARD,USD
0000008497,WEB,STANDARD,USD
0000008498,MOBILE_APP,EXPRESS,USD
0000008499,WEB,STANDARD,USD
0000008500,WEB,STANDARD,USD
0000008501,CALL_CENTER,PICKUP,USD
0000008502,MOBILE_APP,STANDARD,USD
0000008503,WEB,STANDARD,USD
0000008504,MOBILE_APP,STANDARD,USD
0000008505,WEB,STANDARD,USD
0000008506,WEB,STANDARD,USD
0000008507,WEB,STANDARD,USD
0000008508,MOBILE_APP,STANDARD,USD
0000008509,MOBILE_APP,EXPRESS,USD
0000008510,MOBILE_APP,EXPRESS,USD
0000008511,WEB,STANDARD,USD
0000008512,WEB,STANDARD,USD
0000008513,WEB,EXPRESS,USD
0000008514,MOBILE_APP,STANDARD,USD
0000008515,MOBILE_APP,STANDARD,USD
0000008516,WEB,STANDARD,USD
0000008517,WEB,PICKUP,USD
0000008518,MOBILE_APP,STANDARD,USD
0000008519,MOBILE_APP,PICKUP,USD
0000008520,MOBILE_APP,STANDARD,USD
0000008521,WEB,STANDARD,USD
0000008522,WEB,STANDARD,USD
0000008523,WEB,PICKUP,USD
0000008524,MOBILE_APP,EXPRESS,USD
0000008525,MOBILE_APP,STANDARD,USD
0000008526,MOBILE_APP,EXPRESS,USD
0000008527,WEB,STANDARD,USD
0000008528,WEB,STANDARD,USD
0000008529,WEB,STANDARD,USD
0000008530,WEB,EXPRESS,USD
0000008531,WEB,STANDARD,USD
0000008532,MOBILE_APP,STANDARD,USD
0000008533,MOBILE_APP,STANDARD,USD
0000008534,MOBILE_APP,STANDARD,USD
0000008535,WEB,STANDARD,USD
0000008536,MOBILE_APP,EXPRESS,USD
0000008537,MOBILE_APP,STANDARD,USD
0000008538,WEB,STANDARD,USD
0000008539,WEB,EXPRESS,USD
0000008540,WEB,EXPRESS,USD
0000008541,WEB,STANDARD,USD
0000008542,WEB,EXPRESS,USD
0000008543,WEB,PICKUP,USD
0000008544,MOBILE_APP,STANDARD,USD
0000008545,CALL_CENTER,STANDARD,USD
0000008546,WEB,EXPRESS,USD
0000008547,WEB,STANDARD,USD
0000008548,MOBILE_APP,STANDARD,USD
0000008549,WEB,STANDARD,USD
0000008550,CALL_CENTER,STANDARD,USD
0000008551,MOBILE_APP,PICKUP,USD
0000008552,WEB,STANDARD,USD
0000008553,WEB,STANDARD,USD
0000008554,WEB,STANDARD,USD
0000008555,WEB,EXPRESS,USD
0000008556,WEB,STANDARD,USD
0000008557,MOBILE_APP,STANDARD,USD
0000008558,MOBILE_APP,PICKUP,USD
0000008559,MOBILE_APP,STANDARD,USD
0000008560,MOBILE_APP,PICKUP,USD
0000008561,MOBILE_APP,PICKUP,USD
0000008562,MOBILE_APP,EXPRESS,USD
0000008563,WEB,STANDARD,USD
0000008564,MOBILE_APP,STANDARD,USD
0000008565,MOBILE_APP,STANDARD,USD
0000008566,WEB,EXPRESS,USD
0000008567,WEB,STANDARD,USD
0000008568,MOBILE_APP,STANDARD,USD
0000008569,WEB,EXPRESS,USD
0000008570,MOBILE_APP,EXPRESS,USD
0000008571,MOBILE_APP,STANDARD,USD
0000008572,WEB,STANDARD,USD
0000008573,WEB,PICKUP,USD
0000008574,MOBILE_APP,STANDARD,USD
0000008575,CALL_CENTER,STANDARD,USD
0000008576,WEB,STANDARD,USD
0000008577,MOBILE_APP,STANDARD,USD
0000008578,MOBILE_APP,STANDARD,USD
0000008579,WEB,EXPRESS,USD
0000008580,WEB,STANDARD,USD
0000008581,CALL_CENTER,EXPRESS,USD
0000008582,MOBILE_APP,STANDARD,USD
0000008583,MOBILE_APP,STANDARD,USD
0000008584,CALL_CENTER,STANDARD,USD
0000008585,WEB,EXPRESS,USD
0000008586,WEB,STANDARD,USD
0000008587,WEB,STANDARD,USD
0000008588,MOBILE_APP,EXPRESS,USD
0000008589,WEB,PICKUP,USD
0000008590,WEB,STANDARD,USD
0000008591,CALL_CENTER,STANDARD,USD
0000008592,WEB,STANDARD,USD
0000008593,MOBILE_APP,EXPRESS,USD
0000008594,WEB,STANDARD,USD
0000008595,WEB,STANDARD,USD
0000008596,CALL_CENTER,EXPRESS,USD
0000008597,WEB,STANDARD,USD
0000008598,MOBILE_APP,STANDARD,USD
0000008599,WEB,STANDARD,USD
0000008600,WEB,STANDARD,USD
0000008601,MOBILE_APP,STANDARD,USD
0000008602,MOBILE_APP,STANDARD,USD
0000008603,WEB,STANDARD,USD
0000008604,WEB,STANDARD,USD
0000008605,WEB,STANDARD,USD
0000008606,MOBILE_APP,STANDARD,USD
0000008607,MOBILE_APP,STANDARD,USD
0000008608,WEB,PICKUP,USD
0000008609,MOBILE_APP,STANDARD,USD
0000008610,MOBILE_APP,STANDARD,USD
0000008611,WEB,EXPRESS,USD
0000008612,WEB,STANDARD,USD
0000008613,WEB,STANDARD,USD
0000008614,MOBILE_APP,EXPRESS,USD
0000008615,WEB,EXPRESS,USD
0000008616,WEB,STANDARD,USD
0000008617,MOBILE_APP,PICKUP,USD
0000008618,MOBILE_APP,STANDARD,USD
0000008619,WEB,EXPRESS,USD
0000008620,WEB,STANDARD,USD
0000008621,MOBILE_APP,STANDARD,USD
0000008622,CALL_CENTER,STANDARD,USD
0000008623,WEB,STANDARD,USD
0000008624,WEB,EXPRESS,USD
0000008625,MOBILE_APP,STANDARD,USD
0000008626,MOBILE_APP,STANDARD,USD
0000008627,MOBILE_APP,STANDARD,USD
0000008628,WEB,STANDARD,USD
0000008629,MOBILE_APP,STANDARD,USD
0000008630,MOBILE_APP,PICKUP,USD
0000008631,WEB,STANDARD,USD
0000008632,WEB,STANDARD,USD
0000008633,WEB,STANDARD,USD
0000008634,MOBILE_APP,STANDARD,USD
0000008635,MOBILE_APP,STANDARD,USD
0000008636,WEB,STANDARD,USD
0000008637,MOBILE_APP,STANDARD,USD
0000008638,MOBILE_APP,STANDARD,USD
0000008639,WEB,EXPRESS,USD
0000008640,WEB,EXPRESS,USD
0000008641,WEB,STANDARD,USD
0000008642,MOBILE_APP,PICKUP,USD
0000008643,WEB,EXPRESS,USD
0000008644,WEB,STANDARD,USD
0000008645,WEB,STANDARD,USD
0000008646,WEB,EXPRESS,USD
0000008647,WEB,STANDARD,USD
0000008648,WEB,PICKUP,USD
0000008649,WEB,STANDARD,USD
0000008650,WEB,STANDARD,USD
0000008651,CALL_CENTER,EXPRESS,USD
0000008652,MOBILE_APP,PICKUP,USD
0000008653,MOBILE_APP,PICKUP,USD
0000008654,MOBILE_APP,STANDARD,USD
0000008655,WEB,STANDARD,USD
0000008656,WEB,STANDARD,USD
0000008657,WEB,STANDARD,USD
0000008658,MOBILE_APP,EXPRESS,USD
0000008659,WEB,STANDARD,USD
0000008660,MOBILE_APP,EXPRESS,USD
0000008661,WEB,STANDARD,USD
0000008662,WEB,STANDARD,USD
0000008663,WEB,STANDARD,USD
0000008664,WEB,STANDARD,USD
0000008665,MOBILE_APP,STANDARD,USD
0000008666,MOBILE_APP,STANDARD,USD
0000008667,WEB,STANDARD,USD
0000008668,WEB,EXPRESS,USD
0000008669,WEB,STANDARD,USD
0000008670,WEB,EXPRESS,USD
0000008671,MOBILE_APP,STANDARD,USD
0000008672,WEB,STANDARD,USD
0000008673,MOBILE_APP,EXPRESS,USD
0000008674,MOBILE_APP,STANDARD,USD
0000008675,WEB,STANDARD,USD
0000008676,MOBILE_APP,STANDARD,USD
0000008677,MOBILE_APP,STANDARD,USD
0000008678,WEB,STANDARD,USD
0000008679,WEB,PICKUP,USD
0000008680,MOBILE_APP,STANDARD,USD
0000008681,MOBILE_APP,STANDARD,USD
0000008682,WEB,EXPRESS,USD
0000008683,MOBILE_APP,STANDARD,USD
0000008684,WEB,STANDARD,USD
0000008685,WEB,STANDARD,USD
0000008686,WEB,STANDARD,USD
0000008687,MOBILE_APP,STANDARD,USD
0000008688,MOBILE_APP,EXPRESS,USD
0000008689,CALL_CENTER,EXPRESS,USD
0000008690,WEB,STANDARD,USD
0000008691,MOBILE_APP,STANDARD,USD
0000008692,WEB,STANDARD,USD
0000008693,MOBILE_APP,STANDARD,USD
0000008694,MOBILE_APP,STANDARD,USD
0000008695,WEB,STANDARD,USD
0000008696,WEB,EXPRESS,USD
0000008697,WEB,EXPRESS,USD
0000008698,WEB,STANDARD,USD
0000008699,MOBILE_APP,STANDARD,USD
0000008700,MOBILE_APP,STANDARD,USD
0000008701,MOBILE_APP,STANDARD,USD
0000008702,WEB,PICKUP,USD
0000008703,WEB,STANDARD,USD
0000008704,MOBILE_APP,STANDARD,USD
0000008705,WEB,STANDARD,USD
0000008706,MOBILE_APP,STANDARD,USD
0000008707,WEB,EXPRESS,USD
0000008708,WEB,EXPRESS,USD
0000008709,MOBILE_APP,STANDARD,USD
0000008710,MOBILE_APP,STANDARD,USD
0000008711,MOBILE_APP,STANDARD,USD
0000008712,CALL_CENTER,STANDARD,USD
0000008713,WEB,STANDARD,USD
0000008714,WEB,EXPRESS,USD
0000008715,WEB,STANDARD,USD
0000008716,CALL_CENTER,EXPRESS,USD
0000008717,WEB,PICKUP,USD
0000008718,WEB,STANDARD,USD
0000008719,WEB,PICKUP,USD
0000008720,WEB,STANDARD,USD
0000008721,MOBILE_APP,STANDARD,USD
0000008722,WEB,STANDARD,USD
0000008723,WEB,STANDARD,USD
0000008724,WEB,EXPRESS,USD
0000008725,MOBILE_APP,EXPRESS,USD
0000008726,WEB,STANDARD,USD
0000008727,WEB,STANDARD,USD
0000008728,MOBILE_APP,STANDARD,USD
0000008729,MOBILE_APP,PICKUP,USD
0000008730,MOBILE_APP,STANDARD,USD
0000008731,WEB,PICKUP,USD
0000008732,WEB,STANDARD,USD
0000008733,WEB,EXPRESS,USD
0000008734,WEB,STANDARD,USD
0000008735,WEB,PICKUP,USD
0000008736,WEB,STANDARD,USD
0000008737,MOBILE_APP,EXPRESS,USD
0000008738,CALL_CENTER,STANDARD,USD
0000008739,MOBILE_APP,STANDARD,USD
0000008740,WEB,STANDARD,USD
0000008741,MOBILE_APP,EXPRESS,USD
0000008742,WEB,EXPRESS,USD
0000008743,WEB,EXPRESS,USD
0000008744,MOBILE_APP,STANDARD,USD
0000008745,CALL_CENTER,STANDARD,USD
0000008746,MOBILE_APP,EXPRESS,USD
0000008747,MOBILE_APP,STANDARD,USD
0000008748,CALL_CENTER,STANDARD,USD
0000008749,MOBILE_APP,STANDARD,USD
0000008750,WEB,STANDARD,USD
0000008751,WEB,PICKUP,USD
0000008752,CALL_CENTER,STANDARD,USD
0000008753,MOBILE_APP,STANDARD,USD
0000008754,WEB,STANDARD,USD
0000008755,MOBILE_APP,PICKUP,USD
0000008756,WEB,EXPRESS,USD
0000008757,MOBILE_APP,STANDARD,USD
0000008758,MOBILE_APP,EXPRESS,USD
0000008759,MOBILE_APP,STANDARD,USD
0000008760,MOBILE_APP,EXPRESS,USD
0000008761,WEB,STANDARD,USD
0000008762,MOBILE_APP,STANDARD,USD
0000008763,MOBILE_APP,STANDARD,USD
0000008764,WEB,PICKUP,USD
0000008765,MOBILE_APP,STANDARD,USD
0000008766,MOBILE_APP,STANDARD,USD
0000008767,WEB,STANDARD,USD
0000008768,WEB,STANDARD,USD
0000008769,MOBILE_APP,STANDARD,USD
0000008770,MOBILE_APP,EXPRESS,USD
0000008771,MOBILE_APP,PICKUP,USD
0000008772,CALL_CENTER,STANDARD,USD
0000008773,WEB,EXPRESS,USD
0000008774,MOBILE_APP,EXPRESS,USD
0000008775,CALL_CENTER,STANDARD,USD
0000008776,WEB,EXPRESS,USD
0000008777,WEB,STANDARD,USD
0000008778,WEB,PICKUP,USD
0000008779,MOBILE_APP,STANDARD,USD
0000008780,WEB,STANDARD,USD
0000008781,WEB,STANDARD,USD
0000008782,WEB,EXPRESS,USD
0000008783,MOBILE_APP,EXPRESS,USD
0000008784,WEB,EXPRESS,USD
0000008785,WEB,STANDARD,USD
0000008786,WEB,STANDARD,USD
0000008787,WEB,STANDARD,USD
0000008788,WEB,EXPRESS,USD
0000008789,WEB,STANDARD,USD
0000008790,WEB,STANDARD,USD
0000008791,MOBILE_APP,STANDARD,USD
0000008792,WEB,STANDARD,USD
0000008793,WEB,STANDARD,USD
0000008794,MOBILE_APP,EXPRESS,USD
0000008795,WEB,STANDARD,USD
0000008796,MOBILE_APP,STANDARD,USD
0000008797,MOBILE_APP,EXPRESS,USD
0000008798,MOBILE_APP,STANDARD,USD
0000008799,MOBILE_APP,STANDARD,USD
0000008800,MOBILE_APP,STANDARD,USD
0000008801,WEB,STANDARD,USD
0000008802,MOBILE_APP,STANDARD,USD
0000008803,MOBILE_APP,STANDARD,USD
0000008804,WEB,STANDARD,USD
0000008805,MOBILE_APP,STANDARD,USD
0000008806,WEB,STANDARD,USD
0000008807,MOBILE_APP,STANDARD,USD
0000008808,MOBILE_APP,STANDARD,USD
0000008809,MOBILE_APP,STANDARD,USD
0000008810,WEB,STANDARD,USD
0000008811,WEB,STANDARD,USD
0000008812,MOBILE_APP,STANDARD,USD
0000008813,MOBILE_APP,EXPRESS,USD
0000008814,MOBILE_APP,STANDARD,USD
0000008815,MOBILE_APP,STANDARD,USD
0000008816,MOBILE_APP,STANDARD,USD
0000008817,WEB,STANDARD,USD
0000008818,WEB,STANDARD,USD
0000008819,MOBILE_APP,EXPRESS,USD
0000008820,MOBILE_APP,STANDARD,USD
0000008821,WEB,STANDARD,USD
0000008822,MOBILE_APP,STANDARD,USD
0000008823,MOBILE_APP,PICKUP,USD
0000008824,MOBILE_APP,STANDARD,USD
0000008825,WEB,STANDARD,USD
0000008826,MOBILE_APP,EXPRESS,USD
0000008827,WEB,STANDARD,USD
0000008828,MOBILE_APP,EXPRESS,USD
0000008829,WEB,STANDARD,USD
0000008830,WEB,PICKUP,USD
0000008831,MOBILE_APP,STANDARD,USD
0000008832,WEB,STANDARD,USD
0000008833,WEB,PICKUP,USD
0000008834,MOBILE_APP,STANDARD,USD
0000008835,MOBILE_APP,STANDARD,USD
0000008836,MOBILE_APP,STANDARD,USD
0000008837,MOBILE_APP,PICKUP,USD
0000008838,MOBILE_APP,STANDARD,USD
0000008839,WEB,PICKUP,USD
0000008840,WEB,STANDARD,USD
0000008841,MOBILE_APP,STANDARD,USD
0000008842,MOBILE_APP,STANDARD,USD
0000008843,MOBILE_APP,STANDARD,USD
0000008844,MOBILE_APP,EXPRESS,USD
0000008845,WEB,PICKUP,USD
0000008846,MOBILE_APP,STANDARD,USD
0000008847,WEB,STANDARD,USD
0000008848,MOBILE_APP,STANDARD,USD
0000008849,WEB,PICKUP,USD
0000008850,MOBILE_APP,STANDARD,USD
0000008851,WEB,STANDARD,USD
0000008852,WEB,STANDARD,USD
0000008853,WEB,PICKUP,USD
0000008854,MOBILE_APP,STANDARD,USD
0000008855,MOBILE_APP,STANDARD,USD
0000008856,WEB,STANDARD,USD
0000008857,WEB,EXPRESS,USD
0000008858,WEB,EXPRESS,USD
0000008859,WEB,EXPRESS,USD
0000008860,WEB,EXPRESS,USD
0000008861,WEB,STANDARD,USD
0000008862,MOBILE_APP,STANDARD,USD
0000008863,WEB,EXPRESS,USD
0000008864,WEB,STANDARD,USD
0000008865,WEB,STANDARD,USD
0000008866,MOBILE_APP,STANDARD,USD
0000008867,WEB,EXPRESS,USD
0000008868,MOBILE_APP,STANDARD,USD
0000008869,WEB,STANDARD,USD
0000008870,WEB,STANDARD,USD
0000008871,MOBILE_APP,STANDARD,USD
0000008872,WEB,STANDARD,USD
0000008873,WEB,PICKUP,USD
0000008874,MOBILE_APP,STANDARD,USD
0000008875,WEB,STANDARD,USD
0000008876,WEB,PICKUP,USD
0000008877,MOBILE_APP,STANDARD,USD
0000008878,MOBILE_APP,EXPRESS,USD
0000008879,MOBILE_APP,STANDARD,USD
0000008880,WEB,STANDARD,USD
0000008881,CALL_CENTER,STANDARD,USD
0000008882,MOBILE_APP,EXPRESS,USD
0000008883,WEB,STANDARD,USD
0000008884,WEB,EXPRESS,USD
0000008885,MOBILE_APP,STANDARD,USD
0000008886,WEB,STANDARD,USD
0000008887,WEB,EXPRESS,USD
0000008888,WEB,STANDARD,USD
0000008889,WEB,STANDARD,USD
0000008890,MOBILE_APP,STANDARD,USD
0000008891,MOBILE_APP,PICKUP,USD
0000008892,WEB,STANDARD,USD
0000008893,MOBILE_APP,PICKUP,USD
0000008894,MOBILE_APP,STANDARD,USD
0000008895,WEB,STANDARD,USD
0000008896,MOBILE_APP,PICKUP,USD
0000008897,WEB,PICKUP,USD
0000008898,WEB,STANDARD,USD
0000008899,MOBILE_APP,STANDARD,USD
0000008900,WEB,STANDARD,USD
0000008901,WEB,STANDARD,USD
0000008902,MOBILE_APP,STANDARD,USD
0000008903,MOBILE_APP,PICKUP,USD
0000008904,MOBILE_APP,STANDARD,USD
0000008905,MOBILE_APP,STANDARD,USD
0000008906,WEB,STANDARD,USD
0000008907,WEB,STANDARD,USD
0000008908,WEB,STANDARD,USD
0000008909,MOBILE_APP,PICKUP,USD
0000008910,WEB,PICKUP,USD
0000008911,MOBILE_APP,STANDARD,USD
0000008912,WEB,EXPRESS,USD
0000008913,WEB,STANDARD,USD
0000008914,WEB,STANDARD,USD
0000008915,WEB,STANDARD,USD
0000008916,WEB,STANDARD,USD
0000008917,MOBILE_APP,STANDARD,USD
0000008918,WEB,STANDARD,USD
0000008919,MOBILE_APP,EXPRESS,USD
0000008920,MOBILE_APP,STANDARD,USD
0000008921,MOBILE_APP,EXPRESS,USD
0000008922,MOBILE_APP,STANDARD,USD
0000008923,MOBILE_APP,EXPRESS,USD
0000008924,WEB,STANDARD,USD
0000008925,WEB,STANDARD,USD
0000008926,WEB,EXPRESS,USD
0000008927,CALL_CENTER,EXPRESS,USD
0000008928,WEB,EXPRESS,USD
0000008929,WEB,STANDARD,USD
0000008930,MOBILE_APP,STANDARD,USD
0000008931,CALL_CENTER,STANDARD,USD
0000008932,WEB,STANDARD,USD
0000008933,MOBILE_APP,STANDARD,USD
0000008934,WEB,STANDARD,USD
0000008935,WEB,STANDARD,USD
0000008936,MOBILE_APP,STANDARD,USD
0000008937,WEB,STANDARD,USD
0000008938,MOBILE_APP,STANDARD,USD
0000008939,WEB,STANDARD,USD
0000008940,WEB,PICKUP,USD
0000008941,WEB,STANDARD,USD
0000008942,WEB,STANDARD,USD
0000008943,WEB,STANDARD,USD
0000008944,WEB,STANDARD,USD
0000008945,MOBILE_APP,STANDARD,USD
0000008946,WEB,STANDARD,USD
0000008947,WEB,PICKUP,USD
0000008948,MOBILE_APP,STANDARD,USD
0000008949,MOBILE_APP,STANDARD,USD
0000008950,MOBILE_APP,STANDARD,USD
0000008951,MOBILE_APP,EXPRESS,USD
0000008952,WEB,EXPRESS,USD
0000008953,WEB,STANDARD,USD
0000008954,MOBILE_APP,STANDARD,USD
0000008955,MOBILE_APP,STANDARD,USD
0000008956,MOBILE_APP,EXPRESS,USD
0000008957,MOBILE_APP,STANDARD,USD
0000008958,WEB,STANDARD,USD
0000008959,MOBILE_APP,EXPRESS,USD
0000008960,MOBILE_APP,STANDARD,USD
0000008961,WEB,STANDARD,USD
0000008962,WEB,EXPRESS,USD
0000008963,WEB,EXPRESS,USD
0000008964,MOBILE_APP,STANDARD,USD
0000008965,WEB,PICKUP,USD
0000008966,MOBILE_APP,STANDARD,USD
0000008967,CALL_CENTER,STANDARD,USD
0000008968,WEB,EXPRESS,USD
0000008969,WEB,STANDARD,USD
0000008970,MOBILE_APP,STANDARD,USD
0000008971,MOBILE_APP,STANDARD,USD
0000008972,MOBILE_APP,STANDARD,USD
0000008973,WEB,STANDARD,USD
0000008974,MOBILE_APP,STANDARD,USD
0000008975,MOBILE_APP,STANDARD,USD
0000008976,MOBILE_APP,STANDARD,USD
0000008977,WEB,STANDARD,USD
0000008978,WEB,EXPRESS,USD
0000008979,MOBILE_APP,EXPRESS,USD
0000008980,MOBILE_APP,STANDARD,USD
0000008981,WEB,STANDARD,USD
0000008982,WEB,STANDARD,USD
0000008983,WEB,STANDARD,USD
0000008984,WEB,STANDARD,USD
0000008985,WEB,STANDARD,USD
0000008986,WEB,STANDARD,USD
0000008987,WEB,STANDARD,USD
0000008988,WEB,STANDARD,USD
0000008989,MOBILE_APP,STANDARD,USD
0000008990,MOBILE_APP,STANDARD,USD
0000008991,WEB,STANDARD,USD
0000008992,MOBILE_APP,STANDARD,USD
0000008993,WEB,STANDARD,USD
0000008994,WEB,EXPRESS,USD
0000008995,WEB,STANDARD,USD
0000008996,WEB,STANDARD,USD
0000008997,CALL_CENTER,EXPRESS,USD
0000008998,MOBILE_APP,EXPRESS,USD
0000008999,MOBILE_APP,STANDARD,USD
0000009000,MOBILE_APP,STANDARD,USD
0000009001,WEB,STANDARD,USD
0000009002,MOBILE_APP,STANDARD,USD
0000009003,WEB,STANDARD,USD
0000009004,CALL_CENTER,EXPRESS,USD
0000009005,MOBILE_APP,STANDARD,USD
0000009006,WEB,STANDARD,USD
0000009007,WEB,PICKUP,USD
0000009008,WEB,STANDARD,USD
0000009009,MOBILE_APP,STANDARD,USD
0000009010,MOBILE_APP,STANDARD,USD
0000009011,MOBILE_APP,STANDARD,USD
0000009012,WEB,STANDARD,USD
0000009013,WEB,STANDARD,USD
0000009014,WEB,EXPRESS,USD
0000009015,MOBILE_APP,STANDARD,USD
0000009016,MOBILE_APP,STANDARD,USD
0000009017,WEB,STANDARD,USD
0000009018,WEB,STANDARD,USD
0000009019,WEB,STANDARD,USD
0000009020,MOBILE_APP,STANDARD,USD
0000009021,WEB,PICKUP,USD
0000009022,WEB,STANDARD,USD
0000009023,MOBILE_APP,STANDARD,USD
0000009024,MOBILE_APP,EXPRESS,USD
0000009025,WEB,PICKUP,USD
0000009026,WEB,EXPRESS,USD
0000009027,WEB,PICKUP,USD
0000009028,WEB,STANDARD,USD
0000009029,WEB,EXPRESS,USD
0000009030,WEB,EXPRESS,USD
0000009031,WEB,STANDARD,USD
0000009032,WEB,PICKUP,USD
0000009033,MOBILE_APP,STANDARD,USD
0000009034,MOBILE_APP,STANDARD,USD
0000009035,CALL_CENTER,STANDARD,USD
0000009036,WEB,EXPRESS,USD
0000009037,WEB,EXPRESS,USD
0000009038,MOBILE_APP,EXPRESS,USD
0000009039,WEB,STANDARD,USD
0000009040,MOBILE_APP,EXPRESS,USD
0000009041,WEB,STANDARD,USD
0000009042,MOBILE_APP,STANDARD,USD
0000009043,MOBILE_APP,STANDARD,USD
0000009044,WEB,STANDARD,USD
0000009045,WEB,EXPRESS,USD
0000009046,WEB,STANDARD,USD
0000009047,MOBILE_APP,STANDARD,USD
0000009048,WEB,STANDARD,USD
0000009049,WEB,EXPRESS,USD
0000009050,MOBILE_APP,STANDARD,USD
0000009051,MOBILE_APP,STANDARD,USD
0000009052,MOBILE_APP,PICKUP,USD
0000009053,WEB,STANDARD,USD
0000009054,WEB,STANDARD,USD
0000009055,WEB,STANDARD,USD
0000009056,WEB,STANDARD,USD
0000009057,MOBILE_APP,STANDARD,USD
0000009058,WEB,STANDARD,USD
0000009059,MOBILE_APP,STANDARD,USD
0000009060,MOBILE_APP,STANDARD,USD
0000009061,MOBILE_APP,PICKUP,USD
0000009062,WEB,STANDARD,USD
0000009063,MOBILE_APP,PICKUP,USD
0000009064,MOBILE_APP,STANDARD,USD
0000009065,WEB,EXPRESS,USD
0000009066,MOBILE_APP,STANDARD,USD
0000009067,WEB,STANDARD,USD
0000009068,WEB,STANDARD,USD
0000009069,WEB,STANDARD,USD
0000009070,MOBILE_APP,STANDARD,USD
0000009071,MOBILE_APP,STANDARD,USD
0000009072,WEB,STANDARD,USD
0000009073,WEB,STANDARD,USD
0000009074,MOBILE_APP,PICKUP,USD
0000009075,WEB,STANDARD,USD
0000009076,MOBILE_APP,STANDARD,USD
0000009077,MOBILE_APP,STANDARD,USD
0000009078,MOBILE_APP,PICKUP,USD
0000009079,WEB,STANDARD,USD
0000009080,WEB,STANDARD,USD
0000009081,WEB,EXPRESS,USD
0000009082,WEB,STANDARD,USD
0000009083,WEB,STANDARD,USD
0000009084,WEB,STANDARD,USD
0000009085,WEB,PICKUP,USD
0000009086,MOBILE_APP,STANDARD,USD
0000009087,CALL_CENTER,PICKUP,USD
0000009088,WEB,STANDARD,USD
0000009089,WEB,STANDARD,USD
0000009090,WEB,EXPRESS,USD
0000009091,CALL_CENTER,STANDARD,USD
0000009092,WEB,STANDARD,USD
0000009093,MOBILE_APP,EXPRESS,USD
0000009094,WEB,STANDARD,USD
0000009095,WEB,STANDARD,USD
0000009096,WEB,EXPRESS,USD
0000009097,MOBILE_APP,STANDARD,USD
0000009098,WEB,STANDARD,USD
0000009099,WEB,PICKUP,USD
0000009100,WEB,PICKUP,USD
0000009101,MOBILE_APP,EXPRESS,USD
0000009102,WEB,STANDARD,USD
0000009103,MOBILE_APP,STANDARD,USD
0000009104,MOBILE_APP,STANDARD,USD
0000009105,WEB,STANDARD,USD
0000009106,MOBILE_APP,STANDARD,USD
0000009107,WEB,STANDARD,USD
0000009108,WEB,STANDARD,USD
0000009109,WEB,STANDARD,USD
0000009110,WEB,PICKUP,USD
0000009111,WEB,EXPRESS,USD
0000009112,MOBILE_APP,EXPRESS,USD
0000009113,WEB,STANDARD,USD
0000009114,WEB,STANDARD,USD
0000009115,MOBILE_APP,EXPRESS,USD
0000009116,MOBILE_APP,PICKUP,USD
0000009117,CALL_CENTER,EXPRESS,USD
0000009118,MOBILE_APP,STANDARD,USD
0000009119,WEB,STANDARD,USD
0000009120,MOBILE_APP,EXPRESS,USD
0000009121,WEB,STANDARD,USD
0000009122,WEB,STANDARD,USD
0000009123,WEB,STANDARD,USD
0000009124,WEB,PICKUP,USD
0000009125,MOBILE_APP,STANDARD,USD
0000009126,WEB,STANDARD,USD
0000009127,MOBILE_APP,EXPRESS,USD
0000009128,MOBILE_APP,EXPRESS,USD
0000009129,MOBILE_APP,PICKUP,USD
0000009130,WEB,EXPRESS,USD
0000009131,MOBILE_APP,STANDARD,USD
0000009132,MOBILE_APP,STANDARD,USD
0000009133,MOBILE_APP,STANDARD,USD
0000009134,WEB,STANDARD,USD
0000009135,WEB,STANDARD,USD
0000009136,WEB,STANDARD,USD
0000009137,WEB,STANDARD,USD
0000009138,MOBILE_APP,PICKUP,USD
0000009139,MOBILE_APP,STANDARD,USD
0000009140,MOBILE_APP,STANDARD,USD
0000009141,WEB,STANDARD,USD
0000009142,WEB,EXPRESS,USD
0000009143,WEB,STANDARD,USD
0000009144,WEB,STANDARD,USD
0000009145,WEB,STANDARD,USD
0000009146,MOBILE_APP,EXPRESS,USD
0000009147,MOBILE_APP,STANDARD,USD
0000009148,MOBILE_APP,STANDARD,USD
0000009149,WEB,STANDARD,USD
0000009150,WEB,EXPRESS,USD
0000009151,MOBILE_APP,EXPRESS,USD
0000009152,WEB,STANDARD,USD
0000009153,MOBILE_APP,EXPRESS,USD
0000009154,MOBILE_APP,STANDARD,USD
0000009155,WEB,STANDARD,USD
0000009156,MOBILE_APP,STANDARD,USD
0000009157,WEB,STANDARD,USD
0000009158,MOBILE_APP,STANDARD,USD
0000009159,MOBILE_APP,STANDARD,USD
0000009160,MOBILE_APP,STANDARD,USD
0000009161,WEB,STANDARD,USD
0000009162,WEB,STANDARD,USD
0000009163,WEB,STANDARD,USD
0000009164,CALL_CENTER,PICKUP,USD
0000009165,CALL_CENTER,EXPRESS,USD
0000009166,CALL_CENTER,EXPRESS,USD
0000009167,MOBILE_APP,STANDARD,USD
0000009168,MOBILE_APP,PICKUP,USD
0000009169,WEB,STANDARD,USD
0000009170,WEB,PICKUP,USD
0000009171,MOBILE_APP,STANDARD,USD
0000009172,WEB,PICKUP,USD
0000009173,WEB,STANDARD,USD
0000009174,CALL_CENTER,STANDARD,USD
0000009175,WEB,STANDARD,USD
0000009176,MOBILE_APP,STANDARD,USD
0000009177,WEB,EXPRESS,USD
0000009178,MOBILE_APP,STANDARD,USD
0000009179,WEB,EXPRESS,USD
0000009180,WEB,STANDARD,USD
0000009181,MOBILE_APP,STANDARD,USD
0000009182,WEB,EXPRESS,USD
0000009183,MOBILE_APP,STANDARD,USD
0000009184,WEB,STANDARD,USD
0000009185,MOBILE_APP,EXPRESS,USD
0000009186,WEB,EXPRESS,USD
0000009187,CALL_CENTER,STANDARD,USD
0000009188,MOBILE_APP,STANDARD,USD
0000009189,WEB,PICKUP,USD
0000009190,WEB,STANDARD,USD
0000009191,MOBILE_APP,STANDARD,USD
0000009192,WEB,STANDARD,USD
0000009193,MOBILE_APP,EXPRESS,USD
0000009194,WEB,STANDARD,USD
0000009195,WEB,STANDARD,USD
0000009196,MOBILE_APP,STANDARD,USD
0000009197,MOBILE_APP,STANDARD,USD
0000009198,WEB,STANDARD,USD
0000009199,WEB,STANDARD,USD
0000009200,WEB,PICKUP,USD
0000009201,MOBILE_APP,STANDARD,USD
0000009202,MOBILE_APP,EXPRESS,USD
0000009203,WEB,STANDARD,USD
0000009204,MOBILE_APP,STANDARD,USD
0000009205,WEB,STANDARD,USD
0000009206,CALL_CENTER,EXPRESS,USD
0000009207,WEB,STANDARD,USD
0000009208,WEB,STANDARD,USD
0000009209,MOBILE_APP,STANDARD,USD
0000009210,MOBILE_APP,STANDARD,USD
0000009211,WEB,STANDARD,USD
0000009212,WEB,STANDARD,USD
0000009213,WEB,STANDARD,USD
0000009214,WEB,EXPRESS,USD
0000009215,MOBILE_APP,STANDARD,USD
0000009216,WEB,STANDARD,USD
0000009217,MOBILE_APP,STANDARD,USD
0000009218,MOBILE_APP,STANDARD,USD
0000009219,MOBILE_APP,STANDARD,USD
0000009220,MOBILE_APP,STANDARD,USD
0000009221,MOBILE_APP,STANDARD,USD
0000009222,WEB,STANDARD,USD
0000009223,MOBILE_APP,STANDARD,USD
0000009224,MOBILE_APP,EXPRESS,USD
0000009225,WEB,EXPRESS,USD
0000009226,MOBILE_APP,STANDARD,USD
0000009227,WEB,STANDARD,USD
0000009228,WEB,STANDARD,USD
0000009229,MOBILE_APP,STANDARD,USD
0000009230,WEB,STANDARD,USD
0000009231,WEB,STANDARD,USD
0000009232,MOBILE_APP,STANDARD,USD
0000009233,WEB,STANDARD,USD
0000009234,MOBILE_APP,STANDARD,USD
0000009235,CALL_CENTER,STANDARD,USD
0000009236,MOBILE_APP,STANDARD,USD
0000009237,WEB,STANDARD,USD
0000009238,WEB,STANDARD,USD
0000009239,WEB,PICKUP,USD
0000009240,MOBILE_APP,STANDARD,USD
0000009241,WEB,PICKUP,USD
0000009242,WEB,STANDARD,USD
0000009243,WEB,PICKUP,USD
0000009244,WEB,STANDARD,USD
0000009245,WEB,STANDARD,USD
0000009246,WEB,STANDARD,USD
0000009247,CALL_CENTER,STANDARD,USD
0000009248,WEB,STANDARD,USD
0000009249,MOBILE_APP,STANDARD,USD
0000009250,WEB,STANDARD,USD
0000009251,WEB,PICKUP,USD
0000009252,MOBILE_APP,STANDARD,USD
0000009253,MOBILE_APP,EXPRESS,USD
0000009254,WEB,EXPRESS,USD
0000009255,WEB,STANDARD,USD
0000009256,WEB,STANDARD,USD
0000009257,WEB,EXPRESS,USD
0000009258,WEB,STANDARD,USD
0000009259,MOBILE_APP,STANDARD,USD
0000009260,WEB,EXPRESS,USD
0000009261,WEB,STANDARD,USD
0000009262,WEB,STANDARD,USD
0000009263,MOBILE_APP,STANDARD,USD
0000009264,MOBILE_APP,EXPRESS,USD
0000009265,CALL_CENTER,STANDARD,USD
0000009266,CALL_CENTER,STANDARD,USD
0000009267,MOBILE_APP,EXPRESS,USD
0000009268,WEB,STANDARD,USD
0000009269,WEB,STANDARD,USD
0000009270,WEB,STANDARD,USD
0000009271,WEB,STANDARD,USD
0000009272,MOBILE_APP,STANDARD,USD
0000009273,WEB,STANDARD,USD
0000009274,WEB,STANDARD,USD
0000009275,MOBILE_APP,STANDARD,USD
0000009276,WEB,STANDARD,USD
0000009277,MOBILE_APP,STANDARD,USD
0000009278,CALL_CENTER,EXPRESS,USD
0000009279,WEB,STANDARD,USD
0000009280,WEB,STANDARD,USD
0000009281,WEB,EXPRESS,USD
0000009282,MOBILE_APP,STANDARD,USD
0000009283,MOBILE_APP,PICKUP,USD
0000009284,WEB,STANDARD,USD
0000009285,MOBILE_APP,STANDARD,USD
0000009286,MOBILE_APP,STANDARD,USD
0000009287,WEB,STANDARD,USD
0000009288,WEB,STANDARD,USD
0000009289,WEB,EXPRESS,USD
0000009290,WEB,STANDARD,USD
0000009291,WEB,STANDARD,USD
0000009292,WEB,STANDARD,USD
0000009293,CALL_CENTER,STANDARD,USD
0000009294,WEB,EXPRESS,USD
0000009295,MOBILE_APP,EXPRESS,USD
0000009296,WEB,STANDARD,USD
0000009297,WEB,EXPRESS,USD
0000009298,MOBILE_APP,STANDARD,USD
0000009299,MOBILE_APP,STANDARD,USD
0000009300,WEB,STANDARD,USD
0000009301,WEB,STANDARD,USD
0000009302,WEB,STANDARD,USD
0000009303,WEB,EXPRESS,USD
0000009304,MOBILE_APP,STANDARD,USD
0000009305,WEB,STANDARD,USD
0000009306,CALL_CENTER,STANDARD,USD
0000009307,MOBILE_APP,EXPRESS,USD
0000009308,MOBILE_APP,STANDARD,USD
0000009309,MOBILE_APP,EXPRESS,USD
0000009310,MOBILE_APP,PICKUP,USD
0000009311,WEB,STANDARD,USD
0000009312,WEB,EXPRESS,USD
0000009313,WEB,PICKUP,USD
0000009314,WEB,STANDARD,USD
0000009315,WEB,STANDARD,USD
0000009316,MOBILE_APP,STANDARD,USD
0000009317,WEB,PICKUP,USD
0000009318,MOBILE_APP,PICKUP,USD
0000009319,WEB,STANDARD,USD
0000009320,MOBILE_APP,EXPRESS,USD
0000009321,MOBILE_APP,PICKUP,USD
0000009322,MOBILE_APP,EXPRESS,USD
0000009323,MOBILE_APP,STANDARD,USD
0000009324,WEB,STANDARD,USD
0000009325,MOBILE_APP,STANDARD,USD
0000009326,CALL_CENTER,STANDARD,USD
0000009327,MOBILE_APP,PICKUP,USD
0000009328,WEB,STANDARD,USD
0000009329,MOBILE_APP,PICKUP,USD
0000009330,WEB,EXPRESS,USD
0000009331,WEB,EXPRESS,USD
0000009332,MOBILE_APP,STANDARD,USD
0000009333,WEB,STANDARD,USD
0000009334,WEB,PICKUP,USD
0000009335,WEB,PICKUP,USD
0000009336,WEB,STANDARD,USD
0000009337,WEB,STANDARD,USD
0000009338,MOBILE_APP,EXPRESS,USD
0000009339,MOBILE_APP,EXPRESS,USD
0000009340,WEB,STANDARD,USD
0000009341,WEB,STANDARD,USD
0000009342,WEB,STANDARD,USD
0000009343,MOBILE_APP,STANDARD,USD
0000009344,WEB,STANDARD,USD
0000009345,MOBILE_APP,STANDARD,USD
0000009346,WEB,EXPRESS,USD
0000009347,MOBILE_APP,PICKUP,USD
0000009348,WEB,STANDARD,USD
0000009349,MOBILE_APP,EXPRESS,USD
0000009350,CALL_CENTER,STANDARD,USD
0000009351,WEB,STANDARD,USD
0000009352,WEB,STANDARD,USD
0000009353,WEB,STANDARD,USD
0000009354,WEB,STANDARD,USD
0000009355,MOBILE_APP,STANDARD,USD
0000009356,WEB,STANDARD,USD
0000009357,WEB,STANDARD,USD
0000009358,WEB,STANDARD,USD
0000009359,MOBILE_APP,STANDARD,USD
0000009360,MOBILE_APP,STANDARD,USD
0000009361,WEB,STANDARD,USD
0000009362,MOBILE_APP,STANDARD,USD
0000009363,MOBILE_APP,STANDARD,USD
0000009364,MOBILE_APP,STANDARD,USD
0000009365,MOBILE_APP,STANDARD,USD
0000009366,CALL_CENTER,STANDARD,USD
0000009367,MOBILE_APP,STANDARD,USD
0000009368,MOBILE_APP,PICKUP,USD
0000009369,WEB,STANDARD,USD
0000009370,MOBILE_APP,STANDARD,USD
0000009371,CALL_CENTER,EXPRESS,USD
0000009372,WEB,STANDARD,USD
0000009373,WEB,STANDARD,USD
0000009374,MOBILE_APP,STANDARD,USD
0000009375,MOBILE_APP,PICKUP,USD
0000009376,MOBILE_APP,STANDARD,USD
0000009377,WEB,STANDARD,USD
0000009378,MOBILE_APP,STANDARD,USD
0000009379,MOBILE_APP,STANDARD,USD
0000009380,WEB,STANDARD,USD
0000009381,WEB,STANDARD,USD
0000009382,MOBILE_APP,STANDARD,USD
0000009383,WEB,EXPRESS,USD
0000009384,WEB,STANDARD,USD
0000009385,CALL_CENTER,STANDARD,USD
0000009386,WEB,STANDARD,USD
0000009387,WEB,EXPRESS,USD
0000009388,MOBILE_APP,STANDARD,USD
0000009389,MOBILE_APP,STANDARD,USD
0000009390,WEB,STANDARD,USD
0000009391,WEB,STANDARD,USD
0000009392,WEB,STANDARD,USD
0000009393,WEB,STANDARD,USD
0000009394,CALL_CENTER,EXPRESS,USD
0000009395,WEB,STANDARD,USD
0000009396,MOBILE_APP,STANDARD,USD
0000009397,WEB,EXPRESS,USD
0000009398,WEB,STANDARD,USD
0000009399,WEB,STANDARD,USD
0000009400,MOBILE_APP,STANDARD,USD
0000009401,WEB,STANDARD,USD
0000009402,WEB,STANDARD,USD
0000009403,WEB,EXPRESS,USD
0000009404,WEB,EXPRESS,USD
0000009405,WEB,STANDARD,USD
0000009406,WEB,STANDARD,USD
0000009407,MOBILE_APP,STANDARD,USD
0000009408,CALL_CENTER,STANDARD,USD
0000009409,MOBILE_APP,STANDARD,USD
0000009410,MOBILE_APP,EXPRESS,USD
0000009411,WEB,STANDARD,USD
0000009412,WEB,EXPRESS,USD
0000009413,MOBILE_APP,STANDARD,USD
0000009414,WEB,STANDARD,USD
0000009415,MOBILE_APP,STANDARD,USD
0000009416,WEB,STANDARD,USD
0000009417,WEB,EXPRESS,USD
0000009418,WEB,STANDARD,USD
0000009419,MOBILE_APP,STANDARD,USD
0000009420,WEB,EXPRESS,USD
0000009421,MOBILE_APP,STANDARD,USD
0000009422,WEB,STANDARD,USD
0000009423,MOBILE_APP,STANDARD,USD
0000009424,MOBILE_APP,PICKUP,USD
0000009425,WEB,STANDARD,USD
0000009426,CALL_CENTER,PICKUP,USD
0000009427,WEB,STANDARD,USD
0000009428,WEB,STANDARD,USD
0000009429,WEB,EXPRESS,USD
0000009430,MOBILE_APP,STANDARD,USD
0000009431,MOBILE_APP,STANDARD,USD
0000009432,MOBILE_APP,STANDARD,USD
0000009433,WEB,STANDARD,USD
0000009434,MOBILE_APP,STANDARD,USD
0000009435,WEB,PICKUP,USD
0000009436,MOBILE_APP,EXPRESS,USD
0000009437,MOBILE_APP,STANDARD,USD
0000009438,WEB,STANDARD,USD
0000009439,WEB,PICKUP,USD
0000009440,WEB,STANDARD,USD
0000009441,MOBILE_APP,STANDARD,USD
0000009442,MOBILE_APP,STANDARD,USD
0000009443,WEB,PICKUP,USD
0000009444,MOBILE_APP,STANDARD,USD
0000009445,WEB,STANDARD,USD
0000009446,MOBILE_APP,STANDARD,USD
0000009447,MOBILE_APP,STANDARD,USD
0000009448,CALL_CENTER,STANDARD,USD
0000009449,CALL_CENTER,STANDARD,USD
0000009450,WEB,EXPRESS,USD
0000009451,MOBILE_APP,STANDARD,USD
0000009452,MOBILE_APP,STANDARD,USD
0000009453,MOBILE_APP,STANDARD,USD
0000009454,WEB,STANDARD,USD
0000009455,WEB,STANDARD,USD
0000009456,WEB,EXPRESS,USD
0000009457,MOBILE_APP,STANDARD,USD
0000009458,WEB,STANDARD,USD
0000009459,MOBILE_APP,STANDARD,USD
0000009460,CALL_CENTER,PICKUP,USD
0000009461,WEB,EXPRESS,USD
0000009462,MOBILE_APP,STANDARD,USD
0000009463,MOBILE_APP,STANDARD,USD
0000009464,WEB,STANDARD,USD
0000009465,MOBILE_APP,PICKUP,USD
0000009466,WEB,STANDARD,USD
0000009467,WEB,STANDARD,USD
0000009468,MOBILE_APP,EXPRESS,USD
0000009469,MOBILE_APP,STANDARD,USD
0000009470,MOBILE_APP,STANDARD,USD
0000009471,MOBILE_APP,STANDARD,USD
0000009472,WEB,STANDARD,USD
0000009473,MOBILE_APP,STANDARD,USD
0000009474,MOBILE_APP,PICKUP,USD
0000009475,MOBILE_APP,STANDARD,USD
0000009476,WEB,STANDARD,USD
0000009477,MOBILE_APP,PICKUP,USD
0000009478,MOBILE_APP,STANDARD,USD
0000009479,CALL_CENTER,STANDARD,USD
0000009480,MOBILE_APP,STANDARD,USD
0000009481,MOBILE_APP,PICKUP,USD
0000009482,WEB,PICKUP,USD
0000009483,MOBILE_APP,STANDARD,USD
0000009484,WEB,STANDARD,USD
0000009485,WEB,STANDARD,USD
0000009486,WEB,STANDARD,USD
0000009487,WEB,STANDARD,USD
0000009488,WEB,STANDARD,USD
0000009489,WEB,EXPRESS,USD
0000009490,MOBILE_APP,STANDARD,USD
0000009491,WEB,STANDARD,USD
0000009492,MOBILE_APP,STANDARD,USD
0000009493,WEB,STANDARD,USD
0000009494,MOBILE_APP,EXPRESS,USD
0000009495,MOBILE_APP,STANDARD,USD
0000009496,WEB,STANDARD,USD
0000009497,WEB,STANDARD,USD
0000009498,WEB,STANDARD,USD
0000009499,MOBILE_APP,STANDARD,USD
0000009500,WEB,EXPRESS,USD
0000009501,WEB,STANDARD,USD
0000009502,WEB,EXPRESS,USD
0000009503,WEB,STANDARD,USD
0000009504,WEB,STANDARD,USD
0000009505,MOBILE_APP,STANDARD,USD
0000009506,WEB,STANDARD,USD
0000009507,WEB,STANDARD,USD
0000009508,MOBILE_APP,EXPRESS,USD
0000009509,MOBILE_APP,EXPRESS,USD
0000009510,CALL_CENTER,PICKUP,USD
0000009511,WEB,STANDARD,USD
0000009512,MOBILE_APP,STANDARD,USD
0000009513,MOBILE_APP,STANDARD,USD
0000009514,WEB,STANDARD,USD
0000009515,WEB,STANDARD,USD
0000009516,WEB,STANDARD,USD
0000009517,WEB,STANDARD,USD
0000009518,WEB,STANDARD,USD
0000009519,MOBILE_APP,EXPRESS,USD
0000009520,MOBILE_APP,EXPRESS,USD
0000009521,WEB,EXPRESS,USD
0000009522,WEB,STANDARD,USD
0000009523,WEB,EXPRESS,USD
0000009524,WEB,STANDARD,USD
0000009525,MOBILE_APP,STANDARD,USD
0000009526,MOBILE_APP,STANDARD,USD
0000009527,MOBILE_APP,STANDARD,USD
0000009528,MOBILE_APP,STANDARD,USD
0000009529,MOBILE_APP,STANDARD,USD
0000009530,MOBILE_APP,STANDARD,USD
0000009531,WEB,EXPRESS,USD
0000009532,WEB,STANDARD,USD
0000009533,WEB,EXPRESS,USD
0000009534,CALL_CENTER,STANDARD,USD
0000009535,MOBILE_APP,STANDARD,USD
0000009536,MOBILE_APP,STANDARD,USD
0000009537,WEB,STANDARD,USD
0000009538,WEB,EXPRESS,USD
0000009539,WEB,EXPRESS,USD
0000009540,CALL_CENTER,STANDARD,USD
0000009541,MOBILE_APP,STANDARD,USD
0000009542,WEB,STANDARD,USD
0000009543,WEB,STANDARD,USD
0000009544,MOBILE_APP,PICKUP,USD
0000009545,MOBILE_APP,EXPRESS,USD
0000009546,WEB,STANDARD,USD
0000009547,CALL_CENTER,EXPRESS,USD
0000009548,MOBILE_APP,STANDARD,USD
0000009549,WEB,STANDARD,USD
0000009550,WEB,STANDARD,USD
0000009551,WEB,STANDARD,USD
0000009552,WEB,STANDARD,USD
0000009553,WEB,STANDARD,USD
0000009554,MOBILE_APP,STANDARD,USD
0000009555,MOBILE_APP,STANDARD,USD
0000009556,WEB,STANDARD,USD
0000009557,WEB,STANDARD,USD
0000009558,CALL_CENTER,STANDARD,USD
0000009559,WEB,STANDARD,USD
0000009560,WEB,STANDARD,USD
0000009561,WEB,STANDARD,USD
0000009562,CALL_CENTER,EXPRESS,USD
0000009563,MOBILE_APP,STANDARD,USD
0000009564,WEB,STANDARD,USD
0000009565,WEB,EXPRESS,USD
0000009566,WEB,STANDARD,USD
0000009567,MOBILE_APP,EXPRESS,USD
0000009568,WEB,STANDARD,USD
0000009569,MOBILE_APP,EXPRESS,USD
0000009570,CALL_CENTER,STANDARD,USD
0000009571,MOBILE_APP,STANDARD,USD
0000009572,WEB,EXPRESS,USD
0000009573,MOBILE_APP,EXPRESS,USD
0000009574,MOBILE_APP,STANDARD,USD
0000009575,WEB,STANDARD,USD
0000009576,WEB,STANDARD,USD
0000009577,MOBILE_APP,STANDARD,USD
0000009578,WEB,STANDARD,USD
0000009579,WEB,STANDARD,USD
0000009580,WEB,STANDARD,USD
0000009581,WEB,STANDARD,USD
0000009582,MOBILE_APP,STANDARD,USD
0000009583,MOBILE_APP,STANDARD,USD
0000009584,MOBILE_APP,STANDARD,USD
0000009585,MOBILE_APP,STANDARD,USD
0000009586,MOBILE_APP,STANDARD,USD
0000009587,WEB,STANDARD,USD
0000009588,WEB,STANDARD,USD
0000009589,WEB,STANDARD,USD
0000009590,WEB,STANDARD,USD
0000009591,MOBILE_APP,STANDARD,USD
0000009592,WEB,EXPRESS,USD
0000009593,WEB,STANDARD,USD
0000009594,WEB,STANDARD,USD
0000009595,WEB,STANDARD,USD
0000009596,WEB,STANDARD,USD
0000009597,WEB,STANDARD,USD
0000009598,WEB,EXPRESS,USD
0000009599,MOBILE_APP,EXPRESS,USD
0000009600,MOBILE_APP,EXPRESS,USD
0000009601,MOBILE_APP,PICKUP,USD
0000009602,MOBILE_APP,PICKUP,USD
0000009603,WEB,STANDARD,USD
0000009604,MOBILE_APP,STANDARD,USD
0000009605,WEB,PICKUP,USD
0000009606,WEB,EXPRESS,USD
0000009607,WEB,STANDARD,USD
0000009608,MOBILE_APP,EXPRESS,USD
0000009609,WEB,STANDARD,USD
0000009610,MOBILE_APP,PICKUP,USD
0000009611,MOBILE_APP,STANDARD,USD
0000009612,WEB,STANDARD,USD
0000009613,WEB,EXPRESS,USD
0000009614,MOBILE_APP,STANDARD,USD
0000009615,MOBILE_APP,EXPRESS,USD
0000009616,MOBILE_APP,STANDARD,USD
0000009617,MOBILE_APP,STANDARD,USD
0000009618,MOBILE_APP,STANDARD,USD
0000009619,MOBILE_APP,STANDARD,USD
0000009620,MOBILE_APP,STANDARD,USD
0000009621,WEB,STANDARD,USD
0000009622,WEB,STANDARD,USD
0000009623,WEB,EXPRESS,USD
0000009624,WEB,EXPRESS,USD
0000009625,WEB,STANDARD,USD
0000009626,MOBILE_APP,STANDARD,USD
0000009627,MOBILE_APP,EXPRESS,USD
0000009628,MOBILE_APP,PICKUP,USD
0000009629,WEB,STANDARD,USD
0000009630,WEB,STANDARD,USD
0000009631,WEB,PICKUP,USD
0000009632,WEB,EXPRESS,USD
0000009633,WEB,STANDARD,USD
0000009634,MOBILE_APP,STANDARD,USD
0000009635,WEB,STANDARD,USD
0000009636,WEB,PICKUP,USD
0000009637,MOBILE_APP,STANDARD,USD
0000009638,WEB,STANDARD,USD
0000009639,WEB,EXPRESS,USD
0000009640,WEB,STANDARD,USD
0000009641,MOBILE_APP,STANDARD,USD
0000009642,WEB,STANDARD,USD
0000009643,MOBILE_APP,STANDARD,USD
0000009644,MOBILE_APP,STANDARD,USD
0000009645,MOBILE_APP,EXPRESS,USD
0000009646,WEB,EXPRESS,USD
0000009647,MOBILE_APP,EXPRESS,USD
0000009648,MOBILE_APP,PICKUP,USD
0000009649,WEB,STANDARD,USD
0000009650,CALL_CENTER,STANDARD,USD
0000009651,WEB,PICKUP,USD
0000009652,WEB,PICKUP,USD
0000009653,MOBILE_APP,STANDARD,USD
0000009654,MOBILE_APP,STANDARD,USD
0000009655,MOBILE_APP,STANDARD,USD
0000009656,WEB,STANDARD,USD
0000009657,WEB,STANDARD,USD
0000009658,MOBILE_APP,STANDARD,USD
0000009659,WEB,STANDARD,USD
0000009660,MOBILE_APP,STANDARD,USD
0000009661,WEB,PICKUP,USD
0000009662,WEB,EXPRESS,USD
0000009663,MOBILE_APP,STANDARD,USD
0000009664,WEB,EXPRESS,USD
0000009665,MOBILE_APP,PICKUP,USD
0000009666,MOBILE_APP,EXPRESS,USD
0000009667,WEB,STANDARD,USD
0000009668,WEB,STANDARD,USD
0000009669,WEB,STANDARD,USD
0000009670,WEB,STANDARD,USD
0000009671,MOBILE_APP,STANDARD,USD
0000009672,MOBILE_APP,STANDARD,USD
0000009673,WEB,STANDARD,USD
0000009674,WEB,STANDARD,USD
0000009675,MOBILE_APP,STANDARD,USD
0000009676,WEB,STANDARD,USD
0000009677,MOBILE_APP,STANDARD,USD
0000009678,WEB,STANDARD,USD
0000009679,MOBILE_APP,EXPRESS,USD
0000009680,MOBILE_APP,EXPRESS,USD
0000009681,WEB,STANDARD,USD
0000009682,MOBILE_APP,STANDARD,USD
0000009683,CALL_CENTER,STANDARD,USD
0000009684,MOBILE_APP,STANDARD,USD
0000009685,MOBILE_APP,STANDARD,USD
0000009686,MOBILE_APP,STANDARD,USD
0000009687,MOBILE_APP,STANDARD,USD
0000009688,MOBILE_APP,STANDARD,USD
0000009689,WEB,STANDARD,USD
0000009690,MOBILE_APP,STANDARD,USD
0000009691,WEB,STANDARD,USD
0000009692,MOBILE_APP,EXPRESS,USD
0000009693,WEB,STANDARD,USD
0000009694,WEB,STANDARD,USD
0000009695,MOBILE_APP,STANDARD,USD
0000009696,MOBILE_APP,STANDARD,USD
0000009697,WEB,EXPRESS,USD
0000009698,MOBILE_APP,EXPRESS,USD
0000009699,MOBILE_APP,EXPRESS,USD
0000009700,WEB,EXPRESS,USD
0000009701,WEB,PICKUP,USD
0000009702,MOBILE_APP,STANDARD,USD
0000009703,MOBILE_APP,STANDARD,USD
0000009704,MOBILE_APP,EXPRESS,USD
0000009705,WEB,STANDARD,USD
0000009706,WEB,EXPRESS,USD
0000009707,MOBILE_APP,EXPRESS,USD
0000009708,WEB,STANDARD,USD
0000009709,WEB,EXPRESS,USD
0000009710,WEB,STANDARD,USD
0000009711,WEB,STANDARD,USD
0000009712,MOBILE_APP,STANDARD,USD
0000009713,WEB,STANDARD,USD
0000009714,WEB,STANDARD,USD
0000009715,MOBILE_APP,STANDARD,USD
0000009716,WEB,EXPRESS,USD
0000009717,WEB,STANDARD,USD
0000009718,WEB,STANDARD,USD
0000009719,MOBILE_APP,STANDARD,USD
0000009720,WEB,EXPRESS,USD
0000009721,WEB,STANDARD,USD
0000009722,MOBILE_APP,STANDARD,USD
0000009723,MOBILE_APP,STANDARD,USD
0000009724,WEB,EXPRESS,USD
0000009725,WEB,STANDARD,USD
0000009726,WEB,STANDARD,USD
0000009727,MOBILE_APP,STANDARD,USD
0000009728,WEB,STANDARD,USD
0000009729,WEB,PICKUP,USD
0000009730,MOBILE_APP,EXPRESS,USD
0000009731,WEB,EXPRESS,USD
0000009732,WEB,STANDARD,USD
0000009733,WEB,EXPRESS,USD
0000009734,MOBILE_APP,PICKUP,USD
0000009735,WEB,STANDARD,USD
0000009736,WEB,STANDARD,USD
0000009737,MOBILE_APP,EXPRESS,USD
0000009738,WEB,STANDARD,USD
0000009739,MOBILE_APP,EXPRESS,USD
0000009740,WEB,EXPRESS,USD
0000009741,MOBILE_APP,STANDARD,USD
0000009742,WEB,STANDARD,USD
0000009743,WEB,PICKUP,USD
0000009744,WEB,STANDARD,USD
0000009745,WEB,PICKUP,USD
0000009746,WEB,EXPRESS,USD
0000009747,WEB,PICKUP,USD
0000009748,WEB,PICKUP,USD
0000009749,MOBILE_APP,EXPRESS,USD
0000009750,MOBILE_APP,STANDARD,USD
0000009751,WEB,EXPRESS,USD
0000009752,WEB,STANDARD,USD
0000009753,WEB,STANDARD,USD
0000009754,WEB,STANDARD,USD
0000009755,WEB,STANDARD,USD
0000009756,WEB,PICKUP,USD
0000009757,WEB,STANDARD,USD
0000009758,MOBILE_APP,PICKUP,USD
0000009759,WEB,STANDARD,USD
0000009760,WEB,STANDARD,USD
0000009761,MOBILE_APP,STANDARD,USD
0000009762,WEB,PICKUP,USD
0000009763,WEB,STANDARD,USD
0000009764,WEB,EXPRESS,USD
0000009765,WEB,STANDARD,USD
0000009766,MOBILE_APP,STANDARD,USD
0000009767,WEB,EXPRESS,USD
0000009768,MOBILE_APP,STANDARD,USD
0000009769,CALL_CENTER,STANDARD,USD
0000009770,MOBILE_APP,STANDARD,USD
0000009771,WEB,STANDARD,USD
0000009772,WEB,STANDARD,USD
0000009773,WEB,STANDARD,USD
0000009774,WEB,PICKUP,USD
0000009775,WEB,EXPRESS,USD
0000009776,WEB,STANDARD,USD
0000009777,WEB,STANDARD,USD
0000009778,WEB,STANDARD,USD
0000009779,WEB,STANDARD,USD
0000009780,MOBILE_APP,PICKUP,USD
0000009781,MOBILE_APP,STANDARD,USD
0000009782,WEB,STANDARD,USD
0000009783,WEB,EXPRESS,USD
0000009784,MOBILE_APP,EXPRESS,USD
0000009785,WEB,EXPRESS,USD
0000009786,WEB,PICKUP,USD
0000009787,WEB,STANDARD,USD
0000009788,WEB,STANDARD,USD
0000009789,WEB,STANDARD,USD
0000009790,MOBILE_APP,STANDARD,USD
0000009791,WEB,STANDARD,USD
0000009792,WEB,STANDARD,USD
0000009793,CALL_CENTER,PICKUP,USD
0000009794,WEB,STANDARD,USD
0000009795,WEB,STANDARD,USD
0000009796,WEB,STANDARD,USD
0000009797,WEB,STANDARD,USD
0000009798,WEB,EXPRESS,USD
0000009799,MOBILE_APP,EXPRESS,USD
0000009800,WEB,STANDARD,USD
0000009801,WEB,STANDARD,USD
0000009802,WEB,STANDARD,USD
0000009803,CALL_CENTER,EXPRESS,USD
0000009804,WEB,STANDARD,USD
0000009805,WEB,STANDARD,USD
0000009806,MOBILE_APP,STANDARD,USD
0000009807,WEB,STANDARD,USD
0000009808,WEB,PICKUP,USD
0000009809,WEB,STANDARD,USD
0000009810,WEB,STANDARD,USD
0000009811,MOBILE_APP,STANDARD,USD
0000009812,MOBILE_APP,STANDARD,USD
0000009813,MOBILE_APP,STANDARD,USD
0000009814,WEB,STANDARD,USD
0000009815,MOBILE_APP,STANDARD,USD
0000009816,MOBILE_APP,STANDARD,USD
0000009817,WEB,STANDARD,USD
0000009818,WEB,EXPRESS,USD
0000009819,WEB,EXPRESS,USD
0000009820,WEB,STANDARD,USD
0000009821,WEB,STANDARD,USD
0000009822,MOBILE_APP,STANDARD,USD
0000009823,WEB,EXPRESS,USD
0000009824,WEB,STANDARD,USD
0000009825,MOBILE_APP,STANDARD,USD
0000009826,MOBILE_APP,STANDARD,USD
0000009827,WEB,EXPRESS,USD
0000009828,WEB,STANDARD,USD
0000009829,WEB,STANDARD,USD
0000009830,MOBILE_APP,EXPRESS,USD
0000009831,WEB,STANDARD,USD
0000009832,MOBILE_APP,STANDARD,USD
0000009833,MOBILE_APP,STANDARD,USD
0000009834,WEB,STANDARD,USD
0000009835,MOBILE_APP,STANDARD,USD
0000009836,MOBILE_APP,STANDARD,USD
0000009837,WEB,STANDARD,USD
0000009838,MOBILE_APP,STANDARD,USD
0000009839,WEB,STANDARD,USD
0000009840,WEB,STANDARD,USD
0000009841,MOBILE_APP,STANDARD,USD
0000009842,WEB,EXPRESS,USD
0000009843,MOBILE_APP,STANDARD,USD
0000009844,WEB,EXPRESS,USD
0000009845,WEB,PICKUP,USD
0000009846,MOBILE_APP,STANDARD,USD
0000009847,WEB,STANDARD,USD
0000009848,MOBILE_APP,EXPRESS,USD
0000009849,MOBILE_APP,STANDARD,USD
0000009850,WEB,STANDARD,USD
0000009851,WEB,PICKUP,USD
0000009852,WEB,STANDARD,USD
0000009853,WEB,STANDARD,USD
0000009854,MOBILE_APP,EXPRESS,USD
0000009855,WEB,STANDARD,USD
0000009856,WEB,STANDARD,USD
0000009857,WEB,EXPRESS,USD
0000009858,WEB,STANDARD,USD
0000009859,MOBILE_APP,STANDARD,USD
0000009860,WEB,STANDARD,USD
0000009861,MOBILE_APP,STANDARD,USD
0000009862,WEB,STANDARD,USD
0000009863,WEB,STANDARD,USD
0000009864,MOBILE_APP,EXPRESS,USD
0000009865,WEB,STANDARD,USD
0000009866,WEB,EXPRESS,USD
0000009867,WEB,STANDARD,USD
0000009868,WEB,STANDARD,USD
0000009869,MOBILE_APP,STANDARD,USD
0000009870,WEB,STANDARD,USD
0000009871,MOBILE_APP,STANDARD,USD
0000009872,MOBILE_APP,STANDARD,USD
0000009873,MOBILE_APP,PICKUP,USD
0000009874,WEB,STANDARD,USD
0000009875,MOBILE_APP,EXPRESS,USD
0000009876,MOBILE_APP,STANDARD,USD
0000009877,MOBILE_APP,STANDARD,USD
0000009878,MOBILE_APP,STANDARD,USD
0000009879,MOBILE_APP,STANDARD,USD
0000009880,WEB,STANDARD,USD
0000009881,CALL_CENTER,STANDARD,USD
0000009882,WEB,STANDARD,USD
0000009883,WEB,STANDARD,USD
0000009884,WEB,STANDARD,USD
0000009885,MOBILE_APP,PICKUP,USD
0000009886,WEB,STANDARD,USD
0000009887,WEB,EXPRESS,USD
0000009888,MOBILE_APP,STANDARD,USD
0000009889,WEB,STANDARD,USD
0000009890,MOBILE_APP,PICKUP,USD
0000009891,WEB,STANDARD,USD
0000009892,WEB,STANDARD,USD
0000009893,WEB,STANDARD,USD
0000009894,MOBILE_APP,STANDARD,USD
0000009895,MOBILE_APP,EXPRESS,USD
0000009896,WEB,STANDARD,USD
0000009897,MOBILE_APP,STANDARD,USD
0000009898,MOBILE_APP,STANDARD,USD
0000009899,MOBILE_APP,STANDARD,USD
0000009900,WEB,STANDARD,USD
0000009901,MOBILE_APP,STANDARD,USD
0000009902,MOBILE_APP,STANDARD,USD
0000009903,MOBILE_APP,PICKUP,USD
0000009904,WEB,STANDARD,USD
0000009905,WEB,EXPRESS,USD
0000009906,WEB,STANDARD,USD
0000009907,CALL_CENTER,EXPRESS,USD
0000009908,MOBILE_APP,EXPRESS,USD
0000009909,WEB,STANDARD,USD
0000009910,WEB,STANDARD,USD
0000009911,WEB,STANDARD,USD
0000009912,WEB,STANDARD,USD
0000009913,MOBILE_APP,EXPRESS,USD
0000009914,WEB,STANDARD,USD
0000009915,WEB,EXPRESS,USD
0000009916,WEB,STANDARD,USD
0000009917,WEB,STANDARD,USD
0000009918,MOBILE_APP,STANDARD,USD
0000009919,WEB,STANDARD,USD
0000009920,WEB,STANDARD,USD
0000009921,WEB,STANDARD,USD
0000009922,WEB,STANDARD,USD
0000009923,MOBILE_APP,STANDARD,USD
0000009924,MOBILE_APP,STANDARD,USD
0000009925,MOBILE_APP,PICKUP,USD
0000009926,MOBILE_APP,STANDARD,USD
0000009927,WEB,STANDARD,USD
0000009928,WEB,STANDARD,USD
0000009929,CALL_CENTER,STANDARD,USD
0000009930,MOBILE_APP,STANDARD,USD
0000009931,WEB,STANDARD,USD
0000009932,CALL_CENTER,PICKUP,USD
0000009933,WEB,PICKUP,USD
0000009934,WEB,STANDARD,USD
0000009935,MOBILE_APP,STANDARD,USD
0000009936,MOBILE_APP,EXPRESS,USD
0000009937,WEB,STANDARD,USD
0000009938,WEB,EXPRESS,USD
0000009939,WEB,STANDARD,USD
0000009940,WEB,STANDARD,USD
0000009941,MOBILE_APP,STANDARD,USD
0000009942,WEB,STANDARD,USD
0000009943,MOBILE_APP,PICKUP,USD
0000009944,MOBILE_APP,PICKUP,USD
0000009945,MOBILE_APP,STANDARD,USD
0000009946,WEB,STANDARD,USD
0000009947,WEB,EXPRESS,USD
0000009948,MOBILE_APP,STANDARD,USD
0000009949,WEB,STANDARD,USD
0000009950,MOBILE_APP,EXPRESS,USD
0000009951,MOBILE_APP,PICKUP,USD
0000009952,WEB,STANDARD,USD
0000009953,MOBILE_APP,EXPRESS,USD
0000009954,CALL_CENTER,STANDARD,USD
0000009955,MOBILE_APP,STANDARD,USD
0000009956,WEB,STANDARD,USD
0000009957,WEB,STANDARD,USD
0000009958,WEB,STANDARD,USD
0000009959,WEB,EXPRESS,USD
0000009960,MOBILE_APP,STANDARD,USD
0000009961,WEB,STANDARD,USD
0000009962,WEB,STANDARD,USD
0000009963,WEB,STANDARD,USD
0000009964,WEB,STANDARD,USD
0000009965,WEB,STANDARD,USD
0000009966,WEB,STANDARD,USD
0000009967,WEB,STANDARD,USD
0000009968,MOBILE_APP,EXPRESS,USD
0000009969,WEB,STANDARD,USD
0000009970,WEB,STANDARD,USD
0000009971,WEB,STANDARD,USD
0000009972,WEB,STANDARD,USD
0000009973,MOBILE_APP,STANDARD,USD
0000009974,MOBILE_APP,STANDARD,USD
0000009975,MOBILE_APP,STANDARD,USD
0000009976,MOBILE_APP,EXPRESS,USD
0000009977,MOBILE_APP,PICKUP,USD
0000009978,MOBILE_APP,EXPRESS,USD
0000009979,WEB,STANDARD,USD
0000009980,MOBILE_APP,STANDARD,USD
0000009981,WEB,EXPRESS,USD
0000009982,WEB,STANDARD,USD
0000009983,MOBILE_APP,STANDARD,USD
0000009984,MOBILE_APP,STANDARD,USD
0000009985,WEB,STANDARD,USD
0000009986,MOBILE_APP,EXPRESS,USD
0000009987,WEB,STANDARD,USD
0000009988,WEB,STANDARD,USD
0000009989,MOBILE_APP,PICKUP,USD
0000009990,MOBILE_APP,PICKUP,USD
0000009991,MOBILE_APP,STANDARD,USD
0000009992,WEB,STANDARD,USD
0000009993,WEB,EXPRESS,USD
0000009994,WEB,EXPRESS,USD
0000009995,MOBILE_APP,STANDARD,USD
0000009996,WEB,EXPRESS,USD
0000009997,WEB,STANDARD,USD
0000009998,WEB,EXPRESS,USD
0000009999,MOBILE_APP,EXPRESS,USD
0000010000,WEB,STANDARD,USD
0000010001,WEB,EXPRESS,USD
0000010002,WEB,STANDARD,USD
0000010003,CALL_CENTER,STANDARD,USD
0000010004,WEB,PICKUP,USD
0000010005,WEB,STANDARD,USD
0000010006,WEB,STANDARD,USD
0000010007,WEB,STANDARD,USD
0000010008,WEB,STANDARD,USD
0000010009,WEB,STANDARD,USD
0000010010,MOBILE_APP,STANDARD,USD
0000010011,WEB,STANDARD,USD
0000010012,MOBILE_APP,EXPRESS,USD
0000010013,WEB,STANDARD,USD
0000010014,MOBILE_APP,STANDARD,USD
0000010015,WEB,STANDARD,USD
0000010016,WEB,PICKUP,USD
0000010017,MOBILE_APP,STANDARD,USD
0000010018,MOBILE_APP,STANDARD,USD
0000010019,WEB,STANDARD,USD
0000010020,MOBILE_APP,STANDARD,USD
0000010021,MOBILE_APP,EXPRESS,USD
0000010022,WEB,PICKUP,USD
0000010023,CALL_CENTER,PICKUP,USD
0000010024,WEB,STANDARD,USD
0000010025,MOBILE_APP,EXPRESS,USD
0000010026,WEB,PICKUP,USD
0000010027,MOBILE_APP,STANDARD,USD
0000010028,WEB,STANDARD,USD
0000010029,MOBILE_APP,STANDARD,USD
0000010030,MOBILE_APP,STANDARD,USD
0000010031,MOBILE_APP,STANDARD,USD
0000010032,CALL_CENTER,STANDARD,USD
0000010033,WEB,EXPRESS,USD
0000010034,WEB,STANDARD,USD
0000010035,WEB,STANDARD,USD
0000010036,MOBILE_APP,STANDARD,USD
0000010037,WEB,STANDARD,USD
0000010038,MOBILE_APP,EXPRESS,USD
0000010039,MOBILE_APP,EXPRESS,USD
0000010040,MOBILE_APP,STANDARD,USD
0000010041,WEB,STANDARD,USD
0000010042,MOBILE_APP,PICKUP,USD
0000010043,WEB,STANDARD,USD
0000010044,WEB,EXPRESS,USD
0000010045,MOBILE_APP,STANDARD,USD
0000010046,MOBILE_APP,STANDARD,USD
0000010047,WEB,EXPRESS,USD
0000010048,MOBILE_APP,STANDARD,USD
0000010049,WEB,PICKUP,USD
0000010050,MOBILE_APP,EXPRESS,USD
0000010051,MOBILE_APP,STANDARD,USD
0000010052,WEB,EXPRESS,USD
0000010053,MOBILE_APP,STANDARD,USD
0000010054,WEB,STANDARD,USD
0000010055,MOBILE_APP,STANDARD,USD
0000010056,WEB,STANDARD,USD
0000010057,WEB,STANDARD,USD
0000010058,WEB,STANDARD,USD
0000010059,MOBILE_APP,STANDARD,USD
0000010060,WEB,STANDARD,USD
0000010061,MOBILE_APP,STANDARD,USD
0000010062,MOBILE_APP,STANDARD,USD
0000010063,WEB,STANDARD,USD
0000010064,WEB,STANDARD,USD
0000010065,MOBILE_APP,STANDARD,USD
0000010066,WEB,PICKUP,USD
0000010067,WEB,STANDARD,USD
0000010068,WEB,EXPRESS,USD
0000010069,MOBILE_APP,STANDARD,USD
0000010070,MOBILE_APP,PICKUP,USD
0000010071,WEB,EXPRESS,USD
0000010072,MOBILE_APP,PICKUP,USD
0000010073,MOBILE_APP,STANDARD,USD
0000010074,WEB,STANDARD,USD
0000010075,MOBILE_APP,STANDARD,USD
0000010076,MOBILE_APP,STANDARD,USD
0000010077,MOBILE_APP,STANDARD,USD
0000010078,WEB,STANDARD,USD
0000010079,WEB,PICKUP,USD
0000010080,MOBILE_APP,EXPRESS,USD
0000010081,MOBILE_APP,EXPRESS,USD
0000010082,MOBILE_APP,EXPRESS,USD
0000010083,WEB,STANDARD,USD
0000010084,MOBILE_APP,STANDARD,USD
0000010085,WEB,STANDARD,USD
0000010086,MOBILE_APP,EXPRESS,USD
0000010087,WEB,EXPRESS,USD
0000010088,MOBILE_APP,STANDARD,USD
0000010089,WEB,STANDARD,USD
0000010090,WEB,STANDARD,USD
0000010091,MOBILE_APP,PICKUP,USD
0000010092,WEB,EXPRESS,USD
0000010093,MOBILE_APP,STANDARD,USD
0000010094,WEB,STANDARD,USD
0000010095,CALL_CENTER,STANDARD,USD
0000010096,CALL_CENTER,STANDARD,USD
0000010097,WEB,STANDARD,USD
0000010098,MOBILE_APP,STANDARD,USD
0000010099,MOBILE_APP,STANDARD,USD
0000010100,WEB,EXPRESS,USD
0000010101,WEB,STANDARD,USD
0000010102,WEB,STANDARD,USD
0000010103,WEB,EXPRESS,USD
0000010104,WEB,STANDARD,USD
0000010105,WEB,STANDARD,USD
0000010106,MOBILE_APP,STANDARD,USD
0000010107,WEB,STANDARD,USD
0000010108,WEB,STANDARD,USD
0000010109,MOBILE_APP,STANDARD,USD
0000010110,WEB,STANDARD,USD
0000010111,WEB,STANDARD,USD
0000010112,WEB,STANDARD,USD
0000010113,WEB,STANDARD,USD
0000010114,MOBILE_APP,STANDARD,USD
0000010115,WEB,PICKUP,USD
0000010116,MOBILE_APP,PICKUP,USD
0000010117,MOBILE_APP,EXPRESS,USD
0000010118,WEB,STANDARD,USD
0000010119,WEB,STANDARD,USD
0000010120,WEB,STANDARD,USD
0000010121,WEB,STANDARD,USD
0000010122,MOBILE_APP,EXPRESS,USD
0000010123,WEB,EXPRESS,USD
0000010124,WEB,STANDARD,USD
0000010125,WEB,PICKUP,USD
0000010126,MOBILE_APP,STANDARD,USD
0000010127,WEB,STANDARD,USD
0000010128,WEB,PICKUP,USD
0000010129,MOBILE_APP,STANDARD,USD
0000010130,WEB,STANDARD,USD
0000010131,WEB,STANDARD,USD
0000010132,MOBILE_APP,PICKUP,USD
0000010133,WEB,STANDARD,USD
0000010134,WEB,STANDARD,USD
0000010135,WEB,STANDARD,USD
0000010136,WEB,EXPRESS,USD
0000010137,WEB,EXPRESS,USD
0000010138,WEB,EXPRESS,USD
0000010139,WEB,STANDARD,USD
0000010140,MOBILE_APP,STANDARD,USD
0000010141,WEB,STANDARD,USD
0000010142,WEB,STANDARD,USD
0000010143,MOBILE_APP,EXPRESS,USD
0000010144,MOBILE_APP,STANDARD,USD
0000010145,WEB,STANDARD,USD
0000010146,WEB,PICKUP,USD
0000010147,WEB,PICKUP,USD
0000010148,WEB,STANDARD,USD
0000010149,WEB,STANDARD,USD
0000010150,MOBILE_APP,PICKUP,USD
0000010151,WEB,STANDARD,USD
0000010152,WEB,STANDARD,USD
0000010153,WEB,EXPRESS,USD
0000010154,WEB,STANDARD,USD
0000010155,WEB,STANDARD,USD
0000010156,MOBILE_APP,STANDARD,USD
0000010157,WEB,EXPRESS,USD
0000010158,CALL_CENTER,STANDARD,USD
0000010159,MOBILE_APP,STANDARD,USD
0000010160,WEB,EXPRESS,USD
0000010161,WEB,STANDARD,USD
0000010162,WEB,STANDARD,USD
0000010163,MOBILE_APP,EXPRESS,USD
0000010164,WEB,STANDARD,USD
0000010165,MOBILE_APP,EXPRESS,USD
0000010166,WEB,STANDARD,USD
0000010167,MOBILE_APP,STANDARD,USD
0000010168,MOBILE_APP,EXPRESS,USD
0000010169,MOBILE_APP,STANDARD,USD
0000010170,WEB,STANDARD,USD
0000010171,MOBILE_APP,STANDARD,USD
0000010172,MOBILE_APP,STANDARD,USD
0000010173,WEB,STANDARD,USD
0000010174,MOBILE_APP,STANDARD,USD
0000010175,MOBILE_APP,STANDARD,USD
0000010176,MOBILE_APP,STANDARD,USD
0000010177,MOBILE_APP,EXPRESS,USD
0000010178,MOBILE_APP,PICKUP,USD
0000010179,WEB,STANDARD,USD
0000010180,WEB,STANDARD,USD
0000010181,WEB,STANDARD,USD
0000010182,WEB,EXPRESS,USD
0000010183,WEB,STANDARD,USD
0000010184,WEB,STANDARD,USD
0000010185,WEB,STANDARD,USD
0000010186,WEB,EXPRESS,USD
0000010187,MOBILE_APP,STANDARD,USD
0000010188,MOBILE_APP,EXPRESS,USD
0000010189,MOBILE_APP,EXPRESS,USD
0000010190,WEB,STANDARD,USD
0000010191,WEB,STANDARD,USD
0000010192,WEB,STANDARD,USD
0000010193,WEB,STANDARD,USD
0000010194,MOBILE_APP,STANDARD,USD
0000010195,WEB,PICKUP,USD
0000010196,WEB,STANDARD,USD
0000010197,MOBILE_APP,STANDARD,USD
0000010198,MOBILE_APP,STANDARD,USD
0000010199,MOBILE_APP,EXPRESS,USD
0000010200,WEB,EXPRESS,USD
0000010201,WEB,STANDARD,USD
0000010202,CALL_CENTER,STANDARD,USD
0000010203,MOBILE_APP,STANDARD,USD
0000010204,WEB,STANDARD,USD
0000010205,MOBILE_APP,STANDARD,USD
0000010206,WEB,PICKUP,USD
0000010207,WEB,PICKUP,USD
0000010208,MOBILE_APP,STANDARD,USD
0000010209,WEB,STANDARD,USD
0000010210,WEB,STANDARD,USD
0000010211,MOBILE_APP,PICKUP,USD
0000010212,MOBILE_APP,PICKUP,USD
0000010213,CALL_CENTER,STANDARD,USD
0000010214,WEB,PICKUP,USD
0000010215,WEB,EXPRESS,USD
0000010216,MOBILE_APP,STANDARD,USD
0000010217,WEB,STANDARD,USD
0000010218,MOBILE_APP,EXPRESS,USD
0000010219,WEB,STANDARD,USD
0000010220,MOBILE_APP,STANDARD,USD
0000010221,MOBILE_APP,EXPRESS,USD
0000010222,WEB,STANDARD,USD
0000010223,WEB,STANDARD,USD
0000010224,WEB,PICKUP,USD
0000010225,WEB,STANDARD,USD
0000010226,MOBILE_APP,EXPRESS,USD
0000010227,WEB,STANDARD,USD
0000010228,WEB,STANDARD,USD
0000010229,MOBILE_APP,STANDARD,USD
0000010230,MOBILE_APP,EXPRESS,USD
0000010231,MOBILE_APP,STANDARD,USD
0000010232,WEB,STANDARD,USD
0000010233,MOBILE_APP,EXPRESS,USD
0000010234,WEB,PICKUP,USD
0000010235,MOBILE_APP,STANDARD,USD
0000010236,MOBILE_APP,STANDARD,USD
0000010237,WEB,STANDARD,USD
0000010238,WEB,STANDARD,USD
0000010239,MOBILE_APP,PICKUP,USD
0000010240,WEB,PICKUP,USD
0000010241,MOBILE_APP,STANDARD,USD
0000010242,WEB,PICKUP,USD
0000010243,WEB,STANDARD,USD
0000010244,MOBILE_APP,EXPRESS,USD
0000010245,WEB,PICKUP,USD
0000010246,MOBILE_APP,STANDARD,USD
0000010247,CALL_CENTER,STANDARD,USD
0000010248,CALL_CENTER,STANDARD,USD
0000010249,WEB,STANDARD,USD
0000010250,MOBILE_APP,STANDARD,USD
0000010251,WEB,STANDARD,USD
0000010252,MOBILE_APP,STANDARD,USD
0000010253,WEB,STANDARD,USD
0000010254,WEB,EXPRESS,USD
0000010255,MOBILE_APP,STANDARD,USD
0000010256,MOBILE_APP,STANDARD,USD
0000010257,WEB,STANDARD,USD
0000010258,MOBILE_APP,STANDARD,USD
0000010259,MOBILE_APP,STANDARD,USD
0000010260,WEB,STANDARD,USD
0000010261,WEB,STANDARD,USD
0000010262,MOBILE_APP,STANDARD,USD
0000010263,WEB,PICKUP,USD
0000010264,MOBILE_APP,STANDARD,USD
0000010265,MOBILE_APP,STANDARD,USD
0000010266,WEB,PICKUP,USD
0000010267,WEB,STANDARD,USD
0000010268,MOBILE_APP,STANDARD,USD
0000010269,WEB,STANDARD,USD
0000010270,MOBILE_APP,EXPRESS,USD
0000010271,MOBILE_APP,STANDARD,USD
0000010272,WEB,STANDARD,USD
0000010273,WEB,STANDARD,USD
0000010274,WEB,STANDARD,USD
0000010275,WEB,STANDARD,USD
0000010276,CALL_CENTER,STANDARD,USD
0000010277,WEB,EXPRESS,USD
0000010278,MOBILE_APP,STANDARD,USD
0000010279,MOBILE_APP,STANDARD,USD
0000010280,MOBILE_APP,STANDARD,USD
0000010281,WEB,STANDARD,USD
0000010282,WEB,STANDARD,USD
0000010283,WEB,STANDARD,USD
0000010284,MOBILE_APP,STANDARD,USD
0000010285,MOBILE_APP,STANDARD,USD
0000010286,CALL_CENTER,STANDARD,USD
0000010287,MOBILE_APP,STANDARD,USD
0000010288,MOBILE_APP,PICKUP,USD
0000010289,WEB,STANDARD,USD
0000010290,WEB,STANDARD,USD
0000010291,MOBILE_APP,EXPRESS,USD
0000010292,MOBILE_APP,STANDARD,USD
0000010293,CALL_CENTER,PICKUP,USD
0000010294,MOBILE_APP,STANDARD,USD
0000010295,CALL_CENTER,STANDARD,USD
0000010296,MOBILE_APP,STANDARD,USD
0000010297,WEB,PICKUP,USD
0000010298,CALL_CENTER,EXPRESS,USD
0000010299,WEB,STANDARD,USD
0000010300,WEB,STANDARD,USD
0000010301,MOBILE_APP,STANDARD,USD
0000010302,WEB,STANDARD,USD
0000010303,WEB,EXPRESS,USD
0000010304,WEB,STANDARD,USD
0000010305,MOBILE_APP,EXPRESS,USD
0000010306,MOBILE_APP,PICKUP,USD
0000010307,WEB,STANDARD,USD
0000010308,WEB,STANDARD,USD
0000010309,WEB,STANDARD,USD
0000010310,MOBILE_APP,PICKUP,USD
0000010311,WEB,STANDARD,USD
0000010312,WEB,PICKUP,USD
0000010313,WEB,STANDARD,USD
0000010314,WEB,STANDARD,USD
0000010315,WEB,STANDARD,USD
0000010316,WEB,STANDARD,USD
0000010317,MOBILE_APP,STANDARD,USD
0000010318,WEB,STANDARD,USD
0000010319,MOBILE_APP,EXPRESS,USD
0000010320,MOBILE_APP,STANDARD,USD
0000010321,MOBILE_APP,EXPRESS,USD
0000010322,MOBILE_APP,STANDARD,USD
0000010323,WEB,STANDARD,USD
0000010324,WEB,STANDARD,USD
0000010325,WEB,STANDARD,USD
0000010326,MOBILE_APP,STANDARD,USD
0000010327,CALL_CENTER,PICKUP,USD
0000010328,WEB,STANDARD,USD
0000010329,MOBILE_APP,STANDARD,USD
0000010330,WEB,STANDARD,USD
0000010331,CALL_CENTER,EXPRESS,USD
0000010332,MOBILE_APP,PICKUP,USD
0000010333,MOBILE_APP,STANDARD,USD
0000010334,MOBILE_APP,STANDARD,USD
0000010335,WEB,EXPRESS,USD
0000010336,WEB,STANDARD,USD
0000010337,WEB,STANDARD,USD
0000010338,MOBILE_APP,STANDARD,USD
0000010339,MOBILE_APP,STANDARD,USD
0000010340,MOBILE_APP,STANDARD,USD
0000010341,CALL_CENTER,STANDARD,USD
0000010342,WEB,STANDARD,USD
0000010343,MOBILE_APP,STANDARD,USD
0000010344,MOBILE_APP,STANDARD,USD
0000010345,MOBILE_APP,STANDARD,USD
0000010346,MOBILE_APP,STANDARD,USD
0000010347,WEB,STANDARD,USD
0000010348,WEB,PICKUP,USD
0000010349,WEB,STANDARD,USD
0000010350,WEB,EXPRESS,USD
0000010351,WEB,STANDARD,USD
0000010352,MOBILE_APP,STANDARD,USD
0000010353,MOBILE_APP,PICKUP,USD
0000010354,MOBILE_APP,STANDARD,USD
0000010355,WEB,STANDARD,USD
0000010356,MOBILE_APP,PICKUP,USD
0000010357,WEB,STANDARD,USD
0000010358,MOBILE_APP,STANDARD,USD
0000010359,WEB,STANDARD,USD
0000010360,WEB,STANDARD,USD
0000010361,WEB,STANDARD,USD
0000010362,WEB,STANDARD,USD
0000010363,MOBILE_APP,EXPRESS,USD
0000010364,WEB,STANDARD,USD
0000010365,MOBILE_APP,STANDARD,USD
0000010366,CALL_CENTER,EXPRESS,USD
0000010367,WEB,STANDARD,USD
0000010368,WEB,STANDARD,USD
0000010369,WEB,STANDARD,USD
0000010370,MOBILE_APP,EXPRESS,USD
0000010371,MOBILE_APP,PICKUP,USD
0000010372,WEB,STANDARD,USD
0000010373,WEB,STANDARD,USD
0000010374,WEB,STANDARD,USD
0000010375,WEB,PICKUP,USD
0000010376,WEB,STANDARD,USD
0000010377,MOBILE_APP,STANDARD,USD
0000010378,WEB,STANDARD,USD
0000010379,WEB,PICKUP,USD
0000010380,MOBILE_APP,STANDARD,USD
0000010381,MOBILE_APP,STANDARD,USD
0000010382,WEB,STANDARD,USD
0000010383,WEB,STANDARD,USD
0000010384,WEB,PICKUP,USD
0000010385,WEB,STANDARD,USD
0000010386,CALL_CENTER,EXPRESS,USD
0000010387,WEB,STANDARD,USD
0000010388,MOBILE_APP,EXPRESS,USD
0000010389,WEB,STANDARD,USD
0000010390,WEB,EXPRESS,USD
0000010391,WEB,PICKUP,USD
0000010392,CALL_CENTER,STANDARD,USD
0000010393,WEB,EXPRESS,USD
0000010394,WEB,PICKUP,USD
0000010395,MOBILE_APP,STANDARD,USD
0000010396,WEB,STANDARD,USD
0000010397,MOBILE_APP,STANDARD,USD
0000010398,MOBILE_APP,PICKUP,USD
0000010399,WEB,STANDARD,USD
0000010400,MOBILE_APP,STANDARD,USD
0000010401,WEB,STANDARD,USD
0000010402,WEB,STANDARD,USD
0000010403,MOBILE_APP,STANDARD,USD
0000010404,MOBILE_APP,STANDARD,USD
0000010405,MOBILE_APP,STANDARD,USD
0000010406,WEB,STANDARD,USD
0000010407,MOBILE_APP,STANDARD,USD
0000010408,WEB,STANDARD,USD
0000010409,WEB,STANDARD,USD
0000010410,WEB,STANDARD,USD
0000010411,MOBILE_APP,STANDARD,USD
0000010412,WEB,STANDARD,USD
0000010413,WEB,PICKUP,USD
0000010414,WEB,STANDARD,USD
0000010415,MOBILE_APP,STANDARD,USD
0000010416,WEB,STANDARD,USD
0000010417,WEB,STANDARD,USD
0000010418,MOBILE_APP,STANDARD,USD
0000010419,MOBILE_APP,STANDARD,USD
0000010420,WEB,STANDARD,USD
0000010421,MOBILE_APP,STANDARD,USD
0000010422,WEB,STANDARD,USD
0000010423,MOBILE_APP,STANDARD,USD
0000010424,MOBILE_APP,STANDARD,USD
0000010425,MOBILE_APP,STANDARD,USD
0000010426,CALL_CENTER,STANDARD,USD
0000010427,WEB,STANDARD,USD
0000010428,MOBILE_APP,STANDARD,USD
0000010429,WEB,EXPRESS,USD
0000010430,CALL_CENTER,STANDARD,USD
0000010431,MOBILE_APP,STANDARD,USD
0000010432,MOBILE_APP,STANDARD,USD
0000010433,CALL_CENTER,STANDARD,USD
0000010434,MOBILE_APP,STANDARD,USD
0000010435,MOBILE_APP,STANDARD,USD
0000010436,WEB,STANDARD,USD
0000010437,WEB,PICKUP,USD
0000010438,WEB,EXPRESS,USD
0000010439,WEB,STANDARD,USD
0000010440,WEB,STANDARD,USD
0000010441,WEB,STANDARD,USD
0000010442,WEB,EXPRESS,USD
0000010443,WEB,STANDARD,USD
0000010444,WEB,STANDARD,USD
0000010445,WEB,STANDARD,USD
0000010446,WEB,EXPRESS,USD
0000010447,WEB,STANDARD,USD
0000010448,MOBILE_APP,STANDARD,USD
0000010449,WEB,STANDARD,USD
0000010450,WEB,STANDARD,USD
0000010451,WEB,EXPRESS,USD
0000010452,MOBILE_APP,PICKUP,USD
0000010453,WEB,STANDARD,USD
0000010454,MOBILE_APP,EXPRESS,USD
0000010455,WEB,STANDARD,USD
0000010456,WEB,STANDARD,USD
0000010457,MOBILE_APP,EXPRESS,USD
0000010458,MOBILE_APP,EXPRESS,USD
0000010459,MOBILE_APP,STANDARD,USD
0000010460,WEB,PICKUP,USD
0000010461,MOBILE_APP,STANDARD,USD
0000010462,MOBILE_APP,EXPRESS,USD
0000010463,MOBILE_APP,EXPRESS,USD
0000010464,CALL_CENTER,PICKUP,USD
0000010465,WEB,STANDARD,USD
0000010466,MOBILE_APP,STANDARD,USD
0000010467,MOBILE_APP,STANDARD,USD
0000010468,MOBILE_APP,STANDARD,USD
0000010469,MOBILE_APP,STANDARD,USD
0000010470,WEB,STANDARD,USD
0000010471,WEB,EXPRESS,USD
0000010472,WEB,STANDARD,USD
0000010473,WEB,STANDARD,USD
0000010474,MOBILE_APP,EXPRESS,USD
0000010475,MOBILE_APP,STANDARD,USD
0000010476,WEB,EXPRESS,USD
0000010477,CALL_CENTER,STANDARD,USD
0000010478,MOBILE_APP,STANDARD,USD
0000010479,WEB,STANDARD,USD
0000010480,MOBILE_APP,EXPRESS,USD
0000010481,MOBILE_APP,EXPRESS,USD
0000010482,MOBILE_APP,STANDARD,USD
0000010483,WEB,STANDARD,USD
0000010484,MOBILE_APP,PICKUP,USD
0000010485,MOBILE_APP,EXPRESS,USD
0000010486,WEB,STANDARD,USD
0000010487,CALL_CENTER,STANDARD,USD
0000010488,MOBILE_APP,PICKUP,USD
0000010489,WEB,STANDARD,USD
0000010490,WEB,STANDARD,USD
0000010491,MOBILE_APP,EXPRESS,USD
0000010492,WEB,STANDARD,USD
0000010493,WEB,STANDARD,USD
0000010494,WEB,STANDARD,USD
0000010495,WEB,STANDARD,USD
0000010496,WEB,STANDARD,USD
0000010497,MOBILE_APP,EXPRESS,USD
0000010498,WEB,STANDARD,USD
0000010499,WEB,EXPRESS,USD
0000010500,MOBILE_APP,STANDARD,USD
0000010501,MOBILE_APP,PICKUP,USD
0000010502,WEB,STANDARD,USD
0000010503,MOBILE_APP,STANDARD,USD
0000010504,WEB,EXPRESS,USD
0000010505,CALL_CENTER,STANDARD,USD
0000010506,WEB,EXPRESS,USD
0000010507,WEB,STANDARD,USD
0000010508,WEB,EXPRESS,USD
0000010509,WEB,STANDARD,USD
0000010510,WEB,STANDARD,USD
0000010511,WEB,STANDARD,USD
0000010512,WEB,PICKUP,USD
0000010513,WEB,STANDARD,USD
0000010514,WEB,STANDARD,USD
0000010515,WEB,STANDARD,USD
0000010516,WEB,STANDARD,USD
0000010517,MOBILE_APP,STANDARD,USD
0000010518,WEB,STANDARD,USD
0000010519,WEB,STANDARD,USD
0000010520,WEB,STANDARD,USD
0000010521,WEB,EXPRESS,USD
0000010522,MOBILE_APP,STANDARD,USD
0000010523,CALL_CENTER,STANDARD,USD
0000010524,WEB,STANDARD,USD
0000010525,WEB,EXPRESS,USD
0000010526,MOBILE_APP,STANDARD,USD
0000010527,MOBILE_APP,STANDARD,USD
0000010528,WEB,STANDARD,USD
0000010529,WEB,STANDARD,USD
0000010530,MOBILE_APP,PICKUP,USD
0000010531,WEB,PICKUP,USD
0000010532,MOBILE_APP,STANDARD,USD
0000010533,MOBILE_APP,STANDARD,USD
0000010534,WEB,STANDARD,USD
0000010535,MOBILE_APP,STANDARD,USD
0000010536,CALL_CENTER,STANDARD,USD
0000010537,WEB,STANDARD,USD
0000010538,WEB,STANDARD,USD
0000010539,WEB,STANDARD,USD
0000010540,MOBILE_APP,STANDARD,USD
0000010541,WEB,STANDARD,USD
0000010542,MOBILE_APP,EXPRESS,USD
0000010543,WEB,STANDARD,USD
0000010544,MOBILE_APP,EXPRESS,USD
0000010545,WEB,STANDARD,USD
0000010546,WEB,STANDARD,USD
0000010547,WEB,STANDARD,USD
0000010548,WEB,STANDARD,USD
0000010549,WEB,STANDARD,USD
0000010550,WEB,EXPRESS,USD
0000010551,WEB,STANDARD,USD
0000010552,WEB,STANDARD,USD
0000010553,MOBILE_APP,PICKUP,USD
0000010554,MOBILE_APP,STANDARD,USD
0000010555,MOBILE_APP,STANDARD,USD
0000010556,WEB,STANDARD,USD
0000010557,WEB,STANDARD,USD
0000010558,WEB,STANDARD,USD
0000010559,MOBILE_APP,STANDARD,USD
0000010560,WEB,EXPRESS,USD
0000010561,CALL_CENTER,STANDARD,USD
0000010562,WEB,STANDARD,USD
0000010563,WEB,STANDARD,USD
0000010564,MOBILE_APP,STANDARD,USD
0000010565,WEB,STANDARD,USD
0000010566,WEB,STANDARD,USD
0000010567,MOBILE_APP,PICKUP,USD
0000010568,MOBILE_APP,EXPRESS,USD
0000010569,WEB,STANDARD,USD
0000010570,MOBILE_APP,STANDARD,USD
0000010571,WEB,STANDARD,USD
0000010572,WEB,STANDARD,USD
0000010573,WEB,STANDARD,USD
0000010574,WEB,STANDARD,USD
0000010575,CALL_CENTER,STANDARD,USD
0000010576,WEB,STANDARD,USD
0000010577,MOBILE_APP,PICKUP,USD
0000010578,WEB,STANDARD,USD
0000010579,MOBILE_APP,STANDARD,USD
0000010580,MOBILE_APP,STANDARD,USD
0000010581,WEB,PICKUP,USD
0000010582,MOBILE_APP,STANDARD,USD
0000010583,MOBILE_APP,STANDARD,USD
0000010584,WEB,PICKUP,USD
0000010585,WEB,STANDARD,USD
0000010586,WEB,STANDARD,USD
0000010587,MOBILE_APP,STANDARD,USD
0000010588,MOBILE_APP,STANDARD,USD
0000010589,WEB,STANDARD,USD
0000010590,MOBILE_APP,STANDARD,USD
0000010591,WEB,STANDARD,USD
0000010592,MOBILE_APP,EXPRESS,USD
0000010593,MOBILE_APP,STANDARD,USD
0000010594,CALL_CENTER,STANDARD,USD
0000010595,WEB,STANDARD,USD
0000010596,WEB,STANDARD,USD
0000010597,WEB,STANDARD,USD
0000010598,WEB,EXPRESS,USD
0000010599,WEB,STANDARD,USD
0000010600,MOBILE_APP,EXPRESS,USD
0000010601,WEB,STANDARD,USD
0000010602,MOBILE_APP,STANDARD,USD
0000010603,WEB,PICKUP,USD
0000010604,MOBILE_APP,STANDARD,USD
0000010605,WEB,STANDARD,USD
0000010606,MOBILE_APP,EXPRESS,USD
0000010607,MOBILE_APP,STANDARD,USD
0000010608,MOBILE_APP,STANDARD,USD
0000010609,MOBILE_APP,STANDARD,USD
0000010610,WEB,STANDARD,USD
0000010611,WEB,STANDARD,USD
0000010612,WEB,STANDARD,USD
0000010613,MOBILE_APP,EXPRESS,USD
0000010614,MOBILE_APP,STANDARD,USD
0000010615,WEB,EXPRESS,USD
0000010616,WEB,STANDARD,USD
0000010617,MOBILE_APP,STANDARD,USD
0000010618,WEB,STANDARD,USD
0000010619,WEB,STANDARD,USD
0000010620,WEB,STANDARD,USD
0000010621,WEB,STANDARD,USD
0000010622,WEB,EXPRESS,USD
0000010623,WEB,STANDARD,USD
0000010624,WEB,STANDARD,USD
0000010625,WEB,PICKUP,USD
0000010626,WEB,STANDARD,USD
0000010627,MOBILE_APP,STANDARD,USD
0000010628,CALL_CENTER,EXPRESS,USD
0000010629,WEB,STANDARD,USD
0000010630,WEB,STANDARD,USD
0000010631,MOBILE_APP,STANDARD,USD
0000010632,WEB,PICKUP,USD
0000010633,WEB,STANDARD,USD
0000010634,WEB,STANDARD,USD
0000010635,WEB,PICKUP,USD
0000010636,MOBILE_APP,STANDARD,USD
0000010637,MOBILE_APP,EXPRESS,USD
0000010638,WEB,PICKUP,USD
0000010639,MOBILE_APP,EXPRESS,USD
0000010640,MOBILE_APP,STANDARD,USD
0000010641,MOBILE_APP,PICKUP,USD
0000010642,MOBILE_APP,PICKUP,USD
0000010643,WEB,PICKUP,USD
0000010644,MOBILE_APP,STANDARD,USD
0000010645,MOBILE_APP,PICKUP,USD
0000010646,MOBILE_APP,STANDARD,USD
0000010647,WEB,STANDARD,USD
0000010648,MOBILE_APP,EXPRESS,USD
0000010649,MOBILE_APP,STANDARD,USD
0000010650,MOBILE_APP,EXPRESS,USD
0000010651,WEB,STANDARD,USD
0000010652,MOBILE_APP,STANDARD,USD
0000010653,MOBILE_APP,STANDARD,USD
0000010654,WEB,STANDARD,USD
0000010655,WEB,STANDARD,USD
0000010656,MOBILE_APP,PICKUP,USD
0000010657,MOBILE_APP,EXPRESS,USD
0000010658,MOBILE_APP,STANDARD,USD
0000010659,MOBILE_APP,STANDARD,USD
0000010660,WEB,EXPRESS,USD
0000010661,MOBILE_APP,STANDARD,USD
0000010662,WEB,STANDARD,USD
0000010663,CALL_CENTER,STANDARD,USD
0000010664,WEB,EXPRESS,USD
0000010665,MOBILE_APP,EXPRESS,USD
0000010666,WEB,STANDARD,USD
0000010667,WEB,STANDARD,USD
0000010668,MOBILE_APP,EXPRESS,USD
0000010669,CALL_CENTER,STANDARD,USD
0000010670,WEB,STANDARD,USD
0000010671,MOBILE_APP,EXPRESS,USD
0000010672,WEB,STANDARD,USD
0000010673,MOBILE_APP,STANDARD,USD
0000010674,WEB,STANDARD,USD
0000010675,WEB,STANDARD,USD
0000010676,WEB,STANDARD,USD
0000010677,WEB,STANDARD,USD
0000010678,WEB,STANDARD,USD
0000010679,WEB,STANDARD,USD
0000010680,MOBILE_APP,EXPRESS,USD
0000010681,MOBILE_APP,PICKUP,USD
0000010682,MOBILE_APP,EXPRESS,USD
0000010683,MOBILE_APP,STANDARD,USD
0000010684,MOBILE_APP,STANDARD,USD
0000010685,MOBILE_APP,EXPRESS,USD
0000010686,MOBILE_APP,STANDARD,USD
0000010687,WEB,STANDARD,USD
0000010688,MOBILE_APP,EXPRESS,USD
0000010689,WEB,STANDARD,USD
0000010690,WEB,EXPRESS,USD
0000010691,WEB,STANDARD,USD
0000010692,MOBILE_APP,EXPRESS,USD
0000010693,MOBILE_APP,STANDARD,USD
0000010694,WEB,STANDARD,USD
0000010695,MOBILE_APP,EXPRESS,USD
0000010696,CALL_CENTER,EXPRESS,USD
0000010697,WEB,STANDARD,USD
0000010698,WEB,STANDARD,USD
0000010699,MOBILE_APP,STANDARD,USD
0000010700,WEB,STANDARD,USD
0000010701,MOBILE_APP,EXPRESS,USD
0000010702,WEB,STANDARD,USD
0000010703,MOBILE_APP,EXPRESS,USD
0000010704,WEB,EXPRESS,USD
0000010705,MOBILE_APP,EXPRESS,USD
0000010706,WEB,PICKUP,USD
0000010707,MOBILE_APP,PICKUP,USD
0000010708,MOBILE_APP,STANDARD,USD
0000010709,WEB,PICKUP,USD
0000010710,WEB,STANDARD,USD
0000010711,MOBILE_APP,STANDARD,USD
0000010712,MOBILE_APP,EXPRESS,USD
0000010713,MOBILE_APP,STANDARD,USD
0000010714,CALL_CENTER,STANDARD,USD
0000010715,WEB,STANDARD,USD
0000010716,MOBILE_APP,EXPRESS,USD
0000010717,MOBILE_APP,STANDARD,USD
0000010718,WEB,STANDARD,USD
0000010719,WEB,STANDARD,USD
0000010720,MOBILE_APP,EXPRESS,USD
0000010721,WEB,EXPRESS,USD
0000010722,MOBILE_APP,EXPRESS,USD
0000010723,MOBILE_APP,STANDARD,USD
0000010724,MOBILE_APP,STANDARD,USD
0000010725,WEB,PICKUP,USD
0000010726,MOBILE_APP,EXPRESS,USD
0000010727,WEB,EXPRESS,USD
0000010728,MOBILE_APP,STANDARD,USD
0000010729,WEB,STANDARD,USD
0000010730,CALL_CENTER,STANDARD,USD
0000010731,WEB,STANDARD,USD
0000010732,WEB,STANDARD,USD
0000010733,WEB,STANDARD,USD
0000010734,MOBILE_APP,PICKUP,USD
0000010735,MOBILE_APP,STANDARD,USD
0000010736,MOBILE_APP,STANDARD,USD
0000010737,WEB,EXPRESS,USD
0000010738,MOBILE_APP,STANDARD,USD
0000010739,WEB,STANDARD,USD
0000010740,WEB,EXPRESS,USD
0000010741,WEB,STANDARD,USD
0000010742,WEB,PICKUP,USD
0000010743,WEB,EXPRESS,USD
0000010744,WEB,STANDARD,USD
0000010745,MOBILE_APP,STANDARD,USD
0000010746,WEB,EXPRESS,USD
0000010747,WEB,EXPRESS,USD
0000010748,WEB,STANDARD,USD
0000010749,WEB,STANDARD,USD
0000010750,MOBILE_APP,STANDARD,USD
0000010751,WEB,STANDARD,USD
0000010752,WEB,STANDARD,USD
0000010753,MOBILE_APP,STANDARD,USD
0000010754,WEB,EXPRESS,USD
0000010755,WEB,STANDARD,USD
0000010756,WEB,STANDARD,USD
0000010757,WEB,EXPRESS,USD
0000010758,MOBILE_APP,STANDARD,USD
0000010759,WEB,STANDARD,USD
0000010760,MOBILE_APP,EXPRESS,USD
0000010761,WEB,STANDARD,USD
0000010762,WEB,PICKUP,USD
0000010763,MOBILE_APP,STANDARD,USD
0000010764,WEB,STANDARD,USD
0000010765,MOBILE_APP,STANDARD,USD
0000010766,WEB,STANDARD,USD
0000010767,CALL_CENTER,STANDARD,USD
0000010768,MOBILE_APP,STANDARD,USD
0000010769,MOBILE_APP,STANDARD,USD
0000010770,MOBILE_APP,STANDARD,USD
0000010771,WEB,EXPRESS,USD
0000010772,WEB,STANDARD,USD
0000010773,MOBILE_APP,STANDARD,USD
0000010774,WEB,STANDARD,USD
0000010775,WEB,STANDARD,USD
0000010776,MOBILE_APP,STANDARD,USD
0000010777,MOBILE_APP,STANDARD,USD
0000010778,WEB,STANDARD,USD
0000010779,MOBILE_APP,STANDARD,USD
0000010780,MOBILE_APP,STANDARD,USD
0000010781,MOBILE_APP,STANDARD,USD
0000010782,MOBILE_APP,STANDARD,USD
0000010783,MOBILE_APP,STANDARD,USD
0000010784,MOBILE_APP,PICKUP,USD
0000010785,WEB,STANDARD,USD
0000010786,WEB,STANDARD,USD
0000010787,WEB,PICKUP,USD
0000010788,WEB,STANDARD,USD
0000010789,MOBILE_APP,STANDARD,USD
0000010790,WEB,PICKUP,USD
0000010791,MOBILE_APP,STANDARD,USD
0000010792,MOBILE_APP,STANDARD,USD
0000010793,MOBILE_APP,EXPRESS,USD
0000010794,WEB,PICKUP,USD
0000010795,MOBILE_APP,EXPRESS,USD
0000010796,WEB,STANDARD,USD
0000010797,WEB,STANDARD,USD
0000010798,MOBILE_APP,STANDARD,USD
0000010799,WEB,STANDARD,USD
0000010800,WEB,STANDARD,USD
0000010801,MOBILE_APP,STANDARD,USD
0000010802,CALL_CENTER,STANDARD,USD
0000010803,WEB,STANDARD,USD
0000010804,MOBILE_APP,STANDARD,USD
0000010805,MOBILE_APP,STANDARD,USD
0000010806,MOBILE_APP,STANDARD,USD
0000010807,MOBILE_APP,STANDARD,USD
0000010808,MOBILE_APP,EXPRESS,USD
0000010809,CALL_CENTER,PICKUP,USD
0000010810,MOBILE_APP,STANDARD,USD
0000010811,WEB,STANDARD,USD
0000010812,CALL_CENTER,PICKUP,USD
0000010813,WEB,EXPRESS,USD
0000010814,WEB,STANDARD,USD
0000010815,WEB,STANDARD,USD
0000010816,WEB,EXPRESS,USD
0000010817,MOBILE_APP,STANDARD,USD
0000010818,WEB,STANDARD,USD
0000010819,MOBILE_APP,STANDARD,USD
0000010820,WEB,STANDARD,USD
0000010821,WEB,STANDARD,USD
0000010822,WEB,EXPRESS,USD
0000010823,MOBILE_APP,STANDARD,USD
0000010824,WEB,STANDARD,USD
0000010825,WEB,PICKUP,USD
0000010826,CALL_CENTER,STANDARD,USD
0000010827,WEB,STANDARD,USD
0000010828,CALL_CENTER,STANDARD,USD
0000010829,MOBILE_APP,PICKUP,USD
0000010830,MOBILE_APP,PICKUP,USD
0000010831,MOBILE_APP,STANDARD,USD
0000010832,WEB,EXPRESS,USD
0000010833,WEB,STANDARD,USD
0000010834,MOBILE_APP,EXPRESS,USD
0000010835,MOBILE_APP,EXPRESS,USD
0000010836,MOBILE_APP,STANDARD,USD
0000010837,WEB,STANDARD,USD
0000010838,WEB,EXPRESS,USD
0000010839,WEB,PICKUP,USD
0000010840,WEB,STANDARD,USD
0000010841,WEB,STANDARD,USD
0000010842,WEB,STANDARD,USD
0000010843,WEB,STANDARD,USD
0000010844,WEB,STANDARD,USD
0000010845,WEB,EXPRESS,USD
0000010846,WEB,STANDARD,USD
0000010847,WEB,EXPRESS,USD
0000010848,CALL_CENTER,STANDARD,USD
0000010849,WEB,PICKUP,USD
0000010850,WEB,STANDARD,USD
0000010851,MOBILE_APP,STANDARD,USD
0000010852,WEB,STANDARD,USD
0000010853,MOBILE_APP,EXPRESS,USD
0000010854,MOBILE_APP,STANDARD,USD
0000010855,WEB,EXPRESS,USD
0000010856,MOBILE_APP,PICKUP,USD
0000010857,MOBILE_APP,STANDARD,USD
0000010858,MOBILE_APP,EXPRESS,USD
0000010859,MOBILE_APP,STANDARD,USD
0000010860,WEB,STANDARD,USD
0000010861,WEB,STANDARD,USD
0000010862,MOBILE_APP,EXPRESS,USD
0000010863,WEB,PICKUP,USD
0000010864,WEB,STANDARD,USD
0000010865,MOBILE_APP,STANDARD,USD
0000010866,MOBILE_APP,STANDARD,USD
0000010867,WEB,EXPRESS,USD
0000010868,MOBILE_APP,STANDARD,USD
0000010869,WEB,PICKUP,USD
0000010870,WEB,EXPRESS,USD
0000010871,WEB,STANDARD,USD
0000010872,WEB,STANDARD,USD
0000010873,MOBILE_APP,PICKUP,USD
0000010874,WEB,STANDARD,USD
0000010875,MOBILE_APP,PICKUP,USD
0000010876,WEB,STANDARD,USD
0000010877,WEB,PICKUP,USD
0000010878,WEB,STANDARD,USD
0000010879,MOBILE_APP,STANDARD,USD
0000010880,WEB,EXPRESS,USD
0000010881,MOBILE_APP,EXPRESS,USD
0000010882,WEB,STANDARD,USD
0000010883,MOBILE_APP,STANDARD,USD
0000010884,WEB,STANDARD,USD
0000010885,WEB,EXPRESS,USD
0000010886,WEB,EXPRESS,USD
0000010887,WEB,STANDARD,USD
0000010888,MOBILE_APP,STANDARD,USD
0000010889,MOBILE_APP,STANDARD,USD
0000010890,MOBILE_APP,STANDARD,USD
0000010891,WEB,STANDARD,USD
0000010892,MOBILE_APP,STANDARD,USD
0000010893,MOBILE_APP,STANDARD,USD
0000010894,MOBILE_APP,STANDARD,USD
0000010895,CALL_CENTER,STANDARD,USD
0000010896,MOBILE_APP,STANDARD,USD
0000010897,MOBILE_APP,EXPRESS,USD
0000010898,WEB,STANDARD,USD
0000010899,MOBILE_APP,STANDARD,USD
0000010900,WEB,EXPRESS,USD
0000010901,WEB,STANDARD,USD
0000010902,WEB,PICKUP,USD
0000010903,WEB,STANDARD,USD
0000010904,WEB,STANDARD,USD
0000010905,MOBILE_APP,STANDARD,USD
0000010906,WEB,STANDARD,USD
0000010907,WEB,STANDARD,USD
0000010908,WEB,EXPRESS,USD
0000010909,WEB,PICKUP,USD
0000010910,WEB,STANDARD,USD
0000010911,WEB,EXPRESS,USD
0000010912,WEB,STANDARD,USD
0000010913,MOBILE_APP,STANDARD,USD
0000010914,WEB,STANDARD,USD
0000010915,MOBILE_APP,STANDARD,USD
0000010916,MOBILE_APP,STANDARD,USD
0000010917,WEB,EXPRESS,USD
0000010918,WEB,STANDARD,USD
0000010919,MOBILE_APP,STANDARD,USD
0000010920,WEB,STANDARD,USD
0000010921,WEB,EXPRESS,USD
0000010922,WEB,STANDARD,USD
0000010923,WEB,STANDARD,USD
0000010924,WEB,EXPRESS,USD
0000010925,WEB,STANDARD,USD
0000010926,WEB,EXPRESS,USD
0000010927,MOBILE_APP,STANDARD,USD
0000010928,WEB,EXPRESS,USD
0000010929,WEB,STANDARD,USD
0000010930,MOBILE_APP,STANDARD,USD
0000010931,MOBILE_APP,PICKUP,USD
0000010932,WEB,STANDARD,USD
0000010933,MOBILE_APP,PICKUP,USD
0000010934,WEB,STANDARD,USD
0000010935,CALL_CENTER,STANDARD,USD
0000010936,MOBILE_APP,STANDARD,USD
0000010937,MOBILE_APP,STANDARD,USD
0000010938,WEB,PICKUP,USD
0000010939,WEB,EXPRESS,USD
0000010940,MOBILE_APP,STANDARD,USD
0000010941,WEB,PICKUP,USD
0000010942,MOBILE_APP,STANDARD,USD
0000010943,WEB,STANDARD,USD
0000010944,WEB,EXPRESS,USD
0000010945,WEB,STANDARD,USD
0000010946,WEB,STANDARD,USD
0000010947,MOBILE_APP,PICKUP,USD
0000010948,WEB,STANDARD,USD
0000010949,WEB,EXPRESS,USD
0000010950,MOBILE_APP,EXPRESS,USD
0000010951,WEB,STANDARD,USD
0000010952,WEB,STANDARD,USD
0000010953,WEB,STANDARD,USD
0000010954,WEB,EXPRESS,USD
0000010955,MOBILE_APP,STANDARD,USD
0000010956,WEB,STANDARD,USD
0000010957,MOBILE_APP,EXPRESS,USD
0000010958,MOBILE_APP,EXPRESS,USD
0000010959,WEB,STANDARD,USD
0000010960,MOBILE_APP,PICKUP,USD
0000010961,CALL_CENTER,PICKUP,USD
0000010962,MOBILE_APP,STANDARD,USD
0000010963,MOBILE_APP,STANDARD,USD
0000010964,MOBILE_APP,STANDARD,USD
0000010965,WEB,EXPRESS,USD
0000010966,MOBILE_APP,STANDARD,USD
0000010967,MOBILE_APP,STANDARD,USD
0000010968,WEB,STANDARD,USD
0000010969,WEB,STANDARD,USD
0000010970,MOBILE_APP,STANDARD,USD
0000010971,WEB,STANDARD,USD
0000010972,MOBILE_APP,STANDARD,USD
0000010973,MOBILE_APP,STANDARD,USD
0000010974,WEB,EXPRESS,USD
0000010975,MOBILE_APP,STANDARD,USD
0000010976,WEB,EXPRESS,USD
0000010977,MOBILE_APP,STANDARD,USD
0000010978,WEB,STANDARD,USD
0000010979,WEB,STANDARD,USD
0000010980,MOBILE_APP,EXPRESS,USD
0000010981,WEB,STANDARD,USD
0000010982,MOBILE_APP,STANDARD,USD
0000010983,WEB,STANDARD,USD
0000010984,MOBILE_APP,STANDARD,USD
0000010985,WEB,STANDARD,USD
0000010986,MOBILE_APP,EXPRESS,USD
0000010987,MOBILE_APP,STANDARD,USD
0000010988,MOBILE_APP,STANDARD,USD
0000010989,MOBILE_APP,EXPRESS,USD
0000010990,WEB,PICKUP,USD
0000010991,MOBILE_APP,STANDARD,USD
0000010992,WEB,STANDARD,USD
0000010993,WEB,STANDARD,USD
0000010994,WEB,STANDARD,USD
0000010995,WEB,STANDARD,USD
0000010996,WEB,EXPRESS,USD
0000010997,MOBILE_APP,EXPRESS,USD
0000010998,WEB,EXPRESS,USD
0000010999,WEB,EXPRESS,USD
0000011000,WEB,STANDARD,USD
0000011001,WEB,STANDARD,USD
0000011002,WEB,STANDARD,USD
0000011003,MOBILE_APP,STANDARD,USD
0000011004,WEB,PICKUP,USD
0000011005,WEB,STANDARD,USD
0000011006,WEB,STANDARD,USD
0000011007,MOBILE_APP,EXPRESS,USD
0000011008,WEB,PICKUP,USD
0000011009,MOBILE_APP,PICKUP,USD
0000011010,WEB,STANDARD,USD
0000011011,WEB,STANDARD,USD
0000011012,MOBILE_APP,STANDARD,USD
0000011013,MOBILE_APP,STANDARD,USD
0000011014,WEB,STANDARD,USD
0000011015,WEB,STANDARD,USD
0000011016,WEB,EXPRESS,USD
0000011017,WEB,PICKUP,USD
0000011018,CALL_CENTER,STANDARD,USD
0000011019,WEB,PICKUP,USD
0000011020,MOBILE_APP,EXPRESS,USD
0000011021,MOBILE_APP,STANDARD,USD
0000011022,WEB,STANDARD,USD
0000011023,MOBILE_APP,STANDARD,USD
0000011024,WEB,STANDARD,USD
0000011025,MOBILE_APP,STANDARD,USD
0000011026,MOBILE_APP,STANDARD,USD
0000011027,MOBILE_APP,STANDARD,USD
0000011028,WEB,STANDARD,USD
0000011029,CALL_CENTER,STANDARD,USD
0000011030,WEB,STANDARD,USD
0000011031,WEB,STANDARD,USD
0000011032,WEB,PICKUP,USD
0000011033,MOBILE_APP,STANDARD,USD
0000011034,WEB,STANDARD,USD
0000011035,MOBILE_APP,STANDARD,USD
0000011036,WEB,STANDARD,USD
0000011037,WEB,STANDARD,USD
0000011038,MOBILE_APP,PICKUP,USD
0000011039,WEB,STANDARD,USD
0000011040,WEB,EXPRESS,USD
0000011041,MOBILE_APP,STANDARD,USD
0000011042,WEB,STANDARD,USD
0000011043,WEB,STANDARD,USD
0000011044,MOBILE_APP,EXPRESS,USD
0000011045,WEB,STANDARD,USD
0000011046,WEB,EXPRESS,USD
0000011047,WEB,STANDARD,USD
0000011048,WEB,EXPRESS,USD
0000011049,MOBILE_APP,STANDARD,USD
0000011050,MOBILE_APP,EXPRESS,USD
0000011051,MOBILE_APP,STANDARD,USD
0000011052,MOBILE_APP,STANDARD,USD
0000011053,MOBILE_APP,STANDARD,USD
0000011054,WEB,STANDARD,USD
0000011055,MOBILE_APP,STANDARD,USD
0000011056,WEB,STANDARD,USD
0000011057,WEB,STANDARD,USD
0000011058,MOBILE_APP,PICKUP,USD
0000011059,WEB,STANDARD,USD
0000011060,CALL_CENTER,STANDARD,USD
0000011061,MOBILE_APP,STANDARD,USD
0000011062,WEB,PICKUP,USD
0000011063,MOBILE_APP,STANDARD,USD
0000011064,MOBILE_APP,EXPRESS,USD
0000011065,CALL_CENTER,STANDARD,USD
0000011066,WEB,STANDARD,USD
0000011067,MOBILE_APP,STANDARD,USD
0000011068,WEB,EXPRESS,USD
0000011069,WEB,STANDARD,USD
0000011070,MOBILE_APP,STANDARD,USD
0000011071,WEB,STANDARD,USD
0000011072,WEB,STANDARD,USD
0000011073,MOBILE_APP,PICKUP,USD
0000011074,WEB,STANDARD,USD
0000011075,MOBILE_APP,STANDARD,USD
0000011076,MOBILE_APP,STANDARD,USD
0000011077,MOBILE_APP,STANDARD,USD
0000011078,WEB,STANDARD,USD
0000011079,WEB,STANDARD,USD
0000011080,MOBILE_APP,EXPRESS,USD
0000011081,WEB,STANDARD,USD
0000011082,MOBILE_APP,EXPRESS,USD
0000011083,MOBILE_APP,EXPRESS,USD
0000011084,MOBILE_APP,PICKUP,USD
0000011085,MOBILE_APP,EXPRESS,USD
0000011086,WEB,STANDARD,USD
0000011087,WEB,STANDARD,USD
0000011088,WEB,STANDARD,USD
0000011089,MOBILE_APP,STANDARD,USD
0000011090,MOBILE_APP,STANDARD,USD
0000011091,WEB,STANDARD,USD
0000011092,WEB,STANDARD,USD
0000011093,MOBILE_APP,STANDARD,USD
0000011094,MOBILE_APP,STANDARD,USD
0000011095,WEB,STANDARD,USD
0000011096,CALL_CENTER,STANDARD,USD
0000011097,MOBILE_APP,EXPRESS,USD
0000011098,MOBILE_APP,PICKUP,USD
0000011099,WEB,STANDARD,USD
0000011100,MOBILE_APP,PICKUP,USD
0000011101,WEB,EXPRESS,USD
0000011102,WEB,STANDARD,USD
0000011103,MOBILE_APP,STANDARD,USD
0000011104,MOBILE_APP,STANDARD,USD
0000011105,WEB,STANDARD,USD
0000011106,MOBILE_APP,EXPRESS,USD
0000011107,WEB,STANDARD,USD
0000011108,MOBILE_APP,STANDARD,USD
0000011109,MOBILE_APP,STANDARD,USD
0000011110,WEB,EXPRESS,USD
0000011111,WEB,STANDARD,USD
0000011112,MOBILE_APP,EXPRESS,USD
0000011113,WEB,PICKUP,USD
0000011114,MOBILE_APP,STANDARD,USD
0000011115,WEB,EXPRESS,USD
0000011116,WEB,PICKUP,USD
0000011117,MOBILE_APP,STANDARD,USD
0000011118,WEB,STANDARD,USD
0000011119,WEB,EXPRESS,USD
0000011120,MOBILE_APP,STANDARD,USD
0000011121,WEB,PICKUP,USD
0000011122,WEB,STANDARD,USD
0000011123,WEB,STANDARD,USD
0000011124,MOBILE_APP,STANDARD,USD
0000011125,MOBILE_APP,STANDARD,USD
0000011126,WEB,STANDARD,USD
0000011127,MOBILE_APP,STANDARD,USD
0000011128,WEB,EXPRESS,USD
0000011129,WEB,EXPRESS,USD
0000011130,MOBILE_APP,STANDARD,USD
0000011131,WEB,PICKUP,USD
0000011132,WEB,STANDARD,USD
0000011133,MOBILE_APP,STANDARD,USD
0000011134,WEB,STANDARD,USD
0000011135,WEB,STANDARD,USD
0000011136,WEB,EXPRESS,USD
0000011137,WEB,PICKUP,USD
0000011138,WEB,STANDARD,USD
0000011139,WEB,PICKUP,USD
0000011140,MOBILE_APP,STANDARD,USD
0000011141,MOBILE_APP,STANDARD,USD
0000011142,WEB,STANDARD,USD
0000011143,MOBILE_APP,STANDARD,USD
0000011144,MOBILE_APP,STANDARD,USD
0000011145,MOBILE_APP,STANDARD,USD
0000011146,WEB,STANDARD,USD
0000011147,WEB,STANDARD,USD
0000011148,WEB,STANDARD,USD
0000011149,MOBILE_APP,STANDARD,USD
0000011150,WEB,STANDARD,USD
0000011151,MOBILE_APP,EXPRESS,USD
0000011152,WEB,PICKUP,USD
0000011153,WEB,PICKUP,USD
0000011154,WEB,EXPRESS,USD
0000011155,MOBILE_APP,PICKUP,USD
0000011156,MOBILE_APP,STANDARD,USD
0000011157,WEB,STANDARD,USD
0000011158,WEB,STANDARD,USD
0000011159,MOBILE_APP,EXPRESS,USD
0000011160,WEB,EXPRESS,USD
0000011161,MOBILE_APP,PICKUP,USD
0000011162,MOBILE_APP,STANDARD,USD
0000011163,MOBILE_APP,PICKUP,USD
0000011164,CALL_CENTER,EXPRESS,USD
0000011165,CALL_CENTER,STANDARD,USD
0000011166,WEB,STANDARD,USD
0000011167,MOBILE_APP,STANDARD,USD
0000011168,WEB,STANDARD,USD
0000011169,WEB,STANDARD,USD
0000011170,WEB,STANDARD,USD
0000011171,WEB,STANDARD,USD
0000011172,WEB,EXPRESS,USD
0000011173,WEB,STANDARD,USD
0000011174,WEB,EXPRESS,USD
0000011175,WEB,STANDARD,USD
0000011176,MOBILE_APP,STANDARD,USD
0000011177,WEB,STANDARD,USD
0000011178,WEB,EXPRESS,USD
0000011179,WEB,STANDARD,USD
0000011180,MOBILE_APP,PICKUP,USD
0000011181,MOBILE_APP,STANDARD,USD
0000011182,WEB,STANDARD,USD
0000011183,MOBILE_APP,STANDARD,USD
0000011184,MOBILE_APP,STANDARD,USD
0000011185,MOBILE_APP,STANDARD,USD
0000011186,WEB,PICKUP,USD
0000011187,MOBILE_APP,STANDARD,USD
0000011188,MOBILE_APP,STANDARD,USD
0000011189,MOBILE_APP,STANDARD,USD
0000011190,MOBILE_APP,STANDARD,USD
0000011191,WEB,STANDARD,USD
0000011192,WEB,EXPRESS,USD
0000011193,WEB,STANDARD,USD
0000011194,WEB,STANDARD,USD
0000011195,WEB,STANDARD,USD
0000011196,WEB,STANDARD,USD
0000011197,MOBILE_APP,STANDARD,USD
0000011198,WEB,STANDARD,USD
0000011199,MOBILE_APP,PICKUP,USD
0000011200,WEB,STANDARD,USD
0000011201,MOBILE_APP,STANDARD,USD
0000011202,WEB,STANDARD,USD
0000011203,WEB,STANDARD,USD
0000011204,MOBILE_APP,STANDARD,USD
0000011205,MOBILE_APP,PICKUP,USD
0000011206,MOBILE_APP,PICKUP,USD
0000011207,MOBILE_APP,STANDARD,USD
0000011208,WEB,STANDARD,USD
0000011209,WEB,STANDARD,USD
0000011210,MOBILE_APP,STANDARD,USD
0000011211,WEB,STANDARD,USD
0000011212,WEB,STANDARD,USD
0000011213,MOBILE_APP,PICKUP,USD
0000011214,MOBILE_APP,PICKUP,USD
0000011215,MOBILE_APP,STANDARD,USD
0000011216,MOBILE_APP,STANDARD,USD
0000011217,MOBILE_APP,STANDARD,USD
0000011218,WEB,EXPRESS,USD
0000011219,MOBILE_APP,PICKUP,USD
0000011220,WEB,STANDARD,USD
0000011221,MOBILE_APP,EXPRESS,USD
0000011222,WEB,STANDARD,USD
0000011223,MOBILE_APP,STANDARD,USD
0000011224,MOBILE_APP,STANDARD,USD
0000011225,MOBILE_APP,EXPRESS,USD
0000011226,MOBILE_APP,STANDARD,USD
0000011227,WEB,STANDARD,USD
0000011228,WEB,EXPRESS,USD
0000011229,WEB,STANDARD,USD
0000011230,MOBILE_APP,EXPRESS,USD
0000011231,WEB,PICKUP,USD
0000011232,MOBILE_APP,EXPRESS,USD
0000011233,WEB,STANDARD,USD
0000011234,WEB,PICKUP,USD
0000011235,WEB,STANDARD,USD
0000011236,MOBILE_APP,STANDARD,USD
0000011237,WEB,STANDARD,USD
0000011238,WEB,STANDARD,USD
0000011239,WEB,STANDARD,USD
0000011240,WEB,STANDARD,USD
0000011241,MOBILE_APP,STANDARD,USD
0000011242,MOBILE_APP,EXPRESS,USD
0000011243,WEB,STANDARD,USD
0000011244,MOBILE_APP,STANDARD,USD
0000011245,WEB,STANDARD,USD
0000011246,MOBILE_APP,STANDARD,USD
0000011247,WEB,STANDARD,USD
0000011248,MOBILE_APP,PICKUP,USD
0000011249,MOBILE_APP,EXPRESS,USD
0000011250,MOBILE_APP,STANDARD,USD
0000011251,MOBILE_APP,STANDARD,USD
0000011252,WEB,STANDARD,USD
0000011253,MOBILE_APP,STANDARD,USD
0000011254,WEB,STANDARD,USD
0000011255,MOBILE_APP,EXPRESS,USD
0000011256,WEB,STANDARD,USD
0000011257,MOBILE_APP,STANDARD,USD
0000011258,WEB,STANDARD,USD
0000011259,WEB,PICKUP,USD
0000011260,MOBILE_APP,STANDARD,USD
0000011261,WEB,STANDARD,USD
0000011262,WEB,STANDARD,USD
0000011263,WEB,EXPRESS,USD
0000011264,WEB,PICKUP,USD
0000011265,WEB,STANDARD,USD
0000011266,WEB,EXPRESS,USD
0000011267,WEB,PICKUP,USD
0000011268,WEB,STANDARD,USD
0000011269,MOBILE_APP,EXPRESS,USD
0000011270,WEB,STANDARD,USD
0000011271,WEB,STANDARD,USD
0000011272,WEB,PICKUP,USD
0000011273,MOBILE_APP,STANDARD,USD
0000011274,WEB,STANDARD,USD
0000011275,MOBILE_APP,STANDARD,USD
0000011276,WEB,STANDARD,USD
0000011277,MOBILE_APP,STANDARD,USD
0000011278,WEB,EXPRESS,USD
0000011279,MOBILE_APP,STANDARD,USD
0000011280,MOBILE_APP,STANDARD,USD
0000011281,MOBILE_APP,STANDARD,USD
0000011282,WEB,PICKUP,USD
0000011283,MOBILE_APP,STANDARD,USD
0000011284,MOBILE_APP,EXPRESS,USD
0000011285,WEB,STANDARD,USD
0000011286,WEB,STANDARD,USD
0000011287,WEB,EXPRESS,USD
0000011288,WEB,STANDARD,USD
0000011289,MOBILE_APP,STANDARD,USD
0000011290,MOBILE_APP,STANDARD,USD
0000011291,MOBILE_APP,STANDARD,USD
0000011292,WEB,STANDARD,USD
0000011293,WEB,PICKUP,USD
0000011294,WEB,STANDARD,USD
0000011295,WEB,STANDARD,USD
0000011296,WEB,STANDARD,USD
0000011297,WEB,STANDARD,USD
0000011298,WEB,STANDARD,USD
0000011299,WEB,STANDARD,USD
0000011300,WEB,STANDARD,USD
0000011301,MOBILE_APP,PICKUP,USD
0000011302,MOBILE_APP,EXPRESS,USD
0000011303,WEB,STANDARD,USD
0000011304,MOBILE_APP,STANDARD,USD
0000011305,WEB,STANDARD,USD
0000011306,MOBILE_APP,STANDARD,USD
0000011307,WEB,EXPRESS,USD
0000011308,WEB,EXPRESS,USD
0000011309,MOBILE_APP,STANDARD,USD
0000011310,MOBILE_APP,STANDARD,USD
0000011311,WEB,PICKUP,USD
0000011312,MOBILE_APP,PICKUP,USD
0000011313,MOBILE_APP,EXPRESS,USD
0000011314,MOBILE_APP,STANDARD,USD
0000011315,WEB,PICKUP,USD
0000011316,MOBILE_APP,STANDARD,USD
0000011317,CALL_CENTER,STANDARD,USD
0000011318,WEB,EXPRESS,USD
0000011319,CALL_CENTER,EXPRESS,USD
0000011320,MOBILE_APP,PICKUP,USD
0000011321,MOBILE_APP,EXPRESS,USD
0000011322,WEB,STANDARD,USD
0000011323,WEB,STANDARD,USD
0000011324,WEB,STANDARD,USD
0000011325,WEB,STANDARD,USD
0000011326,MOBILE_APP,STANDARD,USD
0000011327,WEB,PICKUP,USD
0000011328,WEB,STANDARD,USD
0000011329,WEB,EXPRESS,USD
0000011330,WEB,EXPRESS,USD
0000011331,MOBILE_APP,EXPRESS,USD
0000011332,MOBILE_APP,STANDARD,USD
0000011333,MOBILE_APP,PICKUP,USD
0000011334,WEB,STANDARD,USD
0000011335,MOBILE_APP,STANDARD,USD
0000011336,WEB,STANDARD,USD
0000011337,WEB,STANDARD,USD
0000011338,WEB,STANDARD,USD
0000011339,MOBILE_APP,STANDARD,USD
0000011340,WEB,PICKUP,USD
0000011341,WEB,STANDARD,USD
0000011342,MOBILE_APP,STANDARD,USD
0000011343,WEB,EXPRESS,USD
0000011344,WEB,STANDARD,USD
0000011345,WEB,STANDARD,USD
0000011346,WEB,PICKUP,USD
0000011347,WEB,STANDARD,USD
0000011348,WEB,STANDARD,USD
0000011349,WEB,PICKUP,USD
0000011350,WEB,STANDARD,USD
0000011351,WEB,STANDARD,USD
0000011352,MOBILE_APP,EXPRESS,USD
0000011353,WEB,EXPRESS,USD
0000011354,WEB,STANDARD,USD
0000011355,MOBILE_APP,PICKUP,USD
0000011356,WEB,EXPRESS,USD
0000011357,CALL_CENTER,EXPRESS,USD
0000011358,WEB,STANDARD,USD
0000011359,CALL_CENTER,STANDARD,USD
0000011360,MOBILE_APP,STANDARD,USD
0000011361,WEB,EXPRESS,USD
0000011362,MOBILE_APP,STANDARD,USD
0000011363,WEB,STANDARD,USD
0000011364,MOBILE_APP,EXPRESS,USD
0000011365,WEB,STANDARD,USD
0000011366,WEB,STANDARD,USD
0000011367,WEB,STANDARD,USD
0000011368,MOBILE_APP,STANDARD,USD
0000011369,WEB,STANDARD,USD
0000011370,WEB,STANDARD,USD
0000011371,WEB,STANDARD,USD
0000011372,WEB,STANDARD,USD
0000011373,MOBILE_APP,EXPRESS,USD
0000011374,WEB,STANDARD,USD
0000011375,WEB,EXPRESS,USD
0000011376,WEB,EXPRESS,USD
0000011377,MOBILE_APP,EXPRESS,USD
0000011378,WEB,STANDARD,USD
0000011379,MOBILE_APP,STANDARD,USD
0000011380,WEB,STANDARD,USD
0000011381,MOBILE_APP,STANDARD,USD
0000011382,MOBILE_APP,STANDARD,USD
0000011383,WEB,STANDARD,USD
0000011384,MOBILE_APP,STANDARD,USD
0000011385,MOBILE_APP,STANDARD,USD
0000011386,MOBILE_APP,STANDARD,USD
0000011387,MOBILE_APP,STANDARD,USD
0000011388,MOBILE_APP,STANDARD,USD
0000011389,WEB,PICKUP,USD
0000011390,CALL_CENTER,STANDARD,USD
0000011391,WEB,STANDARD,USD
0000011392,MOBILE_APP,STANDARD,USD
0000011393,CALL_CENTER,STANDARD,USD
0000011394,WEB,STANDARD,USD
0000011395,WEB,STANDARD,USD
0000011396,MOBILE_APP,EXPRESS,USD
0000011397,MOBILE_APP,PICKUP,USD
0000011398,MOBILE_APP,STANDARD,USD
0000011399,MOBILE_APP,STANDARD,USD
0000011400,WEB,PICKUP,USD
0000011401,MOBILE_APP,PICKUP,USD
0000011402,WEB,STANDARD,USD
0000011403,MOBILE_APP,STANDARD,USD
0000011404,WEB,STANDARD,USD
0000011405,MOBILE_APP,EXPRESS,USD
0000011406,WEB,STANDARD,USD
0000011407,WEB,STANDARD,USD
0000011408,WEB,EXPRESS,USD
0000011409,WEB,STANDARD,USD
0000011410,WEB,STANDARD,USD
0000011411,MOBILE_APP,STANDARD,USD
0000011412,WEB,STANDARD,USD
0000011413,MOBILE_APP,PICKUP,USD
0000011414,WEB,STANDARD,USD
0000011415,WEB,STANDARD,USD
0000011416,WEB,STANDARD,USD
0000011417,WEB,STANDARD,USD
0000011418,WEB,STANDARD,USD
0000011419,CALL_CENTER,STANDARD,USD
0000011420,WEB,STANDARD,USD
0000011421,MOBILE_APP,STANDARD,USD
0000011422,MOBILE_APP,PICKUP,USD
0000011423,CALL_CENTER,EXPRESS,USD
0000011424,MOBILE_APP,STANDARD,USD
0000011425,MOBILE_APP,STANDARD,USD
0000011426,MOBILE_APP,EXPRESS,USD
0000011427,MOBILE_APP,STANDARD,USD
0000011428,WEB,STANDARD,USD
0000011429,MOBILE_APP,STANDARD,USD
0000011430,WEB,EXPRESS,USD
0000011431,MOBILE_APP,STANDARD,USD
0000011432,WEB,STANDARD,USD
0000011433,WEB,STANDARD,USD
0000011434,WEB,STANDARD,USD
0000011435,CALL_CENTER,STANDARD,USD
0000011436,WEB,PICKUP,USD
0000011437,WEB,STANDARD,USD
0000011438,MOBILE_APP,STANDARD,USD
0000011439,WEB,PICKUP,USD
0000011440,WEB,STANDARD,USD
0000011441,MOBILE_APP,STANDARD,USD
0000011442,WEB,STANDARD,USD
0000011443,WEB,STANDARD,USD
0000011444,MOBILE_APP,EXPRESS,USD
0000011445,MOBILE_APP,STANDARD,USD
0000011446,MOBILE_APP,STANDARD,USD
0000011447,WEB,STANDARD,USD
0000011448,WEB,STANDARD,USD
0000011449,WEB,STANDARD,USD
0000011450,MOBILE_APP,EXPRESS,USD
0000011451,WEB,STANDARD,USD
0000011452,WEB,STANDARD,USD
0000011453,MOBILE_APP,STANDARD,USD
0000011454,MOBILE_APP,STANDARD,USD
0000011455,MOBILE_APP,PICKUP,USD
0000011456,WEB,STANDARD,USD
0000011457,MOBILE_APP,STANDARD,USD
0000011458,WEB,STANDARD,USD
0000011459,WEB,STANDARD,USD
0000011460,MOBILE_APP,STANDARD,USD
0000011461,MOBILE_APP,STANDARD,USD
0000011462,MOBILE_APP,EXPRESS,USD
0000011463,WEB,STANDARD,USD
0000011464,MOBILE_APP,PICKUP,USD
0000011465,MOBILE_APP,STANDARD,USD
0000011466,MOBILE_APP,PICKUP,USD
0000011467,WEB,EXPRESS,USD
0000011468,MOBILE_APP,EXPRESS,USD
0000011469,MOBILE_APP,STANDARD,USD
0000011470,MOBILE_APP,STANDARD,USD
0000011471,MOBILE_APP,PICKUP,USD
0000011472,WEB,STANDARD,USD
0000011473,MOBILE_APP,STANDARD,USD
0000011474,MOBILE_APP,PICKUP,USD
0000011475,WEB,STANDARD,USD
0000011476,CALL_CENTER,STANDARD,USD
0000011477,WEB,PICKUP,USD
0000011478,WEB,STANDARD,USD
0000011479,MOBILE_APP,STANDARD,USD
0000011480,MOBILE_APP,PICKUP,USD
0000011481,WEB,STANDARD,USD
0000011482,CALL_CENTER,EXPRESS,USD
0000011483,MOBILE_APP,STANDARD,USD
0000011484,WEB,STANDARD,USD
0000011485,WEB,EXPRESS,USD
0000011486,WEB,STANDARD,USD
0000011487,MOBILE_APP,STANDARD,USD
0000011488,WEB,STANDARD,USD
0000011489,CALL_CENTER,STANDARD,USD
0000011490,WEB,STANDARD,USD
0000011491,WEB,STANDARD,USD
0000011492,WEB,EXPRESS,USD
0000011493,WEB,STANDARD,USD
0000011494,WEB,PICKUP,USD
0000011495,WEB,STANDARD,USD
0000011496,WEB,EXPRESS,USD
0000011497,WEB,STANDARD,USD
0000011498,WEB,EXPRESS,USD
0000011499,WEB,STANDARD,USD
0000011500,MOBILE_APP,STANDARD,USD
0000011501,MOBILE_APP,STANDARD,USD
0000011502,CALL_CENTER,STANDARD,USD
0000011503,CALL_CENTER,STANDARD,USD
0000011504,MOBILE_APP,STANDARD,USD
0000011505,WEB,STANDARD,USD
0000011506,MOBILE_APP,STANDARD,USD
0000011507,MOBILE_APP,STANDARD,USD
0000011508,MOBILE_APP,STANDARD,USD
0000011509,WEB,EXPRESS,USD
0000011510,MOBILE_APP,STANDARD,USD
0000011511,MOBILE_APP,STANDARD,USD
0000011512,MOBILE_APP,STANDARD,USD
0000011513,WEB,PICKUP,USD
0000011514,WEB,PICKUP,USD
0000011515,MOBILE_APP,PICKUP,USD
0000011516,WEB,STANDARD,USD
0000011517,MOBILE_APP,STANDARD,USD
0000011518,WEB,STANDARD,USD
0000011519,WEB,EXPRESS,USD
0000011520,WEB,EXPRESS,USD
0000011521,MOBILE_APP,STANDARD,USD
0000011522,MOBILE_APP,STANDARD,USD
0000011523,WEB,STANDARD,USD
0000011524,WEB,STANDARD,USD
0000011525,MOBILE_APP,EXPRESS,USD
0000011526,MOBILE_APP,STANDARD,USD
0000011527,WEB,STANDARD,USD
0000011528,WEB,EXPRESS,USD
0000011529,WEB,STANDARD,USD
0000011530,WEB,STANDARD,USD
0000011531,WEB,STANDARD,USD
0000011532,WEB,PICKUP,USD
0000011533,WEB,STANDARD,USD
0000011534,WEB,STANDARD,USD
0000011535,MOBILE_APP,STANDARD,USD
0000011536,CALL_CENTER,STANDARD,USD
0000011537,WEB,STANDARD,USD
0000011538,MOBILE_APP,STANDARD,USD
0000011539,MOBILE_APP,STANDARD,USD
0000011540,MOBILE_APP,STANDARD,USD
0000011541,WEB,STANDARD,USD
0000011542,WEB,STANDARD,USD
0000011543,WEB,STANDARD,USD
0000011544,WEB,PICKUP,USD
0000011545,WEB,STANDARD,USD
0000011546,WEB,STANDARD,USD
0000011547,MOBILE_APP,STANDARD,USD
0000011548,MOBILE_APP,STANDARD,USD
0000011549,WEB,EXPRESS,USD
0000011550,WEB,EXPRESS,USD
0000011551,MOBILE_APP,STANDARD,USD
0000011552,MOBILE_APP,STANDARD,USD
0000011553,WEB,PICKUP,USD
0000011554,MOBILE_APP,PICKUP,USD
0000011555,MOBILE_APP,PICKUP,USD
0000011556,WEB,STANDARD,USD
0000011557,WEB,STANDARD,USD
0000011558,MOBILE_APP,STANDARD,USD
0000011559,MOBILE_APP,EXPRESS,USD
0000011560,MOBILE_APP,EXPRESS,USD
0000011561,MOBILE_APP,PICKUP,USD
0000011562,MOBILE_APP,STANDARD,USD
0000011563,MOBILE_APP,STANDARD,USD
0000011564,CALL_CENTER,STANDARD,USD
0000011565,MOBILE_APP,STANDARD,USD
0000011566,WEB,STANDARD,USD
0000011567,WEB,PICKUP,USD
0000011568,WEB,PICKUP,USD
0000011569,CALL_CENTER,STANDARD,USD
0000011570,MOBILE_APP,STANDARD,USD
0000011571,WEB,STANDARD,USD
0000011572,WEB,PICKUP,USD
0000011573,MOBILE_APP,STANDARD,USD
0000011574,MOBILE_APP,EXPRESS,USD
0000011575,WEB,STANDARD,USD
0000011576,WEB,STANDARD,USD
0000011577,MOBILE_APP,STANDARD,USD
0000011578,MOBILE_APP,STANDARD,USD
0000011579,MOBILE_APP,PICKUP,USD
0000011580,MOBILE_APP,STANDARD,USD
0000011581,MOBILE_APP,STANDARD,USD
0000011582,WEB,STANDARD,USD
0000011583,WEB,STANDARD,USD
0000011584,WEB,EXPRESS,USD
0000011585,WEB,STANDARD,USD
0000011586,WEB,STANDARD,USD
0000011587,MOBILE_APP,STANDARD,USD
0000011588,WEB,STANDARD,USD
0000011589,MOBILE_APP,STANDARD,USD
0000011590,MOBILE_APP,STANDARD,USD
0000011591,WEB,STANDARD,USD
0000011592,MOBILE_APP,EXPRESS,USD
0000011593,WEB,STANDARD,USD
0000011594,WEB,STANDARD,USD
0000011595,WEB,STANDARD,USD
0000011596,MOBILE_APP,STANDARD,USD
0000011597,MOBILE_APP,STANDARD,USD
0000011598,WEB,EXPRESS,USD
0000011599,WEB,PICKUP,USD
0000011600,MOBILE_APP,STANDARD,USD
0000011601,WEB,STANDARD,USD
0000011602,MOBILE_APP,EXPRESS,USD
0000011603,WEB,EXPRESS,USD
0000011604,WEB,STANDARD,USD
0000011605,MOBILE_APP,STANDARD,USD
0000011606,WEB,STANDARD,USD
0000011607,WEB,STANDARD,USD
0000011608,WEB,PICKUP,USD
0000011609,MOBILE_APP,EXPRESS,USD
0000011610,MOBILE_APP,STANDARD,USD
0000011611,MOBILE_APP,STANDARD,USD
0000011612,WEB,STANDARD,USD
0000011613,WEB,STANDARD,USD
0000011614,MOBILE_APP,STANDARD,USD
0000011615,MOBILE_APP,STANDARD,USD
0000011616,MOBILE_APP,STANDARD,USD
0000011617,WEB,EXPRESS,USD
0000011618,WEB,EXPRESS,USD
0000011619,WEB,STANDARD,USD
0000011620,WEB,EXPRESS,USD
0000011621,WEB,STANDARD,USD
0000011622,MOBILE_APP,STANDARD,USD
0000011623,MOBILE_APP,STANDARD,USD
0000011624,MOBILE_APP,PICKUP,USD
0000011625,MOBILE_APP,PICKUP,USD
0000011626,WEB,STANDARD,USD
0000011627,WEB,STANDARD,USD
0000011628,WEB,STANDARD,USD
0000011629,WEB,PICKUP,USD
0000011630,MOBILE_APP,EXPRESS,USD
0000011631,WEB,STANDARD,USD
0000011632,WEB,EXPRESS,USD
0000011633,MOBILE_APP,STANDARD,USD
0000011634,MOBILE_APP,EXPRESS,USD
0000011635,MOBILE_APP,STANDARD,USD
0000011636,MOBILE_APP,STANDARD,USD
0000011637,WEB,STANDARD,USD
0000011638,MOBILE_APP,STANDARD,USD
0000011639,WEB,STANDARD,USD
0000011640,WEB,STANDARD,USD
0000011641,MOBILE_APP,STANDARD,USD
0000011642,WEB,STANDARD,USD
0000011643,WEB,PICKUP,USD
0000011644,MOBILE_APP,PICKUP,USD
0000011645,MOBILE_APP,STANDARD,USD
0000011646,WEB,EXPRESS,USD
0000011647,WEB,STANDARD,USD
0000011648,WEB,EXPRESS,USD
0000011649,WEB,STANDARD,USD
0000011650,WEB,STANDARD,USD
0000011651,MOBILE_APP,STANDARD,USD
0000011652,WEB,PICKUP,USD
0000011653,WEB,STANDARD,USD
0000011654,CALL_CENTER,STANDARD,USD
0000011655,MOBILE_APP,PICKUP,USD
0000011656,MOBILE_APP,STANDARD,USD
0000011657,MOBILE_APP,STANDARD,USD
0000011658,WEB,STANDARD,USD
0000011659,MOBILE_APP,STANDARD,USD
0000011660,WEB,STANDARD,USD
0000011661,MOBILE_APP,EXPRESS,USD
0000011662,WEB,STANDARD,USD
0000011663,CALL_CENTER,STANDARD,USD
0000011664,MOBILE_APP,PICKUP,USD
0000011665,WEB,STANDARD,USD
0000011666,WEB,STANDARD,USD
0000011667,WEB,STANDARD,USD
0000011668,WEB,STANDARD,USD
0000011669,MOBILE_APP,STANDARD,USD
0000011670,WEB,STANDARD,USD
0000011671,MOBILE_APP,STANDARD,USD
0000011672,WEB,STANDARD,USD
0000011673,WEB,STANDARD,USD
0000011674,MOBILE_APP,STANDARD,USD
0000011675,WEB,STANDARD,USD
0000011676,WEB,STANDARD,USD
0000011677,MOBILE_APP,STANDARD,USD
0000011678,WEB,STANDARD,USD
0000011679,MOBILE_APP,STANDARD,USD
0000011680,WEB,STANDARD,USD
0000011681,MOBILE_APP,STANDARD,USD
0000011682,WEB,STANDARD,USD
0000011683,WEB,STANDARD,USD
0000011684,WEB,STANDARD,USD
0000011685,MOBILE_APP,STANDARD,USD
0000011686,MOBILE_APP,STANDARD,USD
0000011687,WEB,EXPRESS,USD
0000011688,WEB,STANDARD,USD
0000011689,CALL_CENTER,STANDARD,USD
0000011690,MOBILE_APP,STANDARD,USD
0000011691,WEB,STANDARD,USD
0000011692,WEB,STANDARD,USD
0000011693,WEB,PICKUP,USD
0000011694,WEB,STANDARD,USD
0000011695,CALL_CENTER,STANDARD,USD
0000011696,MOBILE_APP,STANDARD,USD
0000011697,MOBILE_APP,STANDARD,USD
0000011698,MOBILE_APP,STANDARD,USD
0000011699,WEB,EXPRESS,USD
0000011700,WEB,EXPRESS,USD
0000011701,MOBILE_APP,STANDARD,USD
0000011702,MOBILE_APP,STANDARD,USD
0000011703,WEB,STANDARD,USD
0000011704,CALL_CENTER,STANDARD,USD
0000011705,WEB,STANDARD,USD
0000011706,WEB,STANDARD,USD
0000011707,MOBILE_APP,STANDARD,USD
0000011708,CALL_CENTER,STANDARD,USD
0000011709,WEB,STANDARD,USD
0000011710,WEB,STANDARD,USD
0000011711,MOBILE_APP,STANDARD,USD
0000011712,WEB,STANDARD,USD
0000011713,MOBILE_APP,STANDARD,USD
0000011714,MOBILE_APP,STANDARD,USD
0000011715,MOBILE_APP,STANDARD,USD
0000011716,MOBILE_APP,STANDARD,USD
0000011717,MOBILE_APP,EXPRESS,USD
0000011718,WEB,STANDARD,USD
0000011719,WEB,STANDARD,USD
0000011720,MOBILE_APP,STANDARD,USD
0000011721,MOBILE_APP,EXPRESS,USD
0000011722,WEB,STANDARD,USD
0000011723,MOBILE_APP,STANDARD,USD
0000011724,WEB,STANDARD,USD
0000011725,WEB,EXPRESS,USD
0000011726,WEB,EXPRESS,USD
0000011727,WEB,STANDARD,USD
0000011728,WEB,STANDARD,USD
0000011729,WEB,STANDARD,USD
0000011730,MOBILE_APP,STANDARD,USD
0000011731,WEB,STANDARD,USD
0000011732,WEB,STANDARD,USD
0000011733,MOBILE_APP,STANDARD,USD
0000011734,MOBILE_APP,STANDARD,USD
0000011735,MOBILE_APP,STANDARD,USD
0000011736,WEB,STANDARD,USD
0000011737,WEB,STANDARD,USD
0000011738,WEB,STANDARD,USD
0000011739,MOBILE_APP,STANDARD,USD
0000011740,WEB,EXPRESS,USD
0000011741,MOBILE_APP,STANDARD,USD
0000011742,MOBILE_APP,STANDARD,USD
0000011743,WEB,PICKUP,USD
0000011744,MOBILE_APP,STANDARD,USD
0000011745,WEB,PICKUP,USD
0000011746,MOBILE_APP,EXPRESS,USD
0000011747,WEB,STANDARD,USD
0000011748,WEB,STANDARD,USD
0000011749,CALL_CENTER,EXPRESS,USD
0000011750,WEB,STANDARD,USD
0000011751,MOBILE_APP,STANDARD,USD
0000011752,WEB,STANDARD,USD
0000011753,WEB,STANDARD,USD
0000011754,MOBILE_APP,STANDARD,USD
0000011755,WEB,STANDARD,USD
0000011756,CALL_CENTER,STANDARD,USD
0000011757,WEB,EXPRESS,USD
0000011758,WEB,STANDARD,USD
0000011759,MOBILE_APP,STANDARD,USD
0000011760,WEB,STANDARD,USD
0000011761,WEB,STANDARD,USD
0000011762,WEB,STANDARD,USD
0000011763,WEB,STANDARD,USD
0000011764,MOBILE_APP,STANDARD,USD
0000011765,MOBILE_APP,STANDARD,USD
0000011766,WEB,STANDARD,USD
0000011767,MOBILE_APP,PICKUP,USD
0000011768,WEB,STANDARD,USD
0000011769,CALL_CENTER,STANDARD,USD
0000011770,MOBILE_APP,STANDARD,USD
0000011771,MOBILE_APP,STANDARD,USD
0000011772,WEB,STANDARD,USD
0000011773,WEB,STANDARD,USD
0000011774,WEB,EXPRESS,USD
0000011775,CALL_CENTER,EXPRESS,USD
0000011776,MOBILE_APP,STANDARD,USD
0000011777,WEB,STANDARD,USD
0000011778,WEB,STANDARD,USD
0000011779,MOBILE_APP,STANDARD,USD
0000011780,WEB,EXPRESS,USD
0000011781,MOBILE_APP,STANDARD,USD
0000011782,MOBILE_APP,STANDARD,USD
0000011783,CALL_CENTER,EXPRESS,USD
0000011784,WEB,STANDARD,USD
0000011785,WEB,STANDARD,USD
0000011786,MOBILE_APP,EXPRESS,USD
0000011787,WEB,EXPRESS,USD
0000011788,WEB,PICKUP,USD
0000011789,WEB,EXPRESS,USD
0000011790,MOBILE_APP,STANDARD,USD
0000011791,WEB,EXPRESS,USD
0000011792,MOBILE_APP,STANDARD,USD
0000011793,MOBILE_APP,STANDARD,USD
0000011794,WEB,STANDARD,USD
0000011795,MOBILE_APP,STANDARD,USD
0000011796,WEB,PICKUP,USD
0000011797,WEB,STANDARD,USD
0000011798,WEB,STANDARD,USD
0000011799,WEB,STANDARD,USD
0000011800,MOBILE_APP,STANDARD,USD
0000011801,WEB,PICKUP,USD
0000011802,WEB,STANDARD,USD
0000011803,MOBILE_APP,STANDARD,USD
0000011804,WEB,STANDARD,USD
0000011805,WEB,STANDARD,USD
0000011806,WEB,STANDARD,USD
0000011807,MOBILE_APP,PICKUP,USD
0000011808,WEB,STANDARD,USD
0000011809,MOBILE_APP,EXPRESS,USD
0000011810,WEB,STANDARD,USD
0000011811,WEB,EXPRESS,USD
0000011812,WEB,STANDARD,USD
0000011813,MOBILE_APP,STANDARD,USD
0000011814,WEB,STANDARD,USD
0000011815,MOBILE_APP,EXPRESS,USD
0000011816,WEB,STANDARD,USD
0000011817,WEB,PICKUP,USD
0000011818,WEB,STANDARD,USD
0000011819,WEB,EXPRESS,USD
0000011820,WEB,STANDARD,USD
0000011821,WEB,STANDARD,USD
0000011822,MOBILE_APP,PICKUP,USD
0000011823,WEB,STANDARD,USD
0000011824,WEB,EXPRESS,USD
0000011825,MOBILE_APP,EXPRESS,USD
0000011826,WEB,STANDARD,USD
0000011827,WEB,STANDARD,USD
0000011828,WEB,STANDARD,USD
0000011829,WEB,STANDARD,USD
0000011830,WEB,EXPRESS,USD
0000011831,MOBILE_APP,STANDARD,USD
0000011832,WEB,STANDARD,USD
0000011833,WEB,STANDARD,USD
0000011834,WEB,STANDARD,USD
0000011835,MOBILE_APP,PICKUP,USD
0000011836,WEB,STANDARD,USD
0000011837,WEB,PICKUP,USD
0000011838,MOBILE_APP,EXPRESS,USD
0000011839,WEB,EXPRESS,USD
0000011840,CALL_CENTER,STANDARD,USD
0000011841,CALL_CENTER,STANDARD,USD
0000011842,CALL_CENTER,STANDARD,USD
0000011843,WEB,STANDARD,USD
0000011844,MOBILE_APP,STANDARD,USD
0000011845,WEB,STANDARD,USD
0000011846,MOBILE_APP,EXPRESS,USD
0000011847,MOBILE_APP,STANDARD,USD
0000011848,MOBILE_APP,STANDARD,USD
0000011849,MOBILE_APP,STANDARD,USD
0000011850,MOBILE_APP,STANDARD,USD
0000011851,MOBILE_APP,STANDARD,USD
0000011852,WEB,STANDARD,USD
0000011853,WEB,STANDARD,USD
0000011854,WEB,EXPRESS,USD
0000011855,MOBILE_APP,STANDARD,USD
0000011856,WEB,PICKUP,USD
0000011857,WEB,STANDARD,USD
0000011858,MOBILE_APP,STANDARD,USD
0000011859,MOBILE_APP,STANDARD,USD
0000011860,MOBILE_APP,STANDARD,USD
0000011861,WEB,EXPRESS,USD
0000011862,MOBILE_APP,STANDARD,USD
0000011863,MOBILE_APP,PICKUP,USD
0000011864,MOBILE_APP,STANDARD,USD
0000011865,WEB,STANDARD,USD
0000011866,WEB,STANDARD,USD
0000011867,WEB,STANDARD,USD
0000011868,WEB,EXPRESS,USD
0000011869,MOBILE_APP,EXPRESS,USD
0000011870,MOBILE_APP,STANDARD,USD
0000011871,WEB,STANDARD,USD
0000011872,MOBILE_APP,PICKUP,USD
0000011873,MOBILE_APP,PICKUP,USD
0000011874,WEB,EXPRESS,USD
0000011875,MOBILE_APP,STANDARD,USD
0000011876,WEB,STANDARD,USD
0000011877,WEB,STANDARD,USD
0000011878,MOBILE_APP,STANDARD,USD
0000011879,WEB,STANDARD,USD
0000011880,WEB,STANDARD,USD
0000011881,MOBILE_APP,EXPRESS,USD
0000011882,MOBILE_APP,STANDARD,USD
0000011883,WEB,STANDARD,USD
0000011884,WEB,EXPRESS,USD
0000011885,MOBILE_APP,STANDARD,USD
0000011886,MOBILE_APP,STANDARD,USD
0000011887,MOBILE_APP,STANDARD,USD
0000011888,WEB,STANDARD,USD
0000011889,WEB,EXPRESS,USD
0000011890,MOBILE_APP,STANDARD,USD
0000011891,WEB,STANDARD,USD
0000011892,WEB,EXPRESS,USD
0000011893,MOBILE_APP,STANDARD,USD
0000011894,WEB,STANDARD,USD
0000011895,WEB,STANDARD,USD
0000011896,WEB,STANDARD,USD
0000011897,WEB,STANDARD,USD
0000011898,MOBILE_APP,STANDARD,USD
0000011899,MOBILE_APP,STANDARD,USD
0000011900,WEB,STANDARD,USD
0000011901,MOBILE_APP,STANDARD,USD
0000011902,WEB,STANDARD,USD
0000011903,WEB,STANDARD,USD
0000011904,MOBILE_APP,STANDARD,USD
0000011905,WEB,STANDARD,USD
0000011906,MOBILE_APP,STANDARD,USD
0000011907,WEB,STANDARD,USD
0000011908,MOBILE_APP,STANDARD,USD
0000011909,WEB,STANDARD,USD
0000011910,WEB,PICKUP,USD
0000011911,WEB,EXPRESS,USD
0000011912,MOBILE_APP,EXPRESS,USD
0000011913,WEB,STANDARD,USD
0000011914,WEB,STANDARD,USD
0000011915,WEB,STANDARD,USD
0000011916,WEB,STANDARD,USD
0000011917,WEB,PICKUP,USD
0000011918,WEB,STANDARD,USD
0000011919,WEB,STANDARD,USD
0000011920,WEB,STANDARD,USD
0000011921,MOBILE_APP,EXPRESS,USD
0000011922,WEB,STANDARD,USD
0000011923,WEB,STANDARD,USD
0000011924,WEB,EXPRESS,USD
0000011925,WEB,STANDARD,USD
0000011926,WEB,STANDARD,USD
0000011927,WEB,STANDARD,USD
0000011928,MOBILE_APP,STANDARD,USD
0000011929,CALL_CENTER,EXPRESS,USD
0000011930,WEB,PICKUP,USD
0000011931,WEB,STANDARD,USD
0000011932,WEB,STANDARD,USD
0000011933,WEB,STANDARD,USD
0000011934,MOBILE_APP,STANDARD,USD
0000011935,WEB,PICKUP,USD
0000011936,WEB,STANDARD,USD
0000011937,MOBILE_APP,STANDARD,USD
0000011938,MOBILE_APP,EXPRESS,USD
0000011939,MOBILE_APP,STANDARD,USD
0000011940,MOBILE_APP,STANDARD,USD
0000011941,MOBILE_APP,STANDARD,USD
0000011942,WEB,STANDARD,USD
0000011943,WEB,STANDARD,USD
0000011944,WEB,STANDARD,USD
0000011945,WEB,STANDARD,USD
0000011946,WEB,PICKUP,USD
0000011947,WEB,STANDARD,USD
0000011948,WEB,STANDARD,USD
0000011949,WEB,STANDARD,USD
0000011950,MOBILE_APP,STANDARD,USD
0000011951,WEB,STANDARD,USD
0000011952,MOBILE_APP,STANDARD,USD
0000011953,CALL_CENTER,STANDARD,USD
0000011954,WEB,EXPRESS,USD
0000011955,WEB,STANDARD,USD
0000011956,WEB,STANDARD,USD
0000011957,CALL_CENTER,STANDARD,USD
0000011958,MOBILE_APP,STANDARD,USD
0000011959,MOBILE_APP,EXPRESS,USD
0000011960,MOBILE_APP,STANDARD,USD
0000011961,MOBILE_APP,EXPRESS,USD
0000011962,WEB,STANDARD,USD
0000011963,MOBILE_APP,STANDARD,USD
0000011964,WEB,STANDARD,USD
0000011965,MOBILE_APP,STANDARD,USD
0000011966,WEB,STANDARD,USD
0000011967,WEB,STANDARD,USD
0000011968,MOBILE_APP,STANDARD,USD
0000011969,WEB,EXPRESS,USD
0000011970,WEB,PICKUP,USD
0000011971,MOBILE_APP,STANDARD,USD
0000011972,CALL_CENTER,STANDARD,USD
0000011973,WEB,EXPRESS,USD
0000011974,WEB,STANDARD,USD
0000011975,CALL_CENTER,STANDARD,USD
0000011976,WEB,STANDARD,USD
0000011977,WEB,STANDARD,USD
0000011978,WEB,STANDARD,USD
0000011979,WEB,EXPRESS,USD
0000011980,WEB,STANDARD,USD
0000011981,MOBILE_APP,STANDARD,USD
0000011982,WEB,STANDARD,USD
0000011983,WEB,EXPRESS,USD
0000011984,WEB,STANDARD,USD
0000011985,WEB,PICKUP,USD
0000011986,WEB,STANDARD,USD
0000011987,WEB,STANDARD,USD
0000011988,WEB,STANDARD,USD
0000011989,WEB,EXPRESS,USD
0000011990,WEB,PICKUP,USD
0000011991,WEB,STANDARD,USD
0000011992,WEB,STANDARD,USD
0000011993,WEB,STANDARD,USD
0000011994,MOBILE_APP,STANDARD,USD
0000011995,MOBILE_APP,STANDARD,USD
0000011996,MOBILE_APP,EXPRESS,USD
0000011997,WEB,PICKUP,USD
0000011998,MOBILE_APP,STANDARD,USD
0000011999,MOBILE_APP,STANDARD,USD
0000012000,MOBILE_APP,PICKUP,USD
0000012001,MOBILE_APP,STANDARD,USD
0000012002,MOBILE_APP,STANDARD,USD
0000012003,MOBILE_APP,EXPRESS,USD
0000012004,WEB,STANDARD,USD
0000012005,WEB,STANDARD,USD
0000012006,WEB,EXPRESS,USD
0000012007,CALL_CENTER,STANDARD,USD
0000012008,CALL_CENTER,STANDARD,USD
0000012009,WEB,STANDARD,USD
0000012010,MOBILE_APP,STANDARD,USD
0000012011,MOBILE_APP,PICKUP,USD
0000012012,WEB,EXPRESS,USD
0000012013,MOBILE_APP,STANDARD,USD
0000012014,MOBILE_APP,STANDARD,USD
0000012015,MOBILE_APP,STANDARD,USD
0000012016,MOBILE_APP,PICKUP,USD
0000012017,MOBILE_APP,STANDARD,USD
0000012018,WEB,EXPRESS,USD
0000012019,MOBILE_APP,STANDARD,USD
0000012020,WEB,STANDARD,USD
0000012021,MOBILE_APP,STANDARD,USD
0000012022,WEB,STANDARD,USD
0000012023,WEB,STANDARD,USD
0000012024,WEB,EXPRESS,USD
0000012025,WEB,STANDARD,USD
0000012026,WEB,EXPRESS,USD
0000012027,MOBILE_APP,STANDARD,USD
0000012028,WEB,EXPRESS,USD
0000012029,WEB,STANDARD,USD
0000012030,WEB,STANDARD,USD
0000012031,WEB,STANDARD,USD
0000012032,MOBILE_APP,STANDARD,USD
0000012033,MOBILE_APP,STANDARD,USD
0000012034,MOBILE_APP,EXPRESS,USD
0000012035,MOBILE_APP,STANDARD,USD
0000012036,WEB,STANDARD,USD
0000012037,WEB,STANDARD,USD
0000012038,WEB,STANDARD,USD
0000012039,WEB,STANDARD,USD
0000012040,WEB,STANDARD,USD
0000012041,WEB,STANDARD,USD
0000012042,MOBILE_APP,EXPRESS,USD
0000012043,MOBILE_APP,EXPRESS,USD
0000012044,WEB,STANDARD,USD
0000012045,WEB,STANDARD,USD
0000012046,CALL_CENTER,STANDARD,USD
0000012047,MOBILE_APP,PICKUP,USD
0000012048,MOBILE_APP,STANDARD,USD
0000012049,MOBILE_APP,STANDARD,USD
0000012050,WEB,EXPRESS,USD
0000012051,MOBILE_APP,EXPRESS,USD
0000012052,WEB,STANDARD,USD
0000012053,WEB,EXPRESS,USD
0000012054,MOBILE_APP,EXPRESS,USD
0000012055,WEB,STANDARD,USD
0000012056,WEB,STANDARD,USD
0000012057,WEB,STANDARD,USD
0000012058,CALL_CENTER,STANDARD,USD
0000012059,MOBILE_APP,STANDARD,USD
0000012060,WEB,STANDARD,USD
0000012061,WEB,STANDARD,USD
0000012062,WEB,STANDARD,USD
0000012063,WEB,STANDARD,USD
0000012064,WEB,STANDARD,USD
0000012065,MOBILE_APP,STANDARD,USD
0000012066,WEB,STANDARD,USD
0000012067,MOBILE_APP,STANDARD,USD
0000012068,MOBILE_APP,STANDARD,USD
0000012069,MOBILE_APP,STANDARD,USD
0000012070,WEB,STANDARD,USD
0000012071,WEB,EXPRESS,USD
0000012072,WEB,STANDARD,USD
0000012073,WEB,STANDARD,USD
0000012074,WEB,STANDARD,USD
0000012075,MOBILE_APP,PICKUP,USD
0000012076,WEB,EXPRESS,USD
0000012077,WEB,STANDARD,USD
0000012078,MOBILE_APP,STANDARD,USD
0000012079,WEB,EXPRESS,USD
0000012080,WEB,STANDARD,USD
0000012081,MOBILE_APP,EXPRESS,USD
0000012082,MOBILE_APP,STANDARD,USD
0000012083,MOBILE_APP,STANDARD,USD
0000012084,MOBILE_APP,PICKUP,USD
0000012085,WEB,STANDARD,USD
0000012086,WEB,STANDARD,USD
0000012087,MOBILE_APP,STANDARD,USD
0000012088,WEB,STANDARD,USD
0000012089,WEB,STANDARD,USD
0000012090,CALL_CENTER,STANDARD,USD
0000012091,WEB,STANDARD,USD
0000012092,MOBILE_APP,STANDARD,USD
0000012093,WEB,STANDARD,USD
0000012094,MOBILE_APP,STANDARD,USD
0000012095,MOBILE_APP,EXPRESS,USD
0000012096,WEB,STANDARD,USD
0000012097,WEB,STANDARD,USD
0000012098,MOBILE_APP,STANDARD,USD
0000012099,MOBILE_APP,STANDARD,USD
0000012100,WEB,STANDARD,USD
0000012101,MOBILE_APP,STANDARD,USD
0000012102,WEB,STANDARD,USD
0000012103,MOBILE_APP,STANDARD,USD
0000012104,WEB,STANDARD,USD
0000012105,MOBILE_APP,STANDARD,USD
0000012106,WEB,EXPRESS,USD
0000012107,WEB,STANDARD,USD
0000012108,WEB,STANDARD,USD
0000012109,MOBILE_APP,STANDARD,USD
0000012110,MOBILE_APP,STANDARD,USD
0000012111,WEB,STANDARD,USD
0000012112,WEB,STANDARD,USD
0000012113,WEB,PICKUP,USD
0000012114,MOBILE_APP,STANDARD,USD
0000012115,WEB,STANDARD,USD
0000012116,WEB,EXPRESS,USD
0000012117,WEB,STANDARD,USD
0000012118,MOBILE_APP,STANDARD,USD
0000012119,MOBILE_APP,STANDARD,USD
0000012120,WEB,STANDARD,USD
0000012121,WEB,EXPRESS,USD
0000012122,MOBILE_APP,EXPRESS,USD
0000012123,WEB,EXPRESS,USD
0000012124,WEB,STANDARD,USD
0000012125,MOBILE_APP,EXPRESS,USD
0000012126,WEB,STANDARD,USD
0000012127,WEB,STANDARD,USD
0000012128,WEB,STANDARD,USD
0000012129,WEB,STANDARD,USD
0000012130,MOBILE_APP,STANDARD,USD
0000012131,MOBILE_APP,STANDARD,USD
0000012132,MOBILE_APP,STANDARD,USD
0000012133,WEB,STANDARD,USD
0000012134,MOBILE_APP,STANDARD,USD
0000012135,WEB,EXPRESS,USD
0000012136,WEB,EXPRESS,USD
0000012137,WEB,EXPRESS,USD
0000012138,MOBILE_APP,STANDARD,USD
0000012139,WEB,STANDARD,USD
0000012140,MOBILE_APP,STANDARD,USD
0000012141,WEB,EXPRESS,USD
0000012142,WEB,STANDARD,USD
0000012143,WEB,STANDARD,USD
0000012144,WEB,PICKUP,USD
0000012145,WEB,STANDARD,USD
0000012146,WEB,STANDARD,USD
0000012147,MOBILE_APP,PICKUP,USD
0000012148,WEB,STANDARD,USD
0000012149,MOBILE_APP,PICKUP,USD
0000012150,WEB,STANDARD,USD
0000012151,CALL_CENTER,PICKUP,USD
0000012152,MOBILE_APP,EXPRESS,USD
0000012153,WEB,STANDARD,USD
0000012154,WEB,STANDARD,USD
0000012155,WEB,EXPRESS,USD
0000012156,MOBILE_APP,EXPRESS,USD
0000012157,WEB,EXPRESS,USD
0000012158,MOBILE_APP,EXPRESS,USD
0000012159,WEB,PICKUP,USD
0000012160,MOBILE_APP,PICKUP,USD
0000012161,WEB,STANDARD,USD
0000012162,WEB,STANDARD,USD
0000012163,WEB,EXPRESS,USD
0000012164,MOBILE_APP,STANDARD,USD
0000012165,WEB,STANDARD,USD
0000012166,WEB,STANDARD,USD
0000012167,WEB,EXPRESS,USD
0000012168,MOBILE_APP,EXPRESS,USD
0000012169,MOBILE_APP,EXPRESS,USD
0000012170,WEB,EXPRESS,USD
0000012171,WEB,EXPRESS,USD
0000012172,MOBILE_APP,STANDARD,USD
0000012173,MOBILE_APP,STANDARD,USD
0000012174,WEB,STANDARD,USD
0000012175,MOBILE_APP,STANDARD,USD
0000012176,MOBILE_APP,EXPRESS,USD
0000012177,MOBILE_APP,EXPRESS,USD
0000012178,WEB,STANDARD,USD
0000012179,MOBILE_APP,STANDARD,USD
0000012180,WEB,STANDARD,USD
0000012181,MOBILE_APP,STANDARD,USD
0000012182,MOBILE_APP,STANDARD,USD
0000012183,CALL_CENTER,STANDARD,USD
0000012184,WEB,EXPRESS,USD
0000012185,WEB,STANDARD,USD
0000012186,MOBILE_APP,STANDARD,USD
0000012187,MOBILE_APP,STANDARD,USD
0000012188,WEB,EXPRESS,USD
0000012189,WEB,STANDARD,USD
0000012190,MOBILE_APP,STANDARD,USD
0000012191,WEB,STANDARD,USD
0000012192,WEB,STANDARD,USD
0000012193,WEB,STANDARD,USD
0000012194,WEB,EXPRESS,USD
0000012195,WEB,STANDARD,USD
0000012196,MOBILE_APP,STANDARD,USD
0000012197,WEB,STANDARD,USD
0000012198,WEB,STANDARD,USD
0000012199,MOBILE_APP,EXPRESS,USD
0000012200,WEB,STANDARD,USD
0000012201,MOBILE_APP,STANDARD,USD
0000012202,WEB,EXPRESS,USD
0000012203,MOBILE_APP,EXPRESS,USD
0000012204,CALL_CENTER,EXPRESS,USD
0000012205,WEB,PICKUP,USD
0000012206,WEB,STANDARD,USD
0000012207,WEB,STANDARD,USD
0000012208,WEB,STANDARD,USD
0000012209,WEB,STANDARD,USD
0000012210,WEB,STANDARD,USD
0000012211,MOBILE_APP,PICKUP,USD
0000012212,WEB,STANDARD,USD
0000012213,MOBILE_APP,STANDARD,USD
0000012214,WEB,STANDARD,USD
0000012215,MOBILE_APP,EXPRESS,USD
0000012216,WEB,STANDARD,USD
0000012217,MOBILE_APP,STANDARD,USD
0000012218,WEB,STANDARD,USD
0000012219,MOBILE_APP,STANDARD,USD
0000012220,WEB,STANDARD,USD
0000012221,WEB,EXPRESS,USD
0000012222,WEB,EXPRESS,USD
0000012223,WEB,STANDARD,USD
0000012224,MOBILE_APP,STANDARD,USD
0000012225,MOBILE_APP,STANDARD,USD
0000012226,MOBILE_APP,STANDARD,USD
0000012227,WEB,STANDARD,USD
0000012228,WEB,STANDARD,USD
0000012229,MOBILE_APP,EXPRESS,USD
0000012230,MOBILE_APP,EXPRESS,USD
0000012231,WEB,STANDARD,USD
0000012232,WEB,STANDARD,USD
0000012233,WEB,STANDARD,USD
0000012234,WEB,STANDARD,USD
0000012235,MOBILE_APP,STANDARD,USD
0000012236,CALL_CENTER,EXPRESS,USD
0000012237,WEB,STANDARD,USD
0000012238,MOBILE_APP,STANDARD,USD
0000012239,MOBILE_APP,STANDARD,USD
0000012240,MOBILE_APP,PICKUP,USD
0000012241,CALL_CENTER,STANDARD,USD
0000012242,WEB,STANDARD,USD
0000012243,MOBILE_APP,EXPRESS,USD
0000012244,MOBILE_APP,EXPRESS,USD
0000012245,WEB,STANDARD,USD
0000012246,WEB,STANDARD,USD
0000012247,WEB,STANDARD,USD
0000012248,MOBILE_APP,EXPRESS,USD
0000012249,CALL_CENTER,STANDARD,USD
0000012250,MOBILE_APP,PICKUP,USD
0000012251,WEB,STANDARD,USD
0000012252,WEB,STANDARD,USD
0000012253,MOBILE_APP,EXPRESS,USD
0000012254,MOBILE_APP,EXPRESS,USD
0000012255,WEB,EXPRESS,USD
0000012256,MOBILE_APP,STANDARD,USD
0000012257,WEB,STANDARD,USD
0000012258,CALL_CENTER,EXPRESS,USD
0000012259,WEB,PICKUP,USD
0000012260,MOBILE_APP,STANDARD,USD
0000012261,WEB,STANDARD,USD
0000012262,MOBILE_APP,EXPRESS,USD
0000012263,WEB,EXPRESS,USD
0000012264,WEB,PICKUP,USD
0000012265,WEB,STANDARD,USD
0000012266,WEB,STANDARD,USD
0000012267,MOBILE_APP,STANDARD,USD
0000012268,MOBILE_APP,EXPRESS,USD
0000012269,WEB,STANDARD,USD
0000012270,MOBILE_APP,STANDARD,USD
0000012271,WEB,STANDARD,USD
0000012272,MOBILE_APP,STANDARD,USD
0000012273,WEB,STANDARD,USD
0000012274,WEB,STANDARD,USD
0000012275,WEB,STANDARD,USD
0000012276,MOBILE_APP,STANDARD,USD
0000012277,WEB,STANDARD,USD
0000012278,WEB,STANDARD,USD
0000012279,WEB,STANDARD,USD
0000012280,WEB,STANDARD,USD
0000012281,MOBILE_APP,EXPRESS,USD
0000012282,WEB,EXPRESS,USD
0000012283,WEB,STANDARD,USD
0000012284,WEB,EXPRESS,USD
0000012285,WEB,STANDARD,USD
0000012286,WEB,STANDARD,USD
0000012287,MOBILE_APP,STANDARD,USD
0000012288,WEB,STANDARD,USD
0000012289,WEB,STANDARD,USD
0000012290,MOBILE_APP,STANDARD,USD
0000012291,WEB,EXPRESS,USD
0000012292,WEB,STANDARD,USD
0000012293,MOBILE_APP,STANDARD,USD
0000012294,MOBILE_APP,EXPRESS,USD
0000012295,WEB,STANDARD,USD
0000012296,WEB,STANDARD,USD
0000012297,WEB,STANDARD,USD
0000012298,WEB,PICKUP,USD
0000012299,WEB,STANDARD,USD
0000012300,MOBILE_APP,STANDARD,USD
0000012301,WEB,PICKUP,USD
0000012302,MOBILE_APP,STANDARD,USD
0000012303,MOBILE_APP,STANDARD,USD
0000012304,WEB,STANDARD,USD
0000012305,MOBILE_APP,STANDARD,USD
0000012306,MOBILE_APP,STANDARD,USD
0000012307,MOBILE_APP,STANDARD,USD
0000012308,MOBILE_APP,STANDARD,USD
0000012309,WEB,STANDARD,USD
0000012310,WEB,STANDARD,USD
0000012311,MOBILE_APP,EXPRESS,USD
0000012312,WEB,STANDARD,USD
0000012313,WEB,STANDARD,USD
0000012314,MOBILE_APP,STANDARD,USD
0000012315,MOBILE_APP,STANDARD,USD
0000012316,MOBILE_APP,STANDARD,USD
0000012317,MOBILE_APP,STANDARD,USD
0000012318,MOBILE_APP,STANDARD,USD
0000012319,WEB,STANDARD,USD
0000012320,WEB,EXPRESS,USD
0000012321,WEB,STANDARD,USD
0000012322,WEB,STANDARD,USD
0000012323,MOBILE_APP,STANDARD,USD
0000012324,WEB,EXPRESS,USD
0000012325,WEB,STANDARD,USD
0000012326,MOBILE_APP,STANDARD,USD
0000012327,MOBILE_APP,STANDARD,USD
0000012328,MOBILE_APP,STANDARD,USD
0000012329,WEB,STANDARD,USD
0000012330,WEB,STANDARD,USD
0000012331,WEB,STANDARD,USD
0000012332,WEB,STANDARD,USD
0000012333,MOBILE_APP,EXPRESS,USD
0000012334,MOBILE_APP,STANDARD,USD
0000012335,MOBILE_APP,STANDARD,USD
0000012336,MOBILE_APP,EXPRESS,USD
0000012337,WEB,EXPRESS,USD
0000012338,WEB,STANDARD,USD
0000012339,WEB,STANDARD,USD
0000012340,WEB,STANDARD,USD
0000012341,MOBILE_APP,EXPRESS,USD
0000012342,MOBILE_APP,STANDARD,USD
0000012343,WEB,STANDARD,USD
0000012344,MOBILE_APP,STANDARD,USD
0000012345,WEB,STANDARD,USD
0000012346,MOBILE_APP,STANDARD,USD
0000012347,MOBILE_APP,EXPRESS,USD
0000012348,WEB,STANDARD,USD
0000012349,WEB,STANDARD,USD
0000012350,MOBILE_APP,STANDARD,USD
0000012351,WEB,STANDARD,USD
0000012352,WEB,STANDARD,USD
0000012353,WEB,STANDARD,USD
0000012354,WEB,STANDARD,USD
0000012355,MOBILE_APP,STANDARD,USD
0000012356,WEB,STANDARD,USD
0000012357,WEB,EXPRESS,USD
0000012358,CALL_CENTER,STANDARD,USD
0000012359,WEB,EXPRESS,USD
0000012360,MOBILE_APP,EXPRESS,USD
0000012361,WEB,STANDARD,USD
0000012362,MOBILE_APP,STANDARD,USD
0000012363,WEB,EXPRESS,USD
0000012364,WEB,STANDARD,USD
0000012365,MOBILE_APP,STANDARD,USD
0000012366,WEB,EXPRESS,USD
0000012367,MOBILE_APP,EXPRESS,USD
0000012368,MOBILE_APP,STANDARD,USD
0000012369,MOBILE_APP,STANDARD,USD
0000012370,CALL_CENTER,STANDARD,USD
0000012371,MOBILE_APP,EXPRESS,USD
0000012372,MOBILE_APP,STANDARD,USD
0000012373,MOBILE_APP,EXPRESS,USD
0000012374,MOBILE_APP,STANDARD,USD
0000012375,MOBILE_APP,STANDARD,USD
0000012376,MOBILE_APP,STANDARD,USD
0000012377,WEB,STANDARD,USD
0000012378,WEB,PICKUP,USD
0000012379,WEB,STANDARD,USD
0000012380,MOBILE_APP,STANDARD,USD
0000012381,WEB,STANDARD,USD
0000012382,WEB,STANDARD,USD
0000012383,MOBILE_APP,EXPRESS,USD
0000012384,WEB,STANDARD,USD
0000012385,WEB,PICKUP,USD
0000012386,MOBILE_APP,STANDARD,USD
0000012387,MOBILE_APP,STANDARD,USD
0000012388,MOBILE_APP,EXPRESS,USD
0000012389,WEB,STANDARD,USD
0000012390,MOBILE_APP,STANDARD,USD
0000012391,MOBILE_APP,STANDARD,USD
0000012392,WEB,STANDARD,USD
0000012393,MOBILE_APP,PICKUP,USD
0000012394,WEB,STANDARD,USD
0000012395,MOBILE_APP,STANDARD,USD
0000012396,WEB,EXPRESS,USD
0000012397,MOBILE_APP,STANDARD,USD
0000012398,WEB,STANDARD,USD
0000012399,MOBILE_APP,PICKUP,USD
0000012400,WEB,STANDARD,USD
0000012401,MOBILE_APP,PICKUP,USD
0000012402,MOBILE_APP,STANDARD,USD
0000012403,MOBILE_APP,STANDARD,USD
0000012404,WEB,STANDARD,USD
0000012405,WEB,STANDARD,USD
0000012406,MOBILE_APP,STANDARD,USD
0000012407,WEB,PICKUP,USD
0000012408,WEB,EXPRESS,USD
0000012409,WEB,EXPRESS,USD
0000012410,WEB,EXPRESS,USD
0000012411,WEB,STANDARD,USD
0000012412,WEB,STANDARD,USD
0000012413,MOBILE_APP,PICKUP,USD
0000012414,WEB,STANDARD,USD
0000012415,MOBILE_APP,PICKUP,USD
0000012416,WEB,STANDARD,USD
0000012417,MOBILE_APP,STANDARD,USD
0000012418,WEB,STANDARD,USD
0000012419,CALL_CENTER,STANDARD,USD
0000012420,WEB,STANDARD,USD
0000012421,WEB,STANDARD,USD
0000012422,WEB,STANDARD,USD
0000012423,WEB,STANDARD,USD
0000012424,WEB,PICKUP,USD
0000012425,WEB,STANDARD,USD
0000012426,WEB,STANDARD,USD
0000012427,WEB,EXPRESS,USD
0000012428,WEB,STANDARD,USD
0000012429,WEB,STANDARD,USD
0000012430,WEB,STANDARD,USD
0000012431,WEB,EXPRESS,USD
0000012432,WEB,STANDARD,USD
0000012433,MOBILE_APP,STANDARD,USD
0000012434,WEB,STANDARD,USD
0000012435,WEB,STANDARD,USD
0000012436,MOBILE_APP,STANDARD,USD
0000012437,WEB,STANDARD,USD
0000012438,WEB,EXPRESS,USD
0000012439,WEB,STANDARD,USD
0000012440,WEB,EXPRESS,USD
0000012441,MOBILE_APP,EXPRESS,USD
0000012442,MOBILE_APP,STANDARD,USD
0000012443,WEB,STANDARD,USD
0000012444,WEB,PICKUP,USD
0000012445,WEB,STANDARD,USD
0000012446,MOBILE_APP,STANDARD,USD
0000012447,WEB,STANDARD,USD
0000012448,WEB,STANDARD,USD
0000012449,WEB,STANDARD,USD
0000012450,MOBILE_APP,STANDARD,USD
0000012451,MOBILE_APP,EXPRESS,USD
0000012452,MOBILE_APP,PICKUP,USD
0000012453,MOBILE_APP,STANDARD,USD
0000012454,MOBILE_APP,EXPRESS,USD
0000012455,WEB,STANDARD,USD
0000012456,WEB,STANDARD,USD
0000012457,MOBILE_APP,STANDARD,USD
0000012458,WEB,PICKUP,USD
0000012459,WEB,STANDARD,USD
0000012460,MOBILE_APP,STANDARD,USD
0000012461,WEB,PICKUP,USD
0000012462,MOBILE_APP,STANDARD,USD
0000012463,WEB,STANDARD,USD
0000012464,WEB,STANDARD,USD
0000012465,WEB,PICKUP,USD
0000012466,WEB,EXPRESS,USD
0000012467,MOBILE_APP,STANDARD,USD
0000012468,MOBILE_APP,STANDARD,USD
0000012469,MOBILE_APP,EXPRESS,USD
0000012470,WEB,STANDARD,USD
0000012471,MOBILE_APP,STANDARD,USD
0000012472,MOBILE_APP,STANDARD,USD
0000012473,WEB,STANDARD,USD
0000012474,MOBILE_APP,EXPRESS,USD
0000012475,WEB,STANDARD,USD
0000012476,MOBILE_APP,STANDARD,USD
0000012477,CALL_CENTER,STANDARD,USD
0000012478,WEB,STANDARD,USD
0000012479,WEB,STANDARD,USD
0000012480,WEB,STANDARD,USD
0000012481,MOBILE_APP,STANDARD,USD
0000012482,MOBILE_APP,STANDARD,USD
0000012483,WEB,EXPRESS,USD
0000012484,MOBILE_APP,STANDARD,USD
0000012485,WEB,EXPRESS,USD
0000012486,WEB,STANDARD,USD
0000012487,WEB,STANDARD,USD
0000012488,WEB,EXPRESS,USD
0000012489,MOBILE_APP,EXPRESS,USD
0000012490,WEB,EXPRESS,USD
0000012491,MOBILE_APP,STANDARD,USD
0000012492,WEB,STANDARD,USD
0000012493,WEB,STANDARD,USD
0000012494,WEB,PICKUP,USD
0000012495,MOBILE_APP,STANDARD,USD
0000012496,WEB,STANDARD,USD
0000012497,WEB,STANDARD,USD
0000012498,MOBILE_APP,STANDARD,USD
0000012499,CALL_CENTER,STANDARD,USD
0000012500,WEB,EXPRESS,USD
0000012501,WEB,STANDARD,USD
0000012502,WEB,STANDARD,USD
0000012503,MOBILE_APP,STANDARD,USD
0000012504,MOBILE_APP,EXPRESS,USD
0000012505,WEB,STANDARD,USD
0000012506,WEB,STANDARD,USD
0000012507,MOBILE_APP,EXPRESS,USD
0000012508,MOBILE_APP,STANDARD,USD
0000012509,WEB,STANDARD,USD
0000012510,MOBILE_APP,STANDARD,USD
0000012511,MOBILE_APP,STANDARD,USD
0000012512,MOBILE_APP,EXPRESS,USD
0000012513,WEB,STANDARD,USD
0000012514,WEB,STANDARD,USD
0000012515,MOBILE_APP,STANDARD,USD
0000012516,MOBILE_APP,STANDARD,USD
0000012517,WEB,STANDARD,USD
0000012518,WEB,STANDARD,USD
0000012519,WEB,STANDARD,USD
0000012520,WEB,STANDARD,USD
0000012521,MOBILE_APP,STANDARD,USD
0000012522,WEB,STANDARD,USD
0000012523,WEB,PICKUP,USD
0000012524,MOBILE_APP,STANDARD,USD
0000012525,WEB,STANDARD,USD
0000012526,WEB,STANDARD,USD
0000012527,WEB,STANDARD,USD
0000012528,MOBILE_APP,STANDARD,USD
0000012529,WEB,STANDARD,USD
0000012530,WEB,STANDARD,USD
0000012531,CALL_CENTER,STANDARD,USD
0000012532,CALL_CENTER,EXPRESS,USD
0000012533,MOBILE_APP,STANDARD,USD
0000012534,WEB,STANDARD,USD
0000012535,MOBILE_APP,STANDARD,USD
0000012536,CALL_CENTER,STANDARD,USD
0000012537,MOBILE_APP,STANDARD,USD
0000012538,WEB,STANDARD,USD
0000012539,WEB,PICKUP,USD
0000012540,MOBILE_APP,STANDARD,USD
0000012541,MOBILE_APP,STANDARD,USD
0000012542,MOBILE_APP,STANDARD,USD
0000012543,WEB,STANDARD,USD
0000012544,MOBILE_APP,EXPRESS,USD
0000012545,WEB,STANDARD,USD
0000012546,MOBILE_APP,STANDARD,USD
0000012547,WEB,STANDARD,USD
0000012548,WEB,STANDARD,USD
0000012549,WEB,PICKUP,USD
0000012550,MOBILE_APP,EXPRESS,USD
0000012551,MOBILE_APP,STANDARD,USD
0000012552,WEB,STANDARD,USD
0000012553,MOBILE_APP,STANDARD,USD
0000012554,WEB,EXPRESS,USD
0000012555,WEB,STANDARD,USD
0000012556,WEB,STANDARD,USD
0000012557,WEB,STANDARD,USD
0000012558,MOBILE_APP,EXPRESS,USD
0000012559,MOBILE_APP,EXPRESS,USD
0000012560,CALL_CENTER,STANDARD,USD
0000012561,CALL_CENTER,STANDARD,USD
0000012562,MOBILE_APP,STANDARD,USD
0000012563,CALL_CENTER,STANDARD,USD
0000012564,WEB,STANDARD,USD
0000012565,MOBILE_APP,STANDARD,USD
0000012566,WEB,STANDARD,USD
0000012567,WEB,PICKUP,USD
0000012568,CALL_CENTER,STANDARD,USD
0000012569,WEB,EXPRESS,USD
0000012570,WEB,STANDARD,USD
0000012571,MOBILE_APP,STANDARD,USD
0000012572,WEB,STANDARD,USD
0000012573,MOBILE_APP,PICKUP,USD
0000012574,WEB,STANDARD,USD
0000012575,MOBILE_APP,STANDARD,USD
0000012576,WEB,EXPRESS,USD
0000012577,WEB,STANDARD,USD
0000012578,MOBILE_APP,STANDARD,USD
0000012579,WEB,EXPRESS,USD
0000012580,MOBILE_APP,PICKUP,USD
0000012581,WEB,STANDARD,USD
0000012582,WEB,STANDARD,USD
0000012583,MOBILE_APP,STANDARD,USD
0000012584,WEB,EXPRESS,USD
0000012585,MOBILE_APP,EXPRESS,USD
0000012586,WEB,EXPRESS,USD
0000012587,MOBILE_APP,STANDARD,USD
0000012588,WEB,EXPRESS,USD
0000012589,MOBILE_APP,EXPRESS,USD
0000012590,MOBILE_APP,STANDARD,USD
0000012591,MOBILE_APP,STANDARD,USD
0000012592,WEB,STANDARD,USD
0000012593,MOBILE_APP,STANDARD,USD
0000012594,MOBILE_APP,STANDARD,USD
0000012595,WEB,PICKUP,USD
0000012596,WEB,STANDARD,USD
0000012597,WEB,EXPRESS,USD
0000012598,WEB,STANDARD,USD
0000012599,MOBILE_APP,STANDARD,USD
0000012600,WEB,STANDARD,USD
0000012601,MOBILE_APP,PICKUP,USD
0000012602,WEB,STANDARD,USD
0000012603,CALL_CENTER,STANDARD,USD
0000012604,MOBILE_APP,EXPRESS,USD
0000012605,MOBILE_APP,EXPRESS,USD
0000012606,WEB,STANDARD,USD
0000012607,MOBILE_APP,STANDARD,USD
0000012608,WEB,STANDARD,USD
0000012609,MOBILE_APP,STANDARD,USD
0000012610,WEB,STANDARD,USD
0000012611,WEB,STANDARD,USD
0000012612,MOBILE_APP,STANDARD,USD
0000012613,MOBILE_APP,STANDARD,USD
0000012614,WEB,STANDARD,USD
0000012615,MOBILE_APP,PICKUP,USD
0000012616,MOBILE_APP,STANDARD,USD
0000012617,MOBILE_APP,STANDARD,USD
0000012618,MOBILE_APP,PICKUP,USD
0000012619,WEB,STANDARD,USD
0000012620,MOBILE_APP,STANDARD,USD
0000012621,MOBILE_APP,STANDARD,USD
0000012622,MOBILE_APP,STANDARD,USD
0000012623,MOBILE_APP,STANDARD,USD
0000012624,MOBILE_APP,STANDARD,USD
0000012625,MOBILE_APP,STANDARD,USD
0000012626,MOBILE_APP,STANDARD,USD
0000012627,MOBILE_APP,EXPRESS,USD
0000012628,MOBILE_APP,PICKUP,USD
0000012629,WEB,STANDARD,USD
0000012630,MOBILE_APP,EXPRESS,USD
0000012631,WEB,STANDARD,USD
0000012632,WEB,STANDARD,USD
0000012633,WEB,PICKUP,USD
0000012634,WEB,STANDARD,USD
0000012635,WEB,STANDARD,USD
0000012636,MOBILE_APP,PICKUP,USD
0000012637,MOBILE_APP,EXPRESS,USD
0000012638,MOBILE_APP,PICKUP,USD
0000012639,MOBILE_APP,STANDARD,USD
0000012640,WEB,STANDARD,USD
0000012641,MOBILE_APP,STANDARD,USD
0000012642,CALL_CENTER,PICKUP,USD
0000012643,WEB,STANDARD,USD
0000012644,WEB,EXPRESS,USD
0000012645,WEB,STANDARD,USD
0000012646,WEB,STANDARD,USD
0000012647,MOBILE_APP,STANDARD,USD
0000012648,MOBILE_APP,EXPRESS,USD
0000012649,WEB,EXPRESS,USD
0000012650,WEB,STANDARD,USD
0000012651,MOBILE_APP,STANDARD,USD
0000012652,WEB,PICKUP,USD
0000012653,MOBILE_APP,STANDARD,USD
0000012654,MOBILE_APP,EXPRESS,USD
0000012655,MOBILE_APP,STANDARD,USD
0000012656,MOBILE_APP,PICKUP,USD
0000012657,MOBILE_APP,STANDARD,USD
0000012658,WEB,STANDARD,USD
0000012659,MOBILE_APP,EXPRESS,USD
0000012660,MOBILE_APP,PICKUP,USD
0000012661,WEB,STANDARD,USD
0000012662,WEB,STANDARD,USD
0000012663,MOBILE_APP,STANDARD,USD
0000012664,WEB,EXPRESS,USD
0000012665,WEB,STANDARD,USD
0000012666,MOBILE_APP,EXPRESS,USD
0000012667,CALL_CENTER,STANDARD,USD
0000012668,MOBILE_APP,STANDARD,USD
0000012669,MOBILE_APP,EXPRESS,USD
0000012670,WEB,STANDARD,USD
0000012671,WEB,STANDARD,USD
0000012672,WEB,EXPRESS,USD
0000012673,WEB,STANDARD,USD
0000012674,MOBILE_APP,PICKUP,USD
0000012675,WEB,EXPRESS,USD
0000012676,CALL_CENTER,STANDARD,USD
0000012677,MOBILE_APP,STANDARD,USD
0000012678,WEB,STANDARD,USD
0000012679,WEB,STANDARD,USD
0000012680,WEB,STANDARD,USD
0000012681,WEB,STANDARD,USD
0000012682,MOBILE_APP,EXPRESS,USD
0000012683,WEB,STANDARD,USD
0000012684,WEB,STANDARD,USD
0000012685,MOBILE_APP,STANDARD,USD
0000012686,WEB,STANDARD,USD
0000012687,MOBILE_APP,STANDARD,USD
0000012688,WEB,STANDARD,USD
0000012689,MOBILE_APP,EXPRESS,USD
0000012690,MOBILE_APP,STANDARD,USD
0000012691,WEB,STANDARD,USD
0000012692,MOBILE_APP,STANDARD,USD
0000012693,MOBILE_APP,STANDARD,USD
0000012694,MOBILE_APP,STANDARD,USD
0000012695,WEB,EXPRESS,USD
0000012696,WEB,STANDARD,USD
0000012697,MOBILE_APP,STANDARD,USD
0000012698,MOBILE_APP,STANDARD,USD
0000012699,WEB,EXPRESS,USD
0000012700,MOBILE_APP,STANDARD,USD
0000012701,WEB,EXPRESS,USD
0000012702,MOBILE_APP,PICKUP,USD
0000012703,WEB,STANDARD,USD
0000012704,WEB,PICKUP,USD
0000012705,MOBILE_APP,STANDARD,USD
0000012706,WEB,STANDARD,USD
0000012707,WEB,STANDARD,USD
0000012708,WEB,EXPRESS,USD
0000012709,MOBILE_APP,STANDARD,USD
0000012710,MOBILE_APP,STANDARD,USD
0000012711,WEB,STANDARD,USD
0000012712,WEB,STANDARD,USD
0000012713,MOBILE_APP,EXPRESS,USD
0000012714,WEB,STANDARD,USD
0000012715,WEB,STANDARD,USD
0000012716,WEB,STANDARD,USD
0000012717,WEB,STANDARD,USD
0000012718,MOBILE_APP,EXPRESS,USD
0000012719,WEB,STANDARD,USD
0000012720,WEB,STANDARD,USD
0000012721,WEB,PICKUP,USD
0000012722,MOBILE_APP,STANDARD,USD
0000012723,MOBILE_APP,STANDARD,USD
0000012724,WEB,EXPRESS,USD
0000012725,WEB,STANDARD,USD
0000012726,WEB,STANDARD,USD
0000012727,MOBILE_APP,STANDARD,USD
0000012728,WEB,STANDARD,USD
0000012729,MOBILE_APP,PICKUP,USD
0000012730,MOBILE_APP,STANDARD,USD
0000012731,WEB,PICKUP,USD
0000012732,WEB,EXPRESS,USD
0000012733,WEB,PICKUP,USD
0000012734,MOBILE_APP,STANDARD,USD
0000012735,WEB,STANDARD,USD
0000012736,MOBILE_APP,STANDARD,USD
0000012737,WEB,STANDARD,USD
0000012738,WEB,STANDARD,USD
0000012739,CALL_CENTER,STANDARD,USD
0000012740,MOBILE_APP,EXPRESS,USD
0000012741,WEB,STANDARD,USD
0000012742,WEB,STANDARD,USD
0000012743,MOBILE_APP,EXPRESS,USD
0000012744,WEB,STANDARD,USD
0000012745,MOBILE_APP,STANDARD,USD
0000012746,WEB,STANDARD,USD
0000012747,WEB,STANDARD,USD
0000012748,MOBILE_APP,STANDARD,USD
0000012749,WEB,STANDARD,USD
0000012750,WEB,STANDARD,USD
0000012751,WEB,EXPRESS,USD
0000012752,CALL_CENTER,STANDARD,USD
0000012753,WEB,STANDARD,USD
0000012754,CALL_CENTER,PICKUP,USD
0000012755,WEB,STANDARD,USD
0000012756,MOBILE_APP,STANDARD,USD
0000012757,WEB,STANDARD,USD
0000012758,MOBILE_APP,PICKUP,USD
0000012759,MOBILE_APP,STANDARD,USD
0000012760,WEB,EXPRESS,USD
0000012761,WEB,STANDARD,USD
0000012762,MOBILE_APP,STANDARD,USD
0000012763,WEB,STANDARD,USD
0000012764,MOBILE_APP,STANDARD,USD
0000012765,WEB,EXPRESS,USD
0000012766,MOBILE_APP,PICKUP,USD
0000012767,MOBILE_APP,PICKUP,USD
0000012768,CALL_CENTER,STANDARD,USD
0000012769,WEB,STANDARD,USD
0000012770,MOBILE_APP,STANDARD,USD
0000012771,WEB,EXPRESS,USD
0000012772,MOBILE_APP,STANDARD,USD
0000012773,MOBILE_APP,STANDARD,USD
0000012774,MOBILE_APP,STANDARD,USD
0000012775,MOBILE_APP,EXPRESS,USD
0000012776,WEB,EXPRESS,USD
0000012777,WEB,EXPRESS,USD
0000012778,WEB,EXPRESS,USD
0000012779,WEB,EXPRESS,USD
0000012780,MOBILE_APP,STANDARD,USD
0000012781,WEB,EXPRESS,USD
0000012782,WEB,EXPRESS,USD
0000012783,MOBILE_APP,STANDARD,USD
0000012784,WEB,STANDARD,USD
0000012785,WEB,STANDARD,USD
0000012786,WEB,STANDARD,USD
0000012787,WEB,STANDARD,USD
0000012788,WEB,STANDARD,USD
0000012789,CALL_CENTER,EXPRESS,USD
0000012790,WEB,STANDARD,USD
0000012791,MOBILE_APP,PICKUP,USD
0000012792,WEB,STANDARD,USD
0000012793,MOBILE_APP,STANDARD,USD
0000012794,WEB,EXPRESS,USD
0000012795,WEB,STANDARD,USD
0000012796,WEB,STANDARD,USD
0000012797,MOBILE_APP,STANDARD,USD
0000012798,MOBILE_APP,STANDARD,USD
0000012799,WEB,STANDARD,USD
0000012800,CALL_CENTER,STANDARD,USD
0000012801,MOBILE_APP,STANDARD,USD
0000012802,WEB,STANDARD,USD
0000012803,WEB,STANDARD,USD
0000012804,MOBILE_APP,PICKUP,USD
0000012805,MOBILE_APP,EXPRESS,USD
0000012806,WEB,STANDARD,USD
0000012807,MOBILE_APP,PICKUP,USD
0000012808,WEB,STANDARD,USD
0000012809,MOBILE_APP,STANDARD,USD
0000012810,WEB,EXPRESS,USD
0000012811,WEB,STANDARD,USD
0000012812,WEB,STANDARD,USD
0000012813,MOBILE_APP,STANDARD,USD
0000012814,MOBILE_APP,STANDARD,USD
0000012815,CALL_CENTER,STANDARD,USD
0000012816,CALL_CENTER,PICKUP,USD
0000012817,WEB,STANDARD,USD
0000012818,MOBILE_APP,STANDARD,USD
0000012819,WEB,PICKUP,USD
0000012820,WEB,STANDARD,USD
0000012821,WEB,STANDARD,USD
0000012822,MOBILE_APP,STANDARD,USD
0000012823,MOBILE_APP,STANDARD,USD
0000012824,MOBILE_APP,EXPRESS,USD
0000012825,WEB,EXPRESS,USD
0000012826,WEB,STANDARD,USD
0000012827,MOBILE_APP,STANDARD,USD
0000012828,WEB,STANDARD,USD
0000012829,MOBILE_APP,STANDARD,USD
0000012830,MOBILE_APP,EXPRESS,USD
0000012831,CALL_CENTER,STANDARD,USD
0000012832,MOBILE_APP,STANDARD,USD
0000012833,WEB,STANDARD,USD
0000012834,MOBILE_APP,PICKUP,USD
0000012835,WEB,STANDARD,USD
0000012836,WEB,STANDARD,USD
0000012837,WEB,STANDARD,USD
0000012838,WEB,EXPRESS,USD
0000012839,MOBILE_APP,PICKUP,USD
0000012840,MOBILE_APP,STANDARD,USD
0000012841,WEB,STANDARD,USD
0000012842,MOBILE_APP,STANDARD,USD
0000012843,WEB,STANDARD,USD
0000012844,WEB,EXPRESS,USD
0000012845,WEB,EXPRESS,USD
0000012846,WEB,STANDARD,USD
0000012847,MOBILE_APP,EXPRESS,USD
0000012848,WEB,EXPRESS,USD
0000012849,WEB,STANDARD,USD
0000012850,WEB,STANDARD,USD
0000012851,WEB,STANDARD,USD
0000012852,MOBILE_APP,PICKUP,USD
0000012853,MOBILE_APP,EXPRESS,USD
0000012854,WEB,STANDARD,USD
0000012855,WEB,EXPRESS,USD
0000012856,WEB,STANDARD,USD
0000012857,WEB,EXPRESS,USD
0000012858,WEB,STANDARD,USD
0000012859,MOBILE_APP,STANDARD,USD
0000012860,WEB,STANDARD,USD
0000012861,WEB,STANDARD,USD
0000012862,WEB,STANDARD,USD
0000012863,MOBILE_APP,EXPRESS,USD
0000012864,WEB,STANDARD,USD
0000012865,WEB,PICKUP,USD
0000012866,WEB,EXPRESS,USD
0000012867,WEB,STANDARD,USD
0000012868,WEB,STANDARD,USD
0000012869,MOBILE_APP,STANDARD,USD
0000012870,MOBILE_APP,EXPRESS,USD
0000012871,WEB,STANDARD,USD
0000012872,MOBILE_APP,STANDARD,USD
0000012873,MOBILE_APP,STANDARD,USD
0000012874,WEB,STANDARD,USD
0000012875,WEB,STANDARD,USD
0000012876,MOBILE_APP,PICKUP,USD
0000012877,MOBILE_APP,EXPRESS,USD
0000012878,MOBILE_APP,PICKUP,USD
0000012879,MOBILE_APP,STANDARD,USD
0000012880,WEB,STANDARD,USD
0000012881,CALL_CENTER,STANDARD,USD
0000012882,WEB,EXPRESS,USD
0000012883,WEB,STANDARD,USD
0000012884,MOBILE_APP,EXPRESS,USD
0000012885,WEB,STANDARD,USD
0000012886,MOBILE_APP,PICKUP,USD
0000012887,CALL_CENTER,EXPRESS,USD
0000012888,MOBILE_APP,STANDARD,USD
0000012889,MOBILE_APP,STANDARD,USD
0000012890,MOBILE_APP,PICKUP,USD
0000012891,MOBILE_APP,STANDARD,USD
0000012892,WEB,STANDARD,USD
0000012893,MOBILE_APP,STANDARD,USD
0000012894,WEB,PICKUP,USD
0000012895,WEB,STANDARD,USD
0000012896,WEB,STANDARD,USD
0000012897,MOBILE_APP,STANDARD,USD
0000012898,WEB,EXPRESS,USD
0000012899,WEB,STANDARD,USD
0000012900,MOBILE_APP,STANDARD,USD
0000012901,MOBILE_APP,EXPRESS,USD
0000012902,MOBILE_APP,STANDARD,USD
0000012903,WEB,STANDARD,USD
0000012904,WEB,STANDARD,USD
0000012905,MOBILE_APP,EXPRESS,USD
0000012906,WEB,STANDARD,USD
0000012907,WEB,STANDARD,USD
0000012908,WEB,STANDARD,USD
0000012909,WEB,EXPRESS,USD
0000012910,MOBILE_APP,STANDARD,USD
0000012911,WEB,STANDARD,USD
0000012912,WEB,STANDARD,USD
0000012913,MOBILE_APP,EXPRESS,USD
0000012914,MOBILE_APP,STANDARD,USD
0000012915,MOBILE_APP,STANDARD,USD
0000012916,WEB,STANDARD,USD
0000012917,WEB,STANDARD,USD
0000012918,WEB,EXPRESS,USD
0000012919,WEB,STANDARD,USD
0000012920,MOBILE_APP,EXPRESS,USD
0000012921,MOBILE_APP,STANDARD,USD
0000012922,MOBILE_APP,PICKUP,USD
0000012923,WEB,STANDARD,USD
0000012924,WEB,STANDARD,USD
0000012925,WEB,STANDARD,USD
0000012926,WEB,PICKUP,USD
0000012927,MOBILE_APP,STANDARD,USD
0000012928,WEB,STANDARD,USD
0000012929,MOBILE_APP,EXPRESS,USD
0000012930,WEB,STANDARD,USD
0000012931,WEB,PICKUP,USD
0000012932,MOBILE_APP,PICKUP,USD
0000012933,WEB,EXPRESS,USD
0000012934,WEB,EXPRESS,USD
0000012935,WEB,EXPRESS,USD
0000012936,MOBILE_APP,STANDARD,USD
0000012937,WEB,EXPRESS,USD
0000012938,MOBILE_APP,STANDARD,USD
0000012939,WEB,STANDARD,USD
0000012940,MOBILE_APP,PICKUP,USD
0000012941,MOBILE_APP,EXPRESS,USD
0000012942,MOBILE_APP,STANDARD,USD
0000012943,MOBILE_APP,STANDARD,USD
0000012944,WEB,EXPRESS,USD
0000012945,CALL_CENTER,STANDARD,USD
0000012946,WEB,STANDARD,USD
0000012947,MOBILE_APP,STANDARD,USD
0000012948,WEB,STANDARD,USD
0000012949,WEB,EXPRESS,USD
0000012950,WEB,STANDARD,USD
0000012951,WEB,EXPRESS,USD
0000012952,WEB,EXPRESS,USD
0000012953,MOBILE_APP,STANDARD,USD
0000012954,WEB,STANDARD,USD
0000012955,WEB,EXPRESS,USD
0000012956,MOBILE_APP,STANDARD,USD
0000012957,WEB,EXPRESS,USD
0000012958,MOBILE_APP,STANDARD,USD
0000012959,MOBILE_APP,EXPRESS,USD
0000012960,WEB,EXPRESS,USD
0000012961,WEB,STANDARD,USD
0000012962,WEB,PICKUP,USD
0000012963,WEB,STANDARD,USD
0000012964,WEB,STANDARD,USD
0000012965,WEB,STANDARD,USD
0000012966,MOBILE_APP,EXPRESS,USD
0000012967,MOBILE_APP,STANDARD,USD
0000012968,WEB,STANDARD,USD
0000012969,MOBILE_APP,PICKUP,USD
0000012970,WEB,STANDARD,USD
0000012971,MOBILE_APP,EXPRESS,USD
0000012972,MOBILE_APP,EXPRESS,USD
0000012973,MOBILE_APP,STANDARD,USD
0000012974,WEB,STANDARD,USD
0000012975,WEB,STANDARD,USD
0000012976,MOBILE_APP,STANDARD,USD
0000012977,WEB,STANDARD,USD
0000012978,MOBILE_APP,EXPRESS,USD
0000012979,WEB,EXPRESS,USD
0000012980,WEB,STANDARD,USD
0000012981,WEB,STANDARD,USD
0000012982,WEB,STANDARD,USD
0000012983,WEB,STANDARD,USD
0000012984,CALL_CENTER,STANDARD,USD
0000012985,MOBILE_APP,STANDARD,USD
0000012986,CALL_CENTER,STANDARD,USD
0000012987,WEB,EXPRESS,USD
0000012988,WEB,STANDARD,USD
0000012989,MOBILE_APP,EXPRESS,USD
0000012990,MOBILE_APP,STANDARD,USD
0000012991,WEB,PICKUP,USD
0000012992,WEB,STANDARD,USD
0000012993,MOBILE_APP,STANDARD,USD
0000012994,MOBILE_APP,PICKUP,USD
0000012995,MOBILE_APP,STANDARD,USD
0000012996,WEB,STANDARD,USD
0000012997,WEB,PICKUP,USD
0000012998,WEB,STANDARD,USD
0000012999,WEB,STANDARD,USD
0000013000,MOBILE_APP,STANDARD,USD
0000013001,MOBILE_APP,STANDARD,USD
0000013002,WEB,STANDARD,USD
0000013003,WEB,EXPRESS,USD
0000013004,WEB,STANDARD,USD
0000013005,MOBILE_APP,STANDARD,USD
0000013006,WEB,STANDARD,USD
0000013007,MOBILE_APP,STANDARD,USD
0000013008,MOBILE_APP,STANDARD,USD
0000013009,WEB,EXPRESS,USD
0000013010,MOBILE_APP,STANDARD,USD
0000013011,WEB,STANDARD,USD
0000013012,MOBILE_APP,STANDARD,USD
0000013013,WEB,STANDARD,USD
0000013014,MOBILE_APP,STANDARD,USD
0000013015,MOBILE_APP,STANDARD,USD
0000013016,MOBILE_APP,STANDARD,USD
0000013017,MOBILE_APP,EXPRESS,USD
0000013018,WEB,STANDARD,USD
0000013019,WEB,EXPRESS,USD
0000013020,MOBILE_APP,PICKUP,USD
0000013021,MOBILE_APP,EXPRESS,USD
0000013022,WEB,EXPRESS,USD
0000013023,WEB,STANDARD,USD
0000013024,MOBILE_APP,STANDARD,USD
0000013025,WEB,STANDARD,USD
0000013026,WEB,STANDARD,USD
0000013027,WEB,STANDARD,USD
0000013028,WEB,PICKUP,USD
0000013029,WEB,STANDARD,USD
0000013030,MOBILE_APP,STANDARD,USD
0000013031,WEB,STANDARD,USD
0000013032,WEB,STANDARD,USD
0000013033,WEB,STANDARD,USD
0000013034,WEB,STANDARD,USD
0000013035,WEB,EXPRESS,USD
0000013036,WEB,STANDARD,USD
0000013037,WEB,STANDARD,USD
0000013038,MOBILE_APP,EXPRESS,USD
0000013039,WEB,STANDARD,USD
0000013040,CALL_CENTER,STANDARD,USD
0000013041,MOBILE_APP,STANDARD,USD
0000013042,CALL_CENTER,STANDARD,USD
0000013043,MOBILE_APP,STANDARD,USD
0000013044,WEB,PICKUP,USD
0000013045,MOBILE_APP,EXPRESS,USD
0000013046,WEB,STANDARD,USD
0000013047,MOBILE_APP,STANDARD,USD
0000013048,MOBILE_APP,STANDARD,USD
0000013049,MOBILE_APP,STANDARD,USD
0000013050,MOBILE_APP,STANDARD,USD
0000013051,WEB,STANDARD,USD
0000013052,WEB,PICKUP,USD
0000013053,MOBILE_APP,STANDARD,USD
0000013054,WEB,STANDARD,USD
0000013055,MOBILE_APP,EXPRESS,USD
0000013056,WEB,EXPRESS,USD
0000013057,MOBILE_APP,STANDARD,USD
0000013058,MOBILE_APP,PICKUP,USD
0000013059,WEB,STANDARD,USD
0000013060,WEB,STANDARD,USD
0000013061,WEB,STANDARD,USD
0000013062,WEB,STANDARD,USD
0000013063,MOBILE_APP,STANDARD,USD
0000013064,WEB,STANDARD,USD
0000013065,MOBILE_APP,STANDARD,USD
0000013066,WEB,EXPRESS,USD
0000013067,MOBILE_APP,STANDARD,USD
0000013068,WEB,EXPRESS,USD
0000013069,WEB,STANDARD,USD
0000013070,WEB,STANDARD,USD
0000013071,WEB,STANDARD,USD
0000013072,MOBILE_APP,STANDARD,USD
0000013073,WEB,STANDARD,USD
0000013074,WEB,STANDARD,USD
0000013075,WEB,STANDARD,USD
0000013076,WEB,EXPRESS,USD
0000013077,MOBILE_APP,STANDARD,USD
0000013078,WEB,PICKUP,USD
0000013079,MOBILE_APP,STANDARD,USD
0000013080,WEB,STANDARD,USD
0000013081,WEB,STANDARD,USD
0000013082,WEB,STANDARD,USD
0000013083,WEB,STANDARD,USD
0000013084,MOBILE_APP,EXPRESS,USD
0000013085,WEB,STANDARD,USD
0000013086,MOBILE_APP,STANDARD,USD
0000013087,MOBILE_APP,STANDARD,USD
0000013088,MOBILE_APP,EXPRESS,USD
0000013089,WEB,EXPRESS,USD
0000013090,WEB,PICKUP,USD
0000013091,CALL_CENTER,EXPRESS,USD
0000013092,WEB,STANDARD,USD
0000013093,MOBILE_APP,STANDARD,USD
0000013094,MOBILE_APP,STANDARD,USD
0000013095,MOBILE_APP,STANDARD,USD
0000013096,WEB,EXPRESS,USD
0000013097,WEB,STANDARD,USD
0000013098,MOBILE_APP,STANDARD,USD
0000013099,WEB,STANDARD,USD
0000013100,WEB,EXPRESS,USD
0000013101,WEB,STANDARD,USD
0000013102,WEB,EXPRESS,USD
0000013103,MOBILE_APP,STANDARD,USD
0000013104,WEB,STANDARD,USD
0000013105,WEB,STANDARD,USD
0000013106,WEB,PICKUP,USD
0000013107,MOBILE_APP,STANDARD,USD
0000013108,MOBILE_APP,PICKUP,USD
0000013109,CALL_CENTER,STANDARD,USD
0000013110,CALL_CENTER,PICKUP,USD
0000013111,CALL_CENTER,STANDARD,USD
0000013112,WEB,STANDARD,USD
0000013113,WEB,STANDARD,USD
0000013114,WEB,EXPRESS,USD
0000013115,WEB,EXPRESS,USD
0000013116,MOBILE_APP,STANDARD,USD
0000013117,WEB,PICKUP,USD
0000013118,WEB,STANDARD,USD
0000013119,WEB,EXPRESS,USD
0000013120,MOBILE_APP,EXPRESS,USD
0000013121,MOBILE_APP,STANDARD,USD
0000013122,WEB,STANDARD,USD
0000013123,MOBILE_APP,STANDARD,USD
0000013124,WEB,STANDARD,USD
0000013125,WEB,STANDARD,USD
0000013126,MOBILE_APP,STANDARD,USD
0000013127,WEB,STANDARD,USD
0000013128,MOBILE_APP,PICKUP,USD
0000013129,WEB,EXPRESS,USD
0000013130,WEB,EXPRESS,USD
0000013131,WEB,STANDARD,USD
0000013132,MOBILE_APP,STANDARD,USD
0000013133,WEB,STANDARD,USD
0000013134,WEB,STANDARD,USD
0000013135,MOBILE_APP,STANDARD,USD
0000013136,MOBILE_APP,STANDARD,USD
0000013137,WEB,STANDARD,USD
0000013138,MOBILE_APP,STANDARD,USD
0000013139,WEB,STANDARD,USD
0000013140,CALL_CENTER,STANDARD,USD
0000013141,MOBILE_APP,STANDARD,USD
0000013142,CALL_CENTER,STANDARD,USD
0000013143,WEB,STANDARD,USD
0000013144,MOBILE_APP,EXPRESS,USD
0000013145,MOBILE_APP,STANDARD,USD
0000013146,MOBILE_APP,PICKUP,USD
0000013147,MOBILE_APP,STANDARD,USD
0000013148,MOBILE_APP,STANDARD,USD
0000013149,WEB,PICKUP,USD
0000013150,WEB,STANDARD,USD
0000013151,WEB,STANDARD,USD
0000013152,MOBILE_APP,STANDARD,USD
0000013153,WEB,EXPRESS,USD
0000013154,WEB,STANDARD,USD
0000013155,WEB,STANDARD,USD
0000013156,WEB,STANDARD,USD
0000013157,MOBILE_APP,STANDARD,USD
0000013158,WEB,STANDARD,USD
0000013159,WEB,STANDARD,USD
0000013160,MOBILE_APP,STANDARD,USD
0000013161,WEB,EXPRESS,USD
0000013162,WEB,STANDARD,USD
0000013163,MOBILE_APP,STANDARD,USD
0000013164,MOBILE_APP,EXPRESS,USD
0000013165,WEB,STANDARD,USD
0000013166,MOBILE_APP,STANDARD,USD
0000013167,WEB,PICKUP,USD
0000013168,CALL_CENTER,STANDARD,USD
0000013169,WEB,STANDARD,USD
0000013170,WEB,STANDARD,USD
0000013171,WEB,PICKUP,USD
0000013172,MOBILE_APP,STANDARD,USD
0000013173,WEB,STANDARD,USD
0000013174,CALL_CENTER,PICKUP,USD
0000013175,WEB,STANDARD,USD
0000013176,MOBILE_APP,STANDARD,USD
0000013177,WEB,STANDARD,USD
0000013178,WEB,STANDARD,USD
0000013179,WEB,PICKUP,USD
0000013180,WEB,STANDARD,USD
0000013181,MOBILE_APP,EXPRESS,USD
0000013182,WEB,STANDARD,USD
0000013183,CALL_CENTER,STANDARD,USD
0000013184,WEB,EXPRESS,USD
0000013185,WEB,PICKUP,USD
0000013186,MOBILE_APP,STANDARD,USD
0000013187,MOBILE_APP,STANDARD,USD
0000013188,MOBILE_APP,STANDARD,USD
0000013189,WEB,EXPRESS,USD
0000013190,MOBILE_APP,STANDARD,USD
0000013191,WEB,PICKUP,USD
0000013192,WEB,STANDARD,USD
0000013193,MOBILE_APP,STANDARD,USD
0000013194,WEB,EXPRESS,USD
0000013195,WEB,STANDARD,USD
0000013196,WEB,STANDARD,USD
0000013197,WEB,STANDARD,USD
0000013198,WEB,PICKUP,USD
0000013199,MOBILE_APP,STANDARD,USD
0000013200,WEB,PICKUP,USD
0000013201,MOBILE_APP,STANDARD,USD
0000013202,WEB,STANDARD,USD
0000013203,WEB,STANDARD,USD
0000013204,WEB,STANDARD,USD
0000013205,MOBILE_APP,EXPRESS,USD
0000013206,WEB,STANDARD,USD
0000013207,WEB,STANDARD,USD
0000013208,MOBILE_APP,STANDARD,USD
0000013209,WEB,STANDARD,USD
0000013210,CALL_CENTER,PICKUP,USD
0000013211,WEB,STANDARD,USD
0000013212,MOBILE_APP,PICKUP,USD
0000013213,WEB,STANDARD,USD
0000013214,MOBILE_APP,STANDARD,USD
0000013215,WEB,EXPRESS,USD
0000013216,MOBILE_APP,STANDARD,USD
0000013217,WEB,STANDARD,USD
0000013218,WEB,EXPRESS,USD
0000013219,MOBILE_APP,STANDARD,USD
0000013220,MOBILE_APP,STANDARD,USD
0000013221,MOBILE_APP,EXPRESS,USD
0000013222,WEB,STANDARD,USD
0000013223,MOBILE_APP,STANDARD,USD
0000013224,MOBILE_APP,STANDARD,USD
0000013225,MOBILE_APP,EXPRESS,USD
0000013226,WEB,EXPRESS,USD
0000013227,MOBILE_APP,STANDARD,USD
0000013228,CALL_CENTER,STANDARD,USD
0000013229,WEB,STANDARD,USD
0000013230,MOBILE_APP,STANDARD,USD
0000013231,MOBILE_APP,EXPRESS,USD
0000013232,MOBILE_APP,STANDARD,USD
0000013233,WEB,STANDARD,USD
0000013234,MOBILE_APP,STANDARD,USD
0000013235,MOBILE_APP,EXPRESS,USD
0000013236,MOBILE_APP,EXPRESS,USD
0000013237,MOBILE_APP,STANDARD,USD
0000013238,WEB,EXPRESS,USD
0000013239,WEB,STANDARD,USD
0000013240,WEB,PICKUP,USD
0000013241,MOBILE_APP,EXPRESS,USD
0000013242,MOBILE_APP,EXPRESS,USD
0000013243,WEB,STANDARD,USD
0000013244,WEB,STANDARD,USD
0000013245,MOBILE_APP,STANDARD,USD
0000013246,CALL_CENTER,STANDARD,USD
0000013247,MOBILE_APP,STANDARD,USD
0000013248,WEB,PICKUP,USD
0000013249,WEB,STANDARD,USD
0000013250,MOBILE_APP,STANDARD,USD
0000013251,MOBILE_APP,STANDARD,USD
0000013252,WEB,EXPRESS,USD
0000013253,WEB,STANDARD,USD
0000013254,WEB,STANDARD,USD
0000013255,WEB,STANDARD,USD
0000013256,WEB,EXPRESS,USD
0000013257,MOBILE_APP,STANDARD,USD
0000013258,WEB,STANDARD,USD
0000013259,WEB,STANDARD,USD
0000013260,MOBILE_APP,STANDARD,USD
0000013261,WEB,STANDARD,USD
0000013262,MOBILE_APP,STANDARD,USD
0000013263,WEB,STANDARD,USD
0000013264,MOBILE_APP,STANDARD,USD
0000013265,MOBILE_APP,EXPRESS,USD
0000013266,WEB,STANDARD,USD
0000013267,WEB,EXPRESS,USD
0000013268,WEB,STANDARD,USD
0000013269,WEB,STANDARD,USD
0000013270,MOBILE_APP,STANDARD,USD
0000013271,MOBILE_APP,STANDARD,USD
0000013272,MOBILE_APP,STANDARD,USD
0000013273,WEB,STANDARD,USD
0000013274,WEB,STANDARD,USD
0000013275,WEB,STANDARD,USD
0000013276,WEB,STANDARD,USD
0000013277,WEB,STANDARD,USD
0000013278,WEB,STANDARD,USD
0000013279,MOBILE_APP,STANDARD,USD
0000013280,MOBILE_APP,STANDARD,USD
0000013281,WEB,EXPRESS,USD
0000013282,CALL_CENTER,STANDARD,USD
0000013283,MOBILE_APP,STANDARD,USD
0000013284,MOBILE_APP,EXPRESS,USD
0000013285,MOBILE_APP,EXPRESS,USD
0000013286,MOBILE_APP,STANDARD,USD
0000013287,WEB,STANDARD,USD
0000013288,MOBILE_APP,STANDARD,USD
0000013289,WEB,STANDARD,USD
0000013290,WEB,EXPRESS,USD
0000013291,WEB,EXPRESS,USD
0000013292,WEB,STANDARD,USD
0000013293,MOBILE_APP,STANDARD,USD
0000013294,MOBILE_APP,STANDARD,USD
0000013295,MOBILE_APP,EXPRESS,USD
0000013296,WEB,STANDARD,USD
0000013297,MOBILE_APP,STANDARD,USD
0000013298,WEB,EXPRESS,USD
0000013299,MOBILE_APP,EXPRESS,USD
0000013300,WEB,STANDARD,USD
0000013301,WEB,STANDARD,USD
0000013302,MOBILE_APP,EXPRESS,USD
0000013303,WEB,STANDARD,USD
0000013304,WEB,EXPRESS,USD
0000013305,WEB,STANDARD,USD
0000013306,WEB,STANDARD,USD
0000013307,WEB,EXPRESS,USD
0000013308,WEB,STANDARD,USD
0000013309,MOBILE_APP,STANDARD,USD
0000013310,WEB,STANDARD,USD
0000013311,WEB,EXPRESS,USD
0000013312,CALL_CENTER,EXPRESS,USD
0000013313,WEB,EXPRESS,USD
0000013314,MOBILE_APP,STANDARD,USD
0000013315,WEB,STANDARD,USD
0000013316,MOBILE_APP,STANDARD,USD
0000013317,MOBILE_APP,STANDARD,USD
0000013318,CALL_CENTER,PICKUP,USD
0000013319,WEB,EXPRESS,USD
0000013320,WEB,STANDARD,USD
0000013321,WEB,EXPRESS,USD
0000013322,MOBILE_APP,STANDARD,USD
0000013323,WEB,PICKUP,USD
0000013324,MOBILE_APP,STANDARD,USD
0000013325,MOBILE_APP,STANDARD,USD
0000013326,WEB,STANDARD,USD
0000013327,WEB,STANDARD,USD
0000013328,WEB,STANDARD,USD
0000013329,WEB,STANDARD,USD
0000013330,WEB,PICKUP,USD
0000013331,MOBILE_APP,STANDARD,USD
0000013332,CALL_CENTER,STANDARD,USD
0000013333,MOBILE_APP,STANDARD,USD
0000013334,MOBILE_APP,PICKUP,USD
0000013335,CALL_CENTER,STANDARD,USD
0000013336,MOBILE_APP,STANDARD,USD
0000013337,WEB,STANDARD,USD
0000013338,WEB,STANDARD,USD
0000013339,WEB,STANDARD,USD
0000013340,WEB,STANDARD,USD
0000013341,WEB,PICKUP,USD
0000013342,WEB,STANDARD,USD
0000013343,WEB,STANDARD,USD
0000013344,CALL_CENTER,STANDARD,USD
0000013345,WEB,STANDARD,USD
0000013346,WEB,STANDARD,USD
0000013347,MOBILE_APP,STANDARD,USD
0000013348,WEB,PICKUP,USD
0000013349,MOBILE_APP,STANDARD,USD
0000013350,CALL_CENTER,EXPRESS,USD
0000013351,MOBILE_APP,EXPRESS,USD
0000013352,MOBILE_APP,STANDARD,USD
0000013353,WEB,STANDARD,USD
0000013354,WEB,STANDARD,USD
0000013355,WEB,STANDARD,USD
0000013356,MOBILE_APP,EXPRESS,USD
0000013357,WEB,STANDARD,USD
0000013358,WEB,EXPRESS,USD
0000013359,MOBILE_APP,STANDARD,USD
0000013360,MOBILE_APP,STANDARD,USD
0000013361,WEB,STANDARD,USD
0000013362,WEB,STANDARD,USD
0000013363,CALL_CENTER,STANDARD,USD
0000013364,WEB,STANDARD,USD
0000013365,WEB,STANDARD,USD
0000013366,WEB,STANDARD,USD
0000013367,WEB,STANDARD,USD
0000013368,CALL_CENTER,STANDARD,USD
0000013369,WEB,STANDARD,USD
0000013370,WEB,PICKUP,USD
0000013371,WEB,STANDARD,USD
0000013372,WEB,STANDARD,USD
0000013373,WEB,PICKUP,USD
0000013374,WEB,EXPRESS,USD
0000013375,WEB,STANDARD,USD
0000013376,WEB,PICKUP,USD
0000013377,MOBILE_APP,STANDARD,USD
0000013378,MOBILE_APP,STANDARD,USD
0000013379,WEB,EXPRESS,USD
0000013380,MOBILE_APP,EXPRESS,USD
0000013381,WEB,STANDARD,USD
0000013382,WEB,STANDARD,USD
0000013383,WEB,STANDARD,USD
0000013384,WEB,EXPRESS,USD
0000013385,MOBILE_APP,STANDARD,USD
0000013386,WEB,PICKUP,USD
0000013387,MOBILE_APP,STANDARD,USD
0000013388,WEB,STANDARD,USD
0000013389,MOBILE_APP,STANDARD,USD
0000013390,WEB,STANDARD,USD
0000013391,MOBILE_APP,PICKUP,USD
0000013392,MOBILE_APP,STANDARD,USD
0000013393,WEB,STANDARD,USD
0000013394,MOBILE_APP,PICKUP,USD
0000013395,MOBILE_APP,STANDARD,USD
0000013396,WEB,EXPRESS,USD
0000013397,WEB,PICKUP,USD
0000013398,MOBILE_APP,STANDARD,USD
0000013399,MOBILE_APP,STANDARD,USD
0000013400,WEB,EXPRESS,USD
0000013401,WEB,STANDARD,USD
0000013402,WEB,STANDARD,USD
0000013403,WEB,EXPRESS,USD
0000013404,MOBILE_APP,STANDARD,USD
0000013405,WEB,PICKUP,USD
0000013406,WEB,PICKUP,USD
0000013407,MOBILE_APP,PICKUP,USD
0000013408,WEB,STANDARD,USD
0000013409,WEB,PICKUP,USD
0000013410,WEB,STANDARD,USD
0000013411,WEB,STANDARD,USD
0000013412,CALL_CENTER,STANDARD,USD
0000013413,WEB,EXPRESS,USD
0000013414,WEB,STANDARD,USD
0000013415,WEB,EXPRESS,USD
0000013416,WEB,STANDARD,USD
0000013417,WEB,STANDARD,USD
0000013418,WEB,STANDARD,USD
0000013419,MOBILE_APP,STANDARD,USD
0000013420,WEB,STANDARD,USD
0000013421,WEB,PICKUP,USD
0000013422,MOBILE_APP,EXPRESS,USD
0000013423,WEB,STANDARD,USD
0000013424,MOBILE_APP,STANDARD,USD
0000013425,MOBILE_APP,STANDARD,USD
0000013426,MOBILE_APP,STANDARD,USD
0000013427,WEB,STANDARD,USD
0000013428,CALL_CENTER,STANDARD,USD
0000013429,MOBILE_APP,EXPRESS,USD
0000013430,WEB,STANDARD,USD
0000013431,MOBILE_APP,STANDARD,USD
0000013432,WEB,PICKUP,USD
0000013433,WEB,STANDARD,USD
0000013434,WEB,PICKUP,USD
0000013435,MOBILE_APP,EXPRESS,USD
0000013436,MOBILE_APP,EXPRESS,USD
0000013437,WEB,EXPRESS,USD
0000013438,MOBILE_APP,EXPRESS,USD
0000013439,WEB,STANDARD,USD
0000013440,MOBILE_APP,PICKUP,USD
0000013441,WEB,STANDARD,USD
