order_item_id,order_id,order_item_seq,product_id,quantity
0000000001,0000000001,1,0000000316,1
0000000002,0000000001,2,0000000073,1
0000000003,0000000002,1,0000000347,1
0000000004,0000000002,2,0000000495,2
0000000005,0000000002,3,0000000483,1
0000000006,0000000003,1,0000000214,1
0000000007,0000000004,1,0000000242,1
0000000008,0000000004,2,0000000143,1
0000000009,0000000004,3,0000000237,1
0000000010,0000000005,1,0000000067,2
0000000011,0000000006,1,0000000160,2
0000000012,0000000006,2,0000000003,1
0000000013,0000000006,3,0000000039,3
0000000014,0000000007,1,0000000126,1
0000000015,0000000008,1,0000000448,1
0000000016,0000000008,2,0000000259,1
0000000017,0000000009,1,0000000487,1
0000000018,0000000009,2,0000000149,1
0000000019,0000000010,1,0000000325,1
0000000020,0000000011,1,0000000174,1
0000000021,0000000011,2,0000000117,2
0000000022,0000000011,3,0000000146,1
0000000023,0000000012,1,0000000499,1
0000000024,0000000013,1,0000000086,1
0000000025,0000000014,1,0000000105,1
0000000026,0000000015,1,0000000134,3
0000000027,0000000016,1,0000000073,1
0000000028,0000000016,2,0000000006,2
0000000029,0000000017,1,0000000113,3
0000000030,0000000018,1,0000000467,2
0000000031,0000000019,1,0000000378,1
0000000032,0000000020,1,0000000077,2
0000000033,0000000020,2,0000000487,1
0000000034,0000000020,3,0000000296,2
0000000035,0000000021,1,0000000346,1
0000000036,0000000022,1,0000000100,2
0000000037,0000000022,2,0000000033,1
0000000038,0000000022,3,0000000334,1
0000000039,0000000022,4,0000000051,1
0000000040,0000000023,1,0000000344,1
0000000041,0000000023,2,0000000067,1
0000000042,0000000023,3,0000000145,1
0000000043,0000000024,1,0000000206,1
0000000044,0000000024,2,0000000147,1
0000000045,0000000025,1,0000000126,1
0000000046,0000000025,2,0000000258,1
0000000047,0000000026,1,0000000388,4
0000000048,0000000027,1,0000000426,1
0000000049,0000000027,2,0000000404,1
0000000050,0000000027,3,0000000400,1
0000000051,0000000027,4,0000000386,1
0000000052,0000000028,1,0000000170,1
0000000053,0000000028,2,0000000328,1
0000000054,0000000029,1,0000000142,1
0000000055,0000000029,2,0000000494,1
0000000056,0000000030,1,0000000002,4
0000000057,0000000031,1,0000000435,1
0000000058,0000000031,2,0000000372,1
0000000059,0000000031,3,0000000383,1
0000000060,0000000032,1,0000000146,1
0000000061,0000000032,2,0000000060,2
0000000062,0000000032,3,0000000027,1
0000000063,0000000032,4,0000000293,1
0000000064,0000000033,1,0000000081,1
0000000065,0000000033,2,0000000417,1
0000000066,0000000034,1,0000000353,1
0000000067,0000000034,2,0000000150,2
0000000068,0000000035,1,0000000404,1
0000000069,0000000036,1,0000000084,1
0000000070,0000000037,1,0000000290,3
0000000071,0000000038,1,0000000142,1
0000000072,0000000038,2,0000000464,3
0000000073,0000000039,1,0000000089,1
0000000074,0000000039,2,0000000166,3
0000000075,0000000040,1,0000000006,3
0000000076,0000000041,1,0000000088,1
0000000077,0000000042,1,0000000041,1
0000000078,0000000043,1,0000000417,3
0000000079,0000000044,1,0000000250,1
0000000080,0000000044,2,0000000455,1
0000000081,0000000044,3,0000000126,1
0000000082,0000000044,4,0000000343,2
0000000083,0000000045,1,0000000343,1
0000000084,0000000045,2,0000000443,2
0000000085,0000000045,3,0000000217,1
0000000086,0000000045,4,0000000413,1
0000000087,0000000045,5,0000000383,1
0000000088,0000000046,1,0000000119,1
0000000089,0000000046,2,0000000061,3
0000000090,0000000046,3,0000000162,1
0000000091,0000000047,1,0000000013,3
0000000092,0000000048,1,0000000277,1
0000000093,0000000049,1,0000000407,1
0000000094,0000000050,1,0000000205,2
0000000095,0000000051,1,0000000035,1
0000000096,0000000052,1,0000000248,1
0000000097,0000000053,1,0000000430,3
0000000098,0000000054,1,0000000492,1
0000000099,0000000055,1,0000000187,1
0000000100,0000000056,1,0000000314,2
0000000101,0000000057,1,0000000485,2
0000000102,0000000058,1,0000000272,3
0000000103,0000000059,1,0000000448,1
0000000104,0000000060,1,0000000246,2
0000000105,0000000061,1,0000000186,4
0000000106,0000000061,2,0000000327,1
0000000107,0000000062,1,0000000478,1
0000000108,0000000062,2,0000000268,1
0000000109,0000000063,1,0000000364,1
0000000110,0000000064,1,0000000394,1
0000000111,0000000065,1,0000000489,1
0000000112,0000000065,2,0000000023,1
0000000113,0000000066,1,0000000209,1
0000000114,0000000067,1,0000000459,1
0000000115,0000000067,2,0000000364,1
0000000116,0000000068,1,0000000310,1
0000000117,0000000068,2,0000000317,1
0000000118,0000000068,3,0000000392,1
0000000119,0000000069,1,0000000079,1
0000000120,0000000070,1,0000000357,1
0000000121,0000000070,2,0000000035,1
0000000122,0000000070,3,0000000500,2
0000000123,0000000071,1,0000000179,2
0000000124,0000000071,2,0000000234,1
0000000125,0000000072,1,0000000096,1
0000000126,0000000072,2,0000000238,1
0000000127,0000000073,1,0000000011,1
0000000128,0000000073,2,0000000425,1
0000000129,0000000074,1,0000000138,2
0000000130,0000000074,2,0000000218,1
0000000131,0000000075,1,0000000460,2
0000000132,0000000075,2,0000000082,1
0000000133,0000000076,1,0000000245,1
0000000134,0000000076,2,0000000449,4
0000000135,0000000076,3,0000000177,2
0000000136,0000000077,1,0000000128,1
0000000137,0000000078,1,0000000226,2
0000000138,0000000078,2,0000000439,1
0000000139,0000000079,1,0000000444,1
0000000140,0000000079,2,0000000304,1
0000000141,0000000079,3,0000000267,4
0000000142,0000000079,4,0000000170,1
0000000143,0000000079,5,0000000310,1
0000000144,0000000080,1,0000000011,1
0000000145,0000000080,2,0000000190,2
0000000146,0000000080,3,0000000164,1
0000000147,0000000080,4,0000000357,1
0000000148,0000000080,5,0000000434,1
0000000149,0000000081,1,0000000197,4
0000000150,0000000082,1,0000000152,1
0000000151,0000000083,1,0000000049,1
0000000152,0000000083,2,0000000244,1
0000000153,0000000083,3,0000000067,1
0000000154,0000000084,1,0000000272,3
0000000155,0000000085,1,0000000177,2
0000000156,0000000086,1,0000000008,1
0000000157,0000000086,2,0000000171,1
0000000158,0000000086,3,0000000212,1
0000000159,0000000087,1,0000000041,2
0000000160,0000000088,1,0000000354,1
0000000161,0000000089,1,0000000458,1
0000000162,0000000089,2,0000000378,1
0000000163,0000000090,1,0000000478,3
0000000164,0000000091,1,0000000403,1
0000000165,0000000091,2,0000000043,1
0000000166,0000000092,1,0000000199,1
0000000167,0000000092,2,0000000227,1
0000000168,0000000092,3,0000000346,1
0000000169,0000000093,1,0000000297,1
0000000170,0000000093,2,0000000328,1
0000000171,0000000093,3,0000000382,1
0000000172,0000000094,1,0000000070,1
0000000173,0000000095,1,0000000335,1
0000000174,0000000096,1,0000000209,1
0000000175,0000000097,1,0000000206,1
0000000176,0000000097,2,0000000142,1
0000000177,0000000097,3,0000000301,1
0000000178,0000000098,1,0000000099,1
0000000179,0000000099,1,0000000199,1
0000000180,0000000100,1,0000000372,1
0000000181,0000000101,1,0000000417,2
0000000182,0000000102,1,0000000014,1
0000000183,0000000102,2,0000000416,4
0000000184,0000000102,3,0000000305,1
0000000185,0000000103,1,0000000033,2
0000000186,0000000104,1,0000000356,2
0000000187,0000000105,1,0000000030,1
0000000188,0000000105,2,0000000452,2
0000000189,0000000105,3,0000000350,1
0000000190,0000000106,1,0000000011,1
0000000191,0000000107,1,0000000294,2
0000000192,0000000108,1,0000000357,1
0000000193,0000000108,2,0000000048,1
0000000194,0000000108,3,0000000499,1
0000000195,0000000109,1,0000000220,1
0000000196,0000000110,1,0000000411,1
0000000197,0000000110,2,0000000444,1
0000000198,0000000111,1,0000000228,1
0000000199,0000000111,2,0000000068,1
0000000200,0000000111,3,0000000221,1
0000000201,0000000112,1,0000000022,1
0000000202,0000000113,1,0000000085,3
0000000203,0000000113,2,0000000329,1
0000000204,0000000113,3,0000000250,1
0000000205,0000000113,4,0000000276,2
0000000206,0000000114,1,0000000464,2
0000000207,0000000114,2,0000000102,1
0000000208,0000000115,1,0000000012,1
0000000209,0000000116,1,0000000270,2
0000000210,0000000117,1,0000000093,4
0000000211,0000000118,1,0000000176,1
0000000212,0000000119,1,0000000347,1
0000000213,0000000119,2,0000000169,1
0000000214,0000000119,3,0000000475,1
0000000215,0000000119,4,0000000308,1
0000000216,0000000120,1,0000000190,2
0000000217,0000000121,1,0000000313,4
0000000218,0000000121,2,0000000339,3
0000000219,0000000122,1,0000000163,1
0000000220,0000000123,1,0000000234,1
0000000221,0000000124,1,0000000383,1
0000000222,0000000125,1,0000000048,1
0000000223,0000000125,2,0000000327,1
0000000224,0000000125,3,0000000138,3
0000000225,0000000126,1,0000000093,3
0000000226,0000000127,1,0000000371,1
0000000227,0000000127,2,0000000495,3
0000000228,0000000128,1,0000000443,1
0000000229,0000000128,2,0000000099,1
0000000230,0000000128,3,0000000403,4
0000000231,0000000129,1,0000000390,2
0000000232,0000000130,1,0000000153,1
0000000233,0000000131,1,0000000096,1
0000000234,0000000132,1,0000000294,1
0000000235,0000000133,1,0000000312,1
0000000236,0000000134,1,0000000495,2
0000000237,0000000134,2,0000000353,1
0000000238,0000000135,1,0000000401,1
0000000239,0000000135,2,0000000149,1
0000000240,0000000136,1,0000000397,3
0000000241,0000000137,1,0000000061,1
0000000242,0000000137,2,0000000474,1
0000000243,0000000138,1,0000000140,1
0000000244,0000000139,1,0000000211,1
0000000245,0000000139,2,0000000417,1
0000000246,0000000139,3,0000000040,1
0000000247,0000000139,4,0000000068,4
0000000248,0000000140,1,0000000330,1
0000000249,0000000140,2,0000000029,2
0000000250,0000000141,1,0000000468,3
0000000251,0000000141,2,0000000180,1
0000000252,0000000141,3,0000000380,2
0000000253,0000000141,4,0000000236,1
0000000254,0000000142,1,0000000055,2
0000000255,0000000142,2,0000000149,1
0000000256,0000000142,3,0000000186,1
0000000257,0000000142,4,0000000491,1
0000000258,0000000142,5,0000000391,1
0000000259,0000000143,1,0000000230,1
0000000260,0000000144,1,0000000418,1
0000000261,0000000144,2,0000000416,3
0000000262,0000000144,3,0000000499,1
0000000263,0000000145,1,0000000058,1
0000000264,0000000146,1,0000000276,2
0000000265,0000000146,2,0000000370,1
0000000266,0000000146,3,0000000147,1
0000000267,0000000147,1,0000000159,1
0000000268,0000000148,1,0000000254,1
0000000269,0000000149,1,0000000054,4
0000000270,0000000149,2,0000000078,1
0000000271,0000000149,3,0000000242,1
0000000272,0000000149,4,0000000089,1
0000000273,0000000150,1,0000000425,2
0000000274,0000000151,1,0000000059,4
0000000275,0000000151,2,0000000345,1
0000000276,0000000151,3,0000000370,3
0000000277,0000000151,4,0000000394,2
0000000278,0000000152,1,0000000109,3
0000000279,0000000152,2,0000000139,3
0000000280,0000000153,1,0000000464,1
0000000281,0000000153,2,0000000258,1
0000000282,0000000153,3,0000000391,3
0000000283,0000000153,4,0000000449,1
0000000284,0000000154,1,0000000381,1
0000000285,0000000155,1,0000000388,1
0000000286,0000000155,2,0000000408,1
0000000287,0000000156,1,0000000460,1
0000000288,0000000156,2,0000000456,3
0000000289,0000000157,1,0000000132,1
0000000290,0000000158,1,0000000112,1
0000000291,0000000159,1,0000000417,1
0000000292,0000000160,1,0000000127,1
0000000293,0000000160,2,0000000482,1
0000000294,0000000161,1,0000000425,1
0000000295,0000000162,1,0000000341,1
0000000296,0000000163,1,0000000295,1
0000000297,0000000164,1,0000000175,1
0000000298,0000000164,2,0000000464,2
0000000299,0000000164,3,0000000404,1
0000000300,0000000165,1,0000000054,2
0000000301,0000000166,1,0000000303,1
0000000302,0000000166,2,0000000476,1
0000000303,0000000167,1,0000000044,2
0000000304,0000000168,1,0000000156,1
0000000305,0000000168,2,0000000178,2
0000000306,0000000169,1,0000000011,1
0000000307,0000000170,1,0000000027,1
0000000308,0000000171,1,0000000001,1
0000000309,0000000172,1,0000000375,1
0000000310,0000000173,1,0000000477,1
0000000311,0000000174,1,0000000306,1
0000000312,0000000174,2,0000000388,2
0000000313,0000000175,1,0000000135,3
0000000314,0000000175,2,0000000082,1
0000000315,0000000176,1,0000000237,1
0000000316,0000000177,1,0000000289,1
0000000317,0000000177,2,0000000078,1
0000000318,0000000178,1,0000000356,1
0000000319,0000000178,2,0000000317,1
0000000320,0000000179,1,0000000395,2
0000000321,0000000180,1,0000000078,4
0000000322,0000000180,2,0000000426,2
0000000323,0000000181,1,0000000296,1
0000000324,0000000181,2,0000000349,1
0000000325,0000000181,3,0000000246,1
0000000326,0000000181,4,0000000466,1
0000000327,0000000182,1,0000000459,1
0000000328,0000000183,1,0000000186,2
0000000329,0000000183,2,0000000281,1
0000000330,0000000183,3,0000000177,1
0000000331,0000000183,4,0000000371,1
0000000332,0000000183,5,0000000170,2
0000000333,0000000184,1,0000000466,1
0000000334,0000000184,2,0000000386,4
0000000335,0000000184,3,0000000452,1
0000000336,0000000184,4,0000000306,2
0000000337,0000000184,5,0000000233,2
0000000338,0000000185,1,0000000167,1
0000000339,0000000185,2,0000000433,1
0000000340,0000000185,3,0000000307,2
0000000341,0000000185,4,0000000017,3
0000000342,0000000186,1,0000000298,3
0000000343,0000000186,2,0000000212,1
0000000344,0000000187,1,0000000238,1
0000000345,0000000188,1,0000000455,1
0000000346,0000000188,2,0000000447,1
0000000347,0000000189,1,0000000069,1
0000000348,0000000190,1,0000000385,1
0000000349,0000000191,1,0000000209,1
0000000350,0000000191,2,0000000165,1
0000000351,0000000191,3,0000000139,4
0000000352,0000000191,4,0000000292,1
0000000353,0000000192,1,0000000302,1
0000000354,0000000192,2,0000000425,1
0000000355,0000000192,3,0000000187,1
0000000356,0000000193,1,0000000172,2
0000000357,0000000193,2,0000000488,3
0000000358,0000000194,1,0000000340,2
0000000359,0000000194,2,0000000353,2
0000000360,0000000195,1,0000000378,1
0000000361,0000000196,1,0000000361,2
0000000362,0000000197,1,0000000115,1
0000000363,0000000198,1,0000000232,1
0000000364,0000000199,1,0000000471,1
0000000365,0000000200,1,0000000417,2
0000000366,0000000200,2,0000000197,1
0000000367,0000000200,3,0000000167,1
0000000368,0000000200,4,0000000052,1
0000000369,0000000201,1,0000000459,4
0000000370,0000000202,1,0000000026,1
0000000371,0000000202,2,0000000483,1
0000000372,0000000202,3,0000000346,1
0000000373,0000000203,1,0000000410,1
0000000374,0000000203,2,0000000489,3
0000000375,0000000203,3,0000000309,2
0000000376,0000000203,4,0000000318,1
0000000377,0000000204,1,0000000424,2
0000000378,0000000204,2,0000000321,1
0000000379,0000000204,3,0000000498,1
0000000380,0000000205,1,0000000292,2
0000000381,0000000205,2,0000000258,1
0000000382,0000000205,3,0000000429,1
0000000383,0000000206,1,0000000444,1
0000000384,0000000207,1,0000000055,1
0000000385,0000000207,2,0000000090,4
0000000386,0000000207,3,0000000304,1
0000000387,0000000207,4,0000000413,1
0000000388,0000000208,1,0000000114,2
0000000389,0000000209,1,0000000433,1
0000000390,0000000210,1,0000000247,1
0000000391,0000000211,1,0000000380,1
0000000392,0000000212,1,0000000376,1
0000000393,0000000213,1,0000000472,1
0000000394,0000000213,2,0000000232,3
0000000395,0000000214,1,0000000005,2
0000000396,0000000215,1,0000000289,2
0000000397,0000000216,1,0000000303,1
0000000398,0000000216,2,0000000030,4
0000000399,0000000216,3,0000000283,1
0000000400,0000000217,1,0000000052,1
0000000401,0000000217,2,0000000004,2
0000000402,0000000217,3,0000000471,1
0000000403,0000000218,1,0000000077,2
0000000404,0000000219,1,0000000367,1
0000000405,0000000220,1,0000000227,1
0000000406,0000000221,1,0000000314,1
0000000407,0000000221,2,0000000222,2
0000000408,0000000221,3,0000000118,1
0000000409,0000000221,4,0000000017,3
0000000410,0000000222,1,0000000298,1
0000000411,0000000222,2,0000000109,2
0000000412,0000000223,1,0000000031,1
0000000413,0000000224,1,0000000171,1
0000000414,0000000224,2,0000000371,1
0000000415,0000000224,3,0000000126,1
0000000416,0000000225,1,0000000474,1
0000000417,0000000226,1,0000000389,2
0000000418,0000000226,2,0000000071,1
0000000419,0000000226,3,0000000062,1
0000000420,0000000227,1,0000000118,2
0000000421,0000000228,1,0000000260,1
0000000422,0000000228,2,0000000447,2
0000000423,0000000228,3,0000000382,1
0000000424,0000000228,4,0000000033,1
0000000425,0000000229,1,0000000205,1
0000000426,0000000229,2,0000000061,1
0000000427,0000000230,1,0000000355,1
0000000428,0000000231,1,0000000211,3
0000000429,0000000231,2,0000000073,1
0000000430,0000000232,1,0000000370,3
0000000431,0000000233,1,0000000226,3
0000000432,0000000233,2,0000000441,1
0000000433,0000000234,1,0000000202,1
0000000434,0000000234,2,0000000367,1
0000000435,0000000235,1,0000000418,3
0000000436,0000000235,2,0000000346,1
0000000437,0000000235,3,0000000391,2
0000000438,0000000236,1,0000000196,1
0000000439,0000000236,2,0000000219,1
0000000440,0000000237,1,0000000250,1
0000000441,0000000237,2,0000000055,1
0000000442,0000000237,3,0000000199,1
0000000443,0000000237,4,0000000324,3
0000000444,0000000238,1,0000000384,1
0000000445,0000000239,1,0000000165,2
0000000446,0000000239,2,0000000224,1
0000000447,0000000239,3,0000000386,1
0000000448,0000000240,1,0000000112,1
0000000449,0000000240,2,0000000315,1
0000000450,0000000240,3,0000000286,2
0000000451,0000000240,4,0000000338,2
0000000452,0000000240,5,0000000091,1
0000000453,0000000241,1,0000000460,1
0000000454,0000000242,1,0000000058,4
0000000455,0000000242,2,0000000267,1
0000000456,0000000242,3,0000000096,1
0000000457,0000000243,1,0000000257,1
0000000458,0000000244,1,0000000327,2
0000000459,0000000244,2,0000000368,3
0000000460,0000000244,3,0000000293,1
0000000461,0000000245,1,0000000224,1
0000000462,0000000246,1,0000000385,1
0000000463,0000000247,1,0000000186,4
0000000464,0000000247,2,0000000126,1
0000000465,0000000248,1,0000000105,1
0000000466,0000000249,1,0000000463,4
0000000467,0000000249,2,0000000246,1
0000000468,0000000249,3,0000000393,1
0000000469,0000000249,4,0000000173,1
0000000470,0000000250,1,0000000356,1
0000000471,0000000251,1,0000000387,1
0000000472,0000000251,2,0000000021,2
0000000473,0000000252,1,0000000406,2
0000000474,0000000252,2,0000000252,3
0000000475,0000000252,3,0000000273,2
0000000476,0000000252,4,0000000189,1
0000000477,0000000252,5,0000000403,1
0000000478,0000000253,1,0000000413,4
0000000479,0000000253,2,0000000349,1
0000000480,0000000254,1,0000000220,1
0000000481,0000000255,1,0000000171,1
0000000482,0000000256,1,0000000107,3
0000000483,0000000257,1,0000000039,4
0000000484,0000000257,2,0000000273,3
0000000485,0000000258,1,0000000387,1
0000000486,0000000258,2,0000000202,4
0000000487,0000000258,3,0000000042,1
0000000488,0000000259,1,0000000354,2
0000000489,0000000259,2,0000000009,2
0000000490,0000000259,3,0000000477,1
0000000491,0000000259,4,0000000168,1
0000000492,0000000259,5,0000000034,1
0000000493,0000000260,1,0000000070,1
0000000494,0000000261,1,0000000490,3
0000000495,0000000262,1,0000000319,2
0000000496,0000000263,1,0000000437,1
0000000497,0000000264,1,0000000098,1
0000000498,0000000264,2,0000000381,1
0000000499,0000000265,1,0000000019,1
0000000500,0000000265,2,0000000173,1
0000000501,0000000266,1,0000000015,1
0000000502,0000000266,2,0000000179,1
0000000503,0000000266,3,0000000317,1
0000000504,0000000267,1,0000000375,1
0000000505,0000000267,2,0000000476,1
0000000506,0000000267,3,0000000478,1
0000000507,0000000268,1,0000000314,3
0000000508,0000000269,1,0000000367,1
0000000509,0000000270,1,0000000267,2
0000000510,0000000270,2,0000000447,3
0000000511,0000000271,1,0000000307,1
0000000512,0000000272,1,0000000106,1
0000000513,0000000273,1,0000000286,1
0000000514,0000000273,2,0000000083,4
0000000515,0000000273,3,0000000452,1
0000000516,0000000274,1,0000000064,1
0000000517,0000000275,1,0000000253,1
0000000518,0000000275,2,0000000353,1
0000000519,0000000275,3,0000000492,1
0000000520,0000000275,4,0000000179,1
0000000521,0000000275,5,0000000432,1
0000000522,0000000276,1,0000000440,1
0000000523,0000000276,2,0000000109,1
0000000524,0000000277,1,0000000134,2
0000000525,0000000277,2,0000000184,1
0000000526,0000000278,1,0000000423,1
0000000527,0000000279,1,0000000046,1
0000000528,0000000279,2,0000000133,1
0000000529,0000000280,1,0000000464,1
0000000530,0000000281,1,0000000217,1
0000000531,0000000282,1,0000000218,3
0000000532,0000000283,1,0000000482,3
0000000533,0000000283,2,0000000403,4
0000000534,0000000283,3,0000000222,2
0000000535,0000000284,1,0000000331,1
0000000536,0000000285,1,0000000099,2
0000000537,0000000286,1,0000000222,1
0000000538,0000000286,2,0000000261,1
0000000539,0000000287,1,0000000149,1
0000000540,0000000288,1,0000000182,2
0000000541,0000000288,2,0000000442,2
0000000542,0000000289,1,0000000267,1
0000000543,0000000290,1,0000000350,1
0000000544,0000000290,2,0000000140,1
0000000545,0000000291,1,0000000092,1
0000000546,0000000291,2,0000000147,1
0000000547,0000000292,1,0000000402,4
0000000548,0000000293,1,0000000433,1
0000000549,0000000294,1,0000000474,3
0000000550,0000000295,1,0000000127,1
0000000551,0000000295,2,0000000039,1
0000000552,0000000296,1,0000000165,1
0000000553,0000000296,2,0000000372,1
0000000554,0000000297,1,0000000258,1
0000000555,0000000297,2,0000000105,1
0000000556,0000000297,3,0000000005,1
0000000557,0000000297,4,0000000453,1
0000000558,0000000297,5,0000000485,3
0000000559,0000000298,1,0000000068,1
0000000560,0000000299,1,0000000107,1
0000000561,0000000300,1,0000000232,3
0000000562,0000000300,2,0000000271,1
0000000563,0000000300,3,0000000307,2
0000000564,0000000300,4,0000000024,1
0000000565,0000000301,1,0000000115,1
0000000566,0000000302,1,0000000004,1
0000000567,0000000303,1,0000000041,1
0000000568,0000000303,2,0000000033,3
0000000569,0000000304,1,0000000445,1
0000000570,0000000305,1,0000000260,1
0000000571,0000000306,1,0000000411,1
0000000572,0000000307,1,0000000062,2
0000000573,0000000308,1,0000000074,1
0000000574,0000000309,1,0000000460,1
0000000575,0000000310,1,0000000430,1
0000000576,0000000310,2,0000000262,2
0000000577,0000000311,1,0000000046,1
0000000578,0000000311,2,0000000342,2
0000000579,0000000312,1,0000000132,1
0000000580,0000000313,1,0000000422,1
0000000581,0000000314,1,0000000203,1
0000000582,0000000315,1,0000000179,1
0000000583,0000000316,1,0000000002,2
0000000584,0000000316,2,0000000034,2
0000000585,0000000317,1,0000000307,1
0000000586,0000000317,2,0000000024,2
0000000587,0000000317,3,0000000313,1
0000000588,0000000318,1,0000000235,1
0000000589,0000000318,2,0000000163,3
0000000590,0000000318,3,0000000095,1
0000000591,0000000318,4,0000000307,3
0000000592,0000000319,1,0000000189,1
0000000593,0000000319,2,0000000443,3
0000000594,0000000320,1,0000000184,2
0000000595,0000000321,1,0000000444,3
0000000596,0000000321,2,0000000469,1
0000000597,0000000321,3,0000000305,3
0000000598,0000000321,4,0000000165,1
0000000599,0000000321,5,0000000152,1
0000000600,0000000322,1,0000000459,1
0000000601,0000000322,2,0000000081,1
0000000602,0000000323,1,0000000332,1
0000000603,0000000324,1,0000000224,1
0000000604,0000000324,2,0000000407,2
0000000605,0000000324,3,0000000177,1
0000000606,0000000324,4,0000000272,1
0000000607,0000000325,1,0000000010,1
0000000608,0000000325,2,0000000099,1
0000000609,0000000325,3,0000000035,2
0000000610,0000000325,4,0000000269,1
0000000611,0000000325,5,0000000275,2
0000000612,0000000326,1,0000000033,1
0000000613,0000000327,1,0000000460,2
0000000614,0000000328,1,0000000123,1
0000000615,0000000329,1,0000000066,4
0000000616,0000000330,1,0000000133,1
0000000617,0000000330,2,0000000469,1
0000000618,0000000331,1,0000000043,1
0000000619,0000000331,2,0000000073,3
0000000620,0000000331,3,0000000373,2
0000000621,0000000331,4,0000000272,1
0000000622,0000000331,5,0000000351,1
0000000623,0000000332,1,0000000238,1
0000000624,0000000332,2,0000000261,3
0000000625,0000000332,3,0000000383,1
0000000626,0000000333,1,0000000106,1
0000000627,0000000334,1,0000000176,2
0000000628,0000000334,2,0000000154,1
0000000629,0000000335,1,0000000177,2
0000000630,0000000335,2,0000000258,1
0000000631,0000000336,1,0000000253,1
0000000632,0000000336,2,0000000022,2
0000000633,0000000337,1,0000000003,1
0000000634,0000000338,1,0000000370,2
0000000635,0000000338,2,0000000052,1
0000000636,0000000339,1,0000000046,1
0000000637,0000000340,1,0000000135,1
0000000638,0000000340,2,0000000098,1
0000000639,0000000340,3,0000000230,1
0000000640,0000000340,4,0000000262,1
0000000641,0000000340,5,0000000139,1
0000000642,0000000341,1,0000000321,1
0000000643,0000000341,2,0000000489,1
0000000644,0000000342,1,0000000380,1
0000000645,0000000343,1,0000000424,1
0000000646,0000000343,2,0000000290,1
0000000647,0000000343,3,0000000250,1
0000000648,0000000344,1,0000000102,1
0000000649,0000000345,1,0000000006,1
0000000650,0000000346,1,0000000465,1
0000000651,0000000346,2,0000000227,1
0000000652,0000000346,3,0000000260,1
0000000653,0000000346,4,0000000402,1
0000000654,0000000347,1,0000000048,2
0000000655,0000000348,1,0000000382,1
0000000656,0000000348,2,0000000425,1
0000000657,0000000349,1,0000000037,1
0000000658,0000000349,2,0000000070,1
0000000659,0000000350,1,0000000431,1
0000000660,0000000351,1,0000000257,1
0000000661,0000000352,1,0000000261,1
0000000662,0000000352,2,0000000269,1
0000000663,0000000352,3,0000000455,1
0000000664,0000000353,1,0000000041,1
0000000665,0000000354,1,0000000092,1
0000000666,0000000354,2,0000000137,3
0000000667,0000000354,3,0000000006,2
0000000668,0000000354,4,0000000259,1
0000000669,0000000354,5,0000000311,1
0000000670,0000000355,1,0000000481,4
0000000671,0000000356,1,0000000120,1
0000000672,0000000357,1,0000000434,1
0000000673,0000000358,1,0000000187,2
0000000674,0000000358,2,0000000051,1
0000000675,0000000359,1,0000000377,1
0000000676,0000000359,2,0000000483,1
0000000677,0000000360,1,0000000473,4
0000000678,0000000361,1,0000000361,1
0000000679,0000000361,2,0000000168,1
0000000680,0000000361,3,0000000290,2
0000000681,0000000361,4,0000000063,2
0000000682,0000000362,1,0000000457,1
0000000683,0000000362,2,0000000338,3
0000000684,0000000363,1,0000000178,1
0000000685,0000000364,1,0000000164,1
0000000686,0000000364,2,0000000471,1
0000000687,0000000365,1,0000000244,1
0000000688,0000000365,2,0000000085,1
0000000689,0000000366,1,0000000003,2
0000000690,0000000366,2,0000000332,1
0000000691,0000000367,1,0000000405,2
0000000692,0000000367,2,0000000293,1
0000000693,0000000368,1,0000000012,2
0000000694,0000000368,2,0000000494,3
0000000695,0000000368,3,0000000294,4
0000000696,0000000368,4,0000000299,2
0000000697,0000000368,5,0000000320,2
0000000698,0000000369,1,0000000389,1
0000000699,0000000369,2,0000000460,1
0000000700,0000000369,3,0000000166,4
0000000701,0000000369,4,0000000412,1
0000000702,0000000370,1,0000000268,2
0000000703,0000000370,2,0000000390,1
0000000704,0000000370,3,0000000257,1
0000000705,0000000370,4,0000000318,1
0000000706,0000000371,1,0000000335,1
0000000707,0000000372,1,0000000048,1
0000000708,0000000372,2,0000000309,1
0000000709,0000000373,1,0000000412,2
0000000710,0000000374,1,0000000132,1
0000000711,0000000374,2,0000000453,1
0000000712,0000000375,1,0000000168,3
0000000713,0000000375,2,0000000172,2
0000000714,0000000376,1,0000000291,1
0000000715,0000000376,2,0000000341,3
0000000716,0000000376,3,0000000409,4
0000000717,0000000376,4,0000000181,1
0000000718,0000000376,5,0000000045,3
0000000719,0000000377,1,0000000432,1
0000000720,0000000378,1,0000000062,2
0000000721,0000000379,1,0000000331,2
0000000722,0000000380,1,0000000352,1
0000000723,0000000381,1,0000000263,1
0000000724,0000000381,2,0000000024,1
0000000725,0000000382,1,0000000365,1
0000000726,0000000382,2,0000000193,1
0000000727,0000000383,1,0000000492,1
0000000728,0000000384,1,0000000430,1
0000000729,0000000384,2,0000000407,2
0000000730,0000000384,3,0000000499,1
0000000731,0000000385,1,0000000281,2
0000000732,0000000386,1,0000000205,1
0000000733,0000000387,1,0000000413,1
0000000734,0000000388,1,0000000381,1
0000000735,0000000389,1,0000000293,2
0000000736,0000000390,1,0000000299,1
0000000737,0000000390,2,0000000488,2
0000000738,0000000390,3,0000000098,1
0000000739,0000000391,1,0000000425,3
0000000740,0000000391,2,0000000064,1
0000000741,0000000391,3,0000000491,1
0000000742,0000000392,1,0000000290,2
0000000743,0000000393,1,0000000194,1
0000000744,0000000393,2,0000000363,1
0000000745,0000000394,1,0000000298,1
0000000746,0000000395,1,0000000441,1
0000000747,0000000396,1,0000000077,1
0000000748,0000000396,2,0000000407,2
0000000749,0000000396,3,0000000374,1
0000000750,0000000396,4,0000000424,1
0000000751,0000000397,1,0000000227,1
0000000752,0000000397,2,0000000292,2
0000000753,0000000397,3,0000000315,1
0000000754,0000000397,4,0000000117,2
0000000755,0000000398,1,0000000103,1
0000000756,0000000398,2,0000000234,1
0000000757,0000000398,3,0000000324,1
0000000758,0000000398,4,0000000394,1
0000000759,0000000399,1,0000000049,1
0000000760,0000000399,2,0000000491,4
0000000761,0000000400,1,0000000046,2
0000000762,0000000401,1,0000000013,1
0000000763,0000000401,2,0000000384,1
0000000764,0000000402,1,0000000060,2
0000000765,0000000403,1,0000000143,3
0000000766,0000000403,2,0000000001,1
0000000767,0000000404,1,0000000326,1
0000000768,0000000405,1,0000000133,1
0000000769,0000000406,1,0000000049,1
0000000770,0000000406,2,0000000393,1
0000000771,0000000407,1,0000000253,1
0000000772,0000000407,2,0000000411,1
0000000773,0000000408,1,0000000187,3
0000000774,0000000409,1,0000000029,1
0000000775,0000000409,2,0000000168,2
0000000776,0000000409,3,0000000224,2
0000000777,0000000410,1,0000000373,1
0000000778,0000000411,1,0000000261,4
0000000779,0000000411,2,0000000289,2
0000000780,0000000412,1,0000000106,1
0000000781,0000000413,1,0000000433,1
0000000782,0000000413,2,0000000277,1
0000000783,0000000414,1,0000000033,1
0000000784,0000000415,1,0000000432,1
0000000785,0000000415,2,0000000488,1
0000000786,0000000416,1,0000000327,1
0000000787,0000000416,2,0000000465,2
0000000788,0000000417,1,0000000012,2
0000000789,0000000417,2,0000000017,2
0000000790,0000000417,3,0000000247,1
0000000791,0000000418,1,0000000146,1
0000000792,0000000418,2,0000000394,2
0000000793,0000000419,1,0000000068,1
0000000794,0000000419,2,0000000163,1
0000000795,0000000419,3,0000000369,1
0000000796,0000000420,1,0000000429,2
0000000797,0000000421,1,0000000150,1
0000000798,0000000422,1,0000000315,2
0000000799,0000000423,1,0000000495,3
0000000800,0000000424,1,0000000296,1
0000000801,0000000425,1,0000000493,2
0000000802,0000000426,1,0000000500,3
0000000803,0000000426,2,0000000183,2
0000000804,0000000427,1,0000000204,1
0000000805,0000000428,1,0000000326,1
0000000806,0000000429,1,0000000327,1
0000000807,0000000429,2,0000000407,1
0000000808,0000000430,1,0000000030,2
0000000809,0000000431,1,0000000046,1
0000000810,0000000432,1,0000000205,2
0000000811,0000000432,2,0000000210,1
0000000812,0000000433,1,0000000500,1
0000000813,0000000433,2,0000000247,1
0000000814,0000000433,3,0000000038,1
0000000815,0000000433,4,0000000491,2
0000000816,0000000434,1,0000000256,1
0000000817,0000000435,1,0000000202,1
0000000818,0000000436,1,0000000494,1
0000000819,0000000437,1,0000000004,1
0000000820,0000000437,2,0000000018,1
0000000821,0000000437,3,0000000147,1
0000000822,0000000438,1,0000000017,4
0000000823,0000000438,2,0000000239,1
0000000824,0000000439,1,0000000088,1
0000000825,0000000440,1,0000000439,3
0000000826,0000000440,2,0000000002,3
0000000827,0000000440,3,0000000037,2
0000000828,0000000440,4,0000000134,1
0000000829,0000000441,1,0000000192,1
0000000830,0000000441,2,0000000168,1
0000000831,0000000442,1,0000000492,3
0000000832,0000000443,1,0000000387,1
0000000833,0000000444,1,0000000261,1
0000000834,0000000444,2,0000000074,3
0000000835,0000000445,1,0000000327,1
0000000836,0000000445,2,0000000443,1
0000000837,0000000446,1,0000000234,3
0000000838,0000000447,1,0000000310,1
0000000839,0000000447,2,0000000420,1
0000000840,0000000447,3,0000000454,3
0000000841,0000000448,1,0000000041,1
0000000842,0000000448,2,0000000378,2
0000000843,0000000448,3,0000000030,2
0000000844,0000000449,1,0000000053,1
0000000845,0000000450,1,0000000420,2
0000000846,0000000450,2,0000000424,1
0000000847,0000000450,3,0000000226,1
0000000848,0000000451,1,0000000428,1
0000000849,0000000452,1,0000000108,1
0000000850,0000000453,1,0000000099,1
0000000851,0000000453,2,0000000118,1
0000000852,0000000454,1,0000000373,1
0000000853,0000000455,1,0000000200,1
0000000854,0000000456,1,0000000407,1
0000000855,0000000457,1,0000000333,1
0000000856,0000000457,2,0000000369,2
0000000857,0000000458,1,0000000379,2
0000000858,0000000459,1,0000000110,2
0000000859,0000000460,1,0000000059,1
0000000860,0000000461,1,0000000404,1
0000000861,0000000462,1,0000000112,1
0000000862,0000000462,2,0000000333,1
0000000863,0000000462,3,0000000236,1
0000000864,0000000463,1,0000000263,1
0000000865,0000000464,1,0000000276,2
0000000866,0000000464,2,0000000368,1
0000000867,0000000465,1,0000000144,2
0000000868,0000000465,2,0000000255,2
0000000869,0000000466,1,0000000448,1
0000000870,0000000466,2,0000000314,4
0000000871,0000000466,3,0000000293,2
0000000872,0000000466,4,0000000289,1
0000000873,0000000467,1,0000000384,1
0000000874,0000000467,2,0000000386,1
0000000875,0000000468,1,0000000416,2
0000000876,0000000468,2,0000000478,1
0000000877,0000000469,1,0000000297,1
0000000878,0000000469,2,0000000217,1
0000000879,0000000469,3,0000000384,3
0000000880,0000000469,4,0000000160,2
0000000881,0000000469,5,0000000320,3
0000000882,0000000470,1,0000000259,1
0000000883,0000000471,1,0000000320,3
0000000884,0000000472,1,0000000468,1
0000000885,0000000473,1,0000000281,1
0000000886,0000000474,1,0000000077,3
0000000887,0000000474,2,0000000177,1
0000000888,0000000475,1,0000000389,1
0000000889,0000000475,2,0000000145,1
0000000890,0000000475,3,0000000246,1
0000000891,0000000476,1,0000000343,1
0000000892,0000000477,1,0000000374,1
0000000893,0000000478,1,0000000376,1
0000000894,0000000478,2,0000000384,1
0000000895,0000000479,1,0000000010,1
0000000896,0000000479,2,0000000192,2
0000000897,0000000480,1,0000000411,1
0000000898,0000000480,2,0000000352,2
0000000899,0000000480,3,0000000334,2
0000000900,0000000481,1,0000000430,2
0000000901,0000000482,1,0000000160,1
0000000902,0000000482,2,0000000093,1
0000000903,0000000482,3,0000000057,1
0000000904,0000000483,1,0000000291,1
0000000905,0000000484,1,0000000276,1
0000000906,0000000484,2,0000000406,1
0000000907,0000000485,1,0000000050,1
0000000908,0000000485,2,0000000474,1
0000000909,0000000486,1,0000000115,2
0000000910,0000000487,1,0000000167,2
0000000911,0000000488,1,0000000111,1
0000000912,0000000489,1,0000000097,1
0000000913,0000000489,2,0000000317,1
0000000914,0000000489,3,0000000431,1
0000000915,0000000489,4,0000000220,1
0000000916,0000000489,5,0000000213,1
0000000917,0000000490,1,0000000088,2
0000000918,0000000491,1,0000000392,1
0000000919,0000000491,2,0000000430,1
0000000920,0000000492,1,0000000034,1
0000000921,0000000493,1,0000000236,1
0000000922,0000000494,1,0000000258,3
0000000923,0000000495,1,0000000084,2
0000000924,0000000495,2,0000000300,2
0000000925,0000000495,3,0000000120,2
0000000926,0000000496,1,0000000006,1
0000000927,0000000497,1,0000000213,1
0000000928,0000000497,2,0000000219,1
0000000929,0000000498,1,0000000374,1
0000000930,0000000498,2,0000000268,1
0000000931,0000000498,3,0000000136,1
0000000932,0000000498,4,0000000013,1
0000000933,0000000498,5,0000000319,3
0000000934,0000000499,1,0000000059,1
0000000935,0000000499,2,0000000372,1
0000000936,0000000499,3,0000000484,1
0000000937,0000000500,1,0000000056,2
0000000938,0000000500,2,0000000076,1
0000000939,0000000501,1,0000000252,1
0000000940,0000000501,2,0000000079,1
0000000941,0000000502,1,0000000277,3
0000000942,0000000503,1,0000000296,1
0000000943,0000000503,2,0000000232,1
0000000944,0000000503,3,0000000329,3
0000000945,0000000503,4,0000000488,1
0000000946,0000000503,5,0000000028,2
0000000947,0000000504,1,0000000225,1
0000000948,0000000504,2,0000000331,1
0000000949,0000000504,3,0000000145,1
0000000950,0000000504,4,0000000204,1
0000000951,0000000505,1,0000000415,1
0000000952,0000000505,2,0000000169,3
0000000953,0000000505,3,0000000135,3
0000000954,0000000505,4,0000000060,1
0000000955,0000000506,1,0000000075,2
0000000956,0000000506,2,0000000275,1
0000000957,0000000507,1,0000000041,1
0000000958,0000000508,1,0000000184,4
0000000959,0000000508,2,0000000149,1
0000000960,0000000509,1,0000000025,1
0000000961,0000000509,2,0000000177,1
0000000962,0000000510,1,0000000324,1
0000000963,0000000511,1,0000000008,1
0000000964,0000000511,2,0000000075,2
0000000965,0000000511,3,0000000347,3
0000000966,0000000512,1,0000000092,3
0000000967,0000000513,1,0000000415,1
0000000968,0000000513,2,0000000418,2
0000000969,0000000514,1,0000000067,1
0000000970,0000000514,2,0000000137,1
0000000971,0000000514,3,0000000410,2
0000000972,0000000514,4,0000000200,1
0000000973,0000000515,1,0000000184,1
0000000974,0000000516,1,0000000043,1
0000000975,0000000517,1,0000000354,1
0000000976,0000000518,1,0000000496,1
0000000977,0000000518,2,0000000402,1
0000000978,0000000518,3,0000000055,1
0000000979,0000000519,1,0000000267,1
0000000980,0000000519,2,0000000037,1
0000000981,0000000519,3,0000000016,1
0000000982,0000000519,4,0000000194,1
0000000983,0000000519,5,0000000436,1
0000000984,0000000520,1,0000000185,1
0000000985,0000000521,1,0000000491,1
0000000986,0000000521,2,0000000335,1
0000000987,0000000522,1,0000000162,1
0000000988,0000000522,2,0000000124,1
0000000989,0000000522,3,0000000286,1
0000000990,0000000523,1,0000000472,1
0000000991,0000000523,2,0000000002,1
0000000992,0000000523,3,0000000306,1
0000000993,0000000523,4,0000000197,1
0000000994,0000000524,1,0000000401,2
0000000995,0000000525,1,0000000233,2
0000000996,0000000525,2,0000000101,1
0000000997,0000000525,3,0000000284,1
0000000998,0000000526,1,0000000349,1
0000000999,0000000526,2,0000000356,1
0000001000,0000000527,1,0000000084,2
0000001001,0000000527,2,0000000396,1
0000001002,0000000527,3,0000000398,1
0000001003,0000000527,4,0000000233,1
0000001004,0000000528,1,0000000240,4
0000001005,0000000528,2,0000000413,1
0000001006,0000000529,1,0000000410,1
0000001007,0000000529,2,0000000172,1
0000001008,0000000530,1,0000000144,2
0000001009,0000000531,1,0000000209,1
0000001010,0000000531,2,0000000344,1
0000001011,0000000532,1,0000000075,1
0000001012,0000000532,2,0000000134,1
0000001013,0000000532,3,0000000357,2
0000001014,0000000533,1,0000000356,1
0000001015,0000000534,1,0000000225,1
0000001016,0000000534,2,0000000450,1
0000001017,0000000534,3,0000000202,2
0000001018,0000000535,1,0000000356,1
0000001019,0000000535,2,0000000066,2
0000001020,0000000536,1,0000000482,1
0000001021,0000000536,2,0000000263,2
0000001022,0000000536,3,0000000002,3
0000001023,0000000536,4,0000000270,1
0000001024,0000000537,1,0000000246,2
0000001025,0000000537,2,0000000027,2
0000001026,0000000537,3,0000000093,1
0000001027,0000000537,4,0000000360,1
0000001028,0000000537,5,0000000221,2
0000001029,0000000538,1,0000000092,1
0000001030,0000000539,1,0000000301,1
0000001031,0000000539,2,0000000317,1
0000001032,0000000539,3,0000000034,1
0000001033,0000000539,4,0000000097,2
0000001034,0000000539,5,0000000469,1
0000001035,0000000540,1,0000000222,1
0000001036,0000000540,2,0000000148,2
0000001037,0000000541,1,0000000216,1
0000001038,0000000541,2,0000000298,1
0000001039,0000000541,3,0000000394,2
0000001040,0000000541,4,0000000104,1
0000001041,0000000541,5,0000000047,2
0000001042,0000000542,1,0000000238,1
0000001043,0000000542,2,0000000062,2
0000001044,0000000542,3,0000000307,1
0000001045,0000000542,4,0000000112,1
0000001046,0000000543,1,0000000183,1
0000001047,0000000544,1,0000000405,2
0000001048,0000000544,2,0000000307,2
0000001049,0000000545,1,0000000291,2
0000001050,0000000545,2,0000000279,1
0000001051,0000000546,1,0000000434,4
0000001052,0000000546,2,0000000221,1
0000001053,0000000546,3,0000000347,1
0000001054,0000000546,4,0000000139,3
0000001055,0000000547,1,0000000456,1
0000001056,0000000548,1,0000000406,1
0000001057,0000000549,1,0000000466,1
0000001058,0000000549,2,0000000065,1
0000001059,0000000549,3,0000000325,1
0000001060,0000000549,4,0000000270,1
0000001061,0000000549,5,0000000414,1
0000001062,0000000550,1,0000000465,3
0000001063,0000000551,1,0000000440,1
0000001064,0000000552,1,0000000382,1
0000001065,0000000553,1,0000000257,1
0000001066,0000000553,2,0000000228,1
0000001067,0000000554,1,0000000017,1
0000001068,0000000555,1,0000000004,1
0000001069,0000000556,1,0000000325,1
0000001070,0000000557,1,0000000325,1
0000001071,0000000557,2,0000000297,1
0000001072,0000000557,3,0000000110,1
0000001073,0000000557,4,0000000011,2
0000001074,0000000558,1,0000000485,2
0000001075,0000000558,2,0000000229,1
0000001076,0000000558,3,0000000380,3
0000001077,0000000558,4,0000000256,3
0000001078,0000000559,1,0000000136,1
0000001079,0000000559,2,0000000245,2
0000001080,0000000560,1,0000000187,1
0000001081,0000000561,1,0000000475,1
0000001082,0000000562,1,0000000312,1
0000001083,0000000562,2,0000000038,3
0000001084,0000000563,1,0000000394,3
0000001085,0000000564,1,0000000239,1
0000001086,0000000565,1,0000000222,2
0000001087,0000000566,1,0000000350,2
0000001088,0000000567,1,0000000119,1
0000001089,0000000567,2,0000000388,2
0000001090,0000000567,3,0000000329,1
0000001091,0000000568,1,0000000065,4
0000001092,0000000568,2,0000000311,3
0000001093,0000000568,3,0000000493,1
0000001094,0000000569,1,0000000295,1
0000001095,0000000570,1,0000000169,2
0000001096,0000000570,2,0000000061,1
0000001097,0000000571,1,0000000029,2
0000001098,0000000571,2,0000000287,2
0000001099,0000000572,1,0000000181,1
0000001100,0000000572,2,0000000238,1
0000001101,0000000573,1,0000000227,1
0000001102,0000000574,1,0000000342,1
0000001103,0000000575,1,0000000077,1
0000001104,0000000576,1,0000000482,1
0000001105,0000000576,2,0000000449,1
0000001106,0000000576,3,0000000226,4
0000001107,0000000577,1,0000000469,1
0000001108,0000000578,1,0000000088,2
0000001109,0000000579,1,0000000222,1
0000001110,0000000580,1,0000000303,1
0000001111,0000000581,1,0000000025,1
0000001112,0000000582,1,0000000143,1
0000001113,0000000583,1,0000000426,1
0000001114,0000000584,1,0000000072,1
0000001115,0000000584,2,0000000375,1
0000001116,0000000584,3,0000000472,1
0000001117,0000000585,1,0000000073,1
0000001118,0000000586,1,0000000030,1
0000001119,0000000587,1,0000000153,4
0000001120,0000000587,2,0000000090,1
0000001121,0000000588,1,0000000201,1
0000001122,0000000589,1,0000000443,3
0000001123,0000000590,1,0000000442,2
0000001124,0000000591,1,0000000005,2
0000001125,0000000591,2,0000000176,1
0000001126,0000000592,1,0000000016,1
0000001127,0000000593,1,0000000129,3
0000001128,0000000594,1,0000000409,1
0000001129,0000000594,2,0000000381,3
0000001130,0000000595,1,0000000500,3
0000001131,0000000596,1,0000000358,2
0000001132,0000000597,1,0000000146,1
0000001133,0000000597,2,0000000267,1
0000001134,0000000597,3,0000000428,2
0000001135,0000000597,4,0000000458,1
0000001136,0000000597,5,0000000067,1
0000001137,0000000598,1,0000000500,2
0000001138,0000000598,2,0000000090,1
0000001139,0000000598,3,0000000475,2
0000001140,0000000598,4,0000000278,3
0000001141,0000000599,1,0000000323,1
0000001142,0000000599,2,0000000338,1
0000001143,0000000599,3,0000000228,1
0000001144,0000000599,4,0000000318,1
0000001145,0000000600,1,0000000374,4
0000001146,0000000601,1,0000000495,2
0000001147,0000000601,2,0000000183,1
0000001148,0000000602,1,0000000171,1
0000001149,0000000602,2,0000000479,1
0000001150,0000000603,1,0000000431,1
0000001151,0000000604,1,0000000071,3
0000001152,0000000605,1,0000000039,3
0000001153,0000000606,1,0000000104,3
0000001154,0000000607,1,0000000168,1
0000001155,0000000607,2,0000000485,2
0000001156,0000000608,1,0000000332,1
0000001157,0000000608,2,0000000397,1
0000001158,0000000608,3,0000000500,1
0000001159,0000000609,1,0000000035,1
0000001160,0000000609,2,0000000017,1
0000001161,0000000609,3,0000000262,1
0000001162,0000000610,1,0000000206,2
0000001163,0000000610,2,0000000182,1
0000001164,0000000610,3,0000000460,2
0000001165,0000000611,1,0000000431,2
0000001166,0000000612,1,0000000468,1
0000001167,0000000613,1,0000000275,1
0000001168,0000000613,2,0000000338,1
0000001169,0000000613,3,0000000325,1
0000001170,0000000613,4,0000000352,1
0000001171,0000000614,1,0000000414,1
0000001172,0000000615,1,0000000491,1
0000001173,0000000616,1,0000000065,1
0000001174,0000000617,1,0000000228,1
0000001175,0000000617,2,0000000447,3
0000001176,0000000617,3,0000000237,1
0000001177,0000000617,4,0000000075,2
0000001178,0000000618,1,0000000124,2
0000001179,0000000619,1,0000000197,2
0000001180,0000000620,1,0000000178,2
0000001181,0000000621,1,0000000424,1
0000001182,0000000621,2,0000000367,4
0000001183,0000000622,1,0000000152,1
0000001184,0000000622,2,0000000330,1
0000001185,0000000623,1,0000000473,1
0000001186,0000000623,2,0000000037,3
0000001187,0000000623,3,0000000133,1
0000001188,0000000623,4,0000000047,1
0000001189,0000000623,5,0000000458,1
0000001190,0000000624,1,0000000016,1
0000001191,0000000624,2,0000000484,1
0000001192,0000000625,1,0000000473,4
0000001193,0000000625,2,0000000330,3
0000001194,0000000625,3,0000000414,1
0000001195,0000000626,1,0000000325,1
0000001196,0000000626,2,0000000370,1
0000001197,0000000627,1,0000000400,1
0000001198,0000000628,1,0000000488,1
0000001199,0000000628,2,0000000361,3
0000001200,0000000628,3,0000000150,1
0000001201,0000000629,1,0000000148,1
0000001202,0000000629,2,0000000110,2
0000001203,0000000630,1,0000000218,1
0000001204,0000000631,1,0000000250,1
0000001205,0000000631,2,0000000359,1
0000001206,0000000631,3,0000000148,3
0000001207,0000000631,4,0000000319,2
0000001208,0000000631,5,0000000483,1
0000001209,0000000632,1,0000000048,1
0000001210,0000000632,2,0000000145,1
0000001211,0000000633,1,0000000327,2
0000001212,0000000633,2,0000000276,2
0000001213,0000000634,1,0000000426,1
0000001214,0000000634,2,0000000113,1
0000001215,0000000634,3,0000000225,3
0000001216,0000000635,1,0000000036,1
0000001217,0000000635,2,0000000348,4
0000001218,0000000636,1,0000000296,4
0000001219,0000000636,2,0000000262,3
0000001220,0000000636,3,0000000121,1
0000001221,0000000636,4,0000000485,2
0000001222,0000000637,1,0000000459,1
0000001223,0000000637,2,0000000192,1
0000001224,0000000637,3,0000000296,1
0000001225,0000000638,1,0000000173,1
0000001226,0000000638,2,0000000120,3
0000001227,0000000639,1,0000000076,1
0000001228,0000000640,1,0000000452,4
0000001229,0000000640,2,0000000196,1
0000001230,0000000640,3,0000000141,1
0000001231,0000000641,1,0000000308,1
0000001232,0000000641,2,0000000422,1
0000001233,0000000641,3,0000000434,2
0000001234,0000000642,1,0000000012,1
0000001235,0000000643,1,0000000332,1
0000001236,0000000644,1,0000000296,1
0000001237,0000000645,1,0000000483,2
0000001238,0000000645,2,0000000477,2
0000001239,0000000646,1,0000000282,1
0000001240,0000000646,2,0000000034,1
0000001241,0000000647,1,0000000394,3
0000001242,0000000648,1,0000000341,2
0000001243,0000000648,2,0000000155,2
0000001244,0000000649,1,0000000430,1
0000001245,0000000650,1,0000000035,1
0000001246,0000000650,2,0000000452,1
0000001247,0000000651,1,0000000189,1
0000001248,0000000651,2,0000000200,1
0000001249,0000000651,3,0000000115,1
0000001250,0000000651,4,0000000457,2
0000001251,0000000652,1,0000000202,2
0000001252,0000000653,1,0000000466,1
0000001253,0000000654,1,0000000110,1
0000001254,0000000655,1,0000000429,1
0000001255,0000000656,1,0000000475,1
0000001256,0000000656,2,0000000404,3
0000001257,0000000656,3,0000000342,1
0000001258,0000000657,1,0000000095,1
0000001259,0000000657,2,0000000217,1
0000001260,0000000658,1,0000000307,1
0000001261,0000000659,1,0000000346,1
0000001262,0000000659,2,0000000051,1
0000001263,0000000660,1,0000000073,1
0000001264,0000000660,2,0000000235,1
0000001265,0000000661,1,0000000057,1
0000001266,0000000662,1,0000000062,4
0000001267,0000000663,1,0000000036,1
0000001268,0000000664,1,0000000224,1
0000001269,0000000664,2,0000000239,2
0000001270,0000000665,1,0000000118,4
0000001271,0000000666,1,0000000034,2
0000001272,0000000667,1,0000000253,1
0000001273,0000000668,1,0000000279,1
0000001274,0000000669,1,0000000393,2
0000001275,0000000669,2,0000000193,2
0000001276,0000000669,3,0000000232,1
0000001277,0000000670,1,0000000228,2
0000001278,0000000671,1,0000000260,1
0000001279,0000000672,1,0000000067,1
0000001280,0000000673,1,0000000050,1
0000001281,0000000674,1,0000000215,1
0000001282,0000000675,1,0000000227,1
0000001283,0000000675,2,0000000239,1
0000001284,0000000675,3,0000000428,1
0000001285,0000000675,4,0000000062,1
0000001286,0000000676,1,0000000397,1
0000001287,0000000676,2,0000000478,1
0000001288,0000000676,3,0000000281,3
0000001289,0000000677,1,0000000154,1
0000001290,0000000677,2,0000000159,1
0000001291,0000000678,1,0000000386,1
0000001292,0000000679,1,0000000498,1
0000001293,0000000680,1,0000000106,1
0000001294,0000000681,1,0000000266,1
0000001295,0000000682,1,0000000278,3
0000001296,0000000683,1,0000000362,2
0000001297,0000000684,1,0000000267,1
0000001298,0000000685,1,0000000284,1
0000001299,0000000685,2,0000000266,1
0000001300,0000000685,3,0000000081,1
0000001301,0000000686,1,0000000290,1
0000001302,0000000687,1,0000000371,3
0000001303,0000000687,2,0000000487,1
0000001304,0000000687,3,0000000062,1
0000001305,0000000687,4,0000000084,4
0000001306,0000000688,1,0000000220,3
0000001307,0000000688,2,0000000429,1
0000001308,0000000688,3,0000000114,1
0000001309,0000000689,1,0000000006,3
0000001310,0000000690,1,0000000067,1
0000001311,0000000690,2,0000000267,4
0000001312,0000000691,1,0000000441,1
0000001313,0000000692,1,0000000370,2
0000001314,0000000693,1,0000000114,1
0000001315,0000000694,1,0000000136,1
0000001316,0000000695,1,0000000043,1
0000001317,0000000695,2,0000000498,1
0000001318,0000000696,1,0000000196,2
0000001319,0000000697,1,0000000158,1
0000001320,0000000697,2,0000000244,1
0000001321,0000000698,1,0000000467,2
0000001322,0000000698,2,0000000237,1
0000001323,0000000698,3,0000000037,3
0000001324,0000000698,4,0000000030,1
0000001325,0000000699,1,0000000211,2
0000001326,0000000700,1,0000000348,1
0000001327,0000000701,1,0000000439,3
0000001328,0000000701,2,0000000213,2
0000001329,0000000702,1,0000000254,3
0000001330,0000000702,2,0000000230,1
0000001331,0000000702,3,0000000070,2
0000001332,0000000702,4,0000000098,1
0000001333,0000000703,1,0000000132,1
0000001334,0000000704,1,0000000259,3
0000001335,0000000704,2,0000000222,1
0000001336,0000000705,1,0000000101,2
0000001337,0000000705,2,0000000355,1
0000001338,0000000706,1,0000000277,1
0000001339,0000000707,1,0000000251,1
0000001340,0000000708,1,0000000312,1
0000001341,0000000709,1,0000000234,1
0000001342,0000000710,1,0000000154,1
0000001343,0000000710,2,0000000312,1
0000001344,0000000711,1,0000000485,1
0000001345,0000000712,1,0000000234,1
0000001346,0000000713,1,0000000487,1
0000001347,0000000713,2,0000000060,1
0000001348,0000000713,3,0000000085,1
0000001349,0000000713,4,0000000026,1
0000001350,0000000713,5,0000000019,1
0000001351,0000000714,1,0000000016,1
0000001352,0000000714,2,0000000390,1
0000001353,0000000715,1,0000000148,1
0000001354,0000000715,2,0000000048,1
0000001355,0000000716,1,0000000074,1
0000001356,0000000717,1,0000000463,1
0000001357,0000000718,1,0000000234,1
0000001358,0000000719,1,0000000251,2
0000001359,0000000720,1,0000000110,1
0000001360,0000000721,1,0000000018,1
0000001361,0000000721,2,0000000182,1
0000001362,0000000721,3,0000000245,1
0000001363,0000000722,1,0000000494,2
0000001364,0000000723,1,0000000320,2
0000001365,0000000723,2,0000000292,4
0000001366,0000000724,1,0000000400,1
0000001367,0000000724,2,0000000101,2
0000001368,0000000724,3,0000000104,3
0000001369,0000000725,1,0000000396,1
0000001370,0000000725,2,0000000441,1
0000001371,0000000726,1,0000000383,4
0000001372,0000000727,1,0000000427,3
0000001373,0000000727,2,0000000345,1
0000001374,0000000727,3,0000000208,1
0000001375,0000000727,4,0000000433,1
0000001376,0000000728,1,0000000213,1
0000001377,0000000729,1,0000000053,1
0000001378,0000000729,2,0000000004,1
0000001379,0000000730,1,0000000007,2
0000001380,0000000731,1,0000000426,1
0000001381,0000000732,1,0000000155,2
0000001382,0000000733,1,0000000262,1
0000001383,0000000733,2,0000000127,1
0000001384,0000000734,1,0000000405,1
0000001385,0000000735,1,0000000222,1
0000001386,0000000735,2,0000000200,1
0000001387,0000000736,1,0000000271,1
0000001388,0000000736,2,0000000253,1
0000001389,0000000736,3,0000000409,2
0000001390,0000000737,1,0000000203,1
0000001391,0000000738,1,0000000312,1
0000001392,0000000738,2,0000000035,1
0000001393,0000000739,1,0000000388,1
0000001394,0000000740,1,0000000081,1
0000001395,0000000741,1,0000000282,1
0000001396,0000000742,1,0000000159,1
0000001397,0000000743,1,0000000250,1
0000001398,0000000744,1,0000000137,1
0000001399,0000000745,1,0000000066,1
0000001400,0000000745,2,0000000056,1
0000001401,0000000745,3,0000000491,3
0000001402,0000000745,4,0000000302,1
0000001403,0000000746,1,0000000275,1
0000001404,0000000746,2,0000000235,1
0000001405,0000000747,1,0000000262,3
0000001406,0000000748,1,0000000340,1
0000001407,0000000748,2,0000000172,2
0000001408,0000000749,1,0000000060,1
0000001409,0000000749,2,0000000260,3
0000001410,0000000750,1,0000000312,1
0000001411,0000000750,2,0000000173,1
0000001412,0000000750,3,0000000488,4
0000001413,0000000750,4,0000000170,1
0000001414,0000000751,1,0000000222,1
0000001415,0000000751,2,0000000049,1
0000001416,0000000751,3,0000000112,3
0000001417,0000000751,4,0000000351,2
0000001418,0000000752,1,0000000245,2
0000001419,0000000752,2,0000000478,2
0000001420,0000000752,3,0000000386,1
0000001421,0000000753,1,0000000159,3
0000001422,0000000753,2,0000000435,1
0000001423,0000000754,1,0000000097,2
0000001424,0000000754,2,0000000430,1
0000001425,0000000754,3,0000000416,1
0000001426,0000000755,1,0000000072,1
0000001427,0000000755,2,0000000152,1
0000001428,0000000756,1,0000000248,2
0000001429,0000000756,2,0000000310,3
0000001430,0000000756,3,0000000403,1
0000001431,0000000756,4,0000000015,1
0000001432,0000000757,1,0000000372,2
0000001433,0000000757,2,0000000075,1
0000001434,0000000757,3,0000000319,1
0000001435,0000000757,4,0000000364,2
0000001436,0000000757,5,0000000018,1
0000001437,0000000758,1,0000000089,1
0000001438,0000000759,1,0000000049,2
0000001439,0000000760,1,0000000408,1
0000001440,0000000761,1,0000000065,2
0000001441,0000000762,1,0000000371,1
0000001442,0000000763,1,0000000117,2
0000001443,0000000763,2,0000000481,4
0000001444,0000000764,1,0000000208,1
0000001445,0000000764,2,0000000073,1
0000001446,0000000764,3,0000000393,4
0000001447,0000000764,4,0000000372,1
0000001448,0000000765,1,0000000088,4
0000001449,0000000766,1,0000000368,1
0000001450,0000000766,2,0000000183,1
0000001451,0000000766,3,0000000269,1
0000001452,0000000766,4,0000000248,1
0000001453,0000000766,5,0000000435,1
0000001454,0000000767,1,0000000303,4
0000001455,0000000768,1,0000000279,4
0000001456,0000000769,1,0000000348,1
0000001457,0000000770,1,0000000373,3
0000001458,0000000770,2,0000000094,2
0000001459,0000000771,1,0000000018,1
0000001460,0000000772,1,0000000476,1
0000001461,0000000772,2,0000000320,3
0000001462,0000000773,1,0000000229,3
0000001463,0000000773,2,0000000169,1
0000001464,0000000773,3,0000000421,1
0000001465,0000000773,4,0000000415,1
0000001466,0000000774,1,0000000263,1
0000001467,0000000774,2,0000000399,2
0000001468,0000000775,1,0000000301,1
0000001469,0000000775,2,0000000161,2
0000001470,0000000775,3,0000000306,2
0000001471,0000000776,1,0000000336,1
0000001472,0000000777,1,0000000113,4
0000001473,0000000778,1,0000000346,1
0000001474,0000000779,1,0000000127,1
0000001475,0000000779,2,0000000470,1
0000001476,0000000779,3,0000000320,1
0000001477,0000000779,4,0000000019,1
0000001478,0000000779,5,0000000032,2
0000001479,0000000780,1,0000000344,2
0000001480,0000000781,1,0000000126,1
0000001481,0000000782,1,0000000085,2
0000001482,0000000783,1,0000000408,1
0000001483,0000000784,1,0000000491,1
0000001484,0000000784,2,0000000319,2
0000001485,0000000785,1,0000000376,2
0000001486,0000000785,2,0000000462,1
0000001487,0000000786,1,0000000464,1
0000001488,0000000786,2,0000000390,1
0000001489,0000000786,3,0000000402,2
0000001490,0000000786,4,0000000492,1
0000001491,0000000787,1,0000000040,1
0000001492,0000000787,2,0000000162,2
0000001493,0000000787,3,0000000435,1
0000001494,0000000787,4,0000000107,1
0000001495,0000000788,1,0000000334,1
0000001496,0000000788,2,0000000208,1
0000001497,0000000789,1,0000000007,1
0000001498,0000000790,1,0000000237,1
0000001499,0000000790,2,0000000479,1
0000001500,0000000791,1,0000000150,2
0000001501,0000000792,1,0000000266,1
0000001502,0000000793,1,0000000121,1
0000001503,0000000793,2,0000000124,3
0000001504,0000000794,1,0000000130,1
0000001505,0000000795,1,0000000018,1
0000001506,0000000796,1,0000000061,1
0000001507,0000000796,2,0000000372,1
0000001508,0000000797,1,0000000374,1
0000001509,0000000798,1,0000000012,2
0000001510,0000000799,1,0000000044,1
0000001511,0000000799,2,0000000383,2
0000001512,0000000800,1,0000000145,1
0000001513,0000000801,1,0000000430,1
0000001514,0000000801,2,0000000125,1
0000001515,0000000801,3,0000000365,1
0000001516,0000000802,1,0000000389,1
0000001517,0000000803,1,0000000361,1
0000001518,0000000804,1,0000000135,2
0000001519,0000000805,1,0000000277,1
0000001520,0000000805,2,0000000057,1
0000001521,0000000805,3,0000000026,2
0000001522,0000000806,1,0000000129,1
0000001523,0000000806,2,0000000020,1
0000001524,0000000806,3,0000000235,2
0000001525,0000000807,1,0000000369,1
0000001526,0000000807,2,0000000399,3
0000001527,0000000807,3,0000000306,1
0000001528,0000000808,1,0000000133,3
0000001529,0000000809,1,0000000437,2
0000001530,0000000810,1,0000000154,1
0000001531,0000000811,1,0000000287,1
0000001532,0000000812,1,0000000097,1
0000001533,0000000812,2,0000000431,2
0000001534,0000000812,3,0000000127,2
0000001535,0000000812,4,0000000157,1
0000001536,0000000812,5,0000000140,2
0000001537,0000000813,1,0000000020,1
0000001538,0000000814,1,0000000233,1
0000001539,0000000815,1,0000000128,1
0000001540,0000000815,2,0000000077,1
0000001541,0000000816,1,0000000431,1
0000001542,0000000817,1,0000000163,1
0000001543,0000000818,1,0000000037,2
0000001544,0000000819,1,0000000223,1
0000001545,0000000820,1,0000000152,1
0000001546,0000000821,1,0000000330,2
0000001547,0000000822,1,0000000113,1
0000001548,0000000823,1,0000000158,1
0000001549,0000000824,1,0000000282,2
0000001550,0000000824,2,0000000256,2
0000001551,0000000824,3,0000000119,4
0000001552,0000000825,1,0000000432,1
0000001553,0000000826,1,0000000080,2
0000001554,0000000826,2,0000000325,1
0000001555,0000000827,1,0000000075,1
0000001556,0000000827,2,0000000060,1
0000001557,0000000828,1,0000000169,2
0000001558,0000000829,1,0000000344,3
0000001559,0000000829,2,0000000115,1
0000001560,0000000830,1,0000000133,1
0000001561,0000000831,1,0000000309,3
0000001562,0000000831,2,0000000125,1
0000001563,0000000831,3,0000000063,1
0000001564,0000000832,1,0000000434,1
0000001565,0000000832,2,0000000190,1
0000001566,0000000832,3,0000000158,2
0000001567,0000000832,4,0000000173,1
0000001568,0000000833,1,0000000069,1
0000001569,0000000834,1,0000000229,3
0000001570,0000000834,2,0000000282,3
0000001571,0000000835,1,0000000192,1
0000001572,0000000836,1,0000000028,3
0000001573,0000000836,2,0000000078,1
0000001574,0000000836,3,0000000321,1
0000001575,0000000837,1,0000000213,1
0000001576,0000000837,2,0000000063,2
0000001577,0000000837,3,0000000060,1
0000001578,0000000837,4,0000000172,1
0000001579,0000000837,5,0000000176,1
0000001580,0000000838,1,0000000136,1
0000001581,0000000838,2,0000000041,2
0000001582,0000000839,1,0000000404,1
0000001583,0000000839,2,0000000381,1
0000001584,0000000839,3,0000000266,1
0000001585,0000000839,4,0000000010,4
0000001586,0000000839,5,0000000288,1
0000001587,0000000840,1,0000000247,2
0000001588,0000000840,2,0000000213,1
0000001589,0000000841,1,0000000375,1
0000001590,0000000841,2,0000000483,1
0000001591,0000000841,3,0000000266,4
0000001592,0000000842,1,0000000430,4
0000001593,0000000843,1,0000000316,2
0000001594,0000000843,2,0000000086,3
0000001595,0000000844,1,0000000035,1
0000001596,0000000845,1,0000000420,2
0000001597,0000000845,2,0000000115,1
0000001598,0000000845,3,0000000303,1
0000001599,0000000845,4,0000000009,1
0000001600,0000000845,5,0000000445,1
0000001601,0000000846,1,0000000078,1
0000001602,0000000846,2,0000000179,2
0000001603,0000000847,1,0000000007,4
0000001604,0000000847,2,0000000061,1
0000001605,0000000847,3,0000000090,1
0000001606,0000000848,1,0000000368,1
0000001607,0000000848,2,0000000226,1
0000001608,0000000849,1,0000000015,1
0000001609,0000000849,2,0000000169,3
0000001610,0000000850,1,0000000320,2
0000001611,0000000851,1,0000000277,1
0000001612,0000000851,2,0000000302,1
0000001613,0000000852,1,0000000253,2
0000001614,0000000852,2,0000000065,1
0000001615,0000000852,3,0000000221,1
0000001616,0000000853,1,0000000452,1
0000001617,0000000853,2,0000000339,1
0000001618,0000000853,3,0000000259,3
0000001619,0000000853,4,0000000384,2
0000001620,0000000854,1,0000000349,1
0000001621,0000000854,2,0000000493,3
0000001622,0000000854,3,0000000422,1
0000001623,0000000855,1,0000000263,1
0000001624,0000000855,2,0000000350,1
0000001625,0000000855,3,0000000449,1
0000001626,0000000855,4,0000000181,3
0000001627,0000000856,1,0000000084,1
0000001628,0000000856,2,0000000344,2
0000001629,0000000857,1,0000000310,1
0000001630,0000000858,1,0000000487,1
0000001631,0000000859,1,0000000351,2
0000001632,0000000860,1,0000000186,1
0000001633,0000000861,1,0000000084,1
0000001634,0000000862,1,0000000289,1
0000001635,0000000863,1,0000000375,1
0000001636,0000000864,1,0000000143,1
0000001637,0000000864,2,0000000111,1
0000001638,0000000864,3,0000000084,1
0000001639,0000000864,4,0000000430,1
0000001640,0000000865,1,0000000192,1
0000001641,0000000866,1,0000000281,2
0000001642,0000000866,2,0000000096,1
0000001643,0000000866,3,0000000074,1
0000001644,0000000866,4,0000000480,1
0000001645,0000000867,1,0000000232,1
0000001646,0000000867,2,0000000162,1
0000001647,0000000868,1,0000000341,1
0000001648,0000000869,1,0000000418,1
0000001649,0000000869,2,0000000294,1
0000001650,0000000869,3,0000000491,1
0000001651,0000000870,1,0000000007,1
0000001652,0000000870,2,0000000396,3
0000001653,0000000870,3,0000000318,1
0000001654,0000000871,1,0000000383,1
0000001655,0000000871,2,0000000404,1
0000001656,0000000872,1,0000000344,1
0000001657,0000000872,2,0000000244,1
0000001658,0000000872,3,0000000196,1
0000001659,0000000872,4,0000000184,1
0000001660,0000000872,5,0000000359,1
0000001661,0000000873,1,0000000103,2
0000001662,0000000873,2,0000000006,3
0000001663,0000000874,1,0000000414,2
0000001664,0000000875,1,0000000308,1
0000001665,0000000875,2,0000000413,2
0000001666,0000000876,1,0000000089,1
0000001667,0000000876,2,0000000247,1
0000001668,0000000877,1,0000000491,1
0000001669,0000000878,1,0000000255,1
0000001670,0000000878,2,0000000170,1
0000001671,0000000878,3,0000000260,2
0000001672,0000000878,4,0000000403,1
0000001673,0000000878,5,0000000434,1
0000001674,0000000879,1,0000000298,3
0000001675,0000000880,1,0000000426,2
0000001676,0000000881,1,0000000053,2
0000001677,0000000882,1,0000000360,3
0000001678,0000000883,1,0000000314,1
0000001679,0000000884,1,0000000340,1
0000001680,0000000885,1,0000000457,2
0000001681,0000000885,2,0000000131,1
0000001682,0000000886,1,0000000236,1
0000001683,0000000886,2,0000000263,1
0000001684,0000000887,1,0000000446,1
0000001685,0000000888,1,0000000067,1
0000001686,0000000889,1,0000000402,1
0000001687,0000000889,2,0000000288,1
0000001688,0000000890,1,0000000089,1
0000001689,0000000890,2,0000000167,1
0000001690,0000000890,3,0000000183,1
0000001691,0000000891,1,0000000046,3
0000001692,0000000891,2,0000000119,4
0000001693,0000000892,1,0000000391,2
0000001694,0000000892,2,0000000398,1
0000001695,0000000893,1,0000000277,3
0000001696,0000000894,1,0000000075,1
0000001697,0000000895,1,0000000152,3
0000001698,0000000895,2,0000000234,1
0000001699,0000000896,1,0000000500,3
0000001700,0000000897,1,0000000326,1
0000001701,0000000898,1,0000000458,1
0000001702,0000000899,1,0000000247,1
0000001703,0000000899,2,0000000356,2
0000001704,0000000900,1,0000000500,1
0000001705,0000000901,1,0000000267,2
0000001706,0000000901,2,0000000076,1
0000001707,0000000901,3,0000000176,1
0000001708,0000000902,1,0000000070,1
0000001709,0000000902,2,0000000227,1
0000001710,0000000902,3,0000000032,1
0000001711,0000000902,4,0000000215,2
0000001712,0000000903,1,0000000295,1
0000001713,0000000903,2,0000000139,1
0000001714,0000000904,1,0000000419,2
0000001715,0000000905,1,0000000475,3
0000001716,0000000905,2,0000000105,1
0000001717,0000000906,1,0000000012,1
0000001718,0000000907,1,0000000392,1
0000001719,0000000907,2,0000000052,1
0000001720,0000000907,3,0000000254,1
0000001721,0000000908,1,0000000308,1
0000001722,0000000909,1,0000000216,1
0000001723,0000000909,2,0000000325,2
0000001724,0000000910,1,0000000210,1
0000001725,0000000911,1,0000000225,1
0000001726,0000000912,1,0000000494,3
0000001727,0000000913,1,0000000443,1
0000001728,0000000913,2,0000000410,1
0000001729,0000000913,3,0000000232,4
0000001730,0000000913,4,0000000200,1
0000001731,0000000914,1,0000000456,1
0000001732,0000000914,2,0000000404,1
0000001733,0000000914,3,0000000186,1
0000001734,0000000914,4,0000000255,1
0000001735,0000000914,5,0000000365,1
0000001736,0000000915,1,0000000451,2
0000001737,0000000915,2,0000000469,1
0000001738,0000000916,1,0000000032,1
0000001739,0000000917,1,0000000012,1
0000001740,0000000918,1,0000000439,2
0000001741,0000000919,1,0000000148,1
0000001742,0000000919,2,0000000206,1
0000001743,0000000919,3,0000000166,2
0000001744,0000000920,1,0000000352,1
0000001745,0000000921,1,0000000127,2
0000001746,0000000921,2,0000000496,2
0000001747,0000000921,3,0000000037,2
0000001748,0000000922,1,0000000125,3
0000001749,0000000923,1,0000000073,1
0000001750,0000000924,1,0000000500,1
0000001751,0000000925,1,0000000009,1
0000001752,0000000925,2,0000000244,1
0000001753,0000000925,3,0000000011,1
0000001754,0000000926,1,0000000444,2
0000001755,0000000926,2,0000000271,1
0000001756,0000000927,1,0000000263,2
0000001757,0000000927,2,0000000296,1
0000001758,0000000927,3,0000000050,3
0000001759,0000000927,4,0000000409,1
0000001760,0000000927,5,0000000163,1
0000001761,0000000928,1,0000000248,1
0000001762,0000000929,1,0000000496,1
0000001763,0000000930,1,0000000319,1
0000001764,0000000930,2,0000000267,2
0000001765,0000000931,1,0000000231,1
0000001766,0000000932,1,0000000476,1
0000001767,0000000933,1,0000000301,1
0000001768,0000000934,1,0000000446,1
0000001769,0000000934,2,0000000243,1
0000001770,0000000935,1,0000000161,1
0000001771,0000000935,2,0000000070,1
0000001772,0000000935,3,0000000304,1
0000001773,0000000936,1,0000000337,1
0000001774,0000000936,2,0000000411,1
0000001775,0000000937,1,0000000034,4
0000001776,0000000937,2,0000000352,2
0000001777,0000000937,3,0000000207,1
0000001778,0000000937,4,0000000197,1
0000001779,0000000938,1,0000000048,2
0000001780,0000000938,2,0000000356,1
0000001781,0000000938,3,0000000239,3
0000001782,0000000939,1,0000000243,3
0000001783,0000000939,2,0000000006,1
0000001784,0000000940,1,0000000323,1
0000001785,0000000941,1,0000000265,1
0000001786,0000000941,2,0000000158,1
0000001787,0000000942,1,0000000165,1
0000001788,0000000942,2,0000000493,1
0000001789,0000000942,3,0000000285,1
0000001790,0000000943,1,0000000271,1
0000001791,0000000944,1,0000000042,4
0000001792,0000000944,2,0000000334,2
0000001793,0000000944,3,0000000071,4
0000001794,0000000944,4,0000000058,4
0000001795,0000000945,1,0000000292,1
0000001796,0000000946,1,0000000463,1
0000001797,0000000947,1,0000000488,1
0000001798,0000000948,1,0000000241,1
0000001799,0000000948,2,0000000012,1
0000001800,0000000949,1,0000000441,2
0000001801,0000000949,2,0000000179,1
0000001802,0000000950,1,0000000093,3
0000001803,0000000951,1,0000000005,1
0000001804,0000000952,1,0000000136,3
0000001805,0000000952,2,0000000021,1
0000001806,0000000952,3,0000000191,1
0000001807,0000000952,4,0000000414,1
0000001808,0000000952,5,0000000462,1
0000001809,0000000953,1,0000000291,1
0000001810,0000000954,1,0000000223,1
0000001811,0000000954,2,0000000306,2
0000001812,0000000954,3,0000000113,1
0000001813,0000000954,4,0000000293,1
0000001814,0000000955,1,0000000204,1
0000001815,0000000956,1,0000000263,1
0000001816,0000000957,1,0000000040,1
0000001817,0000000958,1,0000000228,2
0000001818,0000000958,2,0000000346,1
0000001819,0000000958,3,0000000459,2
0000001820,0000000958,4,0000000465,1
0000001821,0000000958,5,0000000227,1
0000001822,0000000959,1,0000000112,1
0000001823,0000000959,2,0000000476,1
0000001824,0000000960,1,0000000340,1
0000001825,0000000961,1,0000000027,1
0000001826,0000000962,1,0000000415,1
0000001827,0000000963,1,0000000383,1
0000001828,0000000964,1,0000000486,1
0000001829,0000000965,1,0000000202,1
0000001830,0000000966,1,0000000480,2
0000001831,0000000967,1,0000000245,1
0000001832,0000000967,2,0000000409,2
0000001833,0000000967,3,0000000138,4
0000001834,0000000968,1,0000000166,1
0000001835,0000000969,1,0000000317,1
0000001836,0000000969,2,0000000418,1
0000001837,0000000969,3,0000000213,2
0000001838,0000000970,1,0000000085,1
0000001839,0000000970,2,0000000129,3
0000001840,0000000970,3,0000000161,1
0000001841,0000000970,4,0000000299,1
0000001842,0000000970,5,0000000465,1
0000001843,0000000971,1,0000000335,1
0000001844,0000000971,2,0000000191,1
0000001845,0000000972,1,0000000471,2
0000001846,0000000972,2,0000000302,1
0000001847,0000000972,3,0000000222,1
0000001848,0000000972,4,0000000103,1
0000001849,0000000973,1,0000000235,2
0000001850,0000000974,1,0000000461,1
0000001851,0000000975,1,0000000357,1
0000001852,0000000976,1,0000000442,1
0000001853,0000000977,1,0000000246,1
0000001854,0000000978,1,0000000005,1
0000001855,0000000978,2,0000000315,3
0000001856,0000000978,3,0000000232,1
0000001857,0000000979,1,0000000369,1
0000001858,0000000980,1,0000000283,4
0000001859,0000000980,2,0000000187,1
0000001860,0000000980,3,0000000329,1
0000001861,0000000981,1,0000000113,1
0000001862,0000000982,1,0000000383,1
0000001863,0000000983,1,0000000190,1
0000001864,0000000984,1,0000000349,1
0000001865,0000000985,1,0000000321,1
0000001866,0000000985,2,0000000233,1
0000001867,0000000985,3,0000000325,1
0000001868,0000000986,1,0000000093,1
0000001869,0000000987,1,0000000246,2
0000001870,0000000988,1,0000000318,1
0000001871,0000000988,2,0000000202,1
0000001872,0000000989,1,0000000080,1
0000001873,0000000990,1,0000000217,1
0000001874,0000000990,2,0000000324,1
0000001875,0000000990,3,0000000448,4
0000001876,0000000990,4,0000000376,2
0000001877,0000000990,5,0000000225,1
0000001878,0000000991,1,0000000210,1
0000001879,0000000991,2,0000000235,3
0000001880,0000000992,1,0000000001,1
0000001881,0000000993,1,0000000169,1
0000001882,0000000993,2,0000000012,1
0000001883,0000000993,3,0000000064,1
0000001884,0000000993,4,0000000278,1
0000001885,0000000994,1,0000000249,1
0000001886,0000000994,2,0000000025,2
0000001887,0000000994,3,0000000098,1
0000001888,0000000995,1,0000000304,1
0000001889,0000000996,1,0000000436,2
0000001890,0000000996,2,0000000329,1
0000001891,0000000997,1,0000000371,1
0000001892,0000000998,1,0000000280,1
0000001893,0000000998,2,0000000448,3
0000001894,0000000999,1,0000000269,1
0000001895,0000000999,2,0000000221,1
0000001896,0000000999,3,0000000077,1
0000001897,0000000999,4,0000000210,3
0000001898,0000000999,5,0000000141,3
0000001899,0000001000,1,0000000125,2
0000001900,0000001000,2,0000000483,1
0000001901,0000001001,1,0000000473,2
0000001902,0000001002,1,0000000387,1
0000001903,0000001002,2,0000000047,1
0000001904,0000001002,3,0000000481,1
0000001905,0000001003,1,0000000133,1
0000001906,0000001003,2,0000000180,3
0000001907,0000001004,1,0000000170,1
0000001908,0000001004,2,0000000371,2
0000001909,0000001004,3,0000000457,1
0000001910,0000001005,1,0000000101,2
0000001911,0000001006,1,0000000068,1
0000001912,0000001007,1,0000000144,1
0000001913,0000001007,2,0000000055,1
0000001914,0000001008,1,0000000009,3
0000001915,0000001009,1,0000000499,4
0000001916,0000001010,1,0000000446,1
0000001917,0000001011,1,0000000206,1
0000001918,0000001011,2,0000000192,1
0000001919,0000001011,3,0000000202,2
0000001920,0000001012,1,0000000285,1
0000001921,0000001012,2,0000000082,1
0000001922,0000001012,3,0000000163,4
0000001923,0000001012,4,0000000269,3
0000001924,0000001013,1,0000000308,1
0000001925,0000001014,1,0000000412,1
0000001926,0000001015,1,0000000301,1
0000001927,0000001016,1,0000000484,1
0000001928,0000001017,1,0000000420,1
0000001929,0000001017,2,0000000456,1
0000001930,0000001018,1,0000000136,1
0000001931,0000001018,2,0000000037,1
0000001932,0000001019,1,0000000273,3
0000001933,0000001019,2,0000000020,3
0000001934,0000001020,1,0000000361,1
0000001935,0000001020,2,0000000246,1
0000001936,0000001020,3,0000000304,2
0000001937,0000001021,1,0000000060,1
0000001938,0000001022,1,0000000088,1
0000001939,0000001023,1,0000000359,1
0000001940,0000001023,2,0000000040,1
0000001941,0000001024,1,0000000300,1
0000001942,0000001025,1,0000000324,1
0000001943,0000001025,2,0000000303,4
0000001944,0000001026,1,0000000109,4
0000001945,0000001027,1,0000000136,1
0000001946,0000001027,2,0000000184,1
0000001947,0000001028,1,0000000155,1
0000001948,0000001028,2,0000000161,4
0000001949,0000001029,1,0000000312,1
0000001950,0000001029,2,0000000259,1
0000001951,0000001029,3,0000000156,1
0000001952,0000001029,4,0000000369,2
0000001953,0000001030,1,0000000363,1
0000001954,0000001031,1,0000000495,1
0000001955,0000001031,2,0000000416,1
0000001956,0000001031,3,0000000170,1
0000001957,0000001031,4,0000000009,1
0000001958,0000001031,5,0000000084,3
0000001959,0000001032,1,0000000349,1
0000001960,0000001033,1,0000000314,2
0000001961,0000001033,2,0000000080,1
0000001962,0000001034,1,0000000362,1
0000001963,0000001035,1,0000000185,1
0000001964,0000001036,1,0000000397,1
0000001965,0000001036,2,0000000288,1
0000001966,0000001036,3,0000000013,1
0000001967,0000001036,4,0000000417,1
0000001968,0000001037,1,0000000406,1
0000001969,0000001037,2,0000000183,1
0000001970,0000001038,1,0000000360,1
0000001971,0000001039,1,0000000234,2
0000001972,0000001039,2,0000000340,3
0000001973,0000001039,3,0000000104,1
0000001974,0000001040,1,0000000185,2
0000001975,0000001040,2,0000000138,1
0000001976,0000001040,3,0000000233,1
0000001977,0000001040,4,0000000314,1
0000001978,0000001041,1,0000000459,1
0000001979,0000001042,1,0000000146,1
0000001980,0000001042,2,0000000155,2
0000001981,0000001043,1,0000000413,1
0000001982,0000001044,1,0000000119,1
0000001983,0000001045,1,0000000113,1
0000001984,0000001045,2,0000000202,1
0000001985,0000001046,1,0000000330,1
0000001986,0000001047,1,0000000052,2
0000001987,0000001048,1,0000000242,1
0000001988,0000001048,2,0000000056,2
0000001989,0000001048,3,0000000292,3
0000001990,0000001049,1,0000000301,3
0000001991,0000001050,1,0000000422,1
0000001992,0000001051,1,0000000146,1
0000001993,0000001052,1,0000000189,1
0000001994,0000001052,2,0000000455,1
0000001995,0000001052,3,0000000055,1
0000001996,0000001053,1,0000000176,1
0000001997,0000001053,2,0000000210,3
0000001998,0000001054,1,0000000203,1
0000001999,0000001054,2,0000000062,1
0000002000,0000001054,3,0000000315,1
0000002001,0000001054,4,0000000259,1
0000002002,0000001054,5,0000000432,1
0000002003,0000001055,1,0000000119,1
0000002004,0000001055,2,0000000432,3
0000002005,0000001056,1,0000000128,1
0000002006,0000001057,1,0000000027,2
0000002007,0000001057,2,0000000462,1
0000002008,0000001058,1,0000000421,1
0000002009,0000001058,2,0000000138,2
0000002010,0000001058,3,0000000460,2
0000002011,0000001059,1,0000000480,1
0000002012,0000001060,1,0000000094,3
0000002013,0000001060,2,0000000115,1
0000002014,0000001060,3,0000000017,4
0000002015,0000001061,1,0000000149,1
0000002016,0000001061,2,0000000368,1
0000002017,0000001062,1,0000000431,1
0000002018,0000001062,2,0000000046,2
0000002019,0000001063,1,0000000262,1
0000002020,0000001063,2,0000000247,1
0000002021,0000001063,3,0000000026,1
0000002022,0000001063,4,0000000293,1
0000002023,0000001064,1,0000000035,1
0000002024,0000001065,1,0000000144,1
0000002025,0000001066,1,0000000344,1
0000002026,0000001066,2,0000000321,1
0000002027,0000001066,3,0000000102,2
0000002028,0000001066,4,0000000360,1
0000002029,0000001066,5,0000000392,1
0000002030,0000001067,1,0000000176,2
0000002031,0000001067,2,0000000420,1
0000002032,0000001068,1,0000000035,1
0000002033,0000001068,2,0000000155,1
0000002034,0000001068,3,0000000371,1
0000002035,0000001069,1,0000000053,1
0000002036,0000001069,2,0000000062,3
0000002037,0000001069,3,0000000217,3
0000002038,0000001069,4,0000000001,1
0000002039,0000001070,1,0000000032,1
0000002040,0000001071,1,0000000170,3
0000002041,0000001071,2,0000000091,1
0000002042,0000001071,3,0000000386,1
0000002043,0000001072,1,0000000403,1
0000002044,0000001072,2,0000000439,1
0000002045,0000001073,1,0000000172,1
0000002046,0000001073,2,0000000159,1
0000002047,0000001073,3,0000000070,1
0000002048,0000001074,1,0000000193,2
0000002049,0000001075,1,0000000119,4
0000002050,0000001075,2,0000000099,1
0000002051,0000001076,1,0000000203,2
0000002052,0000001076,2,0000000423,1
0000002053,0000001076,3,0000000089,1
0000002054,0000001076,4,0000000457,1
0000002055,0000001076,5,0000000124,1
0000002056,0000001077,1,0000000076,3
0000002057,0000001077,2,0000000208,1
0000002058,0000001078,1,0000000397,2
0000002059,0000001078,2,0000000287,2
0000002060,0000001079,1,0000000445,2
0000002061,0000001079,2,0000000153,1
0000002062,0000001080,1,0000000026,1
0000002063,0000001081,1,0000000369,2
0000002064,0000001082,1,0000000397,2
0000002065,0000001083,1,0000000380,1
0000002066,0000001084,1,0000000044,1
0000002067,0000001085,1,0000000429,1
0000002068,0000001085,2,0000000170,1
0000002069,0000001086,1,0000000408,2
0000002070,0000001086,2,0000000468,1
0000002071,0000001087,1,0000000192,1
0000002072,0000001088,1,0000000158,3
0000002073,0000001088,2,0000000193,1
0000002074,0000001088,3,0000000358,2
0000002075,0000001089,1,0000000309,1
0000002076,0000001090,1,0000000102,4
0000002077,0000001090,2,0000000272,1
0000002078,0000001090,3,0000000066,1
0000002079,0000001091,1,0000000150,1
0000002080,0000001092,1,0000000420,1
0000002081,0000001093,1,0000000015,1
0000002082,0000001093,2,0000000465,3
0000002083,0000001094,1,0000000246,1
0000002084,0000001094,2,0000000348,1
0000002085,0000001095,1,0000000285,2
0000002086,0000001096,1,0000000103,4
0000002087,0000001097,1,0000000463,1
0000002088,0000001098,1,0000000415,3
0000002089,0000001098,2,0000000176,3
0000002090,0000001098,3,0000000483,1
0000002091,0000001098,4,0000000444,1
0000002092,0000001099,1,0000000402,1
0000002093,0000001100,1,0000000293,1
0000002094,0000001100,2,0000000472,1
0000002095,0000001101,1,0000000208,1
0000002096,0000001101,2,0000000062,2
0000002097,0000001102,1,0000000309,1
0000002098,0000001102,2,0000000240,1
0000002099,0000001102,3,0000000065,1
0000002100,0000001103,1,0000000172,1
0000002101,0000001103,2,0000000339,1
0000002102,0000001103,3,0000000005,2
0000002103,0000001103,4,0000000025,1
0000002104,0000001104,1,0000000219,1
0000002105,0000001104,2,0000000214,1
0000002106,0000001105,1,0000000195,1
0000002107,0000001105,2,0000000386,1
0000002108,0000001106,1,0000000020,3
0000002109,0000001106,2,0000000034,1
0000002110,0000001107,1,0000000431,4
0000002111,0000001107,2,0000000491,3
0000002112,0000001108,1,0000000399,1
0000002113,0000001109,1,0000000032,1
0000002114,0000001110,1,0000000204,1
0000002115,0000001110,2,0000000276,2
0000002116,0000001110,3,0000000335,1
0000002117,0000001111,1,0000000184,1
0000002118,0000001112,1,0000000218,1
0000002119,0000001112,2,0000000139,1
0000002120,0000001113,1,0000000011,1
0000002121,0000001113,2,0000000259,1
0000002122,0000001114,1,0000000306,1
0000002123,0000001114,2,0000000200,1
0000002124,0000001114,3,0000000466,1
0000002125,0000001115,1,0000000076,1
0000002126,0000001115,2,0000000217,3
0000002127,0000001116,1,0000000423,1
0000002128,0000001116,2,0000000197,1
0000002129,0000001117,1,0000000449,1
0000002130,0000001117,2,0000000020,3
0000002131,0000001118,1,0000000226,4
0000002132,0000001118,2,0000000027,1
0000002133,0000001118,3,0000000014,1
0000002134,0000001118,4,0000000042,1
0000002135,0000001119,1,0000000482,2
0000002136,0000001120,1,0000000243,1
0000002137,0000001120,2,0000000422,1
0000002138,0000001121,1,0000000234,1
0000002139,0000001121,2,0000000487,1
0000002140,0000001122,1,0000000198,1
0000002141,0000001122,2,0000000013,2
0000002142,0000001123,1,0000000091,2
0000002143,0000001123,2,0000000444,1
0000002144,0000001124,1,0000000409,1
0000002145,0000001124,2,0000000125,1
0000002146,0000001124,3,0000000463,1
0000002147,0000001125,1,0000000234,1
0000002148,0000001125,2,0000000122,1
0000002149,0000001125,3,0000000380,2
0000002150,0000001126,1,0000000474,1
0000002151,0000001126,2,0000000420,1
0000002152,0000001126,3,0000000463,1
0000002153,0000001126,4,0000000181,1
0000002154,0000001127,1,0000000432,1
0000002155,0000001127,2,0000000069,1
0000002156,0000001127,3,0000000257,2
0000002157,0000001128,1,0000000296,3
0000002158,0000001128,2,0000000129,1
0000002159,0000001129,1,0000000332,1
0000002160,0000001130,1,0000000153,1
0000002161,0000001131,1,0000000044,1
0000002162,0000001132,1,0000000443,1
0000002163,0000001132,2,0000000366,1
0000002164,0000001133,1,0000000478,2
0000002165,0000001133,2,0000000354,1
0000002166,0000001133,3,0000000431,2
0000002167,0000001133,4,0000000470,1
0000002168,0000001134,1,0000000334,1
0000002169,0000001134,2,0000000341,4
0000002170,0000001135,1,0000000452,1
0000002171,0000001136,1,0000000339,1
0000002172,0000001136,2,0000000221,1
0000002173,0000001136,3,0000000067,3
0000002174,0000001137,1,0000000067,2
0000002175,0000001137,2,0000000192,3
0000002176,0000001137,3,0000000289,1
0000002177,0000001137,4,0000000066,2
0000002178,0000001138,1,0000000289,1
0000002179,0000001138,2,0000000154,1
0000002180,0000001138,3,0000000227,1
0000002181,0000001139,1,0000000358,2
0000002182,0000001140,1,0000000396,1
0000002183,0000001140,2,0000000103,1
0000002184,0000001141,1,0000000421,2
0000002185,0000001142,1,0000000077,1
0000002186,0000001143,1,0000000256,1
0000002187,0000001144,1,0000000326,1
0000002188,0000001145,1,0000000464,2
0000002189,0000001145,2,0000000305,1
0000002190,0000001145,3,0000000350,1
0000002191,0000001145,4,0000000039,1
0000002192,0000001146,1,0000000043,1
0000002193,0000001147,1,0000000223,1
0000002194,0000001147,2,0000000216,2
0000002195,0000001147,3,0000000081,1
0000002196,0000001147,4,0000000164,3
0000002197,0000001148,1,0000000281,2
0000002198,0000001149,1,0000000406,1
0000002199,0000001149,2,0000000418,1
0000002200,0000001149,3,0000000220,1
0000002201,0000001150,1,0000000296,1
0000002202,0000001150,2,0000000386,1
0000002203,0000001150,3,0000000291,1
0000002204,0000001151,1,0000000092,2
0000002205,0000001151,2,0000000197,1
0000002206,0000001152,1,0000000264,2
0000002207,0000001153,1,0000000318,1
0000002208,0000001154,1,0000000128,2
0000002209,0000001155,1,0000000477,1
0000002210,0000001155,2,0000000442,1
0000002211,0000001156,1,0000000143,4
0000002212,0000001156,2,0000000415,2
0000002213,0000001156,3,0000000259,1
0000002214,0000001156,4,0000000054,1
0000002215,0000001156,5,0000000368,4
0000002216,0000001157,1,0000000031,1
0000002217,0000001157,2,0000000318,1
0000002218,0000001158,1,0000000192,1
0000002219,0000001159,1,0000000123,1
0000002220,0000001160,1,0000000306,3
0000002221,0000001161,1,0000000415,1
0000002222,0000001161,2,0000000154,1
0000002223,0000001161,3,0000000249,4
0000002224,0000001162,1,0000000001,2
0000002225,0000001162,2,0000000430,1
0000002226,0000001162,3,0000000150,1
0000002227,0000001162,4,0000000315,1
0000002228,0000001163,1,0000000292,3
0000002229,0000001163,2,0000000286,3
0000002230,0000001164,1,0000000086,1
0000002231,0000001164,2,0000000193,1
0000002232,0000001164,3,0000000293,2
0000002233,0000001165,1,0000000254,1
0000002234,0000001166,1,0000000077,1
0000002235,0000001166,2,0000000285,1
0000002236,0000001166,3,0000000407,1
0000002237,0000001167,1,0000000173,1
0000002238,0000001168,1,0000000294,1
0000002239,0000001168,2,0000000446,1
0000002240,0000001169,1,0000000003,1
0000002241,0000001170,1,0000000010,2
0000002242,0000001171,1,0000000455,2
0000002243,0000001172,1,0000000382,4
0000002244,0000001172,2,0000000003,1
0000002245,0000001172,3,0000000320,1
0000002246,0000001172,4,0000000140,1
0000002247,0000001173,1,0000000424,1
0000002248,0000001173,2,0000000072,1
0000002249,0000001174,1,0000000250,1
0000002250,0000001174,2,0000000393,2
0000002251,0000001175,1,0000000476,1
0000002252,0000001175,2,0000000091,1
0000002253,0000001176,1,0000000022,1
0000002254,0000001176,2,0000000205,1
0000002255,0000001177,1,0000000052,2
0000002256,0000001178,1,0000000033,1
0000002257,0000001179,1,0000000129,1
0000002258,0000001179,2,0000000499,1
0000002259,0000001180,1,0000000463,2
0000002260,0000001180,2,0000000278,2
0000002261,0000001180,3,0000000190,1
0000002262,0000001181,1,0000000436,1
0000002263,0000001181,2,0000000144,1
0000002264,0000001182,1,0000000295,2
0000002265,0000001183,1,0000000034,4
0000002266,0000001184,1,0000000487,3
0000002267,0000001185,1,0000000444,1
0000002268,0000001185,2,0000000267,4
0000002269,0000001185,3,0000000276,1
0000002270,0000001185,4,0000000081,1
0000002271,0000001186,1,0000000080,1
0000002272,0000001187,1,0000000305,3
0000002273,0000001187,2,0000000072,3
0000002274,0000001188,1,0000000399,1
0000002275,0000001188,2,0000000274,2
0000002276,0000001188,3,0000000452,1
0000002277,0000001189,1,0000000166,3
0000002278,0000001189,2,0000000233,2
0000002279,0000001190,1,0000000359,1
0000002280,0000001191,1,0000000071,1
0000002281,0000001191,2,0000000040,2
0000002282,0000001191,3,0000000463,1
0000002283,0000001192,1,0000000056,2
0000002284,0000001192,2,0000000439,2
0000002285,0000001193,1,0000000022,1
0000002286,0000001194,1,0000000101,1
0000002287,0000001194,2,0000000087,3
0000002288,0000001194,3,0000000037,1
0000002289,0000001195,1,0000000307,1
0000002290,0000001195,2,0000000440,1
0000002291,0000001196,1,0000000146,1
0000002292,0000001196,2,0000000437,1
0000002293,0000001196,3,0000000280,1
0000002294,0000001197,1,0000000102,1
0000002295,0000001198,1,0000000336,2
0000002296,0000001199,1,0000000116,1
0000002297,0000001200,1,0000000440,1
0000002298,0000001201,1,0000000492,1
0000002299,0000001201,2,0000000206,4
0000002300,0000001201,3,0000000458,1
0000002301,0000001202,1,0000000474,1
0000002302,0000001203,1,0000000398,1
0000002303,0000001203,2,0000000404,1
0000002304,0000001204,1,0000000296,1
0000002305,0000001205,1,0000000345,1
0000002306,0000001205,2,0000000148,3
0000002307,0000001206,1,0000000107,2
0000002308,0000001207,1,0000000484,1
0000002309,0000001208,1,0000000245,1
0000002310,0000001208,2,0000000158,1
0000002311,0000001209,1,0000000243,2
0000002312,0000001209,2,0000000294,1
0000002313,0000001209,3,0000000216,4
0000002314,0000001210,1,0000000261,4
0000002315,0000001211,1,0000000044,1
0000002316,0000001212,1,0000000400,1
0000002317,0000001213,1,0000000168,1
0000002318,0000001214,1,0000000360,2
0000002319,0000001215,1,0000000196,1
0000002320,0000001215,2,0000000214,1
0000002321,0000001215,3,0000000054,1
0000002322,0000001216,1,0000000011,1
0000002323,0000001216,2,0000000164,1
0000002324,0000001217,1,0000000494,2
0000002325,0000001217,2,0000000060,1
0000002326,0000001218,1,0000000383,1
0000002327,0000001219,1,0000000201,1
0000002328,0000001220,1,0000000198,1
0000002329,0000001221,1,0000000168,1
0000002330,0000001222,1,0000000246,2
0000002331,0000001223,1,0000000187,1
0000002332,0000001224,1,0000000135,3
0000002333,0000001224,2,0000000216,2
0000002334,0000001224,3,0000000271,3
0000002335,0000001225,1,0000000372,3
0000002336,0000001226,1,0000000378,1
0000002337,0000001226,2,0000000119,1
0000002338,0000001227,1,0000000149,1
0000002339,0000001227,2,0000000140,2
0000002340,0000001227,3,0000000233,2
0000002341,0000001228,1,0000000433,1
0000002342,0000001229,1,0000000459,1
0000002343,0000001230,1,0000000130,1
0000002344,0000001230,2,0000000134,3
0000002345,0000001230,3,0000000100,1
0000002346,0000001231,1,0000000490,1
0000002347,0000001231,2,0000000088,4
0000002348,0000001231,3,0000000098,2
0000002349,0000001231,4,0000000452,1
0000002350,0000001231,5,0000000109,2
0000002351,0000001232,1,0000000200,1
0000002352,0000001233,1,0000000488,1
0000002353,0000001234,1,0000000156,2
0000002354,0000001235,1,0000000045,1
0000002355,0000001236,1,0000000209,1
0000002356,0000001236,2,0000000346,2
0000002357,0000001236,3,0000000429,1
0000002358,0000001236,4,0000000450,1
0000002359,0000001237,1,0000000155,3
0000002360,0000001238,1,0000000361,1
0000002361,0000001239,1,0000000018,1
0000002362,0000001240,1,0000000486,1
0000002363,0000001240,2,0000000399,1
0000002364,0000001241,1,0000000340,2
0000002365,0000001242,1,0000000262,1
0000002366,0000001242,2,0000000248,2
0000002367,0000001243,1,0000000219,1
0000002368,0000001243,2,0000000419,3
0000002369,0000001244,1,0000000278,1
0000002370,0000001244,2,0000000138,3
0000002371,0000001244,3,0000000140,1
0000002372,0000001244,4,0000000057,1
0000002373,0000001244,5,0000000160,2
0000002374,0000001245,1,0000000457,2
0000002375,0000001245,2,0000000256,1
0000002376,0000001245,3,0000000363,3
0000002377,0000001245,4,0000000206,1
0000002378,0000001245,5,0000000298,1
0000002379,0000001246,1,0000000025,1
0000002380,0000001246,2,0000000093,1
0000002381,0000001246,3,0000000423,1
0000002382,0000001246,4,0000000354,1
0000002383,0000001247,1,0000000202,1
0000002384,0000001247,2,0000000432,3
0000002385,0000001248,1,0000000013,1
0000002386,0000001249,1,0000000227,2
0000002387,0000001250,1,0000000206,1
0000002388,0000001250,2,0000000231,1
0000002389,0000001251,1,0000000228,1
0000002390,0000001251,2,0000000047,2
0000002391,0000001252,1,0000000039,2
0000002392,0000001252,2,0000000100,2
0000002393,0000001253,1,0000000110,2
0000002394,0000001254,1,0000000422,1
0000002395,0000001255,1,0000000423,1
0000002396,0000001255,2,0000000263,1
0000002397,0000001255,3,0000000136,1
0000002398,0000001256,1,0000000043,1
0000002399,0000001257,1,0000000261,1
0000002400,0000001258,1,0000000126,1
0000002401,0000001259,1,0000000179,1
0000002402,0000001259,2,0000000306,1
0000002403,0000001260,1,0000000172,1
0000002404,0000001260,2,0000000492,1
0000002405,0000001261,1,0000000239,2
0000002406,0000001261,2,0000000135,4
0000002407,0000001262,1,0000000376,1
0000002408,0000001263,1,0000000374,1
0000002409,0000001263,2,0000000028,1
0000002410,0000001264,1,0000000352,1
0000002411,0000001264,2,0000000028,1
0000002412,0000001265,1,0000000378,1
0000002413,0000001265,2,0000000163,1
0000002414,0000001266,1,0000000059,1
0000002415,0000001266,2,0000000405,1
0000002416,0000001267,1,0000000042,1
0000002417,0000001267,2,0000000181,1
0000002418,0000001267,3,0000000278,1
0000002419,0000001268,1,0000000437,1
0000002420,0000001269,1,0000000427,2
0000002421,0000001269,2,0000000224,1
0000002422,0000001269,3,0000000207,1
0000002423,0000001269,4,0000000121,1
0000002424,0000001269,5,0000000088,1
0000002425,0000001270,1,0000000260,1
0000002426,0000001271,1,0000000486,1
0000002427,0000001271,2,0000000190,3
0000002428,0000001272,1,0000000327,1
0000002429,0000001273,1,0000000063,1
0000002430,0000001273,2,0000000153,2
0000002431,0000001274,1,0000000317,1
0000002432,0000001274,2,0000000043,2
0000002433,0000001275,1,0000000350,1
0000002434,0000001276,1,0000000355,4
0000002435,0000001277,1,0000000267,1
0000002436,0000001278,1,0000000069,1
0000002437,0000001279,1,0000000468,3
0000002438,0000001279,2,0000000314,3
0000002439,0000001279,3,0000000144,4
0000002440,0000001279,4,0000000102,1
0000002441,0000001279,5,0000000246,1
0000002442,0000001280,1,0000000105,1
0000002443,0000001281,1,0000000233,1
0000002444,0000001281,2,0000000011,1
0000002445,0000001282,1,0000000184,1
0000002446,0000001282,2,0000000313,2
0000002447,0000001283,1,0000000207,2
0000002448,0000001283,2,0000000424,1
0000002449,0000001283,3,0000000037,2
0000002450,0000001284,1,0000000139,2
0000002451,0000001285,1,0000000397,1
0000002452,0000001285,2,0000000408,4
0000002453,0000001286,1,0000000253,1
0000002454,0000001287,1,0000000062,1
0000002455,0000001288,1,0000000473,1
0000002456,0000001289,1,0000000271,1
0000002457,0000001290,1,0000000443,1
0000002458,0000001290,2,0000000224,2
0000002459,0000001291,1,0000000290,3
0000002460,0000001292,1,0000000384,1
0000002461,0000001292,2,0000000373,1
0000002462,0000001292,3,0000000397,3
0000002463,0000001293,1,0000000109,1
0000002464,0000001294,1,0000000060,1
0000002465,0000001295,1,0000000481,2
0000002466,0000001295,2,0000000277,1
0000002467,0000001296,1,0000000489,2
0000002468,0000001296,2,0000000449,1
0000002469,0000001297,1,0000000333,2
0000002470,0000001297,2,0000000411,1
0000002471,0000001298,1,0000000239,1
0000002472,0000001299,1,0000000072,2
0000002473,0000001300,1,0000000220,1
0000002474,0000001301,1,0000000366,1
0000002475,0000001302,1,0000000142,2
0000002476,0000001303,1,0000000065,1
0000002477,0000001304,1,0000000030,2
0000002478,0000001305,1,0000000283,2
0000002479,0000001305,2,0000000231,2
0000002480,0000001306,1,0000000165,1
0000002481,0000001306,2,0000000457,1
0000002482,0000001306,3,0000000128,3
0000002483,0000001306,4,0000000285,1
0000002484,0000001306,5,0000000036,1
0000002485,0000001307,1,0000000014,3
0000002486,0000001308,1,0000000133,1
0000002487,0000001309,1,0000000301,2
0000002488,0000001310,1,0000000228,2
0000002489,0000001310,2,0000000088,1
0000002490,0000001310,3,0000000144,1
0000002491,0000001311,1,0000000343,2
0000002492,0000001311,2,0000000047,1
0000002493,0000001312,1,0000000154,1
0000002494,0000001313,1,0000000283,1
0000002495,0000001313,2,0000000245,1
0000002496,0000001314,1,0000000410,1
0000002497,0000001315,1,0000000248,1
0000002498,0000001315,2,0000000149,1
0000002499,0000001315,3,0000000210,1
0000002500,0000001315,4,0000000434,1
0000002501,0000001316,1,0000000175,1
0000002502,0000001317,1,0000000456,2
0000002503,0000001318,1,0000000054,1
0000002504,0000001319,1,0000000407,2
0000002505,0000001319,2,0000000474,1
0000002506,0000001319,3,0000000128,1
0000002507,0000001320,1,0000000027,1
0000002508,0000001320,2,0000000379,2
0000002509,0000001321,1,0000000368,2
0000002510,0000001321,2,0000000481,1
0000002511,0000001321,3,0000000196,2
0000002512,0000001322,1,0000000010,1
0000002513,0000001323,1,0000000459,1
0000002514,0000001323,2,0000000094,1
0000002515,0000001323,3,0000000394,1
0000002516,0000001323,4,0000000007,1
0000002517,0000001324,1,0000000158,1
0000002518,0000001325,1,0000000429,1
0000002519,0000001326,1,0000000095,1
0000002520,0000001326,2,0000000440,1
0000002521,0000001326,3,0000000453,2
0000002522,0000001327,1,0000000279,2
0000002523,0000001327,2,0000000052,1
0000002524,0000001328,1,0000000344,2
0000002525,0000001329,1,0000000479,1
0000002526,0000001330,1,0000000062,1
0000002527,0000001331,1,0000000273,1
0000002528,0000001332,1,0000000138,1
0000002529,0000001332,2,0000000490,1
0000002530,0000001333,1,0000000496,1
0000002531,0000001334,1,0000000071,1
0000002532,0000001334,2,0000000439,1
0000002533,0000001334,3,0000000062,1
0000002534,0000001334,4,0000000385,2
0000002535,0000001335,1,0000000045,1
0000002536,0000001336,1,0000000420,2
0000002537,0000001337,1,0000000006,1
0000002538,0000001338,1,0000000353,1
0000002539,0000001338,2,0000000357,3
0000002540,0000001339,1,0000000245,1
0000002541,0000001339,2,0000000466,3
0000002542,0000001340,1,0000000473,1
0000002543,0000001340,2,0000000208,1
0000002544,0000001341,1,0000000273,1
0000002545,0000001342,1,0000000113,1
0000002546,0000001343,1,0000000153,1
0000002547,0000001343,2,0000000120,1
0000002548,0000001343,3,0000000106,2
0000002549,0000001344,1,0000000215,4
0000002550,0000001344,2,0000000447,2
0000002551,0000001345,1,0000000394,1
0000002552,0000001345,2,0000000382,1
0000002553,0000001346,1,0000000465,2
0000002554,0000001347,1,0000000284,1
0000002555,0000001348,1,0000000421,2
0000002556,0000001349,1,0000000449,1
0000002557,0000001349,2,0000000043,1
0000002558,0000001350,1,0000000343,1
0000002559,0000001350,2,0000000483,2
0000002560,0000001351,1,0000000263,1
0000002561,0000001352,1,0000000114,2
0000002562,0000001352,2,0000000003,1
0000002563,0000001353,1,0000000082,1
0000002564,0000001353,2,0000000327,1
0000002565,0000001353,3,0000000318,4
0000002566,0000001353,4,0000000079,2
0000002567,0000001354,1,0000000326,1
0000002568,0000001354,2,0000000272,1
0000002569,0000001354,3,0000000471,1
0000002570,0000001354,4,0000000226,1
0000002571,0000001355,1,0000000497,2
0000002572,0000001355,2,0000000395,3
0000002573,0000001355,3,0000000406,1
0000002574,0000001356,1,0000000128,1
0000002575,0000001356,2,0000000032,2
0000002576,0000001356,3,0000000485,2
0000002577,0000001357,1,0000000064,1
0000002578,0000001358,1,0000000430,1
0000002579,0000001359,1,0000000153,1
0000002580,0000001359,2,0000000375,1
0000002581,0000001359,3,0000000418,1
0000002582,0000001359,4,0000000374,1
0000002583,0000001359,5,0000000443,1
0000002584,0000001360,1,0000000061,3
0000002585,0000001360,2,0000000267,1
0000002586,0000001360,3,0000000302,3
0000002587,0000001361,1,0000000233,2
0000002588,0000001362,1,0000000073,3
0000002589,0000001363,1,0000000357,2
0000002590,0000001364,1,0000000367,2
0000002591,0000001364,2,0000000422,1
0000002592,0000001364,3,0000000387,1
0000002593,0000001364,4,0000000471,1
0000002594,0000001365,1,0000000466,1
0000002595,0000001366,1,0000000489,2
0000002596,0000001366,2,0000000259,2
0000002597,0000001366,3,0000000304,2
0000002598,0000001366,4,0000000170,1
0000002599,0000001367,1,0000000195,1
0000002600,0000001368,1,0000000073,1
0000002601,0000001368,2,0000000279,1
0000002602,0000001368,3,0000000035,2
0000002603,0000001368,4,0000000002,1
0000002604,0000001369,1,0000000445,1
0000002605,0000001369,2,0000000455,1
0000002606,0000001369,3,0000000185,1
0000002607,0000001370,1,0000000441,1
0000002608,0000001370,2,0000000322,1
0000002609,0000001371,1,0000000495,3
0000002610,0000001372,1,0000000069,1
0000002611,0000001372,2,0000000479,2
0000002612,0000001372,3,0000000038,1
0000002613,0000001373,1,0000000433,1
0000002614,0000001373,2,0000000309,1
0000002615,0000001373,3,0000000341,1
0000002616,0000001374,1,0000000386,4
0000002617,0000001374,2,0000000165,1
0000002618,0000001374,3,0000000073,1
0000002619,0000001374,4,0000000377,1
0000002620,0000001375,1,0000000449,1
0000002621,0000001376,1,0000000035,3
0000002622,0000001377,1,0000000224,1
0000002623,0000001377,2,0000000278,1
0000002624,0000001377,3,0000000312,1
0000002625,0000001378,1,0000000436,1
0000002626,0000001379,1,0000000311,1
0000002627,0000001379,2,0000000160,2
0000002628,0000001379,3,0000000240,1
0000002629,0000001379,4,0000000494,1
0000002630,0000001379,5,0000000200,1
0000002631,0000001380,1,0000000459,1
0000002632,0000001381,1,0000000402,1
0000002633,0000001381,2,0000000176,1
0000002634,0000001382,1,0000000245,1
0000002635,0000001383,1,0000000291,1
0000002636,0000001383,2,0000000262,1
0000002637,0000001383,3,0000000193,1
0000002638,0000001384,1,0000000438,1
0000002639,0000001384,2,0000000476,1
0000002640,0000001385,1,0000000320,1
0000002641,0000001386,1,0000000033,1
0000002642,0000001386,2,0000000063,2
0000002643,0000001387,1,0000000311,1
0000002644,0000001388,1,0000000016,1
0000002645,0000001388,2,0000000359,2
0000002646,0000001389,1,0000000005,2
0000002647,0000001389,2,0000000456,1
0000002648,0000001390,1,0000000429,1
0000002649,0000001391,1,0000000243,1
0000002650,0000001392,1,0000000493,1
0000002651,0000001393,1,0000000022,3
0000002652,0000001394,1,0000000150,1
0000002653,0000001395,1,0000000337,1
0000002654,0000001395,2,0000000195,1
0000002655,0000001396,1,0000000317,1
0000002656,0000001397,1,0000000055,2
0000002657,0000001398,1,0000000227,1
0000002658,0000001399,1,0000000251,1
0000002659,0000001399,2,0000000146,2
0000002660,0000001399,3,0000000363,1
0000002661,0000001400,1,0000000447,1
0000002662,0000001401,1,0000000372,1
0000002663,0000001402,1,0000000100,1
0000002664,0000001403,1,0000000492,1
0000002665,0000001404,1,0000000358,1
0000002666,0000001404,2,0000000436,1
0000002667,0000001405,1,0000000176,4
0000002668,0000001406,1,0000000027,1
0000002669,0000001407,1,0000000015,1
0000002670,0000001407,2,0000000196,1
0000002671,0000001407,3,0000000062,2
0000002672,0000001408,1,0000000093,1
0000002673,0000001408,2,0000000067,1
0000002674,0000001408,3,0000000496,2
0000002675,0000001409,1,0000000315,4
0000002676,0000001409,2,0000000452,2
0000002677,0000001410,1,0000000411,3
0000002678,0000001411,1,0000000320,3
0000002679,0000001412,1,0000000120,1
0000002680,0000001412,2,0000000346,2
0000002681,0000001413,1,0000000290,2
0000002682,0000001414,1,0000000216,3
0000002683,0000001415,1,0000000185,1
0000002684,0000001416,1,0000000370,1
0000002685,0000001416,2,0000000436,1
0000002686,0000001417,1,0000000140,1
0000002687,0000001418,1,0000000110,1
0000002688,0000001418,2,0000000478,1
0000002689,0000001418,3,0000000147,1
0000002690,0000001418,4,0000000222,1
0000002691,0000001419,1,0000000425,2
0000002692,0000001420,1,0000000366,1
0000002693,0000001421,1,0000000462,2
0000002694,0000001422,1,0000000161,1
0000002695,0000001422,2,0000000390,1
0000002696,0000001422,3,0000000357,3
0000002697,0000001422,4,0000000318,1
0000002698,0000001422,5,0000000288,1
0000002699,0000001423,1,0000000181,2
0000002700,0000001424,1,0000000424,1
0000002701,0000001425,1,0000000221,1
0000002702,0000001426,1,0000000240,1
0000002703,0000001427,1,0000000154,1
0000002704,0000001427,2,0000000341,1
0000002705,0000001428,1,0000000428,1
0000002706,0000001428,2,0000000311,1
0000002707,0000001428,3,0000000216,3
0000002708,0000001428,4,0000000215,1
0000002709,0000001428,5,0000000463,1
0000002710,0000001429,1,0000000149,1
0000002711,0000001430,1,0000000048,2
0000002712,0000001430,2,0000000109,3
0000002713,0000001430,3,0000000353,1
0000002714,0000001431,1,0000000287,3
0000002715,0000001432,1,0000000373,4
0000002716,0000001433,1,0000000246,4
0000002717,0000001433,2,0000000026,1
0000002718,0000001433,3,0000000243,1
0000002719,0000001434,1,0000000334,2
0000002720,0000001435,1,0000000009,2
0000002721,0000001436,1,0000000271,1
0000002722,0000001436,2,0000000484,2
0000002723,0000001437,1,0000000232,1
0000002724,0000001437,2,0000000140,2
0000002725,0000001437,3,0000000463,1
0000002726,0000001438,1,0000000257,1
0000002727,0000001438,2,0000000028,1
0000002728,0000001439,1,0000000422,2
0000002729,0000001440,1,0000000482,3
0000002730,0000001440,2,0000000302,2
0000002731,0000001440,3,0000000448,1
0000002732,0000001441,1,0000000133,1
0000002733,0000001441,2,0000000243,2
0000002734,0000001442,1,0000000348,2
0000002735,0000001442,2,0000000296,1
0000002736,0000001442,3,0000000096,4
0000002737,0000001442,4,0000000488,2
0000002738,0000001443,1,0000000251,2
0000002739,0000001443,2,0000000492,3
0000002740,0000001443,3,0000000086,1
0000002741,0000001443,4,0000000140,1
0000002742,0000001444,1,0000000400,4
0000002743,0000001444,2,0000000487,3
0000002744,0000001444,3,0000000057,1
0000002745,0000001445,1,0000000199,2
0000002746,0000001446,1,0000000475,1
0000002747,0000001447,1,0000000498,1
0000002748,0000001447,2,0000000355,1
0000002749,0000001447,3,0000000444,4
0000002750,0000001448,1,0000000464,1
0000002751,0000001449,1,0000000031,3
0000002752,0000001450,1,0000000308,1
0000002753,0000001451,1,0000000402,1
0000002754,0000001452,1,0000000189,1
0000002755,0000001452,2,0000000166,3
0000002756,0000001452,3,0000000358,1
0000002757,0000001453,1,0000000493,1
0000002758,0000001454,1,0000000098,2
0000002759,0000001455,1,0000000310,1
0000002760,0000001455,2,0000000019,2
0000002761,0000001456,1,0000000023,1
0000002762,0000001457,1,0000000396,1
0000002763,0000001457,2,0000000283,1
0000002764,0000001457,3,0000000141,1
0000002765,0000001458,1,0000000102,2
0000002766,0000001459,1,0000000288,2
0000002767,0000001460,1,0000000140,4
0000002768,0000001460,2,0000000373,1
0000002769,0000001461,1,0000000177,1
0000002770,0000001462,1,0000000008,1
0000002771,0000001462,2,0000000390,2
0000002772,0000001462,3,0000000098,1
0000002773,0000001462,4,0000000219,2
0000002774,0000001462,5,0000000028,1
0000002775,0000001463,1,0000000076,1
0000002776,0000001463,2,0000000319,1
0000002777,0000001464,1,0000000136,2
0000002778,0000001465,1,0000000183,1
0000002779,0000001465,2,0000000371,2
0000002780,0000001465,3,0000000347,1
0000002781,0000001465,4,0000000184,1
0000002782,0000001465,5,0000000415,2
0000002783,0000001466,1,0000000118,2
0000002784,0000001467,1,0000000223,1
0000002785,0000001467,2,0000000085,1
0000002786,0000001468,1,0000000450,1
0000002787,0000001469,1,0000000224,1
0000002788,0000001470,1,0000000179,1
0000002789,0000001470,2,0000000345,1
0000002790,0000001471,1,0000000478,1
0000002791,0000001472,1,0000000431,1
0000002792,0000001472,2,0000000363,1
0000002793,0000001472,3,0000000326,1
0000002794,0000001472,4,0000000264,1
0000002795,0000001473,1,0000000349,1
0000002796,0000001474,1,0000000215,1
0000002797,0000001475,1,0000000327,1
0000002798,0000001476,1,0000000072,2
0000002799,0000001476,2,0000000213,1
0000002800,0000001477,1,0000000117,1
0000002801,0000001477,2,0000000028,1
0000002802,0000001477,3,0000000383,1
0000002803,0000001478,1,0000000140,1
0000002804,0000001479,1,0000000125,1
0000002805,0000001479,2,0000000468,1
0000002806,0000001480,1,0000000142,1
0000002807,0000001481,1,0000000022,1
0000002808,0000001482,1,0000000211,1
0000002809,0000001482,2,0000000463,1
0000002810,0000001482,3,0000000100,1
0000002811,0000001482,4,0000000137,2
0000002812,0000001483,1,0000000133,1
0000002813,0000001483,2,0000000432,1
0000002814,0000001483,3,0000000352,2
0000002815,0000001483,4,0000000311,1
0000002816,0000001484,1,0000000410,2
0000002817,0000001484,2,0000000055,2
0000002818,0000001485,1,0000000411,1
0000002819,0000001485,2,0000000114,1
0000002820,0000001485,3,0000000180,2
0000002821,0000001485,4,0000000168,1
0000002822,0000001485,5,0000000329,1
0000002823,0000001486,1,0000000312,1
0000002824,0000001486,2,0000000221,3
0000002825,0000001486,3,0000000478,1
0000002826,0000001487,1,0000000288,1
0000002827,0000001488,1,0000000456,3
0000002828,0000001488,2,0000000280,1
0000002829,0000001488,3,0000000400,1
0000002830,0000001488,4,0000000460,1
0000002831,0000001489,1,0000000126,1
0000002832,0000001489,2,0000000358,1
0000002833,0000001489,3,0000000477,1
0000002834,0000001490,1,0000000100,2
0000002835,0000001490,2,0000000117,1
0000002836,0000001490,3,0000000437,2
0000002837,0000001491,1,0000000348,2
0000002838,0000001492,1,0000000283,3
0000002839,0000001493,1,0000000187,1
0000002840,0000001494,1,0000000218,1
0000002841,0000001494,2,0000000405,1
0000002842,0000001494,3,0000000211,1
0000002843,0000001494,4,0000000325,1
0000002844,0000001495,1,0000000314,1
0000002845,0000001496,1,0000000034,1
0000002846,0000001497,1,0000000364,1
0000002847,0000001498,1,0000000079,1
0000002848,0000001499,1,0000000365,1
0000002849,0000001500,1,0000000195,1
0000002850,0000001501,1,0000000235,1
0000002851,0000001501,2,0000000247,2
0000002852,0000001502,1,0000000129,1
0000002853,0000001502,2,0000000171,2
0000002854,0000001502,3,0000000410,1
0000002855,0000001502,4,0000000202,1
0000002856,0000001502,5,0000000267,2
0000002857,0000001503,1,0000000092,2
0000002858,0000001504,1,0000000077,1
0000002859,0000001505,1,0000000395,2
0000002860,0000001506,1,0000000476,4
0000002861,0000001507,1,0000000290,1
0000002862,0000001507,2,0000000394,1
0000002863,0000001508,1,0000000034,1
0000002864,0000001508,2,0000000489,1
0000002865,0000001509,1,0000000417,1
0000002866,0000001510,1,0000000194,1
0000002867,0000001510,2,0000000079,2
0000002868,0000001510,3,0000000101,1
0000002869,0000001511,1,0000000174,3
0000002870,0000001512,1,0000000272,1
0000002871,0000001512,2,0000000264,1
0000002872,0000001513,1,0000000239,1
0000002873,0000001513,2,0000000344,1
0000002874,0000001513,3,0000000418,1
0000002875,0000001514,1,0000000033,1
0000002876,0000001515,1,0000000133,1
0000002877,0000001515,2,0000000426,1
0000002878,0000001516,1,0000000364,1
0000002879,0000001517,1,0000000044,1
0000002880,0000001518,1,0000000290,2
0000002881,0000001519,1,0000000269,2
0000002882,0000001519,2,0000000108,3
0000002883,0000001519,3,0000000233,3
0000002884,0000001519,4,0000000376,1
0000002885,0000001520,1,0000000322,1
0000002886,0000001521,1,0000000479,1
0000002887,0000001522,1,0000000217,1
0000002888,0000001522,2,0000000259,1
0000002889,0000001522,3,0000000060,1
0000002890,0000001523,1,0000000463,1
0000002891,0000001523,2,0000000096,1
0000002892,0000001524,1,0000000446,4
0000002893,0000001525,1,0000000117,1
0000002894,0000001525,2,0000000015,1
0000002895,0000001526,1,0000000371,2
0000002896,0000001527,1,0000000241,3
0000002897,0000001527,2,0000000374,1
0000002898,0000001528,1,0000000067,2
0000002899,0000001529,1,0000000262,2
0000002900,0000001530,1,0000000204,2
0000002901,0000001531,1,0000000369,1
0000002902,0000001531,2,0000000165,4
0000002903,0000001532,1,0000000492,4
0000002904,0000001532,2,0000000016,1
0000002905,0000001533,1,0000000485,1
0000002906,0000001533,2,0000000035,1
0000002907,0000001534,1,0000000495,2
0000002908,0000001535,1,0000000171,1
0000002909,0000001536,1,0000000451,1
0000002910,0000001536,2,0000000135,1
0000002911,0000001536,3,0000000233,1
0000002912,0000001537,1,0000000227,1
0000002913,0000001538,1,0000000140,1
0000002914,0000001538,2,0000000118,3
0000002915,0000001539,1,0000000094,1
0000002916,0000001539,2,0000000449,1
0000002917,0000001539,3,0000000462,1
0000002918,0000001539,4,0000000106,2
0000002919,0000001540,1,0000000265,1
0000002920,0000001541,1,0000000257,1
0000002921,0000001541,2,0000000282,1
0000002922,0000001541,3,0000000074,1
0000002923,0000001542,1,0000000286,1
0000002924,0000001542,2,0000000040,2
0000002925,0000001543,1,0000000477,1
0000002926,0000001544,1,0000000428,1
0000002927,0000001544,2,0000000341,1
0000002928,0000001544,3,0000000444,1
0000002929,0000001545,1,0000000304,2
0000002930,0000001546,1,0000000412,1
0000002931,0000001547,1,0000000488,1
0000002932,0000001548,1,0000000252,1
0000002933,0000001549,1,0000000116,1
0000002934,0000001550,1,0000000313,1
0000002935,0000001551,1,0000000045,1
0000002936,0000001552,1,0000000365,1
0000002937,0000001552,2,0000000164,1
0000002938,0000001553,1,0000000185,4
0000002939,0000001553,2,0000000038,1
0000002940,0000001553,3,0000000036,1
0000002941,0000001554,1,0000000474,1
0000002942,0000001554,2,0000000383,2
0000002943,0000001555,1,0000000132,2
0000002944,0000001555,2,0000000334,1
0000002945,0000001556,1,0000000396,1
0000002946,0000001557,1,0000000345,1
0000002947,0000001557,2,0000000133,1
0000002948,0000001558,1,0000000063,1
0000002949,0000001558,2,0000000408,1
0000002950,0000001559,1,0000000231,3
0000002951,0000001559,2,0000000050,2
0000002952,0000001560,1,0000000109,4
0000002953,0000001560,2,0000000452,1
0000002954,0000001560,3,0000000312,1
0000002955,0000001561,1,0000000352,2
0000002956,0000001561,2,0000000069,1
0000002957,0000001561,3,0000000301,4
0000002958,0000001562,1,0000000204,4
0000002959,0000001563,1,0000000182,1
0000002960,0000001564,1,0000000369,1
0000002961,0000001564,2,0000000211,2
0000002962,0000001564,3,0000000258,2
0000002963,0000001564,4,0000000185,2
0000002964,0000001565,1,0000000344,1
0000002965,0000001565,2,0000000426,1
0000002966,0000001566,1,0000000201,1
0000002967,0000001566,2,0000000280,2
0000002968,0000001567,1,0000000396,1
0000002969,0000001567,2,0000000431,1
0000002970,0000001568,1,0000000386,2
0000002971,0000001568,2,0000000387,1
0000002972,0000001568,3,0000000318,2
0000002973,0000001569,1,0000000057,1
0000002974,0000001569,2,0000000025,1
0000002975,0000001570,1,0000000424,1
0000002976,0000001570,2,0000000263,1
0000002977,0000001571,1,0000000404,1
0000002978,0000001571,2,0000000273,1
0000002979,0000001571,3,0000000379,3
0000002980,0000001572,1,0000000106,1
0000002981,0000001572,2,0000000010,1
0000002982,0000001573,1,0000000144,1
0000002983,0000001574,1,0000000171,2
0000002984,0000001574,2,0000000129,1
0000002985,0000001574,3,0000000237,1
0000002986,0000001575,1,0000000237,1
0000002987,0000001575,2,0000000469,3
0000002988,0000001575,3,0000000363,3
0000002989,0000001575,4,0000000032,1
0000002990,0000001575,5,0000000103,1
0000002991,0000001576,1,0000000386,1
0000002992,0000001576,2,0000000450,1
0000002993,0000001577,1,0000000134,2
0000002994,0000001578,1,0000000090,1
0000002995,0000001579,1,0000000281,2
0000002996,0000001580,1,0000000016,1
0000002997,0000001581,1,0000000052,1
0000002998,0000001582,1,0000000057,3
0000002999,0000001583,1,0000000275,1
0000003000,0000001584,1,0000000015,2
0000003001,0000001585,1,0000000082,3
0000003002,0000001585,2,0000000299,1
0000003003,0000001586,1,0000000226,1
0000003004,0000001586,2,0000000271,1
0000003005,0000001586,3,0000000431,1
0000003006,0000001587,1,0000000287,1
0000003007,0000001588,1,0000000112,1
0000003008,0000001589,1,0000000459,1
0000003009,0000001590,1,0000000302,1
0000003010,0000001590,2,0000000109,1
0000003011,0000001591,1,0000000407,1
0000003012,0000001591,2,0000000390,1
0000003013,0000001592,1,0000000144,2
0000003014,0000001593,1,0000000413,1
0000003015,0000001594,1,0000000139,1
0000003016,0000001595,1,0000000059,1
0000003017,0000001596,1,0000000126,1
0000003018,0000001597,1,0000000067,1
0000003019,0000001598,1,0000000123,2
0000003020,0000001598,2,0000000140,1
0000003021,0000001598,3,0000000104,1
0000003022,0000001598,4,0000000114,1
0000003023,0000001599,1,0000000395,1
0000003024,0000001600,1,0000000487,1
0000003025,0000001601,1,0000000489,4
0000003026,0000001601,2,0000000380,3
0000003027,0000001602,1,0000000040,1
0000003028,0000001603,1,0000000296,1
0000003029,0000001604,1,0000000312,1
0000003030,0000001605,1,0000000111,2
0000003031,0000001606,1,0000000442,3
0000003032,0000001606,2,0000000065,1
0000003033,0000001606,3,0000000064,1
0000003034,0000001606,4,0000000357,2
0000003035,0000001607,1,0000000062,3
0000003036,0000001607,2,0000000458,1
0000003037,0000001607,3,0000000160,1
0000003038,0000001608,1,0000000119,1
0000003039,0000001609,1,0000000117,1
0000003040,0000001610,1,0000000452,1
0000003041,0000001610,2,0000000125,1
0000003042,0000001611,1,0000000465,1
0000003043,0000001612,1,0000000423,1
0000003044,0000001613,1,0000000439,1
0000003045,0000001614,1,0000000192,1
0000003046,0000001614,2,0000000151,1
0000003047,0000001614,3,0000000341,3
0000003048,0000001614,4,0000000104,1
0000003049,0000001615,1,0000000336,2
0000003050,0000001615,2,0000000147,3
0000003051,0000001615,3,0000000271,1
0000003052,0000001615,4,0000000390,1
0000003053,0000001616,1,0000000014,1
0000003054,0000001617,1,0000000131,2
0000003055,0000001617,2,0000000046,1
0000003056,0000001617,3,0000000179,3
0000003057,0000001618,1,0000000095,1
0000003058,0000001618,2,0000000284,1
0000003059,0000001619,1,0000000387,1
0000003060,0000001619,2,0000000024,1
0000003061,0000001619,3,0000000413,3
0000003062,0000001620,1,0000000021,1
0000003063,0000001620,2,0000000263,1
0000003064,0000001621,1,0000000292,1
0000003065,0000001621,2,0000000252,1
0000003066,0000001622,1,0000000341,1
0000003067,0000001623,1,0000000374,1
0000003068,0000001624,1,0000000396,4
0000003069,0000001624,2,0000000324,1
0000003070,0000001625,1,0000000441,1
0000003071,0000001625,2,0000000443,2
0000003072,0000001626,1,0000000403,1
0000003073,0000001626,2,0000000178,3
0000003074,0000001627,1,0000000346,1
0000003075,0000001628,1,0000000400,1
0000003076,0000001629,1,0000000060,2
0000003077,0000001629,2,0000000312,2
0000003078,0000001630,1,0000000169,1
0000003079,0000001631,1,0000000304,3
0000003080,0000001632,1,0000000380,3
0000003081,0000001633,1,0000000192,1
0000003082,0000001633,2,0000000273,2
0000003083,0000001633,3,0000000241,2
0000003084,0000001633,4,0000000207,1
0000003085,0000001634,1,0000000397,1
0000003086,0000001634,2,0000000340,1
0000003087,0000001635,1,0000000411,3
0000003088,0000001635,2,0000000365,1
0000003089,0000001635,3,0000000408,1
0000003090,0000001635,4,0000000387,3
0000003091,0000001635,5,0000000307,1
0000003092,0000001636,1,0000000051,1
0000003093,0000001636,2,0000000072,1
0000003094,0000001636,3,0000000200,1
0000003095,0000001636,4,0000000427,2
0000003096,0000001637,1,0000000171,1
0000003097,0000001637,2,0000000389,3
0000003098,0000001637,3,0000000327,1
0000003099,0000001637,4,0000000306,1
0000003100,0000001638,1,0000000349,1
0000003101,0000001639,1,0000000210,1
0000003102,0000001640,1,0000000244,1
0000003103,0000001641,1,0000000358,1
0000003104,0000001642,1,0000000392,1
0000003105,0000001642,2,0000000481,3
0000003106,0000001643,1,0000000239,1
0000003107,0000001643,2,0000000377,3
0000003108,0000001644,1,0000000369,2
0000003109,0000001644,2,0000000213,4
0000003110,0000001645,1,0000000191,1
0000003111,0000001645,2,0000000259,2
0000003112,0000001646,1,0000000364,1
0000003113,0000001647,1,0000000084,3
0000003114,0000001647,2,0000000377,2
0000003115,0000001647,3,0000000315,1
0000003116,0000001647,4,0000000133,1
0000003117,0000001648,1,0000000031,1
0000003118,0000001649,1,0000000308,1
0000003119,0000001649,2,0000000051,2
0000003120,0000001649,3,0000000373,2
0000003121,0000001649,4,0000000478,1
0000003122,0000001649,5,0000000250,1
0000003123,0000001650,1,0000000148,1
0000003124,0000001650,2,0000000153,1
0000003125,0000001651,1,0000000056,3
0000003126,0000001652,1,0000000307,1
0000003127,0000001653,1,0000000309,1
0000003128,0000001653,2,0000000266,1
0000003129,0000001653,3,0000000427,1
0000003130,0000001653,4,0000000084,2
0000003131,0000001653,5,0000000298,1
0000003132,0000001654,1,0000000353,1
0000003133,0000001655,1,0000000457,2
0000003134,0000001656,1,0000000215,1
0000003135,0000001656,2,0000000168,3
0000003136,0000001657,1,0000000407,1
0000003137,0000001657,2,0000000386,1
0000003138,0000001657,3,0000000341,1
0000003139,0000001657,4,0000000435,1
0000003140,0000001657,5,0000000173,1
0000003141,0000001658,1,0000000035,1
0000003142,0000001659,1,0000000360,1
0000003143,0000001659,2,0000000102,1
0000003144,0000001660,1,0000000127,2
0000003145,0000001660,2,0000000426,4
0000003146,0000001661,1,0000000257,1
0000003147,0000001662,1,0000000174,1
0000003148,0000001662,2,0000000280,1
0000003149,0000001662,3,0000000223,2
0000003150,0000001663,1,0000000384,1
0000003151,0000001663,2,0000000161,1
0000003152,0000001663,3,0000000033,1
0000003153,0000001663,4,0000000065,2
0000003154,0000001664,1,0000000260,1
0000003155,0000001665,1,0000000348,1
0000003156,0000001666,1,0000000288,1
0000003157,0000001667,1,0000000401,4
0000003158,0000001667,2,0000000018,3
0000003159,0000001668,1,0000000412,1
0000003160,0000001669,1,0000000261,1
0000003161,0000001669,2,0000000439,1
0000003162,0000001669,3,0000000272,1
0000003163,0000001669,4,0000000232,2
0000003164,0000001669,5,0000000063,1
0000003165,0000001670,1,0000000080,1
0000003166,0000001670,2,0000000218,1
0000003167,0000001671,1,0000000102,2
0000003168,0000001672,1,0000000186,1
0000003169,0000001672,2,0000000397,1
0000003170,0000001672,3,0000000115,1
0000003171,0000001673,1,0000000249,1
0000003172,0000001673,2,0000000331,2
0000003173,0000001674,1,0000000471,1
0000003174,0000001674,2,0000000296,2
0000003175,0000001674,3,0000000151,1
0000003176,0000001674,4,0000000407,1
0000003177,0000001674,5,0000000002,1
0000003178,0000001675,1,0000000224,1
0000003179,0000001676,1,0000000492,1
0000003180,0000001677,1,0000000155,1
0000003181,0000001678,1,0000000147,1
0000003182,0000001679,1,0000000282,2
0000003183,0000001680,1,0000000113,1
0000003184,0000001681,1,0000000441,2
0000003185,0000001681,2,0000000236,1
0000003186,0000001681,3,0000000396,3
0000003187,0000001681,4,0000000272,1
0000003188,0000001681,5,0000000075,2
0000003189,0000001682,1,0000000488,3
0000003190,0000001683,1,0000000030,1
0000003191,0000001683,2,0000000179,1
0000003192,0000001684,1,0000000103,1
0000003193,0000001685,1,0000000100,3
0000003194,0000001686,1,0000000032,1
0000003195,0000001687,1,0000000391,1
0000003196,0000001687,2,0000000062,2
0000003197,0000001687,3,0000000260,1
0000003198,0000001687,4,0000000277,1
0000003199,0000001687,5,0000000463,1
0000003200,0000001688,1,0000000253,1
0000003201,0000001688,2,0000000382,3
0000003202,0000001688,3,0000000161,2
0000003203,0000001688,4,0000000134,2
0000003204,0000001689,1,0000000024,2
0000003205,0000001689,2,0000000319,2
0000003206,0000001689,3,0000000001,1
0000003207,0000001689,4,0000000482,1
0000003208,0000001690,1,0000000343,1
0000003209,0000001691,1,0000000332,3
0000003210,0000001691,2,0000000071,2
0000003211,0000001692,1,0000000284,1
0000003212,0000001692,2,0000000158,2
0000003213,0000001692,3,0000000032,1
0000003214,0000001692,4,0000000455,1
0000003215,0000001692,5,0000000204,1
0000003216,0000001693,1,0000000087,1
0000003217,0000001694,1,0000000424,1
0000003218,0000001695,1,0000000095,1
0000003219,0000001696,1,0000000467,1
0000003220,0000001696,2,0000000475,2
0000003221,0000001697,1,0000000015,2
0000003222,0000001698,1,0000000490,1
0000003223,0000001699,1,0000000225,2
0000003224,0000001699,2,0000000276,2
0000003225,0000001700,1,0000000255,1
0000003226,0000001700,2,0000000420,1
0000003227,0000001700,3,0000000471,1
0000003228,0000001700,4,0000000072,1
0000003229,0000001700,5,0000000157,2
0000003230,0000001701,1,0000000073,1
0000003231,0000001702,1,0000000217,1
0000003232,0000001702,2,0000000398,1
0000003233,0000001702,3,0000000496,2
0000003234,0000001703,1,0000000257,1
0000003235,0000001703,2,0000000321,2
0000003236,0000001703,3,0000000454,1
0000003237,0000001704,1,0000000371,3
0000003238,0000001704,2,0000000033,3
0000003239,0000001704,3,0000000096,1
0000003240,0000001705,1,0000000123,1
0000003241,0000001705,2,0000000494,1
0000003242,0000001706,1,0000000162,1
0000003243,0000001707,1,0000000238,1
0000003244,0000001708,1,0000000230,1
0000003245,0000001709,1,0000000125,1
0000003246,0000001710,1,0000000077,1
0000003247,0000001710,2,0000000122,1
0000003248,0000001710,3,0000000397,1
0000003249,0000001710,4,0000000183,2
0000003250,0000001711,1,0000000022,3
0000003251,0000001711,2,0000000273,1
0000003252,0000001712,1,0000000109,1
0000003253,0000001712,2,0000000103,1
0000003254,0000001713,1,0000000045,3
0000003255,0000001713,2,0000000223,1
0000003256,0000001713,3,0000000307,1
0000003257,0000001713,4,0000000161,2
0000003258,0000001713,5,0000000245,3
0000003259,0000001714,1,0000000100,1
0000003260,0000001715,1,0000000458,1
0000003261,0000001715,2,0000000363,3
0000003262,0000001715,3,0000000198,1
0000003263,0000001716,1,0000000335,1
0000003264,0000001716,2,0000000361,1
0000003265,0000001716,3,0000000064,1
0000003266,0000001717,1,0000000316,1
0000003267,0000001717,2,0000000149,1
0000003268,0000001717,3,0000000266,1
0000003269,0000001717,4,0000000424,1
0000003270,0000001717,5,0000000226,1
0000003271,0000001718,1,0000000200,2
0000003272,0000001719,1,0000000212,2
0000003273,0000001719,2,0000000135,1
0000003274,0000001720,1,0000000499,1
0000003275,0000001720,2,0000000094,1
0000003276,0000001721,1,0000000248,1
0000003277,0000001721,2,0000000037,1
0000003278,0000001721,3,0000000021,2
0000003279,0000001722,1,0000000494,1
0000003280,0000001722,2,0000000332,3
0000003281,0000001723,1,0000000379,1
0000003282,0000001724,1,0000000330,1
0000003283,0000001724,2,0000000033,1
0000003284,0000001725,1,0000000013,1
0000003285,0000001726,1,0000000444,1
0000003286,0000001727,1,0000000182,1
0000003287,0000001728,1,0000000113,1
0000003288,0000001728,2,0000000187,1
0000003289,0000001728,3,0000000145,1
0000003290,0000001729,1,0000000390,2
0000003291,0000001730,1,0000000217,3
0000003292,0000001731,1,0000000418,1
0000003293,0000001732,1,0000000062,2
0000003294,0000001733,1,0000000472,1
0000003295,0000001733,2,0000000395,1
0000003296,0000001734,1,0000000407,1
0000003297,0000001735,1,0000000336,1
0000003298,0000001736,1,0000000473,4
0000003299,0000001737,1,0000000133,1
0000003300,0000001738,1,0000000434,1
0000003301,0000001738,2,0000000266,1
0000003302,0000001738,3,0000000389,1
0000003303,0000001739,1,0000000028,1
0000003304,0000001739,2,0000000456,1
0000003305,0000001739,3,0000000249,1
0000003306,0000001739,4,0000000229,2
0000003307,0000001739,5,0000000214,1
0000003308,0000001740,1,0000000356,1
0000003309,0000001741,1,0000000371,3
0000003310,0000001741,2,0000000213,1
0000003311,0000001742,1,0000000392,3
0000003312,0000001742,2,0000000301,1
0000003313,0000001743,1,0000000404,1
0000003314,0000001743,2,0000000134,3
0000003315,0000001743,3,0000000197,2
0000003316,0000001743,4,0000000281,1
0000003317,0000001743,5,0000000050,2
0000003318,0000001744,1,0000000035,2
0000003319,0000001745,1,0000000400,1
0000003320,0000001746,1,0000000382,1
0000003321,0000001747,1,0000000353,1
0000003322,0000001748,1,0000000470,1
0000003323,0000001748,2,0000000445,1
0000003324,0000001749,1,0000000255,1
0000003325,0000001750,1,0000000443,1
0000003326,0000001750,2,0000000039,1
0000003327,0000001751,1,0000000032,1
0000003328,0000001751,2,0000000368,2
0000003329,0000001752,1,0000000189,1
0000003330,0000001753,1,0000000030,1
0000003331,0000001754,1,0000000080,1
0000003332,0000001754,2,0000000266,2
0000003333,0000001754,3,0000000077,4
0000003334,0000001754,4,0000000128,1
0000003335,0000001755,1,0000000463,3
0000003336,0000001755,2,0000000267,1
0000003337,0000001756,1,0000000183,1
0000003338,0000001757,1,0000000046,1
0000003339,0000001757,2,0000000307,1
0000003340,0000001758,1,0000000499,1
0000003341,0000001758,2,0000000186,4
0000003342,0000001758,3,0000000206,3
0000003343,0000001759,1,0000000344,3
0000003344,0000001760,1,0000000422,2
0000003345,0000001760,2,0000000418,4
0000003346,0000001760,3,0000000457,2
0000003347,0000001761,1,0000000407,1
0000003348,0000001762,1,0000000197,2
0000003349,0000001763,1,0000000233,3
0000003350,0000001763,2,0000000437,1
0000003351,0000001764,1,0000000171,2
0000003352,0000001765,1,0000000285,1
0000003353,0000001766,1,0000000407,1
0000003354,0000001766,2,0000000241,2
0000003355,0000001766,3,0000000453,1
0000003356,0000001766,4,0000000438,1
0000003357,0000001767,1,0000000423,2
0000003358,0000001768,1,0000000011,3
0000003359,0000001768,2,0000000422,1
0000003360,0000001768,3,0000000051,1
0000003361,0000001769,1,0000000105,1
0000003362,0000001769,2,0000000029,1
0000003363,0000001769,3,0000000347,1
0000003364,0000001769,4,0000000409,1
0000003365,0000001770,1,0000000067,2
0000003366,0000001770,2,0000000268,2
0000003367,0000001771,1,0000000025,1
0000003368,0000001772,1,0000000374,1
0000003369,0000001773,1,0000000080,1
0000003370,0000001773,2,0000000047,1
0000003371,0000001774,1,0000000221,2
0000003372,0000001775,1,0000000183,1
0000003373,0000001775,2,0000000187,2
0000003374,0000001775,3,0000000473,1
0000003375,0000001776,1,0000000446,4
0000003376,0000001776,2,0000000447,1
0000003377,0000001777,1,0000000091,1
0000003378,0000001778,1,0000000169,1
0000003379,0000001779,1,0000000402,2
0000003380,0000001780,1,0000000154,2
0000003381,0000001781,1,0000000272,1
0000003382,0000001781,2,0000000128,1
0000003383,0000001781,3,0000000389,1
0000003384,0000001781,4,0000000251,1
0000003385,0000001781,5,0000000152,1
0000003386,0000001782,1,0000000190,1
0000003387,0000001782,2,0000000408,1
0000003388,0000001782,3,0000000099,1
0000003389,0000001783,1,0000000358,1
0000003390,0000001783,2,0000000247,1
0000003391,0000001783,3,0000000004,1
0000003392,0000001784,1,0000000276,2
0000003393,0000001784,2,0000000195,1
0000003394,0000001785,1,0000000449,1
0000003395,0000001786,1,0000000365,1
0000003396,0000001786,2,0000000352,1
0000003397,0000001786,3,0000000464,1
0000003398,0000001787,1,0000000100,1
0000003399,0000001788,1,0000000488,1
0000003400,0000001788,2,0000000236,1
0000003401,0000001789,1,0000000090,1
0000003402,0000001789,2,0000000098,1
0000003403,0000001789,3,0000000372,1
0000003404,0000001790,1,0000000020,1
0000003405,0000001791,1,0000000086,1
0000003406,0000001792,1,0000000190,1
0000003407,0000001792,2,0000000140,1
0000003408,0000001792,3,0000000149,1
0000003409,0000001793,1,0000000085,1
0000003410,0000001794,1,0000000124,2
0000003411,0000001795,1,0000000291,1
0000003412,0000001796,1,0000000242,1
0000003413,0000001796,2,0000000024,1
0000003414,0000001797,1,0000000047,1
0000003415,0000001797,2,0000000471,1
0000003416,0000001797,3,0000000035,1
0000003417,0000001798,1,0000000033,1
0000003418,0000001799,1,0000000452,1
0000003419,0000001799,2,0000000373,1
0000003420,0000001800,1,0000000187,1
0000003421,0000001800,2,0000000314,3
0000003422,0000001800,3,0000000212,1
0000003423,0000001800,4,0000000370,1
0000003424,0000001801,1,0000000356,1
0000003425,0000001802,1,0000000105,1
0000003426,0000001802,2,0000000277,2
0000003427,0000001802,3,0000000143,2
0000003428,0000001803,1,0000000386,1
0000003429,0000001804,1,0000000336,2
0000003430,0000001805,1,0000000440,1
0000003431,0000001805,2,0000000393,1
0000003432,0000001805,3,0000000486,1
0000003433,0000001805,4,0000000245,1
0000003434,0000001806,1,0000000390,1
0000003435,0000001806,2,0000000426,1
0000003436,0000001806,3,0000000360,1
0000003437,0000001806,4,0000000318,1
0000003438,0000001807,1,0000000190,4
0000003439,0000001808,1,0000000420,2
0000003440,0000001809,1,0000000406,4
0000003441,0000001809,2,0000000448,1
0000003442,0000001810,1,0000000135,1
0000003443,0000001811,1,0000000125,1
0000003444,0000001811,2,0000000119,2
0000003445,0000001811,3,0000000027,1
0000003446,0000001812,1,0000000249,2
0000003447,0000001812,2,0000000160,1
0000003448,0000001812,3,0000000149,1
0000003449,0000001812,4,0000000115,1
0000003450,0000001813,1,0000000273,1
0000003451,0000001814,1,0000000298,1
0000003452,0000001814,2,0000000172,1
0000003453,0000001814,3,0000000210,1
0000003454,0000001815,1,0000000443,1
0000003455,0000001815,2,0000000387,1
0000003456,0000001815,3,0000000328,1
0000003457,0000001816,1,0000000026,1
0000003458,0000001816,2,0000000332,3
0000003459,0000001816,3,0000000203,1
0000003460,0000001816,4,0000000409,3
0000003461,0000001816,5,0000000462,1
0000003462,0000001817,1,0000000165,1
0000003463,0000001818,1,0000000140,3
0000003464,0000001818,2,0000000156,2
0000003465,0000001819,1,0000000199,1
0000003466,0000001819,2,0000000324,3
0000003467,0000001820,1,0000000221,1
0000003468,0000001821,1,0000000404,1
0000003469,0000001822,1,0000000389,1
0000003470,0000001823,1,0000000145,1
0000003471,0000001823,2,0000000118,1
0000003472,0000001823,3,0000000023,1
0000003473,0000001824,1,0000000187,1
0000003474,0000001824,2,0000000335,1
0000003475,0000001825,1,0000000316,1
0000003476,0000001825,2,0000000435,1
0000003477,0000001826,1,0000000302,2
0000003478,0000001826,2,0000000367,1
0000003479,0000001826,3,0000000006,1
0000003480,0000001826,4,0000000342,1
0000003481,0000001827,1,0000000042,1
0000003482,0000001827,2,0000000039,1
0000003483,0000001828,1,0000000181,1
0000003484,0000001828,2,0000000457,1
0000003485,0000001828,3,0000000328,1
0000003486,0000001829,1,0000000102,3
0000003487,0000001830,1,0000000184,1
0000003488,0000001830,2,0000000322,1
0000003489,0000001830,3,0000000136,1
0000003490,0000001830,4,0000000112,1
0000003491,0000001830,5,0000000070,2
0000003492,0000001831,1,0000000295,1
0000003493,0000001832,1,0000000305,1
0000003494,0000001833,1,0000000257,1
0000003495,0000001834,1,0000000343,3
0000003496,0000001835,1,0000000407,1
0000003497,0000001836,1,0000000115,2
0000003498,0000001836,2,0000000127,2
0000003499,0000001837,1,0000000220,1
0000003500,0000001837,2,0000000077,1
0000003501,0000001838,1,0000000069,1
0000003502,0000001838,2,0000000255,1
0000003503,0000001838,3,0000000439,1
0000003504,0000001839,1,0000000414,1
0000003505,0000001840,1,0000000276,1
0000003506,0000001840,2,0000000306,3
0000003507,0000001840,3,0000000220,1
0000003508,0000001841,1,0000000478,1
0000003509,0000001841,2,0000000162,2
0000003510,0000001841,3,0000000415,1
0000003511,0000001842,1,0000000370,2
0000003512,0000001842,2,0000000456,2
0000003513,0000001843,1,0000000183,1
0000003514,0000001844,1,0000000284,1
0000003515,0000001844,2,0000000419,2
0000003516,0000001844,3,0000000258,2
0000003517,0000001845,1,0000000401,1
0000003518,0000001845,2,0000000175,2
0000003519,0000001845,3,0000000132,2
0000003520,0000001845,4,0000000384,2
0000003521,0000001846,1,0000000421,1
0000003522,0000001846,2,0000000262,1
0000003523,0000001846,3,0000000449,1
0000003524,0000001846,4,0000000070,2
0000003525,0000001846,5,0000000155,1
0000003526,0000001847,1,0000000047,1
0000003527,0000001848,1,0000000156,1
0000003528,0000001849,1,0000000043,3
0000003529,0000001850,1,0000000222,2
0000003530,0000001850,2,0000000128,1
0000003531,0000001850,3,0000000191,1
0000003532,0000001850,4,0000000438,1
0000003533,0000001851,1,0000000409,1
0000003534,0000001852,1,0000000045,1
0000003535,0000001852,2,0000000056,1
0000003536,0000001852,3,0000000317,1
0000003537,0000001852,4,0000000008,1
0000003538,0000001853,1,0000000478,1
0000003539,0000001854,1,0000000004,1
0000003540,0000001855,1,0000000263,2
0000003541,0000001856,1,0000000310,1
0000003542,0000001857,1,0000000338,1
0000003543,0000001857,2,0000000255,3
0000003544,0000001857,3,0000000229,4
0000003545,0000001857,4,0000000001,1
0000003546,0000001857,5,0000000250,2
0000003547,0000001858,1,0000000219,1
0000003548,0000001858,2,0000000334,3
0000003549,0000001859,1,0000000105,1
0000003550,0000001860,1,0000000442,2
0000003551,0000001860,2,0000000294,2
0000003552,0000001860,3,0000000389,3
0000003553,0000001861,1,0000000417,2
0000003554,0000001861,2,0000000066,1
0000003555,0000001861,3,0000000497,1
0000003556,0000001862,1,0000000202,2
0000003557,0000001862,2,0000000489,2
0000003558,0000001862,3,0000000214,1
0000003559,0000001862,4,0000000059,1
0000003560,0000001863,1,0000000345,4
0000003561,0000001864,1,0000000126,1
0000003562,0000001865,1,0000000070,1
0000003563,0000001866,1,0000000100,1
0000003564,0000001866,2,0000000211,3
0000003565,0000001866,3,0000000242,1
0000003566,0000001866,4,0000000011,3
0000003567,0000001867,1,0000000059,1
0000003568,0000001868,1,0000000115,1
0000003569,0000001868,2,0000000263,2
0000003570,0000001869,1,0000000171,1
0000003571,0000001870,1,0000000351,1
0000003572,0000001871,1,0000000106,1
0000003573,0000001871,2,0000000455,1
0000003574,0000001872,1,0000000044,1
0000003575,0000001873,1,0000000448,1
0000003576,0000001874,1,0000000344,1
0000003577,0000001875,1,0000000088,2
0000003578,0000001875,2,0000000232,3
0000003579,0000001876,1,0000000437,1
0000003580,0000001877,1,0000000056,2
0000003581,0000001877,2,0000000487,1
0000003582,0000001877,3,0000000325,2
0000003583,0000001878,1,0000000145,1
0000003584,0000001878,2,0000000346,1
0000003585,0000001878,3,0000000382,1
0000003586,0000001878,4,0000000159,2
0000003587,0000001878,5,0000000300,2
0000003588,0000001879,1,0000000210,1
0000003589,0000001879,2,0000000047,1
0000003590,0000001880,1,0000000092,2
0000003591,0000001881,1,0000000413,1
0000003592,0000001881,2,0000000274,1
0000003593,0000001882,1,0000000388,3
0000003594,0000001882,2,0000000068,1
0000003595,0000001883,1,0000000478,2
0000003596,0000001884,1,0000000482,1
0000003597,0000001884,2,0000000022,2
0000003598,0000001885,1,0000000095,3
0000003599,0000001886,1,0000000447,3
0000003600,0000001887,1,0000000195,1
0000003601,0000001888,1,0000000110,1
0000003602,0000001888,2,0000000336,4
0000003603,0000001888,3,0000000148,1
0000003604,0000001888,4,0000000379,1
0000003605,0000001889,1,0000000001,1
0000003606,0000001889,2,0000000115,2
0000003607,0000001890,1,0000000424,1
0000003608,0000001891,1,0000000270,1
0000003609,0000001892,1,0000000363,1
0000003610,0000001893,1,0000000146,1
0000003611,0000001893,2,0000000346,1
0000003612,0000001894,1,0000000369,1
0000003613,0000001894,2,0000000178,2
0000003614,0000001894,3,0000000377,1
0000003615,0000001894,4,0000000242,4
0000003616,0000001895,1,0000000320,4
0000003617,0000001896,1,0000000200,1
0000003618,0000001897,1,0000000394,1
0000003619,0000001897,2,0000000294,1
0000003620,0000001897,3,0000000303,1
0000003621,0000001898,1,0000000402,1
0000003622,0000001898,2,0000000430,1
0000003623,0000001898,3,0000000032,1
0000003624,0000001899,1,0000000314,1
0000003625,0000001899,2,0000000372,1
0000003626,0000001900,1,0000000161,1
0000003627,0000001900,2,0000000479,1
0000003628,0000001900,3,0000000437,2
0000003629,0000001901,1,0000000354,2
0000003630,0000001901,2,0000000309,1
0000003631,0000001901,3,0000000058,1
0000003632,0000001902,1,0000000273,1
0000003633,0000001903,1,0000000463,2
0000003634,0000001903,2,0000000258,1
0000003635,0000001903,3,0000000377,3
0000003636,0000001904,1,0000000046,1
0000003637,0000001904,2,0000000208,1
0000003638,0000001905,1,0000000077,1
0000003639,0000001905,2,0000000457,1
0000003640,0000001905,3,0000000181,2
0000003641,0000001906,1,0000000133,3
0000003642,0000001906,2,0000000100,2
0000003643,0000001906,3,0000000431,1
0000003644,0000001906,4,0000000227,1
0000003645,0000001907,1,0000000217,1
0000003646,0000001907,2,0000000176,1
0000003647,0000001908,1,0000000170,1
0000003648,0000001909,1,0000000353,2
0000003649,0000001909,2,0000000453,2
0000003650,0000001909,3,0000000294,1
0000003651,0000001910,1,0000000375,1
0000003652,0000001910,2,0000000322,1
0000003653,0000001910,3,0000000410,1
0000003654,0000001910,4,0000000305,2
0000003655,0000001911,1,0000000080,1
0000003656,0000001912,1,0000000408,1
0000003657,0000001913,1,0000000262,2
0000003658,0000001913,2,0000000374,1
0000003659,0000001914,1,0000000267,1
0000003660,0000001915,1,0000000084,1
0000003661,0000001915,2,0000000431,1
0000003662,0000001916,1,0000000345,1
0000003663,0000001917,1,0000000364,1
0000003664,0000001917,2,0000000220,1
0000003665,0000001918,1,0000000477,1
0000003666,0000001919,1,0000000304,1
0000003667,0000001920,1,0000000040,1
0000003668,0000001920,2,0000000257,3
0000003669,0000001920,3,0000000328,1
0000003670,0000001921,1,0000000016,1
0000003671,0000001921,2,0000000332,1
0000003672,0000001922,1,0000000080,1
0000003673,0000001922,2,0000000399,2
0000003674,0000001923,1,0000000356,2
0000003675,0000001923,2,0000000414,1
0000003676,0000001924,1,0000000219,2
0000003677,0000001924,2,0000000255,1
0000003678,0000001925,1,0000000413,1
0000003679,0000001925,2,0000000137,1
0000003680,0000001926,1,0000000011,1
0000003681,0000001926,2,0000000481,1
0000003682,0000001926,3,0000000333,1
0000003683,0000001927,1,0000000318,1
0000003684,0000001927,2,0000000208,4
0000003685,0000001927,3,0000000470,1
0000003686,0000001927,4,0000000448,1
0000003687,0000001928,1,0000000458,3
0000003688,0000001928,2,0000000415,1
0000003689,0000001929,1,0000000110,2
0000003690,0000001930,1,0000000138,2
0000003691,0000001931,1,0000000325,1
0000003692,0000001931,2,0000000469,1
0000003693,0000001932,1,0000000327,1
0000003694,0000001933,1,0000000267,2
0000003695,0000001934,1,0000000321,1
0000003696,0000001934,2,0000000207,1
0000003697,0000001935,1,0000000045,2
0000003698,0000001935,2,0000000479,1
0000003699,0000001935,3,0000000409,1
0000003700,0000001936,1,0000000479,1
0000003701,0000001937,1,0000000235,4
0000003702,0000001938,1,0000000190,1
0000003703,0000001939,1,0000000352,3
0000003704,0000001939,2,0000000428,2
0000003705,0000001940,1,0000000480,1
0000003706,0000001940,2,0000000175,1
0000003707,0000001940,3,0000000221,1
0000003708,0000001941,1,0000000306,1
0000003709,0000001942,1,0000000017,1
0000003710,0000001943,1,0000000193,1
0000003711,0000001944,1,0000000097,3
0000003712,0000001945,1,0000000214,3
0000003713,0000001946,1,0000000393,1
0000003714,0000001947,1,0000000250,4
0000003715,0000001948,1,0000000089,1
0000003716,0000001948,2,0000000063,2
0000003717,0000001948,3,0000000365,1
0000003718,0000001949,1,0000000086,1
0000003719,0000001949,2,0000000119,1
0000003720,0000001950,1,0000000032,2
0000003721,0000001950,2,0000000175,1
0000003722,0000001950,3,0000000322,1
0000003723,0000001950,4,0000000215,2
0000003724,0000001951,1,0000000352,1
0000003725,0000001951,2,0000000138,1
0000003726,0000001951,3,0000000407,1
0000003727,0000001952,1,0000000195,1
0000003728,0000001953,1,0000000487,1
0000003729,0000001954,1,0000000087,1
0000003730,0000001955,1,0000000260,1
0000003731,0000001955,2,0000000431,3
0000003732,0000001956,1,0000000082,2
0000003733,0000001957,1,0000000369,2
0000003734,0000001958,1,0000000091,1
0000003735,0000001959,1,0000000047,1
0000003736,0000001960,1,0000000020,4
0000003737,0000001960,2,0000000059,1
0000003738,0000001961,1,0000000395,3
0000003739,0000001962,1,0000000072,1
0000003740,0000001963,1,0000000129,3
0000003741,0000001963,2,0000000440,2
0000003742,0000001963,3,0000000354,1
0000003743,0000001963,4,0000000383,1
0000003744,0000001964,1,0000000211,1
0000003745,0000001965,1,0000000415,3
0000003746,0000001965,2,0000000082,1
0000003747,0000001965,3,0000000041,1
0000003748,0000001965,4,0000000170,1
0000003749,0000001965,5,0000000295,1
0000003750,0000001966,1,0000000495,1
0000003751,0000001967,1,0000000318,1
0000003752,0000001967,2,0000000275,1
0000003753,0000001968,1,0000000153,2
0000003754,0000001968,2,0000000143,1
0000003755,0000001968,3,0000000336,1
0000003756,0000001969,1,0000000319,3
0000003757,0000001969,2,0000000349,4
0000003758,0000001970,1,0000000233,1
0000003759,0000001970,2,0000000500,1
0000003760,0000001971,1,0000000064,2
0000003761,0000001972,1,0000000447,2
0000003762,0000001973,1,0000000483,1
0000003763,0000001973,2,0000000162,1
0000003764,0000001974,1,0000000198,1
0000003765,0000001975,1,0000000152,2
0000003766,0000001975,2,0000000298,1
0000003767,0000001976,1,0000000404,3
0000003768,0000001976,2,0000000150,1
0000003769,0000001976,3,0000000397,2
0000003770,0000001977,1,0000000159,1
0000003771,0000001978,1,0000000090,1
0000003772,0000001979,1,0000000276,1
0000003773,0000001979,2,0000000251,4
0000003774,0000001979,3,0000000019,1
0000003775,0000001979,4,0000000365,2
0000003776,0000001980,1,0000000126,4
0000003777,0000001981,1,0000000060,1
0000003778,0000001981,2,0000000090,1
0000003779,0000001981,3,0000000017,2
0000003780,0000001982,1,0000000034,1
0000003781,0000001982,2,0000000385,1
0000003782,0000001982,3,0000000165,2
0000003783,0000001983,1,0000000172,2
0000003784,0000001983,2,0000000176,1
0000003785,0000001984,1,0000000257,1
0000003786,0000001985,1,0000000113,1
0000003787,0000001986,1,0000000423,1
0000003788,0000001986,2,0000000347,1
0000003789,0000001986,3,0000000267,2
0000003790,0000001987,1,0000000376,2
0000003791,0000001988,1,0000000025,1
0000003792,0000001988,2,0000000471,1
0000003793,0000001988,3,0000000353,2
0000003794,0000001989,1,0000000133,2
0000003795,0000001989,2,0000000089,1
0000003796,0000001989,3,0000000013,1
0000003797,0000001990,1,0000000117,1
0000003798,0000001991,1,0000000179,1
0000003799,0000001991,2,0000000053,1
0000003800,0000001992,1,0000000034,1
0000003801,0000001993,1,0000000348,1
0000003802,0000001993,2,0000000045,1
0000003803,0000001994,1,0000000102,1
0000003804,0000001994,2,0000000157,1
0000003805,0000001995,1,0000000481,4
0000003806,0000001996,1,0000000010,1
0000003807,0000001996,2,0000000071,1
0000003808,0000001997,1,0000000222,1
0000003809,0000001998,1,0000000390,1
0000003810,0000001999,1,0000000400,1
0000003811,0000001999,2,0000000487,2
0000003812,0000002000,1,0000000102,1
0000003813,0000002000,2,0000000466,1
0000003814,0000002001,1,0000000095,1
0000003815,0000002001,2,0000000080,3
0000003816,0000002002,1,0000000127,1
0000003817,0000002002,2,0000000413,1
0000003818,0000002002,3,0000000400,3
0000003819,0000002003,1,0000000322,3
0000003820,0000002004,1,0000000412,1
0000003821,0000002005,1,0000000379,3
0000003822,0000002005,2,0000000124,1
0000003823,0000002005,3,0000000451,4
0000003824,0000002005,4,0000000113,1
0000003825,0000002006,1,0000000082,1
0000003826,0000002007,1,0000000098,1
0000003827,0000002008,1,0000000090,1
0000003828,0000002009,1,0000000274,1
0000003829,0000002010,1,0000000393,1
0000003830,0000002010,2,0000000096,1
0000003831,0000002011,1,0000000058,1
0000003832,0000002012,1,0000000091,1
0000003833,0000002013,1,0000000361,3
0000003834,0000002013,2,0000000041,1
0000003835,0000002013,3,0000000007,4
0000003836,0000002013,4,0000000127,1
0000003837,0000002013,5,0000000063,1
0000003838,0000002014,1,0000000143,1
0000003839,0000002014,2,0000000285,2
0000003840,0000002014,3,0000000236,2
0000003841,0000002015,1,0000000366,1
0000003842,0000002016,1,0000000312,3
0000003843,0000002017,1,0000000383,1
0000003844,0000002017,2,0000000376,1
0000003845,0000002017,3,0000000260,1
0000003846,0000002017,4,0000000364,1
0000003847,0000002018,1,0000000164,1
0000003848,0000002019,1,0000000201,1
0000003849,0000002020,1,0000000007,4
0000003850,0000002021,1,0000000320,1
0000003851,0000002021,2,0000000219,1
0000003852,0000002021,3,0000000110,1
0000003853,0000002022,1,0000000472,1
0000003854,0000002022,2,0000000046,1
0000003855,0000002023,1,0000000463,1
0000003856,0000002024,1,0000000304,2
0000003857,0000002024,2,0000000016,1
0000003858,0000002024,3,0000000202,1
0000003859,0000002025,1,0000000007,1
0000003860,0000002025,2,0000000138,2
0000003861,0000002026,1,0000000136,4
0000003862,0000002026,2,0000000352,1
0000003863,0000002026,3,0000000086,1
0000003864,0000002027,1,0000000455,1
0000003865,0000002028,1,0000000156,1
0000003866,0000002029,1,0000000017,1
0000003867,0000002030,1,0000000366,1
0000003868,0000002030,2,0000000243,1
0000003869,0000002030,3,0000000342,1
0000003870,0000002031,1,0000000337,1
0000003871,0000002031,2,0000000397,3
0000003872,0000002032,1,0000000061,2
0000003873,0000002033,1,0000000435,2
0000003874,0000002034,1,0000000424,1
0000003875,0000002034,2,0000000371,1
0000003876,0000002035,1,0000000375,1
0000003877,0000002036,1,0000000230,1
0000003878,0000002037,1,0000000217,1
0000003879,0000002038,1,0000000290,3
0000003880,0000002038,2,0000000029,1
0000003881,0000002039,1,0000000388,1
0000003882,0000002039,2,0000000401,1
0000003883,0000002039,3,0000000024,1
0000003884,0000002040,1,0000000146,2
0000003885,0000002041,1,0000000203,1
0000003886,0000002042,1,0000000113,1
0000003887,0000002042,2,0000000313,3
0000003888,0000002042,3,0000000141,1
0000003889,0000002042,4,0000000143,1
0000003890,0000002043,1,0000000261,4
0000003891,0000002044,1,0000000364,1
0000003892,0000002044,2,0000000109,1
0000003893,0000002045,1,0000000363,1
0000003894,0000002046,1,0000000155,1
0000003895,0000002047,1,0000000303,2
0000003896,0000002047,2,0000000041,1
0000003897,0000002048,1,0000000008,1
0000003898,0000002049,1,0000000492,4
0000003899,0000002049,2,0000000423,1
0000003900,0000002050,1,0000000269,1
0000003901,0000002050,2,0000000419,1
0000003902,0000002050,3,0000000427,2
0000003903,0000002050,4,0000000326,1
0000003904,0000002050,5,0000000310,1
0000003905,0000002051,1,0000000120,1
0000003906,0000002052,1,0000000466,1
0000003907,0000002052,2,0000000350,1
0000003908,0000002052,3,0000000463,1
0000003909,0000002053,1,0000000270,1
0000003910,0000002054,1,0000000010,1
0000003911,0000002054,2,0000000090,2
0000003912,0000002055,1,0000000317,4
0000003913,0000002055,2,0000000063,1
0000003914,0000002056,1,0000000325,2
0000003915,0000002056,2,0000000098,2
0000003916,0000002057,1,0000000260,1
0000003917,0000002057,2,0000000149,3
0000003918,0000002057,3,0000000399,1
0000003919,0000002058,1,0000000127,2
0000003920,0000002058,2,0000000151,1
0000003921,0000002059,1,0000000004,1
0000003922,0000002060,1,0000000316,1
0000003923,0000002061,1,0000000174,1
0000003924,0000002061,2,0000000129,1
0000003925,0000002061,3,0000000255,1
0000003926,0000002062,1,0000000394,2
0000003927,0000002062,2,0000000292,2
0000003928,0000002062,3,0000000029,3
0000003929,0000002063,1,0000000314,3
0000003930,0000002064,1,0000000254,3
0000003931,0000002065,1,0000000352,1
0000003932,0000002065,2,0000000260,1
0000003933,0000002066,1,0000000367,1
0000003934,0000002066,2,0000000114,1
0000003935,0000002066,3,0000000369,3
0000003936,0000002066,4,0000000145,1
0000003937,0000002067,1,0000000490,1
0000003938,0000002068,1,0000000391,1
0000003939,0000002069,1,0000000317,1
0000003940,0000002070,1,0000000108,2
0000003941,0000002070,2,0000000355,1
0000003942,0000002070,3,0000000193,1
0000003943,0000002070,4,0000000482,1
0000003944,0000002070,5,0000000098,1
0000003945,0000002071,1,0000000121,1
0000003946,0000002071,2,0000000332,2
0000003947,0000002071,3,0000000279,3
0000003948,0000002072,1,0000000468,1
0000003949,0000002072,2,0000000094,1
0000003950,0000002073,1,0000000147,1
0000003951,0000002073,2,0000000422,1
0000003952,0000002074,1,0000000199,3
0000003953,0000002075,1,0000000435,1
0000003954,0000002075,2,0000000319,1
0000003955,0000002075,3,0000000001,1
0000003956,0000002075,4,0000000121,1
0000003957,0000002075,5,0000000076,2
0000003958,0000002076,1,0000000011,1
0000003959,0000002076,2,0000000008,2
0000003960,0000002076,3,0000000428,2
0000003961,0000002077,1,0000000435,2
0000003962,0000002078,1,0000000333,1
0000003963,0000002078,2,0000000022,1
0000003964,0000002079,1,0000000488,1
0000003965,0000002079,2,0000000330,1
0000003966,0000002079,3,0000000397,2
0000003967,0000002079,4,0000000475,1
0000003968,0000002080,1,0000000209,1
0000003969,0000002081,1,0000000132,1
0000003970,0000002081,2,0000000495,1
0000003971,0000002082,1,0000000190,1
0000003972,0000002082,2,0000000103,2
0000003973,0000002083,1,0000000347,1
0000003974,0000002084,1,0000000489,1
0000003975,0000002085,1,0000000279,2
0000003976,0000002085,2,0000000077,3
0000003977,0000002086,1,0000000483,1
0000003978,0000002087,1,0000000244,1
0000003979,0000002088,1,0000000433,4
0000003980,0000002088,2,0000000434,1
0000003981,0000002088,3,0000000250,4
0000003982,0000002088,4,0000000458,2
0000003983,0000002088,5,0000000086,1
0000003984,0000002089,1,0000000093,3
0000003985,0000002089,2,0000000486,1
0000003986,0000002090,1,0000000433,1
0000003987,0000002090,2,0000000314,1
0000003988,0000002091,1,0000000039,1
0000003989,0000002091,2,0000000151,1
0000003990,0000002092,1,0000000099,1
0000003991,0000002092,2,0000000080,1
0000003992,0000002093,1,0000000287,1
0000003993,0000002094,1,0000000411,2
0000003994,0000002094,2,0000000181,1
0000003995,0000002095,1,0000000243,1
0000003996,0000002096,1,0000000384,1
0000003997,0000002096,2,0000000176,2
0000003998,0000002096,3,0000000277,1
0000003999,0000002096,4,0000000245,1
0000004000,0000002097,1,0000000233,1
0000004001,0000002097,2,0000000045,1
0000004002,0000002097,3,0000000388,1
0000004003,0000002098,1,0000000448,4
0000004004,0000002099,1,0000000299,1
0000004005,0000002099,2,0000000056,2
0000004006,0000002099,3,0000000448,1
0000004007,0000002100,1,0000000387,2
0000004008,0000002100,2,0000000443,1
0000004009,0000002101,1,0000000491,1
0000004010,0000002102,1,0000000024,4
0000004011,0000002102,2,0000000224,2
0000004012,0000002102,3,0000000367,1
0000004013,0000002102,4,0000000396,3
0000004014,0000002102,5,0000000138,4
0000004015,0000002103,1,0000000135,1
0000004016,0000002104,1,0000000453,1
0000004017,0000002104,2,0000000386,2
0000004018,0000002104,3,0000000409,1
0000004019,0000002105,1,0000000439,1
0000004020,0000002105,2,0000000063,3
0000004021,0000002105,3,0000000087,1
0000004022,0000002106,1,0000000458,1
0000004023,0000002106,2,0000000468,1
0000004024,0000002106,3,0000000283,1
0000004025,0000002107,1,0000000020,2
0000004026,0000002107,2,0000000102,1
0000004027,0000002108,1,0000000108,1
0000004028,0000002109,1,0000000254,1
0000004029,0000002109,2,0000000190,1
0000004030,0000002110,1,0000000081,1
0000004031,0000002110,2,0000000472,1
0000004032,0000002111,1,0000000419,1
0000004033,0000002112,1,0000000311,1
0000004034,0000002113,1,0000000056,1
0000004035,0000002114,1,0000000070,2
0000004036,0000002115,1,0000000135,2
0000004037,0000002115,2,0000000378,1
0000004038,0000002115,3,0000000078,1
0000004039,0000002116,1,0000000021,3
0000004040,0000002117,1,0000000498,1
0000004041,0000002117,2,0000000355,2
0000004042,0000002118,1,0000000445,1
0000004043,0000002118,2,0000000479,4
0000004044,0000002119,1,0000000447,1
0000004045,0000002119,2,0000000302,2
0000004046,0000002120,1,0000000284,1
0000004047,0000002121,1,0000000219,1
0000004048,0000002122,1,0000000402,2
0000004049,0000002122,2,0000000425,1
0000004050,0000002123,1,0000000454,1
0000004051,0000002124,1,0000000102,1
0000004052,0000002125,1,0000000284,1
0000004053,0000002125,2,0000000296,1
0000004054,0000002126,1,0000000468,3
0000004055,0000002126,2,0000000362,1
0000004056,0000002126,3,0000000263,2
0000004057,0000002126,4,0000000179,1
0000004058,0000002127,1,0000000185,2
0000004059,0000002127,2,0000000335,1
0000004060,0000002127,3,0000000122,1
0000004061,0000002127,4,0000000416,1
0000004062,0000002128,1,0000000295,1
0000004063,0000002128,2,0000000477,1
0000004064,0000002129,1,0000000035,1
0000004065,0000002129,2,0000000419,1
0000004066,0000002129,3,0000000198,1
0000004067,0000002130,1,0000000052,1
0000004068,0000002131,1,0000000184,1
0000004069,0000002132,1,0000000436,2
0000004070,0000002132,2,0000000076,1
0000004071,0000002133,1,0000000010,1
0000004072,0000002134,1,0000000085,2
0000004073,0000002134,2,0000000406,1
0000004074,0000002134,3,0000000426,1
0000004075,0000002134,4,0000000453,2
0000004076,0000002134,5,0000000289,1
0000004077,0000002135,1,0000000399,2
0000004078,0000002136,1,0000000477,1
0000004079,0000002136,2,0000000483,1
0000004080,0000002137,1,0000000147,1
0000004081,0000002137,2,0000000009,1
0000004082,0000002138,1,0000000051,2
0000004083,0000002138,2,0000000337,4
0000004084,0000002139,1,0000000293,1
0000004085,0000002140,1,0000000450,2
0000004086,0000002141,1,0000000178,2
0000004087,0000002142,1,0000000345,1
0000004088,0000002142,2,0000000214,1
0000004089,0000002143,1,0000000139,2
0000004090,0000002143,2,0000000391,1
0000004091,0000002144,1,0000000113,1
0000004092,0000002145,1,0000000084,1
0000004093,0000002145,2,0000000181,2
0000004094,0000002145,3,0000000263,2
0000004095,0000002146,1,0000000447,2
0000004096,0000002146,2,0000000441,1
0000004097,0000002146,3,0000000235,1
0000004098,0000002146,4,0000000216,3
0000004099,0000002146,5,0000000152,2
0000004100,0000002147,1,0000000008,1
0000004101,0000002147,2,0000000010,1
0000004102,0000002147,3,0000000087,1
0000004103,0000002147,4,0000000452,1
0000004104,0000002148,1,0000000016,1
0000004105,0000002148,2,0000000281,4
0000004106,0000002148,3,0000000327,1
0000004107,0000002148,4,0000000248,1
0000004108,0000002149,1,0000000070,1
0000004109,0000002149,2,0000000253,1
0000004110,0000002149,3,0000000456,1
0000004111,0000002149,4,0000000145,1
0000004112,0000002150,1,0000000104,3
0000004113,0000002151,1,0000000491,4
0000004114,0000002151,2,0000000168,1
0000004115,0000002151,3,0000000486,1
0000004116,0000002152,1,0000000090,1
0000004117,0000002153,1,0000000282,2
0000004118,0000002154,1,0000000195,4
0000004119,0000002154,2,0000000035,2
0000004120,0000002154,3,0000000021,1
0000004121,0000002155,1,0000000378,2
0000004122,0000002156,1,0000000114,2
0000004123,0000002157,1,0000000215,1
0000004124,0000002158,1,0000000347,1
0000004125,0000002158,2,0000000068,3
0000004126,0000002159,1,0000000407,1
0000004127,0000002160,1,0000000422,1
0000004128,0000002160,2,0000000128,1
0000004129,0000002161,1,0000000472,1
0000004130,0000002161,2,0000000349,1
0000004131,0000002162,1,0000000034,1
0000004132,0000002162,2,0000000046,1
0000004133,0000002163,1,0000000484,1
0000004134,0000002164,1,0000000087,4
0000004135,0000002164,2,0000000478,1
0000004136,0000002165,1,0000000335,1
0000004137,0000002166,1,0000000138,4
0000004138,0000002167,1,0000000248,3
0000004139,0000002167,2,0000000467,1
0000004140,0000002167,3,0000000342,1
0000004141,0000002168,1,0000000424,1
0000004142,0000002168,2,0000000152,1
0000004143,0000002168,3,0000000422,1
0000004144,0000002169,1,0000000499,4
0000004145,0000002170,1,0000000472,2
0000004146,0000002171,1,0000000397,1
0000004147,0000002172,1,0000000419,1
0000004148,0000002172,2,0000000151,1
0000004149,0000002172,3,0000000231,4
0000004150,0000002173,1,0000000410,1
0000004151,0000002174,1,0000000466,1
0000004152,0000002175,1,0000000320,4
0000004153,0000002176,1,0000000085,1
0000004154,0000002176,2,0000000274,2
0000004155,0000002177,1,0000000309,2
0000004156,0000002178,1,0000000160,2
0000004157,0000002179,1,0000000414,1
0000004158,0000002180,1,0000000316,1
0000004159,0000002180,2,0000000059,1
0000004160,0000002180,3,0000000323,1
0000004161,0000002181,1,0000000029,1
0000004162,0000002181,2,0000000350,1
0000004163,0000002181,3,0000000320,1
0000004164,0000002181,4,0000000058,1
0000004165,0000002181,5,0000000007,1
0000004166,0000002182,1,0000000414,2
0000004167,0000002183,1,0000000003,2
0000004168,0000002184,1,0000000035,1
0000004169,0000002185,1,0000000191,1
0000004170,0000002185,2,0000000150,1
0000004171,0000002185,3,0000000477,2
0000004172,0000002185,4,0000000331,1
0000004173,0000002186,1,0000000464,1
0000004174,0000002187,1,0000000142,4
0000004175,0000002187,2,0000000461,1
0000004176,0000002188,1,0000000382,1
0000004177,0000002188,2,0000000067,2
0000004178,0000002189,1,0000000114,2
0000004179,0000002190,1,0000000080,1
0000004180,0000002191,1,0000000379,1
0000004181,0000002191,2,0000000289,1
0000004182,0000002191,3,0000000046,3
0000004183,0000002191,4,0000000481,2
0000004184,0000002192,1,0000000492,2
0000004185,0000002193,1,0000000064,1
0000004186,0000002193,2,0000000418,1
0000004187,0000002194,1,0000000302,1
0000004188,0000002195,1,0000000497,1
0000004189,0000002196,1,0000000069,1
0000004190,0000002196,2,0000000150,4
0000004191,0000002196,3,0000000231,1
0000004192,0000002196,4,0000000283,2
0000004193,0000002196,5,0000000181,4
0000004194,0000002197,1,0000000425,1
0000004195,0000002197,2,0000000222,2
0000004196,0000002197,3,0000000374,1
0000004197,0000002197,4,0000000220,1
0000004198,0000002198,1,0000000186,1
0000004199,0000002199,1,0000000261,1
0000004200,0000002199,2,0000000166,1
0000004201,0000002199,3,0000000335,1
0000004202,0000002199,4,0000000421,3
0000004203,0000002199,5,0000000298,2
0000004204,0000002200,1,0000000439,1
0000004205,0000002200,2,0000000088,2
0000004206,0000002201,1,0000000221,2
0000004207,0000002202,1,0000000493,1
0000004208,0000002202,2,0000000382,2
0000004209,0000002202,3,0000000252,2
0000004210,0000002203,1,0000000458,1
0000004211,0000002204,1,0000000293,1
0000004212,0000002204,2,0000000082,4
0000004213,0000002204,3,0000000446,1
0000004214,0000002204,4,0000000314,1
0000004215,0000002204,5,0000000454,1
0000004216,0000002205,1,0000000289,3
0000004217,0000002206,1,0000000423,1
0000004218,0000002206,2,0000000202,2
0000004219,0000002206,3,0000000377,1
0000004220,0000002207,1,0000000386,1
0000004221,0000002208,1,0000000386,1
0000004222,0000002208,2,0000000215,1
0000004223,0000002208,3,0000000113,1
0000004224,0000002209,1,0000000034,1
0000004225,0000002209,2,0000000249,1
0000004226,0000002210,1,0000000325,2
0000004227,0000002210,2,0000000407,1
0000004228,0000002210,3,0000000239,1
0000004229,0000002210,4,0000000309,1
0000004230,0000002210,5,0000000402,3
0000004231,0000002211,1,0000000282,2
0000004232,0000002212,1,0000000243,1
0000004233,0000002213,1,0000000252,1
0000004234,0000002214,1,0000000443,1
0000004235,0000002214,2,0000000403,1
0000004236,0000002215,1,0000000136,2
0000004237,0000002216,1,0000000336,2
0000004238,0000002216,2,0000000166,1
0000004239,0000002216,3,0000000012,1
0000004240,0000002217,1,0000000274,3
0000004241,0000002218,1,0000000417,2
0000004242,0000002219,1,0000000091,1
0000004243,0000002219,2,0000000412,1
0000004244,0000002220,1,0000000478,1
0000004245,0000002221,1,0000000496,1
0000004246,0000002221,2,0000000377,1
0000004247,0000002222,1,0000000193,1
0000004248,0000002222,2,0000000058,1
0000004249,0000002222,3,0000000218,1
0000004250,0000002222,4,0000000104,1
0000004251,0000002223,1,0000000398,2
0000004252,0000002224,1,0000000205,1
0000004253,0000002225,1,0000000494,1
0000004254,0000002225,2,0000000461,1
0000004255,0000002226,1,0000000211,2
0000004256,0000002226,2,0000000084,1
0000004257,0000002227,1,0000000378,1
0000004258,0000002227,2,0000000064,1
0000004259,0000002227,3,0000000112,1
0000004260,0000002227,4,0000000405,1
0000004261,0000002228,1,0000000234,2
0000004262,0000002229,1,0000000393,1
0000004263,0000002229,2,0000000089,1
0000004264,0000002229,3,0000000045,1
0000004265,0000002229,4,0000000213,1
0000004266,0000002229,5,0000000352,1
0000004267,0000002230,1,0000000195,1
0000004268,0000002231,1,0000000143,4
0000004269,0000002231,2,0000000132,1
0000004270,0000002231,3,0000000124,1
0000004271,0000002231,4,0000000285,1
0000004272,0000002231,5,0000000346,3
0000004273,0000002232,1,0000000470,1
0000004274,0000002233,1,0000000400,1
0000004275,0000002233,2,0000000317,1
0000004276,0000002234,1,0000000109,2
0000004277,0000002234,2,0000000218,1
0000004278,0000002234,3,0000000364,1
0000004279,0000002235,1,0000000494,2
0000004280,0000002235,2,0000000244,1
0000004281,0000002235,3,0000000315,2
0000004282,0000002235,4,0000000228,1
0000004283,0000002236,1,0000000223,1
0000004284,0000002237,1,0000000162,1
0000004285,0000002237,2,0000000116,1
0000004286,0000002237,3,0000000493,1
0000004287,0000002237,4,0000000132,1
0000004288,0000002237,5,0000000397,2
0000004289,0000002238,1,0000000013,2
0000004290,0000002238,2,0000000434,1
0000004291,0000002238,3,0000000353,1
0000004292,0000002238,4,0000000069,1
0000004293,0000002239,1,0000000132,2
0000004294,0000002239,2,0000000221,2
0000004295,0000002240,1,0000000063,1
0000004296,0000002241,1,0000000465,1
0000004297,0000002241,2,0000000237,3
0000004298,0000002241,3,0000000015,1
0000004299,0000002242,1,0000000432,3
0000004300,0000002243,1,0000000487,2
0000004301,0000002244,1,0000000227,1
0000004302,0000002245,1,0000000359,1
0000004303,0000002245,2,0000000133,3
0000004304,0000002245,3,0000000183,4
0000004305,0000002245,4,0000000185,2
0000004306,0000002246,1,0000000095,1
0000004307,0000002246,2,0000000415,2
0000004308,0000002246,3,0000000245,2
0000004309,0000002246,4,0000000249,1
0000004310,0000002246,5,0000000033,2
0000004311,0000002247,1,0000000485,1
0000004312,0000002247,2,0000000386,3
0000004313,0000002247,3,0000000444,2
0000004314,0000002248,1,0000000150,4
0000004315,0000002248,2,0000000221,1
0000004316,0000002249,1,0000000143,1
0000004317,0000002249,2,0000000234,1
0000004318,0000002249,3,0000000009,1
0000004319,0000002250,1,0000000015,1
0000004320,0000002250,2,0000000377,1
0000004321,0000002250,3,0000000312,1
0000004322,0000002250,4,0000000334,2
0000004323,0000002251,1,0000000454,1
0000004324,0000002251,2,0000000261,1
0000004325,0000002252,1,0000000091,1
0000004326,0000002253,1,0000000222,4
0000004327,0000002254,1,0000000290,1
0000004328,0000002254,2,0000000082,1
0000004329,0000002254,3,0000000374,1
0000004330,0000002254,4,0000000131,1
0000004331,0000002254,5,0000000263,1
0000004332,0000002255,1,0000000303,1
0000004333,0000002256,1,0000000334,3
0000004334,0000002256,2,0000000061,3
0000004335,0000002256,3,0000000089,2
0000004336,0000002257,1,0000000026,1
0000004337,0000002258,1,0000000089,1
0000004338,0000002259,1,0000000234,2
0000004339,0000002260,1,0000000161,1
0000004340,0000002260,2,0000000277,1
0000004341,0000002261,1,0000000236,1
0000004342,0000002261,2,0000000427,1
0000004343,0000002261,3,0000000272,1
0000004344,0000002261,4,0000000444,1
0000004345,0000002261,5,0000000327,4
0000004346,0000002262,1,0000000194,1
0000004347,0000002263,1,0000000043,1
0000004348,0000002264,1,0000000211,1
0000004349,0000002264,2,0000000022,1
0000004350,0000002265,1,0000000015,1
0000004351,0000002266,1,0000000134,1
0000004352,0000002266,2,0000000380,1
0000004353,0000002267,1,0000000126,1
0000004354,0000002267,2,0000000197,1
0000004355,0000002267,3,0000000218,1
0000004356,0000002268,1,0000000416,2
0000004357,0000002269,1,0000000070,3
0000004358,0000002270,1,0000000022,1
0000004359,0000002271,1,0000000169,1
0000004360,0000002271,2,0000000075,1
0000004361,0000002272,1,0000000390,1
0000004362,0000002273,1,0000000408,1
0000004363,0000002274,1,0000000236,2
0000004364,0000002275,1,0000000453,1
0000004365,0000002276,1,0000000404,1
0000004366,0000002277,1,0000000273,1
0000004367,0000002278,1,0000000132,1
0000004368,0000002279,1,0000000030,1
0000004369,0000002280,1,0000000100,4
0000004370,0000002280,2,0000000272,2
0000004371,0000002281,1,0000000425,1
0000004372,0000002281,2,0000000463,1
0000004373,0000002281,3,0000000259,1
0000004374,0000002282,1,0000000330,1
0000004375,0000002283,1,0000000439,1
0000004376,0000002284,1,0000000358,2
0000004377,0000002284,2,0000000001,3
0000004378,0000002285,1,0000000197,1
0000004379,0000002285,2,0000000031,2
0000004380,0000002285,3,0000000446,1
0000004381,0000002285,4,0000000472,1
0000004382,0000002286,1,0000000373,1
0000004383,0000002286,2,0000000410,4
0000004384,0000002286,3,0000000094,1
0000004385,0000002287,1,0000000174,1
0000004386,0000002287,2,0000000116,1
0000004387,0000002288,1,0000000180,2
0000004388,0000002288,2,0000000252,1
0000004389,0000002288,3,0000000257,1
0000004390,0000002289,1,0000000140,1
0000004391,0000002289,2,0000000265,1
0000004392,0000002289,3,0000000256,1
0000004393,0000002289,4,0000000428,1
0000004394,0000002290,1,0000000296,4
0000004395,0000002290,2,0000000167,1
0000004396,0000002291,1,0000000295,1
0000004397,0000002292,1,0000000156,3
0000004398,0000002292,2,0000000297,2
0000004399,0000002292,3,0000000326,1
0000004400,0000002293,1,0000000076,1
0000004401,0000002294,1,0000000222,1
0000004402,0000002295,1,0000000356,1
0000004403,0000002296,1,0000000111,3
0000004404,0000002296,2,0000000220,1
0000004405,0000002296,3,0000000181,2
0000004406,0000002297,1,0000000080,1
0000004407,0000002297,2,0000000137,1
0000004408,0000002297,3,0000000089,1
0000004409,0000002297,4,0000000240,1
0000004410,0000002298,1,0000000498,2
0000004411,0000002299,1,0000000176,1
0000004412,0000002299,2,0000000227,4
0000004413,0000002299,3,0000000456,1
0000004414,0000002300,1,0000000211,1
0000004415,0000002301,1,0000000051,1
0000004416,0000002301,2,0000000245,1
0000004417,0000002302,1,0000000234,1
0000004418,0000002303,1,0000000299,4
0000004419,0000002304,1,0000000264,1
0000004420,0000002305,1,0000000391,1
0000004421,0000002306,1,0000000171,3
0000004422,0000002306,2,0000000156,1
0000004423,0000002306,3,0000000333,2
0000004424,0000002306,4,0000000179,1
0000004425,0000002307,1,0000000137,1
0000004426,0000002307,2,0000000190,1
0000004427,0000002307,3,0000000238,1
0000004428,0000002308,1,0000000495,3
0000004429,0000002309,1,0000000427,2
0000004430,0000002310,1,0000000178,1
0000004431,0000002310,2,0000000065,1
0000004432,0000002310,3,0000000005,1
0000004433,0000002310,4,0000000013,1
0000004434,0000002311,1,0000000272,2
0000004435,0000002312,1,0000000477,2
0000004436,0000002312,2,0000000140,1
0000004437,0000002312,3,0000000492,2
0000004438,0000002313,1,0000000350,1
0000004439,0000002314,1,0000000024,3
0000004440,0000002315,1,0000000074,2
0000004441,0000002315,2,0000000400,1
0000004442,0000002315,3,0000000188,2
0000004443,0000002316,1,0000000175,4
0000004444,0000002317,1,0000000250,1
0000004445,0000002318,1,0000000249,1
0000004446,0000002319,1,0000000313,1
0000004447,0000002319,2,0000000450,1
0000004448,0000002319,3,0000000185,1
0000004449,0000002319,4,0000000432,1
0000004450,0000002320,1,0000000435,1
0000004451,0000002321,1,0000000444,1
0000004452,0000002322,1,0000000138,1
0000004453,0000002323,1,0000000237,1
0000004454,0000002324,1,0000000213,1
0000004455,0000002325,1,0000000154,1
0000004456,0000002326,1,0000000170,1
0000004457,0000002326,2,0000000459,1
0000004458,0000002326,3,0000000421,1
0000004459,0000002327,1,0000000086,2
0000004460,0000002328,1,0000000101,3
0000004461,0000002328,2,0000000478,1
0000004462,0000002328,3,0000000451,1
0000004463,0000002328,4,0000000055,1
0000004464,0000002328,5,0000000318,1
0000004465,0000002329,1,0000000416,1
0000004466,0000002330,1,0000000214,2
0000004467,0000002331,1,0000000098,1
0000004468,0000002331,2,0000000286,1
0000004469,0000002331,3,0000000394,2
0000004470,0000002332,1,0000000032,1
0000004471,0000002332,2,0000000162,1
0000004472,0000002333,1,0000000014,1
0000004473,0000002334,1,0000000338,2
0000004474,0000002334,2,0000000260,1
0000004475,0000002334,3,0000000059,2
0000004476,0000002334,4,0000000413,1
0000004477,0000002335,1,0000000028,2
0000004478,0000002336,1,0000000240,1
0000004479,0000002336,2,0000000036,1
0000004480,0000002337,1,0000000172,1
0000004481,0000002337,2,0000000486,1
0000004482,0000002338,1,0000000138,1
0000004483,0000002338,2,0000000195,2
0000004484,0000002339,1,0000000193,1
0000004485,0000002339,2,0000000188,2
0000004486,0000002339,3,0000000340,1
0000004487,0000002339,4,0000000083,2
0000004488,0000002340,1,0000000305,1
0000004489,0000002340,2,0000000214,2
0000004490,0000002340,3,0000000492,4
0000004491,0000002340,4,0000000449,1
0000004492,0000002341,1,0000000205,1
0000004493,0000002342,1,0000000339,1
0000004494,0000002342,2,0000000203,1
0000004495,0000002343,1,0000000267,1
0000004496,0000002344,1,0000000315,3
0000004497,0000002345,1,0000000199,1
0000004498,0000002346,1,0000000345,1
0000004499,0000002346,2,0000000136,1
0000004500,0000002347,1,0000000313,4
0000004501,0000002348,1,0000000324,1
0000004502,0000002349,1,0000000185,2
0000004503,0000002349,2,0000000017,1
0000004504,0000002349,3,0000000147,1
0000004505,0000002350,1,0000000027,1
0000004506,0000002350,2,0000000482,1
0000004507,0000002351,1,0000000454,1
0000004508,0000002352,1,0000000404,1
0000004509,0000002353,1,0000000028,1
0000004510,0000002353,2,0000000001,4
0000004511,0000002353,3,0000000012,1
0000004512,0000002354,1,0000000049,1
0000004513,0000002355,1,0000000073,1
0000004514,0000002356,1,0000000192,1
0000004515,0000002357,1,0000000478,2
0000004516,0000002357,2,0000000315,4
0000004517,0000002358,1,0000000442,1
0000004518,0000002359,1,0000000110,1
0000004519,0000002359,2,0000000004,2
0000004520,0000002360,1,0000000375,2
0000004521,0000002361,1,0000000212,2
0000004522,0000002362,1,0000000124,2
0000004523,0000002363,1,0000000187,1
0000004524,0000002364,1,0000000349,1
0000004525,0000002364,2,0000000319,1
0000004526,0000002364,3,0000000314,2
0000004527,0000002365,1,0000000037,1
0000004528,0000002365,2,0000000164,2
0000004529,0000002366,1,0000000012,1
0000004530,0000002366,2,0000000345,2
0000004531,0000002366,3,0000000163,1
0000004532,0000002366,4,0000000255,1
0000004533,0000002367,1,0000000316,1
0000004534,0000002367,2,0000000124,3
0000004535,0000002367,3,0000000266,1
0000004536,0000002367,4,0000000351,4
0000004537,0000002367,5,0000000495,1
0000004538,0000002368,1,0000000081,1
0000004539,0000002368,2,0000000412,1
0000004540,0000002368,3,0000000033,3
0000004541,0000002368,4,0000000098,1
0000004542,0000002369,1,0000000320,3
0000004543,0000002370,1,0000000492,1
0000004544,0000002370,2,0000000312,2
0000004545,0000002370,3,0000000032,1
0000004546,0000002371,1,0000000104,2
0000004547,0000002371,2,0000000359,3
0000004548,0000002371,3,0000000095,1
0000004549,0000002371,4,0000000193,4
0000004550,0000002371,5,0000000165,1
0000004551,0000002372,1,0000000098,3
0000004552,0000002373,1,0000000454,3
0000004553,0000002373,2,0000000351,4
0000004554,0000002373,3,0000000231,2
0000004555,0000002373,4,0000000250,2
0000004556,0000002374,1,0000000149,1
0000004557,0000002375,1,0000000434,1
0000004558,0000002375,2,0000000494,2
0000004559,0000002375,3,0000000489,2
0000004560,0000002376,1,0000000420,1
0000004561,0000002377,1,0000000021,1
0000004562,0000002378,1,0000000247,3
0000004563,0000002379,1,0000000340,2
0000004564,0000002380,1,0000000440,1
0000004565,0000002380,2,0000000456,1
0000004566,0000002381,1,0000000128,1
0000004567,0000002381,2,0000000229,1
0000004568,0000002382,1,0000000486,1
0000004569,0000002383,1,0000000029,1
0000004570,0000002384,1,0000000462,2
0000004571,0000002384,2,0000000243,4
0000004572,0000002384,3,0000000008,1
0000004573,0000002384,4,0000000186,1
0000004574,0000002384,5,0000000350,4
0000004575,0000002385,1,0000000305,1
0000004576,0000002385,2,0000000337,3
0000004577,0000002385,3,0000000368,1
0000004578,0000002386,1,0000000370,1
0000004579,0000002387,1,0000000338,1
0000004580,0000002388,1,0000000130,1
0000004581,0000002389,1,0000000217,2
0000004582,0000002390,1,0000000304,1
0000004583,0000002391,1,0000000125,1
0000004584,0000002392,1,0000000170,1
0000004585,0000002392,2,0000000401,2
0000004586,0000002392,3,0000000324,1
0000004587,0000002392,4,0000000077,4
0000004588,0000002392,5,0000000164,1
0000004589,0000002393,1,0000000242,1
0000004590,0000002394,1,0000000203,1
0000004591,0000002394,2,0000000459,1
0000004592,0000002395,1,0000000287,1
0000004593,0000002396,1,0000000233,3
0000004594,0000002396,2,0000000284,1
0000004595,0000002397,1,0000000004,1
0000004596,0000002397,2,0000000398,2
0000004597,0000002397,3,0000000300,2
0000004598,0000002397,4,0000000470,1
0000004599,0000002398,1,0000000179,1
0000004600,0000002398,2,0000000293,1
0000004601,0000002399,1,0000000067,4
0000004602,0000002399,2,0000000043,2
0000004603,0000002399,3,0000000393,2
0000004604,0000002400,1,0000000420,1
0000004605,0000002401,1,0000000496,1
0000004606,0000002401,2,0000000336,1
0000004607,0000002401,3,0000000307,1
0000004608,0000002401,4,0000000186,1
0000004609,0000002402,1,0000000473,1
0000004610,0000002403,1,0000000011,1
0000004611,0000002404,1,0000000460,1
0000004612,0000002405,1,0000000430,1
0000004613,0000002406,1,0000000462,1
0000004614,0000002407,1,0000000299,1
0000004615,0000002408,1,0000000352,2
0000004616,0000002408,2,0000000408,1
0000004617,0000002409,1,0000000421,1
0000004618,0000002409,2,0000000356,3
0000004619,0000002409,3,0000000067,1
0000004620,0000002409,4,0000000385,3
0000004621,0000002409,5,0000000270,2
0000004622,0000002410,1,0000000350,2
0000004623,0000002411,1,0000000467,1
0000004624,0000002411,2,0000000208,2
0000004625,0000002411,3,0000000192,2
0000004626,0000002412,1,0000000422,2
0000004627,0000002412,2,0000000478,1
0000004628,0000002412,3,0000000205,1
0000004629,0000002412,4,0000000471,2
0000004630,0000002413,1,0000000196,2
0000004631,0000002414,1,0000000340,1
0000004632,0000002414,2,0000000298,1
0000004633,0000002414,3,0000000429,1
0000004634,0000002414,4,0000000452,2
0000004635,0000002415,1,0000000168,2
0000004636,0000002415,2,0000000058,4
0000004637,0000002416,1,0000000238,1
0000004638,0000002416,2,0000000293,3
0000004639,0000002417,1,0000000338,2
0000004640,0000002417,2,0000000395,2
0000004641,0000002417,3,0000000450,1
0000004642,0000002417,4,0000000433,1
0000004643,0000002418,1,0000000021,4
0000004644,0000002418,2,0000000415,2
0000004645,0000002418,3,0000000066,1
0000004646,0000002418,4,0000000041,1
0000004647,0000002418,5,0000000086,1
0000004648,0000002419,1,0000000010,1
0000004649,0000002419,2,0000000181,1
0000004650,0000002419,3,0000000124,1
0000004651,0000002420,1,0000000077,2
0000004652,0000002421,1,0000000299,1
0000004653,0000002422,1,0000000481,1
0000004654,0000002422,2,0000000386,1
0000004655,0000002423,1,0000000391,1
0000004656,0000002424,1,0000000241,1
0000004657,0000002425,1,0000000167,1
0000004658,0000002425,2,0000000378,1
0000004659,0000002425,3,0000000338,1
0000004660,0000002426,1,0000000117,1
0000004661,0000002427,1,0000000078,1
0000004662,0000002428,1,0000000473,1
0000004663,0000002428,2,0000000050,2
0000004664,0000002428,3,0000000333,1
0000004665,0000002429,1,0000000199,1
0000004666,0000002429,2,0000000353,1
0000004667,0000002430,1,0000000115,2
0000004668,0000002430,2,0000000184,3
0000004669,0000002431,1,0000000021,1
0000004670,0000002431,2,0000000383,3
0000004671,0000002431,3,0000000491,1
0000004672,0000002432,1,0000000395,3
0000004673,0000002432,2,0000000284,1
0000004674,0000002433,1,0000000231,1
0000004675,0000002434,1,0000000476,1
0000004676,0000002435,1,0000000302,1
0000004677,0000002436,1,0000000433,1
0000004678,0000002437,1,0000000136,1
0000004679,0000002438,1,0000000061,1
0000004680,0000002439,1,0000000354,2
0000004681,0000002439,2,0000000397,1
0000004682,0000002439,3,0000000327,1
0000004683,0000002440,1,0000000356,1
0000004684,0000002441,1,0000000252,2
0000004685,0000002442,1,0000000019,1
0000004686,0000002443,1,0000000351,1
0000004687,0000002443,2,0000000046,1
0000004688,0000002444,1,0000000369,1
0000004689,0000002445,1,0000000148,1
0000004690,0000002446,1,0000000331,3
0000004691,0000002447,1,0000000070,2
0000004692,0000002447,2,0000000296,1
0000004693,0000002447,3,0000000169,1
0000004694,0000002448,1,0000000247,1
0000004695,0000002448,2,0000000151,1
0000004696,0000002448,3,0000000366,1
0000004697,0000002448,4,0000000445,1
0000004698,0000002449,1,0000000058,1
0000004699,0000002450,1,0000000396,1
0000004700,0000002450,2,0000000073,2
0000004701,0000002450,3,0000000013,2
0000004702,0000002451,1,0000000258,1
0000004703,0000002451,2,0000000011,1
0000004704,0000002452,1,0000000009,1
0000004705,0000002453,1,0000000355,2
0000004706,0000002454,1,0000000291,1
0000004707,0000002454,2,0000000126,1
0000004708,0000002454,3,0000000149,1
0000004709,0000002454,4,0000000479,1
0000004710,0000002455,1,0000000125,1
0000004711,0000002455,2,0000000003,2
0000004712,0000002456,1,0000000422,1
0000004713,0000002457,1,0000000121,1
0000004714,0000002457,2,0000000366,1
0000004715,0000002458,1,0000000189,1
0000004716,0000002459,1,0000000473,1
0000004717,0000002459,2,0000000293,2
0000004718,0000002459,3,0000000002,1
0000004719,0000002459,4,0000000256,2
0000004720,0000002460,1,0000000047,2
0000004721,0000002460,2,0000000260,2
0000004722,0000002460,3,0000000115,1
0000004723,0000002461,1,0000000155,1
0000004724,0000002461,2,0000000064,1
0000004725,0000002462,1,0000000051,1
0000004726,0000002463,1,0000000060,1
0000004727,0000002463,2,0000000361,4
0000004728,0000002464,1,0000000262,1
0000004729,0000002465,1,0000000191,2
0000004730,0000002466,1,0000000084,1
0000004731,0000002467,1,0000000485,1
0000004732,0000002468,1,0000000345,3
0000004733,0000002468,2,0000000044,1
0000004734,0000002468,3,0000000216,1
0000004735,0000002468,4,0000000456,1
0000004736,0000002468,5,0000000476,1
0000004737,0000002469,1,0000000209,1
0000004738,0000002470,1,0000000056,1
0000004739,0000002471,1,0000000493,1
0000004740,0000002472,1,0000000406,1
0000004741,0000002472,2,0000000325,2
0000004742,0000002472,3,0000000470,1
0000004743,0000002472,4,0000000109,1
0000004744,0000002472,5,0000000393,1
0000004745,0000002473,1,0000000404,2
0000004746,0000002473,2,0000000287,1
0000004747,0000002474,1,0000000433,1
0000004748,0000002475,1,0000000198,1
0000004749,0000002475,2,0000000054,1
0000004750,0000002475,3,0000000065,2
0000004751,0000002475,4,0000000184,3
0000004752,0000002476,1,0000000234,1
0000004753,0000002477,1,0000000053,1
0000004754,0000002477,2,0000000249,2
0000004755,0000002478,1,0000000005,1
0000004756,0000002479,1,0000000224,1
0000004757,0000002479,2,0000000366,1
0000004758,0000002479,3,0000000369,1
0000004759,0000002479,4,0000000080,1
0000004760,0000002479,5,0000000029,1
0000004761,0000002480,1,0000000362,1
0000004762,0000002480,2,0000000466,1
0000004763,0000002480,3,0000000407,1
0000004764,0000002481,1,0000000043,1
0000004765,0000002482,1,0000000095,1
0000004766,0000002482,2,0000000444,1
0000004767,0000002482,3,0000000238,2
0000004768,0000002482,4,0000000345,1
0000004769,0000002482,5,0000000140,2
0000004770,0000002483,1,0000000280,1
0000004771,0000002484,1,0000000101,2
0000004772,0000002484,2,0000000151,1
0000004773,0000002484,3,0000000212,1
0000004774,0000002484,4,0000000259,2
0000004775,0000002484,5,0000000257,1
0000004776,0000002485,1,0000000141,2
0000004777,0000002486,1,0000000360,3
0000004778,0000002487,1,0000000174,1
0000004779,0000002487,2,0000000298,2
0000004780,0000002487,3,0000000229,2
0000004781,0000002487,4,0000000108,4
0000004782,0000002487,5,0000000216,1
0000004783,0000002488,1,0000000195,1
0000004784,0000002489,1,0000000091,1
0000004785,0000002490,1,0000000017,1
0000004786,0000002490,2,0000000384,1
0000004787,0000002491,1,0000000313,1
0000004788,0000002491,2,0000000074,3
0000004789,0000002491,3,0000000267,1
0000004790,0000002492,1,0000000138,2
0000004791,0000002493,1,0000000190,2
0000004792,0000002493,2,0000000414,1
0000004793,0000002494,1,0000000187,1
0000004794,0000002494,2,0000000194,1
0000004795,0000002494,3,0000000192,2
0000004796,0000002495,1,0000000115,1
0000004797,0000002496,1,0000000045,1
0000004798,0000002496,2,0000000033,1
0000004799,0000002496,3,0000000116,1
0000004800,0000002497,1,0000000324,2
0000004801,0000002498,1,0000000465,2
0000004802,0000002498,2,0000000124,1
0000004803,0000002499,1,0000000010,1
0000004804,0000002500,1,0000000373,1
0000004805,0000002500,2,0000000184,1
0000004806,0000002501,1,0000000181,1
0000004807,0000002502,1,0000000278,1
0000004808,0000002503,1,0000000204,1
0000004809,0000002504,1,0000000069,1
0000004810,0000002505,1,0000000099,3
0000004811,0000002506,1,0000000213,1
0000004812,0000002507,1,0000000440,1
0000004813,0000002508,1,0000000217,4
0000004814,0000002508,2,0000000065,1
0000004815,0000002508,3,0000000170,1
0000004816,0000002509,1,0000000447,1
0000004817,0000002510,1,0000000274,1
0000004818,0000002510,2,0000000500,1
0000004819,0000002510,3,0000000198,2
0000004820,0000002511,1,0000000118,1
0000004821,0000002511,2,0000000453,2
0000004822,0000002511,3,0000000472,1
0000004823,0000002512,1,0000000399,1
0000004824,0000002513,1,0000000438,1
0000004825,0000002513,2,0000000194,1
0000004826,0000002514,1,0000000287,1
0000004827,0000002514,2,0000000068,3
0000004828,0000002514,3,0000000048,1
0000004829,0000002514,4,0000000125,1
0000004830,0000002514,5,0000000098,1
0000004831,0000002515,1,0000000078,1
0000004832,0000002515,2,0000000275,1
0000004833,0000002515,3,0000000273,1
0000004834,0000002516,1,0000000033,1
0000004835,0000002517,1,0000000090,1
0000004836,0000002518,1,0000000369,1
0000004837,0000002518,2,0000000029,1
0000004838,0000002518,3,0000000200,3
0000004839,0000002519,1,0000000267,2
0000004840,0000002520,1,0000000300,1
0000004841,0000002521,1,0000000189,1
0000004842,0000002521,2,0000000470,2
0000004843,0000002522,1,0000000327,4
0000004844,0000002523,1,0000000421,1
0000004845,0000002523,2,0000000146,2
0000004846,0000002524,1,0000000112,1
0000004847,0000002525,1,0000000431,1
0000004848,0000002525,2,0000000149,2
0000004849,0000002525,3,0000000207,1
0000004850,0000002526,1,0000000161,1
0000004851,0000002526,2,0000000033,2
0000004852,0000002527,1,0000000128,1
0000004853,0000002527,2,0000000028,1
0000004854,0000002528,1,0000000025,1
0000004855,0000002528,2,0000000381,4
0000004856,0000002529,1,0000000160,1
0000004857,0000002530,1,0000000309,2
0000004858,0000002530,2,0000000058,3
0000004859,0000002531,1,0000000480,1
0000004860,0000002532,1,0000000086,1
0000004861,0000002533,1,0000000449,2
0000004862,0000002533,2,0000000097,1
0000004863,0000002533,3,0000000063,1
0000004864,0000002533,4,0000000141,1
0000004865,0000002533,5,0000000173,1
0000004866,0000002534,1,0000000184,1
0000004867,0000002535,1,0000000267,1
0000004868,0000002535,2,0000000477,1
0000004869,0000002535,3,0000000426,1
0000004870,0000002536,1,0000000036,1
0000004871,0000002536,2,0000000195,1
0000004872,0000002536,3,0000000108,1
0000004873,0000002536,4,0000000028,1
0000004874,0000002536,5,0000000300,1
0000004875,0000002537,1,0000000449,2
0000004876,0000002538,1,0000000457,3
0000004877,0000002539,1,0000000396,1
0000004878,0000002540,1,0000000022,1
0000004879,0000002540,2,0000000327,1
0000004880,0000002540,3,0000000435,1
0000004881,0000002540,4,0000000243,2
0000004882,0000002540,5,0000000299,1
0000004883,0000002541,1,0000000125,1
0000004884,0000002542,1,0000000389,1
0000004885,0000002543,1,0000000409,1
0000004886,0000002544,1,0000000193,1
0000004887,0000002544,2,0000000226,1
0000004888,0000002544,3,0000000181,3
0000004889,0000002544,4,0000000128,1
0000004890,0000002545,1,0000000318,2
0000004891,0000002546,1,0000000457,1
0000004892,0000002546,2,0000000321,1
0000004893,0000002546,3,0000000214,3
0000004894,0000002547,1,0000000203,1
0000004895,0000002548,1,0000000234,1
0000004896,0000002549,1,0000000108,1
0000004897,0000002550,1,0000000459,3
0000004898,0000002551,1,0000000358,2
0000004899,0000002551,2,0000000442,1
0000004900,0000002552,1,0000000251,3
0000004901,0000002553,1,0000000200,2
0000004902,0000002554,1,0000000279,2
0000004903,0000002554,2,0000000245,2
0000004904,0000002554,3,0000000450,1
0000004905,0000002554,4,0000000255,1
0000004906,0000002555,1,0000000439,1
0000004907,0000002556,1,0000000339,2
0000004908,0000002556,2,0000000123,1
0000004909,0000002556,3,0000000405,1
0000004910,0000002556,4,0000000224,1
0000004911,0000002557,1,0000000341,1
0000004912,0000002557,2,0000000424,1
0000004913,0000002557,3,0000000454,1
0000004914,0000002558,1,0000000143,1
0000004915,0000002559,1,0000000076,1
0000004916,0000002560,1,0000000305,1
0000004917,0000002561,1,0000000092,1
0000004918,0000002561,2,0000000348,1
0000004919,0000002561,3,0000000061,4
0000004920,0000002562,1,0000000348,1
0000004921,0000002562,2,0000000222,3
0000004922,0000002563,1,0000000417,1
0000004923,0000002564,1,0000000139,2
0000004924,0000002564,2,0000000385,2
0000004925,0000002565,1,0000000212,1
0000004926,0000002565,2,0000000188,1
0000004927,0000002565,3,0000000429,1
0000004928,0000002566,1,0000000078,3
0000004929,0000002566,2,0000000453,3
0000004930,0000002566,3,0000000188,1
0000004931,0000002566,4,0000000011,1
0000004932,0000002567,1,0000000374,2
0000004933,0000002567,2,0000000230,1
0000004934,0000002568,1,0000000330,1
0000004935,0000002569,1,0000000330,1
0000004936,0000002570,1,0000000168,2
0000004937,0000002570,2,0000000172,1
0000004938,0000002570,3,0000000227,2
0000004939,0000002570,4,0000000177,1
0000004940,0000002571,1,0000000259,1
0000004941,0000002572,1,0000000048,1
0000004942,0000002573,1,0000000253,1
0000004943,0000002573,2,0000000065,4
0000004944,0000002573,3,0000000450,1
0000004945,0000002574,1,0000000378,1
0000004946,0000002575,1,0000000287,1
0000004947,0000002576,1,0000000213,2
0000004948,0000002577,1,0000000495,2
0000004949,0000002578,1,0000000423,1
0000004950,0000002578,2,0000000164,1
0000004951,0000002579,1,0000000271,1
0000004952,0000002580,1,0000000219,1
0000004953,0000002580,2,0000000305,1
0000004954,0000002581,1,0000000487,1
0000004955,0000002582,1,0000000035,1
0000004956,0000002583,1,0000000202,1
0000004957,0000002584,1,0000000228,1
0000004958,0000002585,1,0000000276,1
0000004959,0000002585,2,0000000381,4
0000004960,0000002585,3,0000000433,3
0000004961,0000002585,4,0000000255,1
0000004962,0000002586,1,0000000120,1
0000004963,0000002587,1,0000000014,1
0000004964,0000002588,1,0000000031,1
0000004965,0000002588,2,0000000021,2
0000004966,0000002588,3,0000000434,1
0000004967,0000002589,1,0000000008,1
0000004968,0000002589,2,0000000403,1
0000004969,0000002589,3,0000000314,1
0000004970,0000002590,1,0000000307,4
0000004971,0000002590,2,0000000132,3
0000004972,0000002590,3,0000000017,1
0000004973,0000002590,4,0000000262,1
0000004974,0000002590,5,0000000144,1
0000004975,0000002591,1,0000000014,1
0000004976,0000002591,2,0000000149,2
0000004977,0000002591,3,0000000178,1
0000004978,0000002592,1,0000000133,1
0000004979,0000002592,2,0000000485,3
0000004980,0000002593,1,0000000081,1
0000004981,0000002594,1,0000000231,2
0000004982,0000002594,2,0000000185,1
0000004983,0000002595,1,0000000011,2
0000004984,0000002595,2,0000000048,2
0000004985,0000002595,3,0000000190,1
0000004986,0000002596,1,0000000120,1
0000004987,0000002596,2,0000000390,1
0000004988,0000002596,3,0000000096,2
0000004989,0000002597,1,0000000164,1
0000004990,0000002597,2,0000000275,1
0000004991,0000002597,3,0000000044,1
0000004992,0000002597,4,0000000238,1
0000004993,0000002598,1,0000000341,1
0000004994,0000002598,2,0000000498,3
0000004995,0000002599,1,0000000025,1
0000004996,0000002600,1,0000000078,1
0000004997,0000002600,2,0000000100,4
0000004998,0000002600,3,0000000253,1
0000004999,0000002601,1,0000000307,1
0000005000,0000002601,2,0000000290,1
0000005001,0000002602,1,0000000404,2
0000005002,0000002602,2,0000000090,3
0000005003,0000002603,1,0000000163,1
0000005004,0000002604,1,0000000209,1
0000005005,0000002604,2,0000000022,1
0000005006,0000002604,3,0000000481,1
0000005007,0000002604,4,0000000027,1
0000005008,0000002604,5,0000000033,1
0000005009,0000002605,1,0000000453,1
0000005010,0000002606,1,0000000210,1
0000005011,0000002606,2,0000000465,2
0000005012,0000002606,3,0000000145,1
0000005013,0000002606,4,0000000179,1
0000005014,0000002606,5,0000000128,3
0000005015,0000002607,1,0000000260,1
0000005016,0000002607,2,0000000152,1
0000005017,0000002607,3,0000000274,1
0000005018,0000002607,4,0000000112,1
0000005019,0000002607,5,0000000445,4
0000005020,0000002608,1,0000000141,2
0000005021,0000002609,1,0000000266,2
0000005022,0000002610,1,0000000354,4
0000005023,0000002611,1,0000000371,1
0000005024,0000002611,2,0000000259,1
0000005025,0000002612,1,0000000323,1
0000005026,0000002613,1,0000000373,1
0000005027,0000002614,1,0000000112,1
0000005028,0000002614,2,0000000420,1
0000005029,0000002615,1,0000000161,3
0000005030,0000002615,2,0000000088,3
0000005031,0000002616,1,0000000243,3
0000005032,0000002617,1,0000000021,1
0000005033,0000002618,1,0000000300,1
0000005034,0000002619,1,0000000432,1
0000005035,0000002620,1,0000000060,3
0000005036,0000002620,2,0000000366,1
0000005037,0000002620,3,0000000452,1
0000005038,0000002621,1,0000000143,1
0000005039,0000002622,1,0000000434,1
0000005040,0000002623,1,0000000099,1
0000005041,0000002623,2,0000000075,4
0000005042,0000002624,1,0000000119,1
0000005043,0000002624,2,0000000483,1
0000005044,0000002624,3,0000000215,3
0000005045,0000002625,1,0000000039,2
0000005046,0000002625,2,0000000208,3
0000005047,0000002625,3,0000000188,1
0000005048,0000002625,4,0000000225,3
0000005049,0000002626,1,0000000431,3
0000005050,0000002627,1,0000000368,1
0000005051,0000002627,2,0000000208,4
0000005052,0000002628,1,0000000498,1
0000005053,0000002629,1,0000000178,1
0000005054,0000002629,2,0000000356,1
0000005055,0000002629,3,0000000275,2
0000005056,0000002630,1,0000000162,4
0000005057,0000002631,1,0000000010,1
0000005058,0000002631,2,0000000423,1
0000005059,0000002632,1,0000000110,4
0000005060,0000002632,2,0000000298,1
0000005061,0000002633,1,0000000358,1
0000005062,0000002633,2,0000000440,1
0000005063,0000002633,3,0000000378,1
0000005064,0000002634,1,0000000135,1
0000005065,0000002635,1,0000000219,4
0000005066,0000002636,1,0000000402,1
0000005067,0000002637,1,0000000399,1
0000005068,0000002637,2,0000000252,1
0000005069,0000002638,1,0000000327,1
0000005070,0000002638,2,0000000022,1
0000005071,0000002639,1,0000000024,1
0000005072,0000002639,2,0000000451,1
0000005073,0000002640,1,0000000457,1
0000005074,0000002641,1,0000000186,1
0000005075,0000002642,1,0000000495,1
0000005076,0000002643,1,0000000273,1
0000005077,0000002643,2,0000000268,1
0000005078,0000002644,1,0000000458,1
0000005079,0000002644,2,0000000411,1
0000005080,0000002645,1,0000000220,2
0000005081,0000002645,2,0000000371,1
0000005082,0000002645,3,0000000362,1
0000005083,0000002645,4,0000000420,1
0000005084,0000002645,5,0000000469,1
0000005085,0000002646,1,0000000133,1
0000005086,0000002646,2,0000000397,2
0000005087,0000002646,3,0000000365,2
0000005088,0000002647,1,0000000055,1
0000005089,0000002647,2,0000000193,1
0000005090,0000002647,3,0000000466,2
0000005091,0000002648,1,0000000200,2
0000005092,0000002649,1,0000000080,1
0000005093,0000002649,2,0000000461,2
0000005094,0000002649,3,0000000441,1
0000005095,0000002650,1,0000000367,1
0000005096,0000002651,1,0000000196,1
0000005097,0000002652,1,0000000120,1
0000005098,0000002652,2,0000000166,2
0000005099,0000002653,1,0000000027,1
0000005100,0000002653,2,0000000059,1
0000005101,0000002653,3,0000000311,1
0000005102,0000002653,4,0000000126,1
0000005103,0000002654,1,0000000191,1
0000005104,0000002654,2,0000000030,1
0000005105,0000002654,3,0000000160,1
0000005106,0000002655,1,0000000116,1
0000005107,0000002656,1,0000000218,1
0000005108,0000002656,2,0000000060,1
0000005109,0000002657,1,0000000372,1
0000005110,0000002658,1,0000000469,1
0000005111,0000002659,1,0000000318,1
0000005112,0000002659,2,0000000397,1
0000005113,0000002660,1,0000000355,1
0000005114,0000002660,2,0000000057,2
0000005115,0000002661,1,0000000407,1
0000005116,0000002662,1,0000000131,1
0000005117,0000002662,2,0000000147,1
0000005118,0000002662,3,0000000266,1
0000005119,0000002662,4,0000000130,2
0000005120,0000002662,5,0000000359,2
0000005121,0000002663,1,0000000440,1
0000005122,0000002663,2,0000000433,2
0000005123,0000002663,3,0000000339,2
0000005124,0000002663,4,0000000018,1
0000005125,0000002664,1,0000000231,3
0000005126,0000002664,2,0000000141,1
0000005127,0000002665,1,0000000084,1
0000005128,0000002665,2,0000000158,2
0000005129,0000002666,1,0000000053,1
0000005130,0000002666,2,0000000111,2
0000005131,0000002667,1,0000000084,1
0000005132,0000002668,1,0000000293,1
0000005133,0000002668,2,0000000423,4
0000005134,0000002669,1,0000000032,1
0000005135,0000002670,1,0000000496,1
0000005136,0000002670,2,0000000119,1
0000005137,0000002671,1,0000000246,1
0000005138,0000002672,1,0000000484,1
0000005139,0000002673,1,0000000054,2
0000005140,0000002673,2,0000000081,1
0000005141,0000002673,3,0000000080,1
0000005142,0000002673,4,0000000314,1
0000005143,0000002674,1,0000000467,1
0000005144,0000002675,1,0000000317,2
0000005145,0000002676,1,0000000069,1
0000005146,0000002676,2,0000000270,2
0000005147,0000002677,1,0000000319,3
0000005148,0000002677,2,0000000223,1
0000005149,0000002678,1,0000000035,4
0000005150,0000002679,1,0000000500,2
0000005151,0000002680,1,0000000296,1
0000005152,0000002681,1,0000000435,1
0000005153,0000002681,2,0000000015,1
0000005154,0000002682,1,0000000005,2
0000005155,0000002682,2,0000000140,1
0000005156,0000002683,1,0000000120,1
0000005157,0000002683,2,0000000107,1
0000005158,0000002683,3,0000000334,1
0000005159,0000002684,1,0000000086,1
0000005160,0000002685,1,0000000182,3
0000005161,0000002685,2,0000000322,1
0000005162,0000002685,3,0000000247,1
0000005163,0000002686,1,0000000045,1
0000005164,0000002686,2,0000000479,2
0000005165,0000002686,3,0000000151,1
0000005166,0000002686,4,0000000191,1
0000005167,0000002687,1,0000000290,1
0000005168,0000002688,1,0000000042,2
0000005169,0000002689,1,0000000166,1
0000005170,0000002689,2,0000000290,1
0000005171,0000002690,1,0000000091,1
0000005172,0000002690,2,0000000156,1
0000005173,0000002691,1,0000000019,1
0000005174,0000002692,1,0000000241,1
0000005175,0000002692,2,0000000196,1
0000005176,0000002693,1,0000000474,3
0000005177,0000002694,1,0000000496,2
0000005178,0000002694,2,0000000444,1
0000005179,0000002694,3,0000000061,1
0000005180,0000002695,1,0000000247,1
0000005181,0000002696,1,0000000354,1
0000005182,0000002697,1,0000000280,2
0000005183,0000002698,1,0000000184,1
0000005184,0000002698,2,0000000357,1
0000005185,0000002699,1,0000000457,1
0000005186,0000002700,1,0000000431,4
0000005187,0000002701,1,0000000032,3
0000005188,0000002701,2,0000000244,1
0000005189,0000002701,3,0000000447,1
0000005190,0000002702,1,0000000337,2
0000005191,0000002702,2,0000000127,1
0000005192,0000002703,1,0000000024,3
0000005193,0000002704,1,0000000272,1
0000005194,0000002704,2,0000000310,1
0000005195,0000002705,1,0000000299,2
0000005196,0000002706,1,0000000473,1
0000005197,0000002707,1,0000000444,3
0000005198,0000002708,1,0000000045,1
0000005199,0000002708,2,0000000084,1
0000005200,0000002709,1,0000000214,2
0000005201,0000002709,2,0000000366,1
0000005202,0000002710,1,0000000409,3
0000005203,0000002710,2,0000000470,1
0000005204,0000002711,1,0000000106,3
0000005205,0000002711,2,0000000076,2
0000005206,0000002711,3,0000000467,1
0000005207,0000002711,4,0000000134,4
0000005208,0000002712,1,0000000437,1
0000005209,0000002713,1,0000000262,1
0000005210,0000002713,2,0000000334,1
0000005211,0000002713,3,0000000451,1
0000005212,0000002714,1,0000000023,1
0000005213,0000002715,1,0000000056,1
0000005214,0000002716,1,0000000005,2
0000005215,0000002716,2,0000000474,1
0000005216,0000002716,3,0000000191,3
0000005217,0000002717,1,0000000462,1
0000005218,0000002718,1,0000000371,1
0000005219,0000002719,1,0000000082,1
0000005220,0000002720,1,0000000479,1
0000005221,0000002721,1,0000000005,1
0000005222,0000002721,2,0000000420,1
0000005223,0000002721,3,0000000227,1
0000005224,0000002722,1,0000000380,4
0000005225,0000002722,2,0000000332,1
0000005226,0000002722,3,0000000438,4
0000005227,0000002723,1,0000000107,2
0000005228,0000002724,1,0000000429,2
0000005229,0000002724,2,0000000464,2
0000005230,0000002725,1,0000000163,1
0000005231,0000002725,2,0000000192,2
0000005232,0000002726,1,0000000272,1
0000005233,0000002726,2,0000000454,1
0000005234,0000002726,3,0000000249,2
0000005235,0000002727,1,0000000390,1
0000005236,0000002728,1,0000000370,2
0000005237,0000002729,1,0000000072,1
0000005238,0000002729,2,0000000283,1
0000005239,0000002730,1,0000000297,3
0000005240,0000002730,2,0000000461,1
0000005241,0000002730,3,0000000353,1
0000005242,0000002730,4,0000000263,4
0000005243,0000002731,1,0000000325,1
0000005244,0000002732,1,0000000055,1
0000005245,0000002732,2,0000000198,1
0000005246,0000002733,1,0000000463,1
0000005247,0000002734,1,0000000287,1
0000005248,0000002734,2,0000000140,2
0000005249,0000002734,3,0000000319,1
0000005250,0000002735,1,0000000283,1
0000005251,0000002735,2,0000000198,3
0000005252,0000002735,3,0000000500,1
0000005253,0000002736,1,0000000157,1
0000005254,0000002737,1,0000000290,1
0000005255,0000002738,1,0000000466,1
0000005256,0000002739,1,0000000343,1
0000005257,0000002740,1,0000000435,1
0000005258,0000002740,2,0000000287,1
0000005259,0000002741,1,0000000299,2
0000005260,0000002742,1,0000000444,1
0000005261,0000002743,1,0000000309,1
0000005262,0000002743,2,0000000359,1
0000005263,0000002743,3,0000000141,1
0000005264,0000002744,1,0000000388,1
0000005265,0000002745,1,0000000381,1
0000005266,0000002746,1,0000000353,1
0000005267,0000002747,1,0000000475,1
0000005268,0000002748,1,0000000038,1
0000005269,0000002748,2,0000000411,1
0000005270,0000002749,1,0000000295,2
0000005271,0000002750,1,0000000037,2
0000005272,0000002751,1,0000000216,1
0000005273,0000002752,1,0000000472,1
0000005274,0000002753,1,0000000315,1
0000005275,0000002754,1,0000000407,2
0000005276,0000002754,2,0000000118,2
0000005277,0000002755,1,0000000419,2
0000005278,0000002755,2,0000000475,2
0000005279,0000002755,3,0000000112,2
0000005280,0000002755,4,0000000499,1
0000005281,0000002756,1,0000000457,2
0000005282,0000002757,1,0000000307,2
0000005283,0000002757,2,0000000135,3
0000005284,0000002757,3,0000000027,2
0000005285,0000002757,4,0000000348,1
0000005286,0000002758,1,0000000128,1
0000005287,0000002758,2,0000000033,1
0000005288,0000002759,1,0000000448,2
0000005289,0000002759,2,0000000234,1
0000005290,0000002759,3,0000000380,1
0000005291,0000002759,4,0000000338,3
0000005292,0000002760,1,0000000498,1
0000005293,0000002760,2,0000000295,1
0000005294,0000002760,3,0000000087,2
0000005295,0000002761,1,0000000217,1
0000005296,0000002761,2,0000000366,1
0000005297,0000002762,1,0000000051,1
0000005298,0000002763,1,0000000345,1
0000005299,0000002764,1,0000000122,1
0000005300,0000002764,2,0000000177,3
0000005301,0000002764,3,0000000266,1
0000005302,0000002765,1,0000000144,1
0000005303,0000002766,1,0000000141,1
0000005304,0000002766,2,0000000156,2
0000005305,0000002767,1,0000000075,1
0000005306,0000002768,1,0000000410,2
0000005307,0000002769,1,0000000417,2
0000005308,0000002770,1,0000000076,1
0000005309,0000002771,1,0000000418,1
0000005310,0000002771,2,0000000248,1
0000005311,0000002772,1,0000000277,1
0000005312,0000002773,1,0000000020,4
0000005313,0000002774,1,0000000316,2
0000005314,0000002774,2,0000000293,1
0000005315,0000002774,3,0000000367,1
0000005316,0000002775,1,0000000100,2
0000005317,0000002775,2,0000000082,3
0000005318,0000002776,1,0000000129,2
0000005319,0000002776,2,0000000185,1
0000005320,0000002776,3,0000000455,3
0000005321,0000002776,4,0000000163,2
0000005322,0000002776,5,0000000214,1
0000005323,0000002777,1,0000000443,1
0000005324,0000002778,1,0000000351,2
0000005325,0000002779,1,0000000359,1
0000005326,0000002779,2,0000000101,3
0000005327,0000002779,3,0000000492,1
0000005328,0000002779,4,0000000181,2
0000005329,0000002779,5,0000000299,1
0000005330,0000002780,1,0000000442,1
0000005331,0000002780,2,0000000023,2
0000005332,0000002780,3,0000000259,2
0000005333,0000002780,4,0000000322,4
0000005334,0000002781,1,0000000453,1
0000005335,0000002782,1,0000000344,1
0000005336,0000002783,1,0000000416,1
0000005337,0000002784,1,0000000104,1
0000005338,0000002784,2,0000000400,3
0000005339,0000002784,3,0000000090,1
0000005340,0000002784,4,0000000220,3
0000005341,0000002784,5,0000000148,1
0000005342,0000002785,1,0000000172,1
0000005343,0000002785,2,0000000098,1
0000005344,0000002786,1,0000000263,3
0000005345,0000002787,1,0000000396,1
0000005346,0000002787,2,0000000439,4
0000005347,0000002788,1,0000000410,1
0000005348,0000002789,1,0000000470,1
0000005349,0000002790,1,0000000115,2
0000005350,0000002791,1,0000000006,2
0000005351,0000002791,2,0000000222,1
0000005352,0000002791,3,0000000326,3
0000005353,0000002791,4,0000000318,1
0000005354,0000002792,1,0000000156,3
0000005355,0000002793,1,0000000010,2
0000005356,0000002793,2,0000000262,1
0000005357,0000002793,3,0000000341,1
0000005358,0000002793,4,0000000373,3
0000005359,0000002794,1,0000000212,1
0000005360,0000002794,2,0000000213,1
0000005361,0000002795,1,0000000262,1
0000005362,0000002795,2,0000000120,1
0000005363,0000002795,3,0000000365,1
0000005364,0000002795,4,0000000423,1
0000005365,0000002795,5,0000000468,1
0000005366,0000002796,1,0000000038,1
0000005367,0000002796,2,0000000294,1
0000005368,0000002796,3,0000000496,1
0000005369,0000002796,4,0000000238,1
0000005370,0000002797,1,0000000241,1
0000005371,0000002798,1,0000000244,1
0000005372,0000002798,2,0000000281,1
0000005373,0000002799,1,0000000205,1
0000005374,0000002799,2,0000000105,1
0000005375,0000002799,3,0000000072,2
0000005376,0000002800,1,0000000492,1
0000005377,0000002800,2,0000000206,2
0000005378,0000002800,3,0000000316,1
0000005379,0000002801,1,0000000298,4
0000005380,0000002801,2,0000000213,1
0000005381,0000002801,3,0000000500,2
0000005382,0000002801,4,0000000282,1
0000005383,0000002802,1,0000000120,1
0000005384,0000002802,2,0000000104,1
0000005385,0000002803,1,0000000294,1
0000005386,0000002804,1,0000000223,1
0000005387,0000002804,2,0000000106,2
0000005388,0000002804,3,0000000081,1
0000005389,0000002804,4,0000000235,1
0000005390,0000002805,1,0000000052,1
0000005391,0000002805,2,0000000431,1
0000005392,0000002805,3,0000000435,1
0000005393,0000002805,4,0000000076,1
0000005394,0000002806,1,0000000013,1
0000005395,0000002806,2,0000000172,3
0000005396,0000002806,3,0000000314,1
0000005397,0000002806,4,0000000446,2
0000005398,0000002806,5,0000000480,1
0000005399,0000002807,1,0000000101,2
0000005400,0000002808,1,0000000205,1
0000005401,0000002809,1,0000000238,1
0000005402,0000002810,1,0000000370,3
0000005403,0000002811,1,0000000317,1
0000005404,0000002811,2,0000000256,1
0000005405,0000002812,1,0000000081,1
0000005406,0000002812,2,0000000429,1
0000005407,0000002813,1,0000000065,4
0000005408,0000002813,2,0000000186,2
0000005409,0000002813,3,0000000282,2
0000005410,0000002814,1,0000000446,1
0000005411,0000002814,2,0000000336,1
0000005412,0000002814,3,0000000103,2
0000005413,0000002814,4,0000000415,1
0000005414,0000002815,1,0000000414,1
0000005415,0000002816,1,0000000127,1
0000005416,0000002816,2,0000000400,1
0000005417,0000002817,1,0000000161,1
0000005418,0000002817,2,0000000117,1
0000005419,0000002817,3,0000000301,3
0000005420,0000002818,1,0000000063,1
0000005421,0000002819,1,0000000062,3
0000005422,0000002820,1,0000000107,1
0000005423,0000002821,1,0000000035,1
0000005424,0000002821,2,0000000357,1
0000005425,0000002822,1,0000000239,1
0000005426,0000002822,2,0000000172,1
0000005427,0000002823,1,0000000343,1
0000005428,0000002824,1,0000000012,1
0000005429,0000002824,2,0000000108,3
0000005430,0000002824,3,0000000355,1
0000005431,0000002824,4,0000000242,1
0000005432,0000002824,5,0000000334,1
0000005433,0000002825,1,0000000497,1
0000005434,0000002825,2,0000000172,1
0000005435,0000002825,3,0000000390,1
0000005436,0000002825,4,0000000141,1
0000005437,0000002826,1,0000000003,1
0000005438,0000002827,1,0000000278,1
0000005439,0000002828,1,0000000034,1
0000005440,0000002828,2,0000000182,1
0000005441,0000002828,3,0000000444,1
0000005442,0000002829,1,0000000416,1
0000005443,0000002830,1,0000000168,1
0000005444,0000002831,1,0000000404,1
0000005445,0000002832,1,0000000186,3
0000005446,0000002833,1,0000000089,3
0000005447,0000002834,1,0000000188,3
0000005448,0000002835,1,0000000448,1
0000005449,0000002836,1,0000000403,2
0000005450,0000002837,1,0000000399,1
0000005451,0000002837,2,0000000239,1
0000005452,0000002837,3,0000000403,1
0000005453,0000002838,1,0000000095,1
0000005454,0000002838,2,0000000244,1
0000005455,0000002839,1,0000000156,3
0000005456,0000002840,1,0000000383,1
0000005457,0000002841,1,0000000097,1
0000005458,0000002841,2,0000000346,3
0000005459,0000002842,1,0000000211,1
0000005460,0000002842,2,0000000238,1
0000005461,0000002842,3,0000000490,1
0000005462,0000002843,1,0000000412,1
0000005463,0000002843,2,0000000218,1
0000005464,0000002844,1,0000000243,1
0000005465,0000002844,2,0000000214,1
0000005466,0000002845,1,0000000412,2
0000005467,0000002846,1,0000000205,1
0000005468,0000002847,1,0000000406,1
0000005469,0000002847,2,0000000127,1
0000005470,0000002847,3,0000000015,1
0000005471,0000002848,1,0000000290,2
0000005472,0000002849,1,0000000314,1
0000005473,0000002849,2,0000000233,1
0000005474,0000002850,1,0000000210,1
0000005475,0000002850,2,0000000295,3
0000005476,0000002850,3,0000000457,1
0000005477,0000002851,1,0000000273,1
0000005478,0000002852,1,0000000251,3
0000005479,0000002853,1,0000000464,1
0000005480,0000002854,1,0000000399,1
0000005481,0000002855,1,0000000089,1
0000005482,0000002856,1,0000000497,2
0000005483,0000002857,1,0000000359,1
0000005484,0000002858,1,0000000246,1
0000005485,0000002859,1,0000000076,1
0000005486,0000002859,2,0000000399,2
0000005487,0000002860,1,0000000014,1
0000005488,0000002860,2,0000000055,2
0000005489,0000002860,3,0000000257,3
0000005490,0000002860,4,0000000463,1
0000005491,0000002861,1,0000000255,1
0000005492,0000002861,2,0000000140,1
0000005493,0000002862,1,0000000009,1
0000005494,0000002862,2,0000000316,1
0000005495,0000002863,1,0000000177,4
0000005496,0000002864,1,0000000260,1
0000005497,0000002865,1,0000000404,2
0000005498,0000002866,1,0000000428,1
0000005499,0000002867,1,0000000482,2
0000005500,0000002868,1,0000000088,1
0000005501,0000002868,2,0000000102,1
0000005502,0000002868,3,0000000335,1
0000005503,0000002869,1,0000000300,1
0000005504,0000002870,1,0000000011,2
0000005505,0000002871,1,0000000198,1
0000005506,0000002872,1,0000000233,1
0000005507,0000002872,2,0000000195,2
0000005508,0000002872,3,0000000259,1
0000005509,0000002872,4,0000000229,1
0000005510,0000002873,1,0000000092,1
0000005511,0000002873,2,0000000177,1
0000005512,0000002873,3,0000000020,1
0000005513,0000002874,1,0000000055,1
0000005514,0000002874,2,0000000448,1
0000005515,0000002875,1,0000000175,1
0000005516,0000002875,2,0000000266,2
0000005517,0000002875,3,0000000417,3
0000005518,0000002876,1,0000000044,1
0000005519,0000002876,2,0000000243,2
0000005520,0000002877,1,0000000087,1
0000005521,0000002878,1,0000000342,1
0000005522,0000002879,1,0000000062,1
0000005523,0000002880,1,0000000358,1
0000005524,0000002880,2,0000000110,1
0000005525,0000002880,3,0000000490,4
0000005526,0000002880,4,0000000029,1
0000005527,0000002881,1,0000000425,4
0000005528,0000002882,1,0000000196,1
0000005529,0000002883,1,0000000039,1
0000005530,0000002884,1,0000000488,4
0000005531,0000002885,1,0000000091,1
0000005532,0000002886,1,0000000139,1
0000005533,0000002886,2,0000000267,1
0000005534,0000002887,1,0000000383,1
0000005535,0000002888,1,0000000294,1
0000005536,0000002889,1,0000000469,2
0000005537,0000002889,2,0000000266,1
0000005538,0000002889,3,0000000154,1
0000005539,0000002890,1,0000000392,2
0000005540,0000002890,2,0000000201,1
0000005541,0000002891,1,0000000449,1
0000005542,0000002891,2,0000000206,1
0000005543,0000002892,1,0000000347,3
0000005544,0000002893,1,0000000265,1
0000005545,0000002893,2,0000000325,1
0000005546,0000002894,1,0000000471,1
0000005547,0000002895,1,0000000444,1
0000005548,0000002895,2,0000000464,3
0000005549,0000002896,1,0000000387,2
0000005550,0000002896,2,0000000036,1
0000005551,0000002896,3,0000000469,2
0000005552,0000002897,1,0000000239,1
0000005553,0000002898,1,0000000237,1
0000005554,0000002899,1,0000000056,1
0000005555,0000002899,2,0000000398,1
0000005556,0000002899,3,0000000275,2
0000005557,0000002899,4,0000000483,2
0000005558,0000002900,1,0000000114,1
0000005559,0000002901,1,0000000319,2
0000005560,0000002902,1,0000000078,1
0000005561,0000002903,1,0000000074,1
0000005562,0000002904,1,0000000467,1
0000005563,0000002904,2,0000000491,1
0000005564,0000002905,1,0000000196,4
0000005565,0000002905,2,0000000068,1
0000005566,0000002906,1,0000000476,1
0000005567,0000002906,2,0000000414,1
0000005568,0000002906,3,0000000350,1
0000005569,0000002907,1,0000000178,1
0000005570,0000002908,1,0000000252,1
0000005571,0000002908,2,0000000499,1
0000005572,0000002908,3,0000000455,3
0000005573,0000002908,4,0000000240,2
0000005574,0000002908,5,0000000057,1
0000005575,0000002909,1,0000000309,1
0000005576,0000002910,1,0000000020,1
0000005577,0000002911,1,0000000028,1
0000005578,0000002911,2,0000000242,2
0000005579,0000002912,1,0000000150,3
0000005580,0000002913,1,0000000062,1
0000005581,0000002913,2,0000000186,1
0000005582,0000002914,1,0000000327,1
0000005583,0000002914,2,0000000365,1
0000005584,0000002914,3,0000000197,1
0000005585,0000002915,1,0000000114,1
0000005586,0000002916,1,0000000019,1
0000005587,0000002916,2,0000000342,1
0000005588,0000002916,3,0000000107,1
0000005589,0000002916,4,0000000487,3
0000005590,0000002917,1,0000000159,1
0000005591,0000002917,2,0000000451,4
0000005592,0000002918,1,0000000099,1
0000005593,0000002918,2,0000000450,1
0000005594,0000002918,3,0000000104,1
0000005595,0000002918,4,0000000123,1
0000005596,0000002919,1,0000000240,1
0000005597,0000002919,2,0000000365,1
0000005598,0000002919,3,0000000321,1
0000005599,0000002919,4,0000000487,1
0000005600,0000002919,5,0000000184,2
0000005601,0000002920,1,0000000470,3
0000005602,0000002921,1,0000000484,2
0000005603,0000002921,2,0000000090,1
0000005604,0000002922,1,0000000440,3
0000005605,0000002923,1,0000000311,4
0000005606,0000002923,2,0000000480,4
0000005607,0000002924,1,0000000230,1
0000005608,0000002925,1,0000000100,1
0000005609,0000002926,1,0000000366,3
0000005610,0000002927,1,0000000394,2
0000005611,0000002927,2,0000000078,2
0000005612,0000002927,3,0000000324,2
0000005613,0000002928,1,0000000094,3
0000005614,0000002928,2,0000000199,1
0000005615,0000002929,1,0000000348,1
0000005616,0000002929,2,0000000071,1
0000005617,0000002929,3,0000000331,1
0000005618,0000002930,1,0000000403,2
0000005619,0000002931,1,0000000352,1
0000005620,0000002932,1,0000000021,2
0000005621,0000002933,1,0000000377,1
0000005622,0000002933,2,0000000399,2
0000005623,0000002934,1,0000000471,1
0000005624,0000002935,1,0000000022,1
0000005625,0000002936,1,0000000109,2
0000005626,0000002936,2,0000000104,1
0000005627,0000002936,3,0000000239,1
0000005628,0000002936,4,0000000198,1
0000005629,0000002936,5,0000000234,1
0000005630,0000002937,1,0000000010,3
0000005631,0000002938,1,0000000354,1
0000005632,0000002938,2,0000000013,1
0000005633,0000002939,1,0000000214,1
0000005634,0000002939,2,0000000100,1
0000005635,0000002939,3,0000000253,1
0000005636,0000002940,1,0000000447,2
0000005637,0000002941,1,0000000443,1
0000005638,0000002942,1,0000000149,1
0000005639,0000002942,2,0000000162,1
0000005640,0000002943,1,0000000082,1
0000005641,0000002943,2,0000000437,2
0000005642,0000002944,1,0000000374,1
0000005643,0000002944,2,0000000378,1
0000005644,0000002945,1,0000000258,1
0000005645,0000002945,2,0000000322,1
0000005646,0000002946,1,0000000043,1
0000005647,0000002946,2,0000000363,1
0000005648,0000002947,1,0000000466,1
0000005649,0000002947,2,0000000062,1
0000005650,0000002947,3,0000000264,1
0000005651,0000002947,4,0000000033,4
0000005652,0000002947,5,0000000494,3
0000005653,0000002948,1,0000000137,4
0000005654,0000002948,2,0000000054,1
0000005655,0000002949,1,0000000454,1
0000005656,0000002949,2,0000000324,3
0000005657,0000002950,1,0000000421,1
0000005658,0000002950,2,0000000151,3
0000005659,0000002950,3,0000000071,1
0000005660,0000002951,1,0000000085,1
0000005661,0000002951,2,0000000048,2
0000005662,0000002951,3,0000000070,2
0000005663,0000002952,1,0000000182,1
0000005664,0000002953,1,0000000076,4
0000005665,0000002953,2,0000000045,1
0000005666,0000002954,1,0000000143,1
0000005667,0000002955,1,0000000421,4
0000005668,0000002956,1,0000000176,2
0000005669,0000002956,2,0000000413,2
0000005670,0000002957,1,0000000299,1
0000005671,0000002957,2,0000000309,1
0000005672,0000002957,3,0000000440,1
0000005673,0000002958,1,0000000326,2
0000005674,0000002959,1,0000000333,1
0000005675,0000002959,2,0000000224,1
0000005676,0000002960,1,0000000072,1
0000005677,0000002961,1,0000000295,1
0000005678,0000002962,1,0000000210,1
0000005679,0000002962,2,0000000086,1
0000005680,0000002962,3,0000000313,1
0000005681,0000002963,1,0000000192,1
0000005682,0000002964,1,0000000197,1
0000005683,0000002964,2,0000000417,3
0000005684,0000002965,1,0000000292,1
0000005685,0000002965,2,0000000111,1
0000005686,0000002966,1,0000000051,1
0000005687,0000002967,1,0000000490,1
0000005688,0000002967,2,0000000476,1
0000005689,0000002967,3,0000000439,1
0000005690,0000002968,1,0000000375,3
0000005691,0000002968,2,0000000488,1
0000005692,0000002969,1,0000000441,1
0000005693,0000002970,1,0000000248,4
0000005694,0000002971,1,0000000110,1
0000005695,0000002972,1,0000000234,2
0000005696,0000002973,1,0000000120,1
0000005697,0000002974,1,0000000054,2
0000005698,0000002974,2,0000000004,2
0000005699,0000002974,3,0000000087,1
0000005700,0000002974,4,0000000473,1
0000005701,0000002975,1,0000000128,2
0000005702,0000002975,2,0000000079,1
0000005703,0000002976,1,0000000317,1
0000005704,0000002976,2,0000000177,1
0000005705,0000002976,3,0000000394,1
0000005706,0000002977,1,0000000397,2
0000005707,0000002977,2,0000000098,3
0000005708,0000002978,1,0000000366,1
0000005709,0000002979,1,0000000347,1
0000005710,0000002979,2,0000000160,1
0000005711,0000002979,3,0000000325,1
0000005712,0000002980,1,0000000236,1
0000005713,0000002980,2,0000000141,1
0000005714,0000002981,1,0000000238,1
0000005715,0000002982,1,0000000030,2
0000005716,0000002982,2,0000000182,4
0000005717,0000002983,1,0000000454,1
0000005718,0000002983,2,0000000163,4
0000005719,0000002984,1,0000000299,1
0000005720,0000002985,1,0000000287,1
0000005721,0000002985,2,0000000038,1
0000005722,0000002985,3,0000000036,1
0000005723,0000002986,1,0000000228,2
0000005724,0000002987,1,0000000140,1
0000005725,0000002987,2,0000000437,3
0000005726,0000002988,1,0000000403,1
0000005727,0000002989,1,0000000317,1
0000005728,0000002989,2,0000000244,1
0000005729,0000002989,3,0000000471,2
0000005730,0000002989,4,0000000470,1
0000005731,0000002989,5,0000000134,1
0000005732,0000002990,1,0000000382,2
0000005733,0000002991,1,0000000061,1
0000005734,0000002991,2,0000000069,1
0000005735,0000002991,3,0000000107,1
0000005736,0000002991,4,0000000296,2
0000005737,0000002992,1,0000000195,1
0000005738,0000002993,1,0000000147,1
0000005739,0000002993,2,0000000265,2
0000005740,0000002994,1,0000000375,1
0000005741,0000002995,1,0000000089,1
0000005742,0000002995,2,0000000206,1
0000005743,0000002996,1,0000000356,1
0000005744,0000002996,2,0000000257,2
0000005745,0000002996,3,0000000396,4
0000005746,0000002997,1,0000000249,3
0000005747,0000002998,1,0000000482,1
0000005748,0000002999,1,0000000465,1
0000005749,0000002999,2,0000000411,2
0000005750,0000002999,3,0000000203,2
0000005751,0000003000,1,0000000266,1
0000005752,0000003000,2,0000000220,1
0000005753,0000003000,3,0000000450,2
0000005754,0000003001,1,0000000029,1
0000005755,0000003001,2,0000000155,1
0000005756,0000003002,1,0000000422,2
0000005757,0000003002,2,0000000115,1
0000005758,0000003003,1,0000000148,1
0000005759,0000003003,2,0000000114,1
0000005760,0000003003,3,0000000490,1
0000005761,0000003003,4,0000000221,1
0000005762,0000003003,5,0000000079,1
0000005763,0000003004,1,0000000444,4
0000005764,0000003004,2,0000000268,1
0000005765,0000003004,3,0000000469,1
0000005766,0000003004,4,0000000437,1
0000005767,0000003005,1,0000000136,1
0000005768,0000003006,1,0000000021,2
0000005769,0000003006,2,0000000391,1
0000005770,0000003006,3,0000000193,3
0000005771,0000003006,4,0000000456,1
0000005772,0000003007,1,0000000481,1
0000005773,0000003007,2,0000000017,2
0000005774,0000003008,1,0000000216,1
0000005775,0000003008,2,0000000005,1
0000005776,0000003008,3,0000000219,1
0000005777,0000003009,1,0000000352,1
0000005778,0000003010,1,0000000114,2
0000005779,0000003011,1,0000000039,3
0000005780,0000003011,2,0000000249,2
0000005781,0000003012,1,0000000265,1
0000005782,0000003013,1,0000000225,4
0000005783,0000003014,1,0000000481,2
0000005784,0000003015,1,0000000003,1
0000005785,0000003015,2,0000000271,1
0000005786,0000003015,3,0000000041,2
0000005787,0000003015,4,0000000369,1
0000005788,0000003016,1,0000000149,4
0000005789,0000003016,2,0000000348,2
0000005790,0000003016,3,0000000313,3
0000005791,0000003017,1,0000000142,1
0000005792,0000003017,2,0000000478,1
0000005793,0000003017,3,0000000193,1
0000005794,0000003017,4,0000000306,1
0000005795,0000003018,1,0000000170,1
0000005796,0000003019,1,0000000234,1
0000005797,0000003019,2,0000000300,1
0000005798,0000003019,3,0000000164,1
0000005799,0000003020,1,0000000268,1
0000005800,0000003020,2,0000000352,2
0000005801,0000003021,1,0000000431,1
0000005802,0000003021,2,0000000128,1
0000005803,0000003021,3,0000000034,2
0000005804,0000003021,4,0000000367,2
0000005805,0000003021,5,0000000147,1
0000005806,0000003022,1,0000000432,1
0000005807,0000003023,1,0000000372,1
0000005808,0000003024,1,0000000496,1
0000005809,0000003024,2,0000000307,1
0000005810,0000003024,3,0000000013,1
0000005811,0000003025,1,0000000115,3
0000005812,0000003025,2,0000000410,2
0000005813,0000003025,3,0000000318,1
0000005814,0000003025,4,0000000261,1
0000005815,0000003026,1,0000000287,1
0000005816,0000003026,2,0000000417,1
0000005817,0000003026,3,0000000436,1
0000005818,0000003027,1,0000000162,2
0000005819,0000003027,2,0000000198,1
0000005820,0000003027,3,0000000493,1
0000005821,0000003027,4,0000000166,1
0000005822,0000003028,1,0000000288,1
0000005823,0000003028,2,0000000160,1
0000005824,0000003029,1,0000000202,1
0000005825,0000003030,1,0000000354,1
0000005826,0000003031,1,0000000114,1
0000005827,0000003031,2,0000000218,1
0000005828,0000003032,1,0000000244,1
0000005829,0000003032,2,0000000410,1
0000005830,0000003033,1,0000000155,1
0000005831,0000003034,1,0000000409,4
0000005832,0000003034,2,0000000353,3
0000005833,0000003035,1,0000000118,1
0000005834,0000003035,2,0000000251,1
0000005835,0000003035,3,0000000389,2
0000005836,0000003036,1,0000000071,1
0000005837,0000003037,1,0000000079,2
0000005838,0000003037,2,0000000413,1
0000005839,0000003038,1,0000000240,1
0000005840,0000003038,2,0000000302,1
0000005841,0000003038,3,0000000006,1
0000005842,0000003038,4,0000000119,1
0000005843,0000003039,1,0000000236,2
0000005844,0000003039,2,0000000009,1
0000005845,0000003040,1,0000000409,2
0000005846,0000003040,2,0000000159,2
0000005847,0000003040,3,0000000334,4
0000005848,0000003040,4,0000000172,1
0000005849,0000003041,1,0000000382,1
0000005850,0000003041,2,0000000437,1
0000005851,0000003041,3,0000000456,4
0000005852,0000003041,4,0000000371,1
0000005853,0000003042,1,0000000303,1
0000005854,0000003042,2,0000000327,3
0000005855,0000003043,1,0000000163,1
0000005856,0000003044,1,0000000481,1
0000005857,0000003044,2,0000000106,1
0000005858,0000003044,3,0000000224,1
0000005859,0000003044,4,0000000499,1
0000005860,0000003044,5,0000000401,1
0000005861,0000003045,1,0000000391,1
0000005862,0000003045,2,0000000223,1
0000005863,0000003046,1,0000000198,1
0000005864,0000003047,1,0000000107,1
0000005865,0000003048,1,0000000337,4
0000005866,0000003048,2,0000000296,1
0000005867,0000003048,3,0000000185,3
0000005868,0000003048,4,0000000389,3
0000005869,0000003048,5,0000000159,1
0000005870,0000003049,1,0000000036,2
0000005871,0000003050,1,0000000438,2
0000005872,0000003050,2,0000000410,1
0000005873,0000003050,3,0000000156,2
0000005874,0000003051,1,0000000418,2
0000005875,0000003051,2,0000000390,3
0000005876,0000003052,1,0000000275,1
0000005877,0000003052,2,0000000362,1
0000005878,0000003053,1,0000000081,1
0000005879,0000003053,2,0000000497,1
0000005880,0000003053,3,0000000348,2
0000005881,0000003053,4,0000000005,1
0000005882,0000003054,1,0000000452,1
0000005883,0000003054,2,0000000358,1
0000005884,0000003055,1,0000000310,1
0000005885,0000003055,2,0000000418,1
0000005886,0000003055,3,0000000171,1
0000005887,0000003055,4,0000000412,3
0000005888,0000003055,5,0000000240,2
0000005889,0000003056,1,0000000157,1
0000005890,0000003056,2,0000000200,2
0000005891,0000003056,3,0000000369,1
0000005892,0000003056,4,0000000011,4
0000005893,0000003057,1,0000000001,1
0000005894,0000003058,1,0000000071,1
0000005895,0000003058,2,0000000357,1
0000005896,0000003058,3,0000000310,2
0000005897,0000003059,1,0000000127,1
0000005898,0000003059,2,0000000500,1
0000005899,0000003060,1,0000000252,2
0000005900,0000003060,2,0000000010,1
0000005901,0000003060,3,0000000024,1
0000005902,0000003061,1,0000000223,1
0000005903,0000003061,2,0000000164,1
0000005904,0000003061,3,0000000105,1
0000005905,0000003062,1,0000000088,3
0000005906,0000003062,2,0000000107,1
0000005907,0000003063,1,0000000391,1
0000005908,0000003064,1,0000000335,1
0000005909,0000003064,2,0000000014,1
0000005910,0000003064,3,0000000401,1
0000005911,0000003064,4,0000000256,1
0000005912,0000003065,1,0000000496,1
0000005913,0000003065,2,0000000149,1
0000005914,0000003065,3,0000000211,1
0000005915,0000003066,1,0000000043,1
0000005916,0000003066,2,0000000140,3
0000005917,0000003066,3,0000000443,1
0000005918,0000003066,4,0000000118,1
0000005919,0000003066,5,0000000025,1
0000005920,0000003067,1,0000000417,2
0000005921,0000003067,2,0000000357,1
0000005922,0000003068,1,0000000287,2
0000005923,0000003068,2,0000000424,4
0000005924,0000003068,3,0000000048,2
0000005925,0000003069,1,0000000410,1
0000005926,0000003069,2,0000000139,1
0000005927,0000003070,1,0000000452,1
0000005928,0000003070,2,0000000204,1
0000005929,0000003071,1,0000000160,1
0000005930,0000003072,1,0000000329,1
0000005931,0000003072,2,0000000006,1
0000005932,0000003073,1,0000000075,1
0000005933,0000003074,1,0000000412,1
0000005934,0000003074,2,0000000196,1
0000005935,0000003075,1,0000000454,1
0000005936,0000003076,1,0000000483,2
0000005937,0000003077,1,0000000080,1
0000005938,0000003077,2,0000000297,1
0000005939,0000003078,1,0000000329,2
0000005940,0000003079,1,0000000312,1
0000005941,0000003080,1,0000000126,1
0000005942,0000003080,2,0000000069,2
0000005943,0000003080,3,0000000001,1
0000005944,0000003081,1,0000000360,1
0000005945,0000003082,1,0000000264,1
0000005946,0000003083,1,0000000496,1
0000005947,0000003084,1,0000000121,1
0000005948,0000003084,2,0000000448,1
0000005949,0000003085,1,0000000228,1
0000005950,0000003086,1,0000000034,1
0000005951,0000003087,1,0000000288,1
0000005952,0000003088,1,0000000127,1
0000005953,0000003088,2,0000000352,1
0000005954,0000003089,1,0000000029,1
0000005955,0000003089,2,0000000446,1
0000005956,0000003089,3,0000000388,4
0000005957,0000003089,4,0000000257,4
0000005958,0000003090,1,0000000209,1
0000005959,0000003091,1,0000000047,1
0000005960,0000003091,2,0000000010,1
0000005961,0000003091,3,0000000426,1
0000005962,0000003092,1,0000000005,1
0000005963,0000003092,2,0000000099,1
0000005964,0000003093,1,0000000485,2
0000005965,0000003094,1,0000000280,1
0000005966,0000003095,1,0000000248,1
0000005967,0000003096,1,0000000021,1
0000005968,0000003097,1,0000000135,1
0000005969,0000003097,2,0000000123,1
0000005970,0000003098,1,0000000358,1
0000005971,0000003098,2,0000000279,2
0000005972,0000003099,1,0000000052,1
0000005973,0000003100,1,0000000481,1
0000005974,0000003101,1,0000000262,1
0000005975,0000003101,2,0000000448,2
0000005976,0000003101,3,0000000494,1
0000005977,0000003102,1,0000000125,2
0000005978,0000003102,2,0000000317,2
0000005979,0000003103,1,0000000400,1
0000005980,0000003103,2,0000000213,3
0000005981,0000003103,3,0000000192,1
0000005982,0000003104,1,0000000364,1
0000005983,0000003105,1,0000000093,1
0000005984,0000003105,2,0000000070,2
0000005985,0000003105,3,0000000314,1
0000005986,0000003105,4,0000000464,2
0000005987,0000003106,1,0000000027,1
0000005988,0000003107,1,0000000227,1
0000005989,0000003107,2,0000000191,1
0000005990,0000003108,1,0000000384,1
0000005991,0000003109,1,0000000329,1
0000005992,0000003109,2,0000000119,1
0000005993,0000003109,3,0000000457,1
0000005994,0000003110,1,0000000144,2
0000005995,0000003111,1,0000000231,3
0000005996,0000003112,1,0000000419,1
0000005997,0000003113,1,0000000035,1
0000005998,0000003114,1,0000000184,1
0000005999,0000003115,1,0000000362,1
0000006000,0000003115,2,0000000331,3
0000006001,0000003116,1,0000000239,1
0000006002,0000003116,2,0000000052,1
0000006003,0000003117,1,0000000492,2
0000006004,0000003117,2,0000000169,3
0000006005,0000003118,1,0000000407,2
0000006006,0000003119,1,0000000303,1
0000006007,0000003120,1,0000000165,1
0000006008,0000003121,1,0000000352,2
0000006009,0000003122,1,0000000092,2
0000006010,0000003122,2,0000000149,1
0000006011,0000003123,1,0000000260,1
0000006012,0000003123,2,0000000328,1
0000006013,0000003124,1,0000000297,1
0000006014,0000003124,2,0000000286,1
0000006015,0000003125,1,0000000262,1
0000006016,0000003126,1,0000000383,1
0000006017,0000003126,2,0000000378,1
0000006018,0000003127,1,0000000161,1
0000006019,0000003127,2,0000000036,1
0000006020,0000003128,1,0000000491,2
0000006021,0000003129,1,0000000204,1
0000006022,0000003130,1,0000000459,1
0000006023,0000003131,1,0000000048,1
0000006024,0000003132,1,0000000462,2
0000006025,0000003132,2,0000000325,2
0000006026,0000003133,1,0000000089,1
0000006027,0000003134,1,0000000143,2
0000006028,0000003134,2,0000000079,1
0000006029,0000003135,1,0000000253,1
0000006030,0000003135,2,0000000318,1
0000006031,0000003136,1,0000000053,1
0000006032,0000003137,1,0000000188,1
0000006033,0000003137,2,0000000222,1
0000006034,0000003138,1,0000000294,1
0000006035,0000003139,1,0000000396,1
0000006036,0000003139,2,0000000318,1
0000006037,0000003139,3,0000000101,1
0000006038,0000003139,4,0000000461,3
0000006039,0000003139,5,0000000376,1
0000006040,0000003140,1,0000000343,1
0000006041,0000003141,1,0000000245,1
0000006042,0000003142,1,0000000251,1
0000006043,0000003143,1,0000000287,1
0000006044,0000003143,2,0000000150,2
0000006045,0000003143,3,0000000336,2
0000006046,0000003144,1,0000000023,3
0000006047,0000003145,1,0000000496,2
0000006048,0000003145,2,0000000222,2
0000006049,0000003145,3,0000000495,1
0000006050,0000003145,4,0000000277,2
0000006051,0000003146,1,0000000149,1
0000006052,0000003147,1,0000000055,1
0000006053,0000003147,2,0000000410,2
0000006054,0000003147,3,0000000076,1
0000006055,0000003148,1,0000000490,1
0000006056,0000003148,2,0000000239,1
0000006057,0000003149,1,0000000259,1
0000006058,0000003149,2,0000000055,1
0000006059,0000003150,1,0000000385,2
0000006060,0000003150,2,0000000472,1
0000006061,0000003151,1,0000000208,1
0000006062,0000003152,1,0000000215,1
0000006063,0000003153,1,0000000267,2
0000006064,0000003154,1,0000000176,1
0000006065,0000003155,1,0000000082,2
0000006066,0000003156,1,0000000482,1
0000006067,0000003156,2,0000000379,1
0000006068,0000003157,1,0000000412,1
0000006069,0000003157,2,0000000456,2
0000006070,0000003158,1,0000000071,1
0000006071,0000003159,1,0000000426,3
0000006072,0000003159,2,0000000182,1
0000006073,0000003159,3,0000000111,3
0000006074,0000003160,1,0000000311,4
0000006075,0000003160,2,0000000296,1
0000006076,0000003160,3,0000000278,1
0000006077,0000003160,4,0000000056,1
0000006078,0000003161,1,0000000011,2
0000006079,0000003162,1,0000000126,1
0000006080,0000003163,1,0000000313,1
0000006081,0000003164,1,0000000500,1
0000006082,0000003165,1,0000000474,3
0000006083,0000003166,1,0000000162,1
0000006084,0000003167,1,0000000192,2
0000006085,0000003167,2,0000000244,1
0000006086,0000003168,1,0000000288,1
0000006087,0000003169,1,0000000495,4
0000006088,0000003169,2,0000000057,1
0000006089,0000003170,1,0000000014,1
0000006090,0000003170,2,0000000307,2
0000006091,0000003170,3,0000000247,1
0000006092,0000003171,1,0000000123,2
0000006093,0000003171,2,0000000192,4
0000006094,0000003171,3,0000000267,1
0000006095,0000003172,1,0000000366,1
0000006096,0000003172,2,0000000469,1
0000006097,0000003172,3,0000000281,1
0000006098,0000003173,1,0000000471,3
0000006099,0000003174,1,0000000077,1
0000006100,0000003174,2,0000000185,1
0000006101,0000003174,3,0000000344,1
0000006102,0000003174,4,0000000109,2
0000006103,0000003175,1,0000000217,4
0000006104,0000003175,2,0000000100,2
0000006105,0000003176,1,0000000389,1
0000006106,0000003177,1,0000000152,1
0000006107,0000003177,2,0000000051,1
0000006108,0000003178,1,0000000332,2
0000006109,0000003179,1,0000000097,1
0000006110,0000003180,1,0000000013,1
0000006111,0000003181,1,0000000370,1
0000006112,0000003181,2,0000000419,1
0000006113,0000003182,1,0000000383,1
0000006114,0000003183,1,0000000376,1
0000006115,0000003183,2,0000000132,1
0000006116,0000003184,1,0000000123,1
0000006117,0000003184,2,0000000378,1
0000006118,0000003184,3,0000000278,1
0000006119,0000003185,1,0000000012,3
0000006120,0000003186,1,0000000257,1
0000006121,0000003187,1,0000000377,1
0000006122,0000003188,1,0000000234,1
0000006123,0000003189,1,0000000399,1
0000006124,0000003190,1,0000000108,2
0000006125,0000003191,1,0000000040,3
0000006126,0000003192,1,0000000417,2
0000006127,0000003192,2,0000000151,1
0000006128,0000003193,1,0000000371,1
0000006129,0000003193,2,0000000377,1
0000006130,0000003193,3,0000000261,2
0000006131,0000003194,1,0000000083,3
0000006132,0000003195,1,0000000436,3
0000006133,0000003195,2,0000000457,3
0000006134,0000003196,1,0000000270,1
0000006135,0000003196,2,0000000253,1
0000006136,0000003196,3,0000000475,3
0000006137,0000003197,1,0000000296,1
0000006138,0000003198,1,0000000025,1
0000006139,0000003199,1,0000000023,1
0000006140,0000003199,2,0000000303,1
0000006141,0000003199,3,0000000401,1
0000006142,0000003199,4,0000000121,2
0000006143,0000003200,1,0000000083,1
0000006144,0000003200,2,0000000020,1
0000006145,0000003200,3,0000000431,4
0000006146,0000003201,1,0000000478,2
0000006147,0000003201,2,0000000213,1
0000006148,0000003202,1,0000000016,1
0000006149,0000003203,1,0000000111,1
0000006150,0000003203,2,0000000484,1
0000006151,0000003203,3,0000000428,1
0000006152,0000003203,4,0000000380,1
0000006153,0000003204,1,0000000218,2
0000006154,0000003205,1,0000000224,1
0000006155,0000003205,2,0000000079,1
0000006156,0000003206,1,0000000314,1
0000006157,0000003206,2,0000000464,2
0000006158,0000003206,3,0000000037,2
0000006159,0000003207,1,0000000134,1
0000006160,0000003208,1,0000000261,1
0000006161,0000003209,1,0000000422,1
0000006162,0000003210,1,0000000277,1
0000006163,0000003211,1,0000000191,1
0000006164,0000003212,1,0000000149,1
0000006165,0000003213,1,0000000150,1
0000006166,0000003213,2,0000000203,1
0000006167,0000003214,1,0000000366,1
0000006168,0000003215,1,0000000131,3
0000006169,0000003216,1,0000000019,2
0000006170,0000003216,2,0000000021,1
0000006171,0000003217,1,0000000259,1
0000006172,0000003217,2,0000000041,1
0000006173,0000003217,3,0000000120,1
0000006174,0000003218,1,0000000065,2
0000006175,0000003218,2,0000000050,1
0000006176,0000003219,1,0000000159,1
0000006177,0000003220,1,0000000385,4
0000006178,0000003221,1,0000000129,1
0000006179,0000003222,1,0000000297,1
0000006180,0000003222,2,0000000310,1
0000006181,0000003222,3,0000000398,2
0000006182,0000003223,1,0000000296,1
0000006183,0000003223,2,0000000196,1
0000006184,0000003223,3,0000000093,1
0000006185,0000003223,4,0000000013,1
0000006186,0000003224,1,0000000355,1
0000006187,0000003224,2,0000000139,1
0000006188,0000003225,1,0000000262,1
0000006189,0000003226,1,0000000136,1
0000006190,0000003226,2,0000000446,1
0000006191,0000003226,3,0000000119,1
0000006192,0000003226,4,0000000211,1
0000006193,0000003227,1,0000000186,1
0000006194,0000003227,2,0000000067,1
0000006195,0000003228,1,0000000051,1
0000006196,0000003229,1,0000000389,2
0000006197,0000003230,1,0000000209,1
0000006198,0000003230,2,0000000437,1
0000006199,0000003230,3,0000000350,1
0000006200,0000003230,4,0000000083,4
0000006201,0000003230,5,0000000264,1
0000006202,0000003231,1,0000000467,2
0000006203,0000003232,1,0000000269,2
0000006204,0000003233,1,0000000109,1
0000006205,0000003234,1,0000000433,1
0000006206,0000003234,2,0000000351,1
0000006207,0000003234,3,0000000010,1
0000006208,0000003235,1,0000000489,1
0000006209,0000003236,1,0000000208,2
0000006210,0000003236,2,0000000245,1
0000006211,0000003236,3,0000000348,1
0000006212,0000003237,1,0000000340,2
0000006213,0000003238,1,0000000069,4
0000006214,0000003239,1,0000000108,1
0000006215,0000003240,1,0000000428,2
0000006216,0000003240,2,0000000190,1
0000006217,0000003241,1,0000000204,1
0000006218,0000003242,1,0000000135,1
0000006219,0000003243,1,0000000274,1
0000006220,0000003243,2,0000000225,1
0000006221,0000003244,1,0000000086,1
0000006222,0000003245,1,0000000359,1
0000006223,0000003245,2,0000000297,1
0000006224,0000003246,1,0000000323,4
0000006225,0000003246,2,0000000441,1
0000006226,0000003246,3,0000000003,1
0000006227,0000003247,1,0000000339,1
0000006228,0000003247,2,0000000054,1
0000006229,0000003247,3,0000000274,1
0000006230,0000003248,1,0000000094,1
0000006231,0000003248,2,0000000192,1
0000006232,0000003248,3,0000000262,2
0000006233,0000003248,4,0000000022,1
0000006234,0000003249,1,0000000197,1
0000006235,0000003250,1,0000000498,1
0000006236,0000003251,1,0000000490,1
0000006237,0000003251,2,0000000095,1
0000006238,0000003251,3,0000000491,1
0000006239,0000003251,4,0000000356,1
0000006240,0000003252,1,0000000318,1
0000006241,0000003253,1,0000000463,1
0000006242,0000003253,2,0000000029,1
0000006243,0000003254,1,0000000457,1
0000006244,0000003255,1,0000000020,1
0000006245,0000003256,1,0000000264,2
0000006246,0000003256,2,0000000336,1
0000006247,0000003256,3,0000000357,1
0000006248,0000003257,1,0000000376,1
0000006249,0000003257,2,0000000123,1
0000006250,0000003257,3,0000000408,1
0000006251,0000003258,1,0000000282,2
0000006252,0000003258,2,0000000074,1
0000006253,0000003259,1,0000000346,1
0000006254,0000003259,2,0000000432,1
0000006255,0000003260,1,0000000134,2
0000006256,0000003261,1,0000000033,1
0000006257,0000003261,2,0000000136,1
0000006258,0000003261,3,0000000264,1
0000006259,0000003262,1,0000000364,1
0000006260,0000003262,2,0000000134,1
0000006261,0000003262,3,0000000129,1
0000006262,0000003263,1,0000000308,1
0000006263,0000003263,2,0000000392,1
0000006264,0000003264,1,0000000227,2
0000006265,0000003265,1,0000000072,1
0000006266,0000003266,1,0000000388,2
0000006267,0000003267,1,0000000445,1
0000006268,0000003267,2,0000000419,2
0000006269,0000003268,1,0000000193,1
0000006270,0000003268,2,0000000223,4
0000006271,0000003269,1,0000000329,1
0000006272,0000003269,2,0000000093,2
0000006273,0000003269,3,0000000449,1
0000006274,0000003270,1,0000000199,2
0000006275,0000003270,2,0000000375,1
0000006276,0000003271,1,0000000430,4
0000006277,0000003272,1,0000000174,1
0000006278,0000003272,2,0000000439,4
0000006279,0000003273,1,0000000195,1
0000006280,0000003274,1,0000000435,2
0000006281,0000003275,1,0000000260,1
0000006282,0000003275,2,0000000059,1
0000006283,0000003275,3,0000000375,3
0000006284,0000003276,1,0000000058,1
0000006285,0000003277,1,0000000287,2
0000006286,0000003278,1,0000000284,1
0000006287,0000003279,1,0000000481,1
0000006288,0000003279,2,0000000359,1
0000006289,0000003279,3,0000000409,1
0000006290,0000003280,1,0000000225,1
0000006291,0000003280,2,0000000308,1
0000006292,0000003280,3,0000000369,2
0000006293,0000003281,1,0000000080,1
0000006294,0000003281,2,0000000031,1
0000006295,0000003281,3,0000000257,1
0000006296,0000003282,1,0000000466,1
0000006297,0000003282,2,0000000006,1
0000006298,0000003282,3,0000000320,1
0000006299,0000003283,1,0000000436,4
0000006300,0000003283,2,0000000113,2
0000006301,0000003283,3,0000000061,1
0000006302,0000003284,1,0000000107,2
0000006303,0000003284,2,0000000021,1
0000006304,0000003284,3,0000000280,2
0000006305,0000003285,1,0000000246,1
0000006306,0000003285,2,0000000067,2
0000006307,0000003286,1,0000000249,1
0000006308,0000003287,1,0000000419,1
0000006309,0000003288,1,0000000028,2
0000006310,0000003288,2,0000000098,2
0000006311,0000003289,1,0000000388,2
0000006312,0000003290,1,0000000329,1
0000006313,0000003291,1,0000000211,1
0000006314,0000003292,1,0000000181,2
0000006315,0000003292,2,0000000170,2
0000006316,0000003293,1,0000000446,1
0000006317,0000003294,1,0000000489,1
0000006318,0000003295,1,0000000449,3
0000006319,0000003296,1,0000000072,4
0000006320,0000003296,2,0000000227,3
0000006321,0000003296,3,0000000387,2
0000006322,0000003296,4,0000000468,1
0000006323,0000003297,1,0000000369,1
0000006324,0000003298,1,0000000250,2
0000006325,0000003298,2,0000000038,1
0000006326,0000003298,3,0000000272,3
0000006327,0000003299,1,0000000350,1
0000006328,0000003299,2,0000000019,1
0000006329,0000003299,3,0000000166,1
0000006330,0000003300,1,0000000371,1
0000006331,0000003300,2,0000000010,2
0000006332,0000003301,1,0000000218,1
0000006333,0000003302,1,0000000298,1
0000006334,0000003302,2,0000000442,1
0000006335,0000003303,1,0000000466,2
0000006336,0000003303,2,0000000082,3
0000006337,0000003303,3,0000000243,1
0000006338,0000003303,4,0000000335,1
0000006339,0000003303,5,0000000222,2
0000006340,0000003304,1,0000000434,1
0000006341,0000003304,2,0000000417,3
0000006342,0000003304,3,0000000110,1
0000006343,0000003304,4,0000000472,1
0000006344,0000003305,1,0000000040,1
0000006345,0000003306,1,0000000156,3
0000006346,0000003307,1,0000000156,3
0000006347,0000003308,1,0000000037,1
0000006348,0000003309,1,0000000181,1
0000006349,0000003309,2,0000000256,1
0000006350,0000003309,3,0000000208,1
0000006351,0000003310,1,0000000222,4
0000006352,0000003310,2,0000000395,2
0000006353,0000003311,1,0000000118,2
0000006354,0000003311,2,0000000495,2
0000006355,0000003311,3,0000000285,1
0000006356,0000003311,4,0000000433,1
0000006357,0000003312,1,0000000448,1
0000006358,0000003313,1,0000000433,1
0000006359,0000003313,2,0000000487,1
0000006360,0000003313,3,0000000082,2
0000006361,0000003313,4,0000000234,1
0000006362,0000003313,5,0000000208,1
0000006363,0000003314,1,0000000214,3
0000006364,0000003314,2,0000000011,1
0000006365,0000003315,1,0000000316,1
0000006366,0000003315,2,0000000408,1
0000006367,0000003315,3,0000000359,1
0000006368,0000003315,4,0000000252,2
0000006369,0000003316,1,0000000410,1
0000006370,0000003316,2,0000000339,2
0000006371,0000003317,1,0000000240,1
0000006372,0000003317,2,0000000306,1
0000006373,0000003318,1,0000000230,1
0000006374,0000003319,1,0000000305,1
0000006375,0000003320,1,0000000096,1
0000006376,0000003321,1,0000000162,1
0000006377,0000003322,1,0000000184,1
0000006378,0000003322,2,0000000428,4
0000006379,0000003323,1,0000000136,1
0000006380,0000003324,1,0000000109,1
0000006381,0000003324,2,0000000025,4
0000006382,0000003325,1,0000000097,1
0000006383,0000003325,2,0000000195,1
0000006384,0000003325,3,0000000142,1
0000006385,0000003325,4,0000000165,2
0000006386,0000003325,5,0000000358,1
0000006387,0000003326,1,0000000398,1
0000006388,0000003327,1,0000000307,1
0000006389,0000003327,2,0000000035,1
0000006390,0000003327,3,0000000144,1
0000006391,0000003328,1,0000000046,3
0000006392,0000003328,2,0000000224,4
0000006393,0000003328,3,0000000055,1
0000006394,0000003328,4,0000000049,1
0000006395,0000003329,1,0000000140,1
0000006396,0000003329,2,0000000252,1
0000006397,0000003329,3,0000000102,1
0000006398,0000003330,1,0000000496,1
0000006399,0000003331,1,0000000429,1
0000006400,0000003332,1,0000000118,1
0000006401,0000003333,1,0000000130,1
0000006402,0000003333,2,0000000287,2
0000006403,0000003334,1,0000000329,1
0000006404,0000003334,2,0000000466,2
0000006405,0000003335,1,0000000484,1
0000006406,0000003336,1,0000000157,2
0000006407,0000003336,2,0000000045,1
0000006408,0000003337,1,0000000455,3
0000006409,0000003338,1,0000000450,1
0000006410,0000003338,2,0000000287,1
0000006411,0000003338,3,0000000262,3
0000006412,0000003339,1,0000000112,1
0000006413,0000003339,2,0000000360,1
0000006414,0000003339,3,0000000306,2
0000006415,0000003340,1,0000000231,1
0000006416,0000003341,1,0000000075,1
0000006417,0000003342,1,0000000042,1
0000006418,0000003343,1,0000000315,1
0000006419,0000003343,2,0000000431,1
0000006420,0000003344,1,0000000166,2
0000006421,0000003345,1,0000000272,1
0000006422,0000003346,1,0000000435,1
0000006423,0000003346,2,0000000333,1
0000006424,0000003346,3,0000000073,1
0000006425,0000003347,1,0000000402,1
0000006426,0000003348,1,0000000376,1
0000006427,0000003349,1,0000000236,1
0000006428,0000003349,2,0000000063,1
0000006429,0000003350,1,0000000032,1
0000006430,0000003351,1,0000000431,1
0000006431,0000003352,1,0000000193,1
0000006432,0000003353,1,0000000095,1
0000006433,0000003353,2,0000000202,1
0000006434,0000003353,3,0000000348,1
0000006435,0000003353,4,0000000301,1
0000006436,0000003354,1,0000000439,1
0000006437,0000003355,1,0000000256,1
0000006438,0000003356,1,0000000381,3
0000006439,0000003357,1,0000000045,1
0000006440,0000003358,1,0000000123,1
0000006441,0000003358,2,0000000242,3
0000006442,0000003358,3,0000000497,3
0000006443,0000003358,4,0000000397,2
0000006444,0000003359,1,0000000427,1
0000006445,0000003360,1,0000000150,2
0000006446,0000003360,2,0000000399,1
0000006447,0000003360,3,0000000319,2
0000006448,0000003360,4,0000000164,1
0000006449,0000003361,1,0000000224,2
0000006450,0000003362,1,0000000223,1
0000006451,0000003362,2,0000000280,4
0000006452,0000003363,1,0000000405,1
0000006453,0000003363,2,0000000090,3
0000006454,0000003363,3,0000000390,3
0000006455,0000003363,4,0000000399,1
0000006456,0000003364,1,0000000080,1
0000006457,0000003364,2,0000000131,1
0000006458,0000003365,1,0000000011,3
0000006459,0000003366,1,0000000392,1
0000006460,0000003367,1,0000000097,3
0000006461,0000003367,2,0000000185,1
0000006462,0000003367,3,0000000004,1
0000006463,0000003368,1,0000000185,1
0000006464,0000003368,2,0000000329,1
0000006465,0000003368,3,0000000216,4
0000006466,0000003369,1,0000000023,1
0000006467,0000003369,2,0000000291,2
0000006468,0000003369,3,0000000101,1
0000006469,0000003370,1,0000000307,1
0000006470,0000003371,1,0000000410,1
0000006471,0000003372,1,0000000265,1
0000006472,0000003373,1,0000000188,4
0000006473,0000003373,2,0000000449,3
0000006474,0000003374,1,0000000035,1
0000006475,0000003374,2,0000000331,1
0000006476,0000003375,1,0000000091,1
0000006477,0000003376,1,0000000173,1
0000006478,0000003377,1,0000000193,1
0000006479,0000003377,2,0000000160,1
0000006480,0000003378,1,0000000157,1
0000006481,0000003378,2,0000000053,2
0000006482,0000003379,1,0000000251,1
0000006483,0000003379,2,0000000498,3
0000006484,0000003379,3,0000000409,1
0000006485,0000003380,1,0000000409,1
0000006486,0000003380,2,0000000053,2
0000006487,0000003380,3,0000000218,2
0000006488,0000003380,4,0000000233,1
0000006489,0000003381,1,0000000196,1
0000006490,0000003382,1,0000000152,2
0000006491,0000003383,1,0000000467,2
0000006492,0000003384,1,0000000469,3
0000006493,0000003384,2,0000000214,1
0000006494,0000003385,1,0000000061,1
0000006495,0000003386,1,0000000128,1
0000006496,0000003386,2,0000000238,1
0000006497,0000003387,1,0000000378,1
0000006498,0000003387,2,0000000113,1
0000006499,0000003388,1,0000000070,2
0000006500,0000003388,2,0000000418,1
0000006501,0000003389,1,0000000078,2
0000006502,0000003390,1,0000000094,1
0000006503,0000003391,1,0000000354,1
0000006504,0000003391,2,0000000445,1
0000006505,0000003391,3,0000000168,1
0000006506,0000003392,1,0000000332,1
0000006507,0000003393,1,0000000211,1
0000006508,0000003394,1,0000000172,1
0000006509,0000003395,1,0000000100,1
0000006510,0000003395,2,0000000384,1
0000006511,0000003396,1,0000000495,4
0000006512,0000003397,1,0000000032,2
0000006513,0000003397,2,0000000412,1
0000006514,0000003397,3,0000000036,1
0000006515,0000003397,4,0000000402,1
0000006516,0000003398,1,0000000348,1
0000006517,0000003399,1,0000000339,1
0000006518,0000003400,1,0000000354,1
0000006519,0000003401,1,0000000139,1
0000006520,0000003402,1,0000000019,1
0000006521,0000003403,1,0000000151,2
0000006522,0000003404,1,0000000370,4
0000006523,0000003405,1,0000000491,2
0000006524,0000003406,1,0000000470,1
0000006525,0000003407,1,0000000061,1
0000006526,0000003407,2,0000000264,1
0000006527,0000003407,3,0000000093,1
0000006528,0000003408,1,0000000213,1
0000006529,0000003408,2,0000000161,2
0000006530,0000003408,3,0000000277,1
0000006531,0000003409,1,0000000270,1
0000006532,0000003409,2,0000000421,3
0000006533,0000003409,3,0000000121,2
0000006534,0000003409,4,0000000462,2
0000006535,0000003409,5,0000000223,3
0000006536,0000003410,1,0000000127,2
0000006537,0000003410,2,0000000331,2
0000006538,0000003411,1,0000000208,1
0000006539,0000003411,2,0000000039,1
0000006540,0000003411,3,0000000169,1
0000006541,0000003412,1,0000000452,1
0000006542,0000003412,2,0000000017,1
0000006543,0000003412,3,0000000041,1
0000006544,0000003412,4,0000000355,1
0000006545,0000003413,1,0000000399,1
0000006546,0000003414,1,0000000436,1
0000006547,0000003415,1,0000000387,1
0000006548,0000003416,1,0000000363,3
0000006549,0000003416,2,0000000264,1
0000006550,0000003417,1,0000000266,1
0000006551,0000003417,2,0000000163,1
0000006552,0000003417,3,0000000232,3
0000006553,0000003418,1,0000000220,1
0000006554,0000003418,2,0000000115,1
0000006555,0000003418,3,0000000379,3
0000006556,0000003419,1,0000000193,2
0000006557,0000003420,1,0000000365,1
0000006558,0000003420,2,0000000070,4
0000006559,0000003420,3,0000000084,2
0000006560,0000003420,4,0000000349,1
0000006561,0000003421,1,0000000008,3
0000006562,0000003422,1,0000000385,2
0000006563,0000003422,2,0000000404,1
0000006564,0000003423,1,0000000378,1
0000006565,0000003423,2,0000000253,2
0000006566,0000003424,1,0000000021,1
0000006567,0000003425,1,0000000353,1
0000006568,0000003425,2,0000000294,4
0000006569,0000003426,1,0000000229,1
0000006570,0000003427,1,0000000099,1
0000006571,0000003427,2,0000000016,1
0000006572,0000003427,3,0000000223,1
0000006573,0000003428,1,0000000184,1
0000006574,0000003428,2,0000000302,4
0000006575,0000003429,1,0000000247,2
0000006576,0000003430,1,0000000356,1
0000006577,0000003431,1,0000000419,3
0000006578,0000003431,2,0000000323,1
0000006579,0000003431,3,0000000045,1
0000006580,0000003432,1,0000000140,1
0000006581,0000003433,1,0000000066,2
0000006582,0000003434,1,0000000407,2
0000006583,0000003435,1,0000000034,2
0000006584,0000003436,1,0000000157,1
0000006585,0000003437,1,0000000285,1
0000006586,0000003437,2,0000000114,2
0000006587,0000003438,1,0000000103,1
0000006588,0000003438,2,0000000001,1
0000006589,0000003439,1,0000000061,1
0000006590,0000003439,2,0000000417,2
0000006591,0000003439,3,0000000181,1
0000006592,0000003439,4,0000000043,1
0000006593,0000003439,5,0000000083,1
0000006594,0000003440,1,0000000017,4
0000006595,0000003440,2,0000000414,3
0000006596,0000003440,3,0000000068,1
0000006597,0000003441,1,0000000472,1
0000006598,0000003442,1,0000000385,1
0000006599,0000003443,1,0000000168,1
0000006600,0000003444,1,0000000276,1
0000006601,0000003445,1,0000000066,1
0000006602,0000003446,1,0000000263,1
0000006603,0000003447,1,0000000136,2
0000006604,0000003448,1,0000000064,1
0000006605,0000003448,2,0000000035,2
0000006606,0000003448,3,0000000096,1
0000006607,0000003448,4,0000000277,1
0000006608,0000003449,1,0000000424,1
0000006609,0000003449,2,0000000397,1
0000006610,0000003449,3,0000000003,1
0000006611,0000003450,1,0000000345,4
0000006612,0000003450,2,0000000397,2
0000006613,0000003450,3,0000000353,1
0000006614,0000003450,4,0000000125,1
0000006615,0000003451,1,0000000064,1
0000006616,0000003452,1,0000000343,2
0000006617,0000003452,2,0000000339,1
0000006618,0000003453,1,0000000091,1
0000006619,0000003453,2,0000000218,2
0000006620,0000003454,1,0000000291,1
0000006621,0000003454,2,0000000294,1
0000006622,0000003454,3,0000000497,2
0000006623,0000003454,4,0000000254,2
0000006624,0000003455,1,0000000420,3
0000006625,0000003456,1,0000000265,2
0000006626,0000003456,2,0000000160,1
0000006627,0000003456,3,0000000248,1
0000006628,0000003456,4,0000000320,4
0000006629,0000003456,5,0000000345,2
0000006630,0000003457,1,0000000219,1
0000006631,0000003458,1,0000000028,2
0000006632,0000003458,2,0000000413,2
0000006633,0000003459,1,0000000441,1
0000006634,0000003460,1,0000000011,3
0000006635,0000003460,2,0000000274,1
0000006636,0000003460,3,0000000122,2
0000006637,0000003461,1,0000000178,3
0000006638,0000003462,1,0000000007,1
0000006639,0000003462,2,0000000480,1
0000006640,0000003462,3,0000000053,2
0000006641,0000003463,1,0000000106,4
0000006642,0000003463,2,0000000222,1
0000006643,0000003464,1,0000000383,1
0000006644,0000003465,1,0000000146,1
0000006645,0000003466,1,0000000327,1
0000006646,0000003467,1,0000000123,1
0000006647,0000003467,2,0000000036,1
0000006648,0000003467,3,0000000483,1
0000006649,0000003467,4,0000000210,2
0000006650,0000003468,1,0000000344,2
0000006651,0000003468,2,0000000346,1
0000006652,0000003469,1,0000000172,1
0000006653,0000003470,1,0000000122,3
0000006654,0000003471,1,0000000256,1
0000006655,0000003471,2,0000000094,1
0000006656,0000003472,1,0000000402,2
0000006657,0000003473,1,0000000040,3
0000006658,0000003474,1,0000000301,2
0000006659,0000003475,1,0000000463,1
0000006660,0000003475,2,0000000087,3
0000006661,0000003476,1,0000000313,1
0000006662,0000003477,1,0000000047,2
0000006663,0000003477,2,0000000217,1
0000006664,0000003477,3,0000000015,1
0000006665,0000003477,4,0000000492,1
0000006666,0000003478,1,0000000133,3
0000006667,0000003478,2,0000000339,2
0000006668,0000003478,3,0000000060,1
0000006669,0000003479,1,0000000028,2
0000006670,0000003480,1,0000000474,1
0000006671,0000003481,1,0000000173,1
0000006672,0000003482,1,0000000399,1
0000006673,0000003483,1,0000000031,1
0000006674,0000003484,1,0000000009,1
0000006675,0000003484,2,0000000159,1
0000006676,0000003484,3,0000000157,1
0000006677,0000003485,1,0000000276,3
0000006678,0000003486,1,0000000486,2
0000006679,0000003486,2,0000000124,2
0000006680,0000003486,3,0000000204,1
0000006681,0000003487,1,0000000382,2
0000006682,0000003488,1,0000000329,1
0000006683,0000003489,1,0000000121,1
0000006684,0000003489,2,0000000465,4
0000006685,0000003490,1,0000000190,1
0000006686,0000003490,2,0000000022,1
0000006687,0000003491,1,0000000238,2
0000006688,0000003492,1,0000000274,1
0000006689,0000003493,1,0000000104,1
0000006690,0000003494,1,0000000078,2
0000006691,0000003495,1,0000000256,1
0000006692,0000003496,1,0000000405,1
0000006693,0000003497,1,0000000480,1
0000006694,0000003497,2,0000000325,1
0000006695,0000003497,3,0000000306,1
0000006696,0000003498,1,0000000402,1
0000006697,0000003499,1,0000000435,1
0000006698,0000003500,1,0000000420,1
0000006699,0000003500,2,0000000348,1
0000006700,0000003500,3,0000000208,1
0000006701,0000003501,1,0000000475,1
0000006702,0000003502,1,0000000220,1
0000006703,0000003503,1,0000000115,1
0000006704,0000003504,1,0000000030,1
0000006705,0000003505,1,0000000177,3
0000006706,0000003505,2,0000000430,1
0000006707,0000003506,1,0000000341,1
0000006708,0000003506,2,0000000185,1
0000006709,0000003506,3,0000000448,2
0000006710,0000003507,1,0000000157,1
0000006711,0000003507,2,0000000055,1
0000006712,0000003508,1,0000000365,1
0000006713,0000003509,1,0000000333,1
0000006714,0000003510,1,0000000103,1
0000006715,0000003511,1,0000000221,1
0000006716,0000003512,1,0000000397,2
0000006717,0000003513,1,0000000439,1
0000006718,0000003514,1,0000000144,4
0000006719,0000003515,1,0000000412,1
0000006720,0000003515,2,0000000488,3
0000006721,0000003516,1,0000000075,1
0000006722,0000003516,2,0000000436,2
0000006723,0000003517,1,0000000448,1
0000006724,0000003517,2,0000000171,1
0000006725,0000003517,3,0000000430,1
0000006726,0000003518,1,0000000060,1
0000006727,0000003518,2,0000000385,1
0000006728,0000003519,1,0000000075,1
0000006729,0000003519,2,0000000267,1
0000006730,0000003520,1,0000000350,3
0000006731,0000003521,1,0000000089,2
0000006732,0000003522,1,0000000062,3
0000006733,0000003522,2,0000000445,4
0000006734,0000003522,3,0000000145,1
0000006735,0000003522,4,0000000295,1
0000006736,0000003523,1,0000000403,4
0000006737,0000003523,2,0000000012,1
0000006738,0000003523,3,0000000421,1
0000006739,0000003524,1,0000000201,1
0000006740,0000003524,2,0000000423,2
0000006741,0000003525,1,0000000225,4
0000006742,0000003525,2,0000000028,1
0000006743,0000003526,1,0000000419,1
0000006744,0000003527,1,0000000080,1
0000006745,0000003527,2,0000000269,1
0000006746,0000003528,1,0000000116,1
0000006747,0000003529,1,0000000092,1
0000006748,0000003530,1,0000000484,1
0000006749,0000003530,2,0000000249,1
0000006750,0000003530,3,0000000237,1
0000006751,0000003531,1,0000000312,2
0000006752,0000003531,2,0000000165,2
0000006753,0000003531,3,0000000416,1
0000006754,0000003532,1,0000000420,1
0000006755,0000003532,2,0000000016,1
0000006756,0000003532,3,0000000039,1
0000006757,0000003533,1,0000000021,1
0000006758,0000003534,1,0000000260,2
0000006759,0000003535,1,0000000359,1
0000006760,0000003536,1,0000000181,3
0000006761,0000003536,2,0000000102,1
0000006762,0000003537,1,0000000204,3
0000006763,0000003538,1,0000000390,1
0000006764,0000003538,2,0000000192,1
0000006765,0000003539,1,0000000397,1
0000006766,0000003539,2,0000000193,1
0000006767,0000003540,1,0000000181,1
0000006768,0000003540,2,0000000016,2
0000006769,0000003540,3,0000000307,1
0000006770,0000003540,4,0000000020,3
0000006771,0000003541,1,0000000351,2
0000006772,0000003541,2,0000000191,1
0000006773,0000003542,1,0000000075,3
0000006774,0000003542,2,0000000436,1
0000006775,0000003543,1,0000000260,1
0000006776,0000003544,1,0000000209,2
0000006777,0000003544,2,0000000206,1
0000006778,0000003544,3,0000000274,1
0000006779,0000003544,4,0000000269,3
0000006780,0000003545,1,0000000088,1
0000006781,0000003546,1,0000000097,1
0000006782,0000003546,2,0000000410,1
0000006783,0000003546,3,0000000033,2
0000006784,0000003546,4,0000000352,4
0000006785,0000003547,1,0000000212,2
0000006786,0000003548,1,0000000016,1
0000006787,0000003548,2,0000000051,1
0000006788,0000003549,1,0000000306,1
0000006789,0000003550,1,0000000432,1
0000006790,0000003551,1,0000000455,1
0000006791,0000003552,1,0000000427,1
0000006792,0000003552,2,0000000455,2
0000006793,0000003553,1,0000000392,4
0000006794,0000003554,1,0000000066,2
0000006795,0000003554,2,0000000289,2
0000006796,0000003554,3,0000000210,1
0000006797,0000003555,1,0000000090,1
0000006798,0000003555,2,0000000057,1
0000006799,0000003555,3,0000000438,2
0000006800,0000003556,1,0000000343,2
0000006801,0000003557,1,0000000082,1
0000006802,0000003558,1,0000000359,1
0000006803,0000003559,1,0000000419,1
0000006804,0000003560,1,0000000374,1
0000006805,0000003560,2,0000000224,3
0000006806,0000003560,3,0000000295,1
0000006807,0000003560,4,0000000372,1
0000006808,0000003561,1,0000000347,2
0000006809,0000003562,1,0000000312,1
0000006810,0000003563,1,0000000449,2
0000006811,0000003564,1,0000000154,2
0000006812,0000003564,2,0000000269,1
0000006813,0000003565,1,0000000059,1
0000006814,0000003566,1,0000000290,1
0000006815,0000003567,1,0000000409,1
0000006816,0000003567,2,0000000080,1
0000006817,0000003568,1,0000000494,2
0000006818,0000003568,2,0000000291,1
0000006819,0000003568,3,0000000464,1
0000006820,0000003569,1,0000000218,1
0000006821,0000003570,1,0000000380,1
0000006822,0000003571,1,0000000332,1
0000006823,0000003572,1,0000000024,2
0000006824,0000003573,1,0000000387,1
0000006825,0000003574,1,0000000414,1
0000006826,0000003574,2,0000000350,2
0000006827,0000003575,1,0000000123,2
0000006828,0000003575,2,0000000233,1
0000006829,0000003575,3,0000000410,1
0000006830,0000003575,4,0000000432,1
0000006831,0000003576,1,0000000491,1
0000006832,0000003577,1,0000000323,1
0000006833,0000003578,1,0000000418,2
0000006834,0000003579,1,0000000283,1
0000006835,0000003580,1,0000000126,1
0000006836,0000003580,2,0000000242,1
0000006837,0000003580,3,0000000325,1
0000006838,0000003581,1,0000000356,1
0000006839,0000003581,2,0000000026,4
0000006840,0000003582,1,0000000263,1
0000006841,0000003582,2,0000000181,1
0000006842,0000003583,1,0000000059,1
0000006843,0000003583,2,0000000457,2
0000006844,0000003584,1,0000000227,3
0000006845,0000003585,1,0000000093,1
0000006846,0000003586,1,0000000006,2
0000006847,0000003587,1,0000000256,1
0000006848,0000003587,2,0000000494,4
0000006849,0000003587,3,0000000120,1
0000006850,0000003588,1,0000000438,1
0000006851,0000003588,2,0000000224,2
0000006852,0000003588,3,0000000289,1
0000006853,0000003588,4,0000000326,1
0000006854,0000003589,1,0000000179,1
0000006855,0000003589,2,0000000254,3
0000006856,0000003589,3,0000000358,1
0000006857,0000003590,1,0000000263,3
0000006858,0000003591,1,0000000081,1
0000006859,0000003591,2,0000000102,2
0000006860,0000003591,3,0000000018,1
0000006861,0000003591,4,0000000053,1
0000006862,0000003592,1,0000000328,1
0000006863,0000003592,2,0000000008,1
0000006864,0000003593,1,0000000085,1
0000006865,0000003593,2,0000000440,1
0000006866,0000003594,1,0000000237,2
0000006867,0000003594,2,0000000179,1
0000006868,0000003594,3,0000000180,1
0000006869,0000003594,4,0000000055,3
0000006870,0000003595,1,0000000153,1
0000006871,0000003596,1,0000000292,1
0000006872,0000003596,2,0000000500,1
0000006873,0000003596,3,0000000253,4
0000006874,0000003597,1,0000000364,1
0000006875,0000003598,1,0000000147,1
0000006876,0000003599,1,0000000342,3
0000006877,0000003600,1,0000000445,4
0000006878,0000003600,2,0000000054,1
0000006879,0000003600,3,0000000273,2
0000006880,0000003600,4,0000000139,1
0000006881,0000003600,5,0000000497,3
0000006882,0000003601,1,0000000140,2
0000006883,0000003601,2,0000000490,1
0000006884,0000003602,1,0000000378,1
0000006885,0000003602,2,0000000238,1
0000006886,0000003603,1,0000000117,1
0000006887,0000003603,2,0000000193,1
0000006888,0000003604,1,0000000409,1
0000006889,0000003605,1,0000000375,1
0000006890,0000003606,1,0000000370,3
0000006891,0000003606,2,0000000032,1
0000006892,0000003607,1,0000000186,2
0000006893,0000003607,2,0000000251,2
0000006894,0000003608,1,0000000133,1
0000006895,0000003608,2,0000000371,1
0000006896,0000003609,1,0000000203,1
0000006897,0000003610,1,0000000324,1
0000006898,0000003610,2,0000000465,1
0000006899,0000003611,1,0000000375,1
0000006900,0000003611,2,0000000408,1
0000006901,0000003612,1,0000000420,1
0000006902,0000003613,1,0000000105,1
0000006903,0000003614,1,0000000082,1
0000006904,0000003615,1,0000000055,2
0000006905,0000003615,2,0000000385,1
0000006906,0000003615,3,0000000091,1
0000006907,0000003616,1,0000000326,1
0000006908,0000003617,1,0000000472,4
0000006909,0000003617,2,0000000368,1
0000006910,0000003618,1,0000000483,1
0000006911,0000003619,1,0000000194,1
0000006912,0000003620,1,0000000324,1
0000006913,0000003620,2,0000000311,2
0000006914,0000003621,1,0000000376,1
0000006915,0000003622,1,0000000445,1
0000006916,0000003623,1,0000000238,1
0000006917,0000003623,2,0000000054,1
0000006918,0000003624,1,0000000182,2
0000006919,0000003624,2,0000000339,2
0000006920,0000003625,1,0000000127,1
0000006921,0000003625,2,0000000099,1
0000006922,0000003626,1,0000000477,1
0000006923,0000003626,2,0000000066,1
0000006924,0000003627,1,0000000106,1
0000006925,0000003627,2,0000000185,1
0000006926,0000003627,3,0000000025,2
0000006927,0000003627,4,0000000093,1
0000006928,0000003628,1,0000000260,1
0000006929,0000003628,2,0000000073,4
0000006930,0000003628,3,0000000252,4
0000006931,0000003628,4,0000000148,1
0000006932,0000003629,1,0000000168,1
0000006933,0000003630,1,0000000151,2
0000006934,0000003631,1,0000000488,2
0000006935,0000003631,2,0000000461,1
0000006936,0000003631,3,0000000290,3
0000006937,0000003631,4,0000000130,2
0000006938,0000003632,1,0000000247,2
0000006939,0000003632,2,0000000082,2
0000006940,0000003633,1,0000000111,1
0000006941,0000003633,2,0000000095,2
0000006942,0000003633,3,0000000117,1
0000006943,0000003634,1,0000000002,1
0000006944,0000003634,2,0000000267,1
0000006945,0000003635,1,0000000101,1
0000006946,0000003636,1,0000000226,1
0000006947,0000003637,1,0000000007,2
0000006948,0000003637,2,0000000286,1
0000006949,0000003638,1,0000000243,1
0000006950,0000003638,2,0000000097,1
0000006951,0000003639,1,0000000276,2
0000006952,0000003639,2,0000000447,1
0000006953,0000003639,3,0000000016,1
0000006954,0000003640,1,0000000277,1
0000006955,0000003641,1,0000000206,1
0000006956,0000003641,2,0000000069,2
0000006957,0000003641,3,0000000445,1
0000006958,0000003642,1,0000000255,2
0000006959,0000003643,1,0000000243,1
0000006960,0000003643,2,0000000131,3
0000006961,0000003643,3,0000000175,1
0000006962,0000003643,4,0000000291,1
0000006963,0000003643,5,0000000219,2
0000006964,0000003644,1,0000000133,1
0000006965,0000003645,1,0000000204,1
0000006966,0000003645,2,0000000072,1
0000006967,0000003645,3,0000000205,1
0000006968,0000003646,1,0000000185,1
0000006969,0000003647,1,0000000309,1
0000006970,0000003648,1,0000000401,1
0000006971,0000003648,2,0000000492,1
0000006972,0000003649,1,0000000283,2
0000006973,0000003649,2,0000000499,1
0000006974,0000003650,1,0000000368,1
0000006975,0000003651,1,0000000447,1
0000006976,0000003652,1,0000000229,2
0000006977,0000003653,1,0000000378,2
0000006978,0000003654,1,0000000131,1
0000006979,0000003655,1,0000000487,2
0000006980,0000003656,1,0000000146,1
0000006981,0000003657,1,0000000322,1
0000006982,0000003658,1,0000000048,2
0000006983,0000003658,2,0000000447,1
0000006984,0000003658,3,0000000089,1
0000006985,0000003659,1,0000000431,2
0000006986,0000003659,2,0000000479,1
0000006987,0000003659,3,0000000389,2
0000006988,0000003659,4,0000000385,3
0000006989,0000003660,1,0000000062,1
0000006990,0000003660,2,0000000028,1
0000006991,0000003661,1,0000000219,2
0000006992,0000003661,2,0000000046,1
0000006993,0000003661,3,0000000221,2
0000006994,0000003662,1,0000000295,1
0000006995,0000003663,1,0000000473,1
0000006996,0000003663,2,0000000120,1
0000006997,0000003664,1,0000000470,1
0000006998,0000003665,1,0000000328,1
0000006999,0000003666,1,0000000065,1
0000007000,0000003667,1,0000000366,3
0000007001,0000003668,1,0000000088,1
0000007002,0000003669,1,0000000438,2
0000007003,0000003670,1,0000000267,4
0000007004,0000003670,2,0000000489,1
0000007005,0000003671,1,0000000081,1
0000007006,0000003671,2,0000000344,4
0000007007,0000003671,3,0000000194,2
0000007008,0000003671,4,0000000046,2
0000007009,0000003671,5,0000000434,1
0000007010,0000003672,1,0000000278,1
0000007011,0000003673,1,0000000385,1
0000007012,0000003674,1,0000000191,1
0000007013,0000003675,1,0000000102,1
0000007014,0000003676,1,0000000405,1
0000007015,0000003677,1,0000000038,1
0000007016,0000003677,2,0000000136,1
0000007017,0000003678,1,0000000439,2
0000007018,0000003679,1,0000000044,1
0000007019,0000003680,1,0000000138,1
0000007020,0000003681,1,0000000220,1
0000007021,0000003681,2,0000000457,2
0000007022,0000003682,1,0000000381,1
0000007023,0000003683,1,0000000462,1
0000007024,0000003683,2,0000000049,3
0000007025,0000003683,3,0000000229,1
0000007026,0000003683,4,0000000198,1
0000007027,0000003684,1,0000000452,3
0000007028,0000003685,1,0000000458,4
0000007029,0000003686,1,0000000129,1
0000007030,0000003686,2,0000000340,2
0000007031,0000003687,1,0000000241,1
0000007032,0000003688,1,0000000013,1
0000007033,0000003688,2,0000000272,1
0000007034,0000003688,3,0000000465,1
0000007035,0000003688,4,0000000445,2
0000007036,0000003689,1,0000000224,1
0000007037,0000003689,2,0000000290,3
0000007038,0000003690,1,0000000174,1
0000007039,0000003691,1,0000000372,1
0000007040,0000003692,1,0000000248,1
0000007041,0000003693,1,0000000304,1
0000007042,0000003693,2,0000000093,4
0000007043,0000003693,3,0000000439,2
0000007044,0000003694,1,0000000148,1
0000007045,0000003694,2,0000000016,1
0000007046,0000003694,3,0000000411,1
0000007047,0000003694,4,0000000048,1
0000007048,0000003694,5,0000000466,1
0000007049,0000003695,1,0000000415,4
0000007050,0000003695,2,0000000445,3
0000007051,0000003696,1,0000000128,1
0000007052,0000003696,2,0000000264,1
0000007053,0000003696,3,0000000446,1
0000007054,0000003696,4,0000000123,1
0000007055,0000003697,1,0000000244,1
0000007056,0000003698,1,0000000172,1
0000007057,0000003699,1,0000000125,1
0000007058,0000003699,2,0000000313,1
0000007059,0000003699,3,0000000316,2
0000007060,0000003699,4,0000000437,1
0000007061,0000003700,1,0000000181,1
0000007062,0000003700,2,0000000307,1
0000007063,0000003701,1,0000000414,1
0000007064,0000003702,1,0000000156,1
0000007065,0000003703,1,0000000200,4
0000007066,0000003703,2,0000000045,1
0000007067,0000003704,1,0000000415,1
0000007068,0000003705,1,0000000059,1
0000007069,0000003705,2,0000000383,1
0000007070,0000003706,1,0000000343,1
0000007071,0000003706,2,0000000015,1
0000007072,0000003706,3,0000000456,2
0000007073,0000003706,4,0000000289,1
0000007074,0000003706,5,0000000465,1
0000007075,0000003707,1,0000000443,1
0000007076,0000003707,2,0000000171,1
0000007077,0000003707,3,0000000310,1
0000007078,0000003708,1,0000000212,1
0000007079,0000003709,1,0000000186,1
0000007080,0000003710,1,0000000368,1
0000007081,0000003711,1,0000000156,1
0000007082,0000003711,2,0000000456,4
0000007083,0000003712,1,0000000205,1
0000007084,0000003713,1,0000000080,1
0000007085,0000003713,2,0000000189,4
0000007086,0000003714,1,0000000391,1
0000007087,0000003715,1,0000000393,1
0000007088,0000003716,1,0000000157,1
0000007089,0000003716,2,0000000368,1
0000007090,0000003716,3,0000000388,3
0000007091,0000003717,1,0000000466,1
0000007092,0000003717,2,0000000059,1
0000007093,0000003717,3,0000000267,1
0000007094,0000003717,4,0000000080,1
0000007095,0000003717,5,0000000087,1
0000007096,0000003718,1,0000000028,3
0000007097,0000003718,2,0000000178,3
0000007098,0000003718,3,0000000301,2
0000007099,0000003719,1,0000000416,1
0000007100,0000003719,2,0000000108,1
0000007101,0000003720,1,0000000435,2
0000007102,0000003720,2,0000000358,1
0000007103,0000003720,3,0000000473,2
0000007104,0000003720,4,0000000032,4
0000007105,0000003720,5,0000000115,1
0000007106,0000003721,1,0000000022,1
0000007107,0000003721,2,0000000313,1
0000007108,0000003722,1,0000000199,1
0000007109,0000003722,2,0000000223,1
0000007110,0000003723,1,0000000099,3
0000007111,0000003724,1,0000000432,2
0000007112,0000003725,1,0000000025,1
0000007113,0000003726,1,0000000485,3
0000007114,0000003726,2,0000000247,2
0000007115,0000003726,3,0000000338,1
0000007116,0000003726,4,0000000456,3
0000007117,0000003726,5,0000000372,1
0000007118,0000003727,1,0000000142,1
0000007119,0000003727,2,0000000256,2
0000007120,0000003727,3,0000000123,1
0000007121,0000003728,1,0000000103,1
0000007122,0000003729,1,0000000436,1
0000007123,0000003730,1,0000000022,1
0000007124,0000003731,1,0000000022,1
0000007125,0000003732,1,0000000010,1
0000007126,0000003732,2,0000000179,1
0000007127,0000003732,3,0000000050,1
0000007128,0000003732,4,0000000500,1
0000007129,0000003732,5,0000000170,2
0000007130,0000003733,1,0000000060,1
0000007131,0000003734,1,0000000138,1
0000007132,0000003735,1,0000000483,1
0000007133,0000003736,1,0000000286,1
0000007134,0000003737,1,0000000015,1
0000007135,0000003737,2,0000000303,4
0000007136,0000003737,3,0000000075,1
0000007137,0000003738,1,0000000287,1
0000007138,0000003738,2,0000000358,1
0000007139,0000003738,3,0000000289,1
0000007140,0000003738,4,0000000324,1
0000007141,0000003739,1,0000000321,1
0000007142,0000003739,2,0000000140,1
0000007143,0000003740,1,0000000459,1
0000007144,0000003741,1,0000000262,1
0000007145,0000003742,1,0000000006,1
0000007146,0000003743,1,0000000035,2
0000007147,0000003744,1,0000000054,1
0000007148,0000003744,2,0000000036,2
0000007149,0000003744,3,0000000064,1
0000007150,0000003745,1,0000000251,2
0000007151,0000003746,1,0000000486,1
0000007152,0000003746,2,0000000379,1
0000007153,0000003747,1,0000000294,2
0000007154,0000003748,1,0000000099,1
0000007155,0000003748,2,0000000357,1
0000007156,0000003748,3,0000000276,1
0000007157,0000003748,4,0000000418,1
0000007158,0000003748,5,0000000499,1
0000007159,0000003749,1,0000000422,1
0000007160,0000003750,1,0000000446,1
0000007161,0000003750,2,0000000376,2
0000007162,0000003750,3,0000000154,1
0000007163,0000003750,4,0000000055,1
0000007164,0000003751,1,0000000409,2
0000007165,0000003752,1,0000000250,1
0000007166,0000003753,1,0000000105,1
0000007167,0000003753,2,0000000431,1
0000007168,0000003754,1,0000000305,1
0000007169,0000003755,1,0000000397,1
0000007170,0000003756,1,0000000188,1
0000007171,0000003756,2,0000000309,1
0000007172,0000003757,1,0000000390,4
0000007173,0000003757,2,0000000381,2
0000007174,0000003758,1,0000000004,4
0000007175,0000003759,1,0000000123,1
0000007176,0000003759,2,0000000349,1
0000007177,0000003759,3,0000000156,1
0000007178,0000003760,1,0000000137,1
0000007179,0000003761,1,0000000275,3
0000007180,0000003761,2,0000000259,2
0000007181,0000003761,3,0000000295,1
0000007182,0000003762,1,0000000250,2
0000007183,0000003763,1,0000000332,1
0000007184,0000003764,1,0000000395,1
0000007185,0000003764,2,0000000206,1
0000007186,0000003764,3,0000000083,3
0000007187,0000003765,1,0000000419,3
0000007188,0000003766,1,0000000095,2
0000007189,0000003766,2,0000000081,1
0000007190,0000003766,3,0000000366,1
0000007191,0000003767,1,0000000158,3
0000007192,0000003767,2,0000000460,1
0000007193,0000003767,3,0000000301,1
0000007194,0000003767,4,0000000479,1
0000007195,0000003768,1,0000000126,1
0000007196,0000003768,2,0000000260,4
0000007197,0000003769,1,0000000282,1
0000007198,0000003769,2,0000000493,2
0000007199,0000003770,1,0000000165,1
0000007200,0000003771,1,0000000291,2
0000007201,0000003771,2,0000000295,2
0000007202,0000003771,3,0000000147,1
0000007203,0000003772,1,0000000423,1
0000007204,0000003773,1,0000000339,1
0000007205,0000003773,2,0000000080,1
0000007206,0000003774,1,0000000368,1
0000007207,0000003774,2,0000000319,1
0000007208,0000003775,1,0000000059,1
0000007209,0000003775,2,0000000025,1
0000007210,0000003775,3,0000000470,2
0000007211,0000003776,1,0000000056,1
0000007212,0000003777,1,0000000327,1
0000007213,0000003777,2,0000000444,1
0000007214,0000003777,3,0000000131,1
0000007215,0000003778,1,0000000462,2
0000007216,0000003779,1,0000000185,2
0000007217,0000003779,2,0000000034,1
0000007218,0000003780,1,0000000169,1
0000007219,0000003781,1,0000000414,3
0000007220,0000003781,2,0000000174,1
0000007221,0000003782,1,0000000289,1
0000007222,0000003782,2,0000000352,1
0000007223,0000003783,1,0000000406,1
0000007224,0000003784,1,0000000287,1
0000007225,0000003784,2,0000000440,2
0000007226,0000003785,1,0000000407,1
0000007227,0000003786,1,0000000500,1
0000007228,0000003787,1,0000000466,1
0000007229,0000003788,1,0000000134,1
0000007230,0000003789,1,0000000101,2
0000007231,0000003790,1,0000000045,1
0000007232,0000003791,1,0000000303,1
0000007233,0000003791,2,0000000285,2
0000007234,0000003792,1,0000000030,1
0000007235,0000003793,1,0000000144,1
0000007236,0000003794,1,0000000187,1
0000007237,0000003795,1,0000000075,1
0000007238,0000003796,1,0000000222,1
0000007239,0000003796,2,0000000128,1
0000007240,0000003797,1,0000000180,1
0000007241,0000003798,1,0000000332,1
0000007242,0000003798,2,0000000171,1
0000007243,0000003799,1,0000000097,1
0000007244,0000003800,1,0000000158,1
0000007245,0000003800,2,0000000438,1
0000007246,0000003800,3,0000000075,1
0000007247,0000003800,4,0000000083,1
0000007248,0000003801,1,0000000348,1
0000007249,0000003802,1,0000000027,2
0000007250,0000003802,2,0000000387,1
0000007251,0000003802,3,0000000332,4
0000007252,0000003803,1,0000000061,1
0000007253,0000003804,1,0000000300,1
0000007254,0000003804,2,0000000426,1
0000007255,0000003804,3,0000000362,1
0000007256,0000003804,4,0000000269,3
0000007257,0000003804,5,0000000298,1
0000007258,0000003805,1,0000000293,1
0000007259,0000003805,2,0000000487,1
0000007260,0000003805,3,0000000257,4
0000007261,0000003806,1,0000000372,1
0000007262,0000003806,2,0000000295,1
0000007263,0000003807,1,0000000165,1
0000007264,0000003807,2,0000000018,1
0000007265,0000003808,1,0000000045,1
0000007266,0000003809,1,0000000228,1
0000007267,0000003809,2,0000000230,1
0000007268,0000003810,1,0000000211,1
0000007269,0000003811,1,0000000065,1
0000007270,0000003812,1,0000000398,1
0000007271,0000003812,2,0000000411,1
0000007272,0000003813,1,0000000161,2
0000007273,0000003813,2,0000000453,1
0000007274,0000003813,3,0000000245,1
0000007275,0000003814,1,0000000264,2
0000007276,0000003815,1,0000000220,1
0000007277,0000003815,2,0000000470,1
0000007278,0000003815,3,0000000390,2
0000007279,0000003816,1,0000000017,1
0000007280,0000003817,1,0000000023,1
0000007281,0000003817,2,0000000132,1
0000007282,0000003818,1,0000000433,1
0000007283,0000003818,2,0000000281,3
0000007284,0000003818,3,0000000428,1
0000007285,0000003818,4,0000000475,2
0000007286,0000003819,1,0000000200,2
0000007287,0000003820,1,0000000130,1
0000007288,0000003821,1,0000000021,4
0000007289,0000003821,2,0000000422,1
0000007290,0000003821,3,0000000123,1
0000007291,0000003822,1,0000000436,1
0000007292,0000003822,2,0000000169,1
0000007293,0000003823,1,0000000394,1
0000007294,0000003824,1,0000000458,3
0000007295,0000003824,2,0000000056,2
0000007296,0000003824,3,0000000027,1
0000007297,0000003824,4,0000000244,3
0000007298,0000003825,1,0000000189,1
0000007299,0000003826,1,0000000175,2
0000007300,0000003827,1,0000000311,1
0000007301,0000003827,2,0000000043,2
0000007302,0000003827,3,0000000208,1
0000007303,0000003828,1,0000000381,2
0000007304,0000003828,2,0000000336,2
0000007305,0000003829,1,0000000009,1
0000007306,0000003829,2,0000000228,3
0000007307,0000003829,3,0000000297,2
0000007308,0000003829,4,0000000249,1
0000007309,0000003830,1,0000000431,2
0000007310,0000003830,2,0000000003,3
0000007311,0000003830,3,0000000161,1
0000007312,0000003830,4,0000000436,1
0000007313,0000003831,1,0000000321,1
0000007314,0000003831,2,0000000220,3
0000007315,0000003832,1,0000000173,1
0000007316,0000003832,2,0000000307,1
0000007317,0000003833,1,0000000144,1
0000007318,0000003833,2,0000000424,1
0000007319,0000003833,3,0000000125,2
0000007320,0000003834,1,0000000302,4
0000007321,0000003834,2,0000000462,1
0000007322,0000003834,3,0000000095,1
0000007323,0000003835,1,0000000058,1
0000007324,0000003836,1,0000000355,1
0000007325,0000003837,1,0000000233,3
0000007326,0000003838,1,0000000111,1
0000007327,0000003839,1,0000000393,1
0000007328,0000003839,2,0000000136,1
0000007329,0000003840,1,0000000418,1
0000007330,0000003841,1,0000000383,1
0000007331,0000003842,1,0000000128,1
0000007332,0000003842,2,0000000052,1
0000007333,0000003842,3,0000000420,2
0000007334,0000003842,4,0000000036,1
0000007335,0000003843,1,0000000481,4
0000007336,0000003843,2,0000000395,1
0000007337,0000003843,3,0000000449,1
0000007338,0000003844,1,0000000199,2
0000007339,0000003845,1,0000000396,1
0000007340,0000003845,2,0000000444,2
0000007341,0000003845,3,0000000034,3
0000007342,0000003846,1,0000000255,1
0000007343,0000003847,1,0000000091,1
0000007344,0000003848,1,0000000211,2
0000007345,0000003848,2,0000000396,1
0000007346,0000003849,1,0000000372,1
0000007347,0000003850,1,0000000417,1
0000007348,0000003850,2,0000000299,1
0000007349,0000003850,3,0000000429,1
0000007350,0000003851,1,0000000486,1
0000007351,0000003852,1,0000000176,1
0000007352,0000003852,2,0000000210,2
0000007353,0000003852,3,0000000490,3
0000007354,0000003852,4,0000000128,1
0000007355,0000003852,5,0000000458,1
0000007356,0000003853,1,0000000406,1
0000007357,0000003853,2,0000000012,1
0000007358,0000003853,3,0000000023,1
0000007359,0000003853,4,0000000139,2
0000007360,0000003854,1,0000000392,1
0000007361,0000003855,1,0000000206,1
0000007362,0000003856,1,0000000490,1
0000007363,0000003856,2,0000000142,2
0000007364,0000003857,1,0000000302,1
0000007365,0000003858,1,0000000319,2
0000007366,0000003859,1,0000000068,1
0000007367,0000003860,1,0000000296,1
0000007368,0000003860,2,0000000434,1
0000007369,0000003861,1,0000000214,3
0000007370,0000003862,1,0000000218,1
0000007371,0000003863,1,0000000398,2
0000007372,0000003864,1,0000000219,2
0000007373,0000003864,2,0000000436,1
0000007374,0000003864,3,0000000494,1
0000007375,0000003865,1,0000000330,1
0000007376,0000003865,2,0000000143,1
0000007377,0000003865,3,0000000402,2
0000007378,0000003866,1,0000000235,1
0000007379,0000003867,1,0000000266,2
0000007380,0000003867,2,0000000462,2
0000007381,0000003868,1,0000000497,2
0000007382,0000003869,1,0000000220,1
0000007383,0000003869,2,0000000059,2
0000007384,0000003869,3,0000000163,1
0000007385,0000003869,4,0000000339,1
0000007386,0000003869,5,0000000172,2
0000007387,0000003870,1,0000000333,1
0000007388,0000003870,2,0000000096,1
0000007389,0000003870,3,0000000319,2
0000007390,0000003871,1,0000000082,1
0000007391,0000003872,1,0000000005,1
0000007392,0000003872,2,0000000164,1
0000007393,0000003873,1,0000000266,2
0000007394,0000003874,1,0000000103,1
0000007395,0000003875,1,0000000369,3
0000007396,0000003875,2,0000000240,1
0000007397,0000003876,1,0000000303,2
0000007398,0000003876,2,0000000217,3
0000007399,0000003876,3,0000000026,1
0000007400,0000003876,4,0000000076,1
0000007401,0000003877,1,0000000490,2
0000007402,0000003878,1,0000000441,1
0000007403,0000003879,1,0000000307,1
0000007404,0000003880,1,0000000366,1
0000007405,0000003881,1,0000000479,1
0000007406,0000003881,2,0000000275,4
0000007407,0000003882,1,0000000381,3
0000007408,0000003882,2,0000000389,1
0000007409,0000003883,1,0000000242,3
0000007410,0000003884,1,0000000369,3
0000007411,0000003885,1,0000000357,1
0000007412,0000003886,1,0000000171,1
0000007413,0000003887,1,0000000423,1
0000007414,0000003887,2,0000000483,2
0000007415,0000003888,1,0000000295,1
0000007416,0000003888,2,0000000058,4
0000007417,0000003889,1,0000000040,2
0000007418,0000003889,2,0000000168,1
0000007419,0000003889,3,0000000369,1
0000007420,0000003889,4,0000000035,3
0000007421,0000003890,1,0000000403,1
0000007422,0000003891,1,0000000311,2
0000007423,0000003891,2,0000000017,1
0000007424,0000003891,3,0000000209,1
0000007425,0000003892,1,0000000127,2
0000007426,0000003893,1,0000000145,1
0000007427,0000003893,2,0000000150,3
0000007428,0000003894,1,0000000259,2
0000007429,0000003895,1,0000000205,1
0000007430,0000003895,2,0000000080,1
0000007431,0000003896,1,0000000158,1
0000007432,0000003897,1,0000000228,3
0000007433,0000003898,1,0000000073,2
0000007434,0000003899,1,0000000341,2
0000007435,0000003899,2,0000000498,1
0000007436,0000003900,1,0000000346,2
0000007437,0000003900,2,0000000302,1
0000007438,0000003901,1,0000000072,1
0000007439,0000003901,2,0000000236,1
0000007440,0000003902,1,0000000225,3
0000007441,0000003903,1,0000000471,2
0000007442,0000003904,1,0000000180,1
0000007443,0000003905,1,0000000474,1
0000007444,0000003905,2,0000000225,1
0000007445,0000003906,1,0000000327,2
0000007446,0000003906,2,0000000318,2
0000007447,0000003906,3,0000000305,1
0000007448,0000003906,4,0000000019,1
0000007449,0000003907,1,0000000001,3
0000007450,0000003907,2,0000000239,1
0000007451,0000003907,3,0000000323,1
0000007452,0000003908,1,0000000084,1
0000007453,0000003909,1,0000000322,2
0000007454,0000003910,1,0000000341,2
0000007455,0000003910,2,0000000270,4
0000007456,0000003910,3,0000000102,4
0000007457,0000003911,1,0000000041,1
0000007458,0000003911,2,0000000470,1
0000007459,0000003911,3,0000000405,1
0000007460,0000003912,1,0000000271,1
0000007461,0000003912,2,0000000073,1
0000007462,0000003912,3,0000000307,2
0000007463,0000003913,1,0000000108,4
0000007464,0000003913,2,0000000305,2
0000007465,0000003914,1,0000000235,1
0000007466,0000003914,2,0000000001,2
0000007467,0000003915,1,0000000040,1
0000007468,0000003915,2,0000000373,1
0000007469,0000003916,1,0000000201,4
0000007470,0000003916,2,0000000081,1
0000007471,0000003916,3,0000000128,3
0000007472,0000003917,1,0000000136,2
0000007473,0000003918,1,0000000196,3
0000007474,0000003918,2,0000000008,1
0000007475,0000003918,3,0000000001,4
0000007476,0000003919,1,0000000389,1
0000007477,0000003919,2,0000000037,1
0000007478,0000003920,1,0000000262,2
0000007479,0000003920,2,0000000451,2
0000007480,0000003920,3,0000000458,1
0000007481,0000003921,1,0000000343,1
0000007482,0000003922,1,0000000464,1
0000007483,0000003923,1,0000000490,1
0000007484,0000003923,2,0000000259,2
0000007485,0000003923,3,0000000102,1
0000007486,0000003924,1,0000000028,1
0000007487,0000003924,2,0000000441,1
0000007488,0000003925,1,0000000278,1
0000007489,0000003926,1,0000000235,1
0000007490,0000003926,2,0000000347,3
0000007491,0000003926,3,0000000291,4
0000007492,0000003926,4,0000000313,1
0000007493,0000003926,5,0000000327,4
0000007494,0000003927,1,0000000247,1
0000007495,0000003927,2,0000000495,1
0000007496,0000003928,1,0000000285,1
0000007497,0000003929,1,0000000156,1
0000007498,0000003930,1,0000000378,1
0000007499,0000003930,2,0000000351,1
0000007500,0000003931,1,0000000206,1
0000007501,0000003931,2,0000000344,2
0000007502,0000003932,1,0000000351,1
0000007503,0000003932,2,0000000067,2
0000007504,0000003933,1,0000000321,4
0000007505,0000003933,2,0000000164,1
0000007506,0000003934,1,0000000142,2
0000007507,0000003935,1,0000000037,2
0000007508,0000003935,2,0000000476,1
0000007509,0000003935,3,0000000406,1
0000007510,0000003936,1,0000000108,1
0000007511,0000003937,1,0000000076,3
0000007512,0000003938,1,0000000472,1
0000007513,0000003938,2,0000000183,1
0000007514,0000003939,1,0000000254,3
0000007515,0000003940,1,0000000137,2
0000007516,0000003940,2,0000000051,1
0000007517,0000003941,1,0000000079,1
0000007518,0000003941,2,0000000358,1
0000007519,0000003942,1,0000000097,1
0000007520,0000003943,1,0000000454,1
0000007521,0000003943,2,0000000260,1
0000007522,0000003944,1,0000000193,2
0000007523,0000003944,2,0000000362,1
0000007524,0000003944,3,0000000049,1
0000007525,0000003945,1,0000000280,2
0000007526,0000003945,2,0000000292,1
0000007527,0000003946,1,0000000321,1
0000007528,0000003947,1,0000000200,1
0000007529,0000003947,2,0000000245,1
0000007530,0000003947,3,0000000081,2
0000007531,0000003948,1,0000000490,1
0000007532,0000003949,1,0000000202,1
0000007533,0000003949,2,0000000121,1
0000007534,0000003949,3,0000000038,1
0000007535,0000003949,4,0000000299,1
0000007536,0000003949,5,0000000311,3
0000007537,0000003950,1,0000000289,4
0000007538,0000003950,2,0000000324,1
0000007539,0000003951,1,0000000148,1
0000007540,0000003951,2,0000000089,2
0000007541,0000003951,3,0000000466,2
0000007542,0000003951,4,0000000076,1
0000007543,0000003952,1,0000000057,1
0000007544,0000003952,2,0000000283,1
0000007545,0000003953,1,0000000275,1
0000007546,0000003953,2,0000000350,1
0000007547,0000003954,1,0000000273,2
0000007548,0000003954,2,0000000052,1
0000007549,0000003955,1,0000000307,1
0000007550,0000003955,2,0000000105,1
0000007551,0000003956,1,0000000061,4
0000007552,0000003957,1,0000000301,1
0000007553,0000003958,1,0000000291,1
0000007554,0000003959,1,0000000063,2
0000007555,0000003959,2,0000000398,1
0000007556,0000003959,3,0000000491,1
0000007557,0000003960,1,0000000424,1
0000007558,0000003961,1,0000000243,1
0000007559,0000003962,1,0000000385,1
0000007560,0000003962,2,0000000053,1
0000007561,0000003963,1,0000000476,3
0000007562,0000003964,1,0000000279,1
0000007563,0000003965,1,0000000374,1
0000007564,0000003965,2,0000000205,2
0000007565,0000003965,3,0000000286,1
0000007566,0000003965,4,0000000110,3
0000007567,0000003965,5,0000000143,1
0000007568,0000003966,1,0000000257,2
0000007569,0000003966,2,0000000203,4
0000007570,0000003966,3,0000000264,1
0000007571,0000003966,4,0000000078,1
0000007572,0000003966,5,0000000244,1
0000007573,0000003967,1,0000000196,1
0000007574,0000003967,2,0000000248,1
0000007575,0000003967,3,0000000409,2
0000007576,0000003968,1,0000000202,3
0000007577,0000003969,1,0000000357,1
0000007578,0000003969,2,0000000390,1
0000007579,0000003970,1,0000000146,1
0000007580,0000003970,2,0000000071,1
0000007581,0000003970,3,0000000024,1
0000007582,0000003971,1,0000000402,1
0000007583,0000003972,1,0000000418,1
0000007584,0000003972,2,0000000403,4
0000007585,0000003973,1,0000000075,1
0000007586,0000003974,1,0000000289,1
0000007587,0000003975,1,0000000485,1
0000007588,0000003976,1,0000000321,1
0000007589,0000003976,2,0000000398,1
0000007590,0000003977,1,0000000429,1
0000007591,0000003977,2,0000000461,3
0000007592,0000003978,1,0000000010,1
0000007593,0000003979,1,0000000315,1
0000007594,0000003980,1,0000000322,1
0000007595,0000003980,2,0000000266,1
0000007596,0000003980,3,0000000157,2
0000007597,0000003981,1,0000000271,3
0000007598,0000003982,1,0000000311,1
0000007599,0000003983,1,0000000133,2
0000007600,0000003983,2,0000000052,3
0000007601,0000003984,1,0000000235,3
0000007602,0000003985,1,0000000264,2
0000007603,0000003986,1,0000000381,1
0000007604,0000003987,1,0000000270,1
0000007605,0000003987,2,0000000264,1
0000007606,0000003988,1,0000000211,3
0000007607,0000003989,1,0000000155,2
0000007608,0000003989,2,0000000486,1
0000007609,0000003989,3,0000000186,1
0000007610,0000003990,1,0000000288,1
0000007611,0000003991,1,0000000466,1
0000007612,0000003991,2,0000000263,1
0000007613,0000003992,1,0000000352,2
0000007614,0000003992,2,0000000296,1
0000007615,0000003992,3,0000000041,1
0000007616,0000003993,1,0000000227,1
0000007617,0000003993,2,0000000307,1
0000007618,0000003994,1,0000000237,1
0000007619,0000003994,2,0000000036,1
0000007620,0000003994,3,0000000176,1
0000007621,0000003994,4,0000000302,1
0000007622,0000003995,1,0000000027,3
0000007623,0000003996,1,0000000460,2
0000007624,0000003996,2,0000000360,2
0000007625,0000003996,3,0000000226,1
0000007626,0000003997,1,0000000174,1
0000007627,0000003998,1,0000000472,1
0000007628,0000003999,1,0000000435,1
0000007629,0000004000,1,0000000149,1
0000007630,0000004000,2,0000000057,4
0000007631,0000004001,1,0000000117,2
0000007632,0000004001,2,0000000407,1
0000007633,0000004001,3,0000000227,1
0000007634,0000004002,1,0000000074,1
0000007635,0000004002,2,0000000330,1
0000007636,0000004003,1,0000000393,1
0000007637,0000004003,2,0000000052,3
0000007638,0000004003,3,0000000094,1
0000007639,0000004004,1,0000000404,1
0000007640,0000004005,1,0000000030,2
0000007641,0000004005,2,0000000385,2
0000007642,0000004006,1,0000000168,1
0000007643,0000004006,2,0000000143,1
0000007644,0000004007,1,0000000459,1
0000007645,0000004007,2,0000000206,3
0000007646,0000004008,1,0000000015,1
0000007647,0000004009,1,0000000232,1
0000007648,0000004010,1,0000000221,3
0000007649,0000004010,2,0000000184,2
0000007650,0000004010,3,0000000122,4
0000007651,0000004011,1,0000000052,1
0000007652,0000004011,2,0000000439,1
0000007653,0000004011,3,0000000354,1
0000007654,0000004012,1,0000000136,1
0000007655,0000004013,1,0000000293,1
0000007656,0000004014,1,0000000209,1
0000007657,0000004014,2,0000000080,1
0000007658,0000004015,1,0000000035,1
0000007659,0000004015,2,0000000120,2
0000007660,0000004016,1,0000000481,1
0000007661,0000004016,2,0000000308,3
0000007662,0000004016,3,0000000211,2
0000007663,0000004017,1,0000000265,1
0000007664,0000004017,2,0000000045,4
0000007665,0000004017,3,0000000059,3
0000007666,0000004018,1,0000000112,1
0000007667,0000004019,1,0000000008,3
0000007668,0000004019,2,0000000069,1
0000007669,0000004020,1,0000000126,1
0000007670,0000004020,2,0000000031,4
0000007671,0000004021,1,0000000108,1
0000007672,0000004021,2,0000000435,4
0000007673,0000004022,1,0000000089,1
0000007674,0000004022,2,0000000288,1
0000007675,0000004023,1,0000000061,1
0000007676,0000004023,2,0000000311,1
0000007677,0000004023,3,0000000226,2
0000007678,0000004023,4,0000000322,1
0000007679,0000004023,5,0000000258,1
0000007680,0000004024,1,0000000424,3
0000007681,0000004024,2,0000000139,1
0000007682,0000004025,1,0000000040,1
0000007683,0000004025,2,0000000385,1
0000007684,0000004026,1,0000000429,1
0000007685,0000004027,1,0000000494,2
0000007686,0000004028,1,0000000202,2
0000007687,0000004029,1,0000000463,1
0000007688,0000004029,2,0000000472,2
0000007689,0000004029,3,0000000223,3
0000007690,0000004029,4,0000000311,4
0000007691,0000004030,1,0000000274,1
0000007692,0000004031,1,0000000019,1
0000007693,0000004031,2,0000000091,1
0000007694,0000004032,1,0000000099,1
0000007695,0000004033,1,0000000195,1
0000007696,0000004033,2,0000000477,1
0000007697,0000004034,1,0000000303,2
0000007698,0000004035,1,0000000294,2
0000007699,0000004036,1,0000000114,4
0000007700,0000004036,2,0000000436,1
0000007701,0000004037,1,0000000222,1
0000007702,0000004038,1,0000000423,1
0000007703,0000004039,1,0000000200,1
0000007704,0000004039,2,0000000318,1
0000007705,0000004039,3,0000000008,1
0000007706,0000004040,1,0000000058,1
0000007707,0000004041,1,0000000220,1
0000007708,0000004042,1,0000000446,1
0000007709,0000004043,1,0000000473,1
0000007710,0000004044,1,0000000203,1
0000007711,0000004044,2,0000000152,1
0000007712,0000004045,1,0000000205,2
0000007713,0000004045,2,0000000109,4
0000007714,0000004045,3,0000000089,2
0000007715,0000004045,4,0000000123,2
0000007716,0000004046,1,0000000218,1
0000007717,0000004046,2,0000000341,1
0000007718,0000004047,1,0000000047,1
0000007719,0000004047,2,0000000275,1
0000007720,0000004048,1,0000000008,1
0000007721,0000004048,2,0000000164,3
0000007722,0000004049,1,0000000425,2
0000007723,0000004050,1,0000000056,1
0000007724,0000004050,2,0000000188,3
0000007725,0000004051,1,0000000081,3
0000007726,0000004052,1,0000000061,1
0000007727,0000004053,1,0000000143,1
0000007728,0000004054,1,0000000331,1
0000007729,0000004055,1,0000000403,2
0000007730,0000004055,2,0000000500,1
0000007731,0000004055,3,0000000002,3
0000007732,0000004055,4,0000000017,2
0000007733,0000004056,1,0000000206,2
0000007734,0000004057,1,0000000052,1
0000007735,0000004058,1,0000000085,1
0000007736,0000004058,2,0000000469,1
0000007737,0000004058,3,0000000470,1
0000007738,0000004058,4,0000000218,1
0000007739,0000004059,1,0000000379,1
0000007740,0000004060,1,0000000271,1
0000007741,0000004061,1,0000000346,2
0000007742,0000004061,2,0000000208,1
0000007743,0000004061,3,0000000089,1
0000007744,0000004061,4,0000000471,1
0000007745,0000004062,1,0000000380,1
0000007746,0000004063,1,0000000171,2
0000007747,0000004064,1,0000000481,4
0000007748,0000004064,2,0000000404,1
0000007749,0000004065,1,0000000053,2
0000007750,0000004066,1,0000000228,1
0000007751,0000004066,2,0000000412,2
0000007752,0000004066,3,0000000319,1
0000007753,0000004066,4,0000000384,1
0000007754,0000004066,5,0000000020,4
0000007755,0000004067,1,0000000059,1
0000007756,0000004068,1,0000000485,2
0000007757,0000004068,2,0000000374,1
0000007758,0000004069,1,0000000082,2
0000007759,0000004069,2,0000000237,1
0000007760,0000004069,3,0000000118,2
0000007761,0000004069,4,0000000054,1
0000007762,0000004069,5,0000000050,2
0000007763,0000004070,1,0000000269,1
0000007764,0000004070,2,0000000394,1
0000007765,0000004071,1,0000000377,1
0000007766,0000004071,2,0000000416,3
0000007767,0000004071,3,0000000309,1
0000007768,0000004072,1,0000000186,1
0000007769,0000004073,1,0000000283,1
0000007770,0000004074,1,0000000385,1
0000007771,0000004075,1,0000000208,1
0000007772,0000004076,1,0000000057,2
0000007773,0000004077,1,0000000075,2
0000007774,0000004078,1,0000000067,1
0000007775,0000004079,1,0000000160,1
0000007776,0000004079,2,0000000204,1
0000007777,0000004079,3,0000000393,1
0000007778,0000004080,1,0000000404,2
0000007779,0000004081,1,0000000161,1
0000007780,0000004081,2,0000000382,1
0000007781,0000004082,1,0000000499,1
0000007782,0000004082,2,0000000042,1
0000007783,0000004082,3,0000000317,2
0000007784,0000004082,4,0000000062,1
0000007785,0000004083,1,0000000071,1
0000007786,0000004083,2,0000000130,1
0000007787,0000004084,1,0000000310,1
0000007788,0000004085,1,0000000363,1
0000007789,0000004086,1,0000000177,2
0000007790,0000004086,2,0000000383,1
0000007791,0000004086,3,0000000470,1
0000007792,0000004087,1,0000000464,1
0000007793,0000004088,1,0000000081,2
0000007794,0000004088,2,0000000199,2
0000007795,0000004089,1,0000000179,1
0000007796,0000004090,1,0000000208,2
0000007797,0000004090,2,0000000115,1
0000007798,0000004091,1,0000000144,3
0000007799,0000004091,2,0000000032,1
0000007800,0000004091,3,0000000480,1
0000007801,0000004092,1,0000000190,1
0000007802,0000004093,1,0000000133,1
0000007803,0000004093,2,0000000409,3
0000007804,0000004093,3,0000000279,1
0000007805,0000004094,1,0000000270,2
0000007806,0000004095,1,0000000325,2
0000007807,0000004095,2,0000000243,1
0000007808,0000004096,1,0000000448,2
0000007809,0000004096,2,0000000037,1
0000007810,0000004097,1,0000000276,4
0000007811,0000004098,1,0000000183,2
0000007812,0000004099,1,0000000452,1
0000007813,0000004100,1,0000000026,3
0000007814,0000004100,2,0000000077,1
0000007815,0000004101,1,0000000252,1
0000007816,0000004102,1,0000000141,1
0000007817,0000004102,2,0000000054,1
0000007818,0000004103,1,0000000343,2
0000007819,0000004103,2,0000000377,2
0000007820,0000004103,3,0000000017,1
0000007821,0000004104,1,0000000317,3
0000007822,0000004104,2,0000000044,1
0000007823,0000004105,1,0000000301,2
0000007824,0000004106,1,0000000136,2
0000007825,0000004106,2,0000000059,1
0000007826,0000004106,3,0000000001,1
0000007827,0000004106,4,0000000338,1
0000007828,0000004106,5,0000000290,1
0000007829,0000004107,1,0000000252,1
0000007830,0000004108,1,0000000151,2
0000007831,0000004109,1,0000000403,1
0000007832,0000004110,1,0000000142,1
0000007833,0000004111,1,0000000455,2
0000007834,0000004111,2,0000000094,1
0000007835,0000004111,3,0000000318,4
0000007836,0000004112,1,0000000104,1
0000007837,0000004112,2,0000000165,1
0000007838,0000004112,3,0000000028,1
0000007839,0000004112,4,0000000223,4
0000007840,0000004113,1,0000000060,1
0000007841,0000004113,2,0000000284,1
0000007842,0000004113,3,0000000482,4
0000007843,0000004114,1,0000000480,2
0000007844,0000004115,1,0000000117,1
0000007845,0000004116,1,0000000120,1
0000007846,0000004117,1,0000000083,1
0000007847,0000004117,2,0000000030,2
0000007848,0000004118,1,0000000391,1
0000007849,0000004118,2,0000000337,2
0000007850,0000004118,3,0000000076,1
0000007851,0000004118,4,0000000434,1
0000007852,0000004119,1,0000000186,1
0000007853,0000004120,1,0000000015,1
0000007854,0000004120,2,0000000358,1
0000007855,0000004121,1,0000000473,3
0000007856,0000004121,2,0000000341,1
0000007857,0000004122,1,0000000476,2
0000007858,0000004122,2,0000000046,1
0000007859,0000004123,1,0000000397,2
0000007860,0000004124,1,0000000020,1
0000007861,0000004125,1,0000000141,1
0000007862,0000004125,2,0000000280,2
0000007863,0000004126,1,0000000399,1
0000007864,0000004127,1,0000000456,1
0000007865,0000004128,1,0000000187,1
0000007866,0000004128,2,0000000418,4
0000007867,0000004128,3,0000000217,1
0000007868,0000004128,4,0000000289,2
0000007869,0000004128,5,0000000252,1
0000007870,0000004129,1,0000000273,1
0000007871,0000004129,2,0000000443,1
0000007872,0000004129,3,0000000262,1
0000007873,0000004129,4,0000000065,1
0000007874,0000004130,1,0000000482,1
0000007875,0000004131,1,0000000185,3
0000007876,0000004131,2,0000000194,1
0000007877,0000004131,3,0000000398,2
0000007878,0000004131,4,0000000242,1
0000007879,0000004132,1,0000000174,1
0000007880,0000004133,1,0000000169,2
0000007881,0000004133,2,0000000496,1
0000007882,0000004133,3,0000000438,1
0000007883,0000004133,4,0000000156,1
0000007884,0000004134,1,0000000119,1
0000007885,0000004134,2,0000000358,1
0000007886,0000004135,1,0000000115,1
0000007887,0000004136,1,0000000328,1
0000007888,0000004136,2,0000000295,1
0000007889,0000004137,1,0000000142,1
0000007890,0000004138,1,0000000322,2
0000007891,0000004139,1,0000000390,1
0000007892,0000004140,1,0000000301,2
0000007893,0000004141,1,0000000233,1
0000007894,0000004142,1,0000000090,3
0000007895,0000004142,2,0000000052,1
0000007896,0000004142,3,0000000224,1
0000007897,0000004143,1,0000000285,3
0000007898,0000004144,1,0000000355,1
0000007899,0000004144,2,0000000297,1
0000007900,0000004145,1,0000000148,1
0000007901,0000004145,2,0000000405,1
0000007902,0000004145,3,0000000045,1
0000007903,0000004145,4,0000000154,2
0000007904,0000004146,1,0000000110,1
0000007905,0000004146,2,0000000213,1
0000007906,0000004146,3,0000000417,1
0000007907,0000004146,4,0000000191,1
0000007908,0000004147,1,0000000319,2
0000007909,0000004147,2,0000000375,1
0000007910,0000004148,1,0000000262,1
0000007911,0000004148,2,0000000090,4
0000007912,0000004148,3,0000000491,1
0000007913,0000004148,4,0000000406,4
0000007914,0000004149,1,0000000321,1
0000007915,0000004149,2,0000000277,3
0000007916,0000004150,1,0000000415,1
0000007917,0000004151,1,0000000447,1
0000007918,0000004151,2,0000000149,4
0000007919,0000004151,3,0000000489,1
0000007920,0000004151,4,0000000408,1
0000007921,0000004152,1,0000000105,2
0000007922,0000004152,2,0000000108,1
0000007923,0000004153,1,0000000404,1
0000007924,0000004153,2,0000000269,1
0000007925,0000004153,3,0000000419,1
0000007926,0000004154,1,0000000183,1
0000007927,0000004154,2,0000000130,1
0000007928,0000004155,1,0000000014,2
0000007929,0000004155,2,0000000225,3
0000007930,0000004156,1,0000000498,1
0000007931,0000004156,2,0000000053,1
0000007932,0000004157,1,0000000228,1
0000007933,0000004157,2,0000000447,1
0000007934,0000004157,3,0000000432,1
0000007935,0000004158,1,0000000297,1
0000007936,0000004158,2,0000000451,2
0000007937,0000004159,1,0000000132,1
0000007938,0000004160,1,0000000475,1
0000007939,0000004160,2,0000000394,1
0000007940,0000004160,3,0000000298,3
0000007941,0000004161,1,0000000010,1
0000007942,0000004161,2,0000000370,1
0000007943,0000004161,3,0000000036,1
0000007944,0000004161,4,0000000447,1
0000007945,0000004162,1,0000000052,2
0000007946,0000004162,2,0000000465,1
0000007947,0000004163,1,0000000157,1
0000007948,0000004163,2,0000000465,1
0000007949,0000004163,3,0000000038,1
0000007950,0000004164,1,0000000052,1
0000007951,0000004165,1,0000000337,3
0000007952,0000004166,1,0000000108,1
0000007953,0000004166,2,0000000482,2
0000007954,0000004167,1,0000000164,2
0000007955,0000004168,1,0000000362,1
0000007956,0000004169,1,0000000067,2
0000007957,0000004170,1,0000000247,1
0000007958,0000004170,2,0000000226,1
0000007959,0000004171,1,0000000401,1
0000007960,0000004171,2,0000000434,1
0000007961,0000004172,1,0000000171,1
0000007962,0000004172,2,0000000277,1
0000007963,0000004173,1,0000000476,1
0000007964,0000004174,1,0000000097,2
0000007965,0000004174,2,0000000253,2
0000007966,0000004174,3,0000000259,3
0000007967,0000004174,4,0000000148,1
0000007968,0000004175,1,0000000108,1
0000007969,0000004176,1,0000000245,1
0000007970,0000004177,1,0000000368,3
0000007971,0000004177,2,0000000290,2
0000007972,0000004177,3,0000000014,1
0000007973,0000004177,4,0000000092,1
0000007974,0000004178,1,0000000208,1
0000007975,0000004179,1,0000000081,1
0000007976,0000004179,2,0000000130,4
0000007977,0000004179,3,0000000361,2
0000007978,0000004179,4,0000000175,1
0000007979,0000004180,1,0000000381,1
0000007980,0000004181,1,0000000476,1
0000007981,0000004182,1,0000000491,1
0000007982,0000004182,2,0000000226,3
0000007983,0000004183,1,0000000174,1
0000007984,0000004184,1,0000000093,1
0000007985,0000004185,1,0000000286,1
0000007986,0000004186,1,0000000320,1
0000007987,0000004187,1,0000000071,4
0000007988,0000004188,1,0000000440,1
0000007989,0000004189,1,0000000051,3
0000007990,0000004190,1,0000000463,1
0000007991,0000004190,2,0000000297,1
0000007992,0000004191,1,0000000065,1
0000007993,0000004192,1,0000000176,3
0000007994,0000004193,1,0000000257,1
0000007995,0000004193,2,0000000049,1
0000007996,0000004194,1,0000000021,1
0000007997,0000004195,1,0000000173,1
0000007998,0000004196,1,0000000265,1
0000007999,0000004196,2,0000000112,1
0000008000,0000004196,3,0000000020,1
0000008001,0000004196,4,0000000240,1
0000008002,0000004196,5,0000000162,1
0000008003,0000004197,1,0000000239,1
0000008004,0000004197,2,0000000154,1
0000008005,0000004198,1,0000000425,1
0000008006,0000004198,2,0000000167,1
0000008007,0000004199,1,0000000099,1
0000008008,0000004199,2,0000000118,1
0000008009,0000004199,3,0000000156,2
0000008010,0000004199,4,0000000252,1
0000008011,0000004199,5,0000000009,4
0000008012,0000004200,1,0000000023,2
0000008013,0000004200,2,0000000150,1
0000008014,0000004200,3,0000000373,1
0000008015,0000004201,1,0000000390,3
0000008016,0000004201,2,0000000421,1
0000008017,0000004201,3,0000000453,1
0000008018,0000004201,4,0000000495,1
0000008019,0000004202,1,0000000177,1
0000008020,0000004203,1,0000000018,1
0000008021,0000004203,2,0000000261,2
0000008022,0000004203,3,0000000282,1
0000008023,0000004203,4,0000000062,1
0000008024,0000004204,1,0000000296,1
0000008025,0000004205,1,0000000153,1
0000008026,0000004205,2,0000000117,1
0000008027,0000004205,3,0000000156,1
0000008028,0000004205,4,0000000066,1
0000008029,0000004206,1,0000000023,1
0000008030,0000004206,2,0000000350,1
0000008031,0000004207,1,0000000360,1
0000008032,0000004208,1,0000000278,1
0000008033,0000004209,1,0000000016,2
0000008034,0000004209,2,0000000302,3
0000008035,0000004209,3,0000000020,1
0000008036,0000004209,4,0000000410,1
0000008037,0000004210,1,0000000478,1
0000008038,0000004211,1,0000000237,1
0000008039,0000004211,2,0000000262,1
0000008040,0000004212,1,0000000083,2
0000008041,0000004213,1,0000000441,2
0000008042,0000004213,2,0000000337,1
0000008043,0000004213,3,0000000206,2
0000008044,0000004214,1,0000000427,3
0000008045,0000004215,1,0000000307,2
0000008046,0000004215,2,0000000240,1
0000008047,0000004215,3,0000000413,2
0000008048,0000004215,4,0000000024,1
0000008049,0000004216,1,0000000252,1
0000008050,0000004216,2,0000000086,1
0000008051,0000004216,3,0000000084,1
0000008052,0000004217,1,0000000091,2
0000008053,0000004217,2,0000000422,4
0000008054,0000004218,1,0000000363,1
0000008055,0000004219,1,0000000004,1
0000008056,0000004220,1,0000000018,1
0000008057,0000004220,2,0000000391,1
0000008058,0000004221,1,0000000395,1
0000008059,0000004221,2,0000000344,1
0000008060,0000004222,1,0000000343,1
0000008061,0000004223,1,0000000431,1
0000008062,0000004224,1,0000000441,3
0000008063,0000004225,1,0000000076,1
0000008064,0000004226,1,0000000221,4
0000008065,0000004226,2,0000000324,1
0000008066,0000004226,3,0000000232,2
0000008067,0000004227,1,0000000453,1
0000008068,0000004228,1,0000000059,1
0000008069,0000004228,2,0000000366,1
0000008070,0000004228,3,0000000015,1
0000008071,0000004229,1,0000000091,1
0000008072,0000004230,1,0000000427,1
0000008073,0000004230,2,0000000137,1
0000008074,0000004231,1,0000000192,3
0000008075,0000004231,2,0000000179,1
0000008076,0000004232,1,0000000291,1
0000008077,0000004233,1,0000000024,3
0000008078,0000004233,2,0000000087,1
0000008079,0000004234,1,0000000237,1
0000008080,0000004235,1,0000000101,1
0000008081,0000004236,1,0000000375,3
0000008082,0000004236,2,0000000421,1
0000008083,0000004236,3,0000000015,1
0000008084,0000004236,4,0000000066,2
0000008085,0000004236,5,0000000346,3
0000008086,0000004237,1,0000000143,1
0000008087,0000004237,2,0000000033,1
0000008088,0000004237,3,0000000369,1
0000008089,0000004237,4,0000000049,3
0000008090,0000004238,1,0000000081,1
0000008091,0000004239,1,0000000372,2
0000008092,0000004240,1,0000000230,3
0000008093,0000004240,2,0000000073,2
0000008094,0000004241,1,0000000390,1
0000008095,0000004242,1,0000000318,4
0000008096,0000004242,2,0000000026,3
0000008097,0000004242,3,0000000484,1
0000008098,0000004242,4,0000000270,4
0000008099,0000004242,5,0000000161,1
0000008100,0000004243,1,0000000018,2
0000008101,0000004244,1,0000000259,1
0000008102,0000004244,2,0000000302,1
0000008103,0000004244,3,0000000185,1
0000008104,0000004245,1,0000000220,2
0000008105,0000004246,1,0000000392,2
0000008106,0000004247,1,0000000228,1
0000008107,0000004247,2,0000000457,1
0000008108,0000004248,1,0000000348,4
0000008109,0000004248,2,0000000037,1
0000008110,0000004249,1,0000000094,1
0000008111,0000004250,1,0000000081,1
0000008112,0000004250,2,0000000214,2
0000008113,0000004250,3,0000000391,1
0000008114,0000004250,4,0000000215,1
0000008115,0000004251,1,0000000079,1
0000008116,0000004252,1,0000000363,1
0000008117,0000004252,2,0000000244,2
0000008118,0000004253,1,0000000214,4
0000008119,0000004253,2,0000000498,1
0000008120,0000004253,3,0000000456,1
0000008121,0000004253,4,0000000261,1
0000008122,0000004254,1,0000000454,1
0000008123,0000004254,2,0000000243,2
0000008124,0000004254,3,0000000060,2
0000008125,0000004254,4,0000000407,1
0000008126,0000004255,1,0000000202,1
0000008127,0000004256,1,0000000092,2
0000008128,0000004257,1,0000000305,2
0000008129,0000004257,2,0000000261,1
0000008130,0000004258,1,0000000145,2
0000008131,0000004259,1,0000000027,4
0000008132,0000004260,1,0000000249,1
0000008133,0000004261,1,0000000216,2
0000008134,0000004261,2,0000000380,1
0000008135,0000004262,1,0000000114,3
0000008136,0000004262,2,0000000442,1
0000008137,0000004263,1,0000000250,1
0000008138,0000004263,2,0000000109,3
0000008139,0000004263,3,0000000117,1
0000008140,0000004263,4,0000000258,1
0000008141,0000004264,1,0000000403,1
0000008142,0000004264,2,0000000198,2
0000008143,0000004265,1,0000000429,1
0000008144,0000004266,1,0000000300,2
0000008145,0000004267,1,0000000488,3
0000008146,0000004268,1,0000000374,1
0000008147,0000004268,2,0000000306,1
0000008148,0000004268,3,0000000405,1
0000008149,0000004269,1,0000000144,2
0000008150,0000004269,2,0000000157,1
0000008151,0000004269,3,0000000233,1
0000008152,0000004269,4,0000000105,2
0000008153,0000004270,1,0000000254,1
0000008154,0000004270,2,0000000317,1
0000008155,0000004270,3,0000000070,1
0000008156,0000004271,1,0000000138,3
0000008157,0000004272,1,0000000314,1
0000008158,0000004273,1,0000000003,1
0000008159,0000004273,2,0000000306,1
0000008160,0000004274,1,0000000464,2
0000008161,0000004274,2,0000000055,3
0000008162,0000004275,1,0000000470,2
0000008163,0000004275,2,0000000294,1
0000008164,0000004275,3,0000000205,2
0000008165,0000004276,1,0000000110,1
0000008166,0000004277,1,0000000492,1
0000008167,0000004278,1,0000000202,2
0000008168,0000004279,1,0000000074,1
0000008169,0000004279,2,0000000389,1
0000008170,0000004280,1,0000000338,2
0000008171,0000004281,1,0000000254,1
0000008172,0000004282,1,0000000081,2
0000008173,0000004283,1,0000000435,3
0000008174,0000004284,1,0000000177,1
0000008175,0000004284,2,0000000161,1
0000008176,0000004285,1,0000000089,1
0000008177,0000004285,2,0000000338,1
0000008178,0000004286,1,0000000316,1
0000008179,0000004287,1,0000000032,1
0000008180,0000004287,2,0000000102,1
0000008181,0000004288,1,0000000360,1
0000008182,0000004288,2,0000000493,1
0000008183,0000004289,1,0000000213,2
0000008184,0000004290,1,0000000418,1
0000008185,0000004290,2,0000000135,1
0000008186,0000004291,1,0000000433,3
0000008187,0000004292,1,0000000488,1
0000008188,0000004293,1,0000000278,2
0000008189,0000004293,2,0000000292,1
0000008190,0000004294,1,0000000185,1
0000008191,0000004295,1,0000000427,2
0000008192,0000004295,2,0000000010,1
0000008193,0000004295,3,0000000407,1
0000008194,0000004296,1,0000000298,1
0000008195,0000004296,2,0000000048,1
0000008196,0000004297,1,0000000399,1
0000008197,0000004297,2,0000000076,1
0000008198,0000004297,3,0000000024,2
0000008199,0000004297,4,0000000460,1
0000008200,0000004297,5,0000000497,1
0000008201,0000004298,1,0000000286,1
0000008202,0000004299,1,0000000021,1
0000008203,0000004300,1,0000000365,1
0000008204,0000004300,2,0000000022,1
0000008205,0000004301,1,0000000126,1
0000008206,0000004301,2,0000000269,2
0000008207,0000004302,1,0000000472,1
0000008208,0000004303,1,0000000394,1
0000008209,0000004304,1,0000000298,4
0000008210,0000004305,1,0000000326,3
0000008211,0000004305,2,0000000489,1
0000008212,0000004305,3,0000000276,1
0000008213,0000004305,4,0000000352,1
0000008214,0000004306,1,0000000406,2
0000008215,0000004306,2,0000000355,1
0000008216,0000004307,1,0000000445,1
0000008217,0000004308,1,0000000491,1
0000008218,0000004308,2,0000000497,2
0000008219,0000004308,3,0000000233,1
0000008220,0000004309,1,0000000224,1
0000008221,0000004310,1,0000000293,1
0000008222,0000004311,1,0000000051,1
0000008223,0000004312,1,0000000243,1
0000008224,0000004312,2,0000000222,1
0000008225,0000004313,1,0000000342,1
0000008226,0000004314,1,0000000486,2
0000008227,0000004314,2,0000000496,1
0000008228,0000004315,1,0000000152,1
0000008229,0000004315,2,0000000243,2
0000008230,0000004315,3,0000000474,3
0000008231,0000004315,4,0000000363,2
0000008232,0000004316,1,0000000004,1
0000008233,0000004316,2,0000000094,1
0000008234,0000004316,3,0000000109,1
0000008235,0000004316,4,0000000407,1
0000008236,0000004317,1,0000000500,1
0000008237,0000004318,1,0000000073,4
0000008238,0000004319,1,0000000435,1
0000008239,0000004320,1,0000000331,2
0000008240,0000004320,2,0000000149,3
0000008241,0000004320,3,0000000491,1
0000008242,0000004320,4,0000000298,1
0000008243,0000004320,5,0000000473,1
0000008244,0000004321,1,0000000354,1
0000008245,0000004321,2,0000000262,2
0000008246,0000004321,3,0000000137,1
0000008247,0000004322,1,0000000489,1
0000008248,0000004322,2,0000000490,1
0000008249,0000004323,1,0000000290,1
0000008250,0000004324,1,0000000457,1
0000008251,0000004324,2,0000000429,1
0000008252,0000004324,3,0000000193,1
0000008253,0000004325,1,0000000413,1
0000008254,0000004326,1,0000000414,1
0000008255,0000004327,1,0000000062,1
0000008256,0000004328,1,0000000478,2
0000008257,0000004328,2,0000000456,1
0000008258,0000004329,1,0000000343,2
0000008259,0000004330,1,0000000495,1
0000008260,0000004330,2,0000000275,1
0000008261,0000004330,3,0000000056,2
0000008262,0000004331,1,0000000026,1
0000008263,0000004331,2,0000000122,1
0000008264,0000004332,1,0000000386,3
0000008265,0000004332,2,0000000139,1
0000008266,0000004333,1,0000000325,1
0000008267,0000004334,1,0000000427,1
0000008268,0000004334,2,0000000014,2
0000008269,0000004335,1,0000000448,1
0000008270,0000004336,1,0000000105,1
0000008271,0000004336,2,0000000336,1
0000008272,0000004336,3,0000000140,2
0000008273,0000004336,4,0000000110,1
0000008274,0000004337,1,0000000428,1
0000008275,0000004337,2,0000000295,1
0000008276,0000004337,3,0000000092,2
0000008277,0000004338,1,0000000051,1
0000008278,0000004338,2,0000000168,4
0000008279,0000004338,3,0000000184,1
0000008280,0000004339,1,0000000401,2
0000008281,0000004339,2,0000000094,1
0000008282,0000004340,1,0000000162,2
0000008283,0000004340,2,0000000238,1
0000008284,0000004340,3,0000000354,3
0000008285,0000004341,1,0000000465,4
0000008286,0000004341,2,0000000274,2
0000008287,0000004341,3,0000000217,4
0000008288,0000004342,1,0000000415,1
0000008289,0000004343,1,0000000137,1
0000008290,0000004343,2,0000000500,1
0000008291,0000004344,1,0000000114,1
0000008292,0000004344,2,0000000320,2
0000008293,0000004344,3,0000000101,2
0000008294,0000004345,1,0000000288,3
0000008295,0000004346,1,0000000400,2
0000008296,0000004347,1,0000000343,1
0000008297,0000004347,2,0000000213,1
0000008298,0000004348,1,0000000086,3
0000008299,0000004348,2,0000000196,1
0000008300,0000004349,1,0000000159,1
0000008301,0000004350,1,0000000431,1
0000008302,0000004351,1,0000000419,1
0000008303,0000004352,1,0000000332,4
0000008304,0000004353,1,0000000238,1
0000008305,0000004354,1,0000000462,1
0000008306,0000004355,1,0000000155,1
0000008307,0000004356,1,0000000129,1
0000008308,0000004356,2,0000000150,1
0000008309,0000004357,1,0000000129,2
0000008310,0000004357,2,0000000397,1
0000008311,0000004358,1,0000000405,1
0000008312,0000004359,1,0000000217,1
0000008313,0000004360,1,0000000497,1
0000008314,0000004360,2,0000000272,1
0000008315,0000004360,3,0000000042,3
0000008316,0000004360,4,0000000248,1
0000008317,0000004361,1,0000000480,1
0000008318,0000004361,2,0000000495,1
0000008319,0000004361,3,0000000175,1
0000008320,0000004362,1,0000000425,2
0000008321,0000004363,1,0000000029,1
0000008322,0000004364,1,0000000171,1
0000008323,0000004365,1,0000000346,2
0000008324,0000004366,1,0000000351,1
0000008325,0000004367,1,0000000180,1
0000008326,0000004368,1,0000000233,1
0000008327,0000004369,1,0000000452,1
0000008328,0000004369,2,0000000007,1
0000008329,0000004370,1,0000000077,4
0000008330,0000004371,1,0000000088,4
0000008331,0000004371,2,0000000364,4
0000008332,0000004371,3,0000000037,2
0000008333,0000004372,1,0000000447,1
0000008334,0000004373,1,0000000393,1
0000008335,0000004373,2,0000000317,2
0000008336,0000004374,1,0000000385,4
0000008337,0000004374,2,0000000013,1
0000008338,0000004375,1,0000000427,3
0000008339,0000004376,1,0000000072,2
0000008340,0000004377,1,0000000113,1
0000008341,0000004378,1,0000000024,1
0000008342,0000004379,1,0000000120,1
0000008343,0000004380,1,0000000380,3
0000008344,0000004381,1,0000000016,1
0000008345,0000004381,2,0000000232,3
0000008346,0000004381,3,0000000159,4
0000008347,0000004382,1,0000000252,2
0000008348,0000004383,1,0000000005,1
0000008349,0000004384,1,0000000311,1
0000008350,0000004385,1,0000000175,1
0000008351,0000004386,1,0000000124,1
0000008352,0000004387,1,0000000201,1
0000008353,0000004387,2,0000000399,1
0000008354,0000004387,3,0000000281,2
0000008355,0000004388,1,0000000221,1
0000008356,0000004388,2,0000000081,1
0000008357,0000004389,1,0000000468,1
0000008358,0000004390,1,0000000044,1
0000008359,0000004391,1,0000000208,3
0000008360,0000004392,1,0000000063,1
0000008361,0000004392,2,0000000209,1
0000008362,0000004393,1,0000000153,3
0000008363,0000004393,2,0000000175,3
0000008364,0000004393,3,0000000470,1
0000008365,0000004394,1,0000000054,1
0000008366,0000004395,1,0000000388,1
0000008367,0000004395,2,0000000477,2
0000008368,0000004395,3,0000000085,2
0000008369,0000004396,1,0000000246,1
0000008370,0000004397,1,0000000002,2
0000008371,0000004397,2,0000000106,4
0000008372,0000004397,3,0000000185,3
0000008373,0000004398,1,0000000123,4
0000008374,0000004398,2,0000000463,1
0000008375,0000004398,3,0000000017,1
0000008376,0000004398,4,0000000043,1
0000008377,0000004399,1,0000000237,4
0000008378,0000004400,1,0000000250,1
0000008379,0000004400,2,0000000329,1
0000008380,0000004401,1,0000000331,1
0000008381,0000004402,1,0000000402,1
0000008382,0000004402,2,0000000069,1
0000008383,0000004403,1,0000000321,2
0000008384,0000004403,2,0000000378,3
0000008385,0000004403,3,0000000343,1
0000008386,0000004403,4,0000000100,1
0000008387,0000004404,1,0000000466,1
0000008388,0000004405,1,0000000103,1
0000008389,0000004406,1,0000000052,1
0000008390,0000004407,1,0000000441,2
0000008391,0000004407,2,0000000378,1
0000008392,0000004407,3,0000000256,2
0000008393,0000004407,4,0000000206,3
0000008394,0000004408,1,0000000388,1
0000008395,0000004409,1,0000000059,1
0000008396,0000004410,1,0000000047,1
0000008397,0000004411,1,0000000309,1
0000008398,0000004412,1,0000000098,1
0000008399,0000004412,2,0000000304,2
0000008400,0000004413,1,0000000133,1
0000008401,0000004414,1,0000000230,1
0000008402,0000004414,2,0000000041,1
0000008403,0000004415,1,0000000043,1
0000008404,0000004415,2,0000000391,1
0000008405,0000004416,1,0000000468,2
0000008406,0000004417,1,0000000462,1
0000008407,0000004417,2,0000000092,1
0000008408,0000004418,1,0000000314,3
0000008409,0000004419,1,0000000153,1
0000008410,0000004420,1,0000000283,4
0000008411,0000004420,2,0000000123,1
0000008412,0000004420,3,0000000130,2
0000008413,0000004420,4,0000000457,3
0000008414,0000004421,1,0000000204,2
0000008415,0000004421,2,0000000385,1
0000008416,0000004422,1,0000000194,4
0000008417,0000004423,1,0000000485,1
0000008418,0000004423,2,0000000302,1
0000008419,0000004423,3,0000000132,1
0000008420,0000004424,1,0000000276,2
0000008421,0000004424,2,0000000310,2
0000008422,0000004425,1,0000000266,1
0000008423,0000004425,2,0000000286,1
0000008424,0000004425,3,0000000058,4
0000008425,0000004426,1,0000000472,1
0000008426,0000004427,1,0000000154,2
0000008427,0000004427,2,0000000488,1
0000008428,0000004428,1,0000000033,1
0000008429,0000004429,1,0000000387,2
0000008430,0000004430,1,0000000207,1
0000008431,0000004430,2,0000000012,1
0000008432,0000004431,1,0000000481,3
0000008433,0000004431,2,0000000088,1
0000008434,0000004431,3,0000000322,1
0000008435,0000004431,4,0000000081,2
0000008436,0000004432,1,0000000408,1
0000008437,0000004433,1,0000000272,3
0000008438,0000004434,1,0000000390,3
0000008439,0000004434,2,0000000297,1
0000008440,0000004434,3,0000000107,1
0000008441,0000004435,1,0000000031,1
0000008442,0000004436,1,0000000439,2
0000008443,0000004436,2,0000000289,1
0000008444,0000004437,1,0000000406,1
0000008445,0000004437,2,0000000376,1
0000008446,0000004437,3,0000000413,1
0000008447,0000004437,4,0000000209,1
0000008448,0000004438,1,0000000366,1
0000008449,0000004439,1,0000000027,1
0000008450,0000004440,1,0000000256,1
0000008451,0000004441,1,0000000240,1
0000008452,0000004441,2,0000000381,1
0000008453,0000004442,1,0000000253,3
0000008454,0000004442,2,0000000379,1
0000008455,0000004442,3,0000000343,3
0000008456,0000004443,1,0000000284,1
0000008457,0000004443,2,0000000035,4
0000008458,0000004443,3,0000000113,1
0000008459,0000004443,4,0000000040,1
0000008460,0000004443,5,0000000361,2
0000008461,0000004444,1,0000000241,2
0000008462,0000004444,2,0000000007,1
0000008463,0000004444,3,0000000422,1
0000008464,0000004445,1,0000000030,1
0000008465,0000004446,1,0000000373,1
0000008466,0000004446,2,0000000016,1
0000008467,0000004446,3,0000000132,3
0000008468,0000004446,4,0000000022,1
0000008469,0000004447,1,0000000131,1
0000008470,0000004448,1,0000000432,2
0000008471,0000004448,2,0000000234,1
0000008472,0000004448,3,0000000330,1
0000008473,0000004448,4,0000000493,1
0000008474,0000004448,5,0000000091,2
0000008475,0000004449,1,0000000389,1
0000008476,0000004450,1,0000000039,1
0000008477,0000004450,2,0000000007,2
0000008478,0000004450,3,0000000386,1
0000008479,0000004451,1,0000000334,3
0000008480,0000004452,1,0000000138,1
0000008481,0000004452,2,0000000338,1
0000008482,0000004452,3,0000000126,1
0000008483,0000004452,4,0000000228,3
0000008484,0000004452,5,0000000038,2
0000008485,0000004453,1,0000000313,3
0000008486,0000004454,1,0000000176,1
0000008487,0000004455,1,0000000496,1
0000008488,0000004456,1,0000000024,1
0000008489,0000004456,2,0000000329,1
0000008490,0000004457,1,0000000434,1
0000008491,0000004458,1,0000000419,1
0000008492,0000004458,2,0000000497,2
0000008493,0000004459,1,0000000216,1
0000008494,0000004460,1,0000000167,1
0000008495,0000004460,2,0000000078,1
0000008496,0000004460,3,0000000075,1
0000008497,0000004460,4,0000000322,1
0000008498,0000004460,5,0000000010,1
0000008499,0000004461,1,0000000012,2
0000008500,0000004462,1,0000000196,1
0000008501,0000004463,1,0000000357,1
0000008502,0000004463,2,0000000043,1
0000008503,0000004463,3,0000000499,1
0000008504,0000004463,4,0000000257,2
0000008505,0000004464,1,0000000209,1
0000008506,0000004464,2,0000000416,1
0000008507,0000004464,3,0000000015,1
0000008508,0000004464,4,0000000071,1
0000008509,0000004465,1,0000000332,1
0000008510,0000004466,1,0000000333,1
0000008511,0000004466,2,0000000299,1
0000008512,0000004467,1,0000000089,1
0000008513,0000004467,2,0000000257,1
0000008514,0000004468,1,0000000228,1
0000008515,0000004468,2,0000000328,3
0000008516,0000004469,1,0000000491,1
0000008517,0000004470,1,0000000019,1
0000008518,0000004471,1,0000000027,4
0000008519,0000004471,2,0000000273,3
0000008520,0000004472,1,0000000307,1
0000008521,0000004472,2,0000000046,1
0000008522,0000004473,1,0000000022,1
0000008523,0000004474,1,0000000189,1
0000008524,0000004474,2,0000000264,1
0000008525,0000004475,1,0000000325,1
0000008526,0000004476,1,0000000100,3
0000008527,0000004477,1,0000000437,1
0000008528,0000004477,2,0000000426,1
0000008529,0000004478,1,0000000366,1
0000008530,0000004478,2,0000000247,1
0000008531,0000004479,1,0000000197,1
0000008532,0000004480,1,0000000033,1
0000008533,0000004480,2,0000000187,1
0000008534,0000004481,1,0000000150,1
0000008535,0000004481,2,0000000076,1
0000008536,0000004482,1,0000000189,3
0000008537,0000004483,1,0000000413,1
0000008538,0000004483,2,0000000470,1
0000008539,0000004484,1,0000000015,2
0000008540,0000004485,1,0000000052,2
0000008541,0000004486,1,0000000421,1
0000008542,0000004486,2,0000000365,2
0000008543,0000004487,1,0000000254,1
0000008544,0000004488,1,0000000452,1
0000008545,0000004488,2,0000000425,2
0000008546,0000004489,1,0000000241,2
0000008547,0000004490,1,0000000419,1
0000008548,0000004490,2,0000000343,4
0000008549,0000004491,1,0000000405,1
0000008550,0000004491,2,0000000074,1
0000008551,0000004491,3,0000000233,1
0000008552,0000004491,4,0000000474,3
0000008553,0000004492,1,0000000305,1
0000008554,0000004492,2,0000000119,2
0000008555,0000004493,1,0000000301,1
0000008556,0000004493,2,0000000494,1
0000008557,0000004493,3,0000000322,1
0000008558,0000004494,1,0000000226,2
0000008559,0000004495,1,0000000270,2
0000008560,0000004496,1,0000000203,2
0000008561,0000004496,2,0000000209,2
0000008562,0000004497,1,0000000267,1
0000008563,0000004498,1,0000000135,3
0000008564,0000004498,2,0000000455,1
0000008565,0000004498,3,0000000485,1
0000008566,0000004498,4,0000000484,4
0000008567,0000004499,1,0000000390,1
0000008568,0000004500,1,0000000433,1
0000008569,0000004500,2,0000000337,1
0000008570,0000004501,1,0000000473,1
0000008571,0000004501,2,0000000210,2
0000008572,0000004502,1,0000000497,2
0000008573,0000004502,2,0000000247,1
0000008574,0000004502,3,0000000086,1
0000008575,0000004502,4,0000000062,3
0000008576,0000004503,1,0000000069,2
0000008577,0000004504,1,0000000443,1
0000008578,0000004505,1,0000000301,1
0000008579,0000004505,2,0000000196,1
0000008580,0000004505,3,0000000119,1
0000008581,0000004506,1,0000000465,1
0000008582,0000004506,2,0000000004,2
0000008583,0000004506,3,0000000360,1
0000008584,0000004507,1,0000000473,4
0000008585,0000004507,2,0000000318,1
0000008586,0000004508,1,0000000069,2
0000008587,0000004509,1,0000000389,1
0000008588,0000004510,1,0000000096,1
0000008589,0000004510,2,0000000402,1
0000008590,0000004510,3,0000000425,1
0000008591,0000004511,1,0000000211,1
0000008592,0000004511,2,0000000458,1
0000008593,0000004512,1,0000000385,2
0000008594,0000004512,2,0000000233,1
0000008595,0000004513,1,0000000287,1
0000008596,0000004514,1,0000000468,1
0000008597,0000004515,1,0000000487,1
0000008598,0000004516,1,0000000464,4
0000008599,0000004517,1,0000000274,1
0000008600,0000004517,2,0000000044,1
0000008601,0000004517,3,0000000370,2
0000008602,0000004517,4,0000000434,1
0000008603,0000004518,1,0000000165,2
0000008604,0000004519,1,0000000284,1
0000008605,0000004519,2,0000000465,3
0000008606,0000004519,3,0000000293,1
0000008607,0000004519,4,0000000325,1
0000008608,0000004520,1,0000000181,1
0000008609,0000004520,2,0000000314,1
0000008610,0000004520,3,0000000189,2
0000008611,0000004520,4,0000000155,1
0000008612,0000004521,1,0000000315,1
0000008613,0000004521,2,0000000100,1
0000008614,0000004521,3,0000000299,2
0000008615,0000004521,4,0000000287,3
0000008616,0000004521,5,0000000393,1
0000008617,0000004522,1,0000000078,1
0000008618,0000004522,2,0000000305,2
0000008619,0000004523,1,0000000111,1
0000008620,0000004524,1,0000000262,4
0000008621,0000004525,1,0000000385,1
0000008622,0000004526,1,0000000313,1
0000008623,0000004526,2,0000000204,1
0000008624,0000004526,3,0000000457,1
0000008625,0000004527,1,0000000469,1
0000008626,0000004528,1,0000000166,1
0000008627,0000004528,2,0000000198,1
0000008628,0000004528,3,0000000030,1
0000008629,0000004528,4,0000000085,1
0000008630,0000004528,5,0000000161,2
0000008631,0000004529,1,0000000324,3
0000008632,0000004529,2,0000000123,2
0000008633,0000004530,1,0000000335,1
0000008634,0000004530,2,0000000396,1
0000008635,0000004530,3,0000000043,1
0000008636,0000004531,1,0000000019,2
0000008637,0000004531,2,0000000371,1
0000008638,0000004532,1,0000000125,1
0000008639,0000004533,1,0000000354,1
0000008640,0000004533,2,0000000327,1
0000008641,0000004534,1,0000000325,3
0000008642,0000004535,1,0000000127,1
0000008643,0000004536,1,0000000281,1
0000008644,0000004537,1,0000000114,1
0000008645,0000004537,2,0000000024,3
0000008646,0000004538,1,0000000138,1
0000008647,0000004538,2,0000000461,1
0000008648,0000004538,3,0000000076,1
0000008649,0000004538,4,0000000014,2
0000008650,0000004539,1,0000000203,1
0000008651,0000004540,1,0000000391,1
0000008652,0000004541,1,0000000158,1
0000008653,0000004541,2,0000000306,1
0000008654,0000004541,3,0000000323,1
0000008655,0000004542,1,0000000349,2
0000008656,0000004542,2,0000000453,1
0000008657,0000004543,1,0000000424,2
0000008658,0000004543,2,0000000219,2
0000008659,0000004544,1,0000000340,3
0000008660,0000004544,2,0000000465,3
0000008661,0000004545,1,0000000437,1
0000008662,0000004545,2,0000000338,1
0000008663,0000004545,3,0000000004,2
0000008664,0000004546,1,0000000148,1
0000008665,0000004546,2,0000000376,1
0000008666,0000004546,3,0000000415,2
0000008667,0000004547,1,0000000054,1
0000008668,0000004547,2,0000000036,1
0000008669,0000004548,1,0000000351,1
0000008670,0000004549,1,0000000114,3
0000008671,0000004550,1,0000000064,2
0000008672,0000004550,2,0000000210,3
0000008673,0000004551,1,0000000243,1
0000008674,0000004551,2,0000000277,1
0000008675,0000004552,1,0000000035,1
0000008676,0000004553,1,0000000482,3
0000008677,0000004553,2,0000000498,1
0000008678,0000004553,3,0000000228,1
0000008679,0000004554,1,0000000206,1
0000008680,0000004554,2,0000000212,1
0000008681,0000004555,1,0000000322,1
0000008682,0000004556,1,0000000341,1
0000008683,0000004556,2,0000000366,1
0000008684,0000004556,3,0000000031,1
0000008685,0000004556,4,0000000327,2
0000008686,0000004557,1,0000000262,1
0000008687,0000004557,2,0000000076,1
0000008688,0000004557,3,0000000170,1
0000008689,0000004558,1,0000000319,3
0000008690,0000004559,1,0000000120,1
0000008691,0000004560,1,0000000270,2
0000008692,0000004560,2,0000000261,4
0000008693,0000004560,3,0000000464,3
0000008694,0000004560,4,0000000372,1
0000008695,0000004561,1,0000000009,1
0000008696,0000004561,2,0000000148,1
0000008697,0000004561,3,0000000160,1
0000008698,0000004562,1,0000000116,2
0000008699,0000004562,2,0000000175,3
0000008700,0000004562,3,0000000055,1
0000008701,0000004563,1,0000000167,1
0000008702,0000004563,2,0000000285,1
0000008703,0000004564,1,0000000408,2
0000008704,0000004564,2,0000000273,1
0000008705,0000004564,3,0000000350,1
0000008706,0000004564,4,0000000380,1
0000008707,0000004564,5,0000000447,1
0000008708,0000004565,1,0000000282,1
0000008709,0000004566,1,0000000087,2
0000008710,0000004566,2,0000000400,1
0000008711,0000004566,3,0000000122,1
0000008712,0000004566,4,0000000253,1
0000008713,0000004567,1,0000000325,1
0000008714,0000004568,1,0000000345,1
0000008715,0000004568,2,0000000063,1
0000008716,0000004569,1,0000000142,1
0000008717,0000004569,2,0000000234,1
0000008718,0000004569,3,0000000480,1
0000008719,0000004569,4,0000000089,1
0000008720,0000004570,1,0000000014,3
0000008721,0000004571,1,0000000333,3
0000008722,0000004572,1,0000000483,1
0000008723,0000004572,2,0000000130,1
0000008724,0000004573,1,0000000362,1
0000008725,0000004573,2,0000000451,1
0000008726,0000004574,1,0000000244,1
0000008727,0000004575,1,0000000489,1
0000008728,0000004576,1,0000000484,1
0000008729,0000004577,1,0000000355,1
0000008730,0000004577,2,0000000394,2
0000008731,0000004578,1,0000000006,1
0000008732,0000004579,1,0000000488,1
0000008733,0000004580,1,0000000466,2
0000008734,0000004581,1,0000000155,2
0000008735,0000004581,2,0000000126,4
0000008736,0000004581,3,0000000204,1
0000008737,0000004582,1,0000000095,1
0000008738,0000004582,2,0000000149,3
0000008739,0000004582,3,0000000157,2
0000008740,0000004582,4,0000000032,3
0000008741,0000004583,1,0000000197,1
0000008742,0000004583,2,0000000216,1
0000008743,0000004584,1,0000000459,2
0000008744,0000004584,2,0000000155,1
0000008745,0000004584,3,0000000478,2
0000008746,0000004584,4,0000000329,1
0000008747,0000004585,1,0000000488,3
0000008748,0000004586,1,0000000017,2
0000008749,0000004586,2,0000000257,1
0000008750,0000004586,3,0000000434,1
0000008751,0000004587,1,0000000129,1
0000008752,0000004588,1,0000000117,1
0000008753,0000004589,1,0000000267,1
0000008754,0000004589,2,0000000381,1
0000008755,0000004590,1,0000000255,1
0000008756,0000004591,1,0000000360,1
0000008757,0000004592,1,0000000464,1
0000008758,0000004592,2,0000000397,1
0000008759,0000004593,1,0000000059,1
0000008760,0000004593,2,0000000319,1
0000008761,0000004593,3,0000000258,1
0000008762,0000004593,4,0000000261,1
0000008763,0000004593,5,0000000217,1
0000008764,0000004594,1,0000000377,1
0000008765,0000004595,1,0000000196,1
0000008766,0000004595,2,0000000033,1
0000008767,0000004596,1,0000000077,1
0000008768,0000004596,2,0000000418,1
0000008769,0000004596,3,0000000142,3
0000008770,0000004596,4,0000000422,1
0000008771,0000004596,5,0000000386,1
0000008772,0000004597,1,0000000268,3
0000008773,0000004597,2,0000000044,4
0000008774,0000004597,3,0000000192,1
0000008775,0000004598,1,0000000190,1
0000008776,0000004599,1,0000000189,1
0000008777,0000004599,2,0000000278,1
0000008778,0000004599,3,0000000225,1
0000008779,0000004600,1,0000000056,1
0000008780,0000004601,1,0000000496,1
0000008781,0000004602,1,0000000295,1
0000008782,0000004603,1,0000000284,2
0000008783,0000004603,2,0000000158,1
0000008784,0000004604,1,0000000500,1
0000008785,0000004604,2,0000000470,1
0000008786,0000004605,1,0000000204,4
0000008787,0000004606,1,0000000419,1
0000008788,0000004606,2,0000000264,1
0000008789,0000004606,3,0000000033,1
0000008790,0000004607,1,0000000365,1
0000008791,0000004607,2,0000000196,1
0000008792,0000004608,1,0000000046,4
0000008793,0000004609,1,0000000497,1
0000008794,0000004609,2,0000000089,1
0000008795,0000004609,3,0000000201,1
0000008796,0000004610,1,0000000440,1
0000008797,0000004611,1,0000000406,1
0000008798,0000004611,2,0000000087,3
0000008799,0000004612,1,0000000249,2
0000008800,0000004612,2,0000000314,1
0000008801,0000004612,3,0000000294,1
0000008802,0000004613,1,0000000312,1
0000008803,0000004613,2,0000000084,2
0000008804,0000004614,1,0000000142,4
0000008805,0000004614,2,0000000497,2
0000008806,0000004614,3,0000000057,1
0000008807,0000004614,4,0000000113,2
0000008808,0000004615,1,0000000163,1
0000008809,0000004615,2,0000000162,1
0000008810,0000004616,1,0000000500,1
0000008811,0000004617,1,0000000015,2
0000008812,0000004617,2,0000000382,2
0000008813,0000004617,3,0000000310,1
0000008814,0000004617,4,0000000278,1
0000008815,0000004617,5,0000000255,2
0000008816,0000004618,1,0000000078,1
0000008817,0000004618,2,0000000061,1
0000008818,0000004619,1,0000000464,1
0000008819,0000004620,1,0000000469,1
0000008820,0000004620,2,0000000216,1
0000008821,0000004620,3,0000000045,1
0000008822,0000004621,1,0000000254,1
0000008823,0000004621,2,0000000426,1
0000008824,0000004621,3,0000000349,1
0000008825,0000004622,1,0000000480,1
0000008826,0000004622,2,0000000262,1
0000008827,0000004623,1,0000000260,1
0000008828,0000004623,2,0000000403,2
0000008829,0000004623,3,0000000311,1
0000008830,0000004623,4,0000000234,1
0000008831,0000004624,1,0000000298,1
0000008832,0000004624,2,0000000034,1
0000008833,0000004624,3,0000000451,1
0000008834,0000004624,4,0000000191,1
0000008835,0000004624,5,0000000419,1
0000008836,0000004625,1,0000000119,1
0000008837,0000004625,2,0000000289,1
0000008838,0000004626,1,0000000239,3
0000008839,0000004627,1,0000000317,1
0000008840,0000004628,1,0000000483,4
0000008841,0000004628,2,0000000057,1
0000008842,0000004629,1,0000000059,1
0000008843,0000004629,2,0000000069,1
0000008844,0000004629,3,0000000253,1
0000008845,0000004629,4,0000000454,2
0000008846,0000004630,1,0000000117,2
0000008847,0000004631,1,0000000347,1
0000008848,0000004631,2,0000000114,2
0000008849,0000004632,1,0000000131,1
0000008850,0000004632,2,0000000233,4
0000008851,0000004632,3,0000000349,1
0000008852,0000004633,1,0000000017,2
0000008853,0000004633,2,0000000137,1
0000008854,0000004634,1,0000000057,1
0000008855,0000004634,2,0000000080,1
0000008856,0000004634,3,0000000153,2
0000008857,0000004635,1,0000000319,1
0000008858,0000004636,1,0000000055,1
0000008859,0000004636,2,0000000461,1
0000008860,0000004637,1,0000000480,4
0000008861,0000004637,2,0000000300,1
0000008862,0000004637,3,0000000053,1
0000008863,0000004638,1,0000000322,1
0000008864,0000004638,2,0000000022,3
0000008865,0000004638,3,0000000092,2
0000008866,0000004639,1,0000000298,1
0000008867,0000004640,1,0000000223,1
0000008868,0000004640,2,0000000213,1
0000008869,0000004640,3,0000000399,1
0000008870,0000004641,1,0000000360,1
0000008871,0000004642,1,0000000126,1
0000008872,0000004643,1,0000000392,1
0000008873,0000004643,2,0000000491,1
0000008874,0000004644,1,0000000146,4
0000008875,0000004645,1,0000000276,1
0000008876,0000004645,2,0000000290,1
0000008877,0000004646,1,0000000305,1
0000008878,0000004646,2,0000000450,1
0000008879,0000004647,1,0000000042,1
0000008880,0000004648,1,0000000436,4
0000008881,0000004649,1,0000000058,1
0000008882,0000004650,1,0000000379,1
0000008883,0000004651,1,0000000480,1
0000008884,0000004651,2,0000000323,1
0000008885,0000004651,3,0000000363,1
0000008886,0000004652,1,0000000331,1
0000008887,0000004653,1,0000000093,2
0000008888,0000004653,2,0000000016,1
0000008889,0000004654,1,0000000207,2
0000008890,0000004654,2,0000000391,1
0000008891,0000004654,3,0000000370,1
0000008892,0000004654,4,0000000290,2
0000008893,0000004655,1,0000000286,2
0000008894,0000004656,1,0000000310,1
0000008895,0000004657,1,0000000220,2
0000008896,0000004657,2,0000000397,1
0000008897,0000004657,3,0000000018,1
0000008898,0000004657,4,0000000156,1
0000008899,0000004658,1,0000000395,1
0000008900,0000004659,1,0000000185,1
0000008901,0000004659,2,0000000053,1
0000008902,0000004660,1,0000000219,1
0000008903,0000004660,2,0000000028,1
0000008904,0000004660,3,0000000150,1
0000008905,0000004660,4,0000000408,2
0000008906,0000004661,1,0000000168,1
0000008907,0000004661,2,0000000060,2
0000008908,0000004662,1,0000000330,1
0000008909,0000004662,2,0000000341,2
0000008910,0000004663,1,0000000124,1
0000008911,0000004664,1,0000000093,1
0000008912,0000004664,2,0000000402,1
0000008913,0000004664,3,0000000254,1
0000008914,0000004665,1,0000000051,1
0000008915,0000004665,2,0000000373,1
0000008916,0000004665,3,0000000234,4
0000008917,0000004665,4,0000000140,1
0000008918,0000004666,1,0000000213,2
0000008919,0000004666,2,0000000064,4
0000008920,0000004666,3,0000000377,1
0000008921,0000004667,1,0000000201,1
0000008922,0000004668,1,0000000222,1
0000008923,0000004669,1,0000000497,2
0000008924,0000004669,2,0000000092,1
0000008925,0000004669,3,0000000330,2
0000008926,0000004670,1,0000000389,1
0000008927,0000004671,1,0000000239,1
0000008928,0000004671,2,0000000393,2
0000008929,0000004671,3,0000000257,1
0000008930,0000004672,1,0000000359,4
0000008931,0000004673,1,0000000213,1
0000008932,0000004673,2,0000000067,1
0000008933,0000004674,1,0000000391,1
0000008934,0000004675,1,0000000016,2
0000008935,0000004675,2,0000000486,1
0000008936,0000004675,3,0000000283,1
0000008937,0000004676,1,0000000393,1
0000008938,0000004676,2,0000000341,1
0000008939,0000004677,1,0000000274,3
0000008940,0000004678,1,0000000234,1
0000008941,0000004679,1,0000000319,1
0000008942,0000004680,1,0000000185,1
0000008943,0000004681,1,0000000031,2
0000008944,0000004681,2,0000000383,2
0000008945,0000004682,1,0000000253,3
0000008946,0000004682,2,0000000113,1
0000008947,0000004682,3,0000000001,2
0000008948,0000004682,4,0000000195,3
0000008949,0000004683,1,0000000153,1
0000008950,0000004684,1,0000000339,1
0000008951,0000004685,1,0000000058,1
0000008952,0000004685,2,0000000398,2
0000008953,0000004685,3,0000000125,1
0000008954,0000004686,1,0000000314,1
0000008955,0000004687,1,0000000057,1
0000008956,0000004688,1,0000000359,1
0000008957,0000004688,2,0000000009,1
0000008958,0000004689,1,0000000305,1
0000008959,0000004690,1,0000000016,1
0000008960,0000004691,1,0000000142,1
0000008961,0000004692,1,0000000321,1
0000008962,0000004693,1,0000000498,1
0000008963,0000004694,1,0000000096,1
0000008964,0000004695,1,0000000003,1
0000008965,0000004696,1,0000000151,2
0000008966,0000004696,2,0000000416,1
0000008967,0000004697,1,0000000416,2
0000008968,0000004697,2,0000000130,2
0000008969,0000004698,1,0000000256,1
0000008970,0000004699,1,0000000102,2
0000008971,0000004699,2,0000000093,3
0000008972,0000004699,3,0000000031,3
0000008973,0000004699,4,0000000239,1
0000008974,0000004700,1,0000000092,1
0000008975,0000004700,2,0000000204,2
0000008976,0000004700,3,0000000214,1
0000008977,0000004701,1,0000000018,2
0000008978,0000004702,1,0000000152,2
0000008979,0000004703,1,0000000405,1
0000008980,0000004703,2,0000000302,2
0000008981,0000004704,1,0000000229,1
0000008982,0000004705,1,0000000143,1
0000008983,0000004705,2,0000000133,2
0000008984,0000004705,3,0000000482,1
0000008985,0000004705,4,0000000366,3
0000008986,0000004706,1,0000000218,1
0000008987,0000004706,2,0000000151,1
0000008988,0000004706,3,0000000340,2
0000008989,0000004706,4,0000000419,1
0000008990,0000004707,1,0000000201,2
0000008991,0000004708,1,0000000467,4
0000008992,0000004709,1,0000000087,1
0000008993,0000004709,2,0000000051,1
0000008994,0000004709,3,0000000216,1
0000008995,0000004709,4,0000000247,1
0000008996,0000004710,1,0000000381,2
0000008997,0000004710,2,0000000328,2
0000008998,0000004710,3,0000000143,1
0000008999,0000004711,1,0000000140,3
0000009000,0000004712,1,0000000296,1
0000009001,0000004713,1,0000000024,3
0000009002,0000004713,2,0000000483,2
0000009003,0000004714,1,0000000200,1
0000009004,0000004714,2,0000000115,1
0000009005,0000004715,1,0000000316,1
0000009006,0000004716,1,0000000019,3
0000009007,0000004717,1,0000000297,1
0000009008,0000004717,2,0000000094,1
0000009009,0000004718,1,0000000178,2
0000009010,0000004718,2,0000000484,3
0000009011,0000004719,1,0000000044,1
0000009012,0000004720,1,0000000403,4
0000009013,0000004720,2,0000000016,1
0000009014,0000004721,1,0000000177,1
0000009015,0000004722,1,0000000291,2
0000009016,0000004722,2,0000000468,1
0000009017,0000004723,1,0000000118,1
0000009018,0000004723,2,0000000240,1
0000009019,0000004724,1,0000000087,1
0000009020,0000004724,2,0000000056,1
0000009021,0000004725,1,0000000431,1
0000009022,0000004725,2,0000000134,1
0000009023,0000004726,1,0000000179,2
0000009024,0000004727,1,0000000421,1
0000009025,0000004728,1,0000000033,2
0000009026,0000004729,1,0000000021,1
0000009027,0000004730,1,0000000158,1
0000009028,0000004730,2,0000000311,1
0000009029,0000004730,3,0000000011,1
0000009030,0000004730,4,0000000059,1
0000009031,0000004731,1,0000000184,2
0000009032,0000004731,2,0000000371,1
0000009033,0000004732,1,0000000086,1
0000009034,0000004732,2,0000000430,1
0000009035,0000004732,3,0000000180,1
0000009036,0000004732,4,0000000362,1
0000009037,0000004733,1,0000000492,1
0000009038,0000004733,2,0000000372,1
0000009039,0000004733,3,0000000041,1
0000009040,0000004733,4,0000000163,1
0000009041,0000004733,5,0000000197,1
0000009042,0000004734,1,0000000471,2
0000009043,0000004734,2,0000000271,1
0000009044,0000004734,3,0000000119,1
0000009045,0000004735,1,0000000471,1
0000009046,0000004736,1,0000000136,1
0000009047,0000004736,2,0000000108,3
0000009048,0000004737,1,0000000313,4
0000009049,0000004737,2,0000000294,1
0000009050,0000004738,1,0000000087,1
0000009051,0000004739,1,0000000201,1
0000009052,0000004740,1,0000000096,1
0000009053,0000004740,2,0000000181,1
0000009054,0000004740,3,0000000253,1
0000009055,0000004741,1,0000000209,2
0000009056,0000004741,2,0000000142,2
0000009057,0000004742,1,0000000162,1
0000009058,0000004742,2,0000000327,1
0000009059,0000004742,3,0000000300,3
0000009060,0000004743,1,0000000402,1
0000009061,0000004743,2,0000000445,3
0000009062,0000004743,3,0000000136,3
0000009063,0000004743,4,0000000004,1
0000009064,0000004743,5,0000000444,1
0000009065,0000004744,1,0000000246,2
0000009066,0000004744,2,0000000001,1
0000009067,0000004745,1,0000000139,1
0000009068,0000004745,2,0000000216,1
0000009069,0000004745,3,0000000410,1
0000009070,0000004746,1,0000000141,2
0000009071,0000004746,2,0000000424,2
0000009072,0000004746,3,0000000026,2
0000009073,0000004747,1,0000000309,1
0000009074,0000004747,2,0000000039,1
0000009075,0000004748,1,0000000396,1
0000009076,0000004749,1,0000000035,1
0000009077,0000004750,1,0000000010,3
0000009078,0000004750,2,0000000111,1
0000009079,0000004750,3,0000000441,4
0000009080,0000004751,1,0000000093,1
0000009081,0000004752,1,0000000052,1
0000009082,0000004752,2,0000000224,2
0000009083,0000004752,3,0000000033,2
0000009084,0000004753,1,0000000346,1
0000009085,0000004754,1,0000000433,1
0000009086,0000004755,1,0000000435,1
0000009087,0000004756,1,0000000460,1
0000009088,0000004757,1,0000000281,1
0000009089,0000004758,1,0000000209,1
0000009090,0000004759,1,0000000147,1
0000009091,0000004759,2,0000000247,1
0000009092,0000004760,1,0000000031,1
0000009093,0000004760,2,0000000431,1
0000009094,0000004761,1,0000000406,1
0000009095,0000004761,2,0000000377,1
0000009096,0000004762,1,0000000317,3
0000009097,0000004762,2,0000000131,1
0000009098,0000004762,3,0000000352,3
0000009099,0000004763,1,0000000049,2
0000009100,0000004764,1,0000000496,1
0000009101,0000004764,2,0000000405,1
0000009102,0000004765,1,0000000463,1
0000009103,0000004766,1,0000000166,1
0000009104,0000004766,2,0000000293,3
0000009105,0000004766,3,0000000038,1
0000009106,0000004767,1,0000000494,2
0000009107,0000004767,2,0000000097,2
0000009108,0000004768,1,0000000445,1
0000009109,0000004768,2,0000000201,1
0000009110,0000004768,3,0000000398,1
0000009111,0000004768,4,0000000325,2
0000009112,0000004769,1,0000000232,2
0000009113,0000004769,2,0000000498,1
0000009114,0000004769,3,0000000406,1
0000009115,0000004769,4,0000000176,1
0000009116,0000004770,1,0000000284,4
0000009117,0000004771,1,0000000246,1
0000009118,0000004772,1,0000000265,1
0000009119,0000004773,1,0000000305,1
0000009120,0000004774,1,0000000448,1
0000009121,0000004775,1,0000000490,1
0000009122,0000004776,1,0000000243,1
0000009123,0000004776,2,0000000185,2
0000009124,0000004777,1,0000000112,1
0000009125,0000004778,1,0000000446,1
0000009126,0000004779,1,0000000231,2
0000009127,0000004780,1,0000000150,4
0000009128,0000004780,2,0000000121,2
0000009129,0000004781,1,0000000191,1
0000009130,0000004781,2,0000000279,1
0000009131,0000004782,1,0000000155,1
0000009132,0000004783,1,0000000286,1
0000009133,0000004783,2,0000000191,1
0000009134,0000004784,1,0000000066,1
0000009135,0000004785,1,0000000469,1
0000009136,0000004786,1,0000000314,1
0000009137,0000004786,2,0000000259,1
0000009138,0000004787,1,0000000393,1
0000009139,0000004787,2,0000000464,4
0000009140,0000004788,1,0000000243,1
0000009141,0000004788,2,0000000004,1
0000009142,0000004789,1,0000000157,1
0000009143,0000004789,2,0000000085,1
0000009144,0000004790,1,0000000405,1
0000009145,0000004791,1,0000000272,1
0000009146,0000004792,1,0000000260,1
0000009147,0000004792,2,0000000262,1
0000009148,0000004792,3,0000000204,1
0000009149,0000004792,4,0000000057,1
0000009150,0000004793,1,0000000228,1
0000009151,0000004794,1,0000000168,3
0000009152,0000004794,2,0000000182,1
0000009153,0000004795,1,0000000274,1
0000009154,0000004796,1,0000000322,1
0000009155,0000004796,2,0000000259,1
0000009156,0000004797,1,0000000249,2
0000009157,0000004797,2,0000000347,1
0000009158,0000004797,3,0000000131,1
0000009159,0000004798,1,0000000019,3
0000009160,0000004798,2,0000000219,2
0000009161,0000004799,1,0000000053,1
0000009162,0000004800,1,0000000006,1
0000009163,0000004800,2,0000000368,2
0000009164,0000004800,3,0000000261,4
0000009165,0000004800,4,0000000352,1
0000009166,0000004800,5,0000000333,1
0000009167,0000004801,1,0000000258,1
0000009168,0000004802,1,0000000423,1
0000009169,0000004803,1,0000000107,1
0000009170,0000004803,2,0000000441,2
0000009171,0000004803,3,0000000130,2
0000009172,0000004804,1,0000000013,3
0000009173,0000004805,1,0000000022,4
0000009174,0000004805,2,0000000332,1
0000009175,0000004805,3,0000000270,1
0000009176,0000004805,4,0000000047,1
0000009177,0000004806,1,0000000288,1
0000009178,0000004807,1,0000000213,1
0000009179,0000004807,2,0000000484,1
0000009180,0000004807,3,0000000068,1
0000009181,0000004808,1,0000000365,1
0000009182,0000004808,2,0000000490,1
0000009183,0000004808,3,0000000188,1
0000009184,0000004808,4,0000000477,2
0000009185,0000004809,1,0000000450,1
0000009186,0000004810,1,0000000482,1
0000009187,0000004811,1,0000000280,1
0000009188,0000004812,1,0000000277,1
0000009189,0000004813,1,0000000321,1
0000009190,0000004813,2,0000000350,1
0000009191,0000004814,1,0000000272,1
0000009192,0000004815,1,0000000228,2
0000009193,0000004815,2,0000000174,1
0000009194,0000004816,1,0000000200,2
0000009195,0000004817,1,0000000489,1
0000009196,0000004818,1,0000000311,2
0000009197,0000004819,1,0000000262,1
0000009198,0000004820,1,0000000428,2
0000009199,0000004821,1,0000000010,1
0000009200,0000004822,1,0000000253,1
0000009201,0000004823,1,0000000127,1
0000009202,0000004823,2,0000000372,2
0000009203,0000004824,1,0000000303,2
0000009204,0000004825,1,0000000178,2
0000009205,0000004825,2,0000000151,1
0000009206,0000004826,1,0000000320,1
0000009207,0000004827,1,0000000453,1
0000009208,0000004827,2,0000000445,1
0000009209,0000004828,1,0000000288,1
0000009210,0000004829,1,0000000013,1
0000009211,0000004829,2,0000000421,1
0000009212,0000004829,3,0000000021,1
0000009213,0000004829,4,0000000333,1
0000009214,0000004830,1,0000000063,1
0000009215,0000004830,2,0000000401,2
0000009216,0000004831,1,0000000434,4
0000009217,0000004832,1,0000000184,1
0000009218,0000004832,2,0000000190,3
0000009219,0000004833,1,0000000328,1
0000009220,0000004833,2,0000000111,2
0000009221,0000004834,1,0000000264,1
0000009222,0000004834,2,0000000491,1
0000009223,0000004835,1,0000000183,3
0000009224,0000004835,2,0000000383,1
0000009225,0000004835,3,0000000161,1
0000009226,0000004835,4,0000000396,1
0000009227,0000004836,1,0000000125,1
0000009228,0000004837,1,0000000486,3
0000009229,0000004837,2,0000000056,1
0000009230,0000004838,1,0000000168,1
0000009231,0000004838,2,0000000155,1
0000009232,0000004839,1,0000000435,1
0000009233,0000004840,1,0000000328,2
0000009234,0000004840,2,0000000187,1
0000009235,0000004840,3,0000000188,1
0000009236,0000004840,4,0000000203,1
0000009237,0000004841,1,0000000037,2
0000009238,0000004841,2,0000000416,1
0000009239,0000004842,1,0000000044,1
0000009240,0000004842,2,0000000314,1
0000009241,0000004843,1,0000000449,1
0000009242,0000004843,2,0000000052,1
0000009243,0000004844,1,0000000154,1
0000009244,0000004844,2,0000000462,1
0000009245,0000004844,3,0000000473,1
0000009246,0000004845,1,0000000341,4
0000009247,0000004845,2,0000000047,1
0000009248,0000004846,1,0000000021,1
0000009249,0000004847,1,0000000471,1
0000009250,0000004848,1,0000000427,2
0000009251,0000004848,2,0000000020,1
0000009252,0000004849,1,0000000381,1
0000009253,0000004850,1,0000000214,1
0000009254,0000004851,1,0000000349,1
0000009255,0000004852,1,0000000215,1
0000009256,0000004852,2,0000000411,1
0000009257,0000004853,1,0000000319,1
0000009258,0000004853,2,0000000234,2
0000009259,0000004853,3,0000000217,3
0000009260,0000004853,4,0000000347,1
0000009261,0000004854,1,0000000304,1
0000009262,0000004855,1,0000000031,2
0000009263,0000004856,1,0000000345,1
0000009264,0000004856,2,0000000090,1
0000009265,0000004857,1,0000000167,1
0000009266,0000004858,1,0000000444,3
0000009267,0000004859,1,0000000410,1
0000009268,0000004859,2,0000000466,2
0000009269,0000004859,3,0000000355,1
0000009270,0000004860,1,0000000175,1
0000009271,0000004860,2,0000000043,1
0000009272,0000004861,1,0000000439,1
0000009273,0000004862,1,0000000209,1
0000009274,0000004862,2,0000000357,1
0000009275,0000004862,3,0000000442,1
0000009276,0000004863,1,0000000487,1
0000009277,0000004863,2,0000000292,1
0000009278,0000004863,3,0000000104,1
0000009279,0000004863,4,0000000172,2
0000009280,0000004864,1,0000000049,2
0000009281,0000004865,1,0000000283,1
0000009282,0000004865,2,0000000497,1
0000009283,0000004866,1,0000000223,1
0000009284,0000004867,1,0000000007,1
0000009285,0000004867,2,0000000354,1
0000009286,0000004867,3,0000000282,1
0000009287,0000004868,1,0000000181,2
0000009288,0000004868,2,0000000088,4
0000009289,0000004868,3,0000000206,3
0000009290,0000004868,4,0000000129,1
0000009291,0000004869,1,0000000163,2
0000009292,0000004870,1,0000000363,1
0000009293,0000004871,1,0000000174,2
0000009294,0000004872,1,0000000233,4
0000009295,0000004873,1,0000000136,1
0000009296,0000004873,2,0000000142,1
0000009297,0000004874,1,0000000253,1
0000009298,0000004875,1,0000000154,1
0000009299,0000004875,2,0000000472,2
0000009300,0000004876,1,0000000299,1
0000009301,0000004877,1,0000000366,2
0000009302,0000004878,1,0000000382,1
0000009303,0000004878,2,0000000440,1
0000009304,0000004878,3,0000000162,1
0000009305,0000004878,4,0000000482,2
0000009306,0000004879,1,0000000222,1
0000009307,0000004880,1,0000000333,4
0000009308,0000004880,2,0000000019,1
0000009309,0000004881,1,0000000432,3
0000009310,0000004881,2,0000000143,2
0000009311,0000004881,3,0000000475,3
0000009312,0000004882,1,0000000241,1
0000009313,0000004883,1,0000000419,1
0000009314,0000004883,2,0000000035,1
0000009315,0000004883,3,0000000149,1
0000009316,0000004884,1,0000000474,1
0000009317,0000004884,2,0000000326,1
0000009318,0000004884,3,0000000492,1
0000009319,0000004884,4,0000000009,1
0000009320,0000004884,5,0000000426,1
0000009321,0000004885,1,0000000307,1
0000009322,0000004885,2,0000000485,1
0000009323,0000004886,1,0000000246,1
0000009324,0000004887,1,0000000401,2
0000009325,0000004887,2,0000000138,1
0000009326,0000004888,1,0000000215,1
0000009327,0000004888,2,0000000160,1
0000009328,0000004889,1,0000000394,1
0000009329,0000004889,2,0000000459,2
0000009330,0000004890,1,0000000281,2
0000009331,0000004891,1,0000000347,1
0000009332,0000004891,2,0000000402,4
0000009333,0000004892,1,0000000307,2
0000009334,0000004893,1,0000000324,1
0000009335,0000004893,2,0000000361,1
0000009336,0000004893,3,0000000040,1
0000009337,0000004893,4,0000000031,1
0000009338,0000004893,5,0000000221,1
0000009339,0000004894,1,0000000215,2
0000009340,0000004894,2,0000000135,1
0000009341,0000004895,1,0000000096,1
0000009342,0000004895,2,0000000044,1
0000009343,0000004895,3,0000000287,2
0000009344,0000004896,1,0000000242,1
0000009345,0000004896,2,0000000290,1
0000009346,0000004896,3,0000000282,1
0000009347,0000004897,1,0000000449,2
0000009348,0000004898,1,0000000426,1
0000009349,0000004899,1,0000000346,1
0000009350,0000004899,2,0000000203,3
0000009351,0000004900,1,0000000363,1
0000009352,0000004901,1,0000000448,1
0000009353,0000004902,1,0000000352,1
0000009354,0000004903,1,0000000280,2
0000009355,0000004903,2,0000000032,2
0000009356,0000004903,3,0000000183,1
0000009357,0000004904,1,0000000495,1
0000009358,0000004905,1,0000000260,2
0000009359,0000004906,1,0000000411,1
0000009360,0000004906,2,0000000135,1
0000009361,0000004907,1,0000000469,1
0000009362,0000004907,2,0000000111,2
0000009363,0000004907,3,0000000341,4
0000009364,0000004908,1,0000000379,3
0000009365,0000004908,2,0000000227,1
0000009366,0000004909,1,0000000494,2
0000009367,0000004909,2,0000000080,1
0000009368,0000004910,1,0000000270,2
0000009369,0000004911,1,0000000271,1
0000009370,0000004912,1,0000000245,2
0000009371,0000004913,1,0000000007,1
0000009372,0000004913,2,0000000287,1
0000009373,0000004913,3,0000000496,1
0000009374,0000004914,1,0000000333,1
0000009375,0000004915,1,0000000268,1
0000009376,0000004916,1,0000000235,3
0000009377,0000004917,1,0000000240,3
0000009378,0000004918,1,0000000160,2
0000009379,0000004919,1,0000000174,1
0000009380,0000004919,2,0000000322,2
0000009381,0000004919,3,0000000299,1
0000009382,0000004919,4,0000000350,1
0000009383,0000004919,5,0000000274,1
0000009384,0000004920,1,0000000395,3
0000009385,0000004920,2,0000000497,4
0000009386,0000004921,1,0000000413,4
0000009387,0000004922,1,0000000439,1
0000009388,0000004922,2,0000000402,1
0000009389,0000004923,1,0000000370,1
0000009390,0000004923,2,0000000230,1
0000009391,0000004923,3,0000000480,1
0000009392,0000004923,4,0000000208,1
0000009393,0000004924,1,0000000092,1
0000009394,0000004924,2,0000000390,1
0000009395,0000004925,1,0000000368,1
0000009396,0000004925,2,0000000397,1
0000009397,0000004925,3,0000000114,1
0000009398,0000004926,1,0000000436,1
0000009399,0000004927,1,0000000018,2
0000009400,0000004927,2,0000000314,2
0000009401,0000004927,3,0000000447,1
0000009402,0000004927,4,0000000113,1
0000009403,0000004928,1,0000000465,1
0000009404,0000004928,2,0000000001,1
0000009405,0000004928,3,0000000278,2
0000009406,0000004929,1,0000000353,1
0000009407,0000004929,2,0000000044,1
0000009408,0000004930,1,0000000261,2
0000009409,0000004931,1,0000000105,1
0000009410,0000004931,2,0000000101,1
0000009411,0000004932,1,0000000247,1
0000009412,0000004933,1,0000000249,1
0000009413,0000004933,2,0000000174,1
0000009414,0000004933,3,0000000471,1
0000009415,0000004933,4,0000000233,1
0000009416,0000004933,5,0000000329,1
0000009417,0000004934,1,0000000416,1
0000009418,0000004934,2,0000000467,1
0000009419,0000004934,3,0000000157,1
0000009420,0000004935,1,0000000477,1
0000009421,0000004936,1,0000000062,3
0000009422,0000004937,1,0000000463,4
0000009423,0000004938,1,0000000285,1
0000009424,0000004938,2,0000000223,2
0000009425,0000004938,3,0000000466,1
0000009426,0000004938,4,0000000301,1
0000009427,0000004939,1,0000000321,1
0000009428,0000004940,1,0000000232,1
0000009429,0000004940,2,0000000028,1
0000009430,0000004941,1,0000000271,1
0000009431,0000004941,2,0000000143,4
0000009432,0000004942,1,0000000047,2
0000009433,0000004942,2,0000000160,1
0000009434,0000004942,3,0000000393,1
0000009435,0000004942,4,0000000469,3
0000009436,0000004943,1,0000000473,3
0000009437,0000004943,2,0000000281,2
0000009438,0000004943,3,0000000287,1
0000009439,0000004943,4,0000000142,1
0000009440,0000004944,1,0000000365,1
0000009441,0000004945,1,0000000075,1
0000009442,0000004945,2,0000000365,1
0000009443,0000004946,1,0000000195,1
0000009444,0000004947,1,0000000299,1
0000009445,0000004948,1,0000000354,3
0000009446,0000004948,2,0000000334,1
0000009447,0000004949,1,0000000107,2
0000009448,0000004949,2,0000000010,1
0000009449,0000004949,3,0000000211,2
0000009450,0000004950,1,0000000105,1
0000009451,0000004951,1,0000000391,1
0000009452,0000004951,2,0000000426,1
0000009453,0000004951,3,0000000175,1
0000009454,0000004951,4,0000000049,1
0000009455,0000004951,5,0000000381,1
0000009456,0000004952,1,0000000003,1
0000009457,0000004953,1,0000000272,4
0000009458,0000004954,1,0000000404,1
0000009459,0000004955,1,0000000126,1
0000009460,0000004956,1,0000000455,1
0000009461,0000004956,2,0000000333,1
0000009462,0000004956,3,0000000259,1
0000009463,0000004956,4,0000000349,2
0000009464,0000004956,5,0000000373,1
0000009465,0000004957,1,0000000410,2
0000009466,0000004957,2,0000000007,1
0000009467,0000004957,3,0000000083,1
0000009468,0000004957,4,0000000087,1
0000009469,0000004958,1,0000000434,1
0000009470,0000004958,2,0000000087,1
0000009471,0000004959,1,0000000498,3
0000009472,0000004960,1,0000000370,1
0000009473,0000004960,2,0000000409,1
0000009474,0000004961,1,0000000442,1
0000009475,0000004961,2,0000000420,1
0000009476,0000004961,3,0000000297,2
0000009477,0000004961,4,0000000334,1
0000009478,0000004962,1,0000000400,1
0000009479,0000004962,2,0000000010,1
0000009480,0000004963,1,0000000374,1
0000009481,0000004964,1,0000000355,1
0000009482,0000004964,2,0000000138,1
0000009483,0000004964,3,0000000119,3
0000009484,0000004965,1,0000000276,1
0000009485,0000004965,2,0000000329,1
0000009486,0000004965,3,0000000235,1
0000009487,0000004965,4,0000000069,1
0000009488,0000004966,1,0000000380,2
0000009489,0000004967,1,0000000196,2
0000009490,0000004968,1,0000000483,1
0000009491,0000004969,1,0000000186,1
0000009492,0000004970,1,0000000029,3
0000009493,0000004971,1,0000000210,4
0000009494,0000004972,1,0000000405,1
0000009495,0000004972,2,0000000399,1
0000009496,0000004973,1,0000000356,2
0000009497,0000004974,1,0000000331,1
0000009498,0000004974,2,0000000177,1
0000009499,0000004974,3,0000000191,1
0000009500,0000004975,1,0000000331,2
0000009501,0000004975,2,0000000113,1
0000009502,0000004975,3,0000000388,1
0000009503,0000004976,1,0000000081,1
0000009504,0000004977,1,0000000395,1
0000009505,0000004978,1,0000000358,1
0000009506,0000004979,1,0000000445,2
0000009507,0000004979,2,0000000025,1
0000009508,0000004979,3,0000000129,2
0000009509,0000004980,1,0000000390,1
0000009510,0000004981,1,0000000274,3
0000009511,0000004982,1,0000000204,1
0000009512,0000004983,1,0000000360,1
0000009513,0000004984,1,0000000181,2
0000009514,0000004985,1,0000000417,1
0000009515,0000004986,1,0000000300,3
0000009516,0000004987,1,0000000003,1
0000009517,0000004987,2,0000000445,1
0000009518,0000004987,3,0000000163,1
0000009519,0000004988,1,0000000450,1
0000009520,0000004989,1,0000000359,1
0000009521,0000004989,2,0000000216,1
0000009522,0000004989,3,0000000337,1
0000009523,0000004989,4,0000000377,3
0000009524,0000004989,5,0000000126,1
0000009525,0000004990,1,0000000497,1
0000009526,0000004990,2,0000000499,1
0000009527,0000004991,1,0000000386,1
0000009528,0000004992,1,0000000023,1
0000009529,0000004993,1,0000000393,1
0000009530,0000004993,2,0000000315,1
0000009531,0000004994,1,0000000469,1
0000009532,0000004994,2,0000000396,1
0000009533,0000004995,1,0000000460,3
0000009534,0000004996,1,0000000393,1
0000009535,0000004996,2,0000000440,1
0000009536,0000004996,3,0000000054,1
0000009537,0000004997,1,0000000047,1
0000009538,0000004997,2,0000000254,1
0000009539,0000004997,3,0000000336,1
0000009540,0000004998,1,0000000013,1
0000009541,0000004999,1,0000000106,2
0000009542,0000004999,2,0000000173,1
0000009543,0000005000,1,0000000455,1
0000009544,0000005000,2,0000000197,1
0000009545,0000005000,3,0000000064,1
0000009546,0000005001,1,0000000250,1
0000009547,0000005001,2,0000000478,1
0000009548,0000005001,3,0000000251,1
0000009549,0000005002,1,0000000234,1
0000009550,0000005003,1,0000000102,1
0000009551,0000005003,2,0000000260,1
0000009552,0000005003,3,0000000329,3
0000009553,0000005004,1,0000000358,1
0000009554,0000005004,2,0000000145,1
0000009555,0000005004,3,0000000136,1
0000009556,0000005004,4,0000000031,1
0000009557,0000005004,5,0000000297,1
0000009558,0000005005,1,0000000211,1
0000009559,0000005006,1,0000000053,1
0000009560,0000005006,2,0000000476,4
0000009561,0000005007,1,0000000332,1
0000009562,0000005008,1,0000000064,1
0000009563,0000005009,1,0000000157,1
0000009564,0000005009,2,0000000358,1
0000009565,0000005010,1,0000000100,1
0000009566,0000005011,1,0000000086,1
0000009567,0000005012,1,0000000078,2
0000009568,0000005013,1,0000000217,1
0000009569,0000005013,2,0000000449,1
0000009570,0000005013,3,0000000173,4
0000009571,0000005014,1,0000000411,1
0000009572,0000005015,1,0000000278,1
0000009573,0000005016,1,0000000271,4
0000009574,0000005017,1,0000000365,1
0000009575,0000005018,1,0000000398,1
0000009576,0000005019,1,0000000008,1
0000009577,0000005020,1,0000000150,1
0000009578,0000005021,1,0000000241,1
0000009579,0000005021,2,0000000268,1
0000009580,0000005021,3,0000000385,1
0000009581,0000005022,1,0000000373,1
0000009582,0000005022,2,0000000313,1
0000009583,0000005022,3,0000000291,1
0000009584,0000005022,4,0000000378,2
0000009585,0000005022,5,0000000103,1
0000009586,0000005023,1,0000000227,1
0000009587,0000005023,2,0000000360,2
0000009588,0000005023,3,0000000254,2
0000009589,0000005023,4,0000000039,1
0000009590,0000005024,1,0000000426,1
0000009591,0000005025,1,0000000415,1
0000009592,0000005026,1,0000000006,3
0000009593,0000005027,1,0000000098,1
0000009594,0000005027,2,0000000448,1
0000009595,0000005027,3,0000000037,1
0000009596,0000005028,1,0000000385,1
0000009597,0000005029,1,0000000470,1
0000009598,0000005029,2,0000000127,4
0000009599,0000005029,3,0000000272,1
0000009600,0000005029,4,0000000089,1
0000009601,0000005030,1,0000000276,1
0000009602,0000005030,2,0000000171,3
0000009603,0000005031,1,0000000332,1
0000009604,0000005032,1,0000000325,1
0000009605,0000005032,2,0000000292,1
0000009606,0000005032,3,0000000094,1
0000009607,0000005033,1,0000000005,1
0000009608,0000005033,2,0000000206,1
0000009609,0000005033,3,0000000125,1
0000009610,0000005034,1,0000000076,1
0000009611,0000005034,2,0000000326,2
0000009612,0000005034,3,0000000500,1
0000009613,0000005035,1,0000000304,1
0000009614,0000005036,1,0000000272,1
0000009615,0000005037,1,0000000055,4
0000009616,0000005037,2,0000000154,2
0000009617,0000005038,1,0000000131,1
0000009618,0000005038,2,0000000313,1
0000009619,0000005038,3,0000000265,1
0000009620,0000005038,4,0000000317,4
0000009621,0000005038,5,0000000398,1
0000009622,0000005039,1,0000000052,1
0000009623,0000005039,2,0000000177,2
0000009624,0000005040,1,0000000051,1
0000009625,0000005040,2,0000000065,4
0000009626,0000005041,1,0000000283,1
0000009627,0000005042,1,0000000328,3
0000009628,0000005042,2,0000000047,2
0000009629,0000005043,1,0000000161,2
0000009630,0000005044,1,0000000373,3
0000009631,0000005044,2,0000000290,2
0000009632,0000005044,3,0000000400,2
0000009633,0000005044,4,0000000479,1
0000009634,0000005045,1,0000000088,1
0000009635,0000005045,2,0000000131,1
0000009636,0000005045,3,0000000329,2
0000009637,0000005046,1,0000000409,2
0000009638,0000005046,2,0000000316,1
0000009639,0000005047,1,0000000234,1
0000009640,0000005047,2,0000000118,1
0000009641,0000005048,1,0000000022,1
0000009642,0000005049,1,0000000489,1
0000009643,0000005049,2,0000000473,1
0000009644,0000005049,3,0000000279,1
0000009645,0000005049,4,0000000471,2
0000009646,0000005049,5,0000000191,1
0000009647,0000005050,1,0000000404,2
0000009648,0000005051,1,0000000259,4
0000009649,0000005052,1,0000000233,1
0000009650,0000005053,1,0000000343,1
0000009651,0000005053,2,0000000375,1
0000009652,0000005054,1,0000000158,4
0000009653,0000005055,1,0000000299,1
0000009654,0000005056,1,0000000323,2
0000009655,0000005056,2,0000000342,3
0000009656,0000005057,1,0000000162,1
0000009657,0000005058,1,0000000253,1
0000009658,0000005059,1,0000000181,1
0000009659,0000005059,2,0000000311,1
0000009660,0000005059,3,0000000026,1
0000009661,0000005059,4,0000000162,1
0000009662,0000005060,1,0000000129,3
0000009663,0000005061,1,0000000444,1
0000009664,0000005062,1,0000000383,4
0000009665,0000005062,2,0000000014,1
0000009666,0000005063,1,0000000218,1
0000009667,0000005063,2,0000000424,1
0000009668,0000005063,3,0000000382,2
0000009669,0000005064,1,0000000034,1
0000009670,0000005064,2,0000000148,4
0000009671,0000005065,1,0000000267,1
0000009672,0000005066,1,0000000459,1
0000009673,0000005066,2,0000000422,1
0000009674,0000005067,1,0000000437,1
0000009675,0000005068,1,0000000238,1
0000009676,0000005068,2,0000000078,1
0000009677,0000005068,3,0000000197,1
0000009678,0000005069,1,0000000113,1
0000009679,0000005070,1,0000000440,3
0000009680,0000005071,1,0000000341,1
0000009681,0000005072,1,0000000488,1
0000009682,0000005073,1,0000000104,2
0000009683,0000005074,1,0000000380,1
0000009684,0000005075,1,0000000099,3
0000009685,0000005076,1,0000000102,1
0000009686,0000005076,2,0000000054,1
0000009687,0000005077,1,0000000091,1
0000009688,0000005078,1,0000000307,1
0000009689,0000005079,1,0000000443,1
0000009690,0000005079,2,0000000454,1
0000009691,0000005080,1,0000000197,2
0000009692,0000005081,1,0000000204,1
0000009693,0000005082,1,0000000233,1
0000009694,0000005082,2,0000000410,2
0000009695,0000005083,1,0000000017,2
0000009696,0000005084,1,0000000282,1
0000009697,0000005084,2,0000000334,1
0000009698,0000005084,3,0000000010,1
0000009699,0000005084,4,0000000409,1
0000009700,0000005084,5,0000000373,1
0000009701,0000005085,1,0000000154,1
0000009702,0000005086,1,0000000492,1
0000009703,0000005086,2,0000000071,2
0000009704,0000005086,3,0000000051,1
0000009705,0000005087,1,0000000407,4
0000009706,0000005088,1,0000000385,3
0000009707,0000005088,2,0000000118,2
0000009708,0000005088,3,0000000390,2
0000009709,0000005089,1,0000000372,1
0000009710,0000005089,2,0000000118,1
0000009711,0000005089,3,0000000076,2
0000009712,0000005089,4,0000000356,2
0000009713,0000005089,5,0000000462,1
0000009714,0000005090,1,0000000088,1
0000009715,0000005091,1,0000000484,1
0000009716,0000005091,2,0000000076,3
0000009717,0000005092,1,0000000164,3
0000009718,0000005093,1,0000000465,1
0000009719,0000005093,2,0000000368,3
0000009720,0000005093,3,0000000023,1
0000009721,0000005094,1,0000000475,1
0000009722,0000005095,1,0000000438,1
0000009723,0000005096,1,0000000073,1
0000009724,0000005097,1,0000000291,1
0000009725,0000005098,1,0000000495,2
0000009726,0000005099,1,0000000030,3
0000009727,0000005100,1,0000000323,4
0000009728,0000005100,2,0000000074,1
0000009729,0000005100,3,0000000318,1
0000009730,0000005101,1,0000000125,1
0000009731,0000005102,1,0000000187,1
0000009732,0000005103,1,0000000388,3
0000009733,0000005103,2,0000000009,1
0000009734,0000005104,1,0000000161,1
0000009735,0000005105,1,0000000287,1
0000009736,0000005106,1,0000000292,1
0000009737,0000005107,1,0000000415,4
0000009738,0000005108,1,0000000361,2
0000009739,0000005109,1,0000000106,1
0000009740,0000005110,1,0000000305,1
0000009741,0000005110,2,0000000346,1
0000009742,0000005111,1,0000000218,1
0000009743,0000005111,2,0000000048,1
0000009744,0000005111,3,0000000465,1
0000009745,0000005112,1,0000000352,1
0000009746,0000005113,1,0000000399,1
0000009747,0000005113,2,0000000366,3
0000009748,0000005114,1,0000000420,1
0000009749,0000005115,1,0000000263,1
0000009750,0000005116,1,0000000109,1
0000009751,0000005116,2,0000000483,1
0000009752,0000005117,1,0000000077,1
0000009753,0000005118,1,0000000231,3
0000009754,0000005118,2,0000000411,1
0000009755,0000005118,3,0000000438,1
0000009756,0000005118,4,0000000256,2
0000009757,0000005118,5,0000000107,2
0000009758,0000005119,1,0000000480,1
0000009759,0000005119,2,0000000447,2
0000009760,0000005119,3,0000000012,1
0000009761,0000005119,4,0000000230,1
0000009762,0000005119,5,0000000106,1
0000009763,0000005120,1,0000000217,3
0000009764,0000005121,1,0000000371,2
0000009765,0000005122,1,0000000345,2
0000009766,0000005122,2,0000000433,1
0000009767,0000005123,1,0000000254,2
0000009768,0000005124,1,0000000435,1
0000009769,0000005124,2,0000000249,3
0000009770,0000005125,1,0000000279,1
0000009771,0000005126,1,0000000091,1
0000009772,0000005126,2,0000000167,1
0000009773,0000005126,3,0000000090,1
0000009774,0000005127,1,0000000443,1
0000009775,0000005128,1,0000000355,1
0000009776,0000005129,1,0000000309,1
0000009777,0000005130,1,0000000077,4
0000009778,0000005130,2,0000000247,1
0000009779,0000005130,3,0000000209,1
0000009780,0000005131,1,0000000303,3
0000009781,0000005131,2,0000000484,4
0000009782,0000005132,1,0000000416,1
0000009783,0000005133,1,0000000311,1
0000009784,0000005133,2,0000000056,1
0000009785,0000005133,3,0000000043,1
0000009786,0000005133,4,0000000282,1
0000009787,0000005133,5,0000000352,1
0000009788,0000005134,1,0000000139,1
0000009789,0000005135,1,0000000009,2
0000009790,0000005136,1,0000000192,1
0000009791,0000005137,1,0000000258,1
0000009792,0000005138,1,0000000452,1
0000009793,0000005138,2,0000000324,2
0000009794,0000005139,1,0000000345,1
0000009795,0000005140,1,0000000118,2
0000009796,0000005140,2,0000000146,2
0000009797,0000005140,3,0000000347,3
0000009798,0000005141,1,0000000272,1
0000009799,0000005142,1,0000000070,1
0000009800,0000005142,2,0000000353,1
0000009801,0000005142,3,0000000164,2
0000009802,0000005142,4,0000000092,1
0000009803,0000005143,1,0000000083,2
0000009804,0000005144,1,0000000372,1
0000009805,0000005145,1,0000000229,3
0000009806,0000005146,1,0000000405,1
0000009807,0000005146,2,0000000230,3
0000009808,0000005147,1,0000000442,1
0000009809,0000005147,2,0000000015,1
0000009810,0000005148,1,0000000363,1
0000009811,0000005148,2,0000000299,1
0000009812,0000005148,3,0000000174,2
0000009813,0000005148,4,0000000185,1
0000009814,0000005149,1,0000000023,2
0000009815,0000005150,1,0000000396,1
0000009816,0000005150,2,0000000322,2
0000009817,0000005151,1,0000000439,1
0000009818,0000005152,1,0000000460,1
0000009819,0000005153,1,0000000174,1
0000009820,0000005154,1,0000000088,4
0000009821,0000005155,1,0000000423,1
0000009822,0000005156,1,0000000432,1
0000009823,0000005156,2,0000000422,2
0000009824,0000005156,3,0000000178,1
0000009825,0000005157,1,0000000143,1
0000009826,0000005158,1,0000000233,2
0000009827,0000005159,1,0000000280,1
0000009828,0000005159,2,0000000068,2
0000009829,0000005159,3,0000000434,2
0000009830,0000005159,4,0000000287,1
0000009831,0000005159,5,0000000337,4
0000009832,0000005160,1,0000000448,1
0000009833,0000005161,1,0000000013,1
0000009834,0000005162,1,0000000440,1
0000009835,0000005163,1,0000000390,2
0000009836,0000005163,2,0000000016,1
0000009837,0000005164,1,0000000489,2
0000009838,0000005165,1,0000000040,1
0000009839,0000005166,1,0000000496,1
0000009840,0000005167,1,0000000140,2
0000009841,0000005168,1,0000000059,1
0000009842,0000005169,1,0000000323,1
0000009843,0000005170,1,0000000249,3
0000009844,0000005171,1,0000000248,1
0000009845,0000005171,2,0000000163,1
0000009846,0000005171,3,0000000056,2
0000009847,0000005171,4,0000000499,2
0000009848,0000005172,1,0000000062,1
0000009849,0000005173,1,0000000465,1
0000009850,0000005174,1,0000000321,1
0000009851,0000005175,1,0000000001,4
0000009852,0000005176,1,0000000038,1
0000009853,0000005177,1,0000000071,1
0000009854,0000005177,2,0000000072,2
0000009855,0000005177,3,0000000362,2
0000009856,0000005177,4,0000000249,1
0000009857,0000005178,1,0000000403,1
0000009858,0000005178,2,0000000309,2
0000009859,0000005178,3,0000000438,1
0000009860,0000005178,4,0000000016,1
0000009861,0000005179,1,0000000056,1
0000009862,0000005180,1,0000000465,1
0000009863,0000005181,1,0000000268,1
0000009864,0000005182,1,0000000492,1
0000009865,0000005183,1,0000000024,1
0000009866,0000005184,1,0000000258,1
0000009867,0000005185,1,0000000276,2
0000009868,0000005185,2,0000000223,4
0000009869,0000005186,1,0000000261,1
0000009870,0000005187,1,0000000348,1
0000009871,0000005187,2,0000000305,1
0000009872,0000005188,1,0000000113,1
0000009873,0000005189,1,0000000357,1
0000009874,0000005190,1,0000000431,3
0000009875,0000005190,2,0000000119,1
0000009876,0000005191,1,0000000103,1
0000009877,0000005191,2,0000000132,1
0000009878,0000005192,1,0000000158,1
0000009879,0000005192,2,0000000483,1
0000009880,0000005193,1,0000000126,1
0000009881,0000005194,1,0000000343,1
0000009882,0000005194,2,0000000386,1
0000009883,0000005194,3,0000000099,1
0000009884,0000005194,4,0000000132,1
0000009885,0000005195,1,0000000482,2
0000009886,0000005195,2,0000000478,1
0000009887,0000005196,1,0000000167,1
0000009888,0000005197,1,0000000206,1
0000009889,0000005198,1,0000000052,1
0000009890,0000005198,2,0000000280,1
0000009891,0000005198,3,0000000401,1
0000009892,0000005198,4,0000000001,3
0000009893,0000005198,5,0000000310,3
0000009894,0000005199,1,0000000036,1
0000009895,0000005200,1,0000000123,1
0000009896,0000005201,1,0000000495,3
0000009897,0000005201,2,0000000231,1
0000009898,0000005202,1,0000000190,3
0000009899,0000005203,1,0000000368,2
0000009900,0000005204,1,0000000166,2
0000009901,0000005205,1,0000000106,3
0000009902,0000005205,2,0000000056,1
0000009903,0000005206,1,0000000021,1
0000009904,0000005207,1,0000000041,1
0000009905,0000005208,1,0000000257,1
0000009906,0000005209,1,0000000150,2
0000009907,0000005210,1,0000000028,1
0000009908,0000005211,1,0000000264,1
0000009909,0000005212,1,0000000097,2
0000009910,0000005213,1,0000000270,1
0000009911,0000005214,1,0000000021,2
0000009912,0000005214,2,0000000202,1
0000009913,0000005215,1,0000000468,1
0000009914,0000005216,1,0000000324,1
0000009915,0000005216,2,0000000263,1
0000009916,0000005217,1,0000000066,1
0000009917,0000005218,1,0000000030,1
0000009918,0000005219,1,0000000361,1
0000009919,0000005219,2,0000000262,3
0000009920,0000005220,1,0000000086,1
0000009921,0000005220,2,0000000405,4
0000009922,0000005220,3,0000000447,2
0000009923,0000005220,4,0000000422,1
0000009924,0000005221,1,0000000366,1
0000009925,0000005221,2,0000000296,1
0000009926,0000005222,1,0000000246,1
0000009927,0000005223,1,0000000251,2
0000009928,0000005223,2,0000000424,1
0000009929,0000005223,3,0000000190,2
0000009930,0000005223,4,0000000412,1
0000009931,0000005223,5,0000000486,1
0000009932,0000005224,1,0000000333,2
0000009933,0000005224,2,0000000223,1
0000009934,0000005225,1,0000000462,1
0000009935,0000005225,2,0000000400,1
0000009936,0000005226,1,0000000426,1
0000009937,0000005227,1,0000000302,1
0000009938,0000005228,1,0000000197,1
0000009939,0000005229,1,0000000460,1
0000009940,0000005229,2,0000000232,1
0000009941,0000005230,1,0000000086,1
0000009942,0000005231,1,0000000440,1
0000009943,0000005232,1,0000000093,1
0000009944,0000005233,1,0000000184,2
0000009945,0000005233,2,0000000188,1
0000009946,0000005233,3,0000000412,1
0000009947,0000005234,1,0000000328,1
0000009948,0000005235,1,0000000099,1
0000009949,0000005235,2,0000000043,1
0000009950,0000005235,3,0000000327,3
0000009951,0000005236,1,0000000326,1
0000009952,0000005236,2,0000000199,2
0000009953,0000005237,1,0000000022,2
0000009954,0000005238,1,0000000482,1
0000009955,0000005239,1,0000000451,1
0000009956,0000005239,2,0000000053,1
0000009957,0000005240,1,0000000091,1
0000009958,0000005240,2,0000000256,1
0000009959,0000005240,3,0000000427,2
0000009960,0000005241,1,0000000163,2
0000009961,0000005241,2,0000000037,1
0000009962,0000005241,3,0000000303,2
0000009963,0000005242,1,0000000047,1
0000009964,0000005243,1,0000000183,1
0000009965,0000005244,1,0000000256,1
0000009966,0000005244,2,0000000011,1
0000009967,0000005245,1,0000000267,4
0000009968,0000005246,1,0000000456,2
0000009969,0000005247,1,0000000261,1
0000009970,0000005247,2,0000000267,2
0000009971,0000005247,3,0000000380,2
0000009972,0000005248,1,0000000452,1
0000009973,0000005248,2,0000000160,1
0000009974,0000005248,3,0000000085,2
0000009975,0000005249,1,0000000467,1
0000009976,0000005250,1,0000000187,1
0000009977,0000005250,2,0000000031,2
0000009978,0000005251,1,0000000043,1
0000009979,0000005252,1,0000000252,1
0000009980,0000005252,2,0000000151,1
0000009981,0000005253,1,0000000099,1
0000009982,0000005254,1,0000000318,1
0000009983,0000005254,2,0000000133,1
0000009984,0000005255,1,0000000450,2
0000009985,0000005256,1,0000000103,1
0000009986,0000005256,2,0000000202,1
0000009987,0000005256,3,0000000169,2
0000009988,0000005256,4,0000000089,1
0000009989,0000005257,1,0000000113,1
0000009990,0000005258,1,0000000463,1
0000009991,0000005259,1,0000000171,1
0000009992,0000005259,2,0000000493,1
0000009993,0000005260,1,0000000066,1
0000009994,0000005260,2,0000000482,2
0000009995,0000005261,1,0000000234,1
0000009996,0000005262,1,0000000234,1
0000009997,0000005263,1,0000000049,1
0000009998,0000005264,1,0000000282,1
0000009999,0000005265,1,0000000458,1
0000010000,0000005266,1,0000000054,3
0000010001,0000005266,2,0000000410,1
0000010002,0000005266,3,0000000163,1
0000010003,0000005266,4,0000000201,2
0000010004,0000005267,1,0000000237,4
0000010005,0000005267,2,0000000444,1
0000010006,0000005268,1,0000000097,2
0000010007,0000005268,2,0000000189,2
0000010008,0000005269,1,0000000161,2
0000010009,0000005269,2,0000000384,1
0000010010,0000005270,1,0000000262,1
0000010011,0000005270,2,0000000195,1
0000010012,0000005270,3,0000000471,2
0000010013,0000005270,4,0000000467,3
0000010014,0000005270,5,0000000410,2
0000010015,0000005271,1,0000000321,1
0000010016,0000005272,1,0000000137,2
0000010017,0000005272,2,0000000194,1
0000010018,0000005273,1,0000000210,1
0000010019,0000005274,1,0000000468,1
0000010020,0000005275,1,0000000242,4
0000010021,0000005276,1,0000000309,4
0000010022,0000005277,1,0000000045,1
0000010023,0000005278,1,0000000159,1
0000010024,0000005278,2,0000000216,1
0000010025,0000005278,3,0000000459,1
0000010026,0000005279,1,0000000018,3
0000010027,0000005279,2,0000000222,1
0000010028,0000005280,1,0000000187,1
0000010029,0000005280,2,0000000488,1
0000010030,0000005281,1,0000000098,1
0000010031,0000005282,1,0000000017,1
0000010032,0000005282,2,0000000364,1
0000010033,0000005282,3,0000000006,2
0000010034,0000005283,1,0000000495,2
0000010035,0000005283,2,0000000046,1
0000010036,0000005284,1,0000000393,1
0000010037,0000005285,1,0000000074,2
0000010038,0000005285,2,0000000324,1
0000010039,0000005286,1,0000000292,1
0000010040,0000005286,2,0000000345,1
0000010041,0000005287,1,0000000070,1
0000010042,0000005287,2,0000000499,1
0000010043,0000005287,3,0000000044,1
0000010044,0000005288,1,0000000045,1
0000010045,0000005289,1,0000000327,2
0000010046,0000005289,2,0000000163,2
0000010047,0000005289,3,0000000048,1
0000010048,0000005290,1,0000000113,1
0000010049,0000005291,1,0000000433,1
0000010050,0000005291,2,0000000286,1
0000010051,0000005291,3,0000000485,1
0000010052,0000005292,1,0000000064,1
0000010053,0000005292,2,0000000116,1
0000010054,0000005293,1,0000000292,2
0000010055,0000005294,1,0000000061,1
0000010056,0000005294,2,0000000264,1
0000010057,0000005294,3,0000000411,1
0000010058,0000005294,4,0000000083,3
0000010059,0000005295,1,0000000412,2
0000010060,0000005296,1,0000000131,2
0000010061,0000005297,1,0000000184,2
0000010062,0000005297,2,0000000417,4
0000010063,0000005298,1,0000000213,1
0000010064,0000005298,2,0000000440,3
0000010065,0000005299,1,0000000227,3
0000010066,0000005300,1,0000000397,1
0000010067,0000005301,1,0000000069,1
0000010068,0000005302,1,0000000159,1
0000010069,0000005303,1,0000000177,1
0000010070,0000005304,1,0000000401,1
0000010071,0000005305,1,0000000386,1
0000010072,0000005306,1,0000000085,1
0000010073,0000005307,1,0000000253,1
0000010074,0000005307,2,0000000074,1
0000010075,0000005307,3,0000000425,2
0000010076,0000005307,4,0000000236,1
0000010077,0000005308,1,0000000281,1
0000010078,0000005309,1,0000000097,1
0000010079,0000005309,2,0000000226,1
0000010080,0000005310,1,0000000049,1
0000010081,0000005311,1,0000000424,1
0000010082,0000005312,1,0000000071,1
0000010083,0000005313,1,0000000386,1
0000010084,0000005314,1,0000000146,2
0000010085,0000005314,2,0000000160,1
0000010086,0000005314,3,0000000283,1
0000010087,0000005315,1,0000000204,3
0000010088,0000005316,1,0000000057,1
0000010089,0000005317,1,0000000334,3
0000010090,0000005318,1,0000000059,1
0000010091,0000005318,2,0000000360,1
0000010092,0000005319,1,0000000060,2
0000010093,0000005319,2,0000000083,3
0000010094,0000005320,1,0000000072,1
0000010095,0000005321,1,0000000045,2
0000010096,0000005321,2,0000000069,1
0000010097,0000005321,3,0000000267,1
0000010098,0000005321,4,0000000053,1
0000010099,0000005322,1,0000000208,4
0000010100,0000005323,1,0000000472,1
0000010101,0000005324,1,0000000159,1
0000010102,0000005325,1,0000000033,3
0000010103,0000005325,2,0000000053,1
0000010104,0000005326,1,0000000480,3
0000010105,0000005327,1,0000000210,1
0000010106,0000005327,2,0000000278,3
0000010107,0000005327,3,0000000057,2
0000010108,0000005328,1,0000000110,1
0000010109,0000005329,1,0000000066,1
0000010110,0000005329,2,0000000200,3
0000010111,0000005330,1,0000000166,1
0000010112,0000005330,2,0000000341,1
0000010113,0000005331,1,0000000251,1
0000010114,0000005332,1,0000000183,2
0000010115,0000005333,1,0000000429,1
0000010116,0000005334,1,0000000464,1
0000010117,0000005335,1,0000000447,1
0000010118,0000005336,1,0000000469,2
0000010119,0000005337,1,0000000133,1
0000010120,0000005337,2,0000000303,1
0000010121,0000005337,3,0000000330,2
0000010122,0000005337,4,0000000307,1
0000010123,0000005338,1,0000000074,1
0000010124,0000005338,2,0000000398,1
0000010125,0000005338,3,0000000109,1
0000010126,0000005338,4,0000000072,3
0000010127,0000005339,1,0000000242,1
0000010128,0000005339,2,0000000239,1
0000010129,0000005340,1,0000000324,1
0000010130,0000005340,2,0000000245,1
0000010131,0000005341,1,0000000463,1
0000010132,0000005341,2,0000000217,1
0000010133,0000005342,1,0000000005,1
0000010134,0000005342,2,0000000125,1
0000010135,0000005342,3,0000000206,2
0000010136,0000005342,4,0000000243,2
0000010137,0000005343,1,0000000184,2
0000010138,0000005344,1,0000000176,1
0000010139,0000005345,1,0000000087,1
0000010140,0000005345,2,0000000193,2
0000010141,0000005346,1,0000000222,1
0000010142,0000005347,1,0000000045,4
0000010143,0000005347,2,0000000075,1
0000010144,0000005348,1,0000000249,1
0000010145,0000005348,2,0000000490,1
0000010146,0000005348,3,0000000015,1
0000010147,0000005348,4,0000000255,1
0000010148,0000005349,1,0000000473,1
0000010149,0000005349,2,0000000114,1
0000010150,0000005349,3,0000000065,1
0000010151,0000005350,1,0000000286,1
0000010152,0000005351,1,0000000269,1
0000010153,0000005352,1,0000000329,1
0000010154,0000005352,2,0000000251,1
0000010155,0000005352,3,0000000465,1
0000010156,0000005353,1,0000000060,1
0000010157,0000005353,2,0000000264,1
0000010158,0000005353,3,0000000199,1
0000010159,0000005353,4,0000000224,1
0000010160,0000005354,1,0000000002,2
0000010161,0000005354,2,0000000389,2
0000010162,0000005355,1,0000000342,1
0000010163,0000005356,1,0000000123,2
0000010164,0000005356,2,0000000027,1
0000010165,0000005357,1,0000000120,4
0000010166,0000005357,2,0000000453,1
0000010167,0000005358,1,0000000365,1
0000010168,0000005359,1,0000000093,4
0000010169,0000005360,1,0000000079,1
0000010170,0000005360,2,0000000489,1
0000010171,0000005360,3,0000000270,4
0000010172,0000005361,1,0000000250,2
0000010173,0000005361,2,0000000272,1
0000010174,0000005361,3,0000000230,2
0000010175,0000005362,1,0000000133,1
0000010176,0000005363,1,0000000140,2
0000010177,0000005363,2,0000000442,2
0000010178,0000005363,3,0000000429,1
0000010179,0000005364,1,0000000171,1
0000010180,0000005365,1,0000000041,1
0000010181,0000005366,1,0000000395,1
0000010182,0000005366,2,0000000060,1
0000010183,0000005366,3,0000000396,1
0000010184,0000005367,1,0000000386,1
0000010185,0000005368,1,0000000361,3
0000010186,0000005368,2,0000000368,1
0000010187,0000005369,1,0000000290,4
0000010188,0000005370,1,0000000078,2
0000010189,0000005371,1,0000000283,1
0000010190,0000005371,2,0000000420,2
0000010191,0000005371,3,0000000478,1
0000010192,0000005371,4,0000000191,2
0000010193,0000005371,5,0000000422,3
0000010194,0000005372,1,0000000065,2
0000010195,0000005373,1,0000000401,1
0000010196,0000005373,2,0000000449,2
0000010197,0000005373,3,0000000120,1
0000010198,0000005373,4,0000000170,2
0000010199,0000005373,5,0000000191,1
0000010200,0000005374,1,0000000462,2
0000010201,0000005375,1,0000000028,1
0000010202,0000005376,1,0000000202,1
0000010203,0000005376,2,0000000130,1
0000010204,0000005376,3,0000000036,1
0000010205,0000005377,1,0000000011,1
0000010206,0000005378,1,0000000273,2
0000010207,0000005379,1,0000000387,3
0000010208,0000005380,1,0000000008,2
0000010209,0000005381,1,0000000271,1
0000010210,0000005382,1,0000000470,1
0000010211,0000005382,2,0000000005,1
0000010212,0000005382,3,0000000477,1
0000010213,0000005383,1,0000000304,2
0000010214,0000005383,2,0000000120,2
0000010215,0000005384,1,0000000327,1
0000010216,0000005384,2,0000000397,1
0000010217,0000005384,3,0000000203,2
0000010218,0000005384,4,0000000433,3
0000010219,0000005385,1,0000000089,1
0000010220,0000005385,2,0000000100,1
0000010221,0000005385,3,0000000481,4
0000010222,0000005386,1,0000000269,1
0000010223,0000005387,1,0000000438,2
0000010224,0000005388,1,0000000431,2
0000010225,0000005389,1,0000000096,4
0000010226,0000005389,2,0000000492,1
0000010227,0000005389,3,0000000071,2
0000010228,0000005390,1,0000000140,3
0000010229,0000005391,1,0000000295,1
0000010230,0000005392,1,0000000129,2
0000010231,0000005392,2,0000000293,1
0000010232,0000005393,1,0000000233,1
0000010233,0000005394,1,0000000066,2
0000010234,0000005394,2,0000000068,1
0000010235,0000005394,3,0000000312,1
0000010236,0000005394,4,0000000040,1
0000010237,0000005395,1,0000000108,1
0000010238,0000005395,2,0000000134,1
0000010239,0000005395,3,0000000208,1
0000010240,0000005396,1,0000000328,3
0000010241,0000005397,1,0000000433,1
0000010242,0000005398,1,0000000352,1
0000010243,0000005398,2,0000000085,2
0000010244,0000005399,1,0000000156,1
0000010245,0000005400,1,0000000079,2
0000010246,0000005400,2,0000000450,1
0000010247,0000005401,1,0000000427,3
0000010248,0000005401,2,0000000127,2
0000010249,0000005401,3,0000000284,2
0000010250,0000005401,4,0000000200,1
0000010251,0000005402,1,0000000361,1
0000010252,0000005403,1,0000000249,1
0000010253,0000005404,1,0000000253,4
0000010254,0000005404,2,0000000175,1
0000010255,0000005404,3,0000000010,1
0000010256,0000005405,1,0000000283,1
0000010257,0000005405,2,0000000208,1
0000010258,0000005406,1,0000000199,1
0000010259,0000005407,1,0000000018,1
0000010260,0000005407,2,0000000242,1
0000010261,0000005407,3,0000000134,3
0000010262,0000005407,4,0000000498,1
0000010263,0000005408,1,0000000285,1
0000010264,0000005408,2,0000000297,2
0000010265,0000005409,1,0000000479,1
0000010266,0000005409,2,0000000371,1
0000010267,0000005409,3,0000000020,2
0000010268,0000005410,1,0000000392,3
0000010269,0000005410,2,0000000023,1
0000010270,0000005411,1,0000000077,1
0000010271,0000005411,2,0000000083,1
0000010272,0000005411,3,0000000286,1
0000010273,0000005412,1,0000000140,2
0000010274,0000005412,2,0000000500,1
0000010275,0000005412,3,0000000117,1
0000010276,0000005413,1,0000000335,1
0000010277,0000005413,2,0000000495,1
0000010278,0000005414,1,0000000106,1
0000010279,0000005415,1,0000000050,1
0000010280,0000005415,2,0000000215,1
0000010281,0000005415,3,0000000275,1
0000010282,0000005415,4,0000000168,1
0000010283,0000005415,5,0000000308,1
0000010284,0000005416,1,0000000271,2
0000010285,0000005416,2,0000000179,1
0000010286,0000005417,1,0000000011,1
0000010287,0000005417,2,0000000088,1
0000010288,0000005418,1,0000000432,1
0000010289,0000005418,2,0000000206,1
0000010290,0000005418,3,0000000374,1
0000010291,0000005418,4,0000000219,1
0000010292,0000005418,5,0000000310,2
0000010293,0000005419,1,0000000454,1
0000010294,0000005420,1,0000000415,1
0000010295,0000005420,2,0000000264,1
0000010296,0000005420,3,0000000200,2
0000010297,0000005420,4,0000000116,1
0000010298,0000005420,5,0000000298,1
0000010299,0000005421,1,0000000315,3
0000010300,0000005422,1,0000000498,4
0000010301,0000005423,1,0000000171,2
0000010302,0000005423,2,0000000247,3
0000010303,0000005423,3,0000000106,1
0000010304,0000005424,1,0000000379,1
0000010305,0000005424,2,0000000366,1
0000010306,0000005424,3,0000000183,1
0000010307,0000005424,4,0000000079,4
0000010308,0000005425,1,0000000420,3
0000010309,0000005425,2,0000000159,2
0000010310,0000005425,3,0000000179,1
0000010311,0000005425,4,0000000158,1
0000010312,0000005426,1,0000000068,2
0000010313,0000005427,1,0000000409,2
0000010314,0000005427,2,0000000078,1
0000010315,0000005427,3,0000000062,1
0000010316,0000005428,1,0000000040,1
0000010317,0000005428,2,0000000075,1
0000010318,0000005428,3,0000000053,1
0000010319,0000005428,4,0000000303,1
0000010320,0000005429,1,0000000120,2
0000010321,0000005430,1,0000000183,1
0000010322,0000005431,1,0000000252,2
0000010323,0000005432,1,0000000197,1
0000010324,0000005432,2,0000000021,3
0000010325,0000005433,1,0000000102,3
0000010326,0000005433,2,0000000061,1
0000010327,0000005434,1,0000000425,1
0000010328,0000005434,2,0000000079,1
0000010329,0000005434,3,0000000408,1
0000010330,0000005434,4,0000000278,4
0000010331,0000005435,1,0000000396,1
0000010332,0000005436,1,0000000208,1
0000010333,0000005436,2,0000000485,4
0000010334,0000005436,3,0000000327,1
0000010335,0000005437,1,0000000183,2
0000010336,0000005437,2,0000000006,1
0000010337,0000005437,3,0000000449,2
0000010338,0000005438,1,0000000319,1
0000010339,0000005438,2,0000000471,2
0000010340,0000005438,3,0000000245,1
0000010341,0000005439,1,0000000403,2
0000010342,0000005440,1,0000000076,2
0000010343,0000005441,1,0000000188,2
0000010344,0000005442,1,0000000453,2
0000010345,0000005443,1,0000000235,1
0000010346,0000005443,2,0000000449,1
0000010347,0000005443,3,0000000419,2
0000010348,0000005443,4,0000000315,1
0000010349,0000005444,1,0000000406,1
0000010350,0000005445,1,0000000248,1
0000010351,0000005445,2,0000000133,1
0000010352,0000005446,1,0000000259,2
0000010353,0000005447,1,0000000445,1
0000010354,0000005448,1,0000000321,1
0000010355,0000005448,2,0000000077,1
0000010356,0000005449,1,0000000179,1
0000010357,0000005449,2,0000000423,3
0000010358,0000005450,1,0000000254,4
0000010359,0000005451,1,0000000473,2
0000010360,0000005451,2,0000000461,3
0000010361,0000005451,3,0000000350,1
0000010362,0000005452,1,0000000088,1
0000010363,0000005452,2,0000000156,3
0000010364,0000005453,1,0000000293,2
0000010365,0000005454,1,0000000212,1
0000010366,0000005454,2,0000000254,1
0000010367,0000005454,3,0000000264,1
0000010368,0000005454,4,0000000151,1
0000010369,0000005455,1,0000000410,1
0000010370,0000005455,2,0000000004,1
0000010371,0000005456,1,0000000474,1
0000010372,0000005456,2,0000000393,1
0000010373,0000005456,3,0000000270,1
0000010374,0000005456,4,0000000430,1
0000010375,0000005457,1,0000000196,1
0000010376,0000005457,2,0000000238,1
0000010377,0000005457,3,0000000087,1
0000010378,0000005458,1,0000000245,1
0000010379,0000005459,1,0000000078,2
0000010380,0000005459,2,0000000041,1
0000010381,0000005459,3,0000000126,2
0000010382,0000005460,1,0000000209,1
0000010383,0000005461,1,0000000139,1
0000010384,0000005461,2,0000000116,1
0000010385,0000005461,3,0000000113,1
0000010386,0000005462,1,0000000465,1
0000010387,0000005462,2,0000000280,3
0000010388,0000005463,1,0000000099,1
0000010389,0000005464,1,0000000185,2
0000010390,0000005465,1,0000000211,1
0000010391,0000005465,2,0000000146,3
0000010392,0000005465,3,0000000433,1
0000010393,0000005466,1,0000000122,2
0000010394,0000005466,2,0000000497,1
0000010395,0000005467,1,0000000220,3
0000010396,0000005467,2,0000000005,1
0000010397,0000005468,1,0000000369,1
0000010398,0000005469,1,0000000370,1
0000010399,0000005470,1,0000000263,3
0000010400,0000005470,2,0000000226,1
0000010401,0000005471,1,0000000113,1
0000010402,0000005472,1,0000000440,2
0000010403,0000005472,2,0000000455,1
0000010404,0000005472,3,0000000456,2
0000010405,0000005473,1,0000000083,1
0000010406,0000005473,2,0000000396,1
0000010407,0000005473,3,0000000110,1
0000010408,0000005473,4,0000000113,1
0000010409,0000005473,5,0000000164,1
0000010410,0000005474,1,0000000451,3
0000010411,0000005474,2,0000000300,1
0000010412,0000005474,3,0000000239,1
0000010413,0000005474,4,0000000095,2
0000010414,0000005474,5,0000000131,1
0000010415,0000005475,1,0000000311,1
0000010416,0000005475,2,0000000081,1
0000010417,0000005475,3,0000000209,1
0000010418,0000005476,1,0000000311,1
0000010419,0000005477,1,0000000198,3
0000010420,0000005477,2,0000000208,1
0000010421,0000005477,3,0000000019,1
0000010422,0000005477,4,0000000210,1
0000010423,0000005478,1,0000000183,1
0000010424,0000005478,2,0000000335,1
0000010425,0000005479,1,0000000081,3
0000010426,0000005480,1,0000000266,3
0000010427,0000005480,2,0000000371,2
0000010428,0000005481,1,0000000375,1
0000010429,0000005481,2,0000000121,3
0000010430,0000005481,3,0000000435,1
0000010431,0000005481,4,0000000136,1
0000010432,0000005482,1,0000000332,1
0000010433,0000005482,2,0000000099,1
0000010434,0000005482,3,0000000499,1
0000010435,0000005483,1,0000000499,2
0000010436,0000005483,2,0000000023,1
0000010437,0000005484,1,0000000157,1
0000010438,0000005485,1,0000000370,2
0000010439,0000005486,1,0000000416,1
0000010440,0000005486,2,0000000353,1
0000010441,0000005487,1,0000000264,1
0000010442,0000005488,1,0000000073,1
0000010443,0000005488,2,0000000207,1
0000010444,0000005489,1,0000000068,1
0000010445,0000005489,2,0000000054,2
0000010446,0000005489,3,0000000209,3
0000010447,0000005489,4,0000000312,1
0000010448,0000005490,1,0000000088,1
0000010449,0000005491,1,0000000232,1
0000010450,0000005492,1,0000000184,1
0000010451,0000005492,2,0000000039,1
0000010452,0000005492,3,0000000469,1
0000010453,0000005492,4,0000000347,1
0000010454,0000005492,5,0000000209,1
0000010455,0000005493,1,0000000277,1
0000010456,0000005494,1,0000000452,1
0000010457,0000005495,1,0000000319,2
0000010458,0000005495,2,0000000073,1
0000010459,0000005495,3,0000000200,2
0000010460,0000005495,4,0000000108,1
0000010461,0000005496,1,0000000075,1
0000010462,0000005496,2,0000000223,1
0000010463,0000005496,3,0000000386,1
0000010464,0000005497,1,0000000063,1
0000010465,0000005498,1,0000000127,2
0000010466,0000005499,1,0000000301,1
0000010467,0000005500,1,0000000142,1
0000010468,0000005500,2,0000000226,1
0000010469,0000005501,1,0000000455,2
0000010470,0000005501,2,0000000329,4
0000010471,0000005501,3,0000000311,1
0000010472,0000005502,1,0000000380,1
0000010473,0000005502,2,0000000114,1
0000010474,0000005503,1,0000000166,3
0000010475,0000005504,1,0000000168,2
0000010476,0000005505,1,0000000445,2
0000010477,0000005505,2,0000000109,2
0000010478,0000005506,1,0000000151,2
0000010479,0000005506,2,0000000351,1
0000010480,0000005506,3,0000000183,2
0000010481,0000005507,1,0000000070,4
0000010482,0000005507,2,0000000065,1
0000010483,0000005508,1,0000000044,1
0000010484,0000005509,1,0000000067,1
0000010485,0000005509,2,0000000335,1
0000010486,0000005510,1,0000000336,1
0000010487,0000005511,1,0000000478,1
0000010488,0000005511,2,0000000339,1
0000010489,0000005511,3,0000000227,1
0000010490,0000005512,1,0000000332,1
0000010491,0000005513,1,0000000289,1
0000010492,0000005513,2,0000000097,2
0000010493,0000005514,1,0000000462,2
0000010494,0000005515,1,0000000375,2
0000010495,0000005516,1,0000000170,1
0000010496,0000005516,2,0000000073,2
0000010497,0000005517,1,0000000235,1
0000010498,0000005518,1,0000000213,1
0000010499,0000005519,1,0000000339,1
0000010500,0000005519,2,0000000282,1
0000010501,0000005519,3,0000000273,3
0000010502,0000005520,1,0000000063,1
0000010503,0000005520,2,0000000272,1
0000010504,0000005520,3,0000000337,1
0000010505,0000005521,1,0000000293,1
0000010506,0000005521,2,0000000304,2
0000010507,0000005522,1,0000000105,1
0000010508,0000005522,2,0000000484,1
0000010509,0000005523,1,0000000114,1
0000010510,0000005523,2,0000000242,1
0000010511,0000005523,3,0000000322,1
0000010512,0000005523,4,0000000109,1
0000010513,0000005524,1,0000000053,1
0000010514,0000005524,2,0000000231,1
0000010515,0000005524,3,0000000013,1
0000010516,0000005524,4,0000000273,1
0000010517,0000005524,5,0000000426,2
0000010518,0000005525,1,0000000261,1
0000010519,0000005526,1,0000000243,1
0000010520,0000005527,1,0000000044,1
0000010521,0000005528,1,0000000071,2
0000010522,0000005529,1,0000000103,1
0000010523,0000005529,2,0000000086,1
0000010524,0000005529,3,0000000110,1
0000010525,0000005530,1,0000000227,3
0000010526,0000005531,1,0000000105,1
0000010527,0000005532,1,0000000021,1
0000010528,0000005532,2,0000000481,2
0000010529,0000005533,1,0000000495,1
0000010530,0000005533,2,0000000242,1
0000010531,0000005533,3,0000000474,1
0000010532,0000005533,4,0000000428,1
0000010533,0000005534,1,0000000301,1
0000010534,0000005535,1,0000000185,1
0000010535,0000005536,1,0000000307,1
0000010536,0000005537,1,0000000041,3
0000010537,0000005537,2,0000000296,2
0000010538,0000005538,1,0000000329,2
0000010539,0000005538,2,0000000209,4
0000010540,0000005538,3,0000000031,1
0000010541,0000005538,4,0000000385,1
0000010542,0000005539,1,0000000253,1
0000010543,0000005540,1,0000000434,3
0000010544,0000005541,1,0000000404,3
0000010545,0000005541,2,0000000450,1
0000010546,0000005541,3,0000000149,1
0000010547,0000005542,1,0000000347,2
0000010548,0000005542,2,0000000343,1
0000010549,0000005542,3,0000000210,1
0000010550,0000005542,4,0000000494,1
0000010551,0000005543,1,0000000153,2
0000010552,0000005544,1,0000000164,1
0000010553,0000005544,2,0000000046,2
0000010554,0000005544,3,0000000380,1
0000010555,0000005545,1,0000000340,1
0000010556,0000005545,2,0000000349,1
0000010557,0000005545,3,0000000190,1
0000010558,0000005545,4,0000000341,1
0000010559,0000005545,5,0000000040,2
0000010560,0000005546,1,0000000111,2
0000010561,0000005546,2,0000000328,2
0000010562,0000005547,1,0000000239,1
0000010563,0000005548,1,0000000266,1
0000010564,0000005548,2,0000000212,1
0000010565,0000005549,1,0000000098,1
0000010566,0000005550,1,0000000204,1
0000010567,0000005551,1,0000000203,1
0000010568,0000005552,1,0000000254,2
0000010569,0000005553,1,0000000061,1
0000010570,0000005553,2,0000000483,1
0000010571,0000005553,3,0000000004,1
0000010572,0000005553,4,0000000345,4
0000010573,0000005554,1,0000000500,1
0000010574,0000005554,2,0000000055,1
0000010575,0000005555,1,0000000028,1
0000010576,0000005555,2,0000000207,1
0000010577,0000005556,1,0000000089,2
0000010578,0000005557,1,0000000446,1
0000010579,0000005558,1,0000000078,1
0000010580,0000005558,2,0000000395,1
0000010581,0000005559,1,0000000195,1
0000010582,0000005560,1,0000000251,1
0000010583,0000005561,1,0000000488,2
0000010584,0000005562,1,0000000258,2
0000010585,0000005562,2,0000000489,1
0000010586,0000005563,1,0000000101,3
0000010587,0000005563,2,0000000314,1
0000010588,0000005564,1,0000000429,1
0000010589,0000005565,1,0000000141,1
0000010590,0000005565,2,0000000408,1
0000010591,0000005566,1,0000000210,1
0000010592,0000005567,1,0000000406,1
0000010593,0000005568,1,0000000025,1
0000010594,0000005568,2,0000000003,3
0000010595,0000005569,1,0000000481,2
0000010596,0000005570,1,0000000024,1
0000010597,0000005570,2,0000000150,1
0000010598,0000005570,3,0000000334,2
0000010599,0000005570,4,0000000141,1
0000010600,0000005570,5,0000000361,4
0000010601,0000005571,1,0000000500,1
0000010602,0000005572,1,0000000160,1
0000010603,0000005572,2,0000000075,3
0000010604,0000005573,1,0000000147,1
0000010605,0000005573,2,0000000034,1
0000010606,0000005573,3,0000000118,1
0000010607,0000005574,1,0000000139,2
0000010608,0000005574,2,0000000113,1
0000010609,0000005574,3,0000000325,2
0000010610,0000005574,4,0000000361,1
0000010611,0000005574,5,0000000206,1
0000010612,0000005575,1,0000000456,1
0000010613,0000005575,2,0000000467,1
0000010614,0000005575,3,0000000025,3
0000010615,0000005576,1,0000000109,3
0000010616,0000005576,2,0000000052,1
0000010617,0000005577,1,0000000419,3
0000010618,0000005578,1,0000000255,1
0000010619,0000005579,1,0000000384,1
0000010620,0000005580,1,0000000362,3
0000010621,0000005581,1,0000000303,1
0000010622,0000005582,1,0000000229,1
0000010623,0000005582,2,0000000088,1
0000010624,0000005583,1,0000000183,1
0000010625,0000005584,1,0000000376,1
0000010626,0000005584,2,0000000324,2
0000010627,0000005584,3,0000000315,1
0000010628,0000005585,1,0000000097,2
0000010629,0000005585,2,0000000410,2
0000010630,0000005585,3,0000000421,1
0000010631,0000005585,4,0000000223,1
0000010632,0000005586,1,0000000297,2
0000010633,0000005586,2,0000000245,1
0000010634,0000005587,1,0000000264,1
0000010635,0000005588,1,0000000473,2
0000010636,0000005588,2,0000000200,1
0000010637,0000005588,3,0000000160,2
0000010638,0000005588,4,0000000237,3
0000010639,0000005589,1,0000000480,1
0000010640,0000005589,2,0000000191,1
0000010641,0000005590,1,0000000131,1
0000010642,0000005591,1,0000000215,1
0000010643,0000005591,2,0000000018,1
0000010644,0000005591,3,0000000366,3
0000010645,0000005591,4,0000000070,1
0000010646,0000005592,1,0000000337,1
0000010647,0000005593,1,0000000282,1
0000010648,0000005593,2,0000000161,1
0000010649,0000005594,1,0000000344,2
0000010650,0000005595,1,0000000265,1
0000010651,0000005595,2,0000000021,3
0000010652,0000005596,1,0000000395,2
0000010653,0000005596,2,0000000352,2
0000010654,0000005596,3,0000000046,1
0000010655,0000005596,4,0000000158,1
0000010656,0000005597,1,0000000266,1
0000010657,0000005597,2,0000000079,2
0000010658,0000005597,3,0000000237,1
0000010659,0000005597,4,0000000164,2
0000010660,0000005598,1,0000000103,1
0000010661,0000005599,1,0000000247,1
0000010662,0000005600,1,0000000268,2
0000010663,0000005600,2,0000000073,2
0000010664,0000005601,1,0000000162,1
0000010665,0000005602,1,0000000211,1
0000010666,0000005602,2,0000000080,1
0000010667,0000005602,3,0000000412,1
0000010668,0000005603,1,0000000041,1
0000010669,0000005604,1,0000000164,1
0000010670,0000005605,1,0000000309,1
0000010671,0000005606,1,0000000035,1
0000010672,0000005607,1,0000000418,1
0000010673,0000005607,2,0000000074,1
0000010674,0000005607,3,0000000205,1
0000010675,0000005607,4,0000000007,1
0000010676,0000005607,5,0000000128,3
0000010677,0000005608,1,0000000049,1
0000010678,0000005608,2,0000000469,4
0000010679,0000005609,1,0000000462,1
0000010680,0000005610,1,0000000277,2
0000010681,0000005610,2,0000000136,2
0000010682,0000005611,1,0000000153,1
0000010683,0000005611,2,0000000074,1
0000010684,0000005611,3,0000000246,1
0000010685,0000005612,1,0000000116,1
0000010686,0000005613,1,0000000287,1
0000010687,0000005613,2,0000000067,3
0000010688,0000005614,1,0000000364,1
0000010689,0000005614,2,0000000050,1
0000010690,0000005615,1,0000000112,1
0000010691,0000005616,1,0000000114,2
0000010692,0000005616,2,0000000056,2
0000010693,0000005616,3,0000000472,1
0000010694,0000005616,4,0000000378,4
0000010695,0000005617,1,0000000392,1
0000010696,0000005617,2,0000000277,1
0000010697,0000005618,1,0000000171,2
0000010698,0000005618,2,0000000474,1
0000010699,0000005619,1,0000000030,2
0000010700,0000005619,2,0000000141,1
0000010701,0000005620,1,0000000494,1
0000010702,0000005620,2,0000000329,1
0000010703,0000005620,3,0000000288,2
0000010704,0000005621,1,0000000014,1
0000010705,0000005622,1,0000000114,2
0000010706,0000005622,2,0000000149,2
0000010707,0000005623,1,0000000128,4
0000010708,0000005623,2,0000000321,2
0000010709,0000005624,1,0000000238,1
0000010710,0000005625,1,0000000365,2
0000010711,0000005625,2,0000000486,2
0000010712,0000005625,3,0000000163,1
0000010713,0000005625,4,0000000025,4
0000010714,0000005625,5,0000000178,3
0000010715,0000005626,1,0000000191,1
0000010716,0000005627,1,0000000261,1
0000010717,0000005628,1,0000000305,1
0000010718,0000005629,1,0000000483,2
0000010719,0000005630,1,0000000107,1
0000010720,0000005631,1,0000000394,1
0000010721,0000005632,1,0000000239,2
0000010722,0000005633,1,0000000288,2
0000010723,0000005633,2,0000000468,1
0000010724,0000005633,3,0000000384,1
0000010725,0000005633,4,0000000415,1
0000010726,0000005633,5,0000000456,1
0000010727,0000005634,1,0000000462,1
0000010728,0000005634,2,0000000384,1
0000010729,0000005634,3,0000000016,1
0000010730,0000005634,4,0000000341,1
0000010731,0000005634,5,0000000064,1
0000010732,0000005635,1,0000000425,1
0000010733,0000005636,1,0000000244,1
0000010734,0000005636,2,0000000044,4
0000010735,0000005637,1,0000000399,1
0000010736,0000005637,2,0000000029,1
0000010737,0000005637,3,0000000401,1
0000010738,0000005637,4,0000000042,1
0000010739,0000005637,5,0000000358,1
0000010740,0000005638,1,0000000128,1
0000010741,0000005638,2,0000000185,1
0000010742,0000005639,1,0000000252,3
0000010743,0000005640,1,0000000262,1
0000010744,0000005641,1,0000000021,1
0000010745,0000005641,2,0000000274,2
0000010746,0000005642,1,0000000075,1
0000010747,0000005643,1,0000000338,1
0000010748,0000005643,2,0000000254,1
0000010749,0000005643,3,0000000250,1
0000010750,0000005643,4,0000000113,1
0000010751,0000005643,5,0000000313,3
0000010752,0000005644,1,0000000499,1
0000010753,0000005645,1,0000000181,1
0000010754,0000005645,2,0000000073,1
0000010755,0000005645,3,0000000063,1
0000010756,0000005645,4,0000000426,2
0000010757,0000005645,5,0000000160,1
0000010758,0000005646,1,0000000036,2
0000010759,0000005647,1,0000000003,1
0000010760,0000005647,2,0000000165,1
0000010761,0000005647,3,0000000461,2
0000010762,0000005648,1,0000000052,1
0000010763,0000005649,1,0000000285,1
0000010764,0000005650,1,0000000232,1
0000010765,0000005651,1,0000000286,1
0000010766,0000005652,1,0000000226,2
0000010767,0000005653,1,0000000182,2
0000010768,0000005654,1,0000000345,2
0000010769,0000005654,2,0000000365,2
0000010770,0000005655,1,0000000470,1
0000010771,0000005656,1,0000000353,1
0000010772,0000005657,1,0000000419,1
0000010773,0000005658,1,0000000341,2
0000010774,0000005659,1,0000000442,1
0000010775,0000005660,1,0000000256,1
0000010776,0000005661,1,0000000421,1
0000010777,0000005661,2,0000000042,1
0000010778,0000005662,1,0000000142,1
0000010779,0000005663,1,0000000090,2
0000010780,0000005663,2,0000000024,1
0000010781,0000005664,1,0000000084,2
0000010782,0000005664,2,0000000425,1
0000010783,0000005664,3,0000000037,1
0000010784,0000005664,4,0000000044,3
0000010785,0000005664,5,0000000444,1
0000010786,0000005665,1,0000000122,1
0000010787,0000005665,2,0000000444,1
0000010788,0000005665,3,0000000302,3
0000010789,0000005666,1,0000000151,1
0000010790,0000005666,2,0000000310,1
0000010791,0000005666,3,0000000145,2
0000010792,0000005667,1,0000000191,2
0000010793,0000005668,1,0000000144,2
0000010794,0000005668,2,0000000484,1
0000010795,0000005668,3,0000000377,2
0000010796,0000005669,1,0000000458,1
0000010797,0000005669,2,0000000185,2
0000010798,0000005670,1,0000000313,1
0000010799,0000005671,1,0000000370,3
0000010800,0000005672,1,0000000068,4
0000010801,0000005672,2,0000000448,2
0000010802,0000005673,1,0000000496,1
0000010803,0000005674,1,0000000069,1
0000010804,0000005674,2,0000000476,1
0000010805,0000005675,1,0000000433,1
0000010806,0000005675,2,0000000098,1
0000010807,0000005675,3,0000000296,2
0000010808,0000005675,4,0000000035,1
0000010809,0000005675,5,0000000413,1
0000010810,0000005676,1,0000000159,1
0000010811,0000005677,1,0000000433,1
0000010812,0000005678,1,0000000002,1
0000010813,0000005678,2,0000000442,1
0000010814,0000005678,3,0000000230,1
0000010815,0000005679,1,0000000028,1
0000010816,0000005680,1,0000000338,2
0000010817,0000005681,1,0000000482,1
0000010818,0000005681,2,0000000166,4
0000010819,0000005682,1,0000000190,1
0000010820,0000005682,2,0000000020,1
0000010821,0000005683,1,0000000105,2
0000010822,0000005684,1,0000000120,3
0000010823,0000005684,2,0000000310,1
0000010824,0000005685,1,0000000107,2
0000010825,0000005686,1,0000000043,1
0000010826,0000005687,1,0000000488,1
0000010827,0000005688,1,0000000240,1
0000010828,0000005688,2,0000000179,2
0000010829,0000005688,3,0000000003,2
0000010830,0000005689,1,0000000248,2
0000010831,0000005690,1,0000000434,1
0000010832,0000005690,2,0000000292,1
0000010833,0000005690,3,0000000357,1
0000010834,0000005690,4,0000000215,1
0000010835,0000005691,1,0000000387,1
0000010836,0000005692,1,0000000227,3
0000010837,0000005693,1,0000000247,1
0000010838,0000005693,2,0000000302,2
0000010839,0000005693,3,0000000030,3
0000010840,0000005693,4,0000000435,3
0000010841,0000005693,5,0000000110,1
0000010842,0000005694,1,0000000004,1
0000010843,0000005695,1,0000000102,1
0000010844,0000005696,1,0000000387,1
0000010845,0000005697,1,0000000258,2
0000010846,0000005697,2,0000000492,1
0000010847,0000005697,3,0000000063,1
0000010848,0000005697,4,0000000366,1
0000010849,0000005698,1,0000000452,1
0000010850,0000005699,1,0000000202,1
0000010851,0000005699,2,0000000500,1
0000010852,0000005699,3,0000000361,1
0000010853,0000005699,4,0000000199,1
0000010854,0000005700,1,0000000454,1
0000010855,0000005701,1,0000000231,1
0000010856,0000005701,2,0000000348,1
0000010857,0000005701,3,0000000045,1
0000010858,0000005702,1,0000000342,1
0000010859,0000005702,2,0000000481,2
0000010860,0000005702,3,0000000188,1
0000010861,0000005703,1,0000000302,1
0000010862,0000005703,2,0000000280,1
0000010863,0000005704,1,0000000319,1
0000010864,0000005705,1,0000000174,4
0000010865,0000005705,2,0000000125,1
0000010866,0000005706,1,0000000024,2
0000010867,0000005706,2,0000000210,1
0000010868,0000005707,1,0000000263,3
0000010869,0000005707,2,0000000066,1
0000010870,0000005708,1,0000000068,4
0000010871,0000005708,2,0000000204,1
0000010872,0000005709,1,0000000484,1
0000010873,0000005709,2,0000000177,1
0000010874,0000005709,3,0000000311,1
0000010875,0000005710,1,0000000232,1
0000010876,0000005710,2,0000000177,1
0000010877,0000005710,3,0000000201,2
0000010878,0000005711,1,0000000148,2
0000010879,0000005711,2,0000000179,1
0000010880,0000005712,1,0000000474,4
0000010881,0000005712,2,0000000387,2
0000010882,0000005713,1,0000000206,1
0000010883,0000005714,1,0000000137,1
0000010884,0000005714,2,0000000094,1
0000010885,0000005715,1,0000000044,1
0000010886,0000005716,1,0000000274,2
0000010887,0000005717,1,0000000161,1
0000010888,0000005718,1,0000000414,1
0000010889,0000005718,2,0000000090,1
0000010890,0000005719,1,0000000500,1
0000010891,0000005720,1,0000000177,1
0000010892,0000005721,1,0000000101,1
0000010893,0000005721,2,0000000220,1
0000010894,0000005722,1,0000000308,2
0000010895,0000005723,1,0000000253,1
0000010896,0000005724,1,0000000200,1
0000010897,0000005724,2,0000000152,1
0000010898,0000005725,1,0000000354,1
0000010899,0000005726,1,0000000128,1
0000010900,0000005727,1,0000000251,1
0000010901,0000005727,2,0000000038,2
0000010902,0000005727,3,0000000079,2
0000010903,0000005728,1,0000000040,1
0000010904,0000005728,2,0000000181,1
0000010905,0000005728,3,0000000488,1
0000010906,0000005729,1,0000000065,1
0000010907,0000005729,2,0000000121,1
0000010908,0000005729,3,0000000466,1
0000010909,0000005729,4,0000000204,1
0000010910,0000005730,1,0000000024,4
0000010911,0000005731,1,0000000131,3
0000010912,0000005732,1,0000000042,1
0000010913,0000005732,2,0000000175,2
0000010914,0000005732,3,0000000007,3
0000010915,0000005733,1,0000000353,4
0000010916,0000005733,2,0000000100,1
0000010917,0000005733,3,0000000345,1
0000010918,0000005734,1,0000000166,1
0000010919,0000005734,2,0000000084,2
0000010920,0000005734,3,0000000196,2
0000010921,0000005735,1,0000000173,1
0000010922,0000005735,2,0000000106,1
0000010923,0000005736,1,0000000338,2
0000010924,0000005737,1,0000000071,1
0000010925,0000005738,1,0000000162,1
0000010926,0000005738,2,0000000175,1
0000010927,0000005739,1,0000000261,4
0000010928,0000005739,2,0000000099,1
0000010929,0000005740,1,0000000398,1
0000010930,0000005741,1,0000000390,1
0000010931,0000005742,1,0000000215,1
0000010932,0000005742,2,0000000253,1
0000010933,0000005743,1,0000000334,2
0000010934,0000005744,1,0000000386,1
0000010935,0000005745,1,0000000348,1
0000010936,0000005746,1,0000000249,4
0000010937,0000005746,2,0000000474,1
0000010938,0000005747,1,0000000495,1
0000010939,0000005748,1,0000000159,2
0000010940,0000005748,2,0000000402,3
0000010941,0000005749,1,0000000152,1
0000010942,0000005749,2,0000000108,1
0000010943,0000005750,1,0000000371,1
0000010944,0000005751,1,0000000435,3
0000010945,0000005752,1,0000000378,1
0000010946,0000005752,2,0000000463,1
0000010947,0000005752,3,0000000430,1
0000010948,0000005753,1,0000000288,2
0000010949,0000005754,1,0000000479,2
0000010950,0000005755,1,0000000400,1
0000010951,0000005755,2,0000000035,1
0000010952,0000005755,3,0000000325,1
0000010953,0000005755,4,0000000290,1
0000010954,0000005755,5,0000000274,1
0000010955,0000005756,1,0000000463,1
0000010956,0000005756,2,0000000251,1
0000010957,0000005756,3,0000000045,3
0000010958,0000005756,4,0000000328,1
0000010959,0000005756,5,0000000088,1
0000010960,0000005757,1,0000000415,1
0000010961,0000005758,1,0000000097,2
0000010962,0000005759,1,0000000173,1
0000010963,0000005759,2,0000000120,1
0000010964,0000005759,3,0000000180,1
0000010965,0000005760,1,0000000394,1
0000010966,0000005760,2,0000000499,1
0000010967,0000005761,1,0000000129,1
0000010968,0000005762,1,0000000423,4
0000010969,0000005763,1,0000000111,2
0000010970,0000005763,2,0000000430,1
0000010971,0000005764,1,0000000152,1
0000010972,0000005765,1,0000000313,1
0000010973,0000005766,1,0000000199,1
0000010974,0000005766,2,0000000269,2
0000010975,0000005766,3,0000000398,1
0000010976,0000005766,4,0000000162,1
0000010977,0000005766,5,0000000201,1
0000010978,0000005767,1,0000000373,2
0000010979,0000005768,1,0000000258,1
0000010980,0000005768,2,0000000478,1
0000010981,0000005769,1,0000000177,1
0000010982,0000005770,1,0000000381,1
0000010983,0000005770,2,0000000387,1
0000010984,0000005771,1,0000000322,2
0000010985,0000005772,1,0000000128,4
0000010986,0000005772,2,0000000078,1
0000010987,0000005773,1,0000000280,3
0000010988,0000005773,2,0000000028,1
0000010989,0000005774,1,0000000100,1
0000010990,0000005775,1,0000000446,2
0000010991,0000005776,1,0000000236,1
0000010992,0000005776,2,0000000467,1
0000010993,0000005776,3,0000000299,1
0000010994,0000005777,1,0000000281,1
0000010995,0000005778,1,0000000173,1
0000010996,0000005778,2,0000000432,1
0000010997,0000005779,1,0000000144,2
0000010998,0000005779,2,0000000266,1
0000010999,0000005780,1,0000000262,1
0000011000,0000005780,2,0000000193,1
0000011001,0000005780,3,0000000375,1
0000011002,0000005780,4,0000000473,1
0000011003,0000005780,5,0000000124,1
0000011004,0000005781,1,0000000051,1
0000011005,0000005782,1,0000000192,1
0000011006,0000005783,1,0000000130,3
0000011007,0000005783,2,0000000470,4
0000011008,0000005783,3,0000000455,1
0000011009,0000005783,4,0000000153,2
0000011010,0000005783,5,0000000343,1
0000011011,0000005784,1,0000000369,1
0000011012,0000005784,2,0000000183,4
0000011013,0000005784,3,0000000166,1
0000011014,0000005785,1,0000000379,3
0000011015,0000005785,2,0000000293,1
0000011016,0000005785,3,0000000114,1
0000011017,0000005785,4,0000000286,2
0000011018,0000005786,1,0000000395,4
0000011019,0000005786,2,0000000386,2
0000011020,0000005786,3,0000000468,1
0000011021,0000005787,1,0000000343,2
0000011022,0000005787,2,0000000019,3
0000011023,0000005788,1,0000000148,1
0000011024,0000005788,2,0000000452,3
0000011025,0000005789,1,0000000472,4
0000011026,0000005789,2,0000000486,1
0000011027,0000005790,1,0000000423,1
0000011028,0000005791,1,0000000330,1
0000011029,0000005792,1,0000000219,3
0000011030,0000005793,1,0000000479,1
0000011031,0000005794,1,0000000005,1
0000011032,0000005795,1,0000000494,1
0000011033,0000005795,2,0000000212,1
0000011034,0000005795,3,0000000126,1
0000011035,0000005795,4,0000000057,1
0000011036,0000005795,5,0000000101,1
0000011037,0000005796,1,0000000072,1
0000011038,0000005797,1,0000000315,1
0000011039,0000005797,2,0000000264,1
0000011040,0000005798,1,0000000197,2
0000011041,0000005799,1,0000000500,1
0000011042,0000005800,1,0000000194,3
0000011043,0000005801,1,0000000475,1
0000011044,0000005802,1,0000000015,1
0000011045,0000005803,1,0000000423,2
0000011046,0000005803,2,0000000226,4
0000011047,0000005803,3,0000000073,1
0000011048,0000005804,1,0000000376,1
0000011049,0000005804,2,0000000468,1
0000011050,0000005804,3,0000000374,1
0000011051,0000005805,1,0000000193,2
0000011052,0000005806,1,0000000183,1
0000011053,0000005806,2,0000000244,2
0000011054,0000005807,1,0000000384,1
0000011055,0000005808,1,0000000444,1
0000011056,0000005808,2,0000000314,1
0000011057,0000005809,1,0000000350,1
0000011058,0000005809,2,0000000309,1
0000011059,0000005810,1,0000000350,1
0000011060,0000005810,2,0000000234,3
0000011061,0000005810,3,0000000495,2
0000011062,0000005810,4,0000000420,3
0000011063,0000005811,1,0000000499,2
0000011064,0000005812,1,0000000260,1
0000011065,0000005813,1,0000000056,1
0000011066,0000005814,1,0000000269,2
0000011067,0000005815,1,0000000226,1
0000011068,0000005815,2,0000000396,1
0000011069,0000005816,1,0000000107,1
0000011070,0000005816,2,0000000245,3
0000011071,0000005816,3,0000000153,1
0000011072,0000005816,4,0000000005,1
0000011073,0000005816,5,0000000308,2
0000011074,0000005817,1,0000000022,3
0000011075,0000005818,1,0000000347,1
0000011076,0000005818,2,0000000367,1
0000011077,0000005818,3,0000000107,2
0000011078,0000005819,1,0000000008,1
0000011079,0000005819,2,0000000462,4
0000011080,0000005819,3,0000000252,1
0000011081,0000005819,4,0000000386,1
0000011082,0000005819,5,0000000157,2
0000011083,0000005820,1,0000000474,1
0000011084,0000005820,2,0000000277,2
0000011085,0000005821,1,0000000420,1
0000011086,0000005821,2,0000000500,2
0000011087,0000005821,3,0000000165,1
0000011088,0000005822,1,0000000162,1
0000011089,0000005823,1,0000000417,2
0000011090,0000005824,1,0000000145,1
0000011091,0000005825,1,0000000171,1
0000011092,0000005825,2,0000000323,3
0000011093,0000005825,3,0000000183,1
0000011094,0000005825,4,0000000382,1
0000011095,0000005826,1,0000000112,2
0000011096,0000005827,1,0000000326,1
0000011097,0000005827,2,0000000417,1
0000011098,0000005828,1,0000000418,1
0000011099,0000005828,2,0000000389,1
0000011100,0000005829,1,0000000248,1
0000011101,0000005829,2,0000000428,1
0000011102,0000005830,1,0000000198,1
0000011103,0000005830,2,0000000466,3
0000011104,0000005831,1,0000000433,2
0000011105,0000005831,2,0000000327,1
0000011106,0000005832,1,0000000153,1
0000011107,0000005833,1,0000000185,1
0000011108,0000005833,2,0000000249,1
0000011109,0000005833,3,0000000015,3
0000011110,0000005833,4,0000000113,2
0000011111,0000005833,5,0000000230,1
0000011112,0000005834,1,0000000338,1
0000011113,0000005835,1,0000000293,2
0000011114,0000005835,2,0000000163,2
0000011115,0000005835,3,0000000308,1
0000011116,0000005836,1,0000000087,2
0000011117,0000005837,1,0000000156,1
0000011118,0000005838,1,0000000217,1
0000011119,0000005839,1,0000000031,2
0000011120,0000005840,1,0000000443,1
0000011121,0000005841,1,0000000331,1
0000011122,0000005841,2,0000000155,1
0000011123,0000005841,3,0000000432,1
0000011124,0000005842,1,0000000458,1
0000011125,0000005842,2,0000000494,1
0000011126,0000005843,1,0000000073,1
0000011127,0000005843,2,0000000237,1
0000011128,0000005844,1,0000000086,1
0000011129,0000005845,1,0000000324,1
0000011130,0000005846,1,0000000319,1
0000011131,0000005847,1,0000000096,1
0000011132,0000005848,1,0000000275,1
0000011133,0000005848,2,0000000496,2
0000011134,0000005848,3,0000000062,1
0000011135,0000005848,4,0000000344,1
0000011136,0000005849,1,0000000098,1
0000011137,0000005849,2,0000000221,1
0000011138,0000005849,3,0000000212,2
0000011139,0000005849,4,0000000441,1
0000011140,0000005849,5,0000000103,2
0000011141,0000005850,1,0000000124,1
0000011142,0000005850,2,0000000153,1
0000011143,0000005851,1,0000000276,1
0000011144,0000005851,2,0000000230,2
0000011145,0000005851,3,0000000181,2
0000011146,0000005852,1,0000000384,1
0000011147,0000005853,1,0000000279,1
0000011148,0000005853,2,0000000216,1
0000011149,0000005854,1,0000000086,2
0000011150,0000005855,1,0000000069,1
0000011151,0000005855,2,0000000313,1
0000011152,0000005856,1,0000000175,1
0000011153,0000005857,1,0000000092,1
0000011154,0000005857,2,0000000359,2
0000011155,0000005858,1,0000000383,2
0000011156,0000005858,2,0000000467,1
0000011157,0000005858,3,0000000038,1
0000011158,0000005858,4,0000000230,1
0000011159,0000005859,1,0000000443,1
0000011160,0000005860,1,0000000494,1
0000011161,0000005861,1,0000000417,1
0000011162,0000005862,1,0000000432,2
0000011163,0000005863,1,0000000024,1
0000011164,0000005863,2,0000000348,1
0000011165,0000005864,1,0000000057,2
0000011166,0000005865,1,0000000398,1
0000011167,0000005865,2,0000000269,2
0000011168,0000005865,3,0000000329,3
0000011169,0000005865,4,0000000151,1
0000011170,0000005866,1,0000000078,2
0000011171,0000005867,1,0000000487,1
0000011172,0000005867,2,0000000229,1
0000011173,0000005867,3,0000000183,1
0000011174,0000005868,1,0000000378,1
0000011175,0000005869,1,0000000123,2
0000011176,0000005869,2,0000000418,1
0000011177,0000005869,3,0000000021,1
0000011178,0000005869,4,0000000497,1
0000011179,0000005869,5,0000000310,2
0000011180,0000005870,1,0000000084,1
0000011181,0000005871,1,0000000203,3
0000011182,0000005871,2,0000000053,2
0000011183,0000005872,1,0000000437,4
0000011184,0000005872,2,0000000397,1
0000011185,0000005873,1,0000000343,1
0000011186,0000005874,1,0000000320,1
0000011187,0000005875,1,0000000361,1
0000011188,0000005875,2,0000000433,1
0000011189,0000005876,1,0000000358,2
0000011190,0000005877,1,0000000102,1
0000011191,0000005878,1,0000000008,1
0000011192,0000005879,1,0000000329,1
0000011193,0000005880,1,0000000072,1
0000011194,0000005881,1,0000000219,2
0000011195,0000005882,1,0000000034,1
0000011196,0000005882,2,0000000043,1
0000011197,0000005883,1,0000000304,2
0000011198,0000005883,2,0000000449,1
0000011199,0000005884,1,0000000364,2
0000011200,0000005884,2,0000000392,3
0000011201,0000005885,1,0000000174,1
0000011202,0000005886,1,0000000205,1
0000011203,0000005887,1,0000000477,2
0000011204,0000005887,2,0000000240,3
0000011205,0000005887,3,0000000182,1
0000011206,0000005887,4,0000000013,3
0000011207,0000005887,5,0000000464,1
0000011208,0000005888,1,0000000308,1
0000011209,0000005888,2,0000000037,1
0000011210,0000005888,3,0000000380,1
0000011211,0000005889,1,0000000441,1
0000011212,0000005890,1,0000000182,1
0000011213,0000005890,2,0000000185,1
0000011214,0000005891,1,0000000102,1
0000011215,0000005891,2,0000000328,2
0000011216,0000005891,3,0000000423,1
0000011217,0000005891,4,0000000017,2
0000011218,0000005891,5,0000000247,1
0000011219,0000005892,1,0000000277,1
0000011220,0000005892,2,0000000184,2
0000011221,0000005893,1,0000000446,2
0000011222,0000005894,1,0000000026,1
0000011223,0000005894,2,0000000463,1
0000011224,0000005894,3,0000000434,2
0000011225,0000005894,4,0000000020,2
0000011226,0000005895,1,0000000189,1
0000011227,0000005896,1,0000000491,2
0000011228,0000005897,1,0000000122,1
0000011229,0000005898,1,0000000427,1
0000011230,0000005898,2,0000000333,1
0000011231,0000005899,1,0000000346,2
0000011232,0000005900,1,0000000324,1
0000011233,0000005900,2,0000000147,1
0000011234,0000005901,1,0000000210,1
0000011235,0000005902,1,0000000167,1
0000011236,0000005902,2,0000000007,1
0000011237,0000005902,3,0000000251,2
0000011238,0000005903,1,0000000179,1
0000011239,0000005904,1,0000000341,1
0000011240,0000005904,2,0000000006,1
0000011241,0000005904,3,0000000224,1
0000011242,0000005905,1,0000000482,1
0000011243,0000005906,1,0000000420,1
0000011244,0000005906,2,0000000027,1
0000011245,0000005906,3,0000000031,2
0000011246,0000005906,4,0000000127,1
0000011247,0000005906,5,0000000489,1
0000011248,0000005907,1,0000000440,3
0000011249,0000005908,1,0000000443,1
0000011250,0000005909,1,0000000496,1
0000011251,0000005909,2,0000000213,1
0000011252,0000005909,3,0000000389,3
0000011253,0000005909,4,0000000260,3
0000011254,0000005910,1,0000000317,2
0000011255,0000005910,2,0000000426,1
0000011256,0000005911,1,0000000040,1
0000011257,0000005911,2,0000000400,1
0000011258,0000005911,3,0000000277,1
0000011259,0000005912,1,0000000113,1
0000011260,0000005912,2,0000000376,3
0000011261,0000005913,1,0000000225,2
0000011262,0000005913,2,0000000116,1
0000011263,0000005914,1,0000000074,3
0000011264,0000005915,1,0000000182,2
0000011265,0000005916,1,0000000093,1
0000011266,0000005917,1,0000000069,1
0000011267,0000005918,1,0000000359,1
0000011268,0000005919,1,0000000108,2
0000011269,0000005919,2,0000000301,1
0000011270,0000005920,1,0000000322,2
0000011271,0000005920,2,0000000351,1
0000011272,0000005920,3,0000000279,1
0000011273,0000005921,1,0000000148,2
0000011274,0000005921,2,0000000044,1
0000011275,0000005922,1,0000000106,2
0000011276,0000005923,1,0000000372,1
0000011277,0000005923,2,0000000061,1
0000011278,0000005924,1,0000000440,1
0000011279,0000005924,2,0000000420,1
0000011280,0000005925,1,0000000357,1
0000011281,0000005926,1,0000000432,2
0000011282,0000005926,2,0000000129,1
0000011283,0000005926,3,0000000143,1
0000011284,0000005926,4,0000000414,2
0000011285,0000005927,1,0000000310,1
0000011286,0000005928,1,0000000192,1
0000011287,0000005928,2,0000000236,1
0000011288,0000005928,3,0000000463,1
0000011289,0000005928,4,0000000002,1
0000011290,0000005929,1,0000000122,1
0000011291,0000005929,2,0000000264,1
0000011292,0000005930,1,0000000399,1
0000011293,0000005930,2,0000000021,1
0000011294,0000005931,1,0000000274,2
0000011295,0000005932,1,0000000360,1
0000011296,0000005933,1,0000000050,1
0000011297,0000005934,1,0000000135,2
0000011298,0000005935,1,0000000289,1
0000011299,0000005936,1,0000000447,1
0000011300,0000005936,2,0000000174,1
0000011301,0000005936,3,0000000034,1
0000011302,0000005937,1,0000000338,2
0000011303,0000005938,1,0000000294,1
0000011304,0000005939,1,0000000251,2
0000011305,0000005939,2,0000000334,3
0000011306,0000005940,1,0000000152,1
0000011307,0000005940,2,0000000394,2
0000011308,0000005940,3,0000000196,3
0000011309,0000005940,4,0000000444,1
0000011310,0000005941,1,0000000169,1
0000011311,0000005941,2,0000000472,1
0000011312,0000005942,1,0000000043,1
0000011313,0000005943,1,0000000066,1
0000011314,0000005944,1,0000000251,1
0000011315,0000005945,1,0000000398,1
0000011316,0000005946,1,0000000352,1
0000011317,0000005946,2,0000000464,1
0000011318,0000005946,3,0000000162,2
0000011319,0000005946,4,0000000458,1
0000011320,0000005947,1,0000000312,1
0000011321,0000005947,2,0000000262,1
0000011322,0000005947,3,0000000367,1
0000011323,0000005948,1,0000000440,1
0000011324,0000005948,2,0000000493,1
0000011325,0000005949,1,0000000011,1
0000011326,0000005950,1,0000000256,1
0000011327,0000005951,1,0000000391,1
0000011328,0000005951,2,0000000277,1
0000011329,0000005951,3,0000000443,1
0000011330,0000005951,4,0000000158,1
0000011331,0000005952,1,0000000080,2
0000011332,0000005952,2,0000000219,1
0000011333,0000005952,3,0000000106,1
0000011334,0000005953,1,0000000462,1
0000011335,0000005953,2,0000000066,1
0000011336,0000005954,1,0000000470,1
0000011337,0000005955,1,0000000494,1
0000011338,0000005956,1,0000000297,3
0000011339,0000005957,1,0000000101,1
0000011340,0000005957,2,0000000031,2
0000011341,0000005958,1,0000000255,1
0000011342,0000005959,1,0000000413,1
0000011343,0000005959,2,0000000060,1
0000011344,0000005959,3,0000000127,2
0000011345,0000005959,4,0000000138,1
0000011346,0000005960,1,0000000100,1
0000011347,0000005961,1,0000000118,1
0000011348,0000005961,2,0000000297,1
0000011349,0000005962,1,0000000217,1
0000011350,0000005963,1,0000000338,1
0000011351,0000005964,1,0000000098,1
0000011352,0000005964,2,0000000127,1
0000011353,0000005965,1,0000000023,1
0000011354,0000005965,2,0000000241,1
0000011355,0000005965,3,0000000054,2
0000011356,0000005966,1,0000000324,1
0000011357,0000005966,2,0000000092,2
0000011358,0000005966,3,0000000070,1
0000011359,0000005967,1,0000000058,1
0000011360,0000005967,2,0000000150,1
0000011361,0000005968,1,0000000130,1
0000011362,0000005969,1,0000000462,1
0000011363,0000005969,2,0000000067,1
0000011364,0000005970,1,0000000481,3
0000011365,0000005970,2,0000000044,1
0000011366,0000005971,1,0000000148,1
0000011367,0000005972,1,0000000293,1
0000011368,0000005972,2,0000000343,4
0000011369,0000005973,1,0000000010,1
0000011370,0000005974,1,0000000092,2
0000011371,0000005975,1,0000000274,1
0000011372,0000005975,2,0000000419,3
0000011373,0000005976,1,0000000005,1
0000011374,0000005977,1,0000000198,1
0000011375,0000005978,1,0000000015,1
0000011376,0000005979,1,0000000277,1
0000011377,0000005979,2,0000000110,1
0000011378,0000005980,1,0000000230,1
0000011379,0000005980,2,0000000110,1
0000011380,0000005980,3,0000000047,1
0000011381,0000005981,1,0000000323,2
0000011382,0000005982,1,0000000316,1
0000011383,0000005983,1,0000000056,1
0000011384,0000005983,2,0000000419,1
0000011385,0000005983,3,0000000281,1
0000011386,0000005984,1,0000000367,1
0000011387,0000005984,2,0000000250,1
0000011388,0000005985,1,0000000058,1
0000011389,0000005986,1,0000000341,1
0000011390,0000005986,2,0000000387,1
0000011391,0000005987,1,0000000048,1
0000011392,0000005987,2,0000000282,1
0000011393,0000005988,1,0000000226,1
0000011394,0000005988,2,0000000006,1
0000011395,0000005988,3,0000000324,1
0000011396,0000005989,1,0000000107,1
0000011397,0000005989,2,0000000137,3
0000011398,0000005989,3,0000000368,1
0000011399,0000005990,1,0000000125,1
0000011400,0000005991,1,0000000177,1
0000011401,0000005992,1,0000000247,2
0000011402,0000005992,2,0000000174,1
0000011403,0000005993,1,0000000377,1
0000011404,0000005994,1,0000000378,2
0000011405,0000005994,2,0000000404,1
0000011406,0000005994,3,0000000179,3
0000011407,0000005995,1,0000000044,1
0000011408,0000005996,1,0000000031,1
0000011409,0000005997,1,0000000148,3
0000011410,0000005998,1,0000000401,2
0000011411,0000005999,1,0000000252,1
0000011412,0000006000,1,0000000071,1
0000011413,0000006001,1,0000000467,1
0000011414,0000006002,1,0000000058,1
0000011415,0000006002,2,0000000017,1
0000011416,0000006003,1,0000000319,1
0000011417,0000006004,1,0000000453,1
0000011418,0000006004,2,0000000015,2
0000011419,0000006004,3,0000000013,1
0000011420,0000006005,1,0000000055,1
0000011421,0000006005,2,0000000363,3
0000011422,0000006006,1,0000000118,1
0000011423,0000006006,2,0000000360,3
0000011424,0000006006,3,0000000137,1
0000011425,0000006006,4,0000000313,1
0000011426,0000006006,5,0000000412,4
0000011427,0000006007,1,0000000280,1
0000011428,0000006007,2,0000000045,1
0000011429,0000006008,1,0000000407,2
0000011430,0000006008,2,0000000442,1
0000011431,0000006008,3,0000000314,1
0000011432,0000006009,1,0000000246,2
0000011433,0000006010,1,0000000183,1
0000011434,0000006011,1,0000000302,2
0000011435,0000006012,1,0000000133,1
0000011436,0000006013,1,0000000488,1
0000011437,0000006014,1,0000000103,3
0000011438,0000006014,2,0000000221,1
0000011439,0000006014,3,0000000110,1
0000011440,0000006015,1,0000000392,3
0000011441,0000006015,2,0000000447,1
0000011442,0000006016,1,0000000162,3
0000011443,0000006017,1,0000000132,1
0000011444,0000006018,1,0000000356,1
0000011445,0000006018,2,0000000435,1
0000011446,0000006018,3,0000000219,1
0000011447,0000006019,1,0000000366,4
0000011448,0000006019,2,0000000327,1
0000011449,0000006019,3,0000000011,1
0000011450,0000006020,1,0000000143,1
0000011451,0000006021,1,0000000445,1
0000011452,0000006022,1,0000000070,1
0000011453,0000006022,2,0000000395,1
0000011454,0000006023,1,0000000224,1
0000011455,0000006024,1,0000000330,1
0000011456,0000006024,2,0000000072,1
0000011457,0000006024,3,0000000104,1
0000011458,0000006025,1,0000000108,2
0000011459,0000006026,1,0000000127,1
0000011460,0000006027,1,0000000072,2
0000011461,0000006027,2,0000000184,3
0000011462,0000006028,1,0000000155,1
0000011463,0000006029,1,0000000156,3
0000011464,0000006029,2,0000000290,1
0000011465,0000006029,3,0000000220,1
0000011466,0000006030,1,0000000444,2
0000011467,0000006031,1,0000000478,1
0000011468,0000006031,2,0000000056,2
0000011469,0000006032,1,0000000199,1
0000011470,0000006033,1,0000000397,1
0000011471,0000006034,1,0000000250,1
0000011472,0000006035,1,0000000284,1
0000011473,0000006036,1,0000000027,1
0000011474,0000006037,1,0000000151,1
0000011475,0000006038,1,0000000334,2
0000011476,0000006038,2,0000000326,1
0000011477,0000006039,1,0000000480,1
0000011478,0000006040,1,0000000157,1
0000011479,0000006041,1,0000000476,1
0000011480,0000006042,1,0000000270,1
0000011481,0000006043,1,0000000059,1
0000011482,0000006044,1,0000000367,1
0000011483,0000006044,2,0000000091,2
0000011484,0000006044,3,0000000284,1
0000011485,0000006045,1,0000000114,1
0000011486,0000006046,1,0000000392,1
0000011487,0000006046,2,0000000481,1
0000011488,0000006047,1,0000000270,2
0000011489,0000006048,1,0000000060,1
0000011490,0000006048,2,0000000257,3
0000011491,0000006048,3,0000000383,1
0000011492,0000006049,1,0000000222,3
0000011493,0000006050,1,0000000489,1
0000011494,0000006051,1,0000000116,2
0000011495,0000006052,1,0000000003,1
0000011496,0000006052,2,0000000293,1
0000011497,0000006052,3,0000000361,2
0000011498,0000006053,1,0000000141,1
0000011499,0000006054,1,0000000181,1
0000011500,0000006055,1,0000000021,2
0000011501,0000006055,2,0000000189,2
0000011502,0000006056,1,0000000201,1
0000011503,0000006057,1,0000000411,1
0000011504,0000006058,1,0000000444,1
0000011505,0000006058,2,0000000146,3
0000011506,0000006058,3,0000000319,1
0000011507,0000006059,1,0000000357,3
0000011508,0000006059,2,0000000386,1
0000011509,0000006060,1,0000000220,1
0000011510,0000006060,2,0000000294,2
0000011511,0000006060,3,0000000204,2
0000011512,0000006061,1,0000000124,1
0000011513,0000006061,2,0000000402,2
0000011514,0000006061,3,0000000213,1
0000011515,0000006062,1,0000000184,1
0000011516,0000006063,1,0000000057,1
0000011517,0000006064,1,0000000347,1
0000011518,0000006064,2,0000000479,1
0000011519,0000006065,1,0000000094,2
0000011520,0000006065,2,0000000277,1
0000011521,0000006065,3,0000000366,1
0000011522,0000006065,4,0000000151,2
0000011523,0000006066,1,0000000422,1
0000011524,0000006067,1,0000000230,4
0000011525,0000006067,2,0000000179,1
0000011526,0000006067,3,0000000055,1
0000011527,0000006068,1,0000000159,1
0000011528,0000006068,2,0000000062,1
0000011529,0000006068,3,0000000230,1
0000011530,0000006069,1,0000000046,1
0000011531,0000006070,1,0000000225,1
0000011532,0000006071,1,0000000159,1
0000011533,0000006071,2,0000000095,3
0000011534,0000006071,3,0000000020,1
0000011535,0000006072,1,0000000155,2
0000011536,0000006073,1,0000000163,3
0000011537,0000006074,1,0000000326,2
0000011538,0000006074,2,0000000393,2
0000011539,0000006074,3,0000000354,1
0000011540,0000006074,4,0000000435,1
0000011541,0000006074,5,0000000295,2
0000011542,0000006075,1,0000000099,2
0000011543,0000006076,1,0000000306,3
0000011544,0000006077,1,0000000309,1
0000011545,0000006077,2,0000000471,1
0000011546,0000006078,1,0000000090,1
0000011547,0000006078,2,0000000135,1
0000011548,0000006079,1,0000000159,4
0000011549,0000006079,2,0000000254,1
0000011550,0000006080,1,0000000139,1
0000011551,0000006080,2,0000000389,2
0000011552,0000006080,3,0000000055,4
0000011553,0000006081,1,0000000312,2
0000011554,0000006081,2,0000000205,1
0000011555,0000006081,3,0000000002,2
0000011556,0000006081,4,0000000196,1
0000011557,0000006082,1,0000000499,1
0000011558,0000006083,1,0000000184,2
0000011559,0000006083,2,0000000068,2
0000011560,0000006083,3,0000000335,1
0000011561,0000006084,1,0000000218,4
0000011562,0000006085,1,0000000498,1
0000011563,0000006085,2,0000000205,1
0000011564,0000006085,3,0000000487,1
0000011565,0000006086,1,0000000030,2
0000011566,0000006086,2,0000000002,2
0000011567,0000006087,1,0000000076,3
0000011568,0000006088,1,0000000020,1
0000011569,0000006089,1,0000000115,1
0000011570,0000006089,2,0000000326,1
0000011571,0000006090,1,0000000207,3
0000011572,0000006091,1,0000000242,1
0000011573,0000006091,2,0000000496,2
0000011574,0000006091,3,0000000461,3
0000011575,0000006091,4,0000000293,2
0000011576,0000006092,1,0000000243,1
0000011577,0000006093,1,0000000071,1
0000011578,0000006094,1,0000000130,1
0000011579,0000006095,1,0000000037,1
0000011580,0000006096,1,0000000180,3
0000011581,0000006096,2,0000000111,2
0000011582,0000006097,1,0000000305,1
0000011583,0000006098,1,0000000436,1
0000011584,0000006099,1,0000000450,1
0000011585,0000006099,2,0000000090,1
0000011586,0000006100,1,0000000431,1
0000011587,0000006101,1,0000000200,3
0000011588,0000006102,1,0000000033,1
0000011589,0000006103,1,0000000342,1
0000011590,0000006104,1,0000000035,2
0000011591,0000006104,2,0000000091,4
0000011592,0000006105,1,0000000344,1
0000011593,0000006106,1,0000000092,1
0000011594,0000006106,2,0000000070,1
0000011595,0000006107,1,0000000264,1
0000011596,0000006108,1,0000000260,1
0000011597,0000006109,1,0000000494,2
0000011598,0000006109,2,0000000219,1
0000011599,0000006109,3,0000000217,2
0000011600,0000006109,4,0000000134,1
0000011601,0000006110,1,0000000444,2
0000011602,0000006110,2,0000000448,1
0000011603,0000006110,3,0000000353,1
0000011604,0000006110,4,0000000057,4
0000011605,0000006111,1,0000000493,1
0000011606,0000006112,1,0000000359,1
0000011607,0000006112,2,0000000225,2
0000011608,0000006112,3,0000000153,1
0000011609,0000006113,1,0000000443,2
0000011610,0000006113,2,0000000100,3
0000011611,0000006113,3,0000000066,1
0000011612,0000006113,4,0000000050,1
0000011613,0000006114,1,0000000269,2
0000011614,0000006114,2,0000000389,2
0000011615,0000006115,1,0000000001,1
0000011616,0000006115,2,0000000170,1
0000011617,0000006116,1,0000000170,1
0000011618,0000006117,1,0000000273,1
0000011619,0000006118,1,0000000037,1
0000011620,0000006118,2,0000000334,1
0000011621,0000006119,1,0000000419,1
0000011622,0000006120,1,0000000238,1
0000011623,0000006121,1,0000000384,1
0000011624,0000006122,1,0000000303,1
0000011625,0000006123,1,0000000151,2
0000011626,0000006124,1,0000000436,1
0000011627,0000006125,1,0000000034,1
0000011628,0000006125,2,0000000208,1
0000011629,0000006126,1,0000000479,1
0000011630,0000006127,1,0000000160,2
0000011631,0000006127,2,0000000404,2
0000011632,0000006128,1,0000000128,1
0000011633,0000006128,2,0000000066,1
0000011634,0000006128,3,0000000070,1
0000011635,0000006128,4,0000000105,1
0000011636,0000006128,5,0000000107,1
0000011637,0000006129,1,0000000044,1
0000011638,0000006129,2,0000000277,1
0000011639,0000006130,1,0000000486,1
0000011640,0000006131,1,0000000468,1
0000011641,0000006132,1,0000000402,1
0000011642,0000006132,2,0000000380,1
0000011643,0000006132,3,0000000078,1
0000011644,0000006132,4,0000000300,1
0000011645,0000006133,1,0000000494,1
0000011646,0000006134,1,0000000333,1
0000011647,0000006134,2,0000000353,2
0000011648,0000006134,3,0000000202,1
0000011649,0000006134,4,0000000284,1
0000011650,0000006135,1,0000000347,4
0000011651,0000006136,1,0000000066,1
0000011652,0000006137,1,0000000412,1
0000011653,0000006138,1,0000000367,1
0000011654,0000006138,2,0000000173,1
0000011655,0000006138,3,0000000038,1
0000011656,0000006139,1,0000000274,1
0000011657,0000006140,1,0000000232,1
0000011658,0000006141,1,0000000305,1
0000011659,0000006142,1,0000000212,2
0000011660,0000006143,1,0000000456,1
0000011661,0000006144,1,0000000246,2
0000011662,0000006145,1,0000000099,2
0000011663,0000006145,2,0000000377,1
0000011664,0000006145,3,0000000079,1
0000011665,0000006145,4,0000000154,1
0000011666,0000006146,1,0000000300,1
0000011667,0000006147,1,0000000132,1
0000011668,0000006148,1,0000000410,1
0000011669,0000006149,1,0000000069,2
0000011670,0000006149,2,0000000423,3
0000011671,0000006149,3,0000000384,1
0000011672,0000006149,4,0000000394,3
0000011673,0000006149,5,0000000215,1
0000011674,0000006150,1,0000000395,1
0000011675,0000006150,2,0000000305,1
0000011676,0000006150,3,0000000344,3
0000011677,0000006151,1,0000000213,2
0000011678,0000006152,1,0000000392,1
0000011679,0000006152,2,0000000491,2
0000011680,0000006153,1,0000000007,2
0000011681,0000006154,1,0000000478,1
0000011682,0000006155,1,0000000414,2
0000011683,0000006155,2,0000000017,1
0000011684,0000006156,1,0000000083,1
0000011685,0000006156,2,0000000500,1
0000011686,0000006156,3,0000000364,4
0000011687,0000006156,4,0000000269,1
0000011688,0000006156,5,0000000088,1
0000011689,0000006157,1,0000000101,1
0000011690,0000006158,1,0000000364,2
0000011691,0000006158,2,0000000323,1
0000011692,0000006159,1,0000000424,1
0000011693,0000006160,1,0000000410,2
0000011694,0000006160,2,0000000148,1
0000011695,0000006160,3,0000000421,4
0000011696,0000006161,1,0000000153,3
0000011697,0000006162,1,0000000258,1
0000011698,0000006163,1,0000000083,2
0000011699,0000006163,2,0000000357,1
0000011700,0000006164,1,0000000005,1
0000011701,0000006164,2,0000000096,1
0000011702,0000006164,3,0000000424,2
0000011703,0000006165,1,0000000405,4
0000011704,0000006166,1,0000000274,1
0000011705,0000006167,1,0000000483,1
0000011706,0000006168,1,0000000380,2
0000011707,0000006168,2,0000000136,1
0000011708,0000006168,3,0000000395,1
0000011709,0000006169,1,0000000485,2
0000011710,0000006170,1,0000000346,1
0000011711,0000006170,2,0000000355,1
0000011712,0000006170,3,0000000209,1
0000011713,0000006171,1,0000000200,3
0000011714,0000006172,1,0000000004,2
0000011715,0000006173,1,0000000008,1
0000011716,0000006173,2,0000000485,1
0000011717,0000006173,3,0000000332,1
0000011718,0000006173,4,0000000477,3
0000011719,0000006174,1,0000000459,1
0000011720,0000006174,2,0000000122,2
0000011721,0000006175,1,0000000410,1
0000011722,0000006176,1,0000000078,1
0000011723,0000006176,2,0000000071,1
0000011724,0000006177,1,0000000491,2
0000011725,0000006178,1,0000000001,3
0000011726,0000006178,2,0000000295,1
0000011727,0000006179,1,0000000225,1
0000011728,0000006179,2,0000000199,1
0000011729,0000006180,1,0000000269,1
0000011730,0000006181,1,0000000268,1
0000011731,0000006182,1,0000000240,2
0000011732,0000006183,1,0000000410,1
0000011733,0000006183,2,0000000275,2
0000011734,0000006184,1,0000000011,2
0000011735,0000006184,2,0000000415,2
0000011736,0000006185,1,0000000139,1
0000011737,0000006185,2,0000000207,1
0000011738,0000006186,1,0000000210,3
0000011739,0000006186,2,0000000073,3
0000011740,0000006186,3,0000000293,3
0000011741,0000006187,1,0000000234,1
0000011742,0000006188,1,0000000467,3
0000011743,0000006189,1,0000000318,2
0000011744,0000006190,1,0000000380,1
0000011745,0000006190,2,0000000482,1
0000011746,0000006191,1,0000000135,2
0000011747,0000006191,2,0000000133,3
0000011748,0000006192,1,0000000120,2
0000011749,0000006192,2,0000000227,1
0000011750,0000006192,3,0000000457,1
0000011751,0000006192,4,0000000442,1
0000011752,0000006192,5,0000000257,1
0000011753,0000006193,1,0000000481,1
0000011754,0000006194,1,0000000470,4
0000011755,0000006194,2,0000000016,1
0000011756,0000006194,3,0000000312,1
0000011757,0000006194,4,0000000024,1
0000011758,0000006195,1,0000000396,1
0000011759,0000006195,2,0000000431,1
0000011760,0000006196,1,0000000153,3
0000011761,0000006196,2,0000000011,1
0000011762,0000006196,3,0000000078,1
0000011763,0000006196,4,0000000077,1
0000011764,0000006197,1,0000000011,1
0000011765,0000006197,2,0000000495,1
0000011766,0000006198,1,0000000304,1
0000011767,0000006198,2,0000000176,1
0000011768,0000006198,3,0000000022,1
0000011769,0000006198,4,0000000336,2
0000011770,0000006198,5,0000000295,1
0000011771,0000006199,1,0000000262,2
0000011772,0000006200,1,0000000007,1
0000011773,0000006201,1,0000000147,1
0000011774,0000006201,2,0000000492,1
0000011775,0000006202,1,0000000025,1
0000011776,0000006203,1,0000000090,1
0000011777,0000006204,1,0000000472,4
0000011778,0000006204,2,0000000259,1
0000011779,0000006205,1,0000000283,1
0000011780,0000006206,1,0000000464,1
0000011781,0000006207,1,0000000187,3
0000011782,0000006208,1,0000000452,1
0000011783,0000006209,1,0000000228,2
0000011784,0000006209,2,0000000303,1
0000011785,0000006210,1,0000000052,1
0000011786,0000006210,2,0000000360,1
0000011787,0000006210,3,0000000488,2
0000011788,0000006210,4,0000000416,1
0000011789,0000006211,1,0000000302,1
0000011790,0000006211,2,0000000454,3
0000011791,0000006212,1,0000000167,1
0000011792,0000006213,1,0000000447,1
0000011793,0000006214,1,0000000310,3
0000011794,0000006214,2,0000000357,1
0000011795,0000006214,3,0000000178,2
0000011796,0000006214,4,0000000058,2
0000011797,0000006215,1,0000000002,1
0000011798,0000006216,1,0000000310,1
0000011799,0000006216,2,0000000405,2
0000011800,0000006216,3,0000000135,1
0000011801,0000006216,4,0000000028,3
0000011802,0000006217,1,0000000221,1
0000011803,0000006218,1,0000000342,1
0000011804,0000006218,2,0000000500,1
0000011805,0000006218,3,0000000224,2
0000011806,0000006218,4,0000000209,1
0000011807,0000006219,1,0000000029,3
0000011808,0000006219,2,0000000119,1
0000011809,0000006220,1,0000000045,1
0000011810,0000006220,2,0000000093,1
0000011811,0000006221,1,0000000267,1
0000011812,0000006222,1,0000000308,1
0000011813,0000006223,1,0000000203,1
0000011814,0000006223,2,0000000169,1
0000011815,0000006223,3,0000000061,1
0000011816,0000006224,1,0000000234,2
0000011817,0000006225,1,0000000031,1
0000011818,0000006225,2,0000000134,1
0000011819,0000006226,1,0000000210,3
0000011820,0000006226,2,0000000163,1
0000011821,0000006227,1,0000000482,1
0000011822,0000006228,1,0000000447,4
0000011823,0000006229,1,0000000444,1
0000011824,0000006230,1,0000000477,2
0000011825,0000006230,2,0000000248,4
0000011826,0000006231,1,0000000487,1
0000011827,0000006232,1,0000000425,2
0000011828,0000006233,1,0000000487,1
0000011829,0000006233,2,0000000106,3
0000011830,0000006233,3,0000000309,1
0000011831,0000006234,1,0000000495,1
0000011832,0000006234,2,0000000041,1
0000011833,0000006234,3,0000000378,2
0000011834,0000006235,1,0000000120,1
0000011835,0000006236,1,0000000264,1
0000011836,0000006236,2,0000000349,2
0000011837,0000006237,1,0000000237,1
0000011838,0000006237,2,0000000071,4
0000011839,0000006237,3,0000000435,1
0000011840,0000006238,1,0000000282,2
0000011841,0000006239,1,0000000314,3
0000011842,0000006239,2,0000000287,1
0000011843,0000006240,1,0000000183,3
0000011844,0000006240,2,0000000224,1
0000011845,0000006241,1,0000000436,1
0000011846,0000006241,2,0000000454,1
0000011847,0000006242,1,0000000495,1
0000011848,0000006243,1,0000000412,1
0000011849,0000006243,2,0000000386,1
0000011850,0000006244,1,0000000198,1
0000011851,0000006245,1,0000000300,2
0000011852,0000006245,2,0000000338,2
0000011853,0000006246,1,0000000278,2
0000011854,0000006247,1,0000000337,1
0000011855,0000006247,2,0000000285,4
0000011856,0000006247,3,0000000178,1
0000011857,0000006247,4,0000000302,1
0000011858,0000006248,1,0000000169,2
0000011859,0000006248,2,0000000441,1
0000011860,0000006248,3,0000000174,1
0000011861,0000006248,4,0000000367,2
0000011862,0000006249,1,0000000142,1
0000011863,0000006249,2,0000000278,1
0000011864,0000006250,1,0000000109,2
0000011865,0000006250,2,0000000215,1
0000011866,0000006250,3,0000000369,2
0000011867,0000006251,1,0000000318,1
0000011868,0000006252,1,0000000270,1
0000011869,0000006252,2,0000000045,1
0000011870,0000006253,1,0000000235,1
0000011871,0000006253,2,0000000450,2
0000011872,0000006254,1,0000000463,4
0000011873,0000006255,1,0000000238,3
0000011874,0000006256,1,0000000493,1
0000011875,0000006257,1,0000000044,1
0000011876,0000006257,2,0000000041,1
0000011877,0000006258,1,0000000012,3
0000011878,0000006259,1,0000000307,1
0000011879,0000006259,2,0000000381,2
0000011880,0000006259,3,0000000471,1
0000011881,0000006260,1,0000000089,1
0000011882,0000006261,1,0000000012,1
0000011883,0000006261,2,0000000375,1
0000011884,0000006262,1,0000000163,2
0000011885,0000006263,1,0000000353,2
0000011886,0000006264,1,0000000459,2
0000011887,0000006265,1,0000000206,1
0000011888,0000006265,2,0000000493,3
0000011889,0000006266,1,0000000281,1
0000011890,0000006266,2,0000000401,1
0000011891,0000006267,1,0000000057,3
0000011892,0000006268,1,0000000357,2
0000011893,0000006268,2,0000000394,1
0000011894,0000006268,3,0000000153,1
0000011895,0000006268,4,0000000500,1
0000011896,0000006269,1,0000000331,1
0000011897,0000006269,2,0000000380,1
0000011898,0000006270,1,0000000103,1
0000011899,0000006270,2,0000000225,1
0000011900,0000006271,1,0000000001,1
0000011901,0000006271,2,0000000311,2
0000011902,0000006272,1,0000000375,1
0000011903,0000006272,2,0000000037,1
0000011904,0000006272,3,0000000271,1
0000011905,0000006272,4,0000000130,1
0000011906,0000006273,1,0000000271,1
0000011907,0000006273,2,0000000166,1
0000011908,0000006273,3,0000000262,2
0000011909,0000006273,4,0000000295,1
0000011910,0000006274,1,0000000014,1
0000011911,0000006275,1,0000000231,1
0000011912,0000006276,1,0000000206,2
0000011913,0000006277,1,0000000310,2
0000011914,0000006278,1,0000000324,3
0000011915,0000006279,1,0000000214,1
0000011916,0000006279,2,0000000322,1
0000011917,0000006279,3,0000000145,1
0000011918,0000006280,1,0000000488,2
0000011919,0000006281,1,0000000283,1
0000011920,0000006282,1,0000000359,1
0000011921,0000006283,1,0000000351,2
0000011922,0000006284,1,0000000395,1
0000011923,0000006284,2,0000000487,1
0000011924,0000006284,3,0000000475,1
0000011925,0000006284,4,0000000131,1
0000011926,0000006285,1,0000000229,2
0000011927,0000006286,1,0000000106,1
0000011928,0000006286,2,0000000329,1
0000011929,0000006287,1,0000000325,1
0000011930,0000006288,1,0000000070,1
0000011931,0000006289,1,0000000135,1
0000011932,0000006290,1,0000000080,1
0000011933,0000006290,2,0000000298,1
0000011934,0000006291,1,0000000475,1
0000011935,0000006291,2,0000000353,2
0000011936,0000006292,1,0000000054,2
0000011937,0000006292,2,0000000332,2
0000011938,0000006293,1,0000000291,1
0000011939,0000006293,2,0000000015,1
0000011940,0000006293,3,0000000409,1
0000011941,0000006294,1,0000000265,1
0000011942,0000006295,1,0000000168,2
0000011943,0000006296,1,0000000305,3
0000011944,0000006297,1,0000000270,1
0000011945,0000006297,2,0000000315,3
0000011946,0000006297,3,0000000057,2
0000011947,0000006298,1,0000000182,3
0000011948,0000006299,1,0000000357,2
0000011949,0000006299,2,0000000186,1
0000011950,0000006299,3,0000000353,1
0000011951,0000006299,4,0000000436,3
0000011952,0000006300,1,0000000455,1
0000011953,0000006300,2,0000000373,3
0000011954,0000006301,1,0000000267,2
0000011955,0000006302,1,0000000158,2
0000011956,0000006302,2,0000000317,1
0000011957,0000006302,3,0000000290,1
0000011958,0000006303,1,0000000105,1
0000011959,0000006304,1,0000000325,1
0000011960,0000006304,2,0000000444,3
0000011961,0000006304,3,0000000256,1
0000011962,0000006304,4,0000000159,1
0000011963,0000006304,5,0000000480,2
0000011964,0000006305,1,0000000399,3
0000011965,0000006306,1,0000000059,2
0000011966,0000006306,2,0000000402,1
0000011967,0000006306,3,0000000197,1
0000011968,0000006306,4,0000000417,2
0000011969,0000006307,1,0000000211,1
0000011970,0000006307,2,0000000375,1
0000011971,0000006307,3,0000000169,2
0000011972,0000006308,1,0000000027,1
0000011973,0000006308,2,0000000030,2
0000011974,0000006308,3,0000000495,1
0000011975,0000006308,4,0000000126,1
0000011976,0000006309,1,0000000254,1
0000011977,0000006310,1,0000000375,1
0000011978,0000006311,1,0000000053,1
0000011979,0000006311,2,0000000176,1
0000011980,0000006312,1,0000000017,1
0000011981,0000006313,1,0000000093,1
0000011982,0000006313,2,0000000256,1
0000011983,0000006314,1,0000000486,1
0000011984,0000006315,1,0000000490,1
0000011985,0000006316,1,0000000496,2
0000011986,0000006316,2,0000000088,1
0000011987,0000006317,1,0000000219,1
0000011988,0000006317,2,0000000260,1
0000011989,0000006317,3,0000000324,1
0000011990,0000006318,1,0000000081,1
0000011991,0000006319,1,0000000397,1
0000011992,0000006320,1,0000000035,1
0000011993,0000006321,1,0000000464,1
0000011994,0000006322,1,0000000023,2
0000011995,0000006322,2,0000000039,2
0000011996,0000006323,1,0000000294,1
0000011997,0000006323,2,0000000246,1
0000011998,0000006323,3,0000000149,1
0000011999,0000006324,1,0000000138,1
0000012000,0000006325,1,0000000182,1
0000012001,0000006326,1,0000000391,2
0000012002,0000006327,1,0000000304,1
0000012003,0000006327,2,0000000033,2
0000012004,0000006328,1,0000000035,1
0000012005,0000006329,1,0000000299,1
0000012006,0000006330,1,0000000486,2
0000012007,0000006331,1,0000000117,1
0000012008,0000006331,2,0000000365,2
0000012009,0000006331,3,0000000360,1
0000012010,0000006331,4,0000000054,1
0000012011,0000006332,1,0000000441,1
0000012012,0000006333,1,0000000293,2
0000012013,0000006333,2,0000000478,1
0000012014,0000006333,3,0000000261,1
0000012015,0000006333,4,0000000187,3
0000012016,0000006333,5,0000000435,1
0000012017,0000006334,1,0000000195,1
0000012018,0000006334,2,0000000243,2
0000012019,0000006335,1,0000000052,1
0000012020,0000006336,1,0000000490,1
0000012021,0000006337,1,0000000048,1
0000012022,0000006338,1,0000000111,2
0000012023,0000006339,1,0000000259,1
0000012024,0000006340,1,0000000386,1
0000012025,0000006340,2,0000000094,2
0000012026,0000006341,1,0000000275,1
0000012027,0000006342,1,0000000187,1
0000012028,0000006343,1,0000000433,1
0000012029,0000006343,2,0000000326,1
0000012030,0000006344,1,0000000139,1
0000012031,0000006345,1,0000000190,1
0000012032,0000006345,2,0000000361,2
0000012033,0000006346,1,0000000114,1
0000012034,0000006346,2,0000000373,1
0000012035,0000006346,3,0000000478,1
0000012036,0000006347,1,0000000228,1
0000012037,0000006348,1,0000000207,3
0000012038,0000006349,1,0000000376,2
0000012039,0000006350,1,0000000049,1
0000012040,0000006350,2,0000000411,1
0000012041,0000006350,3,0000000271,2
0000012042,0000006351,1,0000000477,1
0000012043,0000006352,1,0000000028,1
0000012044,0000006353,1,0000000420,2
0000012045,0000006354,1,0000000082,3
0000012046,0000006354,2,0000000469,1
0000012047,0000006355,1,0000000018,1
0000012048,0000006355,2,0000000050,1
0000012049,0000006356,1,0000000487,1
0000012050,0000006357,1,0000000467,1
0000012051,0000006357,2,0000000196,1
0000012052,0000006358,1,0000000186,1
0000012053,0000006359,1,0000000499,3
0000012054,0000006359,2,0000000495,2
0000012055,0000006360,1,0000000321,1
0000012056,0000006361,1,0000000023,2
0000012057,0000006361,2,0000000425,1
0000012058,0000006362,1,0000000416,1
0000012059,0000006362,2,0000000198,1
0000012060,0000006362,3,0000000296,1
0000012061,0000006363,1,0000000015,2
0000012062,0000006363,2,0000000494,1
0000012063,0000006363,3,0000000417,1
0000012064,0000006363,4,0000000228,2
0000012065,0000006364,1,0000000387,1
0000012066,0000006365,1,0000000485,2
0000012067,0000006366,1,0000000185,1
0000012068,0000006367,1,0000000141,2
0000012069,0000006368,1,0000000385,3
0000012070,0000006368,2,0000000071,1
0000012071,0000006369,1,0000000328,2
0000012072,0000006369,2,0000000295,4
0000012073,0000006369,3,0000000436,1
0000012074,0000006369,4,0000000101,1
0000012075,0000006369,5,0000000187,1
0000012076,0000006370,1,0000000346,2
0000012077,0000006371,1,0000000298,1
0000012078,0000006371,2,0000000057,2
0000012079,0000006371,3,0000000466,1
0000012080,0000006371,4,0000000151,4
0000012081,0000006372,1,0000000152,2
0000012082,0000006373,1,0000000136,2
0000012083,0000006374,1,0000000408,1
0000012084,0000006374,2,0000000104,1
0000012085,0000006374,3,0000000266,1
0000012086,0000006374,4,0000000071,1
0000012087,0000006374,5,0000000472,1
0000012088,0000006375,1,0000000188,1
0000012089,0000006376,1,0000000350,1
0000012090,0000006376,2,0000000296,3
0000012091,0000006377,1,0000000239,2
0000012092,0000006378,1,0000000337,1
0000012093,0000006379,1,0000000449,1
0000012094,0000006380,1,0000000103,2
0000012095,0000006381,1,0000000024,1
0000012096,0000006381,2,0000000290,1
0000012097,0000006382,1,0000000052,1
0000012098,0000006382,2,0000000126,1
0000012099,0000006382,3,0000000298,1
0000012100,0000006383,1,0000000346,1
0000012101,0000006383,2,0000000048,1
0000012102,0000006383,3,0000000459,1
0000012103,0000006384,1,0000000148,1
0000012104,0000006384,2,0000000229,1
0000012105,0000006384,3,0000000037,3
0000012106,0000006384,4,0000000320,1
0000012107,0000006385,1,0000000474,1
0000012108,0000006385,2,0000000314,1
0000012109,0000006386,1,0000000471,1
0000012110,0000006387,1,0000000254,1
0000012111,0000006388,1,0000000112,1
0000012112,0000006389,1,0000000054,1
0000012113,0000006390,1,0000000397,1
0000012114,0000006390,2,0000000186,4
0000012115,0000006390,3,0000000395,1
0000012116,0000006390,4,0000000465,3
0000012117,0000006391,1,0000000372,3
0000012118,0000006392,1,0000000160,1
0000012119,0000006393,1,0000000320,4
0000012120,0000006394,1,0000000353,1
0000012121,0000006394,2,0000000071,1
0000012122,0000006395,1,0000000279,1
0000012123,0000006396,1,0000000479,1
0000012124,0000006396,2,0000000228,1
0000012125,0000006397,1,0000000341,2
0000012126,0000006397,2,0000000202,2
0000012127,0000006397,3,0000000094,1
0000012128,0000006397,4,0000000161,1
0000012129,0000006398,1,0000000426,1
0000012130,0000006398,2,0000000277,1
0000012131,0000006398,3,0000000357,1
0000012132,0000006398,4,0000000147,1
0000012133,0000006399,1,0000000225,1
0000012134,0000006400,1,0000000214,1
0000012135,0000006401,1,0000000238,1
0000012136,0000006402,1,0000000033,3
0000012137,0000006403,1,0000000205,1
0000012138,0000006404,1,0000000396,1
0000012139,0000006405,1,0000000212,1
0000012140,0000006405,2,0000000088,2
0000012141,0000006405,3,0000000447,1
0000012142,0000006406,1,0000000006,2
0000012143,0000006407,1,0000000026,1
0000012144,0000006407,2,0000000430,1
0000012145,0000006408,1,0000000417,1
0000012146,0000006408,2,0000000089,1
0000012147,0000006409,1,0000000479,3
0000012148,0000006409,2,0000000210,2
0000012149,0000006410,1,0000000092,1
0000012150,0000006410,2,0000000028,2
0000012151,0000006410,3,0000000007,1
0000012152,0000006410,4,0000000187,1
0000012153,0000006411,1,0000000443,1
0000012154,0000006411,2,0000000280,1
0000012155,0000006412,1,0000000156,1
0000012156,0000006413,1,0000000378,1
0000012157,0000006413,2,0000000304,3
0000012158,0000006413,3,0000000033,1
0000012159,0000006414,1,0000000076,1
0000012160,0000006414,2,0000000259,1
0000012161,0000006415,1,0000000131,1
0000012162,0000006416,1,0000000205,1
0000012163,0000006416,2,0000000296,1
0000012164,0000006416,3,0000000443,1
0000012165,0000006416,4,0000000194,2
0000012166,0000006416,5,0000000375,1
0000012167,0000006417,1,0000000192,1
0000012168,0000006417,2,0000000138,1
0000012169,0000006417,3,0000000298,2
0000012170,0000006417,4,0000000130,4
0000012171,0000006418,1,0000000470,1
0000012172,0000006419,1,0000000145,1
0000012173,0000006419,2,0000000392,3
0000012174,0000006420,1,0000000314,1
0000012175,0000006421,1,0000000159,4
0000012176,0000006422,1,0000000387,1
0000012177,0000006423,1,0000000297,1
0000012178,0000006424,1,0000000318,4
0000012179,0000006425,1,0000000036,3
0000012180,0000006426,1,0000000283,1
0000012181,0000006427,1,0000000310,1
0000012182,0000006428,1,0000000364,1
0000012183,0000006428,2,0000000211,2
0000012184,0000006429,1,0000000249,2
0000012185,0000006429,2,0000000409,1
0000012186,0000006430,1,0000000157,1
0000012187,0000006431,1,0000000274,2
0000012188,0000006431,2,0000000349,4
0000012189,0000006432,1,0000000067,1
0000012190,0000006432,2,0000000113,2
0000012191,0000006432,3,0000000348,1
0000012192,0000006433,1,0000000468,1
0000012193,0000006434,1,0000000348,1
0000012194,0000006434,2,0000000008,1
0000012195,0000006435,1,0000000400,1
0000012196,0000006435,2,0000000331,1
0000012197,0000006436,1,0000000095,1
0000012198,0000006436,2,0000000204,1
0000012199,0000006437,1,0000000249,1
0000012200,0000006437,2,0000000344,1
0000012201,0000006438,1,0000000382,1
0000012202,0000006438,2,0000000239,2
0000012203,0000006439,1,0000000179,1
0000012204,0000006440,1,0000000438,1
0000012205,0000006441,1,0000000220,1
0000012206,0000006441,2,0000000446,1
0000012207,0000006442,1,0000000380,2
0000012208,0000006442,2,0000000274,1
0000012209,0000006442,3,0000000041,1
0000012210,0000006442,4,0000000139,1
0000012211,0000006442,5,0000000292,1
0000012212,0000006443,1,0000000296,1
0000012213,0000006443,2,0000000241,1
0000012214,0000006443,3,0000000299,1
0000012215,0000006443,4,0000000433,1
0000012216,0000006444,1,0000000209,1
0000012217,0000006445,1,0000000031,1
0000012218,0000006446,1,0000000231,2
0000012219,0000006446,2,0000000291,1
0000012220,0000006447,1,0000000100,1
0000012221,0000006447,2,0000000098,3
0000012222,0000006448,1,0000000500,1
0000012223,0000006448,2,0000000240,1
0000012224,0000006449,1,0000000070,1
0000012225,0000006449,2,0000000085,1
0000012226,0000006450,1,0000000074,1
0000012227,0000006450,2,0000000152,2
0000012228,0000006451,1,0000000162,3
0000012229,0000006451,2,0000000384,1
0000012230,0000006451,3,0000000044,1
0000012231,0000006452,1,0000000351,1
0000012232,0000006453,1,0000000420,2
0000012233,0000006454,1,0000000425,1
0000012234,0000006455,1,0000000399,1
0000012235,0000006455,2,0000000041,1
0000012236,0000006455,3,0000000102,4
0000012237,0000006456,1,0000000032,1
0000012238,0000006457,1,0000000347,1
0000012239,0000006457,2,0000000254,4
0000012240,0000006457,3,0000000202,1
0000012241,0000006457,4,0000000483,1
0000012242,0000006458,1,0000000228,1
0000012243,0000006458,2,0000000164,1
0000012244,0000006458,3,0000000397,1
0000012245,0000006458,4,0000000085,1
0000012246,0000006459,1,0000000156,3
0000012247,0000006459,2,0000000330,1
0000012248,0000006459,3,0000000334,1
0000012249,0000006460,1,0000000159,2
0000012250,0000006461,1,0000000206,1
0000012251,0000006462,1,0000000313,2
0000012252,0000006462,2,0000000143,1
0000012253,0000006463,1,0000000287,1
0000012254,0000006464,1,0000000490,1
0000012255,0000006465,1,0000000312,1
0000012256,0000006465,2,0000000200,1
0000012257,0000006465,3,0000000388,1
0000012258,0000006465,4,0000000446,2
0000012259,0000006466,1,0000000321,1
0000012260,0000006467,1,0000000265,1
0000012261,0000006468,1,0000000270,1
0000012262,0000006469,1,0000000290,1
0000012263,0000006470,1,0000000365,3
0000012264,0000006471,1,0000000257,1
0000012265,0000006472,1,0000000439,1
0000012266,0000006472,2,0000000222,2
0000012267,0000006473,1,0000000357,1
0000012268,0000006473,2,0000000199,1
0000012269,0000006473,3,0000000091,1
0000012270,0000006473,4,0000000307,2
0000012271,0000006474,1,0000000015,1
0000012272,0000006475,1,0000000066,1
0000012273,0000006475,2,0000000323,1
0000012274,0000006475,3,0000000163,1
0000012275,0000006476,1,0000000039,4
0000012276,0000006477,1,0000000328,1
0000012277,0000006478,1,0000000006,1
0000012278,0000006478,2,0000000147,1
0000012279,0000006478,3,0000000230,1
0000012280,0000006479,1,0000000403,1
0000012281,0000006480,1,0000000013,1
0000012282,0000006481,1,0000000261,1
0000012283,0000006482,1,0000000422,2
0000012284,0000006483,1,0000000279,1
0000012285,0000006483,2,0000000089,4
0000012286,0000006483,3,0000000306,1
0000012287,0000006483,4,0000000379,1
0000012288,0000006484,1,0000000099,1
0000012289,0000006485,1,0000000394,2
0000012290,0000006486,1,0000000465,1
0000012291,0000006486,2,0000000448,1
0000012292,0000006486,3,0000000432,1
0000012293,0000006487,1,0000000118,2
0000012294,0000006488,1,0000000455,1
0000012295,0000006488,2,0000000129,3
0000012296,0000006489,1,0000000354,2
0000012297,0000006490,1,0000000460,1
0000012298,0000006491,1,0000000064,3
0000012299,0000006491,2,0000000288,2
0000012300,0000006491,3,0000000183,1
0000012301,0000006491,4,0000000394,1
0000012302,0000006492,1,0000000416,3
0000012303,0000006492,2,0000000171,3
0000012304,0000006493,1,0000000424,1
0000012305,0000006494,1,0000000322,1
0000012306,0000006495,1,0000000079,1
0000012307,0000006496,1,0000000361,2
0000012308,0000006497,1,0000000143,3
0000012309,0000006497,2,0000000357,1
0000012310,0000006498,1,0000000079,1
0000012311,0000006499,1,0000000453,3
0000012312,0000006500,1,0000000366,2
0000012313,0000006501,1,0000000358,2
0000012314,0000006501,2,0000000228,2
0000012315,0000006502,1,0000000471,1
0000012316,0000006502,2,0000000009,2
0000012317,0000006503,1,0000000282,1
0000012318,0000006504,1,0000000321,1
0000012319,0000006505,1,0000000388,1
0000012320,0000006505,2,0000000104,1
0000012321,0000006505,3,0000000403,2
0000012322,0000006506,1,0000000368,1
0000012323,0000006506,2,0000000122,1
0000012324,0000006507,1,0000000480,1
0000012325,0000006508,1,0000000487,1
0000012326,0000006509,1,0000000111,3
0000012327,0000006510,1,0000000184,3
0000012328,0000006510,2,0000000274,1
0000012329,0000006510,3,0000000025,2
0000012330,0000006511,1,0000000144,4
0000012331,0000006512,1,0000000298,1
0000012332,0000006512,2,0000000407,1
0000012333,0000006512,3,0000000348,1
0000012334,0000006512,4,0000000006,1
0000012335,0000006513,1,0000000236,1
0000012336,0000006514,1,0000000442,1
0000012337,0000006514,2,0000000287,1
0000012338,0000006515,1,0000000199,1
0000012339,0000006515,2,0000000249,1
0000012340,0000006515,3,0000000254,4
0000012341,0000006515,4,0000000472,2
0000012342,0000006516,1,0000000429,2
0000012343,0000006516,2,0000000243,1
0000012344,0000006516,3,0000000259,1
0000012345,0000006516,4,0000000342,4
0000012346,0000006517,1,0000000140,2
0000012347,0000006517,2,0000000472,2
0000012348,0000006517,3,0000000029,1
0000012349,0000006517,4,0000000310,1
0000012350,0000006517,5,0000000110,1
0000012351,0000006518,1,0000000080,2
0000012352,0000006518,2,0000000257,2
0000012353,0000006518,3,0000000243,1
0000012354,0000006518,4,0000000362,1
0000012355,0000006519,1,0000000337,1
0000012356,0000006519,2,0000000295,1
0000012357,0000006520,1,0000000188,2
0000012358,0000006521,1,0000000387,1
0000012359,0000006522,1,0000000197,1
0000012360,0000006522,2,0000000120,1
0000012361,0000006522,3,0000000356,1
0000012362,0000006522,4,0000000166,4
0000012363,0000006523,1,0000000040,1
0000012364,0000006523,2,0000000342,1
0000012365,0000006523,3,0000000242,1
0000012366,0000006524,1,0000000210,1
0000012367,0000006524,2,0000000386,1
0000012368,0000006525,1,0000000129,2
0000012369,0000006526,1,0000000002,1
0000012370,0000006526,2,0000000272,3
0000012371,0000006526,3,0000000284,1
0000012372,0000006526,4,0000000456,1
0000012373,0000006526,5,0000000167,1
0000012374,0000006527,1,0000000268,2
0000012375,0000006527,2,0000000411,3
0000012376,0000006528,1,0000000495,2
0000012377,0000006528,2,0000000127,1
0000012378,0000006528,3,0000000395,1
0000012379,0000006528,4,0000000117,1
0000012380,0000006529,1,0000000497,1
0000012381,0000006529,2,0000000033,4
0000012382,0000006529,3,0000000325,3
0000012383,0000006529,4,0000000457,1
0000012384,0000006530,1,0000000150,1
0000012385,0000006531,1,0000000191,1
0000012386,0000006531,2,0000000039,1
0000012387,0000006532,1,0000000379,1
0000012388,0000006532,2,0000000358,1
0000012389,0000006533,1,0000000465,1
0000012390,0000006534,1,0000000057,1
0000012391,0000006535,1,0000000223,1
0000012392,0000006536,1,0000000463,2
0000012393,0000006536,2,0000000272,1
0000012394,0000006536,3,0000000018,3
0000012395,0000006537,1,0000000001,2
0000012396,0000006538,1,0000000055,1
0000012397,0000006539,1,0000000264,1
0000012398,0000006539,2,0000000284,1
0000012399,0000006539,3,0000000297,2
0000012400,0000006539,4,0000000269,1
0000012401,0000006540,1,0000000381,1
0000012402,0000006541,1,0000000189,4
0000012403,0000006542,1,0000000286,1
0000012404,0000006543,1,0000000166,3
0000012405,0000006544,1,0000000223,1
0000012406,0000006544,2,0000000383,1
0000012407,0000006545,1,0000000267,1
0000012408,0000006545,2,0000000394,1
0000012409,0000006546,1,0000000392,1
0000012410,0000006547,1,0000000425,3
0000012411,0000006547,2,0000000096,1
0000012412,0000006548,1,0000000448,3
0000012413,0000006549,1,0000000172,1
0000012414,0000006549,2,0000000253,1
0000012415,0000006549,3,0000000430,1
0000012416,0000006549,4,0000000409,1
0000012417,0000006550,1,0000000479,1
0000012418,0000006550,2,0000000403,1
0000012419,0000006550,3,0000000473,3
0000012420,0000006550,4,0000000156,4
0000012421,0000006551,1,0000000363,1
0000012422,0000006552,1,0000000105,1
0000012423,0000006552,2,0000000137,2
0000012424,0000006553,1,0000000340,1
0000012425,0000006553,2,0000000408,1
0000012426,0000006553,3,0000000028,1
0000012427,0000006554,1,0000000183,1
0000012428,0000006554,2,0000000494,4
0000012429,0000006554,3,0000000141,1
0000012430,0000006555,1,0000000451,1
0000012431,0000006556,1,0000000033,1
0000012432,0000006556,2,0000000169,3
0000012433,0000006557,1,0000000425,2
0000012434,0000006558,1,0000000377,2
0000012435,0000006559,1,0000000142,1
0000012436,0000006559,2,0000000282,2
0000012437,0000006560,1,0000000338,1
0000012438,0000006561,1,0000000213,1
0000012439,0000006561,2,0000000194,1
0000012440,0000006562,1,0000000385,1
0000012441,0000006563,1,0000000250,1
0000012442,0000006564,1,0000000387,2
0000012443,0000006564,2,0000000381,1
0000012444,0000006565,1,0000000404,2
0000012445,0000006565,2,0000000193,2
0000012446,0000006565,3,0000000049,1
0000012447,0000006566,1,0000000489,2
0000012448,0000006567,1,0000000059,1
0000012449,0000006568,1,0000000406,3
0000012450,0000006568,2,0000000390,1
0000012451,0000006568,3,0000000494,1
0000012452,0000006569,1,0000000456,2
0000012453,0000006570,1,0000000414,1
0000012454,0000006571,1,0000000382,1
0000012455,0000006571,2,0000000239,1
0000012456,0000006572,1,0000000435,2
0000012457,0000006572,2,0000000242,1
0000012458,0000006573,1,0000000306,1
0000012459,0000006573,2,0000000135,3
0000012460,0000006573,3,0000000281,2
0000012461,0000006573,4,0000000282,1
0000012462,0000006574,1,0000000402,1
0000012463,0000006575,1,0000000074,1
0000012464,0000006575,2,0000000404,4
0000012465,0000006575,3,0000000279,3
0000012466,0000006575,4,0000000482,1
0000012467,0000006576,1,0000000154,3
0000012468,0000006577,1,0000000074,1
0000012469,0000006577,2,0000000125,1
0000012470,0000006578,1,0000000064,2
0000012471,0000006578,2,0000000472,2
0000012472,0000006579,1,0000000164,1
0000012473,0000006580,1,0000000247,1
0000012474,0000006581,1,0000000034,1
0000012475,0000006582,1,0000000341,2
0000012476,0000006582,2,0000000110,2
0000012477,0000006582,3,0000000132,1
0000012478,0000006583,1,0000000055,1
0000012479,0000006584,1,0000000322,2
0000012480,0000006585,1,0000000367,2
0000012481,0000006585,2,0000000105,3
0000012482,0000006585,3,0000000041,1
0000012483,0000006585,4,0000000479,1
0000012484,0000006585,5,0000000213,1
0000012485,0000006586,1,0000000312,2
0000012486,0000006587,1,0000000141,1
0000012487,0000006587,2,0000000063,1
0000012488,0000006588,1,0000000365,1
0000012489,0000006588,2,0000000443,2
0000012490,0000006588,3,0000000276,4
0000012491,0000006589,1,0000000392,4
0000012492,0000006590,1,0000000448,4
0000012493,0000006591,1,0000000342,3
0000012494,0000006591,2,0000000240,1
0000012495,0000006591,3,0000000139,2
0000012496,0000006592,1,0000000309,1
0000012497,0000006593,1,0000000100,1
0000012498,0000006593,2,0000000173,1
0000012499,0000006594,1,0000000168,1
0000012500,0000006594,2,0000000420,1
0000012501,0000006594,3,0000000324,1
0000012502,0000006594,4,0000000395,1
0000012503,0000006595,1,0000000290,1
0000012504,0000006596,1,0000000175,1
0000012505,0000006596,2,0000000397,1
0000012506,0000006596,3,0000000353,1
0000012507,0000006596,4,0000000297,2
0000012508,0000006597,1,0000000060,1
0000012509,0000006597,2,0000000174,4
0000012510,0000006597,3,0000000227,1
0000012511,0000006598,1,0000000062,2
0000012512,0000006598,2,0000000309,2
0000012513,0000006599,1,0000000020,1
0000012514,0000006599,2,0000000177,3
0000012515,0000006599,3,0000000175,1
0000012516,0000006600,1,0000000484,1
0000012517,0000006601,1,0000000397,3
0000012518,0000006602,1,0000000408,1
0000012519,0000006602,2,0000000423,1
0000012520,0000006602,3,0000000269,2
0000012521,0000006603,1,0000000434,3
0000012522,0000006603,2,0000000078,1
0000012523,0000006603,3,0000000123,3
0000012524,0000006604,1,0000000066,1
0000012525,0000006605,1,0000000050,2
0000012526,0000006605,2,0000000228,2
0000012527,0000006606,1,0000000061,2
0000012528,0000006606,2,0000000161,1
0000012529,0000006606,3,0000000495,1
0000012530,0000006607,1,0000000400,1
0000012531,0000006608,1,0000000493,1
0000012532,0000006609,1,0000000015,1
0000012533,0000006609,2,0000000416,2
0000012534,0000006610,1,0000000159,1
0000012535,0000006611,1,0000000056,1
0000012536,0000006611,2,0000000011,1
0000012537,0000006611,3,0000000207,2
0000012538,0000006611,4,0000000455,3
0000012539,0000006612,1,0000000060,2
0000012540,0000006612,2,0000000103,1
0000012541,0000006612,3,0000000315,2
0000012542,0000006612,4,0000000138,1
0000012543,0000006612,5,0000000330,1
0000012544,0000006613,1,0000000152,2
0000012545,0000006614,1,0000000030,1
0000012546,0000006615,1,0000000207,1
0000012547,0000006615,2,0000000018,4
0000012548,0000006616,1,0000000485,1
0000012549,0000006616,2,0000000303,1
0000012550,0000006617,1,0000000131,1
0000012551,0000006617,2,0000000064,4
0000012552,0000006618,1,0000000263,1
0000012553,0000006619,1,0000000371,1
0000012554,0000006619,2,0000000293,1
0000012555,0000006620,1,0000000058,1
0000012556,0000006621,1,0000000394,1
0000012557,0000006622,1,0000000314,4
0000012558,0000006622,2,0000000410,1
0000012559,0000006623,1,0000000001,1
0000012560,0000006624,1,0000000122,1
0000012561,0000006625,1,0000000028,1
0000012562,0000006626,1,0000000491,1
0000012563,0000006626,2,0000000072,1
0000012564,0000006627,1,0000000150,3
0000012565,0000006628,1,0000000243,1
0000012566,0000006629,1,0000000458,1
0000012567,0000006629,2,0000000300,1
0000012568,0000006630,1,0000000422,1
0000012569,0000006631,1,0000000138,1
0000012570,0000006631,2,0000000309,2
0000012571,0000006631,3,0000000372,1
0000012572,0000006632,1,0000000414,4
0000012573,0000006632,2,0000000398,2
0000012574,0000006632,3,0000000193,1
0000012575,0000006633,1,0000000323,1
0000012576,0000006634,1,0000000424,1
0000012577,0000006635,1,0000000444,1
0000012578,0000006635,2,0000000143,4
0000012579,0000006635,3,0000000148,1
0000012580,0000006636,1,0000000411,1
0000012581,0000006636,2,0000000338,1
0000012582,0000006637,1,0000000219,1
0000012583,0000006637,2,0000000093,1
0000012584,0000006637,3,0000000323,1
0000012585,0000006638,1,0000000342,1
0000012586,0000006638,2,0000000180,1
0000012587,0000006639,1,0000000089,1
0000012588,0000006640,1,0000000355,2
0000012589,0000006641,1,0000000432,1
0000012590,0000006641,2,0000000338,1
0000012591,0000006642,1,0000000017,1
0000012592,0000006642,2,0000000220,1
0000012593,0000006642,3,0000000216,1
0000012594,0000006643,1,0000000355,1
0000012595,0000006644,1,0000000282,1
0000012596,0000006645,1,0000000303,1
0000012597,0000006646,1,0000000325,2
0000012598,0000006647,1,0000000343,3
0000012599,0000006648,1,0000000210,1
0000012600,0000006649,1,0000000148,1
0000012601,0000006649,2,0000000339,1
0000012602,0000006650,1,0000000014,3
0000012603,0000006651,1,0000000465,1
0000012604,0000006652,1,0000000247,3
0000012605,0000006653,1,0000000153,2
0000012606,0000006653,2,0000000099,2
0000012607,0000006653,3,0000000395,1
0000012608,0000006653,4,0000000229,1
0000012609,0000006654,1,0000000005,1
0000012610,0000006654,2,0000000327,2
0000012611,0000006654,3,0000000444,1
0000012612,0000006654,4,0000000497,1
0000012613,0000006655,1,0000000226,2
0000012614,0000006656,1,0000000249,2
0000012615,0000006656,2,0000000318,1
0000012616,0000006657,1,0000000477,2
0000012617,0000006657,2,0000000363,1
0000012618,0000006658,1,0000000092,1
0000012619,0000006659,1,0000000420,1
0000012620,0000006659,2,0000000198,1
0000012621,0000006660,1,0000000353,1
0000012622,0000006661,1,0000000236,1
0000012623,0000006662,1,0000000461,1
0000012624,0000006663,1,0000000042,1
0000012625,0000006663,2,0000000386,1
0000012626,0000006664,1,0000000448,2
0000012627,0000006665,1,0000000373,1
0000012628,0000006665,2,0000000037,2
0000012629,0000006666,1,0000000115,1
0000012630,0000006667,1,0000000332,1
0000012631,0000006667,2,0000000188,3
0000012632,0000006667,3,0000000313,1
0000012633,0000006667,4,0000000113,1
0000012634,0000006668,1,0000000139,1
0000012635,0000006668,2,0000000374,1
0000012636,0000006668,3,0000000070,1
0000012637,0000006668,4,0000000135,2
0000012638,0000006669,1,0000000271,3
0000012639,0000006669,2,0000000075,1
0000012640,0000006670,1,0000000409,1
0000012641,0000006671,1,0000000352,1
0000012642,0000006672,1,0000000166,1
0000012643,0000006673,1,0000000232,1
0000012644,0000006673,2,0000000047,1
0000012645,0000006673,3,0000000042,1
0000012646,0000006673,4,0000000102,1
0000012647,0000006674,1,0000000215,1
0000012648,0000006675,1,0000000352,1
0000012649,0000006675,2,0000000449,2
0000012650,0000006675,3,0000000348,1
0000012651,0000006676,1,0000000390,1
0000012652,0000006676,2,0000000168,3
0000012653,0000006676,3,0000000414,3
0000012654,0000006677,1,0000000249,1
0000012655,0000006677,2,0000000152,2
0000012656,0000006678,1,0000000305,1
0000012657,0000006678,2,0000000215,1
0000012658,0000006679,1,0000000145,1
0000012659,0000006680,1,0000000437,2
0000012660,0000006680,2,0000000144,1
0000012661,0000006680,3,0000000438,1
0000012662,0000006680,4,0000000041,1
0000012663,0000006680,5,0000000023,1
0000012664,0000006681,1,0000000261,1
0000012665,0000006682,1,0000000113,1
0000012666,0000006683,1,0000000500,3
0000012667,0000006684,1,0000000477,1
0000012668,0000006685,1,0000000221,1
0000012669,0000006685,2,0000000245,1
0000012670,0000006686,1,0000000120,2
0000012671,0000006686,2,0000000290,2
0000012672,0000006687,1,0000000399,4
0000012673,0000006688,1,0000000041,1
0000012674,0000006688,2,0000000101,1
0000012675,0000006688,3,0000000017,1
0000012676,0000006689,1,0000000360,3
0000012677,0000006689,2,0000000095,1
0000012678,0000006690,1,0000000139,1
0000012679,0000006691,1,0000000121,2
0000012680,0000006691,2,0000000210,1
0000012681,0000006692,1,0000000481,1
0000012682,0000006692,2,0000000145,1
0000012683,0000006693,1,0000000347,1
0000012684,0000006693,2,0000000023,1
0000012685,0000006693,3,0000000422,3
0000012686,0000006694,1,0000000341,1
0000012687,0000006694,2,0000000197,1
0000012688,0000006695,1,0000000094,1
0000012689,0000006696,1,0000000227,1
0000012690,0000006697,1,0000000303,1
0000012691,0000006697,2,0000000163,1
0000012692,0000006698,1,0000000171,1
0000012693,0000006699,1,0000000083,1
0000012694,0000006700,1,0000000473,1
0000012695,0000006700,2,0000000038,1
0000012696,0000006701,1,0000000349,1
0000012697,0000006702,1,0000000438,1
0000012698,0000006702,2,0000000171,4
0000012699,0000006702,3,0000000326,2
0000012700,0000006702,4,0000000139,3
0000012701,0000006703,1,0000000043,1
0000012702,0000006704,1,0000000337,2
0000012703,0000006705,1,0000000109,2
0000012704,0000006706,1,0000000179,2
0000012705,0000006706,2,0000000473,1
0000012706,0000006707,1,0000000105,1
0000012707,0000006707,2,0000000434,1
0000012708,0000006707,3,0000000362,1
0000012709,0000006708,1,0000000065,1
0000012710,0000006708,2,0000000058,1
0000012711,0000006708,3,0000000142,1
0000012712,0000006709,1,0000000048,1
0000012713,0000006710,1,0000000237,1
0000012714,0000006710,2,0000000234,1
0000012715,0000006711,1,0000000371,1
0000012716,0000006712,1,0000000035,3
0000012717,0000006712,2,0000000081,1
0000012718,0000006713,1,0000000360,3
0000012719,0000006713,2,0000000182,1
0000012720,0000006713,3,0000000008,2
0000012721,0000006713,4,0000000083,2
0000012722,0000006713,5,0000000154,1
0000012723,0000006714,1,0000000295,1
0000012724,0000006714,2,0000000382,2
0000012725,0000006715,1,0000000475,1
0000012726,0000006715,2,0000000327,2
0000012727,0000006715,3,0000000146,1
0000012728,0000006715,4,0000000157,1
0000012729,0000006715,5,0000000472,2
0000012730,0000006716,1,0000000380,1
0000012731,0000006717,1,0000000034,2
0000012732,0000006717,2,0000000156,1
0000012733,0000006718,1,0000000294,2
0000012734,0000006718,2,0000000052,1
0000012735,0000006719,1,0000000404,1
0000012736,0000006720,1,0000000439,1
0000012737,0000006720,2,0000000031,1
0000012738,0000006721,1,0000000102,1
0000012739,0000006722,1,0000000328,1
0000012740,0000006723,1,0000000171,1
0000012741,0000006723,2,0000000002,1
0000012742,0000006723,3,0000000161,1
0000012743,0000006723,4,0000000363,1
0000012744,0000006723,5,0000000005,1
0000012745,0000006724,1,0000000235,2
0000012746,0000006724,2,0000000119,1
0000012747,0000006724,3,0000000131,2
0000012748,0000006725,1,0000000210,1
0000012749,0000006725,2,0000000415,2
0000012750,0000006726,1,0000000282,1
0000012751,0000006726,2,0000000241,1
0000012752,0000006727,1,0000000087,1
0000012753,0000006728,1,0000000352,1
0000012754,0000006728,2,0000000314,1
0000012755,0000006729,1,0000000151,1
0000012756,0000006729,2,0000000408,1
0000012757,0000006730,1,0000000482,1
0000012758,0000006731,1,0000000072,1
0000012759,0000006732,1,0000000131,4
0000012760,0000006732,2,0000000299,1
0000012761,0000006733,1,0000000070,1
0000012762,0000006733,2,0000000402,2
0000012763,0000006734,1,0000000323,1
0000012764,0000006735,1,0000000175,1
0000012765,0000006735,2,0000000492,1
0000012766,0000006735,3,0000000420,1
0000012767,0000006736,1,0000000166,1
0000012768,0000006736,2,0000000220,2
0000012769,0000006736,3,0000000056,1
0000012770,0000006737,1,0000000264,2
0000012771,0000006738,1,0000000149,3
0000012772,0000006738,2,0000000072,1
0000012773,0000006738,3,0000000090,1
0000012774,0000006739,1,0000000344,1
0000012775,0000006740,1,0000000215,1
0000012776,0000006741,1,0000000157,2
0000012777,0000006741,2,0000000129,4
0000012778,0000006742,1,0000000193,1
0000012779,0000006743,1,0000000443,3
0000012780,0000006744,1,0000000074,1
0000012781,0000006744,2,0000000111,1
0000012782,0000006745,1,0000000291,1
0000012783,0000006746,1,0000000159,1
0000012784,0000006747,1,0000000371,1
0000012785,0000006748,1,0000000421,1
0000012786,0000006749,1,0000000166,1
0000012787,0000006749,2,0000000243,1
0000012788,0000006749,3,0000000118,1
0000012789,0000006750,1,0000000060,1
0000012790,0000006750,2,0000000436,1
0000012791,0000006750,3,0000000313,2
0000012792,0000006750,4,0000000490,2
0000012793,0000006751,1,0000000361,1
0000012794,0000006752,1,0000000358,1
0000012795,0000006753,1,0000000061,4
0000012796,0000006753,2,0000000122,1
0000012797,0000006754,1,0000000465,1
0000012798,0000006755,1,0000000097,1
0000012799,0000006756,1,0000000423,1
0000012800,0000006756,2,0000000460,1
0000012801,0000006757,1,0000000424,1
0000012802,0000006757,2,0000000174,3
0000012803,0000006757,3,0000000468,1
0000012804,0000006758,1,0000000131,1
0000012805,0000006759,1,0000000364,3
0000012806,0000006760,1,0000000349,1
0000012807,0000006761,1,0000000117,1
0000012808,0000006761,2,0000000269,1
0000012809,0000006762,1,0000000105,4
0000012810,0000006763,1,0000000493,4
0000012811,0000006764,1,0000000034,1
0000012812,0000006764,2,0000000079,1
0000012813,0000006765,1,0000000173,1
0000012814,0000006766,1,0000000094,1
0000012815,0000006767,1,0000000377,2
0000012816,0000006768,1,0000000377,1
0000012817,0000006769,1,0000000311,1
0000012818,0000006769,2,0000000425,1
0000012819,0000006769,3,0000000138,3
0000012820,0000006770,1,0000000241,1
0000012821,0000006770,2,0000000126,1
0000012822,0000006771,1,0000000086,1
0000012823,0000006772,1,0000000475,2
0000012824,0000006772,2,0000000194,1
0000012825,0000006772,3,0000000120,1
0000012826,0000006773,1,0000000453,1
0000012827,0000006773,2,0000000005,3
0000012828,0000006774,1,0000000281,1
0000012829,0000006775,1,0000000260,1
0000012830,0000006775,2,0000000383,1
0000012831,0000006776,1,0000000246,1
0000012832,0000006777,1,0000000357,1
0000012833,0000006777,2,0000000019,1
0000012834,0000006777,3,0000000397,1
0000012835,0000006778,1,0000000322,2
0000012836,0000006778,2,0000000302,2
0000012837,0000006778,3,0000000258,1
0000012838,0000006778,4,0000000243,1
0000012839,0000006778,5,0000000194,1
0000012840,0000006779,1,0000000114,1
0000012841,0000006780,1,0000000437,2
0000012842,0000006780,2,0000000271,1
0000012843,0000006780,3,0000000021,3
0000012844,0000006781,1,0000000284,4
0000012845,0000006782,1,0000000115,4
0000012846,0000006783,1,0000000332,1
0000012847,0000006784,1,0000000038,2
0000012848,0000006785,1,0000000181,1
0000012849,0000006785,2,0000000064,1
0000012850,0000006786,1,0000000244,1
0000012851,0000006786,2,0000000423,1
0000012852,0000006787,1,0000000323,1
0000012853,0000006788,1,0000000173,1
0000012854,0000006788,2,0000000294,1
0000012855,0000006789,1,0000000443,1
0000012856,0000006789,2,0000000226,1
0000012857,0000006789,3,0000000386,1
0000012858,0000006790,1,0000000465,1
0000012859,0000006791,1,0000000339,4
0000012860,0000006791,2,0000000158,1
0000012861,0000006791,3,0000000159,1
0000012862,0000006791,4,0000000110,1
0000012863,0000006792,1,0000000128,1
0000012864,0000006792,2,0000000305,4
0000012865,0000006793,1,0000000043,2
0000012866,0000006794,1,0000000350,1
0000012867,0000006794,2,0000000126,1
0000012868,0000006795,1,0000000298,1
0000012869,0000006795,2,0000000375,2
0000012870,0000006795,3,0000000419,1
0000012871,0000006796,1,0000000390,2
0000012872,0000006796,2,0000000029,2
0000012873,0000006796,3,0000000366,1
0000012874,0000006796,4,0000000159,1
0000012875,0000006797,1,0000000234,1
0000012876,0000006798,1,0000000126,1
0000012877,0000006799,1,0000000212,3
0000012878,0000006800,1,0000000014,4
0000012879,0000006800,2,0000000270,1
0000012880,0000006800,3,0000000348,3
0000012881,0000006801,1,0000000248,1
0000012882,0000006801,2,0000000060,1
0000012883,0000006802,1,0000000112,1
0000012884,0000006803,1,0000000137,1
0000012885,0000006804,1,0000000385,1
0000012886,0000006804,2,0000000265,1
0000012887,0000006805,1,0000000019,4
0000012888,0000006806,1,0000000422,1
0000012889,0000006807,1,0000000439,2
0000012890,0000006807,2,0000000284,1
0000012891,0000006807,3,0000000393,4
0000012892,0000006808,1,0000000105,1
0000012893,0000006808,2,0000000490,1
0000012894,0000006809,1,0000000207,3
0000012895,0000006809,2,0000000064,2
0000012896,0000006810,1,0000000028,1
0000012897,0000006810,2,0000000258,3
0000012898,0000006811,1,0000000079,1
0000012899,0000006812,1,0000000195,1
0000012900,0000006813,1,0000000337,2
0000012901,0000006813,2,0000000092,3
0000012902,0000006813,3,0000000048,1
0000012903,0000006814,1,0000000064,1
0000012904,0000006814,2,0000000041,2
0000012905,0000006815,1,0000000030,1
0000012906,0000006816,1,0000000128,1
0000012907,0000006817,1,0000000266,1
0000012908,0000006817,2,0000000039,1
0000012909,0000006818,1,0000000163,1
0000012910,0000006818,2,0000000478,1
0000012911,0000006819,1,0000000100,1
0000012912,0000006820,1,0000000376,3
0000012913,0000006821,1,0000000149,3
0000012914,0000006821,2,0000000355,1
0000012915,0000006821,3,0000000156,1
0000012916,0000006822,1,0000000037,1
0000012917,0000006822,2,0000000258,2
0000012918,0000006823,1,0000000097,1
0000012919,0000006824,1,0000000303,2
0000012920,0000006824,2,0000000161,4
0000012921,0000006825,1,0000000343,2
0000012922,0000006825,2,0000000141,1
0000012923,0000006826,1,0000000146,3
0000012924,0000006826,2,0000000275,3
0000012925,0000006827,1,0000000309,1
0000012926,0000006828,1,0000000062,2
0000012927,0000006829,1,0000000493,1
0000012928,0000006829,2,0000000283,1
0000012929,0000006829,3,0000000316,1
0000012930,0000006830,1,0000000302,2
0000012931,0000006830,2,0000000072,1
0000012932,0000006830,3,0000000175,2
0000012933,0000006830,4,0000000498,2
0000012934,0000006831,1,0000000459,1
0000012935,0000006832,1,0000000175,2
0000012936,0000006833,1,0000000241,1
0000012937,0000006834,1,0000000241,2
0000012938,0000006835,1,0000000135,2
0000012939,0000006835,2,0000000214,1
0000012940,0000006836,1,0000000272,1
0000012941,0000006836,2,0000000223,4
0000012942,0000006837,1,0000000211,1
0000012943,0000006838,1,0000000214,2
0000012944,0000006838,2,0000000421,1
0000012945,0000006838,3,0000000300,1
0000012946,0000006838,4,0000000498,1
0000012947,0000006838,5,0000000367,4
0000012948,0000006839,1,0000000046,1
0000012949,0000006840,1,0000000054,1
0000012950,0000006840,2,0000000350,1
0000012951,0000006841,1,0000000434,2
0000012952,0000006841,2,0000000327,2
0000012953,0000006841,3,0000000333,1
0000012954,0000006841,4,0000000288,2
0000012955,0000006842,1,0000000137,4
0000012956,0000006842,2,0000000345,1
0000012957,0000006843,1,0000000408,4
0000012958,0000006843,2,0000000125,2
0000012959,0000006844,1,0000000010,1
0000012960,0000006845,1,0000000021,2
0000012961,0000006846,1,0000000389,1
0000012962,0000006847,1,0000000408,1
0000012963,0000006847,2,0000000070,1
0000012964,0000006848,1,0000000232,3
0000012965,0000006849,1,0000000316,1
0000012966,0000006849,2,0000000305,2
0000012967,0000006849,3,0000000282,1
0000012968,0000006849,4,0000000290,1
0000012969,0000006850,1,0000000457,2
0000012970,0000006851,1,0000000351,1
0000012971,0000006851,2,0000000070,1
0000012972,0000006852,1,0000000258,1
0000012973,0000006852,2,0000000139,1
0000012974,0000006852,3,0000000260,1
0000012975,0000006853,1,0000000449,1
0000012976,0000006853,2,0000000132,1
0000012977,0000006853,3,0000000127,4
0000012978,0000006854,1,0000000460,1
0000012979,0000006854,2,0000000337,1
0000012980,0000006854,3,0000000081,2
0000012981,0000006855,1,0000000284,2
0000012982,0000006855,2,0000000032,4
0000012983,0000006856,1,0000000074,1
0000012984,0000006856,2,0000000268,1
0000012985,0000006856,3,0000000382,1
0000012986,0000006856,4,0000000434,1
0000012987,0000006857,1,0000000158,1
0000012988,0000006857,2,0000000107,1
0000012989,0000006858,1,0000000353,1
0000012990,0000006859,1,0000000108,1
0000012991,0000006859,2,0000000474,1
0000012992,0000006859,3,0000000149,1
0000012993,0000006860,1,0000000195,1
0000012994,0000006861,1,0000000415,1
0000012995,0000006862,1,0000000017,3
0000012996,0000006863,1,0000000209,1
0000012997,0000006864,1,0000000266,1
0000012998,0000006865,1,0000000059,1
0000012999,0000006865,2,0000000216,2
0000013000,0000006865,3,0000000304,3
0000013001,0000006865,4,0000000406,1
0000013002,0000006866,1,0000000492,1
0000013003,0000006867,1,0000000050,2
0000013004,0000006867,2,0000000368,2
0000013005,0000006867,3,0000000431,3
0000013006,0000006868,1,0000000074,1
0000013007,0000006868,2,0000000033,1
0000013008,0000006869,1,0000000243,1
0000013009,0000006870,1,0000000144,1
0000013010,0000006871,1,0000000101,1
0000013011,0000006871,2,0000000205,1
0000013012,0000006872,1,0000000040,1
0000013013,0000006872,2,0000000458,1
0000013014,0000006872,3,0000000481,1
0000013015,0000006873,1,0000000110,1
0000013016,0000006874,1,0000000432,3
0000013017,0000006875,1,0000000448,1
0000013018,0000006876,1,0000000403,2
0000013019,0000006877,1,0000000299,1
0000013020,0000006877,2,0000000470,4
0000013021,0000006877,3,0000000302,1
0000013022,0000006877,4,0000000320,1
0000013023,0000006878,1,0000000462,1
0000013024,0000006878,2,0000000389,1
0000013025,0000006879,1,0000000246,1
0000013026,0000006880,1,0000000012,1
0000013027,0000006880,2,0000000324,4
0000013028,0000006880,3,0000000364,1
0000013029,0000006880,4,0000000331,1
0000013030,0000006881,1,0000000296,1
0000013031,0000006881,2,0000000178,1
0000013032,0000006882,1,0000000147,1
0000013033,0000006882,2,0000000407,1
0000013034,0000006883,1,0000000223,2
0000013035,0000006884,1,0000000190,2
0000013036,0000006885,1,0000000311,1
0000013037,0000006885,2,0000000341,1
0000013038,0000006885,3,0000000358,1
0000013039,0000006885,4,0000000172,1
0000013040,0000006886,1,0000000468,1
0000013041,0000006886,2,0000000461,1
0000013042,0000006886,3,0000000104,1
0000013043,0000006886,4,0000000323,2
0000013044,0000006886,5,0000000496,1
0000013045,0000006887,1,0000000335,1
0000013046,0000006887,2,0000000137,1
0000013047,0000006888,1,0000000324,1
0000013048,0000006889,1,0000000388,2
0000013049,0000006889,2,0000000483,2
0000013050,0000006890,1,0000000250,1
0000013051,0000006891,1,0000000183,1
0000013052,0000006891,2,0000000421,1
0000013053,0000006892,1,0000000493,1
0000013054,0000006893,1,0000000292,1
0000013055,0000006893,2,0000000182,1
0000013056,0000006893,3,0000000076,1
0000013057,0000006894,1,0000000143,1
0000013058,0000006894,2,0000000055,1
0000013059,0000006895,1,0000000219,1
0000013060,0000006895,2,0000000479,1
0000013061,0000006896,1,0000000142,1
0000013062,0000006896,2,0000000353,1
0000013063,0000006896,3,0000000013,3
0000013064,0000006896,4,0000000217,2
0000013065,0000006897,1,0000000327,3
0000013066,0000006898,1,0000000195,1
0000013067,0000006899,1,0000000224,2
0000013068,0000006900,1,0000000453,3
0000013069,0000006900,2,0000000287,1
0000013070,0000006900,3,0000000231,1
0000013071,0000006901,1,0000000154,1
0000013072,0000006901,2,0000000087,1
0000013073,0000006902,1,0000000244,1
0000013074,0000006902,2,0000000163,2
0000013075,0000006902,3,0000000301,1
0000013076,0000006902,4,0000000368,3
0000013077,0000006902,5,0000000288,1
0000013078,0000006903,1,0000000449,1
0000013079,0000006904,1,0000000352,1
0000013080,0000006905,1,0000000393,1
0000013081,0000006905,2,0000000444,1
0000013082,0000006906,1,0000000214,1
0000013083,0000006907,1,0000000035,2
0000013084,0000006908,1,0000000140,1
0000013085,0000006908,2,0000000459,1
0000013086,0000006908,3,0000000194,1
0000013087,0000006909,1,0000000301,1
0000013088,0000006910,1,0000000321,1
0000013089,0000006910,2,0000000057,1
0000013090,0000006911,1,0000000366,2
0000013091,0000006911,2,0000000099,2
0000013092,0000006911,3,0000000241,3
0000013093,0000006911,4,0000000276,2
0000013094,0000006912,1,0000000331,1
0000013095,0000006912,2,0000000072,1
0000013096,0000006913,1,0000000467,3
0000013097,0000006914,1,0000000447,1
0000013098,0000006914,2,0000000200,1
0000013099,0000006915,1,0000000115,4
0000013100,0000006915,2,0000000414,1
0000013101,0000006916,1,0000000008,3
0000013102,0000006916,2,0000000319,2
0000013103,0000006916,3,0000000096,1
0000013104,0000006917,1,0000000352,1
0000013105,0000006917,2,0000000160,1
0000013106,0000006917,3,0000000163,1
0000013107,0000006917,4,0000000263,1
0000013108,0000006917,5,0000000377,1
0000013109,0000006918,1,0000000247,1
0000013110,0000006919,1,0000000467,2
0000013111,0000006919,2,0000000362,1
0000013112,0000006920,1,0000000251,2
0000013113,0000006920,2,0000000085,1
0000013114,0000006920,3,0000000091,1
0000013115,0000006920,4,0000000110,1
0000013116,0000006920,5,0000000224,1
0000013117,0000006921,1,0000000231,4
0000013118,0000006922,1,0000000453,1
0000013119,0000006922,2,0000000062,1
0000013120,0000006922,3,0000000294,3
0000013121,0000006922,4,0000000377,4
0000013122,0000006922,5,0000000209,1
0000013123,0000006923,1,0000000123,2
0000013124,0000006923,2,0000000223,1
0000013125,0000006923,3,0000000336,1
0000013126,0000006923,4,0000000319,2
0000013127,0000006924,1,0000000273,1
0000013128,0000006924,2,0000000149,4
0000013129,0000006924,3,0000000079,2
0000013130,0000006925,1,0000000357,2
0000013131,0000006926,1,0000000415,1
0000013132,0000006926,2,0000000395,1
0000013133,0000006927,1,0000000068,2
0000013134,0000006927,2,0000000234,1
0000013135,0000006928,1,0000000215,1
0000013136,0000006929,1,0000000423,3
0000013137,0000006929,2,0000000384,1
0000013138,0000006930,1,0000000330,2
0000013139,0000006931,1,0000000438,1
0000013140,0000006932,1,0000000280,1
0000013141,0000006932,2,0000000123,1
0000013142,0000006932,3,0000000497,1
0000013143,0000006933,1,0000000068,1
0000013144,0000006933,2,0000000021,2
0000013145,0000006933,3,0000000188,2
0000013146,0000006933,4,0000000219,1
0000013147,0000006934,1,0000000451,1
0000013148,0000006934,2,0000000158,1
0000013149,0000006934,3,0000000221,1
0000013150,0000006934,4,0000000059,1
0000013151,0000006935,1,0000000174,1
0000013152,0000006935,2,0000000085,1
0000013153,0000006935,3,0000000448,1
0000013154,0000006935,4,0000000482,1
0000013155,0000006936,1,0000000337,1
0000013156,0000006936,2,0000000174,1
0000013157,0000006936,3,0000000080,1
0000013158,0000006936,4,0000000465,1
0000013159,0000006937,1,0000000166,1
0000013160,0000006937,2,0000000282,1
0000013161,0000006938,1,0000000075,1
0000013162,0000006939,1,0000000403,1
0000013163,0000006939,2,0000000304,1
0000013164,0000006940,1,0000000287,1
0000013165,0000006940,2,0000000234,1
0000013166,0000006940,3,0000000335,1
0000013167,0000006940,4,0000000324,2
0000013168,0000006941,1,0000000396,3
0000013169,0000006942,1,0000000388,2
0000013170,0000006943,1,0000000158,1
0000013171,0000006943,2,0000000085,1
0000013172,0000006944,1,0000000449,2
0000013173,0000006944,2,0000000053,1
0000013174,0000006944,3,0000000156,1
0000013175,0000006945,1,0000000184,1
0000013176,0000006945,2,0000000397,1
0000013177,0000006946,1,0000000175,1
0000013178,0000006947,1,0000000485,1
0000013179,0000006948,1,0000000166,2
0000013180,0000006949,1,0000000359,3
0000013181,0000006949,2,0000000346,1
0000013182,0000006949,3,0000000238,2
0000013183,0000006949,4,0000000190,1
0000013184,0000006950,1,0000000437,1
0000013185,0000006951,1,0000000409,1
0000013186,0000006951,2,0000000204,1
0000013187,0000006951,3,0000000473,3
0000013188,0000006951,4,0000000013,2
0000013189,0000006952,1,0000000238,1
0000013190,0000006953,1,0000000462,2
0000013191,0000006954,1,0000000269,1
0000013192,0000006955,1,0000000122,1
0000013193,0000006956,1,0000000159,1
0000013194,0000006956,2,0000000063,1
0000013195,0000006956,3,0000000132,1
0000013196,0000006957,1,0000000165,3
0000013197,0000006958,1,0000000094,1
0000013198,0000006959,1,0000000131,2
0000013199,0000006960,1,0000000258,2
0000013200,0000006961,1,0000000318,1
0000013201,0000006961,2,0000000203,1
0000013202,0000006961,3,0000000455,2
0000013203,0000006962,1,0000000040,1
0000013204,0000006962,2,0000000182,1
0000013205,0000006962,3,0000000082,1
0000013206,0000006963,1,0000000401,2
0000013207,0000006964,1,0000000454,1
0000013208,0000006965,1,0000000287,1
0000013209,0000006965,2,0000000340,1
0000013210,0000006966,1,0000000362,3
0000013211,0000006966,2,0000000143,1
0000013212,0000006966,3,0000000445,1
0000013213,0000006966,4,0000000310,1
0000013214,0000006967,1,0000000225,1
0000013215,0000006968,1,0000000187,1
0000013216,0000006969,1,0000000276,2
0000013217,0000006969,2,0000000110,1
0000013218,0000006970,1,0000000192,1
0000013219,0000006971,1,0000000265,2
0000013220,0000006971,2,0000000159,1
0000013221,0000006972,1,0000000235,1
0000013222,0000006973,1,0000000478,2
0000013223,0000006974,1,0000000390,1
0000013224,0000006975,1,0000000364,2
0000013225,0000006976,1,0000000273,3
0000013226,0000006976,2,0000000491,2
0000013227,0000006977,1,0000000455,1
0000013228,0000006978,1,0000000089,1
0000013229,0000006979,1,0000000155,1
0000013230,0000006979,2,0000000385,1
0000013231,0000006979,3,0000000232,1
0000013232,0000006979,4,0000000465,1
0000013233,0000006980,1,0000000435,1
0000013234,0000006981,1,0000000148,1
0000013235,0000006982,1,0000000181,1
0000013236,0000006982,2,0000000229,1
0000013237,0000006982,3,0000000005,1
0000013238,0000006982,4,0000000227,1
0000013239,0000006983,1,0000000210,1
0000013240,0000006984,1,0000000472,2
0000013241,0000006984,2,0000000374,1
0000013242,0000006985,1,0000000098,1
0000013243,0000006986,1,0000000069,3
0000013244,0000006986,2,0000000130,1
0000013245,0000006987,1,0000000474,1
0000013246,0000006987,2,0000000423,2
0000013247,0000006988,1,0000000047,1
0000013248,0000006988,2,0000000108,1
0000013249,0000006988,3,0000000275,2
0000013250,0000006989,1,0000000138,1
0000013251,0000006990,1,0000000258,3
0000013252,0000006991,1,0000000123,3
0000013253,0000006992,1,0000000198,1
0000013254,0000006993,1,0000000371,3
0000013255,0000006993,2,0000000228,2
0000013256,0000006994,1,0000000281,1
0000013257,0000006995,1,0000000223,1
0000013258,0000006996,1,0000000120,1
0000013259,0000006997,1,0000000436,1
0000013260,0000006997,2,0000000027,1
0000013261,0000006998,1,0000000060,3
0000013262,0000006998,2,0000000160,1
0000013263,0000006998,3,0000000338,1
0000013264,0000006999,1,0000000213,2
0000013265,0000007000,1,0000000158,1
0000013266,0000007001,1,0000000220,1
0000013267,0000007001,2,0000000218,1
0000013268,0000007001,3,0000000023,1
0000013269,0000007002,1,0000000177,1
0000013270,0000007002,2,0000000023,3
0000013271,0000007003,1,0000000440,1
0000013272,0000007003,2,0000000453,3
0000013273,0000007003,3,0000000439,1
0000013274,0000007004,1,0000000304,1
0000013275,0000007005,1,0000000299,2
0000013276,0000007006,1,0000000342,3
0000013277,0000007006,2,0000000158,2
0000013278,0000007007,1,0000000476,3
0000013279,0000007007,2,0000000085,1
0000013280,0000007008,1,0000000281,2
0000013281,0000007008,2,0000000207,1
0000013282,0000007008,3,0000000185,1
0000013283,0000007008,4,0000000316,1
0000013284,0000007009,1,0000000354,2
0000013285,0000007010,1,0000000141,1
0000013286,0000007011,1,0000000001,2
0000013287,0000007012,1,0000000080,1
0000013288,0000007013,1,0000000488,1
0000013289,0000007014,1,0000000114,1
0000013290,0000007015,1,0000000160,1
0000013291,0000007015,2,0000000155,1
0000013292,0000007015,3,0000000465,1
0000013293,0000007015,4,0000000324,1
0000013294,0000007015,5,0000000298,2
0000013295,0000007016,1,0000000030,1
0000013296,0000007016,2,0000000330,1
0000013297,0000007017,1,0000000211,1
0000013298,0000007017,2,0000000395,1
0000013299,0000007017,3,0000000228,4
0000013300,0000007018,1,0000000110,1
0000013301,0000007018,2,0000000288,1
0000013302,0000007018,3,0000000130,1
0000013303,0000007019,1,0000000230,1
0000013304,0000007020,1,0000000491,3
0000013305,0000007021,1,0000000150,1
0000013306,0000007022,1,0000000208,1
0000013307,0000007022,2,0000000181,1
0000013308,0000007022,3,0000000498,1
0000013309,0000007023,1,0000000180,1
0000013310,0000007024,1,0000000037,1
0000013311,0000007025,1,0000000072,1
0000013312,0000007026,1,0000000363,1
0000013313,0000007026,2,0000000115,3
0000013314,0000007027,1,0000000259,1
0000013315,0000007027,2,0000000460,1
0000013316,0000007028,1,0000000480,1
0000013317,0000007029,1,0000000378,1
0000013318,0000007030,1,0000000356,3
0000013319,0000007030,2,0000000453,1
0000013320,0000007030,3,0000000225,3
0000013321,0000007031,1,0000000299,3
0000013322,0000007032,1,0000000264,2
0000013323,0000007032,2,0000000382,2
0000013324,0000007032,3,0000000452,1
0000013325,0000007032,4,0000000441,1
0000013326,0000007032,5,0000000184,1
0000013327,0000007033,1,0000000484,1
0000013328,0000007034,1,0000000146,1
0000013329,0000007034,2,0000000257,1
0000013330,0000007035,1,0000000284,1
0000013331,0000007036,1,0000000271,1
0000013332,0000007036,2,0000000021,1
0000013333,0000007037,1,0000000265,2
0000013334,0000007037,2,0000000008,1
0000013335,0000007037,3,0000000474,1
0000013336,0000007037,4,0000000019,1
0000013337,0000007038,1,0000000446,1
0000013338,0000007038,2,0000000415,3
0000013339,0000007039,1,0000000222,1
0000013340,0000007040,1,0000000218,1
0000013341,0000007040,2,0000000495,1
0000013342,0000007040,3,0000000333,1
0000013343,0000007041,1,0000000189,4
0000013344,0000007041,2,0000000306,1
0000013345,0000007041,3,0000000253,2
0000013346,0000007042,1,0000000019,1
0000013347,0000007043,1,0000000455,1
0000013348,0000007044,1,0000000402,1
0000013349,0000007045,1,0000000220,4
0000013350,0000007046,1,0000000362,2
0000013351,0000007047,1,0000000441,1
0000013352,0000007047,2,0000000459,2
0000013353,0000007048,1,0000000245,1
0000013354,0000007049,1,0000000175,1
0000013355,0000007049,2,0000000079,2
0000013356,0000007050,1,0000000415,1
0000013357,0000007051,1,0000000491,2
0000013358,0000007052,1,0000000367,1
0000013359,0000007052,2,0000000062,1
0000013360,0000007052,3,0000000330,1
0000013361,0000007053,1,0000000136,1
0000013362,0000007054,1,0000000497,1
0000013363,0000007055,1,0000000162,1
0000013364,0000007055,2,0000000287,2
0000013365,0000007055,3,0000000228,1
0000013366,0000007055,4,0000000207,1
0000013367,0000007056,1,0000000245,1
0000013368,0000007057,1,0000000142,1
0000013369,0000007058,1,0000000304,1
0000013370,0000007058,2,0000000004,1
0000013371,0000007058,3,0000000398,1
0000013372,0000007058,4,0000000246,1
0000013373,0000007059,1,0000000200,1
0000013374,0000007060,1,0000000395,1
0000013375,0000007060,2,0000000339,1
0000013376,0000007061,1,0000000201,4
0000013377,0000007061,2,0000000388,1
0000013378,0000007062,1,0000000391,1
0000013379,0000007063,1,0000000124,1
0000013380,0000007063,2,0000000348,1
0000013381,0000007063,3,0000000335,1
0000013382,0000007064,1,0000000300,1
0000013383,0000007064,2,0000000174,4
0000013384,0000007065,1,0000000400,1
0000013385,0000007065,2,0000000401,1
0000013386,0000007065,3,0000000140,1
0000013387,0000007066,1,0000000376,1
0000013388,0000007067,1,0000000057,1
0000013389,0000007068,1,0000000009,1
0000013390,0000007068,2,0000000477,1
0000013391,0000007068,3,0000000271,1
0000013392,0000007068,4,0000000052,1
0000013393,0000007069,1,0000000021,1
0000013394,0000007070,1,0000000271,1
0000013395,0000007070,2,0000000202,1
0000013396,0000007071,1,0000000187,1
0000013397,0000007072,1,0000000109,2
0000013398,0000007073,1,0000000137,2
0000013399,0000007073,2,0000000061,1
0000013400,0000007074,1,0000000282,1
0000013401,0000007074,2,0000000060,1
0000013402,0000007074,3,0000000056,2
0000013403,0000007074,4,0000000179,2
0000013404,0000007075,1,0000000023,1
0000013405,0000007075,2,0000000053,1
0000013406,0000007075,3,0000000434,1
0000013407,0000007075,4,0000000142,1
0000013408,0000007075,5,0000000217,1
0000013409,0000007076,1,0000000261,1
0000013410,0000007076,2,0000000375,1
0000013411,0000007076,3,0000000160,1
0000013412,0000007077,1,0000000198,2
0000013413,0000007077,2,0000000345,1
0000013414,0000007078,1,0000000355,1
0000013415,0000007079,1,0000000366,1
0000013416,0000007079,2,0000000106,2
0000013417,0000007079,3,0000000364,1
0000013418,0000007079,4,0000000192,1
0000013419,0000007079,5,0000000195,1
0000013420,0000007080,1,0000000042,1
0000013421,0000007081,1,0000000055,1
0000013422,0000007081,2,0000000019,3
0000013423,0000007081,3,0000000066,1
0000013424,0000007081,4,0000000451,1
0000013425,0000007082,1,0000000238,1
0000013426,0000007082,2,0000000486,1
0000013427,0000007082,3,0000000433,3
0000013428,0000007083,1,0000000295,1
0000013429,0000007083,2,0000000363,1
0000013430,0000007084,1,0000000144,2
0000013431,0000007085,1,0000000128,1
0000013432,0000007086,1,0000000251,2
0000013433,0000007087,1,0000000065,1
0000013434,0000007087,2,0000000053,3
0000013435,0000007087,3,0000000362,1
0000013436,0000007088,1,0000000190,3
0000013437,0000007088,2,0000000209,1
0000013438,0000007088,3,0000000122,2
0000013439,0000007088,4,0000000146,1
0000013440,0000007088,5,0000000432,1
0000013441,0000007089,1,0000000340,1
0000013442,0000007090,1,0000000377,1
0000013443,0000007090,2,0000000072,1
0000013444,0000007090,3,0000000259,2
0000013445,0000007090,4,0000000070,1
0000013446,0000007090,5,0000000195,1
0000013447,0000007091,1,0000000416,3
0000013448,0000007092,1,0000000196,1
0000013449,0000007093,1,0000000098,1
0000013450,0000007094,1,0000000117,2
0000013451,0000007094,2,0000000048,1
0000013452,0000007095,1,0000000369,4
0000013453,0000007096,1,0000000060,1
0000013454,0000007097,1,0000000354,2
0000013455,0000007097,2,0000000321,1
0000013456,0000007098,1,0000000427,1
0000013457,0000007099,1,0000000448,1
0000013458,0000007099,2,0000000404,1
0000013459,0000007099,3,0000000451,2
0000013460,0000007099,4,0000000315,3
0000013461,0000007100,1,0000000416,1
0000013462,0000007100,2,0000000276,1
0000013463,0000007100,3,0000000451,2
0000013464,0000007101,1,0000000054,1
0000013465,0000007102,1,0000000292,1
0000013466,0000007103,1,0000000493,1
0000013467,0000007103,2,0000000154,1
0000013468,0000007104,1,0000000310,1
0000013469,0000007105,1,0000000088,1
0000013470,0000007106,1,0000000242,2
0000013471,0000007107,1,0000000025,1
0000013472,0000007108,1,0000000012,1
0000013473,0000007108,2,0000000062,1
0000013474,0000007108,3,0000000295,1
0000013475,0000007108,4,0000000470,1
0000013476,0000007109,1,0000000090,1
0000013477,0000007109,2,0000000013,1
0000013478,0000007110,1,0000000175,3
0000013479,0000007111,1,0000000248,1
0000013480,0000007112,1,0000000004,1
0000013481,0000007113,1,0000000265,2
0000013482,0000007113,2,0000000166,1
0000013483,0000007114,1,0000000261,1
0000013484,0000007114,2,0000000488,1
0000013485,0000007114,3,0000000413,2
0000013486,0000007115,1,0000000023,1
0000013487,0000007115,2,0000000300,2
0000013488,0000007115,3,0000000205,1
0000013489,0000007115,4,0000000328,1
0000013490,0000007116,1,0000000492,1
0000013491,0000007117,1,0000000280,4
0000013492,0000007118,1,0000000483,1
0000013493,0000007118,2,0000000434,3
0000013494,0000007118,3,0000000183,2
0000013495,0000007119,1,0000000221,1
0000013496,0000007119,2,0000000492,1
0000013497,0000007120,1,0000000200,1
0000013498,0000007121,1,0000000464,1
0000013499,0000007121,2,0000000405,2
0000013500,0000007122,1,0000000270,1
0000013501,0000007122,2,0000000201,1
0000013502,0000007123,1,0000000476,1
0000013503,0000007124,1,0000000014,1
0000013504,0000007125,1,0000000283,1
0000013505,0000007125,2,0000000135,2
0000013506,0000007126,1,0000000298,1
0000013507,0000007127,1,0000000311,1
0000013508,0000007127,2,0000000127,1
0000013509,0000007127,3,0000000500,1
0000013510,0000007128,1,0000000383,1
0000013511,0000007129,1,0000000310,1
0000013512,0000007129,2,0000000447,1
0000013513,0000007130,1,0000000254,1
0000013514,0000007131,1,0000000429,2
0000013515,0000007132,1,0000000077,1
0000013516,0000007133,1,0000000378,1
0000013517,0000007133,2,0000000308,1
0000013518,0000007134,1,0000000185,2
0000013519,0000007135,1,0000000190,3
0000013520,0000007135,2,0000000044,1
0000013521,0000007135,3,0000000463,1
0000013522,0000007135,4,0000000027,3
0000013523,0000007136,1,0000000174,2
0000013524,0000007137,1,0000000123,1
0000013525,0000007138,1,0000000484,1
0000013526,0000007139,1,0000000176,1
0000013527,0000007139,2,0000000233,3
0000013528,0000007140,1,0000000452,1
0000013529,0000007141,1,0000000307,1
0000013530,0000007141,2,0000000375,2
0000013531,0000007141,3,0000000091,1
0000013532,0000007141,4,0000000456,1
0000013533,0000007142,1,0000000189,1
0000013534,0000007142,2,0000000203,1
0000013535,0000007143,1,0000000243,1
0000013536,0000007144,1,0000000345,2
0000013537,0000007144,2,0000000237,1
0000013538,0000007145,1,0000000237,2
0000013539,0000007145,2,0000000242,1
0000013540,0000007146,1,0000000042,2
0000013541,0000007146,2,0000000366,1
0000013542,0000007146,3,0000000288,1
0000013543,0000007146,4,0000000409,1
0000013544,0000007147,1,0000000366,1
0000013545,0000007147,2,0000000401,1
0000013546,0000007148,1,0000000394,1
0000013547,0000007148,2,0000000486,1
0000013548,0000007148,3,0000000467,1
0000013549,0000007148,4,0000000498,2
0000013550,0000007149,1,0000000344,1
0000013551,0000007149,2,0000000191,1
0000013552,0000007149,3,0000000081,1
0000013553,0000007150,1,0000000496,1
0000013554,0000007151,1,0000000057,1
0000013555,0000007152,1,0000000337,1
0000013556,0000007152,2,0000000458,3
0000013557,0000007153,1,0000000009,1
0000013558,0000007154,1,0000000021,1
0000013559,0000007154,2,0000000014,2
0000013560,0000007155,1,0000000396,3
0000013561,0000007156,1,0000000013,1
0000013562,0000007157,1,0000000162,2
0000013563,0000007158,1,0000000343,1
0000013564,0000007159,1,0000000455,1
0000013565,0000007160,1,0000000007,1
0000013566,0000007161,1,0000000047,1
0000013567,0000007162,1,0000000072,2
0000013568,0000007162,2,0000000184,1
0000013569,0000007162,3,0000000041,3
0000013570,0000007163,1,0000000175,2
0000013571,0000007163,2,0000000430,1
0000013572,0000007163,3,0000000487,1
0000013573,0000007163,4,0000000412,1
0000013574,0000007164,1,0000000079,1
0000013575,0000007165,1,0000000244,1
0000013576,0000007166,1,0000000412,1
0000013577,0000007167,1,0000000469,3
0000013578,0000007168,1,0000000183,1
0000013579,0000007169,1,0000000103,1
0000013580,0000007169,2,0000000261,4
0000013581,0000007170,1,0000000325,1
0000013582,0000007171,1,0000000379,1
0000013583,0000007171,2,0000000375,3
0000013584,0000007172,1,0000000462,1
0000013585,0000007172,2,0000000418,2
0000013586,0000007172,3,0000000064,2
0000013587,0000007173,1,0000000020,4
0000013588,0000007173,2,0000000110,2
0000013589,0000007173,3,0000000183,3
0000013590,0000007173,4,0000000025,1
0000013591,0000007174,1,0000000318,1
0000013592,0000007175,1,0000000418,2
0000013593,0000007176,1,0000000007,1
0000013594,0000007176,2,0000000064,1
0000013595,0000007176,3,0000000295,1
0000013596,0000007177,1,0000000423,1
0000013597,0000007178,1,0000000031,2
0000013598,0000007178,2,0000000259,1
0000013599,0000007179,1,0000000186,1
0000013600,0000007179,2,0000000327,4
0000013601,0000007180,1,0000000007,2
0000013602,0000007180,2,0000000113,2
0000013603,0000007181,1,0000000338,1
0000013604,0000007181,2,0000000436,1
0000013605,0000007182,1,0000000367,1
0000013606,0000007183,1,0000000089,1
0000013607,0000007183,2,0000000392,2
0000013608,0000007183,3,0000000336,1
0000013609,0000007183,4,0000000171,1
0000013610,0000007184,1,0000000200,1
0000013611,0000007184,2,0000000068,1
0000013612,0000007185,1,0000000064,2
0000013613,0000007186,1,0000000251,1
0000013614,0000007187,1,0000000362,1
0000013615,0000007187,2,0000000350,1
0000013616,0000007187,3,0000000386,1
0000013617,0000007188,1,0000000221,1
0000013618,0000007188,2,0000000487,1
0000013619,0000007188,3,0000000403,1
0000013620,0000007189,1,0000000462,1
0000013621,0000007189,2,0000000396,1
0000013622,0000007190,1,0000000129,1
0000013623,0000007191,1,0000000182,1
0000013624,0000007192,1,0000000471,1
0000013625,0000007192,2,0000000373,1
0000013626,0000007192,3,0000000329,1
0000013627,0000007192,4,0000000030,2
0000013628,0000007193,1,0000000376,1
0000013629,0000007193,2,0000000160,1
0000013630,0000007193,3,0000000471,2
0000013631,0000007194,1,0000000479,1
0000013632,0000007194,2,0000000192,1
0000013633,0000007195,1,0000000464,1
0000013634,0000007196,1,0000000311,1
0000013635,0000007196,2,0000000378,1
0000013636,0000007197,1,0000000431,1
0000013637,0000007197,2,0000000444,3
0000013638,0000007197,3,0000000414,1
0000013639,0000007198,1,0000000069,1
0000013640,0000007198,2,0000000435,1
0000013641,0000007198,3,0000000186,1
0000013642,0000007198,4,0000000408,2
0000013643,0000007199,1,0000000277,1
0000013644,0000007200,1,0000000306,4
0000013645,0000007200,2,0000000292,1
0000013646,0000007200,3,0000000414,1
0000013647,0000007201,1,0000000128,2
0000013648,0000007202,1,0000000241,1
0000013649,0000007203,1,0000000266,1
0000013650,0000007204,1,0000000052,2
0000013651,0000007204,2,0000000397,4
0000013652,0000007204,3,0000000396,1
0000013653,0000007204,4,0000000301,2
0000013654,0000007204,5,0000000212,1
0000013655,0000007205,1,0000000437,1
0000013656,0000007205,2,0000000489,3
0000013657,0000007206,1,0000000473,1
0000013658,0000007206,2,0000000095,1
0000013659,0000007206,3,0000000445,1
0000013660,0000007206,4,0000000469,4
0000013661,0000007207,1,0000000448,1
0000013662,0000007207,2,0000000291,1
0000013663,0000007208,1,0000000477,1
0000013664,0000007208,2,0000000073,3
0000013665,0000007208,3,0000000254,1
0000013666,0000007209,1,0000000426,1
0000013667,0000007210,1,0000000007,1
0000013668,0000007210,2,0000000163,1
0000013669,0000007211,1,0000000326,2
0000013670,0000007211,2,0000000323,1
0000013671,0000007212,1,0000000164,1
0000013672,0000007212,2,0000000144,1
0000013673,0000007212,3,0000000429,4
0000013674,0000007213,1,0000000041,1
0000013675,0000007214,1,0000000022,1
0000013676,0000007214,2,0000000306,1
0000013677,0000007215,1,0000000398,1
0000013678,0000007215,2,0000000022,1
0000013679,0000007215,3,0000000383,3
0000013680,0000007215,4,0000000072,2
0000013681,0000007216,1,0000000072,2
0000013682,0000007217,1,0000000324,1
0000013683,0000007217,2,0000000153,1
0000013684,0000007218,1,0000000368,1
0000013685,0000007218,2,0000000417,2
0000013686,0000007219,1,0000000238,2
0000013687,0000007220,1,0000000481,1
0000013688,0000007221,1,0000000173,3
0000013689,0000007222,1,0000000205,2
0000013690,0000007222,2,0000000168,1
0000013691,0000007222,3,0000000162,1
0000013692,0000007223,1,0000000236,2
0000013693,0000007224,1,0000000018,1
0000013694,0000007225,1,0000000486,1
0000013695,0000007225,2,0000000390,1
0000013696,0000007225,3,0000000228,2
0000013697,0000007225,4,0000000070,4
0000013698,0000007225,5,0000000010,1
0000013699,0000007226,1,0000000375,2
0000013700,0000007226,2,0000000058,1
0000013701,0000007226,3,0000000149,4
0000013702,0000007226,4,0000000068,1
0000013703,0000007227,1,0000000439,1
0000013704,0000007228,1,0000000090,2
0000013705,0000007229,1,0000000049,1
0000013706,0000007229,2,0000000252,1
0000013707,0000007230,1,0000000403,1
0000013708,0000007231,1,0000000188,1
0000013709,0000007232,1,0000000212,1
0000013710,0000007232,2,0000000268,1
0000013711,0000007232,3,0000000186,4
0000013712,0000007233,1,0000000453,1
0000013713,0000007234,1,0000000433,1
0000013714,0000007235,1,0000000280,1
0000013715,0000007236,1,0000000165,1
0000013716,0000007236,2,0000000063,2
0000013717,0000007237,1,0000000412,3
0000013718,0000007238,1,0000000299,1
0000013719,0000007239,1,0000000223,1
0000013720,0000007240,1,0000000243,1
0000013721,0000007241,1,0000000408,1
0000013722,0000007242,1,0000000291,3
0000013723,0000007243,1,0000000215,4
0000013724,0000007244,1,0000000015,2
0000013725,0000007244,2,0000000056,1
0000013726,0000007244,3,0000000385,3
0000013727,0000007244,4,0000000182,1
0000013728,0000007245,1,0000000303,1
0000013729,0000007245,2,0000000136,1
0000013730,0000007245,3,0000000089,2
0000013731,0000007246,1,0000000238,1
0000013732,0000007247,1,0000000491,1
0000013733,0000007248,1,0000000413,1
0000013734,0000007249,1,0000000144,1
0000013735,0000007250,1,0000000208,2
0000013736,0000007250,2,0000000492,2
0000013737,0000007250,3,0000000287,1
0000013738,0000007251,1,0000000094,1
0000013739,0000007252,1,0000000056,1
0000013740,0000007252,2,0000000095,3
0000013741,0000007252,3,0000000402,2
0000013742,0000007253,1,0000000222,1
0000013743,0000007253,2,0000000347,1
0000013744,0000007253,3,0000000435,1
0000013745,0000007253,4,0000000305,3
0000013746,0000007254,1,0000000185,1
0000013747,0000007254,2,0000000441,1
0000013748,0000007255,1,0000000145,1
0000013749,0000007255,2,0000000474,1
0000013750,0000007255,3,0000000251,1
0000013751,0000007255,4,0000000275,4
0000013752,0000007256,1,0000000144,2
0000013753,0000007257,1,0000000320,3
0000013754,0000007257,2,0000000403,2
0000013755,0000007258,1,0000000178,4
0000013756,0000007258,2,0000000433,1
0000013757,0000007259,1,0000000466,1
0000013758,0000007260,1,0000000122,1
0000013759,0000007261,1,0000000191,1
0000013760,0000007261,2,0000000273,1
0000013761,0000007261,3,0000000282,2
0000013762,0000007261,4,0000000442,1
0000013763,0000007261,5,0000000383,1
0000013764,0000007262,1,0000000264,2
0000013765,0000007263,1,0000000183,1
0000013766,0000007264,1,0000000425,1
0000013767,0000007264,2,0000000400,1
0000013768,0000007265,1,0000000308,1
0000013769,0000007265,2,0000000329,2
0000013770,0000007266,1,0000000322,1
0000013771,0000007266,2,0000000298,1
0000013772,0000007267,1,0000000065,1
0000013773,0000007267,2,0000000326,1
0000013774,0000007267,3,0000000303,1
0000013775,0000007268,1,0000000156,2
0000013776,0000007268,2,0000000207,1
0000013777,0000007268,3,0000000178,1
0000013778,0000007269,1,0000000317,2
0000013779,0000007269,2,0000000187,1
0000013780,0000007270,1,0000000349,1
0000013781,0000007270,2,0000000466,1
0000013782,0000007271,1,0000000213,1
0000013783,0000007271,2,0000000111,1
0000013784,0000007271,3,0000000313,1
0000013785,0000007272,1,0000000186,1
0000013786,0000007273,1,0000000500,1
0000013787,0000007273,2,0000000374,2
0000013788,0000007274,1,0000000088,2
0000013789,0000007275,1,0000000362,1
0000013790,0000007276,1,0000000062,2
0000013791,0000007276,2,0000000287,1
0000013792,0000007277,1,0000000391,1
0000013793,0000007278,1,0000000307,1
0000013794,0000007279,1,0000000186,1
0000013795,0000007279,2,0000000340,1
0000013796,0000007280,1,0000000250,1
0000013797,0000007280,2,0000000001,1
0000013798,0000007280,3,0000000386,3
0000013799,0000007280,4,0000000165,1
0000013800,0000007280,5,0000000013,1
0000013801,0000007281,1,0000000017,1
0000013802,0000007281,2,0000000289,1
0000013803,0000007282,1,0000000329,1
0000013804,0000007282,2,0000000368,2
0000013805,0000007282,3,0000000419,1
0000013806,0000007283,1,0000000213,1
0000013807,0000007283,2,0000000326,1
0000013808,0000007283,3,0000000239,3
0000013809,0000007284,1,0000000019,1
0000013810,0000007284,2,0000000295,1
0000013811,0000007285,1,0000000350,2
0000013812,0000007285,2,0000000368,2
0000013813,0000007286,1,0000000240,2
0000013814,0000007286,2,0000000145,1
0000013815,0000007287,1,0000000163,3
0000013816,0000007288,1,0000000461,1
0000013817,0000007288,2,0000000321,2
0000013818,0000007288,3,0000000258,4
0000013819,0000007288,4,0000000159,3
0000013820,0000007288,5,0000000221,1
0000013821,0000007289,1,0000000087,2
0000013822,0000007289,2,0000000171,1
0000013823,0000007290,1,0000000013,1
0000013824,0000007291,1,0000000273,1
0000013825,0000007291,2,0000000239,1
0000013826,0000007291,3,0000000161,1
0000013827,0000007291,4,0000000227,2
0000013828,0000007291,5,0000000448,1
0000013829,0000007292,1,0000000239,1
0000013830,0000007292,2,0000000421,2
0000013831,0000007292,3,0000000100,1
0000013832,0000007293,1,0000000002,1
0000013833,0000007293,2,0000000427,1
0000013834,0000007293,3,0000000450,2
0000013835,0000007293,4,0000000190,1
0000013836,0000007294,1,0000000322,1
0000013837,0000007295,1,0000000137,1
0000013838,0000007295,2,0000000010,2
0000013839,0000007295,3,0000000022,1
0000013840,0000007296,1,0000000264,1
0000013841,0000007296,2,0000000324,1
0000013842,0000007296,3,0000000113,1
0000013843,0000007296,4,0000000334,1
0000013844,0000007296,5,0000000099,1
0000013845,0000007297,1,0000000081,1
0000013846,0000007298,1,0000000436,1
0000013847,0000007298,2,0000000020,3
0000013848,0000007299,1,0000000316,1
0000013849,0000007299,2,0000000417,3
0000013850,0000007300,1,0000000087,1
0000013851,0000007301,1,0000000115,1
0000013852,0000007302,1,0000000384,1
0000013853,0000007302,2,0000000113,3
0000013854,0000007302,3,0000000420,2
0000013855,0000007302,4,0000000233,2
0000013856,0000007303,1,0000000462,2
0000013857,0000007303,2,0000000198,1
0000013858,0000007303,3,0000000420,1
0000013859,0000007303,4,0000000236,1
0000013860,0000007304,1,0000000037,1
0000013861,0000007305,1,0000000341,1
0000013862,0000007305,2,0000000028,2
0000013863,0000007306,1,0000000069,2
0000013864,0000007307,1,0000000163,2
0000013865,0000007308,1,0000000200,2
0000013866,0000007308,2,0000000054,1
0000013867,0000007308,3,0000000138,1
0000013868,0000007309,1,0000000013,1
0000013869,0000007310,1,0000000435,1
0000013870,0000007310,2,0000000494,2
0000013871,0000007310,3,0000000093,2
0000013872,0000007311,1,0000000422,4
0000013873,0000007311,2,0000000282,1
0000013874,0000007312,1,0000000273,1
0000013875,0000007313,1,0000000316,1
0000013876,0000007314,1,0000000293,4
0000013877,0000007315,1,0000000434,1
0000013878,0000007315,2,0000000403,1
0000013879,0000007316,1,0000000316,1
0000013880,0000007316,2,0000000259,1
0000013881,0000007317,1,0000000467,1
0000013882,0000007317,2,0000000243,1
0000013883,0000007318,1,0000000464,1
0000013884,0000007319,1,0000000074,3
0000013885,0000007319,2,0000000203,2
0000013886,0000007320,1,0000000002,1
0000013887,0000007320,2,0000000419,1
0000013888,0000007321,1,0000000031,1
0000013889,0000007322,1,0000000154,1
0000013890,0000007323,1,0000000002,2
0000013891,0000007323,2,0000000021,1
0000013892,0000007324,1,0000000456,2
0000013893,0000007324,2,0000000146,2
0000013894,0000007325,1,0000000472,2
0000013895,0000007326,1,0000000375,1
0000013896,0000007327,1,0000000091,2
0000013897,0000007328,1,0000000406,1
0000013898,0000007328,2,0000000158,1
0000013899,0000007329,1,0000000296,1
0000013900,0000007329,2,0000000409,1
0000013901,0000007329,3,0000000158,1
0000013902,0000007329,4,0000000345,1
0000013903,0000007330,1,0000000255,1
0000013904,0000007331,1,0000000322,1
0000013905,0000007331,2,0000000484,1
0000013906,0000007332,1,0000000225,1
0000013907,0000007333,1,0000000169,1
0000013908,0000007334,1,0000000438,1
0000013909,0000007334,2,0000000253,1
0000013910,0000007335,1,0000000162,2
0000013911,0000007336,1,0000000133,1
0000013912,0000007337,1,0000000271,4
0000013913,0000007337,2,0000000051,2
0000013914,0000007337,3,0000000015,1
0000013915,0000007338,1,0000000111,1
0000013916,0000007339,1,0000000359,1
0000013917,0000007339,2,0000000249,1
0000013918,0000007339,3,0000000470,1
0000013919,0000007339,4,0000000422,1
0000013920,0000007340,1,0000000083,1
0000013921,0000007341,1,0000000409,1
0000013922,0000007341,2,0000000238,1
0000013923,0000007341,3,0000000179,1
0000013924,0000007341,4,0000000029,1
0000013925,0000007342,1,0000000101,1
0000013926,0000007342,2,0000000275,1
0000013927,0000007342,3,0000000442,1
0000013928,0000007343,1,0000000065,1
0000013929,0000007343,2,0000000201,2
0000013930,0000007344,1,0000000281,1
0000013931,0000007344,2,0000000381,1
0000013932,0000007344,3,0000000299,3
0000013933,0000007345,1,0000000099,1
0000013934,0000007345,2,0000000143,4
0000013935,0000007345,3,0000000447,3
0000013936,0000007345,4,0000000470,1
0000013937,0000007346,1,0000000255,1
0000013938,0000007346,2,0000000003,1
0000013939,0000007347,1,0000000009,1
0000013940,0000007347,2,0000000172,2
0000013941,0000007348,1,0000000422,1
0000013942,0000007349,1,0000000011,2
0000013943,0000007349,2,0000000223,2
0000013944,0000007350,1,0000000184,1
0000013945,0000007350,2,0000000027,1
0000013946,0000007351,1,0000000301,1
0000013947,0000007351,2,0000000168,1
0000013948,0000007351,3,0000000485,1
0000013949,0000007352,1,0000000366,3
0000013950,0000007353,1,0000000004,1
0000013951,0000007354,1,0000000094,1
0000013952,0000007355,1,0000000143,1
0000013953,0000007355,2,0000000439,1
0000013954,0000007355,3,0000000465,1
0000013955,0000007356,1,0000000042,1
0000013956,0000007356,2,0000000133,1
0000013957,0000007356,3,0000000482,1
0000013958,0000007357,1,0000000207,1
0000013959,0000007358,1,0000000489,1
0000013960,0000007358,2,0000000110,1
0000013961,0000007359,1,0000000061,1
0000013962,0000007359,2,0000000499,1
0000013963,0000007360,1,0000000358,1
0000013964,0000007360,2,0000000132,1
0000013965,0000007360,3,0000000012,1
0000013966,0000007360,4,0000000118,4
0000013967,0000007361,1,0000000327,2
0000013968,0000007361,2,0000000402,1
0000013969,0000007361,3,0000000074,1
0000013970,0000007362,1,0000000087,2
0000013971,0000007362,2,0000000014,2
0000013972,0000007362,3,0000000386,1
0000013973,0000007363,1,0000000077,1
0000013974,0000007364,1,0000000353,2
0000013975,0000007365,1,0000000440,1
0000013976,0000007366,1,0000000494,1
0000013977,0000007367,1,0000000011,1
0000013978,0000007367,2,0000000403,1
0000013979,0000007367,3,0000000111,1
0000013980,0000007368,1,0000000395,1
0000013981,0000007369,1,0000000437,1
0000013982,0000007369,2,0000000023,1
0000013983,0000007369,3,0000000254,3
0000013984,0000007369,4,0000000166,2
0000013985,0000007370,1,0000000412,4
0000013986,0000007370,2,0000000154,1
0000013987,0000007371,1,0000000403,1
0000013988,0000007372,1,0000000390,4
0000013989,0000007373,1,0000000193,1
0000013990,0000007374,1,0000000328,1
0000013991,0000007374,2,0000000463,4
0000013992,0000007374,3,0000000257,1
0000013993,0000007374,4,0000000273,1
0000013994,0000007375,1,0000000274,1
0000013995,0000007376,1,0000000151,1
0000013996,0000007377,1,0000000145,3
0000013997,0000007377,2,0000000251,1
0000013998,0000007377,3,0000000026,1
0000013999,0000007377,4,0000000168,1
0000014000,0000007378,1,0000000149,1
0000014001,0000007378,2,0000000208,1
0000014002,0000007378,3,0000000155,1
0000014003,0000007378,4,0000000274,1
0000014004,0000007379,1,0000000494,1
0000014005,0000007379,2,0000000367,2
0000014006,0000007380,1,0000000464,1
0000014007,0000007381,1,0000000067,1
0000014008,0000007382,1,0000000099,1
0000014009,0000007382,2,0000000236,2
0000014010,0000007382,3,0000000263,1
0000014011,0000007383,1,0000000406,2
0000014012,0000007383,2,0000000006,1
0000014013,0000007383,3,0000000045,2
0000014014,0000007384,1,0000000076,1
0000014015,0000007384,2,0000000397,1
0000014016,0000007384,3,0000000356,1
0000014017,0000007384,4,0000000277,1
0000014018,0000007385,1,0000000187,1
0000014019,0000007385,2,0000000014,1
0000014020,0000007386,1,0000000381,1
0000014021,0000007387,1,0000000135,1
0000014022,0000007388,1,0000000428,1
0000014023,0000007388,2,0000000352,1
0000014024,0000007389,1,0000000257,1
0000014025,0000007389,2,0000000457,1
0000014026,0000007389,3,0000000119,1
0000014027,0000007390,1,0000000259,1
0000014028,0000007390,2,0000000205,1
0000014029,0000007391,1,0000000172,2
0000014030,0000007391,2,0000000083,2
0000014031,0000007391,3,0000000431,1
0000014032,0000007391,4,0000000021,1
0000014033,0000007392,1,0000000013,3
0000014034,0000007393,1,0000000367,1
0000014035,0000007394,1,0000000163,1
0000014036,0000007395,1,0000000052,3
0000014037,0000007395,2,0000000410,1
0000014038,0000007396,1,0000000322,2
0000014039,0000007396,2,0000000341,1
0000014040,0000007396,3,0000000478,1
0000014041,0000007397,1,0000000229,2
0000014042,0000007398,1,0000000013,1
0000014043,0000007398,2,0000000289,1
0000014044,0000007399,1,0000000108,1
0000014045,0000007399,2,0000000062,2
0000014046,0000007400,1,0000000229,2
0000014047,0000007401,1,0000000035,2
0000014048,0000007401,2,0000000294,1
0000014049,0000007402,1,0000000129,1
0000014050,0000007403,1,0000000155,1
0000014051,0000007404,1,0000000320,1
0000014052,0000007405,1,0000000118,1
0000014053,0000007406,1,0000000165,1
0000014054,0000007406,2,0000000384,4
0000014055,0000007407,1,0000000315,1
0000014056,0000007408,1,0000000482,1
0000014057,0000007409,1,0000000432,1
0000014058,0000007409,2,0000000007,1
0000014059,0000007410,1,0000000298,2
0000014060,0000007410,2,0000000310,2
0000014061,0000007411,1,0000000071,2
0000014062,0000007412,1,0000000284,1
0000014063,0000007412,2,0000000369,1
0000014064,0000007413,1,0000000001,1
0000014065,0000007414,1,0000000143,1
0000014066,0000007415,1,0000000339,1
0000014067,0000007416,1,0000000105,1
0000014068,0000007416,2,0000000034,1
0000014069,0000007416,3,0000000174,1
0000014070,0000007417,1,0000000005,2
0000014071,0000007417,2,0000000170,2
0000014072,0000007417,3,0000000390,1
0000014073,0000007418,1,0000000385,1
0000014074,0000007418,2,0000000315,1
0000014075,0000007419,1,0000000498,1
0000014076,0000007419,2,0000000156,1
0000014077,0000007420,1,0000000366,2
0000014078,0000007420,2,0000000283,1
0000014079,0000007421,1,0000000015,1
0000014080,0000007421,2,0000000305,2
0000014081,0000007422,1,0000000439,1
0000014082,0000007423,1,0000000130,1
0000014083,0000007423,2,0000000078,1
0000014084,0000007423,3,0000000239,1
0000014085,0000007424,1,0000000009,1
0000014086,0000007424,2,0000000118,2
0000014087,0000007424,3,0000000100,1
0000014088,0000007424,4,0000000019,1
0000014089,0000007424,5,0000000062,1
0000014090,0000007425,1,0000000100,1
0000014091,0000007425,2,0000000246,1
0000014092,0000007426,1,0000000349,1
0000014093,0000007426,2,0000000143,1
0000014094,0000007427,1,0000000107,1
0000014095,0000007428,1,0000000374,1
0000014096,0000007428,2,0000000252,4
0000014097,0000007429,1,0000000247,2
0000014098,0000007430,1,0000000399,1
0000014099,0000007430,2,0000000384,1
0000014100,0000007430,3,0000000076,1
0000014101,0000007430,4,0000000331,1
0000014102,0000007431,1,0000000293,1
0000014103,0000007431,2,0000000302,1
0000014104,0000007432,1,0000000162,1
0000014105,0000007433,1,0000000076,1
0000014106,0000007434,1,0000000336,1
0000014107,0000007434,2,0000000169,3
0000014108,0000007434,3,0000000261,2
0000014109,0000007435,1,0000000030,1
0000014110,0000007436,1,0000000177,2
0000014111,0000007437,1,0000000489,1
0000014112,0000007438,1,0000000455,1
0000014113,0000007439,1,0000000364,1
0000014114,0000007440,1,0000000073,1
0000014115,0000007441,1,0000000054,1
0000014116,0000007442,1,0000000447,2
0000014117,0000007443,1,0000000225,1
0000014118,0000007443,2,0000000316,1
0000014119,0000007444,1,0000000384,1
0000014120,0000007445,1,0000000386,1
0000014121,0000007446,1,0000000442,2
0000014122,0000007447,1,0000000163,1
0000014123,0000007447,2,0000000419,3
0000014124,0000007448,1,0000000223,1
0000014125,0000007448,2,0000000307,1
0000014126,0000007449,1,0000000290,1
0000014127,0000007449,2,0000000009,1
0000014128,0000007449,3,0000000070,1
0000014129,0000007450,1,0000000427,2
0000014130,0000007450,2,0000000457,1
0000014131,0000007450,3,0000000232,1
0000014132,0000007451,1,0000000466,1
0000014133,0000007451,2,0000000299,1
0000014134,0000007452,1,0000000336,1
0000014135,0000007453,1,0000000166,1
0000014136,0000007453,2,0000000001,1
0000014137,0000007453,3,0000000256,1
0000014138,0000007454,1,0000000462,2
0000014139,0000007455,1,0000000231,1
0000014140,0000007455,2,0000000184,2
0000014141,0000007456,1,0000000302,1
0000014142,0000007456,2,0000000260,4
0000014143,0000007457,1,0000000118,1
0000014144,0000007458,1,0000000280,1
0000014145,0000007459,1,0000000016,1
0000014146,0000007459,2,0000000250,3
0000014147,0000007459,3,0000000158,4
0000014148,0000007459,4,0000000026,1
0000014149,0000007460,1,0000000435,2
0000014150,0000007460,2,0000000477,1
0000014151,0000007460,3,0000000321,1
0000014152,0000007460,4,0000000319,1
0000014153,0000007460,5,0000000208,1
0000014154,0000007461,1,0000000318,1
0000014155,0000007461,2,0000000142,1
0000014156,0000007462,1,0000000298,1
0000014157,0000007462,2,0000000145,1
0000014158,0000007463,1,0000000474,1
0000014159,0000007464,1,0000000267,1
0000014160,0000007464,2,0000000287,3
0000014161,0000007465,1,0000000411,1
0000014162,0000007466,1,0000000024,1
0000014163,0000007467,1,0000000345,1
0000014164,0000007468,1,0000000473,1
0000014165,0000007468,2,0000000315,1
0000014166,0000007468,3,0000000481,2
0000014167,0000007468,4,0000000443,2
0000014168,0000007469,1,0000000292,2
0000014169,0000007469,2,0000000284,1
0000014170,0000007469,3,0000000391,1
0000014171,0000007469,4,0000000153,3
0000014172,0000007470,1,0000000481,2
0000014173,0000007471,1,0000000494,1
0000014174,0000007472,1,0000000370,3
0000014175,0000007472,2,0000000378,1
0000014176,0000007472,3,0000000345,1
0000014177,0000007473,1,0000000197,2
0000014178,0000007473,2,0000000329,1
0000014179,0000007474,1,0000000113,1
0000014180,0000007474,2,0000000140,1
0000014181,0000007475,1,0000000320,1
0000014182,0000007476,1,0000000041,2
0000014183,0000007476,2,0000000122,1
0000014184,0000007476,3,0000000179,1
0000014185,0000007476,4,0000000133,2
0000014186,0000007477,1,0000000193,1
0000014187,0000007478,1,0000000223,1
0000014188,0000007479,1,0000000265,1
0000014189,0000007479,2,0000000137,1
0000014190,0000007479,3,0000000497,1
0000014191,0000007479,4,0000000104,1
0000014192,0000007480,1,0000000344,1
0000014193,0000007481,1,0000000288,1
0000014194,0000007481,2,0000000135,1
0000014195,0000007482,1,0000000401,1
0000014196,0000007482,2,0000000260,1
0000014197,0000007482,3,0000000362,4
0000014198,0000007483,1,0000000155,1
0000014199,0000007484,1,0000000458,3
0000014200,0000007484,2,0000000014,2
0000014201,0000007484,3,0000000368,1
0000014202,0000007485,1,0000000369,1
0000014203,0000007485,2,0000000172,1
0000014204,0000007485,3,0000000413,2
0000014205,0000007485,4,0000000386,1
0000014206,0000007486,1,0000000493,4
0000014207,0000007486,2,0000000319,1
0000014208,0000007487,1,0000000049,3
0000014209,0000007487,2,0000000456,1
0000014210,0000007488,1,0000000364,1
0000014211,0000007488,2,0000000025,1
0000014212,0000007488,3,0000000049,3
0000014213,0000007489,1,0000000219,1
0000014214,0000007490,1,0000000093,1
0000014215,0000007490,2,0000000354,4
0000014216,0000007490,3,0000000251,2
0000014217,0000007491,1,0000000423,1
0000014218,0000007492,1,0000000382,1
0000014219,0000007493,1,0000000409,1
0000014220,0000007494,1,0000000218,2
0000014221,0000007494,2,0000000245,1
0000014222,0000007495,1,0000000175,2
0000014223,0000007495,2,0000000359,3
0000014224,0000007495,3,0000000470,2
0000014225,0000007496,1,0000000192,1
0000014226,0000007497,1,0000000056,1
0000014227,0000007497,2,0000000071,1
0000014228,0000007497,3,0000000315,2
0000014229,0000007498,1,0000000313,1
0000014230,0000007499,1,0000000268,1
0000014231,0000007500,1,0000000056,2
0000014232,0000007501,1,0000000282,2
0000014233,0000007502,1,0000000059,1
0000014234,0000007503,1,0000000070,1
0000014235,0000007504,1,0000000360,4
0000014236,0000007504,2,0000000007,1
0000014237,0000007504,3,0000000350,2
0000014238,0000007504,4,0000000338,1
0000014239,0000007504,5,0000000378,4
0000014240,0000007505,1,0000000254,1
0000014241,0000007506,1,0000000444,1
0000014242,0000007507,1,0000000261,1
0000014243,0000007508,1,0000000139,1
0000014244,0000007509,1,0000000056,4
0000014245,0000007509,2,0000000072,1
0000014246,0000007509,3,0000000141,1
0000014247,0000007509,4,0000000471,1
0000014248,0000007510,1,0000000005,2
0000014249,0000007510,2,0000000402,1
0000014250,0000007511,1,0000000411,1
0000014251,0000007511,2,0000000131,1
0000014252,0000007511,3,0000000083,2
0000014253,0000007512,1,0000000464,1
0000014254,0000007512,2,0000000427,1
0000014255,0000007512,3,0000000044,2
0000014256,0000007512,4,0000000104,1
0000014257,0000007512,5,0000000259,1
0000014258,0000007513,1,0000000012,1
0000014259,0000007513,2,0000000142,1
0000014260,0000007514,1,0000000256,4
0000014261,0000007515,1,0000000089,2
0000014262,0000007516,1,0000000105,1
0000014263,0000007517,1,0000000399,1
0000014264,0000007517,2,0000000034,1
0000014265,0000007517,3,0000000241,1
0000014266,0000007518,1,0000000153,2
0000014267,0000007519,1,0000000340,1
0000014268,0000007520,1,0000000233,1
0000014269,0000007521,1,0000000386,2
0000014270,0000007521,2,0000000028,1
0000014271,0000007521,3,0000000174,1
0000014272,0000007522,1,0000000100,1
0000014273,0000007523,1,0000000494,1
0000014274,0000007523,2,0000000028,1
0000014275,0000007523,3,0000000198,1
0000014276,0000007524,1,0000000070,2
0000014277,0000007525,1,0000000403,1
0000014278,0000007525,2,0000000072,4
0000014279,0000007525,3,0000000447,2
0000014280,0000007526,1,0000000440,1
0000014281,0000007526,2,0000000099,1
0000014282,0000007527,1,0000000300,3
0000014283,0000007527,2,0000000222,1
0000014284,0000007528,1,0000000167,4
0000014285,0000007528,2,0000000273,1
0000014286,0000007528,3,0000000333,1
0000014287,0000007528,4,0000000248,1
0000014288,0000007528,5,0000000480,2
0000014289,0000007529,1,0000000071,2
0000014290,0000007529,2,0000000294,2
0000014291,0000007529,3,0000000061,1
0000014292,0000007530,1,0000000021,1
0000014293,0000007530,2,0000000473,1
0000014294,0000007531,1,0000000066,1
0000014295,0000007532,1,0000000209,1
0000014296,0000007533,1,0000000053,1
0000014297,0000007533,2,0000000074,1
0000014298,0000007534,1,0000000138,2
0000014299,0000007534,2,0000000295,1
0000014300,0000007534,3,0000000329,1
0000014301,0000007535,1,0000000003,1
0000014302,0000007536,1,0000000319,1
0000014303,0000007537,1,0000000117,1
0000014304,0000007537,2,0000000074,1
0000014305,0000007538,1,0000000011,2
0000014306,0000007538,2,0000000403,1
0000014307,0000007539,1,0000000470,2
0000014308,0000007540,1,0000000008,1
0000014309,0000007540,2,0000000399,1
0000014310,0000007541,1,0000000358,1
0000014311,0000007541,2,0000000281,4
0000014312,0000007541,3,0000000058,1
0000014313,0000007541,4,0000000375,1
0000014314,0000007542,1,0000000074,3
0000014315,0000007542,2,0000000356,4
0000014316,0000007543,1,0000000109,1
0000014317,0000007543,2,0000000348,1
0000014318,0000007544,1,0000000378,1
0000014319,0000007544,2,0000000474,1
0000014320,0000007544,3,0000000433,3
0000014321,0000007545,1,0000000267,1
0000014322,0000007546,1,0000000087,1
0000014323,0000007547,1,0000000241,4
0000014324,0000007547,2,0000000195,2
0000014325,0000007548,1,0000000164,1
0000014326,0000007548,2,0000000305,1
0000014327,0000007549,1,0000000357,1
0000014328,0000007549,2,0000000499,2
0000014329,0000007550,1,0000000398,1
0000014330,0000007550,2,0000000235,1
0000014331,0000007551,1,0000000102,2
0000014332,0000007552,1,0000000367,1
0000014333,0000007552,2,0000000198,2
0000014334,0000007552,3,0000000094,2
0000014335,0000007552,4,0000000139,1
0000014336,0000007553,1,0000000387,1
0000014337,0000007553,2,0000000018,1
0000014338,0000007553,3,0000000210,3
0000014339,0000007554,1,0000000051,3
0000014340,0000007554,2,0000000197,1
0000014341,0000007555,1,0000000139,2
0000014342,0000007555,2,0000000079,1
0000014343,0000007555,3,0000000349,1
0000014344,0000007556,1,0000000036,1
0000014345,0000007557,1,0000000123,1
0000014346,0000007558,1,0000000492,1
0000014347,0000007559,1,0000000015,1
0000014348,0000007560,1,0000000167,2
0000014349,0000007561,1,0000000033,4
0000014350,0000007562,1,0000000022,2
0000014351,0000007562,2,0000000123,4
0000014352,0000007562,3,0000000298,2
0000014353,0000007562,4,0000000251,2
0000014354,0000007562,5,0000000180,2
0000014355,0000007563,1,0000000333,1
0000014356,0000007564,1,0000000329,2
0000014357,0000007565,1,0000000247,1
0000014358,0000007566,1,0000000037,1
0000014359,0000007567,1,0000000363,1
0000014360,0000007567,2,0000000444,1
0000014361,0000007567,3,0000000374,4
0000014362,0000007567,4,0000000056,1
0000014363,0000007568,1,0000000432,2
0000014364,0000007569,1,0000000305,1
0000014365,0000007570,1,0000000021,1
0000014366,0000007571,1,0000000137,1
0000014367,0000007571,2,0000000241,3
0000014368,0000007572,1,0000000075,1
0000014369,0000007572,2,0000000212,1
0000014370,0000007573,1,0000000146,1
0000014371,0000007573,2,0000000096,1
0000014372,0000007574,1,0000000150,2
0000014373,0000007575,1,0000000322,1
0000014374,0000007575,2,0000000059,1
0000014375,0000007575,3,0000000211,1
0000014376,0000007575,4,0000000416,1
0000014377,0000007575,5,0000000135,1
0000014378,0000007576,1,0000000163,1
0000014379,0000007576,2,0000000124,1
0000014380,0000007577,1,0000000237,1
0000014381,0000007578,1,0000000113,1
0000014382,0000007579,1,0000000432,1
0000014383,0000007580,1,0000000078,1
0000014384,0000007580,2,0000000381,1
0000014385,0000007581,1,0000000178,1
0000014386,0000007581,2,0000000277,2
0000014387,0000007582,1,0000000106,1
0000014388,0000007582,2,0000000028,1
0000014389,0000007582,3,0000000242,1
0000014390,0000007583,1,0000000321,2
0000014391,0000007584,1,0000000174,1
0000014392,0000007584,2,0000000221,1
0000014393,0000007585,1,0000000115,1
0000014394,0000007586,1,0000000098,3
0000014395,0000007587,1,0000000032,2
0000014396,0000007587,2,0000000023,1
0000014397,0000007588,1,0000000303,3
0000014398,0000007589,1,0000000457,1
0000014399,0000007590,1,0000000244,2
0000014400,0000007590,2,0000000034,4
0000014401,0000007590,3,0000000489,3
0000014402,0000007591,1,0000000095,1
0000014403,0000007591,2,0000000235,1
0000014404,0000007591,3,0000000042,1
0000014405,0000007592,1,0000000095,1
0000014406,0000007593,1,0000000355,3
0000014407,0000007594,1,0000000114,1
0000014408,0000007595,1,0000000223,1
0000014409,0000007596,1,0000000080,1
0000014410,0000007596,2,0000000259,1
0000014411,0000007596,3,0000000301,2
0000014412,0000007597,1,0000000359,1
0000014413,0000007597,2,0000000154,3
0000014414,0000007597,3,0000000273,1
0000014415,0000007598,1,0000000214,1
0000014416,0000007598,2,0000000455,2
0000014417,0000007599,1,0000000188,2
0000014418,0000007600,1,0000000182,1
0000014419,0000007601,1,0000000031,3
0000014420,0000007602,1,0000000439,4
0000014421,0000007602,2,0000000218,2
0000014422,0000007602,3,0000000266,1
0000014423,0000007603,1,0000000349,3
0000014424,0000007604,1,0000000311,1
0000014425,0000007605,1,0000000341,1
0000014426,0000007605,2,0000000278,3
0000014427,0000007605,3,0000000323,1
0000014428,0000007606,1,0000000467,1
0000014429,0000007607,1,0000000496,1
0000014430,0000007607,2,0000000453,1
0000014431,0000007607,3,0000000120,1
0000014432,0000007607,4,0000000436,1
0000014433,0000007608,1,0000000348,1
0000014434,0000007608,2,0000000434,1
0000014435,0000007609,1,0000000436,1
0000014436,0000007609,2,0000000096,1
0000014437,0000007609,3,0000000041,1
0000014438,0000007610,1,0000000176,1
0000014439,0000007610,2,0000000446,2
0000014440,0000007611,1,0000000015,3
0000014441,0000007611,2,0000000331,2
0000014442,0000007612,1,0000000424,1
0000014443,0000007613,1,0000000307,1
0000014444,0000007614,1,0000000287,2
0000014445,0000007615,1,0000000343,2
0000014446,0000007616,1,0000000483,1
0000014447,0000007617,1,0000000036,2
0000014448,0000007618,1,0000000439,1
0000014449,0000007618,2,0000000492,1
0000014450,0000007618,3,0000000283,1
0000014451,0000007618,4,0000000124,2
0000014452,0000007619,1,0000000209,1
0000014453,0000007620,1,0000000325,1
0000014454,0000007621,1,0000000071,1
0000014455,0000007622,1,0000000087,1
0000014456,0000007622,2,0000000001,1
0000014457,0000007622,3,0000000420,1
0000014458,0000007622,4,0000000100,2
0000014459,0000007623,1,0000000228,1
0000014460,0000007624,1,0000000393,1
0000014461,0000007625,1,0000000456,2
0000014462,0000007626,1,0000000339,2
0000014463,0000007627,1,0000000261,2
0000014464,0000007628,1,0000000439,1
0000014465,0000007628,2,0000000499,1
0000014466,0000007628,3,0000000285,2
0000014467,0000007628,4,0000000472,1
0000014468,0000007628,5,0000000150,1
0000014469,0000007629,1,0000000431,1
0000014470,0000007630,1,0000000440,2
0000014471,0000007630,2,0000000407,1
0000014472,0000007630,3,0000000318,3
0000014473,0000007631,1,0000000033,1
0000014474,0000007631,2,0000000101,1
0000014475,0000007631,3,0000000363,1
0000014476,0000007631,4,0000000378,1
0000014477,0000007631,5,0000000197,1
0000014478,0000007632,1,0000000145,1
0000014479,0000007632,2,0000000029,1
0000014480,0000007632,3,0000000245,1
0000014481,0000007632,4,0000000282,1
0000014482,0000007633,1,0000000489,1
0000014483,0000007634,1,0000000032,2
0000014484,0000007635,1,0000000277,3
0000014485,0000007635,2,0000000495,1
0000014486,0000007636,1,0000000460,1
0000014487,0000007637,1,0000000327,2
0000014488,0000007637,2,0000000141,1
0000014489,0000007637,3,0000000179,4
0000014490,0000007637,4,0000000338,1
0000014491,0000007638,1,0000000474,1
0000014492,0000007638,2,0000000074,1
0000014493,0000007639,1,0000000433,1
0000014494,0000007640,1,0000000020,1
0000014495,0000007641,1,0000000384,1
0000014496,0000007642,1,0000000443,2
0000014497,0000007643,1,0000000139,2
0000014498,0000007644,1,0000000219,1
0000014499,0000007644,2,0000000081,1
0000014500,0000007644,3,0000000077,1
0000014501,0000007645,1,0000000015,2
0000014502,0000007646,1,0000000313,2
0000014503,0000007647,1,0000000229,2
0000014504,0000007648,1,0000000008,1
0000014505,0000007648,2,0000000040,1
0000014506,0000007648,3,0000000057,1
0000014507,0000007649,1,0000000350,1
0000014508,0000007649,2,0000000467,1
0000014509,0000007649,3,0000000381,4
0000014510,0000007649,4,0000000188,1
0000014511,0000007650,1,0000000044,1
0000014512,0000007651,1,0000000115,1
0000014513,0000007651,2,0000000350,1
0000014514,0000007651,3,0000000041,1
0000014515,0000007652,1,0000000327,1
0000014516,0000007653,1,0000000483,1
0000014517,0000007653,2,0000000302,1
0000014518,0000007654,1,0000000067,1
0000014519,0000007655,1,0000000167,1
0000014520,0000007656,1,0000000043,1
0000014521,0000007656,2,0000000063,1
0000014522,0000007657,1,0000000448,4
0000014523,0000007658,1,0000000154,1
0000014524,0000007658,2,0000000405,1
0000014525,0000007659,1,0000000489,1
0000014526,0000007660,1,0000000175,1
0000014527,0000007660,2,0000000233,1
0000014528,0000007661,1,0000000091,1
0000014529,0000007662,1,0000000322,1
0000014530,0000007663,1,0000000497,1
0000014531,0000007664,1,0000000113,1
0000014532,0000007664,2,0000000327,1
0000014533,0000007664,3,0000000342,1
0000014534,0000007665,1,0000000304,2
0000014535,0000007665,2,0000000078,1
0000014536,0000007665,3,0000000204,1
0000014537,0000007666,1,0000000181,1
0000014538,0000007666,2,0000000163,1
0000014539,0000007666,3,0000000436,1
0000014540,0000007667,1,0000000357,1
0000014541,0000007667,2,0000000241,1
0000014542,0000007667,3,0000000419,4
0000014543,0000007667,4,0000000089,1
0000014544,0000007668,1,0000000091,1
0000014545,0000007669,1,0000000031,2
0000014546,0000007670,1,0000000036,1
0000014547,0000007670,2,0000000455,1
0000014548,0000007671,1,0000000279,1
0000014549,0000007672,1,0000000207,2
0000014550,0000007672,2,0000000357,1
0000014551,0000007672,3,0000000292,1
0000014552,0000007672,4,0000000353,1
0000014553,0000007672,5,0000000457,4
0000014554,0000007673,1,0000000358,1
0000014555,0000007674,1,0000000360,1
0000014556,0000007674,2,0000000113,3
0000014557,0000007675,1,0000000225,3
0000014558,0000007675,2,0000000197,1
0000014559,0000007675,3,0000000433,4
0000014560,0000007676,1,0000000487,1
0000014561,0000007677,1,0000000280,2
0000014562,0000007678,1,0000000055,1
0000014563,0000007678,2,0000000225,1
0000014564,0000007679,1,0000000117,1
0000014565,0000007679,2,0000000181,1
0000014566,0000007679,3,0000000196,3
0000014567,0000007680,1,0000000121,1
0000014568,0000007680,2,0000000010,1
0000014569,0000007680,3,0000000424,1
0000014570,0000007680,4,0000000169,1
0000014571,0000007680,5,0000000216,1
0000014572,0000007681,1,0000000029,2
0000014573,0000007682,1,0000000124,2
0000014574,0000007683,1,0000000406,2
0000014575,0000007684,1,0000000191,1
0000014576,0000007684,2,0000000066,2
0000014577,0000007685,1,0000000467,4
0000014578,0000007686,1,0000000282,3
0000014579,0000007686,2,0000000289,4
0000014580,0000007686,3,0000000051,1
0000014581,0000007686,4,0000000203,1
0000014582,0000007687,1,0000000137,1
0000014583,0000007687,2,0000000050,2
0000014584,0000007687,3,0000000371,1
0000014585,0000007687,4,0000000383,1
0000014586,0000007688,1,0000000417,1
0000014587,0000007689,1,0000000292,1
0000014588,0000007689,2,0000000384,1
0000014589,0000007689,3,0000000224,1
0000014590,0000007689,4,0000000143,3
0000014591,0000007690,1,0000000010,1
0000014592,0000007690,2,0000000385,1
0000014593,0000007691,1,0000000380,3
0000014594,0000007691,2,0000000450,1
0000014595,0000007692,1,0000000196,1
0000014596,0000007693,1,0000000270,2
0000014597,0000007693,2,0000000309,2
0000014598,0000007693,3,0000000377,1
0000014599,0000007694,1,0000000496,1
0000014600,0000007694,2,0000000251,1
0000014601,0000007695,1,0000000124,4
0000014602,0000007695,2,0000000130,1
0000014603,0000007696,1,0000000033,1
0000014604,0000007696,2,0000000220,3
0000014605,0000007697,1,0000000081,2
0000014606,0000007698,1,0000000074,1
0000014607,0000007699,1,0000000053,2
0000014608,0000007699,2,0000000235,1
0000014609,0000007699,3,0000000379,1
0000014610,0000007699,4,0000000404,2
0000014611,0000007700,1,0000000097,1
0000014612,0000007700,2,0000000194,1
0000014613,0000007701,1,0000000312,1
0000014614,0000007701,2,0000000114,2
0000014615,0000007702,1,0000000059,1
0000014616,0000007702,2,0000000066,1
0000014617,0000007703,1,0000000171,1
0000014618,0000007704,1,0000000280,2
0000014619,0000007704,2,0000000046,1
0000014620,0000007704,3,0000000444,3
0000014621,0000007705,1,0000000063,1
0000014622,0000007706,1,0000000253,1
0000014623,0000007706,2,0000000232,2
0000014624,0000007707,1,0000000360,4
0000014625,0000007707,2,0000000185,1
0000014626,0000007707,3,0000000436,1
0000014627,0000007708,1,0000000297,1
0000014628,0000007708,2,0000000461,1
0000014629,0000007709,1,0000000495,1
0000014630,0000007709,2,0000000405,1
0000014631,0000007710,1,0000000387,1
0000014632,0000007711,1,0000000488,4
0000014633,0000007712,1,0000000180,1
0000014634,0000007713,1,0000000169,1
0000014635,0000007714,1,0000000295,1
0000014636,0000007714,2,0000000315,1
0000014637,0000007715,1,0000000208,1
0000014638,0000007715,2,0000000060,2
0000014639,0000007715,3,0000000446,1
0000014640,0000007716,1,0000000207,1
0000014641,0000007717,1,0000000156,1
0000014642,0000007717,2,0000000073,1
0000014643,0000007717,3,0000000072,4
0000014644,0000007717,4,0000000468,1
0000014645,0000007718,1,0000000329,2
0000014646,0000007719,1,0000000263,1
0000014647,0000007719,2,0000000365,1
0000014648,0000007720,1,0000000218,1
0000014649,0000007720,2,0000000450,3
0000014650,0000007720,3,0000000116,1
0000014651,0000007721,1,0000000482,1
0000014652,0000007721,2,0000000355,1
0000014653,0000007721,3,0000000251,1
0000014654,0000007722,1,0000000110,2
0000014655,0000007722,2,0000000217,1
0000014656,0000007722,3,0000000491,1
0000014657,0000007722,4,0000000087,1
0000014658,0000007722,5,0000000233,1
0000014659,0000007723,1,0000000303,1
0000014660,0000007724,1,0000000202,2
0000014661,0000007725,1,0000000305,1
0000014662,0000007725,2,0000000244,1
0000014663,0000007725,3,0000000125,2
0000014664,0000007725,4,0000000246,1
0000014665,0000007726,1,0000000248,1
0000014666,0000007727,1,0000000195,1
0000014667,0000007727,2,0000000049,1
0000014668,0000007727,3,0000000488,1
0000014669,0000007727,4,0000000159,2
0000014670,0000007728,1,0000000385,1
0000014671,0000007729,1,0000000216,2
0000014672,0000007730,1,0000000195,2
0000014673,0000007730,2,0000000158,1
0000014674,0000007731,1,0000000393,1
0000014675,0000007731,2,0000000276,1
0000014676,0000007732,1,0000000177,1
0000014677,0000007732,2,0000000137,1
0000014678,0000007733,1,0000000136,1
0000014679,0000007734,1,0000000170,1
0000014680,0000007734,2,0000000023,1
0000014681,0000007735,1,0000000068,1
0000014682,0000007735,2,0000000468,1
0000014683,0000007735,3,0000000083,1
0000014684,0000007736,1,0000000180,1
0000014685,0000007737,1,0000000243,1
0000014686,0000007737,2,0000000181,2
0000014687,0000007737,3,0000000431,1
0000014688,0000007738,1,0000000083,1
0000014689,0000007738,2,0000000463,1
0000014690,0000007739,1,0000000204,2
0000014691,0000007739,2,0000000334,1
0000014692,0000007740,1,0000000485,1
0000014693,0000007740,2,0000000149,1
0000014694,0000007741,1,0000000068,1
0000014695,0000007742,1,0000000083,1
0000014696,0000007742,2,0000000433,1
0000014697,0000007742,3,0000000457,1
0000014698,0000007743,1,0000000253,1
0000014699,0000007744,1,0000000453,2
0000014700,0000007745,1,0000000101,2
0000014701,0000007745,2,0000000112,2
0000014702,0000007745,3,0000000383,1
0000014703,0000007745,4,0000000071,1
0000014704,0000007745,5,0000000118,1
0000014705,0000007746,1,0000000396,1
0000014706,0000007747,1,0000000381,1
0000014707,0000007747,2,0000000289,1
0000014708,0000007748,1,0000000398,1
0000014709,0000007748,2,0000000272,3
0000014710,0000007748,3,0000000334,2
0000014711,0000007749,1,0000000313,4
0000014712,0000007750,1,0000000183,1
0000014713,0000007751,1,0000000034,4
0000014714,0000007751,2,0000000136,1
0000014715,0000007752,1,0000000396,1
0000014716,0000007753,1,0000000240,2
0000014717,0000007753,2,0000000195,3
0000014718,0000007754,1,0000000171,1
0000014719,0000007755,1,0000000052,1
0000014720,0000007756,1,0000000039,1
0000014721,0000007756,2,0000000324,1
0000014722,0000007757,1,0000000223,1
0000014723,0000007758,1,0000000245,1
0000014724,0000007759,1,0000000056,1
0000014725,0000007760,1,0000000367,1
0000014726,0000007761,1,0000000128,1
0000014727,0000007761,2,0000000063,1
0000014728,0000007761,3,0000000033,1
0000014729,0000007762,1,0000000084,1
0000014730,0000007763,1,0000000424,1
0000014731,0000007764,1,0000000219,1
0000014732,0000007764,2,0000000153,1
0000014733,0000007765,1,0000000241,1
0000014734,0000007765,2,0000000255,1
0000014735,0000007765,3,0000000060,1
0000014736,0000007765,4,0000000326,1
0000014737,0000007766,1,0000000290,1
0000014738,0000007766,2,0000000115,2
0000014739,0000007767,1,0000000313,1
0000014740,0000007767,2,0000000119,1
0000014741,0000007768,1,0000000434,1
0000014742,0000007768,2,0000000163,1
0000014743,0000007769,1,0000000238,1
0000014744,0000007770,1,0000000004,1
0000014745,0000007771,1,0000000118,1
0000014746,0000007771,2,0000000179,1
0000014747,0000007771,3,0000000041,1
0000014748,0000007771,4,0000000238,1
0000014749,0000007772,1,0000000245,1
0000014750,0000007772,2,0000000146,1
0000014751,0000007773,1,0000000235,1
0000014752,0000007774,1,0000000486,3
0000014753,0000007775,1,0000000494,1
0000014754,0000007776,1,0000000085,1
0000014755,0000007776,2,0000000240,1
0000014756,0000007776,3,0000000379,1
0000014757,0000007776,4,0000000202,1
0000014758,0000007777,1,0000000296,1
0000014759,0000007778,1,0000000261,1
0000014760,0000007779,1,0000000337,1
0000014761,0000007779,2,0000000427,1
0000014762,0000007779,3,0000000469,1
0000014763,0000007779,4,0000000479,1
0000014764,0000007780,1,0000000291,4
0000014765,0000007781,1,0000000405,1
0000014766,0000007782,1,0000000369,1
0000014767,0000007783,1,0000000061,2
0000014768,0000007783,2,0000000025,1
0000014769,0000007783,3,0000000222,1
0000014770,0000007783,4,0000000153,1
0000014771,0000007784,1,0000000145,1
0000014772,0000007784,2,0000000464,1
0000014773,0000007784,3,0000000415,1
0000014774,0000007784,4,0000000375,3
0000014775,0000007784,5,0000000291,2
0000014776,0000007785,1,0000000186,1
0000014777,0000007786,1,0000000091,1
0000014778,0000007787,1,0000000315,1
0000014779,0000007788,1,0000000451,1
0000014780,0000007788,2,0000000256,1
0000014781,0000007788,3,0000000064,1
0000014782,0000007789,1,0000000142,1
0000014783,0000007790,1,0000000003,1
0000014784,0000007791,1,0000000323,2
0000014785,0000007791,2,0000000407,1
0000014786,0000007791,3,0000000423,1
0000014787,0000007791,4,0000000003,1
0000014788,0000007791,5,0000000019,1
0000014789,0000007792,1,0000000074,1
0000014790,0000007793,1,0000000340,2
0000014791,0000007794,1,0000000450,1
0000014792,0000007795,1,0000000263,2
0000014793,0000007796,1,0000000309,3
0000014794,0000007797,1,0000000307,1
0000014795,0000007798,1,0000000060,2
0000014796,0000007799,1,0000000001,1
0000014797,0000007799,2,0000000211,1
0000014798,0000007800,1,0000000246,1
0000014799,0000007801,1,0000000285,2
0000014800,0000007802,1,0000000316,4
0000014801,0000007803,1,0000000414,3
0000014802,0000007804,1,0000000255,1
0000014803,0000007804,2,0000000307,1
0000014804,0000007804,3,0000000396,1
0000014805,0000007805,1,0000000220,1
0000014806,0000007805,2,0000000004,1
0000014807,0000007806,1,0000000228,1
0000014808,0000007806,2,0000000404,1
0000014809,0000007806,3,0000000261,1
0000014810,0000007807,1,0000000312,1
0000014811,0000007807,2,0000000093,1
0000014812,0000007808,1,0000000447,1
0000014813,0000007808,2,0000000055,1
0000014814,0000007808,3,0000000049,1
0000014815,0000007808,4,0000000035,1
0000014816,0000007809,1,0000000433,1
0000014817,0000007809,2,0000000148,2
0000014818,0000007810,1,0000000490,2
0000014819,0000007810,2,0000000344,1
0000014820,0000007810,3,0000000430,1
0000014821,0000007810,4,0000000471,1
0000014822,0000007811,1,0000000475,2
0000014823,0000007811,2,0000000223,3
0000014824,0000007812,1,0000000198,1
0000014825,0000007813,1,0000000349,1
0000014826,0000007814,1,0000000222,1
0000014827,0000007815,1,0000000495,1
0000014828,0000007815,2,0000000002,1
0000014829,0000007816,1,0000000149,1
0000014830,0000007817,1,0000000350,1
0000014831,0000007817,2,0000000223,1
0000014832,0000007818,1,0000000341,1
0000014833,0000007818,2,0000000251,1
0000014834,0000007818,3,0000000073,1
0000014835,0000007819,1,0000000111,1
0000014836,0000007820,1,0000000145,1
0000014837,0000007820,2,0000000285,1
0000014838,0000007820,3,0000000431,2
0000014839,0000007821,1,0000000498,1
0000014840,0000007822,1,0000000484,1
0000014841,0000007823,1,0000000009,2
0000014842,0000007824,1,0000000486,1
0000014843,0000007824,2,0000000316,1
0000014844,0000007824,3,0000000450,2
0000014845,0000007824,4,0000000028,1
0000014846,0000007824,5,0000000131,1
0000014847,0000007825,1,0000000367,1
0000014848,0000007825,2,0000000499,1
0000014849,0000007825,3,0000000381,1
0000014850,0000007826,1,0000000426,1
0000014851,0000007827,1,0000000251,1
0000014852,0000007827,2,0000000188,1
0000014853,0000007828,1,0000000474,1
0000014854,0000007829,1,0000000311,1
0000014855,0000007830,1,0000000218,1
0000014856,0000007831,1,0000000001,1
0000014857,0000007832,1,0000000411,1
0000014858,0000007832,2,0000000418,1
0000014859,0000007833,1,0000000365,1
0000014860,0000007834,1,0000000002,1
0000014861,0000007835,1,0000000026,1
0000014862,0000007836,1,0000000425,1
0000014863,0000007836,2,0000000069,1
0000014864,0000007836,3,0000000395,1
0000014865,0000007836,4,0000000141,1
0000014866,0000007837,1,0000000269,1
0000014867,0000007838,1,0000000469,1
0000014868,0000007839,1,0000000241,1
0000014869,0000007839,2,0000000155,1
0000014870,0000007839,3,0000000217,1
0000014871,0000007839,4,0000000160,2
0000014872,0000007840,1,0000000257,1
0000014873,0000007841,1,0000000268,1
0000014874,0000007841,2,0000000217,1
0000014875,0000007842,1,0000000027,1
0000014876,0000007843,1,0000000211,2
0000014877,0000007844,1,0000000110,1
0000014878,0000007844,2,0000000085,1
0000014879,0000007844,3,0000000200,1
0000014880,0000007845,1,0000000268,2
0000014881,0000007846,1,0000000310,3
0000014882,0000007847,1,0000000071,2
0000014883,0000007848,1,0000000370,1
0000014884,0000007849,1,0000000238,1
0000014885,0000007850,1,0000000352,1
0000014886,0000007851,1,0000000003,1
0000014887,0000007851,2,0000000036,1
0000014888,0000007851,3,0000000092,3
0000014889,0000007851,4,0000000278,1
0000014890,0000007851,5,0000000345,2
0000014891,0000007852,1,0000000060,1
0000014892,0000007853,1,0000000325,2
0000014893,0000007853,2,0000000034,1
0000014894,0000007854,1,0000000319,2
0000014895,0000007854,2,0000000025,1
0000014896,0000007855,1,0000000433,4
0000014897,0000007856,1,0000000191,1
0000014898,0000007856,2,0000000034,1
0000014899,0000007856,3,0000000440,3
0000014900,0000007857,1,0000000495,1
0000014901,0000007857,2,0000000144,2
0000014902,0000007858,1,0000000242,1
0000014903,0000007859,1,0000000454,2
0000014904,0000007860,1,0000000459,1
0000014905,0000007860,2,0000000096,2
0000014906,0000007861,1,0000000407,2
0000014907,0000007861,2,0000000385,1
0000014908,0000007862,1,0000000064,1
0000014909,0000007863,1,0000000049,2
0000014910,0000007864,1,0000000034,1
0000014911,0000007865,1,0000000015,2
0000014912,0000007865,2,0000000336,1
0000014913,0000007866,1,0000000400,1
0000014914,0000007867,1,0000000181,1
0000014915,0000007868,1,0000000493,1
0000014916,0000007868,2,0000000173,3
0000014917,0000007869,1,0000000390,1
0000014918,0000007870,1,0000000438,1
0000014919,0000007870,2,0000000097,1
0000014920,0000007870,3,0000000156,1
0000014921,0000007871,1,0000000047,2
0000014922,0000007871,2,0000000395,1
0000014923,0000007872,1,0000000427,1
0000014924,0000007872,2,0000000140,1
0000014925,0000007872,3,0000000381,1
0000014926,0000007873,1,0000000419,1
0000014927,0000007874,1,0000000338,4
0000014928,0000007875,1,0000000235,1
0000014929,0000007876,1,0000000044,2
0000014930,0000007877,1,0000000104,2
0000014931,0000007877,2,0000000448,1
0000014932,0000007878,1,0000000150,2
0000014933,0000007879,1,0000000096,3
0000014934,0000007879,2,0000000108,1
0000014935,0000007880,1,0000000465,1
0000014936,0000007881,1,0000000019,1
0000014937,0000007881,2,0000000174,1
0000014938,0000007882,1,0000000271,1
0000014939,0000007883,1,0000000429,1
0000014940,0000007883,2,0000000402,1
0000014941,0000007884,1,0000000144,1
0000014942,0000007884,2,0000000459,2
0000014943,0000007884,3,0000000428,3
0000014944,0000007884,4,0000000146,1
0000014945,0000007885,1,0000000153,1
0000014946,0000007885,2,0000000331,3
0000014947,0000007886,1,0000000403,1
0000014948,0000007887,1,0000000073,1
0000014949,0000007888,1,0000000299,3
0000014950,0000007888,2,0000000004,1
0000014951,0000007888,3,0000000404,2
0000014952,0000007889,1,0000000491,4
0000014953,0000007890,1,0000000066,1
0000014954,0000007890,2,0000000045,1
0000014955,0000007891,1,0000000496,1
0000014956,0000007891,2,0000000471,1
0000014957,0000007892,1,0000000362,2
0000014958,0000007893,1,0000000411,1
0000014959,0000007894,1,0000000119,1
0000014960,0000007895,1,0000000103,1
0000014961,0000007895,2,0000000344,1
0000014962,0000007895,3,0000000296,1
0000014963,0000007895,4,0000000299,2
0000014964,0000007896,1,0000000005,2
0000014965,0000007896,2,0000000171,1
0000014966,0000007896,3,0000000146,1
0000014967,0000007896,4,0000000042,1
0000014968,0000007897,1,0000000437,1
0000014969,0000007897,2,0000000102,1
0000014970,0000007898,1,0000000160,1
0000014971,0000007898,2,0000000475,1
0000014972,0000007898,3,0000000003,2
0000014973,0000007898,4,0000000119,1
0000014974,0000007898,5,0000000127,1
0000014975,0000007899,1,0000000384,1
0000014976,0000007900,1,0000000080,1
0000014977,0000007900,2,0000000303,1
0000014978,0000007900,3,0000000049,1
0000014979,0000007901,1,0000000489,1
0000014980,0000007901,2,0000000121,1
0000014981,0000007902,1,0000000360,1
0000014982,0000007903,1,0000000164,2
0000014983,0000007903,2,0000000404,1
0000014984,0000007903,3,0000000418,1
0000014985,0000007903,4,0000000118,1
0000014986,0000007904,1,0000000261,1
0000014987,0000007905,1,0000000301,1
0000014988,0000007905,2,0000000376,3
0000014989,0000007906,1,0000000143,2
0000014990,0000007907,1,0000000018,3
0000014991,0000007907,2,0000000019,4
0000014992,0000007907,3,0000000500,3
0000014993,0000007907,4,0000000415,1
0000014994,0000007907,5,0000000184,1
0000014995,0000007908,1,0000000393,1
0000014996,0000007909,1,0000000281,1
0000014997,0000007910,1,0000000112,1
0000014998,0000007911,1,0000000461,1
0000014999,0000007912,1,0000000183,1
0000015000,0000007913,1,0000000317,1
0000015001,0000007913,2,0000000422,3
0000015002,0000007913,3,0000000246,1
0000015003,0000007914,1,0000000188,2
0000015004,0000007915,1,0000000179,2
0000015005,0000007915,2,0000000397,2
0000015006,0000007915,3,0000000442,1
0000015007,0000007916,1,0000000495,4
0000015008,0000007917,1,0000000145,4
0000015009,0000007917,2,0000000316,1
0000015010,0000007918,1,0000000338,1
0000015011,0000007918,2,0000000180,1
0000015012,0000007919,1,0000000322,2
0000015013,0000007919,2,0000000171,1
0000015014,0000007920,1,0000000183,1
0000015015,0000007921,1,0000000065,2
0000015016,0000007922,1,0000000124,4
0000015017,0000007922,2,0000000153,3
0000015018,0000007922,3,0000000148,1
0000015019,0000007922,4,0000000279,1
0000015020,0000007923,1,0000000123,3
0000015021,0000007924,1,0000000083,1
0000015022,0000007924,2,0000000388,1
0000015023,0000007925,1,0000000007,4
0000015024,0000007925,2,0000000094,1
0000015025,0000007925,3,0000000175,1
0000015026,0000007925,4,0000000331,1
0000015027,0000007926,1,0000000060,2
0000015028,0000007927,1,0000000320,1
0000015029,0000007927,2,0000000330,1
0000015030,0000007927,3,0000000495,1
0000015031,0000007927,4,0000000356,1
0000015032,0000007928,1,0000000492,1
0000015033,0000007928,2,0000000121,2
0000015034,0000007928,3,0000000459,1
0000015035,0000007928,4,0000000027,1
0000015036,0000007928,5,0000000091,1
0000015037,0000007929,1,0000000088,1
0000015038,0000007929,2,0000000108,2
0000015039,0000007929,3,0000000243,1
0000015040,0000007929,4,0000000216,1
0000015041,0000007929,5,0000000417,1
0000015042,0000007930,1,0000000104,2
0000015043,0000007930,2,0000000076,1
0000015044,0000007930,3,0000000103,1
0000015045,0000007930,4,0000000354,1
0000015046,0000007931,1,0000000222,1
0000015047,0000007932,1,0000000338,3
0000015048,0000007932,2,0000000487,3
0000015049,0000007932,3,0000000022,1
0000015050,0000007932,4,0000000113,3
0000015051,0000007933,1,0000000100,1
0000015052,0000007934,1,0000000202,1
0000015053,0000007934,2,0000000492,2
0000015054,0000007935,1,0000000209,1
0000015055,0000007935,2,0000000047,1
0000015056,0000007936,1,0000000405,1
0000015057,0000007936,2,0000000369,4
0000015058,0000007936,3,0000000188,1
0000015059,0000007937,1,0000000204,3
0000015060,0000007938,1,0000000112,1
0000015061,0000007938,2,0000000301,3
0000015062,0000007939,1,0000000222,1
0000015063,0000007940,1,0000000316,2
0000015064,0000007941,1,0000000152,3
0000015065,0000007941,2,0000000326,1
0000015066,0000007941,3,0000000008,1
0000015067,0000007942,1,0000000380,1
0000015068,0000007943,1,0000000135,3
0000015069,0000007943,2,0000000412,2
0000015070,0000007943,3,0000000465,1
0000015071,0000007944,1,0000000158,1
0000015072,0000007944,2,0000000472,1
0000015073,0000007944,3,0000000425,1
0000015074,0000007945,1,0000000190,1
0000015075,0000007946,1,0000000481,1
0000015076,0000007946,2,0000000390,1
0000015077,0000007947,1,0000000378,2
0000015078,0000007948,1,0000000110,2
0000015079,0000007948,2,0000000100,4
0000015080,0000007949,1,0000000335,1
0000015081,0000007949,2,0000000359,1
0000015082,0000007949,3,0000000036,1
0000015083,0000007950,1,0000000254,1
0000015084,0000007950,2,0000000234,3
0000015085,0000007951,1,0000000147,1
0000015086,0000007952,1,0000000081,1
0000015087,0000007952,2,0000000370,1
0000015088,0000007952,3,0000000178,2
0000015089,0000007953,1,0000000314,1
0000015090,0000007953,2,0000000304,1
0000015091,0000007953,3,0000000368,3
0000015092,0000007953,4,0000000107,1
0000015093,0000007953,5,0000000360,3
0000015094,0000007954,1,0000000092,1
0000015095,0000007954,2,0000000113,3
0000015096,0000007955,1,0000000430,2
0000015097,0000007956,1,0000000136,1
0000015098,0000007957,1,0000000381,1
0000015099,0000007957,2,0000000252,2
0000015100,0000007958,1,0000000102,1
0000015101,0000007958,2,0000000292,1
0000015102,0000007958,3,0000000431,3
0000015103,0000007959,1,0000000077,3
0000015104,0000007959,2,0000000285,1
0000015105,0000007960,1,0000000152,1
0000015106,0000007960,2,0000000098,2
0000015107,0000007960,3,0000000359,1
0000015108,0000007961,1,0000000025,4
0000015109,0000007962,1,0000000290,1
0000015110,0000007962,2,0000000016,2
0000015111,0000007963,1,0000000095,1
0000015112,0000007963,2,0000000496,1
0000015113,0000007963,3,0000000395,1
0000015114,0000007963,4,0000000448,1
0000015115,0000007964,1,0000000231,4
0000015116,0000007964,2,0000000280,3
0000015117,0000007965,1,0000000414,1
0000015118,0000007966,1,0000000475,1
0000015119,0000007967,1,0000000059,4
0000015120,0000007968,1,0000000111,1
0000015121,0000007968,2,0000000175,1
0000015122,0000007968,3,0000000291,1
0000015123,0000007969,1,0000000156,1
0000015124,0000007970,1,0000000489,2
0000015125,0000007970,2,0000000122,1
0000015126,0000007971,1,0000000137,1
0000015127,0000007972,1,0000000387,1
0000015128,0000007972,2,0000000115,2
0000015129,0000007973,1,0000000490,1
0000015130,0000007974,1,0000000228,1
0000015131,0000007975,1,0000000277,1
0000015132,0000007975,2,0000000169,1
0000015133,0000007975,3,0000000341,1
0000015134,0000007976,1,0000000015,1
0000015135,0000007977,1,0000000209,1
0000015136,0000007978,1,0000000318,1
0000015137,0000007979,1,0000000487,1
0000015138,0000007979,2,0000000375,1
0000015139,0000007979,3,0000000273,2
0000015140,0000007979,4,0000000396,1
0000015141,0000007980,1,0000000402,3
0000015142,0000007980,2,0000000442,2
0000015143,0000007980,3,0000000228,1
0000015144,0000007980,4,0000000235,1
0000015145,0000007981,1,0000000398,4
0000015146,0000007981,2,0000000489,1
0000015147,0000007982,1,0000000169,3
0000015148,0000007983,1,0000000303,1
0000015149,0000007984,1,0000000391,1
0000015150,0000007984,2,0000000005,1
0000015151,0000007984,3,0000000178,1
0000015152,0000007984,4,0000000210,1
0000015153,0000007985,1,0000000285,1
0000015154,0000007986,1,0000000005,1
0000015155,0000007986,2,0000000403,3
0000015156,0000007987,1,0000000088,1
0000015157,0000007988,1,0000000309,1
0000015158,0000007988,2,0000000098,3
0000015159,0000007989,1,0000000426,1
0000015160,0000007990,1,0000000460,3
0000015161,0000007990,2,0000000270,1
0000015162,0000007991,1,0000000238,1
0000015163,0000007992,1,0000000386,3
0000015164,0000007992,2,0000000215,1
0000015165,0000007992,3,0000000265,1
0000015166,0000007992,4,0000000004,1
0000015167,0000007993,1,0000000388,1
0000015168,0000007993,2,0000000427,1
0000015169,0000007994,1,0000000137,2
0000015170,0000007995,1,0000000428,1
0000015171,0000007995,2,0000000063,1
0000015172,0000007995,3,0000000038,1
0000015173,0000007996,1,0000000083,1
0000015174,0000007996,2,0000000298,4
0000015175,0000007996,3,0000000137,1
0000015176,0000007996,4,0000000102,1
0000015177,0000007997,1,0000000031,1
0000015178,0000007998,1,0000000146,1
0000015179,0000007998,2,0000000241,1
0000015180,0000007998,3,0000000041,1
0000015181,0000007998,4,0000000096,1
0000015182,0000007998,5,0000000381,1
0000015183,0000007999,1,0000000213,1
0000015184,0000008000,1,0000000243,2
0000015185,0000008000,2,0000000278,1
0000015186,0000008000,3,0000000338,1
0000015187,0000008001,1,0000000351,2
0000015188,0000008001,2,0000000326,3
0000015189,0000008002,1,0000000201,1
0000015190,0000008002,2,0000000381,1
0000015191,0000008003,1,0000000374,2
0000015192,0000008003,2,0000000473,1
0000015193,0000008004,1,0000000136,1
0000015194,0000008005,1,0000000432,1
0000015195,0000008006,1,0000000001,1
0000015196,0000008007,1,0000000281,1
0000015197,0000008007,2,0000000165,1
0000015198,0000008007,3,0000000438,1
0000015199,0000008008,1,0000000278,1
0000015200,0000008009,1,0000000418,1
0000015201,0000008009,2,0000000037,1
0000015202,0000008009,3,0000000430,2
0000015203,0000008010,1,0000000263,1
0000015204,0000008011,1,0000000042,2
0000015205,0000008011,2,0000000425,1
0000015206,0000008012,1,0000000048,2
0000015207,0000008013,1,0000000143,1
0000015208,0000008014,1,0000000356,1
0000015209,0000008014,2,0000000169,1
0000015210,0000008014,3,0000000272,1
0000015211,0000008015,1,0000000335,1
0000015212,0000008015,2,0000000421,1
0000015213,0000008015,3,0000000219,1
0000015214,0000008015,4,0000000303,1
0000015215,0000008015,5,0000000190,2
0000015216,0000008016,1,0000000081,1
0000015217,0000008016,2,0000000119,1
0000015218,0000008016,3,0000000156,1
0000015219,0000008016,4,0000000284,1
0000015220,0000008017,1,0000000372,2
0000015221,0000008018,1,0000000469,4
0000015222,0000008018,2,0000000059,3
0000015223,0000008018,3,0000000357,1
0000015224,0000008018,4,0000000362,1
0000015225,0000008019,1,0000000308,2
0000015226,0000008020,1,0000000242,1
0000015227,0000008020,2,0000000492,1
0000015228,0000008020,3,0000000082,3
0000015229,0000008020,4,0000000404,1
0000015230,0000008021,1,0000000299,2
0000015231,0000008021,2,0000000377,1
0000015232,0000008022,1,0000000274,1
0000015233,0000008023,1,0000000257,1
0000015234,0000008024,1,0000000382,2
0000015235,0000008024,2,0000000324,1
0000015236,0000008024,3,0000000118,1
0000015237,0000008025,1,0000000189,1
0000015238,0000008025,2,0000000405,1
0000015239,0000008026,1,0000000058,1
0000015240,0000008026,2,0000000171,1
0000015241,0000008027,1,0000000457,1
0000015242,0000008027,2,0000000159,2
0000015243,0000008027,3,0000000065,1
0000015244,0000008028,1,0000000198,1
0000015245,0000008029,1,0000000498,1
0000015246,0000008030,1,0000000496,1
0000015247,0000008031,1,0000000360,3
0000015248,0000008032,1,0000000135,2
0000015249,0000008032,2,0000000157,1
0000015250,0000008032,3,0000000191,1
0000015251,0000008033,1,0000000364,2
0000015252,0000008033,2,0000000408,1
0000015253,0000008034,1,0000000304,1
0000015254,0000008035,1,0000000123,3
0000015255,0000008035,2,0000000058,1
0000015256,0000008035,3,0000000356,2
0000015257,0000008036,1,0000000341,1
0000015258,0000008037,1,0000000430,1
0000015259,0000008038,1,0000000342,1
0000015260,0000008038,2,0000000290,1
0000015261,0000008039,1,0000000421,1
0000015262,0000008039,2,0000000268,3
0000015263,0000008039,3,0000000170,1
0000015264,0000008040,1,0000000237,1
0000015265,0000008040,2,0000000079,1
0000015266,0000008041,1,0000000266,1
0000015267,0000008042,1,0000000408,1
0000015268,0000008043,1,0000000359,1
0000015269,0000008044,1,0000000220,1
0000015270,0000008045,1,0000000144,1
0000015271,0000008045,2,0000000060,2
0000015272,0000008045,3,0000000250,2
0000015273,0000008045,4,0000000106,1
0000015274,0000008045,5,0000000132,1
0000015275,0000008046,1,0000000108,1
0000015276,0000008047,1,0000000306,3
0000015277,0000008048,1,0000000216,1
0000015278,0000008049,1,0000000484,1
0000015279,0000008049,2,0000000492,1
0000015280,0000008049,3,0000000052,3
0000015281,0000008049,4,0000000412,1
0000015282,0000008050,1,0000000401,1
0000015283,0000008050,2,0000000427,1
0000015284,0000008050,3,0000000141,2
0000015285,0000008050,4,0000000069,1
0000015286,0000008051,1,0000000366,1
0000015287,0000008051,2,0000000375,1
0000015288,0000008052,1,0000000051,1
0000015289,0000008053,1,0000000309,1
0000015290,0000008053,2,0000000408,1
0000015291,0000008054,1,0000000023,1
0000015292,0000008054,2,0000000246,1
0000015293,0000008055,1,0000000437,1
0000015294,0000008056,1,0000000244,2
0000015295,0000008056,2,0000000204,1
0000015296,0000008056,3,0000000445,1
0000015297,0000008056,4,0000000298,1
0000015298,0000008057,1,0000000283,1
0000015299,0000008057,2,0000000435,1
0000015300,0000008057,3,0000000023,1
0000015301,0000008058,1,0000000226,2
0000015302,0000008059,1,0000000369,3
0000015303,0000008059,2,0000000339,1
0000015304,0000008060,1,0000000024,1
0000015305,0000008061,1,0000000250,3
0000015306,0000008062,1,0000000247,1
0000015307,0000008062,2,0000000486,2
0000015308,0000008062,3,0000000263,2
0000015309,0000008063,1,0000000300,2
0000015310,0000008064,1,0000000054,1
0000015311,0000008065,1,0000000307,1
0000015312,0000008065,2,0000000105,1
0000015313,0000008066,1,0000000379,1
0000015314,0000008067,1,0000000046,3
0000015315,0000008067,2,0000000003,1
0000015316,0000008067,3,0000000222,4
0000015317,0000008067,4,0000000186,3
0000015318,0000008067,5,0000000484,1
0000015319,0000008068,1,0000000432,1
0000015320,0000008069,1,0000000378,1
0000015321,0000008070,1,0000000030,3
0000015322,0000008071,1,0000000411,3
0000015323,0000008072,1,0000000066,1
0000015324,0000008072,2,0000000303,1
0000015325,0000008073,1,0000000495,1
0000015326,0000008073,2,0000000405,1
0000015327,0000008074,1,0000000304,1
0000015328,0000008075,1,0000000487,2
0000015329,0000008075,2,0000000334,1
0000015330,0000008075,3,0000000353,1
0000015331,0000008075,4,0000000241,1
0000015332,0000008075,5,0000000389,1
0000015333,0000008076,1,0000000196,1
0000015334,0000008077,1,0000000397,1
0000015335,0000008078,1,0000000413,3
0000015336,0000008078,2,0000000051,2
0000015337,0000008078,3,0000000499,3
0000015338,0000008078,4,0000000320,1
0000015339,0000008079,1,0000000392,4
0000015340,0000008080,1,0000000038,2
0000015341,0000008081,1,0000000061,1
0000015342,0000008082,1,0000000318,1
0000015343,0000008082,2,0000000048,1
0000015344,0000008082,3,0000000298,1
0000015345,0000008082,4,0000000120,1
0000015346,0000008083,1,0000000170,1
0000015347,0000008083,2,0000000175,1
0000015348,0000008083,3,0000000035,1
0000015349,0000008083,4,0000000415,4
0000015350,0000008084,1,0000000393,3
0000015351,0000008085,1,0000000499,1
0000015352,0000008086,1,0000000307,1
0000015353,0000008086,2,0000000175,1
0000015354,0000008086,3,0000000108,1
0000015355,0000008087,1,0000000237,1
0000015356,0000008087,2,0000000348,2
0000015357,0000008087,3,0000000301,1
0000015358,0000008088,1,0000000356,2
0000015359,0000008088,2,0000000193,1
0000015360,0000008089,1,0000000053,1
0000015361,0000008090,1,0000000020,1
0000015362,0000008091,1,0000000244,1
0000015363,0000008091,2,0000000254,1
0000015364,0000008091,3,0000000236,1
0000015365,0000008091,4,0000000177,1
0000015366,0000008091,5,0000000362,1
0000015367,0000008092,1,0000000140,1
0000015368,0000008092,2,0000000294,1
0000015369,0000008093,1,0000000371,1
0000015370,0000008093,2,0000000370,1
0000015371,0000008094,1,0000000280,1
0000015372,0000008094,2,0000000397,1
0000015373,0000008095,1,0000000250,1
0000015374,0000008096,1,0000000181,1
0000015375,0000008097,1,0000000079,1
0000015376,0000008097,2,0000000015,1
0000015377,0000008098,1,0000000072,3
0000015378,0000008099,1,0000000122,2
0000015379,0000008099,2,0000000021,1
0000015380,0000008100,1,0000000346,1
0000015381,0000008101,1,0000000327,3
0000015382,0000008102,1,0000000077,2
0000015383,0000008102,2,0000000156,4
0000015384,0000008103,1,0000000460,1
0000015385,0000008103,2,0000000399,1
0000015386,0000008103,3,0000000024,1
0000015387,0000008104,1,0000000022,1
0000015388,0000008105,1,0000000406,1
0000015389,0000008106,1,0000000371,1
0000015390,0000008107,1,0000000020,2
0000015391,0000008107,2,0000000106,1
0000015392,0000008108,1,0000000027,1
0000015393,0000008108,2,0000000044,1
0000015394,0000008108,3,0000000419,1
0000015395,0000008109,1,0000000104,1
0000015396,0000008110,1,0000000056,1
0000015397,0000008110,2,0000000482,2
0000015398,0000008110,3,0000000154,1
0000015399,0000008111,1,0000000193,1
0000015400,0000008111,2,0000000477,1
0000015401,0000008112,1,0000000077,1
0000015402,0000008113,1,0000000171,1
0000015403,0000008113,2,0000000143,2
0000015404,0000008114,1,0000000202,1
0000015405,0000008115,1,0000000165,2
0000015406,0000008116,1,0000000462,4
0000015407,0000008117,1,0000000080,1
0000015408,0000008118,1,0000000395,1
0000015409,0000008118,2,0000000168,1
0000015410,0000008118,3,0000000371,1
0000015411,0000008119,1,0000000398,2
0000015412,0000008119,2,0000000269,2
0000015413,0000008120,1,0000000325,1
0000015414,0000008121,1,0000000400,3
0000015415,0000008121,2,0000000045,1
0000015416,0000008121,3,0000000041,2
0000015417,0000008122,1,0000000265,2
0000015418,0000008123,1,0000000177,4
0000015419,0000008124,1,0000000400,1
0000015420,0000008124,2,0000000369,1
0000015421,0000008124,3,0000000017,1
0000015422,0000008124,4,0000000407,1
0000015423,0000008125,1,0000000336,1
0000015424,0000008125,2,0000000135,1
0000015425,0000008126,1,0000000019,3
0000015426,0000008126,2,0000000181,2
0000015427,0000008127,1,0000000084,1
0000015428,0000008128,1,0000000050,2
0000015429,0000008128,2,0000000264,1
0000015430,0000008129,1,0000000338,1
0000015431,0000008129,2,0000000160,1
0000015432,0000008130,1,0000000267,2
0000015433,0000008131,1,0000000016,3
0000015434,0000008132,1,0000000095,1
0000015435,0000008132,2,0000000313,1
0000015436,0000008132,3,0000000043,1
0000015437,0000008132,4,0000000188,2
0000015438,0000008133,1,0000000479,1
0000015439,0000008133,2,0000000146,1
0000015440,0000008133,3,0000000040,1
0000015441,0000008134,1,0000000384,1
0000015442,0000008134,2,0000000036,4
0000015443,0000008135,1,0000000175,2
0000015444,0000008135,2,0000000120,1
0000015445,0000008136,1,0000000061,1
0000015446,0000008137,1,0000000199,1
0000015447,0000008137,2,0000000312,3
0000015448,0000008137,3,0000000319,2
0000015449,0000008137,4,0000000366,4
0000015450,0000008138,1,0000000298,2
0000015451,0000008139,1,0000000020,1
0000015452,0000008139,2,0000000338,1
0000015453,0000008139,3,0000000424,4
0000015454,0000008140,1,0000000157,1
0000015455,0000008141,1,0000000337,1
0000015456,0000008141,2,0000000371,1
0000015457,0000008141,3,0000000431,1
0000015458,0000008141,4,0000000177,1
0000015459,0000008142,1,0000000415,1
0000015460,0000008142,2,0000000038,1
0000015461,0000008142,3,0000000191,3
0000015462,0000008143,1,0000000145,1
0000015463,0000008144,1,0000000057,1
0000015464,0000008144,2,0000000254,1
0000015465,0000008145,1,0000000161,2
0000015466,0000008145,2,0000000198,1
0000015467,0000008145,3,0000000050,1
0000015468,0000008145,4,0000000187,2
0000015469,0000008146,1,0000000387,2
0000015470,0000008146,2,0000000005,1
0000015471,0000008147,1,0000000049,1
0000015472,0000008147,2,0000000415,3
0000015473,0000008147,3,0000000085,1
0000015474,0000008148,1,0000000336,1
0000015475,0000008149,1,0000000017,1
0000015476,0000008149,2,0000000186,2
0000015477,0000008149,3,0000000182,1
0000015478,0000008150,1,0000000270,2
0000015479,0000008150,2,0000000156,1
0000015480,0000008151,1,0000000420,2
0000015481,0000008151,2,0000000436,1
0000015482,0000008151,3,0000000293,1
0000015483,0000008152,1,0000000277,1
0000015484,0000008152,2,0000000332,3
0000015485,0000008152,3,0000000086,1
0000015486,0000008152,4,0000000286,1
0000015487,0000008153,1,0000000189,1
0000015488,0000008153,2,0000000163,1
0000015489,0000008153,3,0000000306,1
0000015490,0000008154,1,0000000439,1
0000015491,0000008155,1,0000000419,3
0000015492,0000008155,2,0000000411,1
0000015493,0000008155,3,0000000424,2
0000015494,0000008156,1,0000000480,2
0000015495,0000008156,2,0000000318,1
0000015496,0000008156,3,0000000180,1
0000015497,0000008157,1,0000000093,2
0000015498,0000008157,2,0000000008,1
0000015499,0000008157,3,0000000223,1
0000015500,0000008157,4,0000000345,1
0000015501,0000008157,5,0000000271,1
0000015502,0000008158,1,0000000199,2
0000015503,0000008159,1,0000000306,1
0000015504,0000008159,2,0000000041,1
0000015505,0000008159,3,0000000337,2
0000015506,0000008160,1,0000000365,1
0000015507,0000008161,1,0000000419,1
0000015508,0000008161,2,0000000295,1
0000015509,0000008161,3,0000000352,3
0000015510,0000008162,1,0000000253,1
0000015511,0000008162,2,0000000028,2
0000015512,0000008162,3,0000000348,1
0000015513,0000008162,4,0000000483,1
0000015514,0000008163,1,0000000332,1
0000015515,0000008163,2,0000000214,1
0000015516,0000008163,3,0000000351,1
0000015517,0000008163,4,0000000438,1
0000015518,0000008164,1,0000000055,1
0000015519,0000008165,1,0000000008,1
0000015520,0000008165,2,0000000293,1
0000015521,0000008166,1,0000000090,1
0000015522,0000008167,1,0000000237,2
0000015523,0000008168,1,0000000129,1
0000015524,0000008168,2,0000000456,1
0000015525,0000008169,1,0000000265,1
0000015526,0000008169,2,0000000257,2
0000015527,0000008169,3,0000000094,1
0000015528,0000008170,1,0000000415,1
0000015529,0000008171,1,0000000394,1
0000015530,0000008171,2,0000000398,2
0000015531,0000008171,3,0000000429,3
0000015532,0000008171,4,0000000280,3
0000015533,0000008171,5,0000000012,2
0000015534,0000008172,1,0000000014,1
0000015535,0000008172,2,0000000026,1
0000015536,0000008172,3,0000000250,1
0000015537,0000008173,1,0000000036,1
0000015538,0000008174,1,0000000419,1
0000015539,0000008175,1,0000000044,1
0000015540,0000008176,1,0000000363,2
0000015541,0000008176,2,0000000034,4
0000015542,0000008176,3,0000000294,1
0000015543,0000008176,4,0000000044,1
0000015544,0000008177,1,0000000495,2
0000015545,0000008177,2,0000000353,1
0000015546,0000008177,3,0000000101,2
0000015547,0000008178,1,0000000284,1
0000015548,0000008178,2,0000000382,2
0000015549,0000008178,3,0000000012,3
0000015550,0000008179,1,0000000465,1
0000015551,0000008179,2,0000000457,1
0000015552,0000008180,1,0000000455,1
0000015553,0000008181,1,0000000158,1
0000015554,0000008182,1,0000000306,1
0000015555,0000008183,1,0000000001,2
0000015556,0000008184,1,0000000401,1
0000015557,0000008185,1,0000000305,1
0000015558,0000008186,1,0000000347,1
0000015559,0000008187,1,0000000167,1
0000015560,0000008187,2,0000000377,1
0000015561,0000008187,3,0000000419,2
0000015562,0000008187,4,0000000445,1
0000015563,0000008188,1,0000000441,1
0000015564,0000008188,2,0000000089,1
0000015565,0000008189,1,0000000131,2
0000015566,0000008189,2,0000000377,2
0000015567,0000008189,3,0000000203,2
0000015568,0000008190,1,0000000186,2
0000015569,0000008190,2,0000000308,1
0000015570,0000008190,3,0000000437,2
0000015571,0000008190,4,0000000282,1
0000015572,0000008191,1,0000000488,4
0000015573,0000008192,1,0000000212,1
0000015574,0000008193,1,0000000113,1
0000015575,0000008194,1,0000000292,1
0000015576,0000008194,2,0000000056,1
0000015577,0000008195,1,0000000082,1
0000015578,0000008196,1,0000000109,4
0000015579,0000008197,1,0000000175,1
0000015580,0000008197,2,0000000287,1
0000015581,0000008197,3,0000000429,1
0000015582,0000008197,4,0000000234,1
0000015583,0000008198,1,0000000460,1
0000015584,0000008199,1,0000000006,2
0000015585,0000008199,2,0000000083,1
0000015586,0000008200,1,0000000210,1
0000015587,0000008200,2,0000000369,1
0000015588,0000008200,3,0000000445,4
0000015589,0000008201,1,0000000192,1
0000015590,0000008202,1,0000000155,1
0000015591,0000008203,1,0000000046,3
0000015592,0000008203,2,0000000358,1
0000015593,0000008203,3,0000000131,1
0000015594,0000008204,1,0000000291,1
0000015595,0000008205,1,0000000122,2
0000015596,0000008205,2,0000000357,1
0000015597,0000008206,1,0000000230,2
0000015598,0000008206,2,0000000306,1
0000015599,0000008207,1,0000000397,1
0000015600,0000008207,2,0000000418,2
0000015601,0000008207,3,0000000490,1
0000015602,0000008208,1,0000000409,1
0000015603,0000008209,1,0000000333,1
0000015604,0000008209,2,0000000378,2
0000015605,0000008209,3,0000000004,2
0000015606,0000008210,1,0000000279,2
0000015607,0000008211,1,0000000211,1
0000015608,0000008211,2,0000000183,1
0000015609,0000008211,3,0000000182,1
0000015610,0000008212,1,0000000162,1
0000015611,0000008212,2,0000000322,1
0000015612,0000008212,3,0000000457,1
0000015613,0000008213,1,0000000202,1
0000015614,0000008213,2,0000000346,1
0000015615,0000008214,1,0000000346,2
0000015616,0000008214,2,0000000018,1
0000015617,0000008214,3,0000000327,1
0000015618,0000008215,1,0000000424,1
0000015619,0000008216,1,0000000338,1
0000015620,0000008217,1,0000000006,1
0000015621,0000008218,1,0000000488,1
0000015622,0000008219,1,0000000366,2
0000015623,0000008219,2,0000000316,1
0000015624,0000008219,3,0000000426,1
0000015625,0000008219,4,0000000411,2
0000015626,0000008220,1,0000000431,3
0000015627,0000008220,2,0000000463,3
0000015628,0000008221,1,0000000009,1
0000015629,0000008222,1,0000000056,1
0000015630,0000008222,2,0000000432,3
0000015631,0000008223,1,0000000408,4
0000015632,0000008224,1,0000000027,1
0000015633,0000008225,1,0000000391,1
0000015634,0000008225,2,0000000195,2
0000015635,0000008225,3,0000000062,1
0000015636,0000008225,4,0000000386,3
0000015637,0000008226,1,0000000418,1
0000015638,0000008226,2,0000000213,1
0000015639,0000008227,1,0000000306,1
0000015640,0000008227,2,0000000015,1
0000015641,0000008227,3,0000000402,1
0000015642,0000008228,1,0000000469,3
0000015643,0000008228,2,0000000248,4
0000015644,0000008228,3,0000000245,1
0000015645,0000008228,4,0000000435,1
0000015646,0000008229,1,0000000098,1
0000015647,0000008230,1,0000000412,1
0000015648,0000008230,2,0000000290,2
0000015649,0000008231,1,0000000055,1
0000015650,0000008231,2,0000000313,1
0000015651,0000008231,3,0000000323,1
0000015652,0000008231,4,0000000457,3
0000015653,0000008231,5,0000000476,1
0000015654,0000008232,1,0000000058,1
0000015655,0000008232,2,0000000043,2
0000015656,0000008232,3,0000000169,3
0000015657,0000008232,4,0000000285,1
0000015658,0000008233,1,0000000081,2
0000015659,0000008234,1,0000000153,1
0000015660,0000008235,1,0000000088,2
0000015661,0000008236,1,0000000469,2
0000015662,0000008236,2,0000000019,2
0000015663,0000008237,1,0000000444,1
0000015664,0000008237,2,0000000103,1
0000015665,0000008237,3,0000000310,4
0000015666,0000008238,1,0000000241,1
0000015667,0000008239,1,0000000187,2
0000015668,0000008239,2,0000000162,2
0000015669,0000008239,3,0000000477,1
0000015670,0000008239,4,0000000293,2
0000015671,0000008239,5,0000000412,2
0000015672,0000008240,1,0000000476,2
0000015673,0000008241,1,0000000191,1
0000015674,0000008241,2,0000000190,2
0000015675,0000008241,3,0000000014,1
0000015676,0000008242,1,0000000268,1
0000015677,0000008243,1,0000000195,1
0000015678,0000008243,2,0000000314,1
0000015679,0000008244,1,0000000086,2
0000015680,0000008244,2,0000000480,1
0000015681,0000008244,3,0000000465,1
0000015682,0000008245,1,0000000095,1
0000015683,0000008246,1,0000000310,1
0000015684,0000008247,1,0000000396,1
0000015685,0000008248,1,0000000399,1
0000015686,0000008249,1,0000000068,1
0000015687,0000008250,1,0000000253,1
0000015688,0000008251,1,0000000476,1
0000015689,0000008251,2,0000000412,1
0000015690,0000008251,3,0000000046,1
0000015691,0000008251,4,0000000225,3
0000015692,0000008251,5,0000000343,1
0000015693,0000008252,1,0000000133,3
0000015694,0000008253,1,0000000164,1
0000015695,0000008254,1,0000000338,1
0000015696,0000008255,1,0000000493,1
0000015697,0000008256,1,0000000198,1
0000015698,0000008256,2,0000000380,1
0000015699,0000008257,1,0000000313,2
0000015700,0000008258,1,0000000197,2
0000015701,0000008259,1,0000000223,4
0000015702,0000008259,2,0000000187,4
0000015703,0000008259,3,0000000103,3
0000015704,0000008260,1,0000000078,1
0000015705,0000008260,2,0000000469,2
0000015706,0000008260,3,0000000321,2
0000015707,0000008260,4,0000000112,1
0000015708,0000008260,5,0000000393,1
0000015709,0000008261,1,0000000304,1
0000015710,0000008262,1,0000000287,1
0000015711,0000008263,1,0000000405,1
0000015712,0000008264,1,0000000137,1
0000015713,0000008265,1,0000000188,1
0000015714,0000008265,2,0000000262,4
0000015715,0000008265,3,0000000207,1
0000015716,0000008266,1,0000000048,2
0000015717,0000008267,1,0000000245,1
0000015718,0000008267,2,0000000236,2
0000015719,0000008268,1,0000000307,1
0000015720,0000008269,1,0000000236,1
0000015721,0000008269,2,0000000063,1
0000015722,0000008269,3,0000000477,1
0000015723,0000008270,1,0000000072,1
0000015724,0000008270,2,0000000352,1
0000015725,0000008270,3,0000000007,3
0000015726,0000008270,4,0000000398,3
0000015727,0000008271,1,0000000495,1
0000015728,0000008272,1,0000000439,1
0000015729,0000008272,2,0000000296,1
0000015730,0000008272,3,0000000038,2
0000015731,0000008273,1,0000000311,1
0000015732,0000008273,2,0000000216,3
0000015733,0000008273,3,0000000165,1
0000015734,0000008273,4,0000000073,1
0000015735,0000008273,5,0000000098,2
0000015736,0000008274,1,0000000265,2
0000015737,0000008275,1,0000000042,2
0000015738,0000008276,1,0000000454,2
0000015739,0000008276,2,0000000335,1
0000015740,0000008276,3,0000000391,1
0000015741,0000008276,4,0000000229,2
0000015742,0000008277,1,0000000424,1
0000015743,0000008278,1,0000000025,1
0000015744,0000008278,2,0000000279,2
0000015745,0000008279,1,0000000144,1
0000015746,0000008280,1,0000000217,2
0000015747,0000008281,1,0000000301,2
0000015748,0000008281,2,0000000420,1
0000015749,0000008282,1,0000000454,1
0000015750,0000008282,2,0000000295,2
0000015751,0000008282,3,0000000239,1
0000015752,0000008283,1,0000000266,3
0000015753,0000008283,2,0000000173,1
0000015754,0000008284,1,0000000222,1
0000015755,0000008285,1,0000000372,1
0000015756,0000008285,2,0000000227,1
0000015757,0000008285,3,0000000135,2
0000015758,0000008286,1,0000000144,1
0000015759,0000008287,1,0000000185,1
0000015760,0000008288,1,0000000199,1
0000015761,0000008288,2,0000000013,1
0000015762,0000008289,1,0000000228,4
0000015763,0000008289,2,0000000400,1
0000015764,0000008289,3,0000000389,1
0000015765,0000008290,1,0000000381,1
0000015766,0000008290,2,0000000204,1
0000015767,0000008291,1,0000000382,1
0000015768,0000008292,1,0000000224,2
0000015769,0000008292,2,0000000494,1
0000015770,0000008292,3,0000000307,1
0000015771,0000008292,4,0000000248,3
0000015772,0000008293,1,0000000324,1
0000015773,0000008294,1,0000000159,4
0000015774,0000008295,1,0000000125,1
0000015775,0000008296,1,0000000103,1
0000015776,0000008297,1,0000000483,4
0000015777,0000008298,1,0000000034,2
0000015778,0000008299,1,0000000222,1
0000015779,0000008300,1,0000000402,1
0000015780,0000008301,1,0000000350,1
0000015781,0000008301,2,0000000066,1
0000015782,0000008301,3,0000000247,1
0000015783,0000008301,4,0000000404,1
0000015784,0000008302,1,0000000074,3
0000015785,0000008303,1,0000000397,2
0000015786,0000008303,2,0000000326,2
0000015787,0000008304,1,0000000265,1
0000015788,0000008304,2,0000000454,1
0000015789,0000008304,3,0000000462,1
0000015790,0000008304,4,0000000164,2
0000015791,0000008304,5,0000000137,1
0000015792,0000008305,1,0000000362,2
0000015793,0000008306,1,0000000448,1
0000015794,0000008306,2,0000000111,1
0000015795,0000008306,3,0000000147,1
0000015796,0000008307,1,0000000400,1
0000015797,0000008308,1,0000000208,1
0000015798,0000008308,2,0000000072,1
0000015799,0000008308,3,0000000242,3
0000015800,0000008309,1,0000000112,2
0000015801,0000008309,2,0000000043,1
0000015802,0000008309,3,0000000045,4
0000015803,0000008309,4,0000000111,1
0000015804,0000008310,1,0000000190,1
0000015805,0000008310,2,0000000073,2
0000015806,0000008310,3,0000000395,2
0000015807,0000008311,1,0000000243,4
0000015808,0000008311,2,0000000259,1
0000015809,0000008312,1,0000000110,1
0000015810,0000008312,2,0000000397,2
0000015811,0000008312,3,0000000210,1
0000015812,0000008312,4,0000000063,1
0000015813,0000008312,5,0000000006,1
0000015814,0000008313,1,0000000264,1
0000015815,0000008313,2,0000000226,1
0000015816,0000008313,3,0000000117,1
0000015817,0000008314,1,0000000006,1
0000015818,0000008315,1,0000000281,3
0000015819,0000008315,2,0000000376,1
0000015820,0000008315,3,0000000050,1
0000015821,0000008316,1,0000000156,1
0000015822,0000008316,2,0000000229,1
0000015823,0000008317,1,0000000320,1
0000015824,0000008318,1,0000000181,1
0000015825,0000008318,2,0000000200,1
0000015826,0000008319,1,0000000466,1
0000015827,0000008320,1,0000000483,1
0000015828,0000008320,2,0000000488,1
0000015829,0000008320,3,0000000344,1
0000015830,0000008321,1,0000000383,1
0000015831,0000008321,2,0000000037,2
0000015832,0000008321,3,0000000039,1
0000015833,0000008322,1,0000000269,1
0000015834,0000008323,1,0000000301,1
0000015835,0000008323,2,0000000354,1
0000015836,0000008323,3,0000000088,1
0000015837,0000008324,1,0000000147,1
0000015838,0000008324,2,0000000028,1
0000015839,0000008324,3,0000000225,1
0000015840,0000008324,4,0000000181,1
0000015841,0000008325,1,0000000375,2
0000015842,0000008325,2,0000000091,1
0000015843,0000008325,3,0000000413,1
0000015844,0000008325,4,0000000275,2
0000015845,0000008325,5,0000000485,1
0000015846,0000008326,1,0000000298,2
0000015847,0000008327,1,0000000369,1
0000015848,0000008327,2,0000000385,3
0000015849,0000008328,1,0000000004,1
0000015850,0000008329,1,0000000477,1
0000015851,0000008330,1,0000000455,3
0000015852,0000008331,1,0000000384,1
0000015853,0000008331,2,0000000343,1
0000015854,0000008331,3,0000000153,1
0000015855,0000008332,1,0000000063,2
0000015856,0000008333,1,0000000316,1
0000015857,0000008333,2,0000000174,1
0000015858,0000008333,3,0000000293,1
0000015859,0000008333,4,0000000331,1
0000015860,0000008333,5,0000000050,1
0000015861,0000008334,1,0000000068,1
0000015862,0000008334,2,0000000172,2
0000015863,0000008335,1,0000000071,1
0000015864,0000008335,2,0000000464,1
0000015865,0000008335,3,0000000466,3
0000015866,0000008335,4,0000000399,2
0000015867,0000008336,1,0000000238,1
0000015868,0000008336,2,0000000148,2
0000015869,0000008337,1,0000000285,1
0000015870,0000008338,1,0000000489,4
0000015871,0000008339,1,0000000176,1
0000015872,0000008339,2,0000000461,1
0000015873,0000008340,1,0000000014,1
0000015874,0000008341,1,0000000207,1
0000015875,0000008341,2,0000000428,2
0000015876,0000008342,1,0000000338,1
0000015877,0000008343,1,0000000212,2
0000015878,0000008343,2,0000000147,1
0000015879,0000008343,3,0000000419,1
0000015880,0000008344,1,0000000338,1
0000015881,0000008344,2,0000000411,1
0000015882,0000008344,3,0000000245,1
0000015883,0000008345,1,0000000004,1
0000015884,0000008346,1,0000000109,4
0000015885,0000008346,2,0000000135,1
0000015886,0000008346,3,0000000321,1
0000015887,0000008347,1,0000000135,1
0000015888,0000008347,2,0000000350,2
0000015889,0000008348,1,0000000060,3
0000015890,0000008348,2,0000000321,1
0000015891,0000008348,3,0000000085,1
0000015892,0000008349,1,0000000433,1
0000015893,0000008350,1,0000000353,1
0000015894,0000008350,2,0000000355,1
0000015895,0000008351,1,0000000497,1
0000015896,0000008352,1,0000000165,1
0000015897,0000008353,1,0000000441,1
0000015898,0000008353,2,0000000325,3
0000015899,0000008354,1,0000000197,1
0000015900,0000008355,1,0000000176,2
0000015901,0000008355,2,0000000462,1
0000015902,0000008355,3,0000000478,1
0000015903,0000008356,1,0000000142,1
0000015904,0000008357,1,0000000029,1
0000015905,0000008358,1,0000000139,1
0000015906,0000008359,1,0000000348,1
0000015907,0000008359,2,0000000221,1
0000015908,0000008359,3,0000000304,2
0000015909,0000008359,4,0000000366,1
0000015910,0000008360,1,0000000203,1
0000015911,0000008361,1,0000000454,1
0000015912,0000008361,2,0000000237,3
0000015913,0000008361,3,0000000167,1
0000015914,0000008361,4,0000000346,1
0000015915,0000008362,1,0000000296,2
0000015916,0000008362,2,0000000158,3
0000015917,0000008362,3,0000000376,1
0000015918,0000008362,4,0000000368,1
0000015919,0000008363,1,0000000187,1
0000015920,0000008364,1,0000000200,1
0000015921,0000008365,1,0000000363,1
0000015922,0000008365,2,0000000070,1
0000015923,0000008365,3,0000000179,1
0000015924,0000008366,1,0000000218,1
0000015925,0000008366,2,0000000238,1
0000015926,0000008367,1,0000000075,2
0000015927,0000008367,2,0000000169,1
0000015928,0000008368,1,0000000364,1
0000015929,0000008368,2,0000000197,2
0000015930,0000008368,3,0000000416,1
0000015931,0000008368,4,0000000039,2
0000015932,0000008368,5,0000000288,3
0000015933,0000008369,1,0000000223,1
0000015934,0000008370,1,0000000188,3
0000015935,0000008370,2,0000000151,4
0000015936,0000008370,3,0000000238,1
0000015937,0000008371,1,0000000118,2
0000015938,0000008371,2,0000000072,1
0000015939,0000008371,3,0000000215,1
0000015940,0000008371,4,0000000087,3
0000015941,0000008371,5,0000000110,3
0000015942,0000008372,1,0000000434,1
0000015943,0000008372,2,0000000068,1
0000015944,0000008373,1,0000000265,1
0000015945,0000008373,2,0000000329,1
0000015946,0000008373,3,0000000309,1
0000015947,0000008374,1,0000000321,1
0000015948,0000008374,2,0000000052,1
0000015949,0000008375,1,0000000292,1
0000015950,0000008376,1,0000000346,1
0000015951,0000008377,1,0000000234,1
0000015952,0000008377,2,0000000080,1
0000015953,0000008378,1,0000000455,1
0000015954,0000008378,2,0000000196,2
0000015955,0000008378,3,0000000390,1
0000015956,0000008378,4,0000000233,1
0000015957,0000008378,5,0000000042,1
0000015958,0000008379,1,0000000247,1
0000015959,0000008379,2,0000000315,3
0000015960,0000008380,1,0000000040,1
0000015961,0000008380,2,0000000418,1
0000015962,0000008381,1,0000000089,1
0000015963,0000008381,2,0000000057,1
0000015964,0000008382,1,0000000476,2
0000015965,0000008382,2,0000000133,2
0000015966,0000008382,3,0000000146,1
0000015967,0000008382,4,0000000350,3
0000015968,0000008382,5,0000000270,1
0000015969,0000008383,1,0000000277,3
0000015970,0000008383,2,0000000083,1
0000015971,0000008383,3,0000000297,1
0000015972,0000008383,4,0000000104,1
0000015973,0000008384,1,0000000319,1
0000015974,0000008385,1,0000000298,2
0000015975,0000008385,2,0000000485,1
0000015976,0000008385,3,0000000359,1
0000015977,0000008385,4,0000000017,2
0000015978,0000008386,1,0000000329,1
0000015979,0000008386,2,0000000173,1
0000015980,0000008386,3,0000000305,3
0000015981,0000008386,4,0000000135,3
0000015982,0000008387,1,0000000387,3
0000015983,0000008388,1,0000000142,2
0000015984,0000008388,2,0000000401,1
0000015985,0000008389,1,0000000029,3
0000015986,0000008389,2,0000000052,1
0000015987,0000008389,3,0000000270,1
0000015988,0000008390,1,0000000207,1
0000015989,0000008390,2,0000000400,1
0000015990,0000008391,1,0000000137,1
0000015991,0000008391,2,0000000093,4
0000015992,0000008392,1,0000000099,1
0000015993,0000008393,1,0000000180,2
0000015994,0000008393,2,0000000264,1
0000015995,0000008394,1,0000000359,1
0000015996,0000008394,2,0000000305,2
0000015997,0000008394,3,0000000458,1
0000015998,0000008395,1,0000000366,4
0000015999,0000008395,2,0000000022,1
0000016000,0000008396,1,0000000227,1
0000016001,0000008397,1,0000000147,1
0000016002,0000008398,1,0000000088,2
0000016003,0000008398,2,0000000234,1
0000016004,0000008398,3,0000000276,1
0000016005,0000008398,4,0000000451,1
0000016006,0000008399,1,0000000261,1
0000016007,0000008399,2,0000000282,1
0000016008,0000008400,1,0000000183,1
0000016009,0000008400,2,0000000269,1
0000016010,0000008400,3,0000000422,2
0000016011,0000008400,4,0000000189,2
0000016012,0000008401,1,0000000463,2
0000016013,0000008402,1,0000000167,2
0000016014,0000008403,1,0000000014,1
0000016015,0000008403,2,0000000140,1
0000016016,0000008403,3,0000000418,1
0000016017,0000008404,1,0000000211,1
0000016018,0000008404,2,0000000153,1
0000016019,0000008405,1,0000000374,3
0000016020,0000008406,1,0000000417,1
0000016021,0000008407,1,0000000309,1
0000016022,0000008408,1,0000000317,4
0000016023,0000008409,1,0000000188,1
0000016024,0000008410,1,0000000098,1
0000016025,0000008411,1,0000000327,1
0000016026,0000008411,2,0000000017,4
0000016027,0000008412,1,0000000445,1
0000016028,0000008412,2,0000000235,1
0000016029,0000008413,1,0000000136,2
0000016030,0000008413,2,0000000151,1
0000016031,0000008414,1,0000000180,1
0000016032,0000008414,2,0000000282,2
0000016033,0000008415,1,0000000337,3
0000016034,0000008416,1,0000000094,1
0000016035,0000008416,2,0000000500,3
0000016036,0000008416,3,0000000255,2
0000016037,0000008416,4,0000000291,2
0000016038,0000008417,1,0000000487,2
0000016039,0000008417,2,0000000274,2
0000016040,0000008418,1,0000000017,2
0000016041,0000008419,1,0000000019,1
0000016042,0000008419,2,0000000011,1
0000016043,0000008420,1,0000000489,3
0000016044,0000008421,1,0000000207,1
0000016045,0000008422,1,0000000333,2
0000016046,0000008422,2,0000000018,1
0000016047,0000008422,3,0000000423,1
0000016048,0000008422,4,0000000405,4
0000016049,0000008423,1,0000000331,1
0000016050,0000008423,2,0000000146,1
0000016051,0000008423,3,0000000496,1
0000016052,0000008424,1,0000000232,1
0000016053,0000008425,1,0000000146,4
0000016054,0000008426,1,0000000301,1
0000016055,0000008426,2,0000000148,1
0000016056,0000008427,1,0000000308,1
0000016057,0000008428,1,0000000103,1
0000016058,0000008428,2,0000000037,1
0000016059,0000008428,3,0000000048,2
0000016060,0000008428,4,0000000171,3
0000016061,0000008428,5,0000000019,1
0000016062,0000008429,1,0000000406,1
0000016063,0000008429,2,0000000369,2
0000016064,0000008430,1,0000000074,1
0000016065,0000008431,1,0000000465,1
0000016066,0000008432,1,0000000495,1
0000016067,0000008432,2,0000000469,2
0000016068,0000008432,3,0000000109,1
0000016069,0000008433,1,0000000456,1
0000016070,0000008434,1,0000000245,1
0000016071,0000008435,1,0000000146,1
0000016072,0000008435,2,0000000214,1
0000016073,0000008435,3,0000000009,3
0000016074,0000008436,1,0000000312,1
0000016075,0000008437,1,0000000110,3
0000016076,0000008437,2,0000000082,1
0000016077,0000008437,3,0000000109,1
0000016078,0000008437,4,0000000302,1
0000016079,0000008438,1,0000000359,1
0000016080,0000008439,1,0000000181,1
0000016081,0000008439,2,0000000057,1
0000016082,0000008439,3,0000000055,1
0000016083,0000008440,1,0000000081,2
0000016084,0000008441,1,0000000117,1
0000016085,0000008442,1,0000000282,2
0000016086,0000008443,1,0000000107,2
0000016087,0000008443,2,0000000331,3
0000016088,0000008443,3,0000000246,1
0000016089,0000008443,4,0000000164,1
0000016090,0000008444,1,0000000406,1
0000016091,0000008445,1,0000000042,1
0000016092,0000008445,2,0000000499,1
0000016093,0000008446,1,0000000345,1
0000016094,0000008447,1,0000000160,1
0000016095,0000008448,1,0000000098,1
0000016096,0000008449,1,0000000315,1
0000016097,0000008450,1,0000000098,1
0000016098,0000008450,2,0000000416,3
0000016099,0000008451,1,0000000447,1
0000016100,0000008452,1,0000000126,1
0000016101,0000008453,1,0000000265,1
0000016102,0000008453,2,0000000126,2
0000016103,0000008454,1,0000000115,1
0000016104,0000008454,2,0000000163,1
0000016105,0000008455,1,0000000223,2
0000016106,0000008455,2,0000000035,1
0000016107,0000008456,1,0000000444,2
0000016108,0000008457,1,0000000176,4
0000016109,0000008457,2,0000000339,1
0000016110,0000008458,1,0000000163,1
0000016111,0000008458,2,0000000207,1
0000016112,0000008458,3,0000000319,1
0000016113,0000008459,1,0000000091,1
0000016114,0000008460,1,0000000040,1
0000016115,0000008461,1,0000000394,1
0000016116,0000008461,2,0000000106,1
0000016117,0000008462,1,0000000245,1
0000016118,0000008462,2,0000000268,1
0000016119,0000008462,3,0000000401,1
0000016120,0000008463,1,0000000118,1
0000016121,0000008463,2,0000000414,2
0000016122,0000008464,1,0000000212,1
0000016123,0000008464,2,0000000305,2
0000016124,0000008464,3,0000000214,1
0000016125,0000008465,1,0000000206,1
0000016126,0000008466,1,0000000084,1
0000016127,0000008466,2,0000000308,1
0000016128,0000008467,1,0000000319,1
0000016129,0000008467,2,0000000228,1
0000016130,0000008468,1,0000000144,1
0000016131,0000008468,2,0000000011,1
0000016132,0000008469,1,0000000059,1
0000016133,0000008469,2,0000000404,2
0000016134,0000008469,3,0000000026,1
0000016135,0000008469,4,0000000075,2
0000016136,0000008469,5,0000000077,1
0000016137,0000008470,1,0000000259,1
0000016138,0000008470,2,0000000427,1
0000016139,0000008471,1,0000000341,1
0000016140,0000008472,1,0000000175,1
0000016141,0000008472,2,0000000073,2
0000016142,0000008473,1,0000000286,1
0000016143,0000008474,1,0000000022,2
0000016144,0000008474,2,0000000393,1
0000016145,0000008475,1,0000000005,1
0000016146,0000008476,1,0000000294,1
0000016147,0000008477,1,0000000107,1
0000016148,0000008478,1,0000000495,1
0000016149,0000008479,1,0000000194,2
0000016150,0000008480,1,0000000034,1
0000016151,0000008481,1,0000000074,4
0000016152,0000008482,1,0000000147,1
0000016153,0000008482,2,0000000488,2
0000016154,0000008483,1,0000000103,1
0000016155,0000008483,2,0000000363,1
0000016156,0000008484,1,0000000242,2
0000016157,0000008485,1,0000000340,3
0000016158,0000008485,2,0000000154,1
0000016159,0000008486,1,0000000060,2
0000016160,0000008487,1,0000000444,1
0000016161,0000008488,1,0000000119,1
0000016162,0000008489,1,0000000204,1
0000016163,0000008490,1,0000000098,1
0000016164,0000008491,1,0000000499,1
0000016165,0000008492,1,0000000495,3
0000016166,0000008493,1,0000000314,1
0000016167,0000008494,1,0000000277,1
0000016168,0000008495,1,0000000161,4
0000016169,0000008496,1,0000000090,1
0000016170,0000008497,1,0000000143,1
0000016171,0000008498,1,0000000113,1
0000016172,0000008499,1,0000000014,1
0000016173,0000008499,2,0000000460,1
0000016174,0000008499,3,0000000338,2
0000016175,0000008499,4,0000000109,3
0000016176,0000008499,5,0000000435,1
0000016177,0000008500,1,0000000136,1
0000016178,0000008500,2,0000000446,1
0000016179,0000008500,3,0000000406,1
0000016180,0000008500,4,0000000061,1
0000016181,0000008501,1,0000000457,1
0000016182,0000008502,1,0000000456,4
0000016183,0000008502,2,0000000278,1
0000016184,0000008502,3,0000000452,1
0000016185,0000008502,4,0000000484,1
0000016186,0000008503,1,0000000326,1
0000016187,0000008504,1,0000000194,2
0000016188,0000008505,1,0000000183,1
0000016189,0000008505,2,0000000120,1
0000016190,0000008505,3,0000000133,1
0000016191,0000008505,4,0000000267,1
0000016192,0000008506,1,0000000083,1
0000016193,0000008507,1,0000000286,1
0000016194,0000008507,2,0000000012,1
0000016195,0000008508,1,0000000275,1
0000016196,0000008508,2,0000000290,1
0000016197,0000008508,3,0000000105,1
0000016198,0000008509,1,0000000256,1
0000016199,0000008509,2,0000000366,1
0000016200,0000008509,3,0000000131,1
0000016201,0000008509,4,0000000150,1
0000016202,0000008510,1,0000000086,1
0000016203,0000008510,2,0000000167,1
0000016204,0000008510,3,0000000403,1
0000016205,0000008510,4,0000000438,3
0000016206,0000008510,5,0000000479,1
0000016207,0000008511,1,0000000358,1
0000016208,0000008512,1,0000000407,1
0000016209,0000008512,2,0000000336,2
0000016210,0000008513,1,0000000053,1
0000016211,0000008513,2,0000000462,1
0000016212,0000008513,3,0000000281,1
0000016213,0000008514,1,0000000267,2
0000016214,0000008515,1,0000000026,1
0000016215,0000008516,1,0000000222,1
0000016216,0000008516,2,0000000383,1
0000016217,0000008517,1,0000000049,2
0000016218,0000008517,2,0000000052,1
0000016219,0000008517,3,0000000116,1
0000016220,0000008518,1,0000000195,1
0000016221,0000008519,1,0000000479,1
0000016222,0000008520,1,0000000485,1
0000016223,0000008520,2,0000000097,2
0000016224,0000008520,3,0000000158,1
0000016225,0000008521,1,0000000141,2
0000016226,0000008521,2,0000000037,1
0000016227,0000008521,3,0000000373,4
0000016228,0000008522,1,0000000323,1
0000016229,0000008522,2,0000000102,1
0000016230,0000008522,3,0000000420,1
0000016231,0000008522,4,0000000324,1
0000016232,0000008523,1,0000000491,1
0000016233,0000008524,1,0000000408,3
0000016234,0000008525,1,0000000488,1
0000016235,0000008526,1,0000000086,2
0000016236,0000008526,2,0000000052,1
0000016237,0000008526,3,0000000102,1
0000016238,0000008527,1,0000000458,1
0000016239,0000008527,2,0000000043,1
0000016240,0000008527,3,0000000158,1
0000016241,0000008527,4,0000000184,1
0000016242,0000008528,1,0000000065,2
0000016243,0000008529,1,0000000431,1
0000016244,0000008529,2,0000000292,4
0000016245,0000008529,3,0000000375,3
0000016246,0000008529,4,0000000189,1
0000016247,0000008529,5,0000000180,1
0000016248,0000008530,1,0000000027,2
0000016249,0000008530,2,0000000133,1
0000016250,0000008530,3,0000000358,1
0000016251,0000008531,1,0000000300,1
0000016252,0000008532,1,0000000374,1
0000016253,0000008533,1,0000000215,1
0000016254,0000008534,1,0000000477,1
0000016255,0000008535,1,0000000374,1
0000016256,0000008536,1,0000000134,1
0000016257,0000008537,1,0000000105,1
0000016258,0000008538,1,0000000252,1
0000016259,0000008539,1,0000000130,3
0000016260,0000008539,2,0000000325,1
0000016261,0000008539,3,0000000451,2
0000016262,0000008540,1,0000000039,1
0000016263,0000008541,1,0000000353,4
0000016264,0000008542,1,0000000498,1
0000016265,0000008542,2,0000000280,3
0000016266,0000008543,1,0000000093,2
0000016267,0000008543,2,0000000024,4
0000016268,0000008543,3,0000000021,1
0000016269,0000008543,4,0000000356,1
0000016270,0000008544,1,0000000081,2
0000016271,0000008544,2,0000000290,3
0000016272,0000008545,1,0000000477,1
0000016273,0000008546,1,0000000276,1
0000016274,0000008546,2,0000000167,1
0000016275,0000008547,1,0000000288,1
0000016276,0000008548,1,0000000371,1
0000016277,0000008548,2,0000000148,1
0000016278,0000008549,1,0000000434,1
0000016279,0000008549,2,0000000471,1
0000016280,0000008550,1,0000000016,3
0000016281,0000008550,2,0000000076,4
0000016282,0000008551,1,0000000484,1
0000016283,0000008551,2,0000000474,1
0000016284,0000008552,1,0000000445,1
0000016285,0000008552,2,0000000157,3
0000016286,0000008552,3,0000000113,3
0000016287,0000008552,4,0000000346,1
0000016288,0000008553,1,0000000127,1
0000016289,0000008554,1,0000000006,1
0000016290,0000008554,2,0000000206,1
0000016291,0000008554,3,0000000001,1
0000016292,0000008555,1,0000000174,1
0000016293,0000008556,1,0000000393,1
0000016294,0000008556,2,0000000148,1
0000016295,0000008556,3,0000000407,1
0000016296,0000008556,4,0000000065,1
0000016297,0000008557,1,0000000258,1
0000016298,0000008558,1,0000000257,2
0000016299,0000008559,1,0000000113,1
0000016300,0000008560,1,0000000180,1
0000016301,0000008561,1,0000000301,1
0000016302,0000008562,1,0000000464,1
0000016303,0000008563,1,0000000274,2
0000016304,0000008563,2,0000000255,1
0000016305,0000008563,3,0000000014,1
0000016306,0000008564,1,0000000391,1
0000016307,0000008565,1,0000000392,1
0000016308,0000008566,1,0000000211,1
0000016309,0000008566,2,0000000378,1
0000016310,0000008567,1,0000000107,1
0000016311,0000008568,1,0000000211,1
0000016312,0000008569,1,0000000457,3
0000016313,0000008569,2,0000000001,2
0000016314,0000008570,1,0000000039,1
0000016315,0000008571,1,0000000335,1
0000016316,0000008571,2,0000000317,1
0000016317,0000008572,1,0000000367,1
0000016318,0000008572,2,0000000235,2
0000016319,0000008572,3,0000000356,4
0000016320,0000008572,4,0000000192,1
0000016321,0000008573,1,0000000371,1
0000016322,0000008574,1,0000000018,2
0000016323,0000008574,2,0000000028,1
0000016324,0000008575,1,0000000279,1
0000016325,0000008575,2,0000000138,2
0000016326,0000008576,1,0000000088,1
0000016327,0000008576,2,0000000494,3
0000016328,0000008576,3,0000000484,1
0000016329,0000008576,4,0000000093,4
0000016330,0000008577,1,0000000472,1
0000016331,0000008578,1,0000000479,1
0000016332,0000008578,2,0000000120,1
0000016333,0000008578,3,0000000212,4
0000016334,0000008579,1,0000000206,1
0000016335,0000008579,2,0000000099,3
0000016336,0000008580,1,0000000151,2
0000016337,0000008580,2,0000000400,2
0000016338,0000008581,1,0000000389,1
0000016339,0000008581,2,0000000248,2
0000016340,0000008582,1,0000000441,1
0000016341,0000008582,2,0000000425,1
0000016342,0000008582,3,0000000259,4
0000016343,0000008582,4,0000000066,2
0000016344,0000008583,1,0000000400,2
0000016345,0000008583,2,0000000262,3
0000016346,0000008584,1,0000000136,1
0000016347,0000008585,1,0000000161,1
0000016348,0000008586,1,0000000003,3
0000016349,0000008587,1,0000000291,1
0000016350,0000008587,2,0000000208,2
0000016351,0000008588,1,0000000339,1
0000016352,0000008589,1,0000000065,2
0000016353,0000008589,2,0000000282,1
0000016354,0000008590,1,0000000258,3
0000016355,0000008590,2,0000000160,1
0000016356,0000008590,3,0000000184,1
0000016357,0000008590,4,0000000397,1
0000016358,0000008591,1,0000000148,1
0000016359,0000008592,1,0000000476,1
0000016360,0000008593,1,0000000234,1
0000016361,0000008593,2,0000000158,2
0000016362,0000008593,3,0000000273,1
0000016363,0000008593,4,0000000207,1
0000016364,0000008594,1,0000000004,1
0000016365,0000008594,2,0000000110,1
0000016366,0000008594,3,0000000449,1
0000016367,0000008595,1,0000000463,1
0000016368,0000008595,2,0000000194,1
0000016369,0000008596,1,0000000126,1
0000016370,0000008597,1,0000000228,1
0000016371,0000008598,1,0000000070,1
0000016372,0000008598,2,0000000433,1
0000016373,0000008599,1,0000000270,2
0000016374,0000008600,1,0000000175,1
0000016375,0000008600,2,0000000429,2
0000016376,0000008601,1,0000000151,1
0000016377,0000008602,1,0000000142,2
0000016378,0000008603,1,0000000027,2
0000016379,0000008603,2,0000000491,1
0000016380,0000008604,1,0000000369,1
0000016381,0000008605,1,0000000065,2
0000016382,0000008605,2,0000000271,1
0000016383,0000008605,3,0000000109,3
0000016384,0000008606,1,0000000093,2
0000016385,0000008606,2,0000000363,2
0000016386,0000008607,1,0000000275,1
0000016387,0000008607,2,0000000097,1
0000016388,0000008607,3,0000000174,3
0000016389,0000008608,1,0000000396,4
0000016390,0000008609,1,0000000409,1
0000016391,0000008609,2,0000000069,1
0000016392,0000008610,1,0000000251,3
0000016393,0000008610,2,0000000020,4
0000016394,0000008611,1,0000000034,4
0000016395,0000008612,1,0000000478,2
0000016396,0000008612,2,0000000381,2
0000016397,0000008613,1,0000000124,1
0000016398,0000008613,2,0000000260,1
0000016399,0000008613,3,0000000337,1
0000016400,0000008614,1,0000000317,1
0000016401,0000008615,1,0000000058,1
0000016402,0000008616,1,0000000126,1
0000016403,0000008616,2,0000000028,1
0000016404,0000008617,1,0000000114,1
0000016405,0000008617,2,0000000148,1
0000016406,0000008618,1,0000000499,1
0000016407,0000008619,1,0000000197,1
0000016408,0000008620,1,0000000393,1
0000016409,0000008620,2,0000000288,1
0000016410,0000008621,1,0000000216,2
0000016411,0000008622,1,0000000115,1
0000016412,0000008623,1,0000000444,1
0000016413,0000008623,2,0000000486,1
0000016414,0000008623,3,0000000208,1
0000016415,0000008624,1,0000000218,1
0000016416,0000008624,2,0000000102,1
0000016417,0000008624,3,0000000050,1
0000016418,0000008624,4,0000000305,1
0000016419,0000008624,5,0000000004,1
0000016420,0000008625,1,0000000478,1
0000016421,0000008626,1,0000000450,1
0000016422,0000008626,2,0000000334,1
0000016423,0000008627,1,0000000014,3
0000016424,0000008627,2,0000000312,1
0000016425,0000008628,1,0000000431,2
0000016426,0000008629,1,0000000374,1
0000016427,0000008629,2,0000000379,1
0000016428,0000008629,3,0000000018,1
0000016429,0000008630,1,0000000482,1
0000016430,0000008631,1,0000000004,4
0000016431,0000008631,2,0000000041,1
0000016432,0000008632,1,0000000132,1
0000016433,0000008632,2,0000000152,1
0000016434,0000008633,1,0000000004,1
0000016435,0000008633,2,0000000082,1
0000016436,0000008634,1,0000000079,1
0000016437,0000008634,2,0000000158,1
0000016438,0000008634,3,0000000111,1
0000016439,0000008635,1,0000000106,1
0000016440,0000008635,2,0000000204,3
0000016441,0000008636,1,0000000249,1
0000016442,0000008636,2,0000000480,1
0000016443,0000008637,1,0000000145,1
0000016444,0000008637,2,0000000187,1
0000016445,0000008637,3,0000000415,1
0000016446,0000008637,4,0000000324,3
0000016447,0000008638,1,0000000245,1
0000016448,0000008638,2,0000000159,2
0000016449,0000008639,1,0000000151,1
0000016450,0000008639,2,0000000085,1
0000016451,0000008640,1,0000000114,1
0000016452,0000008641,1,0000000388,1
0000016453,0000008642,1,0000000097,1
0000016454,0000008642,2,0000000030,1
0000016455,0000008642,3,0000000197,2
0000016456,0000008642,4,0000000250,1
0000016457,0000008643,1,0000000368,1
0000016458,0000008643,2,0000000167,4
0000016459,0000008643,3,0000000054,1
0000016460,0000008643,4,0000000169,2
0000016461,0000008644,1,0000000301,1
0000016462,0000008644,2,0000000049,1
0000016463,0000008644,3,0000000386,1
0000016464,0000008644,4,0000000369,1
0000016465,0000008645,1,0000000497,1
0000016466,0000008645,2,0000000347,2
0000016467,0000008646,1,0000000132,1
0000016468,0000008646,2,0000000486,1
0000016469,0000008647,1,0000000155,1
0000016470,0000008648,1,0000000260,3
0000016471,0000008649,1,0000000087,3
0000016472,0000008650,1,0000000093,1
0000016473,0000008650,2,0000000406,1
0000016474,0000008650,3,0000000413,1
0000016475,0000008650,4,0000000183,3
0000016476,0000008651,1,0000000055,2
0000016477,0000008652,1,0000000249,1
0000016478,0000008652,2,0000000156,1
0000016479,0000008653,1,0000000113,1
0000016480,0000008654,1,0000000229,2
0000016481,0000008655,1,0000000444,1
0000016482,0000008655,2,0000000081,1
0000016483,0000008655,3,0000000480,3
0000016484,0000008655,4,0000000174,1
0000016485,0000008655,5,0000000493,1
0000016486,0000008656,1,0000000093,1
0000016487,0000008657,1,0000000277,3
0000016488,0000008657,2,0000000459,3
0000016489,0000008658,1,0000000039,1
0000016490,0000008659,1,0000000344,1
0000016491,0000008659,2,0000000143,1
0000016492,0000008659,3,0000000281,1
0000016493,0000008660,1,0000000487,1
0000016494,0000008661,1,0000000238,3
0000016495,0000008662,1,0000000152,4
0000016496,0000008662,2,0000000435,1
0000016497,0000008663,1,0000000124,2
0000016498,0000008664,1,0000000452,1
0000016499,0000008665,1,0000000181,1
0000016500,0000008665,2,0000000309,1
0000016501,0000008665,3,0000000371,2
0000016502,0000008666,1,0000000392,1
0000016503,0000008666,2,0000000170,1
0000016504,0000008667,1,0000000420,1
0000016505,0000008667,2,0000000322,1
0000016506,0000008668,1,0000000066,1
0000016507,0000008668,2,0000000438,1
0000016508,0000008668,3,0000000472,1
0000016509,0000008669,1,0000000085,1
0000016510,0000008669,2,0000000137,2
0000016511,0000008669,3,0000000458,3
0000016512,0000008669,4,0000000095,1
0000016513,0000008670,1,0000000245,3
0000016514,0000008670,2,0000000213,1
0000016515,0000008670,3,0000000163,1
0000016516,0000008670,4,0000000191,1
0000016517,0000008670,5,0000000308,1
0000016518,0000008671,1,0000000102,2
0000016519,0000008672,1,0000000479,3
0000016520,0000008672,2,0000000274,4
0000016521,0000008672,3,0000000257,1
0000016522,0000008673,1,0000000128,1
0000016523,0000008673,2,0000000256,1
0000016524,0000008674,1,0000000410,3
0000016525,0000008674,2,0000000226,1
0000016526,0000008675,1,0000000225,1
0000016527,0000008676,1,0000000331,1
0000016528,0000008677,1,0000000270,1
0000016529,0000008678,1,0000000439,2
0000016530,0000008679,1,0000000060,1
0000016531,0000008680,1,0000000128,1
0000016532,0000008680,2,0000000173,1
0000016533,0000008680,3,0000000088,3
0000016534,0000008680,4,0000000397,1
0000016535,0000008681,1,0000000333,1
0000016536,0000008682,1,0000000327,1
0000016537,0000008683,1,0000000381,3
0000016538,0000008684,1,0000000358,4
0000016539,0000008684,2,0000000063,3
0000016540,0000008684,3,0000000072,1
0000016541,0000008684,4,0000000208,2
0000016542,0000008685,1,0000000018,1
0000016543,0000008685,2,0000000288,1
0000016544,0000008686,1,0000000380,2
0000016545,0000008686,2,0000000277,1
0000016546,0000008687,1,0000000024,2
0000016547,0000008687,2,0000000385,3
0000016548,0000008687,3,0000000341,1
0000016549,0000008688,1,0000000071,2
0000016550,0000008689,1,0000000339,1
0000016551,0000008690,1,0000000440,1
0000016552,0000008690,2,0000000218,4
0000016553,0000008690,3,0000000349,3
0000016554,0000008691,1,0000000337,1
0000016555,0000008691,2,0000000495,1
0000016556,0000008692,1,0000000117,1
0000016557,0000008692,2,0000000221,1
0000016558,0000008692,3,0000000351,3
0000016559,0000008692,4,0000000198,1
0000016560,0000008693,1,0000000074,1
0000016561,0000008693,2,0000000433,1
0000016562,0000008693,3,0000000022,2
0000016563,0000008694,1,0000000154,1
0000016564,0000008695,1,0000000214,3
0000016565,0000008695,2,0000000058,1
0000016566,0000008696,1,0000000415,1
0000016567,0000008696,2,0000000347,1
0000016568,0000008696,3,0000000283,1
0000016569,0000008696,4,0000000152,2
0000016570,0000008696,5,0000000463,2
0000016571,0000008697,1,0000000461,1
0000016572,0000008698,1,0000000065,1
0000016573,0000008699,1,0000000161,2
0000016574,0000008699,2,0000000217,1
0000016575,0000008699,3,0000000417,1
0000016576,0000008699,4,0000000324,1
0000016577,0000008699,5,0000000119,3
0000016578,0000008700,1,0000000305,1
0000016579,0000008701,1,0000000026,1
0000016580,0000008702,1,0000000323,1
0000016581,0000008703,1,0000000175,1
0000016582,0000008704,1,0000000028,1
0000016583,0000008704,2,0000000012,1
0000016584,0000008704,3,0000000489,1
0000016585,0000008705,1,0000000424,1
0000016586,0000008705,2,0000000050,1
0000016587,0000008705,3,0000000288,1
0000016588,0000008706,1,0000000415,1
0000016589,0000008707,1,0000000484,1
0000016590,0000008707,2,0000000107,2
0000016591,0000008707,3,0000000285,2
0000016592,0000008707,4,0000000214,1
0000016593,0000008708,1,0000000272,1
0000016594,0000008709,1,0000000070,2
0000016595,0000008710,1,0000000146,1
0000016596,0000008711,1,0000000131,1
0000016597,0000008711,2,0000000328,1
0000016598,0000008711,3,0000000139,1
0000016599,0000008711,4,0000000357,2
0000016600,0000008712,1,0000000392,1
0000016601,0000008712,2,0000000337,1
0000016602,0000008712,3,0000000181,2
0000016603,0000008713,1,0000000133,2
0000016604,0000008713,2,0000000001,1
0000016605,0000008713,3,0000000281,1
0000016606,0000008713,4,0000000439,1
0000016607,0000008713,5,0000000460,2
0000016608,0000008714,1,0000000187,1
0000016609,0000008714,2,0000000495,1
0000016610,0000008714,3,0000000005,3
0000016611,0000008715,1,0000000134,1
0000016612,0000008715,2,0000000190,1
0000016613,0000008715,3,0000000496,1
0000016614,0000008716,1,0000000476,1
0000016615,0000008717,1,0000000243,1
0000016616,0000008718,1,0000000170,1
0000016617,0000008719,1,0000000140,1
0000016618,0000008719,2,0000000421,1
0000016619,0000008720,1,0000000251,3
0000016620,0000008721,1,0000000487,1
0000016621,0000008721,2,0000000370,3
0000016622,0000008722,1,0000000165,1
0000016623,0000008722,2,0000000070,1
0000016624,0000008722,3,0000000347,1
0000016625,0000008723,1,0000000292,1
0000016626,0000008724,1,0000000290,2
0000016627,0000008725,1,0000000387,1
0000016628,0000008726,1,0000000110,1
0000016629,0000008726,2,0000000092,1
0000016630,0000008726,3,0000000394,1
0000016631,0000008727,1,0000000336,1
0000016632,0000008728,1,0000000334,1
0000016633,0000008728,2,0000000416,1
0000016634,0000008729,1,0000000314,2
0000016635,0000008730,1,0000000405,1
0000016636,0000008730,2,0000000113,2
0000016637,0000008730,3,0000000235,4
0000016638,0000008731,1,0000000121,1
0000016639,0000008731,2,0000000214,1
0000016640,0000008731,3,0000000016,4
0000016641,0000008731,4,0000000073,4
0000016642,0000008732,1,0000000173,1
0000016643,0000008732,2,0000000010,4
0000016644,0000008732,3,0000000500,1
0000016645,0000008732,4,0000000018,2
0000016646,0000008733,1,0000000001,1
0000016647,0000008734,1,0000000066,1
0000016648,0000008734,2,0000000281,2
0000016649,0000008734,3,0000000391,1
0000016650,0000008735,1,0000000149,3
0000016651,0000008735,2,0000000213,1
0000016652,0000008736,1,0000000063,1
0000016653,0000008736,2,0000000274,1
0000016654,0000008736,3,0000000357,1
0000016655,0000008737,1,0000000202,2
0000016656,0000008738,1,0000000428,1
0000016657,0000008739,1,0000000304,4
0000016658,0000008740,1,0000000110,1
0000016659,0000008740,2,0000000001,1
0000016660,0000008741,1,0000000491,1
0000016661,0000008741,2,0000000434,3
0000016662,0000008741,3,0000000383,1
0000016663,0000008742,1,0000000492,1
0000016664,0000008742,2,0000000346,1
0000016665,0000008743,1,0000000024,1
0000016666,0000008743,2,0000000128,1
0000016667,0000008743,3,0000000061,1
0000016668,0000008743,4,0000000025,1
0000016669,0000008744,1,0000000038,1
0000016670,0000008745,1,0000000280,1
0000016671,0000008745,2,0000000081,1
0000016672,0000008746,1,0000000237,1
0000016673,0000008747,1,0000000116,1
0000016674,0000008748,1,0000000022,4
0000016675,0000008749,1,0000000493,1
0000016676,0000008750,1,0000000250,1
0000016677,0000008750,2,0000000291,2
0000016678,0000008750,3,0000000255,1
0000016679,0000008750,4,0000000229,1
0000016680,0000008750,5,0000000171,2
0000016681,0000008751,1,0000000008,3
0000016682,0000008751,2,0000000370,1
0000016683,0000008751,3,0000000316,1
0000016684,0000008752,1,0000000304,1
0000016685,0000008753,1,0000000187,1
0000016686,0000008754,1,0000000040,2
0000016687,0000008755,1,0000000254,1
0000016688,0000008755,2,0000000458,1
0000016689,0000008755,3,0000000488,1
0000016690,0000008756,1,0000000493,3
0000016691,0000008756,2,0000000343,3
0000016692,0000008757,1,0000000047,1
0000016693,0000008758,1,0000000081,2
0000016694,0000008759,1,0000000348,1
0000016695,0000008759,2,0000000026,1
0000016696,0000008759,3,0000000305,1
0000016697,0000008760,1,0000000456,1
0000016698,0000008761,1,0000000495,2
0000016699,0000008762,1,0000000286,1
0000016700,0000008763,1,0000000191,1
0000016701,0000008764,1,0000000348,1
0000016702,0000008764,2,0000000059,1
0000016703,0000008764,3,0000000206,1
0000016704,0000008764,4,0000000346,1
0000016705,0000008765,1,0000000163,1
0000016706,0000008766,1,0000000489,2
0000016707,0000008767,1,0000000057,2
0000016708,0000008767,2,0000000383,1
0000016709,0000008767,3,0000000135,1
0000016710,0000008767,4,0000000364,1
0000016711,0000008768,1,0000000311,1
0000016712,0000008769,1,0000000296,1
0000016713,0000008770,1,0000000473,2
0000016714,0000008770,2,0000000146,3
0000016715,0000008770,3,0000000369,1
0000016716,0000008770,4,0000000419,3
0000016717,0000008771,1,0000000222,1
0000016718,0000008772,1,0000000441,3
0000016719,0000008773,1,0000000486,1
0000016720,0000008774,1,0000000455,1
0000016721,0000008774,2,0000000055,1
0000016722,0000008775,1,0000000017,1
0000016723,0000008775,2,0000000353,1
0000016724,0000008775,3,0000000463,2
0000016725,0000008776,1,0000000345,2
0000016726,0000008776,2,0000000100,1
0000016727,0000008777,1,0000000046,1
0000016728,0000008778,1,0000000074,1
0000016729,0000008779,1,0000000113,1
0000016730,0000008780,1,0000000403,1
0000016731,0000008781,1,0000000308,2
0000016732,0000008782,1,0000000227,1
0000016733,0000008782,2,0000000382,1
0000016734,0000008783,1,0000000436,4
0000016735,0000008783,2,0000000309,1
0000016736,0000008783,3,0000000492,3
0000016737,0000008783,4,0000000357,1
0000016738,0000008784,1,0000000045,2
0000016739,0000008785,1,0000000424,1
0000016740,0000008785,2,0000000443,1
0000016741,0000008785,3,0000000109,1
0000016742,0000008785,4,0000000241,1
0000016743,0000008786,1,0000000011,2
0000016744,0000008787,1,0000000011,1
0000016745,0000008787,2,0000000131,1
0000016746,0000008788,1,0000000494,3
0000016747,0000008788,2,0000000465,1
0000016748,0000008789,1,0000000178,1
0000016749,0000008790,1,0000000078,3
0000016750,0000008790,2,0000000357,2
0000016751,0000008790,3,0000000045,1
0000016752,0000008790,4,0000000037,2
0000016753,0000008790,5,0000000287,1
0000016754,0000008791,1,0000000066,1
0000016755,0000008792,1,0000000071,1
0000016756,0000008792,2,0000000325,2
0000016757,0000008792,3,0000000045,4
0000016758,0000008793,1,0000000166,1
0000016759,0000008793,2,0000000180,2
0000016760,0000008794,1,0000000256,1
0000016761,0000008795,1,0000000490,1
0000016762,0000008795,2,0000000222,1
0000016763,0000008796,1,0000000324,2
0000016764,0000008797,1,0000000168,1
0000016765,0000008797,2,0000000469,1
0000016766,0000008798,1,0000000355,1
0000016767,0000008798,2,0000000183,1
0000016768,0000008798,3,0000000143,1
0000016769,0000008798,4,0000000331,1
0000016770,0000008798,5,0000000475,1
0000016771,0000008799,1,0000000300,1
0000016772,0000008800,1,0000000077,1
0000016773,0000008801,1,0000000256,1
0000016774,0000008802,1,0000000360,1
0000016775,0000008802,2,0000000112,4
0000016776,0000008802,3,0000000234,1
0000016777,0000008802,4,0000000184,1
0000016778,0000008803,1,0000000106,1
0000016779,0000008804,1,0000000217,1
0000016780,0000008804,2,0000000493,2
0000016781,0000008805,1,0000000267,3
0000016782,0000008805,2,0000000390,1
0000016783,0000008806,1,0000000297,2
0000016784,0000008806,2,0000000001,2
0000016785,0000008807,1,0000000105,1
0000016786,0000008807,2,0000000475,2
0000016787,0000008808,1,0000000244,1
0000016788,0000008809,1,0000000049,1
0000016789,0000008809,2,0000000457,1
0000016790,0000008809,3,0000000441,2
0000016791,0000008810,1,0000000187,1
0000016792,0000008811,1,0000000006,1
0000016793,0000008811,2,0000000333,1
0000016794,0000008812,1,0000000080,1
0000016795,0000008813,1,0000000225,1
0000016796,0000008813,2,0000000372,1
0000016797,0000008814,1,0000000462,4
0000016798,0000008814,2,0000000091,1
0000016799,0000008814,3,0000000029,1
0000016800,0000008814,4,0000000119,2
0000016801,0000008814,5,0000000169,1
0000016802,0000008815,1,0000000386,1
0000016803,0000008815,2,0000000093,1
0000016804,0000008816,1,0000000352,1
0000016805,0000008816,2,0000000495,1
0000016806,0000008816,3,0000000041,1
0000016807,0000008816,4,0000000301,3
0000016808,0000008816,5,0000000428,1
0000016809,0000008817,1,0000000229,2
0000016810,0000008817,2,0000000162,1
0000016811,0000008817,3,0000000346,4
0000016812,0000008818,1,0000000112,1
0000016813,0000008819,1,0000000493,1
0000016814,0000008820,1,0000000307,1
0000016815,0000008820,2,0000000410,2
0000016816,0000008821,1,0000000174,2
0000016817,0000008822,1,0000000160,1
0000016818,0000008822,2,0000000225,1
0000016819,0000008822,3,0000000224,1
0000016820,0000008822,4,0000000220,1
0000016821,0000008822,5,0000000154,1
0000016822,0000008823,1,0000000424,1
0000016823,0000008823,2,0000000087,1
0000016824,0000008824,1,0000000442,1
0000016825,0000008824,2,0000000471,2
0000016826,0000008824,3,0000000390,1
0000016827,0000008825,1,0000000395,1
0000016828,0000008825,2,0000000401,1
0000016829,0000008826,1,0000000225,1
0000016830,0000008826,2,0000000373,1
0000016831,0000008826,3,0000000480,2
0000016832,0000008827,1,0000000022,1
0000016833,0000008827,2,0000000225,1
0000016834,0000008828,1,0000000023,1
0000016835,0000008829,1,0000000167,1
0000016836,0000008830,1,0000000224,3
0000016837,0000008831,1,0000000338,1
0000016838,0000008831,2,0000000335,1
0000016839,0000008831,3,0000000150,1
0000016840,0000008832,1,0000000478,1
0000016841,0000008832,2,0000000355,1
0000016842,0000008833,1,0000000438,2
0000016843,0000008834,1,0000000021,2
0000016844,0000008835,1,0000000402,1
0000016845,0000008836,1,0000000346,1
0000016846,0000008836,2,0000000217,1
0000016847,0000008837,1,0000000137,1
0000016848,0000008837,2,0000000109,4
0000016849,0000008838,1,0000000253,1
0000016850,0000008838,2,0000000487,3
0000016851,0000008839,1,0000000301,1
0000016852,0000008840,1,0000000012,1
0000016853,0000008841,1,0000000469,1
0000016854,0000008841,2,0000000009,1
0000016855,0000008841,3,0000000476,1
0000016856,0000008841,4,0000000396,1
0000016857,0000008842,1,0000000473,1
0000016858,0000008843,1,0000000419,1
0000016859,0000008843,2,0000000292,1
0000016860,0000008844,1,0000000434,1
0000016861,0000008844,2,0000000387,1
0000016862,0000008845,1,0000000152,1
0000016863,0000008846,1,0000000271,1
0000016864,0000008847,1,0000000095,1
0000016865,0000008847,2,0000000192,2
0000016866,0000008847,3,0000000097,2
0000016867,0000008848,1,0000000477,1
0000016868,0000008849,1,0000000334,1
0000016869,0000008849,2,0000000040,4
0000016870,0000008849,3,0000000063,1
0000016871,0000008849,4,0000000309,1
0000016872,0000008850,1,0000000432,1
0000016873,0000008850,2,0000000481,2
0000016874,0000008850,3,0000000133,1
0000016875,0000008851,1,0000000466,1
0000016876,0000008852,1,0000000087,1
0000016877,0000008853,1,0000000069,1
0000016878,0000008853,2,0000000411,1
0000016879,0000008854,1,0000000162,1
0000016880,0000008854,2,0000000093,2
0000016881,0000008854,3,0000000173,1
0000016882,0000008855,1,0000000197,1
0000016883,0000008855,2,0000000464,1
0000016884,0000008855,3,0000000482,2
0000016885,0000008856,1,0000000244,1
0000016886,0000008857,1,0000000101,1
0000016887,0000008857,2,0000000434,1
0000016888,0000008857,3,0000000143,1
0000016889,0000008858,1,0000000086,1
0000016890,0000008859,1,0000000017,1
0000016891,0000008860,1,0000000260,2
0000016892,0000008861,1,0000000040,1
0000016893,0000008862,1,0000000268,1
0000016894,0000008862,2,0000000213,1
0000016895,0000008863,1,0000000217,1
0000016896,0000008864,1,0000000139,1
0000016897,0000008864,2,0000000081,1
0000016898,0000008864,3,0000000082,2
0000016899,0000008864,4,0000000127,1
0000016900,0000008865,1,0000000270,1
0000016901,0000008866,1,0000000286,1
0000016902,0000008867,1,0000000026,1
0000016903,0000008868,1,0000000412,1
0000016904,0000008868,2,0000000435,2
0000016905,0000008869,1,0000000254,1
0000016906,0000008870,1,0000000315,1
0000016907,0000008871,1,0000000478,2
0000016908,0000008871,2,0000000079,2
0000016909,0000008871,3,0000000408,1
0000016910,0000008872,1,0000000197,2
0000016911,0000008872,2,0000000476,2
0000016912,0000008873,1,0000000254,1
0000016913,0000008874,1,0000000447,1
0000016914,0000008875,1,0000000464,2
0000016915,0000008876,1,0000000308,1
0000016916,0000008877,1,0000000258,1
0000016917,0000008878,1,0000000185,3
0000016918,0000008879,1,0000000189,2
0000016919,0000008880,1,0000000478,1
0000016920,0000008881,1,0000000336,1
0000016921,0000008882,1,0000000319,1
0000016922,0000008883,1,0000000391,1
0000016923,0000008884,1,0000000042,1
0000016924,0000008884,2,0000000004,1
0000016925,0000008885,1,0000000215,1
0000016926,0000008885,2,0000000431,1
0000016927,0000008886,1,0000000406,1
0000016928,0000008886,2,0000000333,1
0000016929,0000008887,1,0000000424,1
0000016930,0000008887,2,0000000153,1
0000016931,0000008888,1,0000000381,1
0000016932,0000008889,1,0000000061,1
0000016933,0000008889,2,0000000357,3
0000016934,0000008889,3,0000000404,1
0000016935,0000008890,1,0000000440,1
0000016936,0000008890,2,0000000089,1
0000016937,0000008890,3,0000000473,1
0000016938,0000008891,1,0000000361,1
0000016939,0000008892,1,0000000421,2
0000016940,0000008892,2,0000000014,1
0000016941,0000008892,3,0000000275,2
0000016942,0000008893,1,0000000368,1
0000016943,0000008893,2,0000000174,1
0000016944,0000008894,1,0000000123,1
0000016945,0000008894,2,0000000363,2
0000016946,0000008895,1,0000000186,1
0000016947,0000008896,1,0000000402,1
0000016948,0000008897,1,0000000044,1
0000016949,0000008898,1,0000000390,1
0000016950,0000008898,2,0000000377,4
0000016951,0000008899,1,0000000401,2
0000016952,0000008899,2,0000000137,1
0000016953,0000008899,3,0000000015,1
0000016954,0000008900,1,0000000449,1
0000016955,0000008901,1,0000000462,2
0000016956,0000008902,1,0000000239,1
0000016957,0000008902,2,0000000133,2
0000016958,0000008903,1,0000000481,2
0000016959,0000008904,1,0000000170,1
0000016960,0000008905,1,0000000160,1
0000016961,0000008905,2,0000000457,1
0000016962,0000008906,1,0000000299,2
0000016963,0000008907,1,0000000046,1
0000016964,0000008908,1,0000000183,1
0000016965,0000008909,1,0000000313,1
0000016966,0000008910,1,0000000323,1
0000016967,0000008911,1,0000000343,2
0000016968,0000008911,2,0000000486,2
0000016969,0000008912,1,0000000092,3
0000016970,0000008913,1,0000000367,2
0000016971,0000008913,2,0000000146,1
0000016972,0000008914,1,0000000093,1
0000016973,0000008915,1,0000000424,1
0000016974,0000008915,2,0000000080,1
0000016975,0000008915,3,0000000268,3
0000016976,0000008915,4,0000000493,4
0000016977,0000008916,1,0000000320,1
0000016978,0000008916,2,0000000090,3
0000016979,0000008916,3,0000000449,4
0000016980,0000008917,1,0000000432,1
0000016981,0000008917,2,0000000372,1
0000016982,0000008917,3,0000000245,1
0000016983,0000008917,4,0000000209,1
0000016984,0000008917,5,0000000402,1
0000016985,0000008918,1,0000000295,1
0000016986,0000008918,2,0000000203,2
0000016987,0000008918,3,0000000032,1
0000016988,0000008919,1,0000000232,1
0000016989,0000008920,1,0000000434,1
0000016990,0000008920,2,0000000284,1
0000016991,0000008920,3,0000000380,1
0000016992,0000008921,1,0000000391,1
0000016993,0000008922,1,0000000178,4
0000016994,0000008922,2,0000000362,3
0000016995,0000008923,1,0000000445,1
0000016996,0000008924,1,0000000312,1
0000016997,0000008924,2,0000000353,1
0000016998,0000008924,3,0000000244,1
0000016999,0000008924,4,0000000498,1
0000017000,0000008925,1,0000000041,1
0000017001,0000008926,1,0000000136,1
0000017002,0000008926,2,0000000420,1
0000017003,0000008927,1,0000000297,1
0000017004,0000008928,1,0000000262,2
0000017005,0000008928,2,0000000478,2
0000017006,0000008929,1,0000000297,1
0000017007,0000008930,1,0000000437,1
0000017008,0000008930,2,0000000006,1
0000017009,0000008930,3,0000000410,1
0000017010,0000008930,4,0000000066,1
0000017011,0000008931,1,0000000187,2
0000017012,0000008932,1,0000000101,2
0000017013,0000008932,2,0000000207,1
0000017014,0000008932,3,0000000133,4
0000017015,0000008932,4,0000000438,1
0000017016,0000008933,1,0000000253,1
0000017017,0000008933,2,0000000058,1
0000017018,0000008933,3,0000000361,1
0000017019,0000008934,1,0000000043,1
0000017020,0000008934,2,0000000262,1
0000017021,0000008934,3,0000000325,1
0000017022,0000008934,4,0000000103,1
0000017023,0000008935,1,0000000148,1
0000017024,0000008935,2,0000000224,1
0000017025,0000008936,1,0000000176,1
0000017026,0000008937,1,0000000405,1
0000017027,0000008937,2,0000000362,1
0000017028,0000008938,1,0000000296,3
0000017029,0000008938,2,0000000092,1
0000017030,0000008938,3,0000000258,1
0000017031,0000008938,4,0000000090,3
0000017032,0000008939,1,0000000111,2
0000017033,0000008939,2,0000000023,1
0000017034,0000008940,1,0000000403,1
0000017035,0000008941,1,0000000341,1
0000017036,0000008941,2,0000000386,3
0000017037,0000008941,3,0000000459,1
0000017038,0000008942,1,0000000316,1
0000017039,0000008943,1,0000000014,1
0000017040,0000008944,1,0000000448,2
0000017041,0000008944,2,0000000104,1
0000017042,0000008945,1,0000000241,1
0000017043,0000008945,2,0000000283,1
0000017044,0000008945,3,0000000185,2
0000017045,0000008945,4,0000000275,1
0000017046,0000008946,1,0000000445,1
0000017047,0000008947,1,0000000280,1
0000017048,0000008947,2,0000000418,1
0000017049,0000008947,3,0000000424,1
0000017050,0000008947,4,0000000490,1
0000017051,0000008948,1,0000000188,1
0000017052,0000008948,2,0000000490,1
0000017053,0000008948,3,0000000429,1
0000017054,0000008949,1,0000000070,1
0000017055,0000008950,1,0000000271,1
0000017056,0000008950,2,0000000034,1
0000017057,0000008950,3,0000000384,1
0000017058,0000008951,1,0000000405,1
0000017059,0000008952,1,0000000055,3
0000017060,0000008953,1,0000000125,1
0000017061,0000008954,1,0000000254,1
0000017062,0000008954,2,0000000226,2
0000017063,0000008955,1,0000000117,1
0000017064,0000008955,2,0000000179,1
0000017065,0000008956,1,0000000049,1
0000017066,0000008957,1,0000000030,1
0000017067,0000008958,1,0000000168,3
0000017068,0000008958,2,0000000479,1
0000017069,0000008959,1,0000000488,1
0000017070,0000008960,1,0000000174,2
0000017071,0000008960,2,0000000365,2
0000017072,0000008961,1,0000000492,2
0000017073,0000008962,1,0000000342,1
0000017074,0000008963,1,0000000379,1
0000017075,0000008964,1,0000000019,2
0000017076,0000008965,1,0000000423,1
0000017077,0000008966,1,0000000155,1
0000017078,0000008967,1,0000000143,1
0000017079,0000008967,2,0000000268,1
0000017080,0000008967,3,0000000287,1
0000017081,0000008968,1,0000000016,4
0000017082,0000008968,2,0000000478,1
0000017083,0000008969,1,0000000196,1
0000017084,0000008969,2,0000000240,1
0000017085,0000008970,1,0000000337,3
0000017086,0000008971,1,0000000129,1
0000017087,0000008971,2,0000000174,1
0000017088,0000008971,3,0000000333,1
0000017089,0000008972,1,0000000342,1
0000017090,0000008972,2,0000000034,2
0000017091,0000008972,3,0000000276,1
0000017092,0000008972,4,0000000443,2
0000017093,0000008973,1,0000000481,2
0000017094,0000008974,1,0000000088,2
0000017095,0000008975,1,0000000488,1
0000017096,0000008975,2,0000000088,1
0000017097,0000008976,1,0000000207,1
0000017098,0000008977,1,0000000380,1
0000017099,0000008978,1,0000000309,1
0000017100,0000008978,2,0000000252,1
0000017101,0000008979,1,0000000139,1
0000017102,0000008980,1,0000000351,1
0000017103,0000008981,1,0000000075,2
0000017104,0000008981,2,0000000230,1
0000017105,0000008981,3,0000000326,2
0000017106,0000008981,4,0000000158,1
0000017107,0000008981,5,0000000043,1
0000017108,0000008982,1,0000000172,2
0000017109,0000008983,1,0000000170,2
0000017110,0000008983,2,0000000011,2
0000017111,0000008984,1,0000000403,1
0000017112,0000008984,2,0000000271,1
0000017113,0000008984,3,0000000128,3
0000017114,0000008984,4,0000000107,1
0000017115,0000008985,1,0000000092,1
0000017116,0000008985,2,0000000269,1
0000017117,0000008985,3,0000000313,1
0000017118,0000008986,1,0000000332,1
0000017119,0000008987,1,0000000005,1
0000017120,0000008988,1,0000000162,1
0000017121,0000008988,2,0000000032,2
0000017122,0000008988,3,0000000393,2
0000017123,0000008989,1,0000000129,1
0000017124,0000008989,2,0000000482,1
0000017125,0000008990,1,0000000381,1
0000017126,0000008990,2,0000000357,3
0000017127,0000008991,1,0000000450,1
0000017128,0000008991,2,0000000299,3
0000017129,0000008992,1,0000000054,2
0000017130,0000008992,2,0000000295,1
0000017131,0000008993,1,0000000314,4
0000017132,0000008993,2,0000000093,2
0000017133,0000008994,1,0000000492,1
0000017134,0000008994,2,0000000192,1
0000017135,0000008995,1,0000000220,1
0000017136,0000008996,1,0000000177,1
0000017137,0000008996,2,0000000303,1
0000017138,0000008996,3,0000000236,1
0000017139,0000008996,4,0000000159,3
0000017140,0000008997,1,0000000031,1
0000017141,0000008997,2,0000000161,1
0000017142,0000008998,1,0000000171,1
0000017143,0000008998,2,0000000147,1
0000017144,0000008999,1,0000000211,1
0000017145,0000009000,1,0000000352,4
0000017146,0000009001,1,0000000448,1
0000017147,0000009002,1,0000000406,1
0000017148,0000009003,1,0000000148,1
0000017149,0000009003,2,0000000139,3
0000017150,0000009003,3,0000000189,1
0000017151,0000009004,1,0000000199,1
0000017152,0000009004,2,0000000073,2
0000017153,0000009004,3,0000000409,3
0000017154,0000009005,1,0000000076,1
0000017155,0000009006,1,0000000040,2
0000017156,0000009007,1,0000000093,2
0000017157,0000009007,2,0000000028,1
0000017158,0000009007,3,0000000427,1
0000017159,0000009008,1,0000000459,3
0000017160,0000009009,1,0000000289,1
0000017161,0000009009,2,0000000161,3
0000017162,0000009009,3,0000000176,1
0000017163,0000009009,4,0000000416,1
0000017164,0000009010,1,0000000372,1
0000017165,0000009010,2,0000000116,1
0000017166,0000009010,3,0000000319,1
0000017167,0000009010,4,0000000488,1
0000017168,0000009011,1,0000000167,1
0000017169,0000009012,1,0000000288,1
0000017170,0000009012,2,0000000316,2
0000017171,0000009012,3,0000000036,1
0000017172,0000009012,4,0000000043,2
0000017173,0000009013,1,0000000175,1
0000017174,0000009013,2,0000000170,1
0000017175,0000009013,3,0000000362,3
0000017176,0000009014,1,0000000005,1
0000017177,0000009015,1,0000000013,1
0000017178,0000009016,1,0000000155,3
0000017179,0000009016,2,0000000410,1
0000017180,0000009017,1,0000000195,3
0000017181,0000009018,1,0000000475,1
0000017182,0000009018,2,0000000074,1
0000017183,0000009019,1,0000000179,3
0000017184,0000009019,2,0000000384,2
0000017185,0000009019,3,0000000477,1
0000017186,0000009019,4,0000000113,1
0000017187,0000009020,1,0000000459,2
0000017188,0000009020,2,0000000046,1
0000017189,0000009020,3,0000000310,3
0000017190,0000009020,4,0000000089,1
0000017191,0000009021,1,0000000094,1
0000017192,0000009021,2,0000000447,1
0000017193,0000009021,3,0000000221,2
0000017194,0000009022,1,0000000115,2
0000017195,0000009023,1,0000000381,2
0000017196,0000009023,2,0000000474,1
0000017197,0000009023,3,0000000242,1
0000017198,0000009023,4,0000000113,1
0000017199,0000009024,1,0000000496,1
0000017200,0000009025,1,0000000133,2
0000017201,0000009026,1,0000000088,1
0000017202,0000009026,2,0000000111,4
0000017203,0000009027,1,0000000164,1
0000017204,0000009027,2,0000000265,1
0000017205,0000009027,3,0000000168,4
0000017206,0000009028,1,0000000250,1
0000017207,0000009029,1,0000000386,1
0000017208,0000009029,2,0000000371,1
0000017209,0000009029,3,0000000354,1
0000017210,0000009030,1,0000000247,1
0000017211,0000009031,1,0000000216,3
0000017212,0000009032,1,0000000228,1
0000017213,0000009033,1,0000000369,1
0000017214,0000009034,1,0000000118,1
0000017215,0000009034,2,0000000319,1
0000017216,0000009034,3,0000000254,1
0000017217,0000009034,4,0000000093,1
0000017218,0000009035,1,0000000037,1
0000017219,0000009035,2,0000000207,1
0000017220,0000009036,1,0000000178,1
0000017221,0000009037,1,0000000448,1
0000017222,0000009037,2,0000000328,1
0000017223,0000009038,1,0000000104,1
0000017224,0000009039,1,0000000312,2
0000017225,0000009039,2,0000000072,1
0000017226,0000009039,3,0000000222,1
0000017227,0000009040,1,0000000487,1
0000017228,0000009040,2,0000000159,2
0000017229,0000009040,3,0000000120,1
0000017230,0000009041,1,0000000492,1
0000017231,0000009041,2,0000000419,1
0000017232,0000009042,1,0000000278,1
0000017233,0000009042,2,0000000010,1
0000017234,0000009043,1,0000000430,1
0000017235,0000009043,2,0000000013,1
0000017236,0000009044,1,0000000401,1
0000017237,0000009044,2,0000000285,2
0000017238,0000009045,1,0000000230,4
0000017239,0000009046,1,0000000243,1
0000017240,0000009046,2,0000000459,1
0000017241,0000009046,3,0000000205,1
0000017242,0000009046,4,0000000003,1
0000017243,0000009047,1,0000000230,1
0000017244,0000009048,1,0000000330,4
0000017245,0000009049,1,0000000166,1
0000017246,0000009049,2,0000000336,1
0000017247,0000009049,3,0000000370,1
0000017248,0000009049,4,0000000345,1
0000017249,0000009050,1,0000000174,1
0000017250,0000009050,2,0000000414,2
0000017251,0000009051,1,0000000067,1
0000017252,0000009052,1,0000000246,1
0000017253,0000009052,2,0000000294,2
0000017254,0000009052,3,0000000047,1
0000017255,0000009053,1,0000000381,1
0000017256,0000009053,2,0000000188,1
0000017257,0000009053,3,0000000272,1
0000017258,0000009054,1,0000000167,1
0000017259,0000009054,2,0000000365,1
0000017260,0000009054,3,0000000077,1
0000017261,0000009054,4,0000000128,2
0000017262,0000009055,1,0000000479,3
0000017263,0000009056,1,0000000230,4
0000017264,0000009057,1,0000000059,1
0000017265,0000009058,1,0000000030,4
0000017266,0000009058,2,0000000468,1
0000017267,0000009058,3,0000000328,1
0000017268,0000009058,4,0000000444,1
0000017269,0000009059,1,0000000437,1
0000017270,0000009059,2,0000000238,1
0000017271,0000009060,1,0000000333,1
0000017272,0000009061,1,0000000421,1
0000017273,0000009061,2,0000000212,1
0000017274,0000009061,3,0000000403,1
0000017275,0000009062,1,0000000263,2
0000017276,0000009063,1,0000000007,1
0000017277,0000009064,1,0000000345,1
0000017278,0000009065,1,0000000268,1
0000017279,0000009065,2,0000000456,1
0000017280,0000009065,3,0000000454,3
0000017281,0000009066,1,0000000083,1
0000017282,0000009066,2,0000000166,1
0000017283,0000009067,1,0000000014,1
0000017284,0000009068,1,0000000368,1
0000017285,0000009068,2,0000000140,4
0000017286,0000009068,3,0000000235,1
0000017287,0000009069,1,0000000014,1
0000017288,0000009069,2,0000000470,3
0000017289,0000009069,3,0000000066,1
0000017290,0000009070,1,0000000115,1
0000017291,0000009070,2,0000000080,1
0000017292,0000009071,1,0000000388,2
0000017293,0000009072,1,0000000178,2
0000017294,0000009072,2,0000000240,1
0000017295,0000009072,3,0000000051,1
0000017296,0000009073,1,0000000092,4
0000017297,0000009073,2,0000000058,2
0000017298,0000009073,3,0000000140,3
0000017299,0000009073,4,0000000062,1
0000017300,0000009074,1,0000000337,1
0000017301,0000009075,1,0000000051,2
0000017302,0000009075,2,0000000365,2
0000017303,0000009075,3,0000000212,3
0000017304,0000009075,4,0000000156,1
0000017305,0000009076,1,0000000266,1
0000017306,0000009076,2,0000000227,1
0000017307,0000009076,3,0000000415,3
0000017308,0000009077,1,0000000010,1
0000017309,0000009078,1,0000000267,1
0000017310,0000009078,2,0000000016,1
0000017311,0000009078,3,0000000247,1
0000017312,0000009079,1,0000000168,1
0000017313,0000009079,2,0000000032,2
0000017314,0000009079,3,0000000105,1
0000017315,0000009079,4,0000000230,3
0000017316,0000009080,1,0000000263,1
0000017317,0000009080,2,0000000368,1
0000017318,0000009081,1,0000000417,1
0000017319,0000009081,2,0000000408,2
0000017320,0000009082,1,0000000467,1
0000017321,0000009082,2,0000000411,1
0000017322,0000009083,1,0000000094,1
0000017323,0000009084,1,0000000222,2
0000017324,0000009085,1,0000000001,2
0000017325,0000009086,1,0000000097,1
0000017326,0000009086,2,0000000065,1
0000017327,0000009086,3,0000000138,2
0000017328,0000009086,4,0000000316,3
0000017329,0000009086,5,0000000433,1
0000017330,0000009087,1,0000000034,1
0000017331,0000009088,1,0000000218,2
0000017332,0000009088,2,0000000240,2
0000017333,0000009088,3,0000000352,1
0000017334,0000009089,1,0000000357,1
0000017335,0000009090,1,0000000455,1
0000017336,0000009090,2,0000000042,1
0000017337,0000009090,3,0000000216,1
0000017338,0000009090,4,0000000422,1
0000017339,0000009090,5,0000000410,4
0000017340,0000009091,1,0000000149,1
0000017341,0000009091,2,0000000422,3
0000017342,0000009092,1,0000000146,4
0000017343,0000009093,1,0000000298,1
0000017344,0000009094,1,0000000004,2
0000017345,0000009094,2,0000000152,3
0000017346,0000009094,3,0000000459,1
0000017347,0000009095,1,0000000189,1
0000017348,0000009096,1,0000000291,1
0000017349,0000009097,1,0000000424,1
0000017350,0000009097,2,0000000284,1
0000017351,0000009097,3,0000000162,1
0000017352,0000009097,4,0000000226,1
0000017353,0000009098,1,0000000472,4
0000017354,0000009099,1,0000000206,1
0000017355,0000009099,2,0000000447,1
0000017356,0000009099,3,0000000010,4
0000017357,0000009100,1,0000000033,3
0000017358,0000009100,2,0000000077,1
0000017359,0000009100,3,0000000008,1
0000017360,0000009101,1,0000000101,1
0000017361,0000009101,2,0000000440,1
0000017362,0000009101,3,0000000369,2
0000017363,0000009101,4,0000000198,1
0000017364,0000009102,1,0000000254,1
0000017365,0000009103,1,0000000399,2
0000017366,0000009103,2,0000000461,3
0000017367,0000009104,1,0000000360,1
0000017368,0000009104,2,0000000500,1
0000017369,0000009105,1,0000000168,1
0000017370,0000009106,1,0000000134,1
0000017371,0000009106,2,0000000326,1
0000017372,0000009107,1,0000000447,1
0000017373,0000009108,1,0000000445,1
0000017374,0000009108,2,0000000367,1
0000017375,0000009108,3,0000000421,1
0000017376,0000009109,1,0000000378,2
0000017377,0000009109,2,0000000286,3
0000017378,0000009110,1,0000000491,3
0000017379,0000009110,2,0000000023,1
0000017380,0000009111,1,0000000454,1
0000017381,0000009112,1,0000000316,3
0000017382,0000009112,2,0000000434,1
0000017383,0000009113,1,0000000197,1
0000017384,0000009113,2,0000000438,2
0000017385,0000009113,3,0000000128,2
0000017386,0000009114,1,0000000101,3
0000017387,0000009114,2,0000000178,1
0000017388,0000009114,3,0000000133,2
0000017389,0000009115,1,0000000179,1
0000017390,0000009116,1,0000000179,1
0000017391,0000009116,2,0000000393,1
0000017392,0000009117,1,0000000016,1
0000017393,0000009118,1,0000000099,1
0000017394,0000009118,2,0000000024,1
0000017395,0000009119,1,0000000075,2
0000017396,0000009120,1,0000000261,2
0000017397,0000009120,2,0000000357,1
0000017398,0000009121,1,0000000034,3
0000017399,0000009121,2,0000000019,2
0000017400,0000009122,1,0000000483,1
0000017401,0000009122,2,0000000197,1
0000017402,0000009123,1,0000000150,1
0000017403,0000009124,1,0000000153,4
0000017404,0000009124,2,0000000218,1
0000017405,0000009125,1,0000000464,1
0000017406,0000009125,2,0000000020,1
0000017407,0000009125,3,0000000176,1
0000017408,0000009125,4,0000000331,1
0000017409,0000009125,5,0000000225,2
0000017410,0000009126,1,0000000497,1
0000017411,0000009126,2,0000000228,3
0000017412,0000009126,3,0000000155,2
0000017413,0000009126,4,0000000378,1
0000017414,0000009127,1,0000000481,1
0000017415,0000009127,2,0000000176,2
0000017416,0000009127,3,0000000265,3
0000017417,0000009128,1,0000000332,1
0000017418,0000009128,2,0000000109,2
0000017419,0000009129,1,0000000041,1
0000017420,0000009130,1,0000000099,2
0000017421,0000009131,1,0000000275,1
0000017422,0000009132,1,0000000136,2
0000017423,0000009133,1,0000000287,1
0000017424,0000009134,1,0000000134,4
0000017425,0000009135,1,0000000149,2
0000017426,0000009136,1,0000000417,1
0000017427,0000009137,1,0000000427,1
0000017428,0000009137,2,0000000347,2
0000017429,0000009137,3,0000000377,1
0000017430,0000009137,4,0000000085,1
0000017431,0000009137,5,0000000069,1
0000017432,0000009138,1,0000000022,1
0000017433,0000009139,1,0000000319,1
0000017434,0000009140,1,0000000178,1
0000017435,0000009141,1,0000000137,1
0000017436,0000009142,1,0000000370,2
0000017437,0000009142,2,0000000420,1
0000017438,0000009142,3,0000000254,2
0000017439,0000009143,1,0000000188,1
0000017440,0000009144,1,0000000357,1
0000017441,0000009144,2,0000000237,1
0000017442,0000009144,3,0000000145,4
0000017443,0000009145,1,0000000070,2
0000017444,0000009145,2,0000000400,1
0000017445,0000009146,1,0000000149,1
0000017446,0000009146,2,0000000292,1
0000017447,0000009146,3,0000000022,1
0000017448,0000009147,1,0000000259,1
0000017449,0000009147,2,0000000061,1
0000017450,0000009148,1,0000000404,1
0000017451,0000009149,1,0000000023,1
0000017452,0000009150,1,0000000191,4
0000017453,0000009151,1,0000000382,1
0000017454,0000009152,1,0000000088,1
0000017455,0000009152,2,0000000320,1
0000017456,0000009152,3,0000000332,4
0000017457,0000009153,1,0000000425,1
0000017458,0000009153,2,0000000247,1
0000017459,0000009154,1,0000000412,1
0000017460,0000009155,1,0000000059,1
0000017461,0000009155,2,0000000441,1
0000017462,0000009156,1,0000000381,1
0000017463,0000009156,2,0000000271,1
0000017464,0000009157,1,0000000236,1
0000017465,0000009158,1,0000000431,1
0000017466,0000009158,2,0000000209,1
0000017467,0000009159,1,0000000350,4
0000017468,0000009160,1,0000000006,1
0000017469,0000009161,1,0000000250,1
0000017470,0000009162,1,0000000163,1
0000017471,0000009162,2,0000000242,1
0000017472,0000009162,3,0000000435,2
0000017473,0000009163,1,0000000432,1
0000017474,0000009164,1,0000000299,1
0000017475,0000009164,2,0000000085,2
0000017476,0000009164,3,0000000167,1
0000017477,0000009165,1,0000000329,1
0000017478,0000009166,1,0000000210,1
0000017479,0000009166,2,0000000274,3
0000017480,0000009166,3,0000000335,1
0000017481,0000009166,4,0000000352,1
0000017482,0000009167,1,0000000332,1
0000017483,0000009167,2,0000000384,1
0000017484,0000009167,3,0000000469,1
0000017485,0000009167,4,0000000307,1
0000017486,0000009167,5,0000000027,1
0000017487,0000009168,1,0000000048,2
0000017488,0000009169,1,0000000114,1
0000017489,0000009170,1,0000000347,1
0000017490,0000009171,1,0000000477,3
0000017491,0000009172,1,0000000289,1
0000017492,0000009172,2,0000000491,1
0000017493,0000009172,3,0000000318,2
0000017494,0000009172,4,0000000028,3
0000017495,0000009172,5,0000000398,1
0000017496,0000009173,1,0000000240,1
0000017497,0000009173,2,0000000034,4
0000017498,0000009174,1,0000000458,1
0000017499,0000009175,1,0000000276,1
0000017500,0000009176,1,0000000257,1
0000017501,0000009176,2,0000000327,1
0000017502,0000009177,1,0000000116,4
0000017503,0000009177,2,0000000444,1
0000017504,0000009177,3,0000000435,1
0000017505,0000009178,1,0000000472,1
0000017506,0000009179,1,0000000345,1
0000017507,0000009179,2,0000000111,1
0000017508,0000009179,3,0000000452,1
0000017509,0000009179,4,0000000075,1
0000017510,0000009179,5,0000000240,1
0000017511,0000009180,1,0000000316,1
0000017512,0000009181,1,0000000388,2
0000017513,0000009181,2,0000000290,1
0000017514,0000009181,3,0000000131,2
0000017515,0000009181,4,0000000137,1
0000017516,0000009182,1,0000000165,3
0000017517,0000009183,1,0000000247,1
0000017518,0000009184,1,0000000052,1
0000017519,0000009185,1,0000000080,1
0000017520,0000009185,2,0000000270,1
0000017521,0000009185,3,0000000106,2
0000017522,0000009185,4,0000000359,1
0000017523,0000009185,5,0000000139,1
0000017524,0000009186,1,0000000269,1
0000017525,0000009186,2,0000000164,1
0000017526,0000009187,1,0000000388,2
0000017527,0000009187,2,0000000308,1
0000017528,0000009187,3,0000000194,1
0000017529,0000009188,1,0000000106,3
0000017530,0000009189,1,0000000293,1
0000017531,0000009189,2,0000000116,1
0000017532,0000009190,1,0000000218,2
0000017533,0000009191,1,0000000395,1
0000017534,0000009192,1,0000000041,2
0000017535,0000009193,1,0000000458,3
0000017536,0000009193,2,0000000286,1
0000017537,0000009193,3,0000000149,1
0000017538,0000009194,1,0000000060,4
0000017539,0000009194,2,0000000465,1
0000017540,0000009195,1,0000000432,1
0000017541,0000009196,1,0000000024,1
0000017542,0000009196,2,0000000472,1
0000017543,0000009197,1,0000000403,1
0000017544,0000009198,1,0000000030,1
0000017545,0000009199,1,0000000417,1
0000017546,0000009200,1,0000000123,1
0000017547,0000009201,1,0000000340,1
0000017548,0000009202,1,0000000381,1
0000017549,0000009203,1,0000000411,2
0000017550,0000009203,2,0000000146,1
0000017551,0000009204,1,0000000057,1
0000017552,0000009205,1,0000000120,1
0000017553,0000009206,1,0000000072,2
0000017554,0000009206,2,0000000165,2
0000017555,0000009206,3,0000000017,1
0000017556,0000009207,1,0000000244,3
0000017557,0000009207,2,0000000467,2
0000017558,0000009207,3,0000000380,1
0000017559,0000009208,1,0000000082,1
0000017560,0000009208,2,0000000223,1
0000017561,0000009208,3,0000000088,1
0000017562,0000009208,4,0000000383,1
0000017563,0000009208,5,0000000330,1
0000017564,0000009209,1,0000000177,1
0000017565,0000009210,1,0000000483,1
0000017566,0000009211,1,0000000257,1
0000017567,0000009212,1,0000000202,3
0000017568,0000009212,2,0000000232,2
0000017569,0000009213,1,0000000295,1
0000017570,0000009214,1,0000000304,2
0000017571,0000009214,2,0000000454,1
0000017572,0000009214,3,0000000044,2
0000017573,0000009214,4,0000000414,1
0000017574,0000009215,1,0000000226,1
0000017575,0000009215,2,0000000175,1
0000017576,0000009216,1,0000000028,2
0000017577,0000009217,1,0000000478,1
0000017578,0000009217,2,0000000008,1
0000017579,0000009218,1,0000000362,1
0000017580,0000009218,2,0000000369,1
0000017581,0000009219,1,0000000389,1
0000017582,0000009220,1,0000000032,1
0000017583,0000009221,1,0000000251,1
0000017584,0000009222,1,0000000088,2
0000017585,0000009223,1,0000000481,1
0000017586,0000009223,2,0000000188,1
0000017587,0000009223,3,0000000257,1
0000017588,0000009224,1,0000000142,1
0000017589,0000009224,2,0000000297,1
0000017590,0000009224,3,0000000387,4
0000017591,0000009225,1,0000000149,4
0000017592,0000009225,2,0000000248,1
0000017593,0000009226,1,0000000176,2
0000017594,0000009227,1,0000000469,1
0000017595,0000009228,1,0000000011,3
0000017596,0000009229,1,0000000277,2
0000017597,0000009229,2,0000000201,2
0000017598,0000009229,3,0000000184,1
0000017599,0000009229,4,0000000304,2
0000017600,0000009229,5,0000000250,2
0000017601,0000009230,1,0000000473,2
0000017602,0000009231,1,0000000215,3
0000017603,0000009232,1,0000000378,1
0000017604,0000009233,1,0000000041,1
0000017605,0000009233,2,0000000099,1
0000017606,0000009233,3,0000000110,1
0000017607,0000009233,4,0000000183,2
0000017608,0000009234,1,0000000171,1
0000017609,0000009234,2,0000000364,1
0000017610,0000009235,1,0000000355,1
0000017611,0000009236,1,0000000236,1
0000017612,0000009237,1,0000000090,1
0000017613,0000009237,2,0000000138,1
0000017614,0000009238,1,0000000397,1
0000017615,0000009239,1,0000000093,1
0000017616,0000009240,1,0000000499,1
0000017617,0000009240,2,0000000189,3
0000017618,0000009240,3,0000000221,1
0000017619,0000009241,1,0000000426,1
0000017620,0000009242,1,0000000380,1
0000017621,0000009242,2,0000000408,3
0000017622,0000009242,3,0000000218,1
0000017623,0000009243,1,0000000187,1
0000017624,0000009243,2,0000000163,1
0000017625,0000009243,3,0000000057,1
0000017626,0000009244,1,0000000171,1
0000017627,0000009244,2,0000000019,1
0000017628,0000009244,3,0000000023,2
0000017629,0000009244,4,0000000271,1
0000017630,0000009244,5,0000000084,1
0000017631,0000009245,1,0000000093,1
0000017632,0000009245,2,0000000307,1
0000017633,0000009245,3,0000000306,1
0000017634,0000009246,1,0000000018,1
0000017635,0000009246,2,0000000380,3
0000017636,0000009247,1,0000000142,1
0000017637,0000009248,1,0000000132,1
0000017638,0000009248,2,0000000268,4
0000017639,0000009249,1,0000000181,2
0000017640,0000009250,1,0000000305,1
0000017641,0000009251,1,0000000384,2
0000017642,0000009252,1,0000000498,2
0000017643,0000009253,1,0000000311,1
0000017644,0000009254,1,0000000114,1
0000017645,0000009254,2,0000000224,3
0000017646,0000009255,1,0000000376,1
0000017647,0000009255,2,0000000319,2
0000017648,0000009255,3,0000000478,1
0000017649,0000009256,1,0000000405,1
0000017650,0000009256,2,0000000334,1
0000017651,0000009256,3,0000000080,1
0000017652,0000009256,4,0000000282,1
0000017653,0000009256,5,0000000211,1
0000017654,0000009257,1,0000000086,4
0000017655,0000009258,1,0000000285,2
0000017656,0000009259,1,0000000355,1
0000017657,0000009259,2,0000000362,1
0000017658,0000009259,3,0000000138,1
0000017659,0000009260,1,0000000160,1
0000017660,0000009261,1,0000000386,1
0000017661,0000009261,2,0000000363,1
0000017662,0000009262,1,0000000395,1
0000017663,0000009262,2,0000000459,1
0000017664,0000009262,3,0000000200,3
0000017665,0000009263,1,0000000195,2
0000017666,0000009263,2,0000000342,3
0000017667,0000009264,1,0000000374,1
0000017668,0000009265,1,0000000383,1
0000017669,0000009265,2,0000000001,3
0000017670,0000009265,3,0000000024,3
0000017671,0000009266,1,0000000330,1
0000017672,0000009267,1,0000000049,1
0000017673,0000009268,1,0000000281,4
0000017674,0000009269,1,0000000484,1
0000017675,0000009269,2,0000000441,1
0000017676,0000009270,1,0000000146,3
0000017677,0000009270,2,0000000285,1
0000017678,0000009271,1,0000000463,1
0000017679,0000009272,1,0000000479,1
0000017680,0000009272,2,0000000430,1
0000017681,0000009272,3,0000000455,1
0000017682,0000009273,1,0000000072,2
0000017683,0000009273,2,0000000142,1
0000017684,0000009274,1,0000000164,4
0000017685,0000009274,2,0000000023,3
0000017686,0000009275,1,0000000005,4
0000017687,0000009276,1,0000000174,1
0000017688,0000009277,1,0000000295,2
0000017689,0000009277,2,0000000345,3
0000017690,0000009277,3,0000000229,2
0000017691,0000009278,1,0000000326,4
0000017692,0000009278,2,0000000143,1
0000017693,0000009279,1,0000000029,1
0000017694,0000009280,1,0000000283,1
0000017695,0000009281,1,0000000351,4
0000017696,0000009281,2,0000000248,1
0000017697,0000009282,1,0000000353,1
0000017698,0000009283,1,0000000202,2
0000017699,0000009284,1,0000000195,3
0000017700,0000009285,1,0000000296,1
0000017701,0000009285,2,0000000164,2
0000017702,0000009286,1,0000000409,4
0000017703,0000009286,2,0000000264,1
0000017704,0000009286,3,0000000133,3
0000017705,0000009286,4,0000000008,1
0000017706,0000009287,1,0000000273,1
0000017707,0000009287,2,0000000497,2
0000017708,0000009288,1,0000000309,2
0000017709,0000009288,2,0000000482,1
0000017710,0000009288,3,0000000062,1
0000017711,0000009288,4,0000000049,2
0000017712,0000009288,5,0000000359,1
0000017713,0000009289,1,0000000499,1
0000017714,0000009290,1,0000000083,2
0000017715,0000009290,2,0000000430,1
0000017716,0000009290,3,0000000200,1
0000017717,0000009291,1,0000000363,1
0000017718,0000009291,2,0000000396,1
0000017719,0000009291,3,0000000330,1
0000017720,0000009291,4,0000000178,1
0000017721,0000009292,1,0000000422,4
0000017722,0000009293,1,0000000041,1
0000017723,0000009293,2,0000000063,1
0000017724,0000009294,1,0000000483,1
0000017725,0000009294,2,0000000470,1
0000017726,0000009295,1,0000000281,1
0000017727,0000009295,2,0000000336,1
0000017728,0000009295,3,0000000333,2
0000017729,0000009295,4,0000000403,1
0000017730,0000009295,5,0000000002,3
0000017731,0000009296,1,0000000042,1
0000017732,0000009297,1,0000000436,1
0000017733,0000009298,1,0000000247,1
0000017734,0000009299,1,0000000429,4
0000017735,0000009300,1,0000000310,1
0000017736,0000009300,2,0000000166,1
0000017737,0000009300,3,0000000483,1
0000017738,0000009300,4,0000000133,2
0000017739,0000009300,5,0000000060,1
0000017740,0000009301,1,0000000407,1
0000017741,0000009302,1,0000000401,1
0000017742,0000009303,1,0000000066,1
0000017743,0000009304,1,0000000374,2
0000017744,0000009305,1,0000000448,1
0000017745,0000009305,2,0000000043,2
0000017746,0000009305,3,0000000090,2
0000017747,0000009305,4,0000000077,2
0000017748,0000009306,1,0000000240,1
0000017749,0000009306,2,0000000398,3
0000017750,0000009307,1,0000000095,2
0000017751,0000009308,1,0000000291,1
0000017752,0000009308,2,0000000360,1
0000017753,0000009309,1,0000000010,2
0000017754,0000009309,2,0000000219,3
0000017755,0000009310,1,0000000075,1
0000017756,0000009310,2,0000000055,1
0000017757,0000009310,3,0000000168,1
0000017758,0000009310,4,0000000282,2
0000017759,0000009311,1,0000000229,1
0000017760,0000009312,1,0000000190,1
0000017761,0000009313,1,0000000244,2
0000017762,0000009313,2,0000000096,3
0000017763,0000009313,3,0000000189,1
0000017764,0000009314,1,0000000130,2
0000017765,0000009314,2,0000000026,1
0000017766,0000009314,3,0000000397,1
0000017767,0000009314,4,0000000480,1
0000017768,0000009314,5,0000000145,1
0000017769,0000009315,1,0000000313,1
0000017770,0000009315,2,0000000358,1
0000017771,0000009315,3,0000000031,2
0000017772,0000009316,1,0000000145,2
0000017773,0000009316,2,0000000201,1
0000017774,0000009317,1,0000000215,1
0000017775,0000009318,1,0000000186,1
0000017776,0000009318,2,0000000497,3
0000017777,0000009318,3,0000000182,4
0000017778,0000009319,1,0000000217,1
0000017779,0000009319,2,0000000114,2
0000017780,0000009319,3,0000000312,2
0000017781,0000009319,4,0000000340,1
0000017782,0000009319,5,0000000168,1
0000017783,0000009320,1,0000000180,1
0000017784,0000009320,2,0000000037,1
0000017785,0000009321,1,0000000454,1
0000017786,0000009321,2,0000000445,1
0000017787,0000009321,3,0000000233,1
0000017788,0000009321,4,0000000208,1
0000017789,0000009322,1,0000000373,1
0000017790,0000009323,1,0000000105,1
0000017791,0000009323,2,0000000093,2
0000017792,0000009323,3,0000000270,1
0000017793,0000009323,4,0000000453,1
0000017794,0000009323,5,0000000486,3
0000017795,0000009324,1,0000000296,1
0000017796,0000009325,1,0000000132,1
0000017797,0000009326,1,0000000209,1
0000017798,0000009327,1,0000000111,1
0000017799,0000009328,1,0000000491,1
0000017800,0000009328,2,0000000481,2
0000017801,0000009329,1,0000000364,1
0000017802,0000009329,2,0000000003,3
0000017803,0000009329,3,0000000410,1
0000017804,0000009330,1,0000000233,1
0000017805,0000009331,1,0000000448,1
0000017806,0000009331,2,0000000240,1
0000017807,0000009331,3,0000000492,4
0000017808,0000009332,1,0000000190,3
0000017809,0000009332,2,0000000247,1
0000017810,0000009332,3,0000000450,2
0000017811,0000009333,1,0000000309,1
0000017812,0000009334,1,0000000096,3
0000017813,0000009335,1,0000000272,1
0000017814,0000009335,2,0000000178,1
0000017815,0000009336,1,0000000197,1
0000017816,0000009336,2,0000000296,1
0000017817,0000009336,3,0000000441,1
0000017818,0000009336,4,0000000039,1
0000017819,0000009336,5,0000000365,1
0000017820,0000009337,1,0000000278,1
0000017821,0000009337,2,0000000440,1
0000017822,0000009338,1,0000000018,1
0000017823,0000009338,2,0000000382,1
0000017824,0000009339,1,0000000300,1
0000017825,0000009339,2,0000000271,1
0000017826,0000009340,1,0000000110,1
0000017827,0000009340,2,0000000454,2
0000017828,0000009341,1,0000000261,1
0000017829,0000009342,1,0000000212,1
0000017830,0000009342,2,0000000289,1
0000017831,0000009343,1,0000000431,2
0000017832,0000009344,1,0000000248,1
0000017833,0000009344,2,0000000312,1
0000017834,0000009345,1,0000000033,2
0000017835,0000009345,2,0000000394,2
0000017836,0000009345,3,0000000062,1
0000017837,0000009345,4,0000000211,1
0000017838,0000009345,5,0000000292,1
0000017839,0000009346,1,0000000456,1
0000017840,0000009347,1,0000000498,1
0000017841,0000009348,1,0000000436,1
0000017842,0000009348,2,0000000353,1
0000017843,0000009348,3,0000000124,1
0000017844,0000009348,4,0000000417,1
0000017845,0000009348,5,0000000316,1
0000017846,0000009349,1,0000000260,1
0000017847,0000009349,2,0000000193,2
0000017848,0000009350,1,0000000096,1
0000017849,0000009350,2,0000000261,1
0000017850,0000009351,1,0000000114,1
0000017851,0000009352,1,0000000449,1
0000017852,0000009352,2,0000000385,1
0000017853,0000009353,1,0000000182,4
0000017854,0000009353,2,0000000324,2
0000017855,0000009354,1,0000000175,1
0000017856,0000009355,1,0000000245,1
0000017857,0000009356,1,0000000122,1
0000017858,0000009357,1,0000000219,1
0000017859,0000009357,2,0000000252,1
0000017860,0000009358,1,0000000442,3
0000017861,0000009359,1,0000000167,1
0000017862,0000009360,1,0000000236,1
0000017863,0000009361,1,0000000253,1
0000017864,0000009362,1,0000000234,1
0000017865,0000009362,2,0000000430,2
0000017866,0000009363,1,0000000044,1
0000017867,0000009363,2,0000000221,2
0000017868,0000009364,1,0000000434,1
0000017869,0000009364,2,0000000311,2
0000017870,0000009365,1,0000000014,3
0000017871,0000009366,1,0000000101,2
0000017872,0000009367,1,0000000423,2
0000017873,0000009368,1,0000000110,1
0000017874,0000009369,1,0000000296,1
0000017875,0000009369,2,0000000065,1
0000017876,0000009370,1,0000000403,1
0000017877,0000009371,1,0000000330,1
0000017878,0000009371,2,0000000003,1
0000017879,0000009371,3,0000000375,1
0000017880,0000009371,4,0000000217,1
0000017881,0000009371,5,0000000044,1
0000017882,0000009372,1,0000000414,1
0000017883,0000009373,1,0000000457,1
0000017884,0000009373,2,0000000390,4
0000017885,0000009374,1,0000000396,1
0000017886,0000009374,2,0000000445,1
0000017887,0000009375,1,0000000006,1
0000017888,0000009376,1,0000000430,1
0000017889,0000009377,1,0000000311,4
0000017890,0000009378,1,0000000451,2
0000017891,0000009378,2,0000000036,1
0000017892,0000009378,3,0000000402,1
0000017893,0000009378,4,0000000222,1
0000017894,0000009379,1,0000000168,1
0000017895,0000009379,2,0000000486,1
0000017896,0000009380,1,0000000289,1
0000017897,0000009381,1,0000000349,3
0000017898,0000009382,1,0000000342,4
0000017899,0000009382,2,0000000233,2
0000017900,0000009382,3,0000000386,1
0000017901,0000009383,1,0000000495,2
0000017902,0000009384,1,0000000225,2
0000017903,0000009384,2,0000000476,1
0000017904,0000009384,3,0000000349,2
0000017905,0000009385,1,0000000025,2
0000017906,0000009385,2,0000000466,1
0000017907,0000009385,3,0000000353,2
0000017908,0000009386,1,0000000351,1
0000017909,0000009386,2,0000000266,1
0000017910,0000009387,1,0000000424,2
0000017911,0000009388,1,0000000385,1
0000017912,0000009388,2,0000000235,3
0000017913,0000009389,1,0000000141,1
0000017914,0000009390,1,0000000461,3
0000017915,0000009390,2,0000000325,2
0000017916,0000009390,3,0000000073,1
0000017917,0000009390,4,0000000116,1
0000017918,0000009391,1,0000000462,1
0000017919,0000009391,2,0000000140,3
0000017920,0000009392,1,0000000022,3
0000017921,0000009393,1,0000000312,1
0000017922,0000009393,2,0000000055,1
0000017923,0000009393,3,0000000126,1
0000017924,0000009393,4,0000000358,1
0000017925,0000009394,1,0000000439,2
0000017926,0000009394,2,0000000249,2
0000017927,0000009395,1,0000000244,1
0000017928,0000009395,2,0000000361,4
0000017929,0000009396,1,0000000460,1
0000017930,0000009397,1,0000000067,1
0000017931,0000009397,2,0000000424,4
0000017932,0000009398,1,0000000456,3
0000017933,0000009398,2,0000000343,1
0000017934,0000009399,1,0000000102,1
0000017935,0000009400,1,0000000040,1
0000017936,0000009401,1,0000000139,1
0000017937,0000009402,1,0000000046,1
0000017938,0000009403,1,0000000090,1
0000017939,0000009404,1,0000000190,4
0000017940,0000009404,2,0000000052,2
0000017941,0000009404,3,0000000488,2
0000017942,0000009404,4,0000000135,1
0000017943,0000009405,1,0000000281,1
0000017944,0000009405,2,0000000439,1
0000017945,0000009405,3,0000000107,1
0000017946,0000009406,1,0000000370,1
0000017947,0000009406,2,0000000007,1
0000017948,0000009406,3,0000000275,1
0000017949,0000009407,1,0000000466,3
0000017950,0000009408,1,0000000410,3
0000017951,0000009409,1,0000000285,2
0000017952,0000009409,2,0000000190,1
0000017953,0000009410,1,0000000302,3
0000017954,0000009410,2,0000000247,1
0000017955,0000009411,1,0000000222,1
0000017956,0000009412,1,0000000056,1
0000017957,0000009412,2,0000000023,1
0000017958,0000009412,3,0000000336,2
0000017959,0000009412,4,0000000177,4
0000017960,0000009412,5,0000000332,2
0000017961,0000009413,1,0000000462,2
0000017962,0000009413,2,0000000161,1
0000017963,0000009413,3,0000000188,1
0000017964,0000009413,4,0000000131,2
0000017965,0000009414,1,0000000018,3
0000017966,0000009414,2,0000000283,1
0000017967,0000009414,3,0000000186,1
0000017968,0000009414,4,0000000474,2
0000017969,0000009414,5,0000000221,1
0000017970,0000009415,1,0000000129,1
0000017971,0000009415,2,0000000271,1
0000017972,0000009415,3,0000000355,4
0000017973,0000009416,1,0000000440,2
0000017974,0000009417,1,0000000016,1
0000017975,0000009417,2,0000000343,2
0000017976,0000009418,1,0000000129,1
0000017977,0000009419,1,0000000498,1
0000017978,0000009419,2,0000000083,2
0000017979,0000009419,3,0000000266,2
0000017980,0000009419,4,0000000143,1
0000017981,0000009420,1,0000000047,1
0000017982,0000009421,1,0000000325,1
0000017983,0000009421,2,0000000055,1
0000017984,0000009422,1,0000000500,1
0000017985,0000009423,1,0000000122,1
0000017986,0000009423,2,0000000405,1
0000017987,0000009423,3,0000000156,3
0000017988,0000009423,4,0000000413,1
0000017989,0000009423,5,0000000012,2
0000017990,0000009424,1,0000000269,2
0000017991,0000009425,1,0000000434,2
0000017992,0000009425,2,0000000106,1
0000017993,0000009426,1,0000000428,1
0000017994,0000009426,2,0000000259,3
0000017995,0000009426,3,0000000434,2
0000017996,0000009427,1,0000000255,1
0000017997,0000009427,2,0000000291,2
0000017998,0000009428,1,0000000078,4
0000017999,0000009428,2,0000000322,1
0000018000,0000009428,3,0000000176,1
0000018001,0000009429,1,0000000155,1
0000018002,0000009430,1,0000000073,3
0000018003,0000009431,1,0000000192,1
0000018004,0000009431,2,0000000286,1
0000018005,0000009432,1,0000000074,2
0000018006,0000009433,1,0000000051,1
0000018007,0000009433,2,0000000282,1
0000018008,0000009434,1,0000000120,1
0000018009,0000009435,1,0000000077,2
0000018010,0000009435,2,0000000264,1
0000018011,0000009436,1,0000000029,2
0000018012,0000009437,1,0000000325,1
0000018013,0000009437,2,0000000088,1
0000018014,0000009438,1,0000000348,1
0000018015,0000009439,1,0000000259,1
0000018016,0000009439,2,0000000243,3
0000018017,0000009439,3,0000000099,1
0000018018,0000009439,4,0000000445,1
0000018019,0000009439,5,0000000177,1
0000018020,0000009440,1,0000000348,1
0000018021,0000009441,1,0000000388,1
0000018022,0000009442,1,0000000283,1
0000018023,0000009442,2,0000000431,1
0000018024,0000009443,1,0000000087,3
0000018025,0000009444,1,0000000379,1
0000018026,0000009444,2,0000000426,1
0000018027,0000009444,3,0000000325,1
0000018028,0000009444,4,0000000140,1
0000018029,0000009445,1,0000000337,1
0000018030,0000009446,1,0000000237,1
0000018031,0000009446,2,0000000282,2
0000018032,0000009446,3,0000000385,1
0000018033,0000009446,4,0000000299,1
0000018034,0000009446,5,0000000448,1
0000018035,0000009447,1,0000000422,1
0000018036,0000009448,1,0000000010,1
0000018037,0000009449,1,0000000244,1
0000018038,0000009450,1,0000000044,1
0000018039,0000009451,1,0000000033,1
0000018040,0000009451,2,0000000351,2
0000018041,0000009452,1,0000000237,2
0000018042,0000009453,1,0000000129,1
0000018043,0000009453,2,0000000111,1
0000018044,0000009453,3,0000000470,1
0000018045,0000009454,1,0000000116,1
0000018046,0000009455,1,0000000326,3
0000018047,0000009456,1,0000000209,1
0000018048,0000009457,1,0000000123,2
0000018049,0000009457,2,0000000100,1
0000018050,0000009458,1,0000000430,1
0000018051,0000009458,2,0000000001,1
0000018052,0000009458,3,0000000050,1
0000018053,0000009459,1,0000000113,3
0000018054,0000009459,2,0000000414,3
0000018055,0000009459,3,0000000040,1
0000018056,0000009460,1,0000000383,1
0000018057,0000009460,2,0000000240,1
0000018058,0000009460,3,0000000362,1
0000018059,0000009461,1,0000000313,1
0000018060,0000009461,2,0000000488,2
0000018061,0000009461,3,0000000130,1
0000018062,0000009461,4,0000000116,2
0000018063,0000009462,1,0000000019,1
0000018064,0000009463,1,0000000261,1
0000018065,0000009464,1,0000000085,1
0000018066,0000009465,1,0000000475,1
0000018067,0000009465,2,0000000332,1
0000018068,0000009465,3,0000000023,3
0000018069,0000009466,1,0000000474,3
0000018070,0000009466,2,0000000040,1
0000018071,0000009467,1,0000000481,3
0000018072,0000009467,2,0000000414,1
0000018073,0000009467,3,0000000094,1
0000018074,0000009467,4,0000000294,3
0000018075,0000009467,5,0000000232,1
0000018076,0000009468,1,0000000147,3
0000018077,0000009468,2,0000000083,2
0000018078,0000009469,1,0000000209,1
0000018079,0000009469,2,0000000436,1
0000018080,0000009469,3,0000000241,3
0000018081,0000009469,4,0000000192,1
0000018082,0000009470,1,0000000219,2
0000018083,0000009471,1,0000000302,1
0000018084,0000009471,2,0000000491,2
0000018085,0000009471,3,0000000248,1
0000018086,0000009472,1,0000000470,1
0000018087,0000009473,1,0000000481,1
0000018088,0000009474,1,0000000079,1
0000018089,0000009474,2,0000000370,1
0000018090,0000009474,3,0000000114,3
0000018091,0000009474,4,0000000124,2
0000018092,0000009474,5,0000000389,1
0000018093,0000009475,1,0000000041,3
0000018094,0000009475,2,0000000241,1
0000018095,0000009476,1,0000000275,1
0000018096,0000009476,2,0000000378,1
0000018097,0000009476,3,0000000123,4
0000018098,0000009477,1,0000000124,2
0000018099,0000009477,2,0000000085,1
0000018100,0000009477,3,0000000349,1
0000018101,0000009477,4,0000000469,3
0000018102,0000009477,5,0000000031,3
0000018103,0000009478,1,0000000292,1
0000018104,0000009479,1,0000000142,1
0000018105,0000009480,1,0000000215,1
0000018106,0000009481,1,0000000073,1
0000018107,0000009482,1,0000000110,1
0000018108,0000009483,1,0000000238,1
0000018109,0000009483,2,0000000368,1
0000018110,0000009484,1,0000000076,1
0000018111,0000009484,2,0000000239,2
0000018112,0000009484,3,0000000070,2
0000018113,0000009484,4,0000000427,1
0000018114,0000009485,1,0000000232,2
0000018115,0000009486,1,0000000411,1
0000018116,0000009487,1,0000000266,1
0000018117,0000009487,2,0000000143,2
0000018118,0000009488,1,0000000435,1
0000018119,0000009489,1,0000000246,2
0000018120,0000009489,2,0000000438,1
0000018121,0000009490,1,0000000381,3
0000018122,0000009490,2,0000000354,1
0000018123,0000009491,1,0000000404,2
0000018124,0000009492,1,0000000050,1
0000018125,0000009493,1,0000000232,2
0000018126,0000009494,1,0000000437,1
0000018127,0000009495,1,0000000380,2
0000018128,0000009495,2,0000000173,1
0000018129,0000009496,1,0000000291,2
0000018130,0000009496,2,0000000196,1
0000018131,0000009497,1,0000000026,1
0000018132,0000009497,2,0000000182,1
0000018133,0000009498,1,0000000350,1
0000018134,0000009499,1,0000000267,1
0000018135,0000009500,1,0000000259,1
0000018136,0000009500,2,0000000332,1
0000018137,0000009501,1,0000000498,1
0000018138,0000009502,1,0000000208,1
0000018139,0000009503,1,0000000202,1
0000018140,0000009503,2,0000000210,1
0000018141,0000009504,1,0000000006,2
0000018142,0000009505,1,0000000487,1
0000018143,0000009506,1,0000000219,3
0000018144,0000009507,1,0000000465,1
0000018145,0000009507,2,0000000254,1
0000018146,0000009508,1,0000000436,1
0000018147,0000009509,1,0000000224,1
0000018148,0000009509,2,0000000134,1
0000018149,0000009510,1,0000000128,2
0000018150,0000009511,1,0000000052,1
0000018151,0000009511,2,0000000429,1
0000018152,0000009512,1,0000000309,3
0000018153,0000009512,2,0000000089,2
0000018154,0000009512,3,0000000259,1
0000018155,0000009513,1,0000000498,3
0000018156,0000009514,1,0000000198,1
0000018157,0000009515,1,0000000111,4
0000018158,0000009515,2,0000000114,2
0000018159,0000009515,3,0000000168,1
0000018160,0000009516,1,0000000364,1
0000018161,0000009516,2,0000000008,1
0000018162,0000009516,3,0000000193,4
0000018163,0000009516,4,0000000044,1
0000018164,0000009517,1,0000000402,1
0000018165,0000009518,1,0000000043,2
0000018166,0000009519,1,0000000034,1
0000018167,0000009519,2,0000000424,2
0000018168,0000009519,3,0000000435,1
0000018169,0000009519,4,0000000250,1
0000018170,0000009519,5,0000000254,1
0000018171,0000009520,1,0000000352,3
0000018172,0000009521,1,0000000049,1
0000018173,0000009521,2,0000000399,1
0000018174,0000009522,1,0000000423,1
0000018175,0000009522,2,0000000421,1
0000018176,0000009523,1,0000000254,1
0000018177,0000009523,2,0000000332,3
0000018178,0000009524,1,0000000178,1
0000018179,0000009524,2,0000000440,3
0000018180,0000009525,1,0000000231,1
0000018181,0000009526,1,0000000428,1
0000018182,0000009526,2,0000000469,1
0000018183,0000009526,3,0000000149,1
0000018184,0000009527,1,0000000323,1
0000018185,0000009528,1,0000000049,1
0000018186,0000009528,2,0000000111,3
0000018187,0000009529,1,0000000205,1
0000018188,0000009529,2,0000000378,2
0000018189,0000009529,3,0000000406,2
0000018190,0000009529,4,0000000203,1
0000018191,0000009529,5,0000000222,1
0000018192,0000009530,1,0000000117,2
0000018193,0000009530,2,0000000201,1
0000018194,0000009531,1,0000000215,1
0000018195,0000009532,1,0000000347,1
0000018196,0000009532,2,0000000278,1
0000018197,0000009532,3,0000000290,1
0000018198,0000009533,1,0000000481,2
0000018199,0000009533,2,0000000458,1
0000018200,0000009533,3,0000000055,1
0000018201,0000009533,4,0000000162,1
0000018202,0000009534,1,0000000144,2
0000018203,0000009535,1,0000000129,1
0000018204,0000009536,1,0000000033,1
0000018205,0000009537,1,0000000224,1
0000018206,0000009537,2,0000000435,1
0000018207,0000009538,1,0000000003,1
0000018208,0000009538,2,0000000211,1
0000018209,0000009539,1,0000000085,1
0000018210,0000009540,1,0000000266,1
0000018211,0000009541,1,0000000290,1
0000018212,0000009541,2,0000000186,1
0000018213,0000009542,1,0000000411,1
0000018214,0000009543,1,0000000002,1
0000018215,0000009543,2,0000000190,1
0000018216,0000009544,1,0000000230,1
0000018217,0000009545,1,0000000438,1
0000018218,0000009545,2,0000000244,1
0000018219,0000009545,3,0000000436,1
0000018220,0000009545,4,0000000052,1
0000018221,0000009546,1,0000000093,1
0000018222,0000009547,1,0000000223,1
0000018223,0000009548,1,0000000325,1
0000018224,0000009549,1,0000000289,1
0000018225,0000009550,1,0000000196,1
0000018226,0000009551,1,0000000340,2
0000018227,0000009552,1,0000000370,1
0000018228,0000009552,2,0000000104,1
0000018229,0000009553,1,0000000103,2
0000018230,0000009554,1,0000000362,1
0000018231,0000009555,1,0000000132,1
0000018232,0000009556,1,0000000064,1
0000018233,0000009557,1,0000000427,2
0000018234,0000009557,2,0000000200,1
0000018235,0000009557,3,0000000162,1
0000018236,0000009557,4,0000000030,1
0000018237,0000009558,1,0000000033,1
0000018238,0000009558,2,0000000136,2
0000018239,0000009558,3,0000000119,1
0000018240,0000009559,1,0000000374,1
0000018241,0000009559,2,0000000500,1
0000018242,0000009560,1,0000000213,3
0000018243,0000009561,1,0000000100,3
0000018244,0000009561,2,0000000324,2
0000018245,0000009561,3,0000000238,1
0000018246,0000009562,1,0000000277,1
0000018247,0000009562,2,0000000255,1
0000018248,0000009563,1,0000000269,2
0000018249,0000009564,1,0000000328,1
0000018250,0000009564,2,0000000418,1
0000018251,0000009565,1,0000000116,1
0000018252,0000009566,1,0000000291,1
0000018253,0000009567,1,0000000333,2
0000018254,0000009568,1,0000000179,2
0000018255,0000009569,1,0000000031,1
0000018256,0000009569,2,0000000049,2
0000018257,0000009570,1,0000000163,1
0000018258,0000009570,2,0000000447,2
0000018259,0000009571,1,0000000034,1
0000018260,0000009572,1,0000000016,1
0000018261,0000009572,2,0000000175,1
0000018262,0000009572,3,0000000276,1
0000018263,0000009572,4,0000000003,1
0000018264,0000009573,1,0000000365,1
0000018265,0000009574,1,0000000252,1
0000018266,0000009574,2,0000000168,1
0000018267,0000009575,1,0000000429,1
0000018268,0000009575,2,0000000327,1
0000018269,0000009576,1,0000000298,2
0000018270,0000009577,1,0000000452,1
0000018271,0000009577,2,0000000152,4
0000018272,0000009577,3,0000000357,1
0000018273,0000009578,1,0000000238,1
0000018274,0000009578,2,0000000363,1
0000018275,0000009579,1,0000000101,2
0000018276,0000009580,1,0000000273,1
0000018277,0000009580,2,0000000262,1
0000018278,0000009580,3,0000000396,3
0000018279,0000009581,1,0000000366,1
0000018280,0000009581,2,0000000005,1
0000018281,0000009582,1,0000000089,1
0000018282,0000009582,2,0000000493,1
0000018283,0000009582,3,0000000226,2
0000018284,0000009582,4,0000000435,1
0000018285,0000009583,1,0000000391,1
0000018286,0000009584,1,0000000438,3
0000018287,0000009584,2,0000000343,1
0000018288,0000009584,3,0000000367,1
0000018289,0000009584,4,0000000395,1
0000018290,0000009584,5,0000000276,2
0000018291,0000009585,1,0000000443,1
0000018292,0000009585,2,0000000046,3
0000018293,0000009585,3,0000000316,1
0000018294,0000009585,4,0000000268,1
0000018295,0000009586,1,0000000500,1
0000018296,0000009587,1,0000000101,4
0000018297,0000009588,1,0000000323,1
0000018298,0000009589,1,0000000222,1
0000018299,0000009590,1,0000000076,3
0000018300,0000009590,2,0000000224,2
0000018301,0000009591,1,0000000193,1
0000018302,0000009592,1,0000000118,1
0000018303,0000009593,1,0000000025,1
0000018304,0000009594,1,0000000416,1
0000018305,0000009595,1,0000000456,1
0000018306,0000009596,1,0000000108,2
0000018307,0000009597,1,0000000075,1
0000018308,0000009598,1,0000000118,1
0000018309,0000009598,2,0000000469,1
0000018310,0000009599,1,0000000190,1
0000018311,0000009600,1,0000000367,2
0000018312,0000009600,2,0000000007,1
0000018313,0000009601,1,0000000376,2
0000018314,0000009602,1,0000000447,1
0000018315,0000009603,1,0000000343,1
0000018316,0000009604,1,0000000445,1
0000018317,0000009605,1,0000000481,2
0000018318,0000009605,2,0000000084,1
0000018319,0000009605,3,0000000227,1
0000018320,0000009606,1,0000000279,1
0000018321,0000009607,1,0000000224,1
0000018322,0000009608,1,0000000002,1
0000018323,0000009609,1,0000000403,1
0000018324,0000009609,2,0000000173,3
0000018325,0000009610,1,0000000160,1
0000018326,0000009611,1,0000000143,2
0000018327,0000009612,1,0000000274,1
0000018328,0000009613,1,0000000404,1
0000018329,0000009613,2,0000000178,1
0000018330,0000009613,3,0000000161,1
0000018331,0000009614,1,0000000299,2
0000018332,0000009615,1,0000000035,2
0000018333,0000009616,1,0000000176,2
0000018334,0000009617,1,0000000292,1
0000018335,0000009617,2,0000000098,1
0000018336,0000009618,1,0000000167,1
0000018337,0000009619,1,0000000385,1
0000018338,0000009619,2,0000000150,1
0000018339,0000009620,1,0000000172,1
0000018340,0000009621,1,0000000040,1
0000018341,0000009622,1,0000000117,1
0000018342,0000009623,1,0000000222,1
0000018343,0000009624,1,0000000486,1
0000018344,0000009624,2,0000000338,1
0000018345,0000009624,3,0000000244,1
0000018346,0000009625,1,0000000162,1
0000018347,0000009625,2,0000000466,1
0000018348,0000009626,1,0000000452,1
0000018349,0000009626,2,0000000340,2
0000018350,0000009627,1,0000000002,1
0000018351,0000009627,2,0000000050,3
0000018352,0000009628,1,0000000489,2
0000018353,0000009628,2,0000000161,2
0000018354,0000009628,3,0000000251,1
0000018355,0000009629,1,0000000433,1
0000018356,0000009629,2,0000000254,1
0000018357,0000009630,1,0000000369,1
0000018358,0000009631,1,0000000136,1
0000018359,0000009632,1,0000000254,2
0000018360,0000009633,1,0000000073,1
0000018361,0000009633,2,0000000217,2
0000018362,0000009633,3,0000000128,1
0000018363,0000009634,1,0000000258,1
0000018364,0000009634,2,0000000035,1
0000018365,0000009634,3,0000000036,1
0000018366,0000009635,1,0000000136,1
0000018367,0000009636,1,0000000058,3
0000018368,0000009637,1,0000000126,4
0000018369,0000009638,1,0000000180,2
0000018370,0000009638,2,0000000463,1
0000018371,0000009639,1,0000000431,1
0000018372,0000009640,1,0000000473,3
0000018373,0000009641,1,0000000438,2
0000018374,0000009641,2,0000000172,1
0000018375,0000009642,1,0000000317,1
0000018376,0000009642,2,0000000157,4
0000018377,0000009642,3,0000000175,1
0000018378,0000009642,4,0000000375,1
0000018379,0000009643,1,0000000279,1
0000018380,0000009643,2,0000000437,1
0000018381,0000009643,3,0000000155,1
0000018382,0000009643,4,0000000252,2
0000018383,0000009643,5,0000000145,2
0000018384,0000009644,1,0000000128,1
0000018385,0000009645,1,0000000427,4
0000018386,0000009645,2,0000000399,2
0000018387,0000009645,3,0000000181,2
0000018388,0000009645,4,0000000004,1
0000018389,0000009646,1,0000000412,1
0000018390,0000009646,2,0000000425,3
0000018391,0000009646,3,0000000330,1
0000018392,0000009647,1,0000000491,1
0000018393,0000009648,1,0000000466,2
0000018394,0000009648,2,0000000108,4
0000018395,0000009649,1,0000000093,2
0000018396,0000009649,2,0000000399,1
0000018397,0000009650,1,0000000156,1
0000018398,0000009650,2,0000000339,1
0000018399,0000009650,3,0000000188,1
0000018400,0000009651,1,0000000494,1
0000018401,0000009652,1,0000000076,3
0000018402,0000009653,1,0000000440,2
0000018403,0000009653,2,0000000175,1
0000018404,0000009654,1,0000000455,2
0000018405,0000009655,1,0000000298,1
0000018406,0000009655,2,0000000476,1
0000018407,0000009655,3,0000000198,1
0000018408,0000009656,1,0000000294,2
0000018409,0000009657,1,0000000106,4
0000018410,0000009657,2,0000000456,2
0000018411,0000009657,3,0000000124,1
0000018412,0000009657,4,0000000275,1
0000018413,0000009658,1,0000000185,1
0000018414,0000009659,1,0000000459,1
0000018415,0000009660,1,0000000482,1
0000018416,0000009661,1,0000000198,1
0000018417,0000009661,2,0000000033,1
0000018418,0000009662,1,0000000001,1
0000018419,0000009662,2,0000000322,1
0000018420,0000009662,3,0000000216,2
0000018421,0000009662,4,0000000204,1
0000018422,0000009663,1,0000000244,1
0000018423,0000009663,2,0000000017,2
0000018424,0000009663,3,0000000154,1
0000018425,0000009663,4,0000000077,1
0000018426,0000009663,5,0000000015,2
0000018427,0000009664,1,0000000200,2
0000018428,0000009664,2,0000000484,1
0000018429,0000009664,3,0000000173,1
0000018430,0000009665,1,0000000136,1
0000018431,0000009665,2,0000000024,2
0000018432,0000009666,1,0000000334,1
0000018433,0000009666,2,0000000136,1
0000018434,0000009667,1,0000000151,1
0000018435,0000009667,2,0000000250,1
0000018436,0000009667,3,0000000347,1
0000018437,0000009667,4,0000000030,1
0000018438,0000009668,1,0000000007,1
0000018439,0000009668,2,0000000420,1
0000018440,0000009668,3,0000000305,1
0000018441,0000009668,4,0000000266,1
0000018442,0000009669,1,0000000216,1
0000018443,0000009669,2,0000000365,1
0000018444,0000009670,1,0000000080,2
0000018445,0000009670,2,0000000300,2
0000018446,0000009670,3,0000000369,1
0000018447,0000009671,1,0000000136,1
0000018448,0000009672,1,0000000308,1
0000018449,0000009672,2,0000000221,1
0000018450,0000009673,1,0000000489,1
0000018451,0000009673,2,0000000436,1
0000018452,0000009673,3,0000000065,1
0000018453,0000009673,4,0000000409,1
0000018454,0000009674,1,0000000039,1
0000018455,0000009674,2,0000000107,2
0000018456,0000009674,3,0000000080,1
0000018457,0000009675,1,0000000319,1
0000018458,0000009676,1,0000000164,3
0000018459,0000009676,2,0000000316,3
0000018460,0000009677,1,0000000326,1
0000018461,0000009678,1,0000000213,2
0000018462,0000009679,1,0000000021,1
0000018463,0000009680,1,0000000204,1
0000018464,0000009680,2,0000000163,3
0000018465,0000009680,3,0000000017,1
0000018466,0000009681,1,0000000326,2
0000018467,0000009682,1,0000000187,1
0000018468,0000009682,2,0000000241,1
0000018469,0000009682,3,0000000153,3
0000018470,0000009683,1,0000000388,2
0000018471,0000009683,2,0000000024,2
0000018472,0000009683,3,0000000060,2
0000018473,0000009683,4,0000000147,2
0000018474,0000009683,5,0000000343,1
0000018475,0000009684,1,0000000091,3
0000018476,0000009685,1,0000000324,2
0000018477,0000009685,2,0000000352,2
0000018478,0000009685,3,0000000289,1
0000018479,0000009686,1,0000000068,1
0000018480,0000009687,1,0000000105,1
0000018481,0000009688,1,0000000446,3
0000018482,0000009688,2,0000000500,4
0000018483,0000009688,3,0000000485,3
0000018484,0000009689,1,0000000432,2
0000018485,0000009690,1,0000000346,1
0000018486,0000009691,1,0000000287,1
0000018487,0000009692,1,0000000260,1
0000018488,0000009692,2,0000000462,1
0000018489,0000009692,3,0000000041,1
0000018490,0000009693,1,0000000086,1
0000018491,0000009694,1,0000000126,1
0000018492,0000009695,1,0000000309,1
0000018493,0000009696,1,0000000093,1
0000018494,0000009697,1,0000000399,1
0000018495,0000009697,2,0000000027,1
0000018496,0000009698,1,0000000098,1
0000018497,0000009698,2,0000000198,3
0000018498,0000009698,3,0000000316,2
0000018499,0000009699,1,0000000389,1
0000018500,0000009700,1,0000000231,1
0000018501,0000009701,1,0000000103,2
0000018502,0000009701,2,0000000147,1
0000018503,0000009702,1,0000000069,2
0000018504,0000009702,2,0000000155,1
0000018505,0000009703,1,0000000439,1
0000018506,0000009704,1,0000000223,1
0000018507,0000009704,2,0000000488,1
0000018508,0000009705,1,0000000114,1
0000018509,0000009706,1,0000000469,2
0000018510,0000009706,2,0000000442,1
0000018511,0000009707,1,0000000110,1
0000018512,0000009707,2,0000000186,3
0000018513,0000009708,1,0000000325,1
0000018514,0000009708,2,0000000099,1
0000018515,0000009709,1,0000000402,1
0000018516,0000009710,1,0000000040,1
0000018517,0000009711,1,0000000320,2
0000018518,0000009711,2,0000000166,3
0000018519,0000009712,1,0000000124,1
0000018520,0000009713,1,0000000418,1
0000018521,0000009714,1,0000000290,1
0000018522,0000009714,2,0000000088,1
0000018523,0000009714,3,0000000132,1
0000018524,0000009714,4,0000000266,1
0000018525,0000009715,1,0000000084,1
0000018526,0000009716,1,0000000088,1
0000018527,0000009716,2,0000000008,1
0000018528,0000009717,1,0000000255,1
0000018529,0000009717,2,0000000193,1
0000018530,0000009717,3,0000000067,4
0000018531,0000009717,4,0000000101,1
0000018532,0000009718,1,0000000430,1
0000018533,0000009718,2,0000000466,1
0000018534,0000009719,1,0000000097,1
0000018535,0000009720,1,0000000410,1
0000018536,0000009721,1,0000000469,2
0000018537,0000009721,2,0000000046,1
0000018538,0000009722,1,0000000078,1
0000018539,0000009722,2,0000000432,1
0000018540,0000009722,3,0000000342,1
0000018541,0000009722,4,0000000457,2
0000018542,0000009722,5,0000000121,2
0000018543,0000009723,1,0000000218,2
0000018544,0000009724,1,0000000094,1
0000018545,0000009725,1,0000000353,1
0000018546,0000009726,1,0000000051,1
0000018547,0000009727,1,0000000413,1
0000018548,0000009728,1,0000000246,3
0000018549,0000009729,1,0000000348,1
0000018550,0000009729,2,0000000234,1
0000018551,0000009730,1,0000000110,2
0000018552,0000009730,2,0000000011,1
0000018553,0000009730,3,0000000097,1
0000018554,0000009731,1,0000000418,1
0000018555,0000009732,1,0000000128,1
0000018556,0000009733,1,0000000035,1
0000018557,0000009733,2,0000000399,1
0000018558,0000009733,3,0000000196,1
0000018559,0000009734,1,0000000196,1
0000018560,0000009735,1,0000000287,2
0000018561,0000009736,1,0000000128,1
0000018562,0000009737,1,0000000315,1
0000018563,0000009737,2,0000000347,1
0000018564,0000009737,3,0000000221,1
0000018565,0000009738,1,0000000392,3
0000018566,0000009738,2,0000000446,1
0000018567,0000009739,1,0000000009,1
0000018568,0000009739,2,0000000033,1
0000018569,0000009740,1,0000000370,3
0000018570,0000009740,2,0000000470,1
0000018571,0000009741,1,0000000089,1
0000018572,0000009741,2,0000000143,1
0000018573,0000009741,3,0000000498,2
0000018574,0000009742,1,0000000029,1
0000018575,0000009743,1,0000000163,1
0000018576,0000009744,1,0000000239,1
0000018577,0000009745,1,0000000398,1
0000018578,0000009745,2,0000000037,1
0000018579,0000009745,3,0000000447,1
0000018580,0000009745,4,0000000195,1
0000018581,0000009746,1,0000000259,3
0000018582,0000009746,2,0000000477,1
0000018583,0000009747,1,0000000268,1
0000018584,0000009747,2,0000000099,1
0000018585,0000009747,3,0000000411,2
0000018586,0000009748,1,0000000417,1
0000018587,0000009748,2,0000000319,1
0000018588,0000009748,3,0000000019,1
0000018589,0000009748,4,0000000402,1
0000018590,0000009749,1,0000000159,1
0000018591,0000009749,2,0000000404,2
0000018592,0000009749,3,0000000252,4
0000018593,0000009750,1,0000000462,1
0000018594,0000009751,1,0000000027,2
0000018595,0000009752,1,0000000433,1
0000018596,0000009753,1,0000000246,1
0000018597,0000009753,2,0000000265,3
0000018598,0000009753,3,0000000139,1
0000018599,0000009753,4,0000000033,1
0000018600,0000009754,1,0000000028,1
0000018601,0000009754,2,0000000428,1
0000018602,0000009755,1,0000000376,1
0000018603,0000009755,2,0000000162,1
0000018604,0000009756,1,0000000416,1
0000018605,0000009757,1,0000000140,3
0000018606,0000009758,1,0000000189,2
0000018607,0000009759,1,0000000429,1
0000018608,0000009760,1,0000000164,1
0000018609,0000009761,1,0000000184,3
0000018610,0000009762,1,0000000130,4
0000018611,0000009762,2,0000000463,1
0000018612,0000009762,3,0000000239,1
0000018613,0000009762,4,0000000202,1
0000018614,0000009762,5,0000000316,1
0000018615,0000009763,1,0000000194,1
0000018616,0000009763,2,0000000293,1
0000018617,0000009763,3,0000000369,1
0000018618,0000009764,1,0000000344,1
0000018619,0000009765,1,0000000422,4
0000018620,0000009766,1,0000000368,1
0000018621,0000009766,2,0000000386,1
0000018622,0000009766,3,0000000018,1
0000018623,0000009767,1,0000000139,1
0000018624,0000009767,2,0000000453,1
0000018625,0000009768,1,0000000334,4
0000018626,0000009768,2,0000000160,1
0000018627,0000009768,3,0000000009,1
0000018628,0000009768,4,0000000457,3
0000018629,0000009769,1,0000000350,1
0000018630,0000009770,1,0000000034,1
0000018631,0000009770,2,0000000400,1
0000018632,0000009771,1,0000000490,1
0000018633,0000009771,2,0000000208,1
0000018634,0000009771,3,0000000311,1
0000018635,0000009772,1,0000000330,1
0000018636,0000009772,2,0000000120,1
0000018637,0000009772,3,0000000295,2
0000018638,0000009772,4,0000000143,1
0000018639,0000009773,1,0000000484,3
0000018640,0000009774,1,0000000253,2
0000018641,0000009774,2,0000000154,1
0000018642,0000009774,3,0000000361,1
0000018643,0000009775,1,0000000032,1
0000018644,0000009776,1,0000000194,3
0000018645,0000009777,1,0000000475,1
0000018646,0000009777,2,0000000034,1
0000018647,0000009777,3,0000000310,1
0000018648,0000009778,1,0000000283,1
0000018649,0000009779,1,0000000034,3
0000018650,0000009779,2,0000000379,1
0000018651,0000009779,3,0000000283,1
0000018652,0000009780,1,0000000475,1
0000018653,0000009781,1,0000000052,1
0000018654,0000009782,1,0000000068,1
0000018655,0000009782,2,0000000394,1
0000018656,0000009783,1,0000000475,1
0000018657,0000009783,2,0000000240,1
0000018658,0000009784,1,0000000062,1
0000018659,0000009784,2,0000000211,1
0000018660,0000009784,3,0000000427,2
0000018661,0000009785,1,0000000471,1
0000018662,0000009786,1,0000000355,1
0000018663,0000009786,2,0000000194,3
0000018664,0000009787,1,0000000446,3
0000018665,0000009788,1,0000000314,1
0000018666,0000009789,1,0000000403,1
0000018667,0000009789,2,0000000043,2
0000018668,0000009790,1,0000000405,1
0000018669,0000009791,1,0000000381,1
0000018670,0000009792,1,0000000049,1
0000018671,0000009793,1,0000000115,1
0000018672,0000009793,2,0000000154,1
0000018673,0000009794,1,0000000284,1
0000018674,0000009794,2,0000000302,2
0000018675,0000009795,1,0000000187,1
0000018676,0000009796,1,0000000149,1
0000018677,0000009796,2,0000000424,3
0000018678,0000009796,3,0000000245,2
0000018679,0000009796,4,0000000476,2
0000018680,0000009797,1,0000000087,1
0000018681,0000009798,1,0000000425,1
0000018682,0000009799,1,0000000450,1
0000018683,0000009799,2,0000000439,1
0000018684,0000009800,1,0000000090,1
0000018685,0000009801,1,0000000002,2
0000018686,0000009801,2,0000000090,3
0000018687,0000009802,1,0000000222,1
0000018688,0000009803,1,0000000252,4
0000018689,0000009804,1,0000000085,1
0000018690,0000009805,1,0000000076,1
0000018691,0000009806,1,0000000390,1
0000018692,0000009806,2,0000000362,1
0000018693,0000009806,3,0000000147,1
0000018694,0000009806,4,0000000042,1
0000018695,0000009806,5,0000000218,1
0000018696,0000009807,1,0000000336,1
0000018697,0000009807,2,0000000408,3
0000018698,0000009808,1,0000000106,1
0000018699,0000009809,1,0000000293,2
0000018700,0000009810,1,0000000339,1
0000018701,0000009810,2,0000000183,2
0000018702,0000009810,3,0000000081,1
0000018703,0000009811,1,0000000494,1
0000018704,0000009812,1,0000000208,1
0000018705,0000009812,2,0000000070,3
0000018706,0000009812,3,0000000446,1
0000018707,0000009813,1,0000000320,1
0000018708,0000009813,2,0000000060,1
0000018709,0000009813,3,0000000421,1
0000018710,0000009813,4,0000000299,4
0000018711,0000009814,1,0000000276,1
0000018712,0000009815,1,0000000489,2
0000018713,0000009815,2,0000000423,1
0000018714,0000009816,1,0000000005,4
0000018715,0000009816,2,0000000103,2
0000018716,0000009817,1,0000000268,1
0000018717,0000009817,2,0000000289,4
0000018718,0000009817,3,0000000470,1
0000018719,0000009817,4,0000000389,2
0000018720,0000009818,1,0000000311,1
0000018721,0000009819,1,0000000402,3
0000018722,0000009820,1,0000000172,1
0000018723,0000009820,2,0000000015,1
0000018724,0000009820,3,0000000278,1
0000018725,0000009821,1,0000000361,1
0000018726,0000009821,2,0000000423,1
0000018727,0000009822,1,0000000024,1
0000018728,0000009823,1,0000000102,1
0000018729,0000009824,1,0000000234,1
0000018730,0000009824,2,0000000477,1
0000018731,0000009825,1,0000000214,3
0000018732,0000009826,1,0000000163,1
0000018733,0000009826,2,0000000223,1
0000018734,0000009826,3,0000000024,1
0000018735,0000009826,4,0000000277,1
0000018736,0000009827,1,0000000097,1
0000018737,0000009828,1,0000000072,2
0000018738,0000009829,1,0000000378,3
0000018739,0000009829,2,0000000008,1
0000018740,0000009830,1,0000000297,1
0000018741,0000009831,1,0000000341,1
0000018742,0000009832,1,0000000403,3
0000018743,0000009833,1,0000000423,1
0000018744,0000009834,1,0000000015,3
0000018745,0000009834,2,0000000027,1
0000018746,0000009834,3,0000000283,1
0000018747,0000009835,1,0000000448,1
0000018748,0000009835,2,0000000426,1
0000018749,0000009835,3,0000000059,1
0000018750,0000009835,4,0000000010,1
0000018751,0000009836,1,0000000082,1
0000018752,0000009837,1,0000000352,1
0000018753,0000009837,2,0000000264,1
0000018754,0000009838,1,0000000133,1
0000018755,0000009838,2,0000000386,1
0000018756,0000009838,3,0000000364,1
0000018757,0000009838,4,0000000015,1
0000018758,0000009838,5,0000000217,1
0000018759,0000009839,1,0000000496,1
0000018760,0000009840,1,0000000374,3
0000018761,0000009840,2,0000000137,1
0000018762,0000009840,3,0000000224,2
0000018763,0000009841,1,0000000330,1
0000018764,0000009842,1,0000000259,1
0000018765,0000009843,1,0000000133,3
0000018766,0000009843,2,0000000408,1
0000018767,0000009844,1,0000000087,2
0000018768,0000009844,2,0000000159,1
0000018769,0000009845,1,0000000050,1
0000018770,0000009846,1,0000000292,1
0000018771,0000009847,1,0000000149,2
0000018772,0000009847,2,0000000291,1
0000018773,0000009848,1,0000000336,4
0000018774,0000009848,2,0000000365,1
0000018775,0000009848,3,0000000291,1
0000018776,0000009849,1,0000000253,1
0000018777,0000009849,2,0000000133,1
0000018778,0000009850,1,0000000430,1
0000018779,0000009850,2,0000000497,1
0000018780,0000009850,3,0000000334,1
0000018781,0000009850,4,0000000244,1
0000018782,0000009851,1,0000000056,3
0000018783,0000009852,1,0000000105,1
0000018784,0000009853,1,0000000330,1
0000018785,0000009853,2,0000000323,2
0000018786,0000009854,1,0000000072,1
0000018787,0000009854,2,0000000096,1
0000018788,0000009855,1,0000000406,1
0000018789,0000009855,2,0000000325,1
0000018790,0000009855,3,0000000107,1
0000018791,0000009855,4,0000000262,1
0000018792,0000009856,1,0000000077,2
0000018793,0000009856,2,0000000089,1
0000018794,0000009857,1,0000000416,1
0000018795,0000009857,2,0000000293,1
0000018796,0000009858,1,0000000179,1
0000018797,0000009858,2,0000000083,1
0000018798,0000009859,1,0000000331,4
0000018799,0000009859,2,0000000390,1
0000018800,0000009859,3,0000000118,1
0000018801,0000009860,1,0000000346,2
0000018802,0000009860,2,0000000181,2
0000018803,0000009861,1,0000000200,1
0000018804,0000009862,1,0000000175,1
0000018805,0000009863,1,0000000228,1
0000018806,0000009863,2,0000000041,1
0000018807,0000009863,3,0000000290,1
0000018808,0000009863,4,0000000487,1
0000018809,0000009864,1,0000000161,1
0000018810,0000009865,1,0000000016,2
0000018811,0000009866,1,0000000163,1
0000018812,0000009866,2,0000000064,1
0000018813,0000009866,3,0000000023,1
0000018814,0000009866,4,0000000157,2
0000018815,0000009866,5,0000000265,3
0000018816,0000009867,1,0000000375,1
0000018817,0000009868,1,0000000013,1
0000018818,0000009869,1,0000000322,1
0000018819,0000009869,2,0000000489,2
0000018820,0000009869,3,0000000018,1
0000018821,0000009870,1,0000000165,1
0000018822,0000009870,2,0000000157,1
0000018823,0000009871,1,0000000477,1
0000018824,0000009872,1,0000000484,1
0000018825,0000009872,2,0000000491,1
0000018826,0000009872,3,0000000267,2
0000018827,0000009873,1,0000000217,1
0000018828,0000009874,1,0000000072,2
0000018829,0000009875,1,0000000173,1
0000018830,0000009876,1,0000000423,1
0000018831,0000009877,1,0000000418,1
0000018832,0000009878,1,0000000172,1
0000018833,0000009878,2,0000000021,1
0000018834,0000009879,1,0000000069,1
0000018835,0000009879,2,0000000257,4
0000018836,0000009880,1,0000000156,3
0000018837,0000009881,1,0000000322,1
0000018838,0000009881,2,0000000059,1
0000018839,0000009882,1,0000000369,1
0000018840,0000009882,2,0000000208,1
0000018841,0000009883,1,0000000405,1
0000018842,0000009884,1,0000000270,1
0000018843,0000009885,1,0000000010,4
0000018844,0000009886,1,0000000472,3
0000018845,0000009886,2,0000000102,2
0000018846,0000009887,1,0000000465,1
0000018847,0000009887,2,0000000012,1
0000018848,0000009888,1,0000000497,1
0000018849,0000009889,1,0000000114,1
0000018850,0000009890,1,0000000064,1
0000018851,0000009891,1,0000000317,1
0000018852,0000009892,1,0000000448,1
0000018853,0000009893,1,0000000450,1
0000018854,0000009894,1,0000000133,1
0000018855,0000009894,2,0000000129,4
0000018856,0000009894,3,0000000116,1
0000018857,0000009894,4,0000000009,2
0000018858,0000009894,5,0000000132,1
0000018859,0000009895,1,0000000117,1
0000018860,0000009895,2,0000000115,1
0000018861,0000009895,3,0000000469,1
0000018862,0000009896,1,0000000295,2
0000018863,0000009896,2,0000000354,1
0000018864,0000009896,3,0000000323,1
0000018865,0000009897,1,0000000026,1
0000018866,0000009898,1,0000000492,2
0000018867,0000009899,1,0000000410,1
0000018868,0000009899,2,0000000416,2
0000018869,0000009900,1,0000000450,1
0000018870,0000009901,1,0000000443,1
0000018871,0000009901,2,0000000447,1
0000018872,0000009902,1,0000000144,1
0000018873,0000009903,1,0000000250,2
0000018874,0000009904,1,0000000058,1
0000018875,0000009905,1,0000000472,3
0000018876,0000009905,2,0000000149,1
0000018877,0000009906,1,0000000297,2
0000018878,0000009906,2,0000000280,1
0000018879,0000009907,1,0000000448,1
0000018880,0000009908,1,0000000237,1
0000018881,0000009908,2,0000000435,2
0000018882,0000009909,1,0000000120,1
0000018883,0000009909,2,0000000131,3
0000018884,0000009909,3,0000000238,1
0000018885,0000009909,4,0000000487,1
0000018886,0000009910,1,0000000151,2
0000018887,0000009910,2,0000000186,1
0000018888,0000009911,1,0000000249,2
0000018889,0000009911,2,0000000001,1
0000018890,0000009912,1,0000000064,1
0000018891,0000009913,1,0000000254,2
0000018892,0000009914,1,0000000207,1
0000018893,0000009914,2,0000000026,1
0000018894,0000009915,1,0000000389,1
0000018895,0000009916,1,0000000458,1
0000018896,0000009917,1,0000000222,1
0000018897,0000009918,1,0000000355,1
0000018898,0000009919,1,0000000018,1
0000018899,0000009919,2,0000000255,1
0000018900,0000009920,1,0000000214,2
0000018901,0000009920,2,0000000452,1
0000018902,0000009921,1,0000000386,1
0000018903,0000009922,1,0000000030,1
0000018904,0000009922,2,0000000288,1
0000018905,0000009922,3,0000000074,1
0000018906,0000009922,4,0000000006,1
0000018907,0000009923,1,0000000162,4
0000018908,0000009923,2,0000000304,1
0000018909,0000009923,3,0000000316,2
0000018910,0000009923,4,0000000157,1
0000018911,0000009923,5,0000000481,2
0000018912,0000009924,1,0000000245,4
0000018913,0000009924,2,0000000343,2
0000018914,0000009925,1,0000000003,2
0000018915,0000009925,2,0000000369,3
0000018916,0000009926,1,0000000182,3
0000018917,0000009927,1,0000000110,1
0000018918,0000009928,1,0000000101,1
0000018919,0000009929,1,0000000499,1
0000018920,0000009929,2,0000000270,2
0000018921,0000009929,3,0000000368,1
0000018922,0000009929,4,0000000229,4
0000018923,0000009930,1,0000000275,2
0000018924,0000009930,2,0000000155,1
0000018925,0000009931,1,0000000180,1
0000018926,0000009931,2,0000000326,2
0000018927,0000009932,1,0000000125,1
0000018928,0000009933,1,0000000123,1
0000018929,0000009934,1,0000000195,1
0000018930,0000009935,1,0000000326,1
0000018931,0000009935,2,0000000413,1
0000018932,0000009936,1,0000000157,3
0000018933,0000009936,2,0000000383,1
0000018934,0000009937,1,0000000346,1
0000018935,0000009938,1,0000000447,2
0000018936,0000009938,2,0000000425,1
0000018937,0000009939,1,0000000429,1
0000018938,0000009939,2,0000000074,1
0000018939,0000009940,1,0000000304,1
0000018940,0000009941,1,0000000118,1
0000018941,0000009942,1,0000000233,3
0000018942,0000009943,1,0000000459,1
0000018943,0000009943,2,0000000333,3
0000018944,0000009944,1,0000000247,3
0000018945,0000009945,1,0000000167,1
0000018946,0000009946,1,0000000165,1
0000018947,0000009946,2,0000000253,1
0000018948,0000009946,3,0000000033,1
0000018949,0000009946,4,0000000448,1
0000018950,0000009947,1,0000000216,1
0000018951,0000009948,1,0000000170,2
0000018952,0000009948,2,0000000476,1
0000018953,0000009948,3,0000000222,3
0000018954,0000009949,1,0000000390,1
0000018955,0000009949,2,0000000395,1
0000018956,0000009950,1,0000000274,1
0000018957,0000009950,2,0000000145,1
0000018958,0000009951,1,0000000409,2
0000018959,0000009952,1,0000000293,1
0000018960,0000009953,1,0000000218,1
0000018961,0000009953,2,0000000020,2
0000018962,0000009954,1,0000000320,4
0000018963,0000009955,1,0000000278,2
0000018964,0000009956,1,0000000118,1
0000018965,0000009956,2,0000000184,1
0000018966,0000009957,1,0000000235,2
0000018967,0000009957,2,0000000384,1
0000018968,0000009958,1,0000000036,1
0000018969,0000009959,1,0000000451,1
0000018970,0000009959,2,0000000055,1
0000018971,0000009959,3,0000000122,2
0000018972,0000009960,1,0000000111,3
0000018973,0000009961,1,0000000396,2
0000018974,0000009962,1,0000000383,1
0000018975,0000009963,1,0000000057,1
0000018976,0000009964,1,0000000415,1
0000018977,0000009965,1,0000000111,1
0000018978,0000009966,1,0000000180,1
0000018979,0000009967,1,0000000284,1
0000018980,0000009968,1,0000000011,1
0000018981,0000009968,2,0000000009,2
0000018982,0000009968,3,0000000403,1
0000018983,0000009968,4,0000000153,1
0000018984,0000009969,1,0000000253,1
0000018985,0000009969,2,0000000366,2
0000018986,0000009969,3,0000000178,4
0000018987,0000009970,1,0000000338,3
0000018988,0000009971,1,0000000266,1
0000018989,0000009972,1,0000000430,1
0000018990,0000009973,1,0000000381,1
0000018991,0000009974,1,0000000312,1
0000018992,0000009975,1,0000000448,1
0000018993,0000009976,1,0000000098,3
0000018994,0000009976,2,0000000253,1
0000018995,0000009976,3,0000000222,2
0000018996,0000009977,1,0000000068,1
0000018997,0000009978,1,0000000366,3
0000018998,0000009979,1,0000000407,1
0000018999,0000009979,2,0000000494,3
0000019000,0000009980,1,0000000207,1
0000019001,0000009980,2,0000000326,1
0000019002,0000009981,1,0000000379,1
0000019003,0000009982,1,0000000310,2
0000019004,0000009982,2,0000000074,1
0000019005,0000009982,3,0000000165,3
0000019006,0000009982,4,0000000491,1
0000019007,0000009983,1,0000000301,1
0000019008,0000009984,1,0000000346,3
0000019009,0000009985,1,0000000444,1
0000019010,0000009986,1,0000000301,2
0000019011,0000009987,1,0000000329,3
0000019012,0000009987,2,0000000249,1
0000019013,0000009987,3,0000000066,2
0000019014,0000009987,4,0000000456,4
0000019015,0000009988,1,0000000304,1
0000019016,0000009988,2,0000000366,2
0000019017,0000009989,1,0000000012,1
0000019018,0000009990,1,0000000149,1
0000019019,0000009991,1,0000000108,1
0000019020,0000009991,2,0000000128,3
0000019021,0000009992,1,0000000270,2
0000019022,0000009993,1,0000000452,1
0000019023,0000009993,2,0000000266,2
0000019024,0000009994,1,0000000383,1
0000019025,0000009994,2,0000000479,1
0000019026,0000009995,1,0000000455,1
0000019027,0000009996,1,0000000158,1
0000019028,0000009997,1,0000000415,1
0000019029,0000009998,1,0000000422,1
0000019030,0000009998,2,0000000302,1
0000019031,0000009999,1,0000000335,1
0000019032,0000009999,2,0000000333,1
0000019033,0000009999,3,0000000146,3
0000019034,0000009999,4,0000000384,1
0000019035,0000010000,1,0000000500,1
0000019036,0000010001,1,0000000096,1
0000019037,0000010001,2,0000000146,1
0000019038,0000010001,3,0000000070,2
0000019039,0000010002,1,0000000331,1
0000019040,0000010002,2,0000000116,1
0000019041,0000010002,3,0000000401,1
0000019042,0000010002,4,0000000428,3
0000019043,0000010003,1,0000000294,1
0000019044,0000010003,2,0000000494,1
0000019045,0000010004,1,0000000118,1
0000019046,0000010004,2,0000000022,1
0000019047,0000010004,3,0000000163,1
0000019048,0000010005,1,0000000388,1
0000019049,0000010006,1,0000000083,2
0000019050,0000010007,1,0000000474,1
0000019051,0000010007,2,0000000018,1
0000019052,0000010008,1,0000000461,1
0000019053,0000010008,2,0000000388,2
0000019054,0000010009,1,0000000132,2
0000019055,0000010009,2,0000000456,1
0000019056,0000010010,1,0000000433,1
0000019057,0000010011,1,0000000479,2
0000019058,0000010011,2,0000000057,1
0000019059,0000010011,3,0000000038,1
0000019060,0000010011,4,0000000106,1
0000019061,0000010012,1,0000000460,1
0000019062,0000010013,1,0000000182,1
0000019063,0000010013,2,0000000284,1
0000019064,0000010013,3,0000000085,1
0000019065,0000010013,4,0000000371,2
0000019066,0000010014,1,0000000338,1
0000019067,0000010015,1,0000000370,3
0000019068,0000010016,1,0000000187,1
0000019069,0000010016,2,0000000461,1
0000019070,0000010016,3,0000000115,2
0000019071,0000010017,1,0000000329,1
0000019072,0000010017,2,0000000229,3
0000019073,0000010017,3,0000000154,2
0000019074,0000010017,4,0000000482,1
0000019075,0000010018,1,0000000109,1
0000019076,0000010019,1,0000000423,1
0000019077,0000010020,1,0000000466,4
0000019078,0000010020,2,0000000393,1
0000019079,0000010020,3,0000000346,1
0000019080,0000010021,1,0000000188,4
0000019081,0000010021,2,0000000361,2
0000019082,0000010021,3,0000000388,4
0000019083,0000010022,1,0000000484,1
0000019084,0000010023,1,0000000386,1
0000019085,0000010023,2,0000000187,2
0000019086,0000010024,1,0000000187,2
0000019087,0000010025,1,0000000369,2
0000019088,0000010025,2,0000000209,1
0000019089,0000010026,1,0000000318,1
0000019090,0000010027,1,0000000493,1
0000019091,0000010027,2,0000000435,1
0000019092,0000010028,1,0000000092,3
0000019093,0000010029,1,0000000268,1
0000019094,0000010029,2,0000000241,1
0000019095,0000010030,1,0000000395,1
0000019096,0000010031,1,0000000377,1
0000019097,0000010032,1,0000000301,1
0000019098,0000010033,1,0000000054,1
0000019099,0000010034,1,0000000216,4
0000019100,0000010035,1,0000000489,1
0000019101,0000010035,2,0000000192,1
0000019102,0000010035,3,0000000338,1
0000019103,0000010036,1,0000000242,4
0000019104,0000010037,1,0000000401,1
0000019105,0000010037,2,0000000172,2
0000019106,0000010037,3,0000000451,1
0000019107,0000010037,4,0000000171,2
0000019108,0000010037,5,0000000124,1
0000019109,0000010038,1,0000000263,3
0000019110,0000010038,2,0000000371,4
0000019111,0000010038,3,0000000198,2
0000019112,0000010038,4,0000000415,1
0000019113,0000010038,5,0000000209,1
0000019114,0000010039,1,0000000488,4
0000019115,0000010040,1,0000000293,1
0000019116,0000010040,2,0000000419,2
0000019117,0000010040,3,0000000259,1
0000019118,0000010041,1,0000000444,1
0000019119,0000010042,1,0000000143,1
0000019120,0000010043,1,0000000294,2
0000019121,0000010044,1,0000000263,1
0000019122,0000010044,2,0000000383,2
0000019123,0000010044,3,0000000340,1
0000019124,0000010045,1,0000000408,1
0000019125,0000010045,2,0000000034,1
0000019126,0000010045,3,0000000168,2
0000019127,0000010046,1,0000000245,1
0000019128,0000010047,1,0000000268,1
0000019129,0000010047,2,0000000206,3
0000019130,0000010047,3,0000000447,2
0000019131,0000010048,1,0000000168,2
0000019132,0000010048,2,0000000191,1
0000019133,0000010049,1,0000000178,1
0000019134,0000010050,1,0000000313,2
0000019135,0000010050,2,0000000391,2
0000019136,0000010051,1,0000000028,3
0000019137,0000010052,1,0000000269,2
0000019138,0000010053,1,0000000140,1
0000019139,0000010054,1,0000000193,1
0000019140,0000010055,1,0000000255,1
0000019141,0000010056,1,0000000494,1
0000019142,0000010056,2,0000000163,1
0000019143,0000010056,3,0000000301,1
0000019144,0000010056,4,0000000464,1
0000019145,0000010057,1,0000000208,1
0000019146,0000010058,1,0000000274,1
0000019147,0000010058,2,0000000425,1
0000019148,0000010059,1,0000000270,1
0000019149,0000010059,2,0000000457,1
0000019150,0000010059,3,0000000406,1
0000019151,0000010059,4,0000000318,2
0000019152,0000010060,1,0000000141,1
0000019153,0000010060,2,0000000286,1
0000019154,0000010060,3,0000000457,2
0000019155,0000010060,4,0000000075,2
0000019156,0000010061,1,0000000376,1
0000019157,0000010061,2,0000000434,4
0000019158,0000010061,3,0000000375,1
0000019159,0000010061,4,0000000193,3
0000019160,0000010061,5,0000000024,1
0000019161,0000010062,1,0000000232,1
0000019162,0000010063,1,0000000302,2
0000019163,0000010063,2,0000000441,1
0000019164,0000010064,1,0000000246,2
0000019165,0000010065,1,0000000309,3
0000019166,0000010066,1,0000000069,1
0000019167,0000010066,2,0000000021,1
0000019168,0000010066,3,0000000194,1
0000019169,0000010067,1,0000000441,1
0000019170,0000010067,2,0000000015,1
0000019171,0000010068,1,0000000069,1
0000019172,0000010069,1,0000000442,4
0000019173,0000010070,1,0000000473,1
0000019174,0000010070,2,0000000187,1
0000019175,0000010071,1,0000000073,1
0000019176,0000010071,2,0000000462,1
0000019177,0000010072,1,0000000155,1
0000019178,0000010072,2,0000000468,1
0000019179,0000010072,3,0000000442,1
0000019180,0000010073,1,0000000308,1
0000019181,0000010073,2,0000000162,1
0000019182,0000010074,1,0000000163,1
0000019183,0000010075,1,0000000242,2
0000019184,0000010075,2,0000000432,2
0000019185,0000010075,3,0000000488,1
0000019186,0000010076,1,0000000148,1
0000019187,0000010077,1,0000000461,2
0000019188,0000010077,2,0000000101,1
0000019189,0000010077,3,0000000407,1
0000019190,0000010078,1,0000000215,1
0000019191,0000010078,2,0000000263,1
0000019192,0000010078,3,0000000470,3
0000019193,0000010078,4,0000000465,1
0000019194,0000010079,1,0000000027,1
0000019195,0000010079,2,0000000095,3
0000019196,0000010080,1,0000000029,1
0000019197,0000010080,2,0000000092,2
0000019198,0000010081,1,0000000015,2
0000019199,0000010081,2,0000000403,1
0000019200,0000010081,3,0000000349,1
0000019201,0000010082,1,0000000184,1
0000019202,0000010082,2,0000000258,1
0000019203,0000010082,3,0000000402,1
0000019204,0000010082,4,0000000174,1
0000019205,0000010082,5,0000000445,1
0000019206,0000010083,1,0000000184,3
0000019207,0000010084,1,0000000213,1
0000019208,0000010085,1,0000000008,1
0000019209,0000010085,2,0000000001,1
0000019210,0000010086,1,0000000251,1
0000019211,0000010087,1,0000000323,2
0000019212,0000010087,2,0000000499,2
0000019213,0000010087,3,0000000046,1
0000019214,0000010088,1,0000000019,1
0000019215,0000010088,2,0000000109,3
0000019216,0000010089,1,0000000183,1
0000019217,0000010090,1,0000000411,2
0000019218,0000010090,2,0000000263,2
0000019219,0000010091,1,0000000250,1
0000019220,0000010092,1,0000000219,1
0000019221,0000010093,1,0000000459,1
0000019222,0000010093,2,0000000151,1
0000019223,0000010094,1,0000000176,3
0000019224,0000010094,2,0000000418,1
0000019225,0000010095,1,0000000162,1
0000019226,0000010095,2,0000000131,2
0000019227,0000010095,3,0000000200,1
0000019228,0000010096,1,0000000175,2
0000019229,0000010096,2,0000000382,1
0000019230,0000010096,3,0000000484,1
0000019231,0000010097,1,0000000440,1
0000019232,0000010098,1,0000000117,1
0000019233,0000010099,1,0000000450,1
0000019234,0000010100,1,0000000036,4
0000019235,0000010101,1,0000000354,1
0000019236,0000010101,2,0000000200,1
0000019237,0000010101,3,0000000045,1
0000019238,0000010101,4,0000000402,1
0000019239,0000010102,1,0000000070,2
0000019240,0000010102,2,0000000202,1
0000019241,0000010102,3,0000000055,4
0000019242,0000010102,4,0000000014,1
0000019243,0000010102,5,0000000232,1
0000019244,0000010103,1,0000000472,2
0000019245,0000010104,1,0000000404,1
0000019246,0000010105,1,0000000193,1
0000019247,0000010106,1,0000000179,1
0000019248,0000010106,2,0000000497,2
0000019249,0000010107,1,0000000241,1
0000019250,0000010108,1,0000000196,1
0000019251,0000010108,2,0000000434,1
0000019252,0000010109,1,0000000153,1
0000019253,0000010109,2,0000000427,1
0000019254,0000010110,1,0000000321,1
0000019255,0000010110,2,0000000042,3
0000019256,0000010111,1,0000000351,3
0000019257,0000010111,2,0000000086,1
0000019258,0000010111,3,0000000491,1
0000019259,0000010111,4,0000000122,1
0000019260,0000010111,5,0000000065,1
0000019261,0000010112,1,0000000062,1
0000019262,0000010112,2,0000000459,1
0000019263,0000010113,1,0000000234,2
0000019264,0000010114,1,0000000246,1
0000019265,0000010115,1,0000000213,4
0000019266,0000010115,2,0000000062,1
0000019267,0000010115,3,0000000325,1
0000019268,0000010116,1,0000000429,2
0000019269,0000010116,2,0000000296,1
0000019270,0000010117,1,0000000020,4
0000019271,0000010118,1,0000000119,1
0000019272,0000010119,1,0000000077,1
0000019273,0000010120,1,0000000313,1
0000019274,0000010121,1,0000000467,2
0000019275,0000010122,1,0000000284,1
0000019276,0000010122,2,0000000184,1
0000019277,0000010122,3,0000000015,1
0000019278,0000010123,1,0000000438,1
0000019279,0000010124,1,0000000404,1
0000019280,0000010125,1,0000000244,2
0000019281,0000010125,2,0000000085,1
0000019282,0000010125,3,0000000265,4
0000019283,0000010125,4,0000000295,3
0000019284,0000010126,1,0000000478,3
0000019285,0000010126,2,0000000476,1
0000019286,0000010126,3,0000000009,1
0000019287,0000010127,1,0000000164,4
0000019288,0000010128,1,0000000120,1
0000019289,0000010129,1,0000000315,1
0000019290,0000010130,1,0000000494,1
0000019291,0000010131,1,0000000177,1
0000019292,0000010132,1,0000000174,3
0000019293,0000010132,2,0000000423,4
0000019294,0000010133,1,0000000298,2
0000019295,0000010134,1,0000000391,1
0000019296,0000010135,1,0000000271,1
0000019297,0000010135,2,0000000346,1
0000019298,0000010136,1,0000000401,2
0000019299,0000010136,2,0000000445,1
0000019300,0000010137,1,0000000117,1
0000019301,0000010138,1,0000000264,1
0000019302,0000010139,1,0000000050,1
0000019303,0000010139,2,0000000422,3
0000019304,0000010140,1,0000000275,3
0000019305,0000010141,1,0000000012,3
0000019306,0000010142,1,0000000283,2
0000019307,0000010143,1,0000000129,1
0000019308,0000010144,1,0000000319,1
0000019309,0000010144,2,0000000482,1
0000019310,0000010145,1,0000000492,2
0000019311,0000010146,1,0000000408,1
0000019312,0000010147,1,0000000224,1
0000019313,0000010148,1,0000000249,3
0000019314,0000010149,1,0000000247,1
0000019315,0000010150,1,0000000411,1
0000019316,0000010151,1,0000000477,2
0000019317,0000010152,1,0000000134,1
0000019318,0000010152,2,0000000389,1
0000019319,0000010152,3,0000000094,1
0000019320,0000010153,1,0000000203,1
0000019321,0000010154,1,0000000267,1
0000019322,0000010155,1,0000000296,1
0000019323,0000010155,2,0000000425,4
0000019324,0000010155,3,0000000089,1
0000019325,0000010156,1,0000000397,1
0000019326,0000010156,2,0000000452,1
0000019327,0000010156,3,0000000287,1
0000019328,0000010156,4,0000000186,1
0000019329,0000010156,5,0000000102,1
0000019330,0000010157,1,0000000381,2
0000019331,0000010158,1,0000000300,2
0000019332,0000010158,2,0000000108,1
0000019333,0000010159,1,0000000342,1
0000019334,0000010160,1,0000000176,1
0000019335,0000010161,1,0000000413,1
0000019336,0000010162,1,0000000141,1
0000019337,0000010162,2,0000000010,1
0000019338,0000010163,1,0000000484,1
0000019339,0000010163,2,0000000228,4
0000019340,0000010163,3,0000000230,1
0000019341,0000010164,1,0000000097,4
0000019342,0000010165,1,0000000291,1
0000019343,0000010166,1,0000000428,1
0000019344,0000010166,2,0000000089,1
0000019345,0000010166,3,0000000005,1
0000019346,0000010167,1,0000000475,1
0000019347,0000010168,1,0000000103,2
0000019348,0000010168,2,0000000080,1
0000019349,0000010168,3,0000000336,1
0000019350,0000010168,4,0000000235,1
0000019351,0000010169,1,0000000145,1
0000019352,0000010169,2,0000000368,1
0000019353,0000010169,3,0000000491,1
0000019354,0000010169,4,0000000435,1
0000019355,0000010170,1,0000000082,1
0000019356,0000010170,2,0000000434,2
0000019357,0000010171,1,0000000193,1
0000019358,0000010171,2,0000000166,1
0000019359,0000010171,3,0000000468,3
0000019360,0000010171,4,0000000433,4
0000019361,0000010172,1,0000000185,1
0000019362,0000010173,1,0000000020,1
0000019363,0000010173,2,0000000361,1
0000019364,0000010173,3,0000000289,3
0000019365,0000010173,4,0000000212,1
0000019366,0000010174,1,0000000365,1
0000019367,0000010175,1,0000000242,1
0000019368,0000010176,1,0000000230,3
0000019369,0000010176,2,0000000350,1
0000019370,0000010176,3,0000000189,2
0000019371,0000010177,1,0000000109,4
0000019372,0000010178,1,0000000106,3
0000019373,0000010179,1,0000000346,1
0000019374,0000010179,2,0000000491,2
0000019375,0000010180,1,0000000149,1
0000019376,0000010181,1,0000000388,1
0000019377,0000010181,2,0000000303,3
0000019378,0000010182,1,0000000243,2
0000019379,0000010183,1,0000000082,2
0000019380,0000010184,1,0000000307,3
0000019381,0000010184,2,0000000018,1
0000019382,0000010184,3,0000000013,1
0000019383,0000010184,4,0000000333,1
0000019384,0000010184,5,0000000435,1
0000019385,0000010185,1,0000000411,1
0000019386,0000010186,1,0000000277,1
0000019387,0000010186,2,0000000151,3
0000019388,0000010186,3,0000000029,1
0000019389,0000010187,1,0000000420,1
0000019390,0000010187,2,0000000051,1
0000019391,0000010188,1,0000000012,1
0000019392,0000010188,2,0000000358,1
0000019393,0000010189,1,0000000331,1
0000019394,0000010190,1,0000000214,1
0000019395,0000010191,1,0000000099,1
0000019396,0000010192,1,0000000082,3
0000019397,0000010192,2,0000000328,1
0000019398,0000010193,1,0000000353,1
0000019399,0000010193,2,0000000381,1
0000019400,0000010194,1,0000000477,1
0000019401,0000010195,1,0000000210,1
0000019402,0000010195,2,0000000014,1
0000019403,0000010195,3,0000000192,1
0000019404,0000010196,1,0000000265,1
0000019405,0000010197,1,0000000161,3
0000019406,0000010198,1,0000000425,3
0000019407,0000010199,1,0000000107,1
0000019408,0000010200,1,0000000289,2
0000019409,0000010200,2,0000000284,1
0000019410,0000010200,3,0000000039,2
0000019411,0000010201,1,0000000440,2
0000019412,0000010201,2,0000000296,1
0000019413,0000010201,3,0000000241,1
0000019414,0000010201,4,0000000081,1
0000019415,0000010202,1,0000000078,3
0000019416,0000010202,2,0000000119,1
0000019417,0000010203,1,0000000442,1
0000019418,0000010204,1,0000000244,1
0000019419,0000010204,2,0000000482,1
0000019420,0000010204,3,0000000085,2
0000019421,0000010204,4,0000000454,1
0000019422,0000010204,5,0000000462,1
0000019423,0000010205,1,0000000157,1
0000019424,0000010206,1,0000000454,1
0000019425,0000010206,2,0000000205,2
0000019426,0000010207,1,0000000163,1
0000019427,0000010208,1,0000000127,3
0000019428,0000010208,2,0000000166,1
0000019429,0000010209,1,0000000135,1
0000019430,0000010210,1,0000000253,1
0000019431,0000010211,1,0000000371,1
0000019432,0000010211,2,0000000443,1
0000019433,0000010212,1,0000000035,1
0000019434,0000010213,1,0000000288,1
0000019435,0000010213,2,0000000445,1
0000019436,0000010213,3,0000000166,1
0000019437,0000010213,4,0000000361,1
0000019438,0000010214,1,0000000336,3
0000019439,0000010215,1,0000000239,1
0000019440,0000010215,2,0000000187,2
0000019441,0000010216,1,0000000457,1
0000019442,0000010216,2,0000000169,1
0000019443,0000010217,1,0000000342,2
0000019444,0000010217,2,0000000030,3
0000019445,0000010217,3,0000000324,1
0000019446,0000010218,1,0000000014,2
0000019447,0000010218,2,0000000084,1
0000019448,0000010219,1,0000000463,2
0000019449,0000010220,1,0000000353,1
0000019450,0000010221,1,0000000435,1
0000019451,0000010222,1,0000000253,1
0000019452,0000010222,2,0000000320,1
0000019453,0000010223,1,0000000315,3
0000019454,0000010224,1,0000000484,1
0000019455,0000010224,2,0000000308,1
0000019456,0000010224,3,0000000445,2
0000019457,0000010224,4,0000000125,1
0000019458,0000010225,1,0000000299,1
0000019459,0000010226,1,0000000123,1
0000019460,0000010226,2,0000000087,1
0000019461,0000010227,1,0000000219,1
0000019462,0000010227,2,0000000080,1
0000019463,0000010228,1,0000000310,1
0000019464,0000010228,2,0000000036,1
0000019465,0000010229,1,0000000044,1
0000019466,0000010230,1,0000000361,1
0000019467,0000010230,2,0000000179,1
0000019468,0000010230,3,0000000234,1
0000019469,0000010231,1,0000000435,1
0000019470,0000010231,2,0000000044,1
0000019471,0000010232,1,0000000173,2
0000019472,0000010233,1,0000000368,1
0000019473,0000010233,2,0000000004,3
0000019474,0000010233,3,0000000461,2
0000019475,0000010233,4,0000000110,1
0000019476,0000010234,1,0000000187,1
0000019477,0000010234,2,0000000206,2
0000019478,0000010234,3,0000000424,1
0000019479,0000010234,4,0000000360,1
0000019480,0000010235,1,0000000167,1
0000019481,0000010236,1,0000000188,1
0000019482,0000010237,1,0000000400,2
0000019483,0000010237,2,0000000398,3
0000019484,0000010238,1,0000000042,2
0000019485,0000010239,1,0000000171,4
0000019486,0000010239,2,0000000035,1
0000019487,0000010239,3,0000000306,1
0000019488,0000010239,4,0000000144,1
0000019489,0000010240,1,0000000412,1
0000019490,0000010240,2,0000000201,1
0000019491,0000010241,1,0000000311,1
0000019492,0000010242,1,0000000365,2
0000019493,0000010242,2,0000000391,1
0000019494,0000010242,3,0000000475,2
0000019495,0000010243,1,0000000090,2
0000019496,0000010243,2,0000000008,1
0000019497,0000010243,3,0000000104,1
0000019498,0000010243,4,0000000363,1
0000019499,0000010244,1,0000000461,1
0000019500,0000010244,2,0000000241,1
0000019501,0000010245,1,0000000172,3
0000019502,0000010245,2,0000000324,1
0000019503,0000010245,3,0000000325,3
0000019504,0000010246,1,0000000129,1
0000019505,0000010246,2,0000000380,1
0000019506,0000010246,3,0000000091,3
0000019507,0000010247,1,0000000400,1
0000019508,0000010248,1,0000000267,1
0000019509,0000010248,2,0000000178,1
0000019510,0000010248,3,0000000392,1
0000019511,0000010248,4,0000000069,1
0000019512,0000010249,1,0000000263,1
0000019513,0000010250,1,0000000433,1
0000019514,0000010251,1,0000000263,1
0000019515,0000010252,1,0000000113,2
0000019516,0000010253,1,0000000267,1
0000019517,0000010253,2,0000000142,2
0000019518,0000010253,3,0000000375,1
0000019519,0000010253,4,0000000094,1
0000019520,0000010254,1,0000000277,1
0000019521,0000010255,1,0000000075,1
0000019522,0000010256,1,0000000015,1
0000019523,0000010257,1,0000000494,1
0000019524,0000010257,2,0000000474,1
0000019525,0000010257,3,0000000320,3
0000019526,0000010257,4,0000000141,1
0000019527,0000010258,1,0000000122,1
0000019528,0000010259,1,0000000095,1
0000019529,0000010260,1,0000000272,1
0000019530,0000010261,1,0000000169,1
0000019531,0000010262,1,0000000404,1
0000019532,0000010262,2,0000000033,2
0000019533,0000010262,3,0000000400,1
0000019534,0000010262,4,0000000433,2
0000019535,0000010262,5,0000000311,1
0000019536,0000010263,1,0000000212,1
0000019537,0000010263,2,0000000338,1
0000019538,0000010264,1,0000000253,3
0000019539,0000010265,1,0000000429,1
0000019540,0000010265,2,0000000391,1
0000019541,0000010266,1,0000000094,1
0000019542,0000010266,2,0000000301,1
0000019543,0000010267,1,0000000309,4
0000019544,0000010268,1,0000000056,1
0000019545,0000010268,2,0000000486,1
0000019546,0000010269,1,0000000233,1
0000019547,0000010270,1,0000000282,1
0000019548,0000010270,2,0000000420,1
0000019549,0000010270,3,0000000225,1
0000019550,0000010271,1,0000000366,1
0000019551,0000010271,2,0000000104,1
0000019552,0000010272,1,0000000308,1
0000019553,0000010273,1,0000000432,1
0000019554,0000010274,1,0000000161,1
0000019555,0000010274,2,0000000419,1
0000019556,0000010274,3,0000000430,3
0000019557,0000010275,1,0000000347,2
0000019558,0000010276,1,0000000067,1
0000019559,0000010277,1,0000000224,1
0000019560,0000010278,1,0000000468,1
0000019561,0000010279,1,0000000442,3
0000019562,0000010280,1,0000000311,1
0000019563,0000010281,1,0000000156,1
0000019564,0000010281,2,0000000494,1
0000019565,0000010282,1,0000000119,1
0000019566,0000010282,2,0000000050,2
0000019567,0000010282,3,0000000149,1
0000019568,0000010282,4,0000000318,1
0000019569,0000010283,1,0000000323,1
0000019570,0000010284,1,0000000282,1
0000019571,0000010284,2,0000000447,1
0000019572,0000010284,3,0000000078,2
0000019573,0000010284,4,0000000291,1
0000019574,0000010285,1,0000000003,1
0000019575,0000010285,2,0000000456,1
0000019576,0000010285,3,0000000348,3
0000019577,0000010286,1,0000000324,1
0000019578,0000010287,1,0000000249,1
0000019579,0000010287,2,0000000352,1
0000019580,0000010287,3,0000000162,2
0000019581,0000010288,1,0000000015,1
0000019582,0000010288,2,0000000165,4
0000019583,0000010289,1,0000000011,1
0000019584,0000010289,2,0000000149,1
0000019585,0000010290,1,0000000122,1
0000019586,0000010291,1,0000000068,1
0000019587,0000010292,1,0000000444,1
0000019588,0000010293,1,0000000450,1
0000019589,0000010293,2,0000000138,2
0000019590,0000010293,3,0000000018,1
0000019591,0000010294,1,0000000417,2
0000019592,0000010295,1,0000000121,2
0000019593,0000010296,1,0000000186,1
0000019594,0000010297,1,0000000036,1
0000019595,0000010298,1,0000000092,1
0000019596,0000010298,2,0000000283,1
0000019597,0000010299,1,0000000078,1
0000019598,0000010299,2,0000000260,2
0000019599,0000010299,3,0000000067,1
0000019600,0000010299,4,0000000289,1
0000019601,0000010299,5,0000000149,1
0000019602,0000010300,1,0000000159,3
0000019603,0000010300,2,0000000450,2
0000019604,0000010301,1,0000000053,1
0000019605,0000010302,1,0000000401,1
0000019606,0000010303,1,0000000387,1
0000019607,0000010303,2,0000000103,1
0000019608,0000010303,3,0000000462,1
0000019609,0000010304,1,0000000055,1
0000019610,0000010304,2,0000000188,2
0000019611,0000010304,3,0000000245,1
0000019612,0000010304,4,0000000342,2
0000019613,0000010305,1,0000000007,1
0000019614,0000010305,2,0000000214,4
0000019615,0000010306,1,0000000052,1
0000019616,0000010306,2,0000000492,1
0000019617,0000010307,1,0000000220,2
0000019618,0000010308,1,0000000320,1
0000019619,0000010309,1,0000000059,1
0000019620,0000010310,1,0000000052,3
0000019621,0000010310,2,0000000153,1
0000019622,0000010311,1,0000000089,1
0000019623,0000010311,2,0000000182,1
0000019624,0000010312,1,0000000346,1
0000019625,0000010313,1,0000000461,1
0000019626,0000010314,1,0000000358,1
0000019627,0000010315,1,0000000044,1
0000019628,0000010315,2,0000000345,1
0000019629,0000010315,3,0000000322,1
0000019630,0000010315,4,0000000260,1
0000019631,0000010316,1,0000000120,3
0000019632,0000010317,1,0000000118,2
0000019633,0000010317,2,0000000227,3
0000019634,0000010318,1,0000000081,2
0000019635,0000010318,2,0000000067,1
0000019636,0000010318,3,0000000367,1
0000019637,0000010318,4,0000000052,1
0000019638,0000010318,5,0000000080,2
0000019639,0000010319,1,0000000143,3
0000019640,0000010319,2,0000000077,2
0000019641,0000010319,3,0000000377,1
0000019642,0000010320,1,0000000468,1
0000019643,0000010321,1,0000000085,3
0000019644,0000010322,1,0000000210,4
0000019645,0000010322,2,0000000379,1
0000019646,0000010322,3,0000000479,1
0000019647,0000010323,1,0000000443,2
0000019648,0000010323,2,0000000245,1
0000019649,0000010324,1,0000000069,4
0000019650,0000010325,1,0000000268,2
0000019651,0000010325,2,0000000417,2
0000019652,0000010326,1,0000000360,1
0000019653,0000010326,2,0000000373,1
0000019654,0000010326,3,0000000319,2
0000019655,0000010326,4,0000000211,2
0000019656,0000010327,1,0000000138,1
0000019657,0000010328,1,0000000302,1
0000019658,0000010328,2,0000000037,1
0000019659,0000010328,3,0000000415,1
0000019660,0000010328,4,0000000498,1
0000019661,0000010329,1,0000000170,2
0000019662,0000010330,1,0000000096,3
0000019663,0000010331,1,0000000325,1
0000019664,0000010331,2,0000000361,1
0000019665,0000010332,1,0000000398,1
0000019666,0000010333,1,0000000488,4
0000019667,0000010333,2,0000000300,1
0000019668,0000010333,3,0000000387,3
0000019669,0000010333,4,0000000244,1
0000019670,0000010334,1,0000000200,1
0000019671,0000010334,2,0000000316,1
0000019672,0000010334,3,0000000231,2
0000019673,0000010335,1,0000000201,1
0000019674,0000010336,1,0000000295,1
0000019675,0000010337,1,0000000142,1
0000019676,0000010338,1,0000000500,1
0000019677,0000010338,2,0000000372,1
0000019678,0000010338,3,0000000061,1
0000019679,0000010339,1,0000000471,1
0000019680,0000010339,2,0000000308,1
0000019681,0000010339,3,0000000283,1
0000019682,0000010340,1,0000000373,1
0000019683,0000010340,2,0000000224,2
0000019684,0000010341,1,0000000163,2
0000019685,0000010342,1,0000000386,1
0000019686,0000010342,2,0000000228,1
0000019687,0000010342,3,0000000036,1
0000019688,0000010343,1,0000000161,1
0000019689,0000010343,2,0000000076,1
0000019690,0000010344,1,0000000453,3
0000019691,0000010344,2,0000000326,4
0000019692,0000010344,3,0000000299,2
0000019693,0000010345,1,0000000417,3
0000019694,0000010346,1,0000000192,1
0000019695,0000010346,2,0000000138,1
0000019696,0000010346,3,0000000340,1
0000019697,0000010346,4,0000000240,1
0000019698,0000010346,5,0000000214,1
0000019699,0000010347,1,0000000310,1
0000019700,0000010348,1,0000000349,1
0000019701,0000010349,1,0000000059,1
0000019702,0000010349,2,0000000018,3
0000019703,0000010349,3,0000000361,2
0000019704,0000010350,1,0000000213,2
0000019705,0000010351,1,0000000057,2
0000019706,0000010351,2,0000000120,1
0000019707,0000010352,1,0000000018,1
0000019708,0000010353,1,0000000403,1
0000019709,0000010353,2,0000000384,1
0000019710,0000010354,1,0000000469,1
0000019711,0000010354,2,0000000410,1
0000019712,0000010354,3,0000000048,1
0000019713,0000010355,1,0000000124,1
0000019714,0000010356,1,0000000274,1
0000019715,0000010356,2,0000000250,1
0000019716,0000010356,3,0000000409,1
0000019717,0000010356,4,0000000290,1
0000019718,0000010356,5,0000000212,1
0000019719,0000010357,1,0000000077,1
0000019720,0000010357,2,0000000436,1
0000019721,0000010358,1,0000000054,3
0000019722,0000010359,1,0000000246,1
0000019723,0000010360,1,0000000449,1
0000019724,0000010360,2,0000000474,3
0000019725,0000010360,3,0000000226,3
0000019726,0000010361,1,0000000095,1
0000019727,0000010361,2,0000000120,2
0000019728,0000010361,3,0000000093,1
0000019729,0000010362,1,0000000018,1
0000019730,0000010363,1,0000000158,2
0000019731,0000010363,2,0000000496,2
0000019732,0000010364,1,0000000423,1
0000019733,0000010365,1,0000000203,2
0000019734,0000010366,1,0000000114,1
0000019735,0000010367,1,0000000087,1
0000019736,0000010368,1,0000000021,1
0000019737,0000010368,2,0000000189,2
0000019738,0000010368,3,0000000347,1
0000019739,0000010368,4,0000000334,4
0000019740,0000010369,1,0000000351,1
0000019741,0000010369,2,0000000292,3
0000019742,0000010370,1,0000000091,1
0000019743,0000010370,2,0000000170,1
0000019744,0000010370,3,0000000119,2
0000019745,0000010370,4,0000000455,1
0000019746,0000010370,5,0000000168,1
0000019747,0000010371,1,0000000044,4
0000019748,0000010372,1,0000000264,1
0000019749,0000010372,2,0000000186,1
0000019750,0000010373,1,0000000035,1
0000019751,0000010373,2,0000000342,1
0000019752,0000010374,1,0000000446,1
0000019753,0000010374,2,0000000409,1
0000019754,0000010375,1,0000000311,1
0000019755,0000010375,2,0000000450,2
0000019756,0000010375,3,0000000170,1
0000019757,0000010376,1,0000000279,1
0000019758,0000010376,2,0000000186,2
0000019759,0000010376,3,0000000422,3
0000019760,0000010376,4,0000000355,1
0000019761,0000010376,5,0000000339,1
0000019762,0000010377,1,0000000380,1
0000019763,0000010377,2,0000000204,1
0000019764,0000010378,1,0000000340,3
0000019765,0000010378,2,0000000454,1
0000019766,0000010378,3,0000000055,1
0000019767,0000010378,4,0000000036,2
0000019768,0000010378,5,0000000447,1
0000019769,0000010379,1,0000000372,1
0000019770,0000010380,1,0000000073,1
0000019771,0000010380,2,0000000153,2
0000019772,0000010381,1,0000000377,1
0000019773,0000010382,1,0000000473,1
0000019774,0000010383,1,0000000383,1
0000019775,0000010384,1,0000000449,1
0000019776,0000010385,1,0000000236,1
0000019777,0000010385,2,0000000118,1
0000019778,0000010386,1,0000000152,1
0000019779,0000010386,2,0000000303,1
0000019780,0000010387,1,0000000193,1
0000019781,0000010387,2,0000000183,2
0000019782,0000010387,3,0000000066,2
0000019783,0000010387,4,0000000496,2
0000019784,0000010387,5,0000000156,2
0000019785,0000010388,1,0000000270,3
0000019786,0000010389,1,0000000312,1
0000019787,0000010390,1,0000000046,2
0000019788,0000010391,1,0000000499,2
0000019789,0000010392,1,0000000304,1
0000019790,0000010393,1,0000000331,1
0000019791,0000010393,2,0000000017,1
0000019792,0000010393,3,0000000148,1
0000019793,0000010394,1,0000000412,1
0000019794,0000010394,2,0000000432,1
0000019795,0000010394,3,0000000061,2
0000019796,0000010394,4,0000000500,1
0000019797,0000010395,1,0000000383,1
0000019798,0000010395,2,0000000210,1
0000019799,0000010395,3,0000000009,2
0000019800,0000010396,1,0000000370,1
0000019801,0000010397,1,0000000375,1
0000019802,0000010398,1,0000000416,1
0000019803,0000010399,1,0000000131,1
0000019804,0000010399,2,0000000444,1
0000019805,0000010400,1,0000000393,1
0000019806,0000010400,2,0000000138,1
0000019807,0000010401,1,0000000021,2
0000019808,0000010401,2,0000000241,3
0000019809,0000010401,3,0000000401,1
0000019810,0000010402,1,0000000230,3
0000019811,0000010402,2,0000000237,1
0000019812,0000010403,1,0000000227,4
0000019813,0000010404,1,0000000228,3
0000019814,0000010404,2,0000000453,1
0000019815,0000010404,3,0000000313,1
0000019816,0000010404,4,0000000335,3
0000019817,0000010405,1,0000000196,1
0000019818,0000010405,2,0000000341,1
0000019819,0000010405,3,0000000324,1
0000019820,0000010406,1,0000000112,1
0000019821,0000010407,1,0000000339,1
0000019822,0000010408,1,0000000372,2
0000019823,0000010408,2,0000000473,1
0000019824,0000010409,1,0000000405,2
0000019825,0000010410,1,0000000371,1
0000019826,0000010411,1,0000000428,1
0000019827,0000010411,2,0000000180,1
0000019828,0000010412,1,0000000495,1
0000019829,0000010413,1,0000000033,2
0000019830,0000010414,1,0000000280,1
0000019831,0000010414,2,0000000190,1
0000019832,0000010415,1,0000000202,1
0000019833,0000010415,2,0000000028,1
0000019834,0000010416,1,0000000045,1
0000019835,0000010416,2,0000000120,1
0000019836,0000010416,3,0000000412,1
0000019837,0000010417,1,0000000180,2
0000019838,0000010417,2,0000000025,1
0000019839,0000010418,1,0000000424,1
0000019840,0000010418,2,0000000449,1
0000019841,0000010418,3,0000000306,1
0000019842,0000010419,1,0000000083,1
0000019843,0000010419,2,0000000437,1
0000019844,0000010420,1,0000000119,1
0000019845,0000010421,1,0000000011,4
0000019846,0000010422,1,0000000102,1
0000019847,0000010422,2,0000000172,2
0000019848,0000010422,3,0000000343,1
0000019849,0000010423,1,0000000274,1
0000019850,0000010423,2,0000000161,1
0000019851,0000010423,3,0000000035,2
0000019852,0000010424,1,0000000022,1
0000019853,0000010424,2,0000000499,1
0000019854,0000010425,1,0000000258,1
0000019855,0000010426,1,0000000162,1
0000019856,0000010426,2,0000000154,1
0000019857,0000010426,3,0000000182,3
0000019858,0000010426,4,0000000482,1
0000019859,0000010426,5,0000000094,1
0000019860,0000010427,1,0000000080,1
0000019861,0000010427,2,0000000212,1
0000019862,0000010428,1,0000000267,1
0000019863,0000010429,1,0000000104,1
0000019864,0000010429,2,0000000200,2
0000019865,0000010429,3,0000000063,2
0000019866,0000010429,4,0000000218,1
0000019867,0000010429,5,0000000233,1
0000019868,0000010430,1,0000000197,2
0000019869,0000010431,1,0000000435,1
0000019870,0000010432,1,0000000204,4
0000019871,0000010433,1,0000000305,1
0000019872,0000010434,1,0000000425,1
0000019873,0000010434,2,0000000495,1
0000019874,0000010434,3,0000000427,2
0000019875,0000010435,1,0000000272,1
0000019876,0000010435,2,0000000208,1
0000019877,0000010435,3,0000000376,4
0000019878,0000010435,4,0000000210,1
0000019879,0000010435,5,0000000242,2
0000019880,0000010436,1,0000000339,3
0000019881,0000010437,1,0000000384,1
0000019882,0000010438,1,0000000012,1
0000019883,0000010438,2,0000000216,1
0000019884,0000010439,1,0000000146,1
0000019885,0000010439,2,0000000300,1
0000019886,0000010439,3,0000000279,1
0000019887,0000010440,1,0000000172,1
0000019888,0000010441,1,0000000391,1
0000019889,0000010442,1,0000000207,1
0000019890,0000010442,2,0000000250,1
0000019891,0000010442,3,0000000261,1
0000019892,0000010443,1,0000000324,1
0000019893,0000010444,1,0000000209,2
0000019894,0000010445,1,0000000179,1
0000019895,0000010446,1,0000000159,3
0000019896,0000010446,2,0000000383,1
0000019897,0000010446,3,0000000477,1
0000019898,0000010447,1,0000000486,1
0000019899,0000010447,2,0000000237,1
0000019900,0000010447,3,0000000028,1
0000019901,0000010447,4,0000000485,3
0000019902,0000010448,1,0000000077,1
0000019903,0000010449,1,0000000379,1
0000019904,0000010450,1,0000000210,4
0000019905,0000010451,1,0000000184,1
0000019906,0000010451,2,0000000421,2
0000019907,0000010451,3,0000000308,2
0000019908,0000010452,1,0000000062,2
0000019909,0000010452,2,0000000376,1
0000019910,0000010452,3,0000000339,3
0000019911,0000010453,1,0000000277,1
0000019912,0000010453,2,0000000063,4
0000019913,0000010453,3,0000000025,1
0000019914,0000010453,4,0000000300,1
0000019915,0000010454,1,0000000202,1
0000019916,0000010455,1,0000000113,1
0000019917,0000010456,1,0000000158,1
0000019918,0000010456,2,0000000052,1
0000019919,0000010456,3,0000000248,1
0000019920,0000010457,1,0000000142,1
0000019921,0000010458,1,0000000176,3
0000019922,0000010458,2,0000000392,1
0000019923,0000010458,3,0000000281,1
0000019924,0000010459,1,0000000449,4
0000019925,0000010460,1,0000000237,1
0000019926,0000010460,2,0000000488,3
0000019927,0000010461,1,0000000312,1
0000019928,0000010461,2,0000000339,1
0000019929,0000010461,3,0000000221,1
0000019930,0000010461,4,0000000330,3
0000019931,0000010462,1,0000000311,1
0000019932,0000010462,2,0000000105,1
0000019933,0000010462,3,0000000156,1
0000019934,0000010462,4,0000000263,1
0000019935,0000010463,1,0000000379,1
0000019936,0000010463,2,0000000293,1
0000019937,0000010463,3,0000000072,1
0000019938,0000010463,4,0000000296,1
0000019939,0000010464,1,0000000244,1
0000019940,0000010465,1,0000000032,1
0000019941,0000010465,2,0000000182,1
0000019942,0000010465,3,0000000232,1
0000019943,0000010466,1,0000000300,1
0000019944,0000010467,1,0000000200,1
0000019945,0000010468,1,0000000187,1
0000019946,0000010469,1,0000000309,1
0000019947,0000010469,2,0000000362,4
0000019948,0000010470,1,0000000365,1
0000019949,0000010471,1,0000000423,2
0000019950,0000010472,1,0000000492,1
0000019951,0000010472,2,0000000199,1
0000019952,0000010473,1,0000000087,1
0000019953,0000010474,1,0000000023,3
0000019954,0000010475,1,0000000022,1
0000019955,0000010476,1,0000000432,4
0000019956,0000010476,2,0000000166,1
0000019957,0000010476,3,0000000170,2
0000019958,0000010476,4,0000000481,1
0000019959,0000010477,1,0000000377,2
0000019960,0000010478,1,0000000054,1
0000019961,0000010479,1,0000000113,2
0000019962,0000010480,1,0000000256,1
0000019963,0000010481,1,0000000376,2
0000019964,0000010482,1,0000000377,1
0000019965,0000010483,1,0000000468,1
0000019966,0000010484,1,0000000343,1
0000019967,0000010485,1,0000000498,4
0000019968,0000010486,1,0000000065,2
0000019969,0000010486,2,0000000050,1
0000019970,0000010486,3,0000000196,2
0000019971,0000010487,1,0000000327,1
0000019972,0000010487,2,0000000303,1
0000019973,0000010487,3,0000000317,1
0000019974,0000010488,1,0000000355,2
0000019975,0000010489,1,0000000136,2
0000019976,0000010489,2,0000000454,2
0000019977,0000010490,1,0000000100,1
0000019978,0000010491,1,0000000162,1
0000019979,0000010492,1,0000000197,1
0000019980,0000010493,1,0000000267,1
0000019981,0000010493,2,0000000310,1
0000019982,0000010494,1,0000000453,1
0000019983,0000010494,2,0000000463,1
0000019984,0000010495,1,0000000206,1
0000019985,0000010495,2,0000000314,2
0000019986,0000010496,1,0000000306,1
0000019987,0000010497,1,0000000041,1
0000019988,0000010498,1,0000000240,1
0000019989,0000010498,2,0000000348,1
0000019990,0000010499,1,0000000052,1
0000019991,0000010499,2,0000000282,1
0000019992,0000010500,1,0000000062,2
0000019993,0000010501,1,0000000099,1
0000019994,0000010501,2,0000000386,1
0000019995,0000010501,3,0000000497,1
0000019996,0000010502,1,0000000145,1
0000019997,0000010503,1,0000000483,1
0000019998,0000010504,1,0000000424,1
0000019999,0000010504,2,0000000427,1
0000020000,0000010505,1,0000000384,2
0000020001,0000010505,2,0000000071,1
0000020002,0000010505,3,0000000192,1
0000020003,0000010505,4,0000000385,2
0000020004,0000010505,5,0000000026,1
0000020005,0000010506,1,0000000460,1
0000020006,0000010506,2,0000000391,1
0000020007,0000010506,3,0000000351,1
0000020008,0000010506,4,0000000045,1
0000020009,0000010507,1,0000000456,2
0000020010,0000010507,2,0000000205,1
0000020011,0000010507,3,0000000274,1
0000020012,0000010508,1,0000000025,1
0000020013,0000010508,2,0000000049,1
0000020014,0000010509,1,0000000452,1
0000020015,0000010509,2,0000000077,1
0000020016,0000010509,3,0000000086,1
0000020017,0000010510,1,0000000177,1
0000020018,0000010511,1,0000000258,3
0000020019,0000010512,1,0000000481,1
0000020020,0000010512,2,0000000196,3
0000020021,0000010512,3,0000000221,1
0000020022,0000010512,4,0000000489,1
0000020023,0000010513,1,0000000447,1
0000020024,0000010513,2,0000000221,1
0000020025,0000010514,1,0000000292,1
0000020026,0000010515,1,0000000112,4
0000020027,0000010515,2,0000000338,1
0000020028,0000010515,3,0000000192,1
0000020029,0000010516,1,0000000326,1
0000020030,0000010517,1,0000000355,2
0000020031,0000010518,1,0000000121,1
0000020032,0000010519,1,0000000204,1
0000020033,0000010520,1,0000000494,1
0000020034,0000010520,2,0000000407,1
0000020035,0000010521,1,0000000242,2
0000020036,0000010522,1,0000000430,4
0000020037,0000010522,2,0000000179,3
0000020038,0000010523,1,0000000348,1
0000020039,0000010524,1,0000000308,1
0000020040,0000010525,1,0000000480,1
0000020041,0000010525,2,0000000221,1
0000020042,0000010525,3,0000000271,1
0000020043,0000010525,4,0000000139,1
0000020044,0000010526,1,0000000238,1
0000020045,0000010527,1,0000000447,1
0000020046,0000010528,1,0000000248,2
0000020047,0000010528,2,0000000086,1
0000020048,0000010528,3,0000000280,2
0000020049,0000010528,4,0000000344,1
0000020050,0000010529,1,0000000423,1
0000020051,0000010529,2,0000000047,2
0000020052,0000010530,1,0000000309,1
0000020053,0000010531,1,0000000375,1
0000020054,0000010532,1,0000000160,2
0000020055,0000010532,2,0000000417,1
0000020056,0000010532,3,0000000011,1
0000020057,0000010533,1,0000000125,2
0000020058,0000010533,2,0000000195,2
0000020059,0000010533,3,0000000372,1
0000020060,0000010534,1,0000000401,1
0000020061,0000010535,1,0000000419,1
0000020062,0000010535,2,0000000406,1
0000020063,0000010536,1,0000000458,2
0000020064,0000010536,2,0000000158,1
0000020065,0000010536,3,0000000253,1
0000020066,0000010536,4,0000000007,1
0000020067,0000010537,1,0000000291,1
0000020068,0000010538,1,0000000013,1
0000020069,0000010539,1,0000000342,1
0000020070,0000010539,2,0000000245,2
0000020071,0000010540,1,0000000489,1
0000020072,0000010541,1,0000000415,2
0000020073,0000010541,2,0000000155,1
0000020074,0000010541,3,0000000393,1
0000020075,0000010542,1,0000000428,1
0000020076,0000010542,2,0000000369,1
0000020077,0000010542,3,0000000470,2
0000020078,0000010543,1,0000000019,1
0000020079,0000010543,2,0000000097,1
0000020080,0000010544,1,0000000199,1
0000020081,0000010544,2,0000000031,1
0000020082,0000010545,1,0000000029,2
0000020083,0000010546,1,0000000320,1
0000020084,0000010546,2,0000000102,1
0000020085,0000010547,1,0000000108,1
0000020086,0000010547,2,0000000371,1
0000020087,0000010548,1,0000000375,2
0000020088,0000010548,2,0000000411,2
0000020089,0000010549,1,0000000183,1
0000020090,0000010550,1,0000000155,1
0000020091,0000010550,2,0000000029,1
0000020092,0000010550,3,0000000077,2
0000020093,0000010551,1,0000000159,1
0000020094,0000010552,1,0000000280,1
0000020095,0000010552,2,0000000311,1
0000020096,0000010553,1,0000000238,1
0000020097,0000010554,1,0000000414,1
0000020098,0000010555,1,0000000080,1
0000020099,0000010555,2,0000000183,1
0000020100,0000010555,3,0000000381,1
0000020101,0000010555,4,0000000295,1
0000020102,0000010556,1,0000000354,1
0000020103,0000010557,1,0000000399,1
0000020104,0000010558,1,0000000350,1
0000020105,0000010559,1,0000000287,1
0000020106,0000010559,2,0000000175,1
0000020107,0000010559,3,0000000302,1
0000020108,0000010559,4,0000000385,1
0000020109,0000010560,1,0000000037,1
0000020110,0000010561,1,0000000463,1
0000020111,0000010561,2,0000000237,1
0000020112,0000010561,3,0000000046,1
0000020113,0000010561,4,0000000314,1
0000020114,0000010561,5,0000000372,1
0000020115,0000010562,1,0000000096,1
0000020116,0000010562,2,0000000183,1
0000020117,0000010562,3,0000000092,1
0000020118,0000010562,4,0000000102,2
0000020119,0000010563,1,0000000456,4
0000020120,0000010563,2,0000000383,1
0000020121,0000010564,1,0000000437,1
0000020122,0000010565,1,0000000442,1
0000020123,0000010566,1,0000000052,2
0000020124,0000010566,2,0000000110,1
0000020125,0000010567,1,0000000175,1
0000020126,0000010568,1,0000000236,1
0000020127,0000010569,1,0000000411,1
0000020128,0000010569,2,0000000009,1
0000020129,0000010569,3,0000000322,1
0000020130,0000010569,4,0000000067,2
0000020131,0000010570,1,0000000082,1
0000020132,0000010570,2,0000000152,2
0000020133,0000010571,1,0000000367,1
0000020134,0000010571,2,0000000306,1
0000020135,0000010572,1,0000000059,2
0000020136,0000010572,2,0000000011,2
0000020137,0000010573,1,0000000159,1
0000020138,0000010573,2,0000000078,2
0000020139,0000010574,1,0000000412,1
0000020140,0000010575,1,0000000405,1
0000020141,0000010575,2,0000000163,1
0000020142,0000010575,3,0000000387,1
0000020143,0000010576,1,0000000002,1
0000020144,0000010576,2,0000000178,4
0000020145,0000010576,3,0000000129,1
0000020146,0000010576,4,0000000024,3
0000020147,0000010577,1,0000000342,2
0000020148,0000010578,1,0000000140,2
0000020149,0000010578,2,0000000493,1
0000020150,0000010579,1,0000000270,1
0000020151,0000010579,2,0000000214,1
0000020152,0000010579,3,0000000300,1
0000020153,0000010580,1,0000000273,2
0000020154,0000010580,2,0000000247,1
0000020155,0000010580,3,0000000035,1
0000020156,0000010581,1,0000000329,2
0000020157,0000010582,1,0000000305,1
0000020158,0000010583,1,0000000376,2
0000020159,0000010584,1,0000000463,2
0000020160,0000010585,1,0000000441,1
0000020161,0000010586,1,0000000142,1
0000020162,0000010587,1,0000000256,1
0000020163,0000010588,1,0000000206,1
0000020164,0000010589,1,0000000033,4
0000020165,0000010590,1,0000000308,2
0000020166,0000010590,2,0000000223,1
0000020167,0000010590,3,0000000405,2
0000020168,0000010590,4,0000000153,1
0000020169,0000010591,1,0000000379,1
0000020170,0000010592,1,0000000284,1
0000020171,0000010592,2,0000000489,1
0000020172,0000010592,3,0000000027,1
0000020173,0000010592,4,0000000349,1
0000020174,0000010592,5,0000000293,1
0000020175,0000010593,1,0000000132,2
0000020176,0000010593,2,0000000295,1
0000020177,0000010594,1,0000000096,1
0000020178,0000010595,1,0000000182,2
0000020179,0000010596,1,0000000288,1
0000020180,0000010596,2,0000000023,3
0000020181,0000010597,1,0000000407,1
0000020182,0000010597,2,0000000371,1
0000020183,0000010598,1,0000000024,3
0000020184,0000010598,2,0000000180,1
0000020185,0000010599,1,0000000187,1
0000020186,0000010599,2,0000000080,1
0000020187,0000010599,3,0000000015,1
0000020188,0000010600,1,0000000024,3
0000020189,0000010600,2,0000000374,1
0000020190,0000010600,3,0000000013,2
0000020191,0000010601,1,0000000138,1
0000020192,0000010601,2,0000000143,4
0000020193,0000010601,3,0000000416,1
0000020194,0000010602,1,0000000430,1
0000020195,0000010603,1,0000000006,1
0000020196,0000010604,1,0000000377,1
0000020197,0000010604,2,0000000039,3
0000020198,0000010605,1,0000000126,1
0000020199,0000010605,2,0000000495,1
0000020200,0000010605,3,0000000242,4
0000020201,0000010605,4,0000000141,3
0000020202,0000010606,1,0000000227,2
0000020203,0000010606,2,0000000316,3
0000020204,0000010606,3,0000000052,1
0000020205,0000010607,1,0000000316,1
0000020206,0000010607,2,0000000087,1
0000020207,0000010607,3,0000000434,2
0000020208,0000010607,4,0000000320,2
0000020209,0000010608,1,0000000183,2
0000020210,0000010609,1,0000000319,1
0000020211,0000010609,2,0000000323,1
0000020212,0000010609,3,0000000264,3
0000020213,0000010609,4,0000000375,1
0000020214,0000010610,1,0000000377,1
0000020215,0000010610,2,0000000275,1
0000020216,0000010610,3,0000000090,1
0000020217,0000010610,4,0000000419,1
0000020218,0000010611,1,0000000460,1
0000020219,0000010611,2,0000000088,1
0000020220,0000010611,3,0000000024,1
0000020221,0000010611,4,0000000049,1
0000020222,0000010611,5,0000000357,3
0000020223,0000010612,1,0000000383,1
0000020224,0000010613,1,0000000355,1
0000020225,0000010614,1,0000000437,1
0000020226,0000010615,1,0000000011,2
0000020227,0000010615,2,0000000421,1
0000020228,0000010615,3,0000000213,1
0000020229,0000010615,4,0000000111,1
0000020230,0000010616,1,0000000379,1
0000020231,0000010616,2,0000000237,1
0000020232,0000010617,1,0000000139,4
0000020233,0000010617,2,0000000030,3
0000020234,0000010618,1,0000000098,1
0000020235,0000010619,1,0000000299,1
0000020236,0000010620,1,0000000293,1
0000020237,0000010620,2,0000000349,3
0000020238,0000010620,3,0000000467,1
0000020239,0000010620,4,0000000235,1
0000020240,0000010621,1,0000000419,1
0000020241,0000010622,1,0000000331,1
0000020242,0000010623,1,0000000023,1
0000020243,0000010623,2,0000000198,1
0000020244,0000010624,1,0000000453,1
0000020245,0000010625,1,0000000244,1
0000020246,0000010625,2,0000000230,2
0000020247,0000010625,3,0000000048,1
0000020248,0000010626,1,0000000400,2
0000020249,0000010627,1,0000000144,1
0000020250,0000010627,2,0000000434,1
0000020251,0000010627,3,0000000282,3
0000020252,0000010627,4,0000000167,1
0000020253,0000010628,1,0000000361,2
0000020254,0000010628,2,0000000037,1
0000020255,0000010629,1,0000000115,1
0000020256,0000010629,2,0000000282,1
0000020257,0000010629,3,0000000346,2
0000020258,0000010630,1,0000000455,3
0000020259,0000010630,2,0000000435,1
0000020260,0000010630,3,0000000243,1
0000020261,0000010630,4,0000000295,1
0000020262,0000010631,1,0000000296,2
0000020263,0000010631,2,0000000249,1
0000020264,0000010631,3,0000000476,1
0000020265,0000010632,1,0000000178,1
0000020266,0000010633,1,0000000332,1
0000020267,0000010633,2,0000000478,1
0000020268,0000010633,3,0000000044,1
0000020269,0000010634,1,0000000104,1
0000020270,0000010634,2,0000000252,1
0000020271,0000010634,3,0000000453,1
0000020272,0000010634,4,0000000395,1
0000020273,0000010635,1,0000000061,1
0000020274,0000010635,2,0000000178,1
0000020275,0000010635,3,0000000176,4
0000020276,0000010635,4,0000000429,1
0000020277,0000010636,1,0000000427,1
0000020278,0000010637,1,0000000135,1
0000020279,0000010637,2,0000000256,1
0000020280,0000010637,3,0000000368,1
0000020281,0000010637,4,0000000175,1
0000020282,0000010638,1,0000000417,1
0000020283,0000010638,2,0000000030,2
0000020284,0000010639,1,0000000404,1
0000020285,0000010639,2,0000000117,1
0000020286,0000010640,1,0000000172,1
0000020287,0000010640,2,0000000326,1
0000020288,0000010641,1,0000000128,1
0000020289,0000010642,1,0000000273,1
0000020290,0000010643,1,0000000132,2
0000020291,0000010644,1,0000000261,2
0000020292,0000010644,2,0000000087,1
0000020293,0000010645,1,0000000371,1
0000020294,0000010645,2,0000000351,2
0000020295,0000010646,1,0000000284,1
0000020296,0000010646,2,0000000441,1
0000020297,0000010646,3,0000000230,1
0000020298,0000010646,4,0000000455,1
0000020299,0000010647,1,0000000195,4
0000020300,0000010648,1,0000000464,3
0000020301,0000010648,2,0000000347,1
0000020302,0000010649,1,0000000164,1
0000020303,0000010650,1,0000000007,1
0000020304,0000010650,2,0000000173,3
0000020305,0000010650,3,0000000258,1
0000020306,0000010651,1,0000000057,2
0000020307,0000010652,1,0000000238,1
0000020308,0000010652,2,0000000249,2
0000020309,0000010652,3,0000000303,1
0000020310,0000010653,1,0000000369,4
0000020311,0000010654,1,0000000462,1
0000020312,0000010655,1,0000000196,3
0000020313,0000010655,2,0000000414,2
0000020314,0000010655,3,0000000389,1
0000020315,0000010655,4,0000000458,1
0000020316,0000010656,1,0000000079,1
0000020317,0000010656,2,0000000093,1
0000020318,0000010656,3,0000000327,2
0000020319,0000010657,1,0000000008,1
0000020320,0000010657,2,0000000335,1
0000020321,0000010657,3,0000000073,1
0000020322,0000010657,4,0000000239,1
0000020323,0000010658,1,0000000499,2
0000020324,0000010658,2,0000000094,1
0000020325,0000010658,3,0000000111,4
0000020326,0000010659,1,0000000138,1
0000020327,0000010659,2,0000000115,1
0000020328,0000010659,3,0000000476,1
0000020329,0000010659,4,0000000158,1
0000020330,0000010660,1,0000000478,2
0000020331,0000010661,1,0000000164,1
0000020332,0000010661,2,0000000285,2
0000020333,0000010662,1,0000000181,2
0000020334,0000010663,1,0000000118,2
0000020335,0000010663,2,0000000298,1
0000020336,0000010664,1,0000000198,2
0000020337,0000010665,1,0000000168,4
0000020338,0000010666,1,0000000409,1
0000020339,0000010667,1,0000000111,1
0000020340,0000010667,2,0000000330,1
0000020341,0000010667,3,0000000189,2
0000020342,0000010667,4,0000000139,1
0000020343,0000010667,5,0000000489,1
0000020344,0000010668,1,0000000242,1
0000020345,0000010669,1,0000000271,1
0000020346,0000010670,1,0000000093,1
0000020347,0000010670,2,0000000048,1
0000020348,0000010671,1,0000000340,1
0000020349,0000010671,2,0000000081,1
0000020350,0000010672,1,0000000199,1
0000020351,0000010673,1,0000000294,1
0000020352,0000010674,1,0000000490,2
0000020353,0000010674,2,0000000467,1
0000020354,0000010674,3,0000000251,1
0000020355,0000010674,4,0000000019,1
0000020356,0000010675,1,0000000168,3
0000020357,0000010675,2,0000000145,1
0000020358,0000010675,3,0000000294,1
0000020359,0000010675,4,0000000051,2
0000020360,0000010675,5,0000000076,1
0000020361,0000010676,1,0000000226,2
0000020362,0000010676,2,0000000160,1
0000020363,0000010676,3,0000000316,2
0000020364,0000010676,4,0000000328,1
0000020365,0000010677,1,0000000128,1
0000020366,0000010678,1,0000000364,1
0000020367,0000010679,1,0000000255,1
0000020368,0000010679,2,0000000063,1
0000020369,0000010680,1,0000000471,1
0000020370,0000010681,1,0000000348,1
0000020371,0000010681,2,0000000350,1
0000020372,0000010682,1,0000000156,1
0000020373,0000010682,2,0000000238,1
0000020374,0000010682,3,0000000445,1
0000020375,0000010683,1,0000000116,1
0000020376,0000010683,2,0000000460,1
0000020377,0000010684,1,0000000222,2
0000020378,0000010684,2,0000000155,2
0000020379,0000010685,1,0000000089,1
0000020380,0000010685,2,0000000375,3
0000020381,0000010685,3,0000000192,1
0000020382,0000010685,4,0000000321,1
0000020383,0000010686,1,0000000320,1
0000020384,0000010686,2,0000000458,1
0000020385,0000010686,3,0000000045,1
0000020386,0000010686,4,0000000443,1
0000020387,0000010686,5,0000000398,1
0000020388,0000010687,1,0000000054,1
0000020389,0000010687,2,0000000016,1
0000020390,0000010687,3,0000000306,1
0000020391,0000010687,4,0000000189,2
0000020392,0000010688,1,0000000394,1
0000020393,0000010689,1,0000000073,2
0000020394,0000010689,2,0000000339,1
0000020395,0000010689,3,0000000195,1
0000020396,0000010690,1,0000000409,4
0000020397,0000010691,1,0000000411,1
0000020398,0000010691,2,0000000250,1
0000020399,0000010691,3,0000000088,1
0000020400,0000010692,1,0000000178,1
0000020401,0000010693,1,0000000179,1
0000020402,0000010694,1,0000000156,1
0000020403,0000010694,2,0000000203,1
0000020404,0000010695,1,0000000348,2
0000020405,0000010696,1,0000000249,1
0000020406,0000010697,1,0000000459,1
0000020407,0000010697,2,0000000309,1
0000020408,0000010698,1,0000000335,1
0000020409,0000010699,1,0000000177,1
0000020410,0000010699,2,0000000444,1
0000020411,0000010699,3,0000000222,1
0000020412,0000010699,4,0000000109,1
0000020413,0000010700,1,0000000402,1
0000020414,0000010700,2,0000000463,2
0000020415,0000010700,3,0000000240,1
0000020416,0000010700,4,0000000393,1
0000020417,0000010701,1,0000000421,1
0000020418,0000010701,2,0000000393,1
0000020419,0000010701,3,0000000321,3
0000020420,0000010702,1,0000000483,1
0000020421,0000010703,1,0000000389,2
0000020422,0000010703,2,0000000399,1
0000020423,0000010703,3,0000000151,1
0000020424,0000010704,1,0000000100,3
0000020425,0000010704,2,0000000245,1
0000020426,0000010704,3,0000000300,1
0000020427,0000010705,1,0000000022,1
0000020428,0000010705,2,0000000322,1
0000020429,0000010705,3,0000000499,2
0000020430,0000010705,4,0000000287,1
0000020431,0000010705,5,0000000451,1
0000020432,0000010706,1,0000000114,1
0000020433,0000010707,1,0000000232,1
0000020434,0000010707,2,0000000289,1
0000020435,0000010708,1,0000000035,4
0000020436,0000010708,2,0000000289,1
0000020437,0000010708,3,0000000188,2
0000020438,0000010709,1,0000000284,1
0000020439,0000010710,1,0000000186,2
0000020440,0000010711,1,0000000149,3
0000020441,0000010712,1,0000000180,1
0000020442,0000010713,1,0000000358,1
0000020443,0000010714,1,0000000383,1
0000020444,0000010714,2,0000000122,1
0000020445,0000010714,3,0000000426,1
0000020446,0000010715,1,0000000398,2
0000020447,0000010716,1,0000000383,1
0000020448,0000010717,1,0000000289,1
0000020449,0000010718,1,0000000325,1
0000020450,0000010719,1,0000000354,1
0000020451,0000010720,1,0000000351,1
0000020452,0000010721,1,0000000351,2
0000020453,0000010721,2,0000000340,1
0000020454,0000010721,3,0000000477,2
0000020455,0000010722,1,0000000191,1
0000020456,0000010722,2,0000000046,2
0000020457,0000010723,1,0000000497,1
0000020458,0000010723,2,0000000478,3
0000020459,0000010724,1,0000000352,1
0000020460,0000010724,2,0000000178,3
0000020461,0000010725,1,0000000401,1
0000020462,0000010725,2,0000000364,1
0000020463,0000010725,3,0000000006,1
0000020464,0000010725,4,0000000231,1
0000020465,0000010726,1,0000000446,2
0000020466,0000010726,2,0000000199,2
0000020467,0000010727,1,0000000254,2
0000020468,0000010727,2,0000000013,1
0000020469,0000010728,1,0000000433,1
0000020470,0000010728,2,0000000019,1
0000020471,0000010729,1,0000000473,2
0000020472,0000010729,2,0000000449,2
0000020473,0000010729,3,0000000223,1
0000020474,0000010729,4,0000000289,1
0000020475,0000010729,5,0000000494,3
0000020476,0000010730,1,0000000191,1
0000020477,0000010731,1,0000000407,3
0000020478,0000010732,1,0000000052,2
0000020479,0000010732,2,0000000235,1
0000020480,0000010733,1,0000000443,2
0000020481,0000010734,1,0000000244,1
0000020482,0000010734,2,0000000205,1
0000020483,0000010734,3,0000000093,1
0000020484,0000010735,1,0000000006,1
0000020485,0000010735,2,0000000437,1
0000020486,0000010736,1,0000000463,1
0000020487,0000010736,2,0000000431,4
0000020488,0000010736,3,0000000192,1
0000020489,0000010736,4,0000000239,1
0000020490,0000010737,1,0000000260,1
0000020491,0000010738,1,0000000137,1
0000020492,0000010739,1,0000000273,1
0000020493,0000010740,1,0000000151,2
0000020494,0000010741,1,0000000015,2
0000020495,0000010742,1,0000000195,1
0000020496,0000010743,1,0000000339,1
0000020497,0000010744,1,0000000046,1
0000020498,0000010744,2,0000000179,1
0000020499,0000010744,3,0000000101,1
0000020500,0000010744,4,0000000197,1
0000020501,0000010744,5,0000000195,4
0000020502,0000010745,1,0000000148,2
0000020503,0000010746,1,0000000303,1
0000020504,0000010747,1,0000000342,1
0000020505,0000010748,1,0000000360,1
0000020506,0000010748,2,0000000100,1
0000020507,0000010749,1,0000000084,4
0000020508,0000010750,1,0000000474,1
0000020509,0000010751,1,0000000393,2
0000020510,0000010751,2,0000000046,1
0000020511,0000010752,1,0000000086,4
0000020512,0000010752,2,0000000325,1
0000020513,0000010753,1,0000000032,1
0000020514,0000010753,2,0000000052,1
0000020515,0000010754,1,0000000406,1
0000020516,0000010755,1,0000000201,2
0000020517,0000010755,2,0000000021,1
0000020518,0000010756,1,0000000368,1
0000020519,0000010757,1,0000000167,1
0000020520,0000010758,1,0000000197,1
0000020521,0000010758,2,0000000439,1
0000020522,0000010759,1,0000000115,1
0000020523,0000010759,2,0000000068,2
0000020524,0000010759,3,0000000081,1
0000020525,0000010759,4,0000000152,1
0000020526,0000010760,1,0000000076,3
0000020527,0000010760,2,0000000095,1
0000020528,0000010761,1,0000000238,1
0000020529,0000010762,1,0000000018,2
0000020530,0000010763,1,0000000203,1
0000020531,0000010763,2,0000000340,4
0000020532,0000010763,3,0000000353,2
0000020533,0000010763,4,0000000019,2
0000020534,0000010764,1,0000000037,1
0000020535,0000010765,1,0000000303,1
0000020536,0000010766,1,0000000001,3
0000020537,0000010767,1,0000000289,1
0000020538,0000010767,2,0000000208,1
0000020539,0000010768,1,0000000034,1
0000020540,0000010769,1,0000000132,2
0000020541,0000010769,2,0000000280,1
0000020542,0000010769,3,0000000386,1
0000020543,0000010769,4,0000000499,1
0000020544,0000010769,5,0000000304,1
0000020545,0000010770,1,0000000103,2
0000020546,0000010770,2,0000000280,1
0000020547,0000010770,3,0000000246,1
0000020548,0000010770,4,0000000347,1
0000020549,0000010771,1,0000000226,4
0000020550,0000010772,1,0000000203,1
0000020551,0000010772,2,0000000452,1
0000020552,0000010773,1,0000000379,1
0000020553,0000010774,1,0000000068,1
0000020554,0000010775,1,0000000174,1
0000020555,0000010775,2,0000000395,2
0000020556,0000010775,3,0000000274,1
0000020557,0000010776,1,0000000448,1
0000020558,0000010776,2,0000000395,1
0000020559,0000010776,3,0000000027,1
0000020560,0000010776,4,0000000475,1
0000020561,0000010777,1,0000000464,1
0000020562,0000010777,2,0000000456,1
0000020563,0000010778,1,0000000218,1
0000020564,0000010779,1,0000000256,1
0000020565,0000010780,1,0000000426,1
0000020566,0000010781,1,0000000199,1
0000020567,0000010782,1,0000000460,1
0000020568,0000010783,1,0000000436,3
0000020569,0000010783,2,0000000162,1
0000020570,0000010783,3,0000000182,2
0000020571,0000010783,4,0000000022,1
0000020572,0000010784,1,0000000067,1
0000020573,0000010785,1,0000000253,1
0000020574,0000010785,2,0000000391,2
0000020575,0000010785,3,0000000350,2
0000020576,0000010785,4,0000000164,3
0000020577,0000010785,5,0000000079,1
0000020578,0000010786,1,0000000051,1
0000020579,0000010786,2,0000000121,1
0000020580,0000010786,3,0000000327,1
0000020581,0000010786,4,0000000193,1
0000020582,0000010787,1,0000000098,1
0000020583,0000010787,2,0000000065,2
0000020584,0000010787,3,0000000382,1
0000020585,0000010788,1,0000000282,1
0000020586,0000010789,1,0000000393,1
0000020587,0000010790,1,0000000207,1
0000020588,0000010791,1,0000000045,1
0000020589,0000010791,2,0000000141,1
0000020590,0000010791,3,0000000160,1
0000020591,0000010791,4,0000000470,2
0000020592,0000010791,5,0000000204,1
0000020593,0000010792,1,0000000178,1
0000020594,0000010792,2,0000000103,1
0000020595,0000010793,1,0000000063,1
0000020596,0000010793,2,0000000448,4
0000020597,0000010794,1,0000000438,1
0000020598,0000010794,2,0000000372,1
0000020599,0000010795,1,0000000131,1
0000020600,0000010795,2,0000000145,1
0000020601,0000010796,1,0000000460,1
0000020602,0000010797,1,0000000140,1
0000020603,0000010798,1,0000000427,1
0000020604,0000010798,2,0000000077,2
0000020605,0000010798,3,0000000459,1
0000020606,0000010798,4,0000000304,2
0000020607,0000010798,5,0000000401,1
0000020608,0000010799,1,0000000218,2
0000020609,0000010799,2,0000000050,2
0000020610,0000010799,3,0000000110,3
0000020611,0000010799,4,0000000150,1
0000020612,0000010800,1,0000000340,1
0000020613,0000010800,2,0000000044,1
0000020614,0000010801,1,0000000318,2
0000020615,0000010802,1,0000000154,2
0000020616,0000010803,1,0000000045,1
0000020617,0000010803,2,0000000312,1
0000020618,0000010804,1,0000000124,1
0000020619,0000010805,1,0000000117,2
0000020620,0000010805,2,0000000103,2
0000020621,0000010805,3,0000000386,1
0000020622,0000010806,1,0000000042,1
0000020623,0000010807,1,0000000236,1
0000020624,0000010808,1,0000000160,1
0000020625,0000010808,2,0000000185,1
0000020626,0000010809,1,0000000171,1
0000020627,0000010809,2,0000000306,1
0000020628,0000010810,1,0000000205,1
0000020629,0000010811,1,0000000344,2
0000020630,0000010811,2,0000000002,1
0000020631,0000010811,3,0000000024,2
0000020632,0000010812,1,0000000257,3
0000020633,0000010813,1,0000000260,2
0000020634,0000010814,1,0000000093,1
0000020635,0000010815,1,0000000169,1
0000020636,0000010816,1,0000000176,1
0000020637,0000010817,1,0000000012,2
0000020638,0000010818,1,0000000409,1
0000020639,0000010819,1,0000000296,1
0000020640,0000010820,1,0000000365,1
0000020641,0000010821,1,0000000025,1
0000020642,0000010821,2,0000000061,1
0000020643,0000010822,1,0000000241,2
0000020644,0000010823,1,0000000250,4
0000020645,0000010824,1,0000000497,1
0000020646,0000010824,2,0000000254,2
0000020647,0000010825,1,0000000373,1
0000020648,0000010826,1,0000000368,1
0000020649,0000010826,2,0000000480,1
0000020650,0000010826,3,0000000096,1
0000020651,0000010827,1,0000000371,1
0000020652,0000010827,2,0000000018,1
0000020653,0000010828,1,0000000065,3
0000020654,0000010828,2,0000000088,3
0000020655,0000010829,1,0000000476,1
0000020656,0000010829,2,0000000472,1
0000020657,0000010830,1,0000000434,1
0000020658,0000010831,1,0000000249,3
0000020659,0000010832,1,0000000379,3
0000020660,0000010832,2,0000000428,1
0000020661,0000010833,1,0000000188,1
0000020662,0000010834,1,0000000007,3
0000020663,0000010835,1,0000000119,2
0000020664,0000010836,1,0000000362,1
0000020665,0000010837,1,0000000350,1
0000020666,0000010837,2,0000000163,4
0000020667,0000010837,3,0000000131,1
0000020668,0000010838,1,0000000327,2
0000020669,0000010838,2,0000000206,2
0000020670,0000010839,1,0000000320,1
0000020671,0000010840,1,0000000020,2
0000020672,0000010841,1,0000000126,2
0000020673,0000010842,1,0000000032,1
0000020674,0000010842,2,0000000272,1
0000020675,0000010843,1,0000000409,1
0000020676,0000010843,2,0000000204,3
0000020677,0000010844,1,0000000484,1
0000020678,0000010845,1,0000000086,2
0000020679,0000010845,2,0000000383,2
0000020680,0000010845,3,0000000149,2
0000020681,0000010845,4,0000000004,2
0000020682,0000010846,1,0000000404,1
0000020683,0000010847,1,0000000069,1
0000020684,0000010848,1,0000000302,1
0000020685,0000010849,1,0000000322,1
0000020686,0000010850,1,0000000401,1
0000020687,0000010851,1,0000000008,2
0000020688,0000010852,1,0000000170,2
0000020689,0000010852,2,0000000304,1
0000020690,0000010853,1,0000000421,1
0000020691,0000010854,1,0000000365,3
0000020692,0000010854,2,0000000443,1
0000020693,0000010854,3,0000000143,4
0000020694,0000010855,1,0000000054,1
0000020695,0000010856,1,0000000323,1
0000020696,0000010857,1,0000000390,1
0000020697,0000010857,2,0000000419,2
0000020698,0000010857,3,0000000194,1
0000020699,0000010858,1,0000000094,1
0000020700,0000010858,2,0000000045,1
0000020701,0000010859,1,0000000456,1
0000020702,0000010860,1,0000000336,1
0000020703,0000010860,2,0000000281,1
0000020704,0000010860,3,0000000355,1
0000020705,0000010860,4,0000000435,1
0000020706,0000010860,5,0000000142,1
0000020707,0000010861,1,0000000064,1
0000020708,0000010861,2,0000000140,1
0000020709,0000010862,1,0000000221,1
0000020710,0000010863,1,0000000325,1
0000020711,0000010863,2,0000000177,4
0000020712,0000010863,3,0000000119,2
0000020713,0000010863,4,0000000466,3
0000020714,0000010863,5,0000000485,1
0000020715,0000010864,1,0000000138,1
0000020716,0000010865,1,0000000205,1
0000020717,0000010865,2,0000000297,2
0000020718,0000010865,3,0000000080,4
0000020719,0000010865,4,0000000391,2
0000020720,0000010866,1,0000000098,1
0000020721,0000010867,1,0000000293,1
0000020722,0000010868,1,0000000230,1
0000020723,0000010869,1,0000000381,1
0000020724,0000010870,1,0000000299,2
0000020725,0000010871,1,0000000459,1
0000020726,0000010871,2,0000000438,1
0000020727,0000010872,1,0000000056,1
0000020728,0000010872,2,0000000132,2
0000020729,0000010873,1,0000000011,3
0000020730,0000010874,1,0000000359,1
0000020731,0000010874,2,0000000269,1
0000020732,0000010874,3,0000000273,1
0000020733,0000010875,1,0000000141,3
0000020734,0000010875,2,0000000387,1
0000020735,0000010876,1,0000000167,1
0000020736,0000010877,1,0000000173,1
0000020737,0000010878,1,0000000363,1
0000020738,0000010878,2,0000000146,1
0000020739,0000010878,3,0000000257,1
0000020740,0000010879,1,0000000166,1
0000020741,0000010880,1,0000000057,1
0000020742,0000010881,1,0000000481,1
0000020743,0000010881,2,0000000147,1
0000020744,0000010882,1,0000000230,1
0000020745,0000010882,2,0000000180,1
0000020746,0000010882,3,0000000346,1
0000020747,0000010882,4,0000000379,1
0000020748,0000010882,5,0000000234,2
0000020749,0000010883,1,0000000400,1
0000020750,0000010883,2,0000000491,1
0000020751,0000010883,3,0000000066,1
0000020752,0000010883,4,0000000220,1
0000020753,0000010884,1,0000000325,1
0000020754,0000010885,1,0000000042,1
0000020755,0000010885,2,0000000218,4
0000020756,0000010885,3,0000000023,1
0000020757,0000010885,4,0000000127,1
0000020758,0000010886,1,0000000050,1
0000020759,0000010887,1,0000000376,2
0000020760,0000010888,1,0000000395,1
0000020761,0000010888,2,0000000400,2
0000020762,0000010888,3,0000000152,1
0000020763,0000010889,1,0000000195,1
0000020764,0000010889,2,0000000393,2
0000020765,0000010889,3,0000000419,3
0000020766,0000010890,1,0000000029,3
0000020767,0000010891,1,0000000243,1
0000020768,0000010892,1,0000000391,3
0000020769,0000010893,1,0000000153,1
0000020770,0000010893,2,0000000369,1
0000020771,0000010893,3,0000000124,2
0000020772,0000010893,4,0000000322,3
0000020773,0000010894,1,0000000046,1
0000020774,0000010894,2,0000000033,1
0000020775,0000010895,1,0000000124,2
0000020776,0000010895,2,0000000270,1
0000020777,0000010895,3,0000000283,1
0000020778,0000010896,1,0000000031,4
0000020779,0000010896,2,0000000007,4
0000020780,0000010897,1,0000000149,1
0000020781,0000010897,2,0000000329,1
0000020782,0000010898,1,0000000337,1
0000020783,0000010898,2,0000000401,1
0000020784,0000010898,3,0000000070,1
0000020785,0000010898,4,0000000131,1
0000020786,0000010899,1,0000000355,1
0000020787,0000010900,1,0000000176,1
0000020788,0000010901,1,0000000126,2
0000020789,0000010902,1,0000000486,3
0000020790,0000010902,2,0000000388,1
0000020791,0000010902,3,0000000450,2
0000020792,0000010903,1,0000000207,1
0000020793,0000010904,1,0000000476,3
0000020794,0000010905,1,0000000008,3
0000020795,0000010905,2,0000000372,1
0000020796,0000010906,1,0000000076,2
0000020797,0000010907,1,0000000463,1
0000020798,0000010907,2,0000000312,1
0000020799,0000010907,3,0000000234,2
0000020800,0000010908,1,0000000360,2
0000020801,0000010908,2,0000000316,1
0000020802,0000010908,3,0000000466,1
0000020803,0000010908,4,0000000419,1
0000020804,0000010908,5,0000000277,1
0000020805,0000010909,1,0000000359,1
0000020806,0000010910,1,0000000480,1
0000020807,0000010911,1,0000000339,1
0000020808,0000010911,2,0000000238,1
0000020809,0000010911,3,0000000401,2
0000020810,0000010912,1,0000000494,1
0000020811,0000010913,1,0000000390,1
0000020812,0000010913,2,0000000383,2
0000020813,0000010914,1,0000000345,1
0000020814,0000010914,2,0000000466,3
0000020815,0000010914,3,0000000306,2
0000020816,0000010914,4,0000000432,1
0000020817,0000010915,1,0000000056,1
0000020818,0000010916,1,0000000449,1
0000020819,0000010917,1,0000000470,2
0000020820,0000010917,2,0000000167,1
0000020821,0000010918,1,0000000463,1
0000020822,0000010919,1,0000000047,2
0000020823,0000010919,2,0000000370,1
0000020824,0000010919,3,0000000143,1
0000020825,0000010919,4,0000000456,1
0000020826,0000010919,5,0000000155,2
0000020827,0000010920,1,0000000465,1
0000020828,0000010920,2,0000000388,1
0000020829,0000010921,1,0000000425,1
0000020830,0000010921,2,0000000263,1
0000020831,0000010921,3,0000000409,2
0000020832,0000010922,1,0000000158,1
0000020833,0000010922,2,0000000030,1
0000020834,0000010922,3,0000000179,1
0000020835,0000010922,4,0000000106,1
0000020836,0000010923,1,0000000092,1
0000020837,0000010924,1,0000000262,1
0000020838,0000010924,2,0000000106,1
0000020839,0000010925,1,0000000065,1
0000020840,0000010925,2,0000000342,1
0000020841,0000010925,3,0000000248,1
0000020842,0000010926,1,0000000106,2
0000020843,0000010926,2,0000000184,1
0000020844,0000010926,3,0000000114,1
0000020845,0000010927,1,0000000101,1
0000020846,0000010928,1,0000000210,1
0000020847,0000010928,2,0000000019,1
0000020848,0000010928,3,0000000121,4
0000020849,0000010929,1,0000000485,2
0000020850,0000010929,2,0000000355,1
0000020851,0000010929,3,0000000414,2
0000020852,0000010930,1,0000000273,2
0000020853,0000010930,2,0000000288,1
0000020854,0000010930,3,0000000400,1
0000020855,0000010931,1,0000000027,4
0000020856,0000010931,2,0000000297,1
0000020857,0000010931,3,0000000190,1
0000020858,0000010932,1,0000000467,1
0000020859,0000010933,1,0000000424,1
0000020860,0000010934,1,0000000354,1
0000020861,0000010934,2,0000000294,3
0000020862,0000010935,1,0000000356,1
0000020863,0000010935,2,0000000470,4
0000020864,0000010936,1,0000000338,3
0000020865,0000010936,2,0000000225,3
0000020866,0000010937,1,0000000444,1
0000020867,0000010937,2,0000000480,1
0000020868,0000010937,3,0000000316,4
0000020869,0000010937,4,0000000117,2
0000020870,0000010937,5,0000000317,1
0000020871,0000010938,1,0000000398,2
0000020872,0000010938,2,0000000131,1
0000020873,0000010939,1,0000000377,1
0000020874,0000010939,2,0000000112,1
0000020875,0000010939,3,0000000121,2
0000020876,0000010940,1,0000000047,1
0000020877,0000010940,2,0000000134,4
0000020878,0000010940,3,0000000497,4
0000020879,0000010940,4,0000000306,1
0000020880,0000010941,1,0000000318,1
0000020881,0000010941,2,0000000329,1
0000020882,0000010942,1,0000000231,1
0000020883,0000010942,2,0000000421,1
0000020884,0000010943,1,0000000213,1
0000020885,0000010943,2,0000000426,3
0000020886,0000010943,3,0000000265,3
0000020887,0000010943,4,0000000466,3
0000020888,0000010944,1,0000000010,3
0000020889,0000010944,2,0000000257,1
0000020890,0000010945,1,0000000095,1
0000020891,0000010945,2,0000000438,3
0000020892,0000010946,1,0000000324,2
0000020893,0000010946,2,0000000175,1
0000020894,0000010946,3,0000000313,1
0000020895,0000010946,4,0000000162,2
0000020896,0000010946,5,0000000169,1
0000020897,0000010947,1,0000000042,3
0000020898,0000010947,2,0000000152,1
0000020899,0000010948,1,0000000430,1
0000020900,0000010948,2,0000000307,1
0000020901,0000010948,3,0000000085,1
0000020902,0000010948,4,0000000126,2
0000020903,0000010949,1,0000000201,1
0000020904,0000010949,2,0000000212,1
0000020905,0000010949,3,0000000143,1
0000020906,0000010950,1,0000000379,1
0000020907,0000010951,1,0000000030,2
0000020908,0000010951,2,0000000075,3
0000020909,0000010952,1,0000000471,2
0000020910,0000010952,2,0000000319,1
0000020911,0000010952,3,0000000045,3
0000020912,0000010952,4,0000000078,2
0000020913,0000010953,1,0000000132,3
0000020914,0000010953,2,0000000178,2
0000020915,0000010953,3,0000000391,1
0000020916,0000010953,4,0000000386,1
0000020917,0000010954,1,0000000017,2
0000020918,0000010954,2,0000000137,1
0000020919,0000010955,1,0000000368,2
0000020920,0000010956,1,0000000009,3
0000020921,0000010957,1,0000000343,1
0000020922,0000010957,2,0000000301,1
0000020923,0000010957,3,0000000433,1
0000020924,0000010957,4,0000000315,1
0000020925,0000010958,1,0000000283,1
0000020926,0000010958,2,0000000394,4
0000020927,0000010959,1,0000000203,1
0000020928,0000010959,2,0000000401,3
0000020929,0000010960,1,0000000171,1
0000020930,0000010960,2,0000000212,1
0000020931,0000010960,3,0000000372,1
0000020932,0000010960,4,0000000407,1
0000020933,0000010961,1,0000000319,1
0000020934,0000010961,2,0000000256,2
0000020935,0000010961,3,0000000271,1
0000020936,0000010962,1,0000000155,1
0000020937,0000010963,1,0000000168,1
0000020938,0000010963,2,0000000011,1
0000020939,0000010964,1,0000000094,1
0000020940,0000010964,2,0000000500,1
0000020941,0000010964,3,0000000135,2
0000020942,0000010964,4,0000000208,3
0000020943,0000010965,1,0000000275,1
0000020944,0000010966,1,0000000346,1
0000020945,0000010967,1,0000000425,2
0000020946,0000010967,2,0000000264,3
0000020947,0000010968,1,0000000010,2
0000020948,0000010968,2,0000000163,2
0000020949,0000010969,1,0000000482,1
0000020950,0000010970,1,0000000257,1
0000020951,0000010970,2,0000000062,1
0000020952,0000010970,3,0000000026,1
0000020953,0000010971,1,0000000067,1
0000020954,0000010971,2,0000000108,2
0000020955,0000010971,3,0000000098,1
0000020956,0000010972,1,0000000217,4
0000020957,0000010972,2,0000000415,1
0000020958,0000010973,1,0000000280,1
0000020959,0000010974,1,0000000306,1
0000020960,0000010975,1,0000000060,1
0000020961,0000010976,1,0000000012,1
0000020962,0000010976,2,0000000384,4
0000020963,0000010977,1,0000000054,4
0000020964,0000010978,1,0000000152,1
0000020965,0000010978,2,0000000128,4
0000020966,0000010979,1,0000000013,1
0000020967,0000010979,2,0000000422,1
0000020968,0000010979,3,0000000372,1
0000020969,0000010980,1,0000000201,1
0000020970,0000010980,2,0000000422,1
0000020971,0000010981,1,0000000165,2
0000020972,0000010982,1,0000000235,1
0000020973,0000010983,1,0000000477,1
0000020974,0000010983,2,0000000328,2
0000020975,0000010984,1,0000000261,1
0000020976,0000010984,2,0000000068,1
0000020977,0000010985,1,0000000393,1
0000020978,0000010985,2,0000000219,2
0000020979,0000010985,3,0000000030,1
0000020980,0000010985,4,0000000496,1
0000020981,0000010986,1,0000000017,2
0000020982,0000010986,2,0000000018,2
0000020983,0000010986,3,0000000186,1
0000020984,0000010986,4,0000000301,1
0000020985,0000010986,5,0000000348,1
0000020986,0000010987,1,0000000303,1
0000020987,0000010988,1,0000000397,2
0000020988,0000010988,2,0000000382,3
0000020989,0000010989,1,0000000249,1
0000020990,0000010989,2,0000000016,2
0000020991,0000010989,3,0000000149,2
0000020992,0000010990,1,0000000257,2
0000020993,0000010991,1,0000000214,1
0000020994,0000010991,2,0000000262,1
0000020995,0000010991,3,0000000241,1
0000020996,0000010992,1,0000000008,1
0000020997,0000010992,2,0000000309,1
0000020998,0000010993,1,0000000324,1
0000020999,0000010993,2,0000000158,1
0000021000,0000010993,3,0000000023,3
0000021001,0000010993,4,0000000468,2
0000021002,0000010993,5,0000000093,1
0000021003,0000010994,1,0000000147,1
0000021004,0000010994,2,0000000083,3
0000021005,0000010994,3,0000000067,2
0000021006,0000010994,4,0000000054,3
0000021007,0000010994,5,0000000426,1
0000021008,0000010995,1,0000000158,4
0000021009,0000010996,1,0000000487,1
0000021010,0000010997,1,0000000166,1
0000021011,0000010998,1,0000000464,1
0000021012,0000010999,1,0000000392,2
0000021013,0000010999,2,0000000025,1
0000021014,0000011000,1,0000000272,1
0000021015,0000011000,2,0000000057,2
0000021016,0000011000,3,0000000274,1
0000021017,0000011000,4,0000000327,4
0000021018,0000011001,1,0000000233,1
0000021019,0000011002,1,0000000199,1
0000021020,0000011003,1,0000000341,1
0000021021,0000011004,1,0000000303,1
0000021022,0000011005,1,0000000129,1
0000021023,0000011006,1,0000000416,1
0000021024,0000011007,1,0000000332,1
0000021025,0000011007,2,0000000060,1
0000021026,0000011008,1,0000000215,2
0000021027,0000011009,1,0000000246,1
0000021028,0000011009,2,0000000186,1
0000021029,0000011010,1,0000000301,1
0000021030,0000011010,2,0000000370,2
0000021031,0000011011,1,0000000320,1
0000021032,0000011012,1,0000000397,1
0000021033,0000011013,1,0000000102,3
0000021034,0000011013,2,0000000100,3
0000021035,0000011014,1,0000000390,1
0000021036,0000011015,1,0000000266,4
0000021037,0000011016,1,0000000312,1
0000021038,0000011016,2,0000000107,1
0000021039,0000011016,3,0000000258,1
0000021040,0000011016,4,0000000429,2
0000021041,0000011016,5,0000000298,4
0000021042,0000011017,1,0000000497,2
0000021043,0000011018,1,0000000068,4
0000021044,0000011019,1,0000000295,2
0000021045,0000011020,1,0000000079,1
0000021046,0000011021,1,0000000297,1
0000021047,0000011021,2,0000000460,1
0000021048,0000011022,1,0000000059,1
0000021049,0000011023,1,0000000126,2
0000021050,0000011024,1,0000000372,1
0000021051,0000011024,2,0000000396,1
0000021052,0000011024,3,0000000239,2
0000021053,0000011025,1,0000000225,2
0000021054,0000011026,1,0000000359,1
0000021055,0000011027,1,0000000115,1
0000021056,0000011027,2,0000000492,1
0000021057,0000011027,3,0000000097,1
0000021058,0000011027,4,0000000285,1
0000021059,0000011028,1,0000000171,1
0000021060,0000011028,2,0000000475,1
0000021061,0000011028,3,0000000357,2
0000021062,0000011028,4,0000000066,2
0000021063,0000011029,1,0000000056,1
0000021064,0000011030,1,0000000407,1
0000021065,0000011030,2,0000000443,1
0000021066,0000011031,1,0000000004,2
0000021067,0000011031,2,0000000259,1
0000021068,0000011032,1,0000000008,1
0000021069,0000011033,1,0000000444,1
0000021070,0000011033,2,0000000171,2
0000021071,0000011034,1,0000000322,1
0000021072,0000011035,1,0000000337,2
0000021073,0000011036,1,0000000055,2
0000021074,0000011036,2,0000000112,3
0000021075,0000011036,3,0000000072,1
0000021076,0000011037,1,0000000113,1
0000021077,0000011037,2,0000000007,1
0000021078,0000011038,1,0000000348,1
0000021079,0000011038,2,0000000247,1
0000021080,0000011039,1,0000000347,3
0000021081,0000011040,1,0000000492,1
0000021082,0000011040,2,0000000451,1
0000021083,0000011041,1,0000000305,2
0000021084,0000011042,1,0000000163,1
0000021085,0000011043,1,0000000364,1
0000021086,0000011044,1,0000000217,1
0000021087,0000011044,2,0000000251,1
0000021088,0000011045,1,0000000219,2
0000021089,0000011046,1,0000000240,2
0000021090,0000011047,1,0000000169,1
0000021091,0000011048,1,0000000097,3
0000021092,0000011049,1,0000000490,1
0000021093,0000011050,1,0000000486,2
0000021094,0000011050,2,0000000243,2
0000021095,0000011050,3,0000000062,1
0000021096,0000011051,1,0000000131,1
0000021097,0000011052,1,0000000163,1
0000021098,0000011053,1,0000000101,2
0000021099,0000011054,1,0000000457,1
0000021100,0000011055,1,0000000271,1
0000021101,0000011056,1,0000000442,2
0000021102,0000011056,2,0000000050,1
0000021103,0000011057,1,0000000100,1
0000021104,0000011057,2,0000000199,2
0000021105,0000011057,3,0000000478,1
0000021106,0000011058,1,0000000041,2
0000021107,0000011059,1,0000000459,3
0000021108,0000011059,2,0000000263,3
0000021109,0000011060,1,0000000245,1
0000021110,0000011060,2,0000000413,3
0000021111,0000011061,1,0000000348,1
0000021112,0000011062,1,0000000111,3
0000021113,0000011062,2,0000000101,2
0000021114,0000011063,1,0000000150,1
0000021115,0000011064,1,0000000249,3
0000021116,0000011064,2,0000000320,1
0000021117,0000011065,1,0000000318,1
0000021118,0000011066,1,0000000039,1
0000021119,0000011067,1,0000000072,1
0000021120,0000011067,2,0000000164,2
0000021121,0000011068,1,0000000150,2
0000021122,0000011068,2,0000000348,1
0000021123,0000011068,3,0000000079,1
0000021124,0000011068,4,0000000496,1
0000021125,0000011069,1,0000000029,1
0000021126,0000011069,2,0000000256,1
0000021127,0000011069,3,0000000046,1
0000021128,0000011069,4,0000000415,4
0000021129,0000011070,1,0000000251,1
0000021130,0000011070,2,0000000105,1
0000021131,0000011070,3,0000000009,4
0000021132,0000011071,1,0000000041,2
0000021133,0000011071,2,0000000279,3
0000021134,0000011071,3,0000000361,1
0000021135,0000011071,4,0000000254,1
0000021136,0000011072,1,0000000476,2
0000021137,0000011072,2,0000000158,1
0000021138,0000011072,3,0000000192,1
0000021139,0000011072,4,0000000092,2
0000021140,0000011073,1,0000000380,1
0000021141,0000011074,1,0000000410,2
0000021142,0000011074,2,0000000045,1
0000021143,0000011074,3,0000000273,1
0000021144,0000011074,4,0000000202,2
0000021145,0000011075,1,0000000367,1
0000021146,0000011075,2,0000000455,1
0000021147,0000011076,1,0000000039,1
0000021148,0000011077,1,0000000053,2
0000021149,0000011078,1,0000000284,1
0000021150,0000011078,2,0000000224,1
0000021151,0000011079,1,0000000411,1
0000021152,0000011080,1,0000000408,1
0000021153,0000011081,1,0000000225,1
0000021154,0000011082,1,0000000101,1
0000021155,0000011083,1,0000000014,1
0000021156,0000011083,2,0000000437,1
0000021157,0000011083,3,0000000352,1
0000021158,0000011084,1,0000000129,1
0000021159,0000011085,1,0000000304,1
0000021160,0000011086,1,0000000147,1
0000021161,0000011086,2,0000000134,2
0000021162,0000011087,1,0000000394,1
0000021163,0000011088,1,0000000194,2
0000021164,0000011088,2,0000000209,1
0000021165,0000011089,1,0000000481,3
0000021166,0000011089,2,0000000003,4
0000021167,0000011090,1,0000000448,2
0000021168,0000011090,2,0000000339,1
0000021169,0000011090,3,0000000488,1
0000021170,0000011090,4,0000000250,1
0000021171,0000011091,1,0000000056,2
0000021172,0000011092,1,0000000321,1
0000021173,0000011093,1,0000000131,1
0000021174,0000011094,1,0000000457,1
0000021175,0000011095,1,0000000071,1
0000021176,0000011095,2,0000000211,1
0000021177,0000011096,1,0000000424,1
0000021178,0000011096,2,0000000157,3
0000021179,0000011096,3,0000000257,1
0000021180,0000011097,1,0000000003,1
0000021181,0000011098,1,0000000144,1
0000021182,0000011098,2,0000000464,1
0000021183,0000011098,3,0000000360,1
0000021184,0000011099,1,0000000308,1
0000021185,0000011100,1,0000000455,2
0000021186,0000011101,1,0000000369,2
0000021187,0000011102,1,0000000283,2
0000021188,0000011102,2,0000000111,1
0000021189,0000011103,1,0000000113,1
0000021190,0000011104,1,0000000095,3
0000021191,0000011104,2,0000000260,3
0000021192,0000011104,3,0000000193,1
0000021193,0000011105,1,0000000340,2
0000021194,0000011106,1,0000000439,2
0000021195,0000011107,1,0000000393,1
0000021196,0000011107,2,0000000214,2
0000021197,0000011108,1,0000000107,1
0000021198,0000011109,1,0000000218,4
0000021199,0000011109,2,0000000291,1
0000021200,0000011109,3,0000000035,2
0000021201,0000011110,1,0000000055,1
0000021202,0000011110,2,0000000215,4
0000021203,0000011110,3,0000000333,1
0000021204,0000011111,1,0000000088,3
0000021205,0000011111,2,0000000025,1
0000021206,0000011112,1,0000000034,1
0000021207,0000011112,2,0000000132,1
0000021208,0000011113,1,0000000274,1
0000021209,0000011114,1,0000000168,2
0000021210,0000011115,1,0000000284,1
0000021211,0000011116,1,0000000465,1
0000021212,0000011117,1,0000000361,1
0000021213,0000011118,1,0000000249,4
0000021214,0000011119,1,0000000011,1
0000021215,0000011119,2,0000000370,4
0000021216,0000011119,3,0000000343,1
0000021217,0000011119,4,0000000257,2
0000021218,0000011120,1,0000000407,1
0000021219,0000011120,2,0000000182,3
0000021220,0000011121,1,0000000447,2
0000021221,0000011121,2,0000000031,1
0000021222,0000011122,1,0000000147,1
0000021223,0000011123,1,0000000055,1
0000021224,0000011124,1,0000000404,2
0000021225,0000011124,2,0000000344,2
0000021226,0000011124,3,0000000129,1
0000021227,0000011125,1,0000000441,1
0000021228,0000011126,1,0000000205,1
0000021229,0000011126,2,0000000438,1
0000021230,0000011126,3,0000000472,3
0000021231,0000011127,1,0000000300,1
0000021232,0000011128,1,0000000110,1
0000021233,0000011128,2,0000000151,1
0000021234,0000011128,3,0000000068,3
0000021235,0000011128,4,0000000352,1
0000021236,0000011129,1,0000000344,1
0000021237,0000011129,2,0000000339,2
0000021238,0000011130,1,0000000220,1
0000021239,0000011130,2,0000000134,1
0000021240,0000011131,1,0000000040,1
0000021241,0000011132,1,0000000445,1
0000021242,0000011132,2,0000000090,1
0000021243,0000011132,3,0000000237,4
0000021244,0000011133,1,0000000165,3
0000021245,0000011134,1,0000000461,1
0000021246,0000011134,2,0000000489,4
0000021247,0000011135,1,0000000298,1
0000021248,0000011135,2,0000000453,1
0000021249,0000011136,1,0000000167,2
0000021250,0000011136,2,0000000260,1
0000021251,0000011137,1,0000000351,1
0000021252,0000011137,2,0000000448,1
0000021253,0000011137,3,0000000083,1
0000021254,0000011138,1,0000000083,1
0000021255,0000011139,1,0000000111,1
0000021256,0000011139,2,0000000158,1
0000021257,0000011139,3,0000000415,2
0000021258,0000011139,4,0000000138,1
0000021259,0000011140,1,0000000458,1
0000021260,0000011140,2,0000000372,2
0000021261,0000011140,3,0000000227,1
0000021262,0000011140,4,0000000082,2
0000021263,0000011141,1,0000000217,3
0000021264,0000011141,2,0000000164,1
0000021265,0000011141,3,0000000003,1
0000021266,0000011141,4,0000000366,1
0000021267,0000011141,5,0000000152,1
0000021268,0000011142,1,0000000208,1
0000021269,0000011142,2,0000000445,1
0000021270,0000011142,3,0000000129,1
0000021271,0000011143,1,0000000305,1
0000021272,0000011143,2,0000000436,4
0000021273,0000011144,1,0000000008,1
0000021274,0000011144,2,0000000206,1
0000021275,0000011145,1,0000000212,3
0000021276,0000011146,1,0000000050,1
0000021277,0000011146,2,0000000305,1
0000021278,0000011146,3,0000000296,1
0000021279,0000011147,1,0000000221,1
0000021280,0000011148,1,0000000492,1
0000021281,0000011148,2,0000000308,2
0000021282,0000011148,3,0000000265,1
0000021283,0000011148,4,0000000104,1
0000021284,0000011148,5,0000000388,1
0000021285,0000011149,1,0000000377,1
0000021286,0000011150,1,0000000480,2
0000021287,0000011151,1,0000000240,1
0000021288,0000011152,1,0000000207,1
0000021289,0000011152,2,0000000143,1
0000021290,0000011153,1,0000000134,1
0000021291,0000011153,2,0000000046,1
0000021292,0000011154,1,0000000215,1
0000021293,0000011155,1,0000000229,2
0000021294,0000011156,1,0000000449,1
0000021295,0000011156,2,0000000456,1
0000021296,0000011157,1,0000000331,2
0000021297,0000011158,1,0000000312,3
0000021298,0000011159,1,0000000343,1
0000021299,0000011160,1,0000000022,1
0000021300,0000011161,1,0000000422,1
0000021301,0000011161,2,0000000029,2
0000021302,0000011162,1,0000000041,1
0000021303,0000011163,1,0000000463,2
0000021304,0000011163,2,0000000052,2
0000021305,0000011163,3,0000000381,2
0000021306,0000011163,4,0000000185,1
0000021307,0000011164,1,0000000057,4
0000021308,0000011164,2,0000000122,1
0000021309,0000011164,3,0000000003,1
0000021310,0000011164,4,0000000049,1
0000021311,0000011165,1,0000000204,2
0000021312,0000011166,1,0000000068,2
0000021313,0000011167,1,0000000499,1
0000021314,0000011167,2,0000000090,1
0000021315,0000011167,3,0000000244,1
0000021316,0000011167,4,0000000074,1
0000021317,0000011168,1,0000000038,1
0000021318,0000011169,1,0000000414,4
0000021319,0000011170,1,0000000433,1
0000021320,0000011170,2,0000000249,1
0000021321,0000011171,1,0000000019,4
0000021322,0000011171,2,0000000373,1
0000021323,0000011172,1,0000000027,2
0000021324,0000011172,2,0000000237,1
0000021325,0000011173,1,0000000296,3
0000021326,0000011174,1,0000000361,1
0000021327,0000011174,2,0000000002,1
0000021328,0000011175,1,0000000183,4
0000021329,0000011176,1,0000000046,1
0000021330,0000011177,1,0000000343,1
0000021331,0000011178,1,0000000045,4
0000021332,0000011178,2,0000000416,2
0000021333,0000011179,1,0000000106,1
0000021334,0000011180,1,0000000477,1
0000021335,0000011181,1,0000000443,1
0000021336,0000011181,2,0000000232,1
0000021337,0000011182,1,0000000386,3
0000021338,0000011183,1,0000000043,2
0000021339,0000011183,2,0000000077,1
0000021340,0000011184,1,0000000022,1
0000021341,0000011184,2,0000000145,1
0000021342,0000011184,3,0000000488,1
0000021343,0000011184,4,0000000418,1
0000021344,0000011184,5,0000000461,1
0000021345,0000011185,1,0000000037,1
0000021346,0000011185,2,0000000327,1
0000021347,0000011186,1,0000000093,1
0000021348,0000011186,2,0000000195,1
0000021349,0000011187,1,0000000168,1
0000021350,0000011188,1,0000000341,2
0000021351,0000011189,1,0000000148,1
0000021352,0000011190,1,0000000263,1
0000021353,0000011191,1,0000000128,1
0000021354,0000011191,2,0000000171,1
0000021355,0000011191,3,0000000178,1
0000021356,0000011191,4,0000000298,1
0000021357,0000011191,5,0000000316,3
0000021358,0000011192,1,0000000418,1
0000021359,0000011192,2,0000000313,1
0000021360,0000011193,1,0000000442,1
0000021361,0000011194,1,0000000064,1
0000021362,0000011194,2,0000000078,3
0000021363,0000011194,3,0000000342,3
0000021364,0000011194,4,0000000161,2
0000021365,0000011195,1,0000000418,2
0000021366,0000011195,2,0000000494,3
0000021367,0000011195,3,0000000288,2
0000021368,0000011196,1,0000000350,1
0000021369,0000011196,2,0000000073,1
0000021370,0000011197,1,0000000018,2
0000021371,0000011197,2,0000000469,1
0000021372,0000011197,3,0000000275,1
0000021373,0000011197,4,0000000030,1
0000021374,0000011197,5,0000000406,1
0000021375,0000011198,1,0000000118,1
0000021376,0000011199,1,0000000256,1
0000021377,0000011199,2,0000000045,1
0000021378,0000011199,3,0000000150,1
0000021379,0000011200,1,0000000315,1
0000021380,0000011201,1,0000000175,4
0000021381,0000011201,2,0000000461,1
0000021382,0000011201,3,0000000418,2
0000021383,0000011201,4,0000000272,1
0000021384,0000011201,5,0000000106,1
0000021385,0000011202,1,0000000118,3
0000021386,0000011202,2,0000000198,2
0000021387,0000011203,1,0000000075,2
0000021388,0000011204,1,0000000175,1
0000021389,0000011204,2,0000000324,1
0000021390,0000011205,1,0000000458,1
0000021391,0000011205,2,0000000131,1
0000021392,0000011206,1,0000000178,1
0000021393,0000011207,1,0000000174,2
0000021394,0000011207,2,0000000190,1
0000021395,0000011208,1,0000000056,2
0000021396,0000011209,1,0000000468,1
0000021397,0000011209,2,0000000472,1
0000021398,0000011209,3,0000000280,3
0000021399,0000011209,4,0000000459,1
0000021400,0000011210,1,0000000143,1
0000021401,0000011210,2,0000000439,1
0000021402,0000011210,3,0000000444,1
0000021403,0000011210,4,0000000245,1
0000021404,0000011210,5,0000000001,1
0000021405,0000011211,1,0000000142,1
0000021406,0000011211,2,0000000009,3
0000021407,0000011212,1,0000000389,1
0000021408,0000011213,1,0000000179,1
0000021409,0000011213,2,0000000215,1
0000021410,0000011214,1,0000000342,2
0000021411,0000011214,2,0000000031,4
0000021412,0000011214,3,0000000063,1
0000021413,0000011214,4,0000000358,1
0000021414,0000011214,5,0000000226,1
0000021415,0000011215,1,0000000374,1
0000021416,0000011216,1,0000000452,1
0000021417,0000011216,2,0000000463,2
0000021418,0000011216,3,0000000489,1
0000021419,0000011217,1,0000000093,2
0000021420,0000011217,2,0000000130,1
0000021421,0000011218,1,0000000408,1
0000021422,0000011219,1,0000000005,1
0000021423,0000011219,2,0000000313,1
0000021424,0000011220,1,0000000396,1
0000021425,0000011221,1,0000000040,1
0000021426,0000011221,2,0000000317,4
0000021427,0000011222,1,0000000014,1
0000021428,0000011223,1,0000000190,1
0000021429,0000011224,1,0000000308,3
0000021430,0000011224,2,0000000360,2
0000021431,0000011225,1,0000000159,4
0000021432,0000011226,1,0000000313,1
0000021433,0000011227,1,0000000414,1
0000021434,0000011228,1,0000000458,2
0000021435,0000011228,2,0000000077,2
0000021436,0000011228,3,0000000419,1
0000021437,0000011228,4,0000000450,1
0000021438,0000011229,1,0000000149,1
0000021439,0000011229,2,0000000002,1
0000021440,0000011230,1,0000000104,2
0000021441,0000011230,2,0000000183,1
0000021442,0000011230,3,0000000255,2
0000021443,0000011230,4,0000000327,2
0000021444,0000011231,1,0000000136,1
0000021445,0000011231,2,0000000241,3
0000021446,0000011232,1,0000000152,1
0000021447,0000011232,2,0000000409,1
0000021448,0000011233,1,0000000157,1
0000021449,0000011234,1,0000000217,1
0000021450,0000011234,2,0000000445,3
0000021451,0000011234,3,0000000123,4
0000021452,0000011235,1,0000000142,1
0000021453,0000011236,1,0000000331,1
0000021454,0000011236,2,0000000258,1
0000021455,0000011236,3,0000000426,1
0000021456,0000011237,1,0000000129,1
0000021457,0000011238,1,0000000343,1
0000021458,0000011238,2,0000000053,1
0000021459,0000011239,1,0000000411,1
0000021460,0000011239,2,0000000126,1
0000021461,0000011239,3,0000000398,1
0000021462,0000011239,4,0000000257,2
0000021463,0000011240,1,0000000140,2
0000021464,0000011241,1,0000000271,1
0000021465,0000011241,2,0000000307,1
0000021466,0000011241,3,0000000248,2
0000021467,0000011242,1,0000000134,4
0000021468,0000011243,1,0000000019,1
0000021469,0000011244,1,0000000114,1
0000021470,0000011245,1,0000000486,2
0000021471,0000011246,1,0000000351,1
0000021472,0000011246,2,0000000059,1
0000021473,0000011246,3,0000000190,2
0000021474,0000011247,1,0000000038,1
0000021475,0000011248,1,0000000210,1
0000021476,0000011249,1,0000000297,2
0000021477,0000011249,2,0000000455,1
0000021478,0000011250,1,0000000469,1
0000021479,0000011251,1,0000000146,1
0000021480,0000011251,2,0000000365,1
0000021481,0000011252,1,0000000230,1
0000021482,0000011252,2,0000000172,2
0000021483,0000011252,3,0000000423,1
0000021484,0000011252,4,0000000464,1
0000021485,0000011253,1,0000000322,1
0000021486,0000011254,1,0000000500,1
0000021487,0000011255,1,0000000386,3
0000021488,0000011256,1,0000000058,2
0000021489,0000011257,1,0000000101,1
0000021490,0000011257,2,0000000466,2
0000021491,0000011257,3,0000000012,2
0000021492,0000011258,1,0000000431,1
0000021493,0000011258,2,0000000236,1
0000021494,0000011259,1,0000000191,1
0000021495,0000011260,1,0000000353,1
0000021496,0000011261,1,0000000248,2
0000021497,0000011262,1,0000000219,1
0000021498,0000011262,2,0000000264,1
0000021499,0000011262,3,0000000104,1
0000021500,0000011263,1,0000000386,1
0000021501,0000011263,2,0000000400,1
0000021502,0000011263,3,0000000491,2
0000021503,0000011264,1,0000000039,2
0000021504,0000011265,1,0000000289,1
0000021505,0000011265,2,0000000159,1
0000021506,0000011266,1,0000000144,1
0000021507,0000011266,2,0000000238,2
0000021508,0000011267,1,0000000465,2
0000021509,0000011267,2,0000000120,3
0000021510,0000011268,1,0000000362,1
0000021511,0000011269,1,0000000083,1
0000021512,0000011270,1,0000000483,1
0000021513,0000011270,2,0000000296,1
0000021514,0000011270,3,0000000163,1
0000021515,0000011271,1,0000000182,1
0000021516,0000011271,2,0000000291,2
0000021517,0000011272,1,0000000155,1
0000021518,0000011272,2,0000000246,1
0000021519,0000011272,3,0000000095,1
0000021520,0000011273,1,0000000493,3
0000021521,0000011274,1,0000000406,1
0000021522,0000011274,2,0000000449,1
0000021523,0000011274,3,0000000431,1
0000021524,0000011275,1,0000000443,3
0000021525,0000011275,2,0000000367,2
0000021526,0000011275,3,0000000005,1
0000021527,0000011276,1,0000000147,2
0000021528,0000011277,1,0000000142,1
0000021529,0000011277,2,0000000171,2
0000021530,0000011278,1,0000000368,2
0000021531,0000011279,1,0000000395,2
0000021532,0000011280,1,0000000357,1
0000021533,0000011280,2,0000000377,3
0000021534,0000011280,3,0000000211,2
0000021535,0000011280,4,0000000326,1
0000021536,0000011280,5,0000000468,1
0000021537,0000011281,1,0000000157,1
0000021538,0000011281,2,0000000440,1
0000021539,0000011281,3,0000000296,4
0000021540,0000011282,1,0000000450,1
0000021541,0000011282,2,0000000180,4
0000021542,0000011282,3,0000000080,1
0000021543,0000011283,1,0000000105,1
0000021544,0000011283,2,0000000429,1
0000021545,0000011283,3,0000000412,2
0000021546,0000011283,4,0000000152,1
0000021547,0000011284,1,0000000135,1
0000021548,0000011284,2,0000000154,2
0000021549,0000011285,1,0000000114,1
0000021550,0000011285,2,0000000093,2
0000021551,0000011285,3,0000000039,1
0000021552,0000011286,1,0000000160,2
0000021553,0000011287,1,0000000045,1
0000021554,0000011287,2,0000000473,3
0000021555,0000011288,1,0000000176,1
0000021556,0000011289,1,0000000045,1
0000021557,0000011290,1,0000000468,1
0000021558,0000011291,1,0000000418,2
0000021559,0000011291,2,0000000408,3
0000021560,0000011291,3,0000000330,1
0000021561,0000011291,4,0000000199,1
0000021562,0000011292,1,0000000059,3
0000021563,0000011292,2,0000000142,3
0000021564,0000011292,3,0000000318,3
0000021565,0000011292,4,0000000486,1
0000021566,0000011292,5,0000000414,3
0000021567,0000011293,1,0000000351,2
0000021568,0000011293,2,0000000318,2
0000021569,0000011294,1,0000000131,1
0000021570,0000011294,2,0000000347,1
0000021571,0000011294,3,0000000296,2
0000021572,0000011294,4,0000000406,1
0000021573,0000011295,1,0000000124,2
0000021574,0000011295,2,0000000262,1
0000021575,0000011296,1,0000000242,3
0000021576,0000011297,1,0000000322,1
0000021577,0000011297,2,0000000196,1
0000021578,0000011298,1,0000000017,1
0000021579,0000011298,2,0000000375,1
0000021580,0000011298,3,0000000293,1
0000021581,0000011298,4,0000000099,1
0000021582,0000011298,5,0000000013,3
0000021583,0000011299,1,0000000450,2
0000021584,0000011300,1,0000000307,2
0000021585,0000011300,2,0000000340,1
0000021586,0000011301,1,0000000184,1
0000021587,0000011302,1,0000000423,2
0000021588,0000011302,2,0000000341,1
0000021589,0000011303,1,0000000062,1
0000021590,0000011304,1,0000000353,1
0000021591,0000011304,2,0000000424,1
0000021592,0000011305,1,0000000239,1
0000021593,0000011305,2,0000000389,3
0000021594,0000011306,1,0000000421,4
0000021595,0000011307,1,0000000369,1
0000021596,0000011308,1,0000000432,3
0000021597,0000011309,1,0000000311,3
0000021598,0000011309,2,0000000336,4
0000021599,0000011309,3,0000000473,1
0000021600,0000011310,1,0000000210,3
0000021601,0000011311,1,0000000010,2
0000021602,0000011311,2,0000000383,1
0000021603,0000011311,3,0000000104,1
0000021604,0000011311,4,0000000272,3
0000021605,0000011312,1,0000000128,2
0000021606,0000011313,1,0000000417,1
0000021607,0000011314,1,0000000495,1
0000021608,0000011314,2,0000000076,1
0000021609,0000011315,1,0000000188,1
0000021610,0000011315,2,0000000276,2
0000021611,0000011316,1,0000000149,2
0000021612,0000011316,2,0000000118,4
0000021613,0000011316,3,0000000058,2
0000021614,0000011317,1,0000000307,3
0000021615,0000011318,1,0000000253,1
0000021616,0000011318,2,0000000292,1
0000021617,0000011319,1,0000000416,1
0000021618,0000011320,1,0000000121,1
0000021619,0000011320,2,0000000357,1
0000021620,0000011321,1,0000000458,1
0000021621,0000011322,1,0000000089,1
0000021622,0000011323,1,0000000006,2
0000021623,0000011324,1,0000000002,1
0000021624,0000011324,2,0000000024,2
0000021625,0000011324,3,0000000242,1
0000021626,0000011325,1,0000000344,1
0000021627,0000011326,1,0000000421,1
0000021628,0000011327,1,0000000020,1
0000021629,0000011327,2,0000000127,1
0000021630,0000011328,1,0000000194,2
0000021631,0000011328,2,0000000105,2
0000021632,0000011329,1,0000000476,1
0000021633,0000011330,1,0000000051,4
0000021634,0000011331,1,0000000386,1
0000021635,0000011332,1,0000000475,1
0000021636,0000011332,2,0000000288,2
0000021637,0000011332,3,0000000047,2
0000021638,0000011332,4,0000000262,1
0000021639,0000011333,1,0000000153,1
0000021640,0000011334,1,0000000095,1
0000021641,0000011334,2,0000000240,1
0000021642,0000011335,1,0000000405,1
0000021643,0000011335,2,0000000265,1
0000021644,0000011335,3,0000000457,1
0000021645,0000011336,1,0000000149,1
0000021646,0000011337,1,0000000178,1
0000021647,0000011338,1,0000000041,1
0000021648,0000011338,2,0000000109,4
0000021649,0000011339,1,0000000398,1
0000021650,0000011340,1,0000000426,1
0000021651,0000011340,2,0000000260,4
0000021652,0000011340,3,0000000306,1
0000021653,0000011341,1,0000000021,1
0000021654,0000011341,2,0000000361,1
0000021655,0000011342,1,0000000168,1
0000021656,0000011343,1,0000000467,1
0000021657,0000011343,2,0000000459,1
0000021658,0000011343,3,0000000038,1
0000021659,0000011344,1,0000000143,1
0000021660,0000011345,1,0000000008,1
0000021661,0000011346,1,0000000128,1
0000021662,0000011346,2,0000000066,2
0000021663,0000011347,1,0000000403,1
0000021664,0000011348,1,0000000339,2
0000021665,0000011348,2,0000000374,1
0000021666,0000011348,3,0000000019,3
0000021667,0000011348,4,0000000139,1
0000021668,0000011349,1,0000000306,2
0000021669,0000011349,2,0000000408,1
0000021670,0000011350,1,0000000324,1
0000021671,0000011351,1,0000000005,1
0000021672,0000011351,2,0000000483,1
0000021673,0000011352,1,0000000180,4
0000021674,0000011353,1,0000000485,1
0000021675,0000011353,2,0000000105,1
0000021676,0000011354,1,0000000035,3
0000021677,0000011355,1,0000000004,2
0000021678,0000011355,2,0000000437,1
0000021679,0000011356,1,0000000361,3
0000021680,0000011357,1,0000000418,3
0000021681,0000011358,1,0000000313,1
0000021682,0000011359,1,0000000458,1
0000021683,0000011360,1,0000000220,1
0000021684,0000011361,1,0000000188,1
0000021685,0000011361,2,0000000346,2
0000021686,0000011361,3,0000000288,1
0000021687,0000011362,1,0000000431,3
0000021688,0000011362,2,0000000064,1
0000021689,0000011362,3,0000000022,2
0000021690,0000011362,4,0000000348,1
0000021691,0000011362,5,0000000314,1
0000021692,0000011363,1,0000000133,2
0000021693,0000011363,2,0000000171,1
0000021694,0000011363,3,0000000348,1
0000021695,0000011363,4,0000000258,2
0000021696,0000011364,1,0000000485,1
0000021697,0000011364,2,0000000259,1
0000021698,0000011365,1,0000000488,1
0000021699,0000011366,1,0000000084,2
0000021700,0000011367,1,0000000277,1
0000021701,0000011368,1,0000000143,1
0000021702,0000011369,1,0000000139,1
0000021703,0000011370,1,0000000108,1
0000021704,0000011370,2,0000000082,4
0000021705,0000011371,1,0000000147,1
0000021706,0000011371,2,0000000044,1
0000021707,0000011372,1,0000000029,1
0000021708,0000011373,1,0000000432,1
0000021709,0000011373,2,0000000101,1
0000021710,0000011373,3,0000000231,1
0000021711,0000011373,4,0000000423,3
0000021712,0000011373,5,0000000137,3
0000021713,0000011374,1,0000000330,1
0000021714,0000011374,2,0000000486,1
0000021715,0000011375,1,0000000335,1
0000021716,0000011375,2,0000000038,1
0000021717,0000011376,1,0000000151,1
0000021718,0000011376,2,0000000125,2
0000021719,0000011377,1,0000000171,1
0000021720,0000011378,1,0000000308,1
0000021721,0000011379,1,0000000420,2
0000021722,0000011379,2,0000000019,1
0000021723,0000011379,3,0000000443,1
0000021724,0000011379,4,0000000280,3
0000021725,0000011380,1,0000000408,1
0000021726,0000011380,2,0000000069,1
0000021727,0000011380,3,0000000242,1
0000021728,0000011380,4,0000000420,1
0000021729,0000011381,1,0000000252,1
0000021730,0000011382,1,0000000229,4
0000021731,0000011383,1,0000000212,1
0000021732,0000011384,1,0000000366,2
0000021733,0000011384,2,0000000109,1
0000021734,0000011384,3,0000000028,1
0000021735,0000011384,4,0000000101,2
0000021736,0000011384,5,0000000019,1
0000021737,0000011385,1,0000000350,1
0000021738,0000011386,1,0000000315,1
0000021739,0000011386,2,0000000403,1
0000021740,0000011387,1,0000000137,2
0000021741,0000011388,1,0000000141,1
0000021742,0000011388,2,0000000208,4
0000021743,0000011388,3,0000000131,1
0000021744,0000011388,4,0000000201,1
0000021745,0000011388,5,0000000114,1
0000021746,0000011389,1,0000000256,2
0000021747,0000011389,2,0000000399,1
0000021748,0000011390,1,0000000208,1
0000021749,0000011391,1,0000000488,4
0000021750,0000011391,2,0000000026,1
0000021751,0000011391,3,0000000115,1
0000021752,0000011392,1,0000000189,1
0000021753,0000011392,2,0000000204,1
0000021754,0000011393,1,0000000020,4
0000021755,0000011393,2,0000000214,1
0000021756,0000011393,3,0000000079,1
0000021757,0000011393,4,0000000264,2
0000021758,0000011394,1,0000000048,1
0000021759,0000011395,1,0000000488,1
0000021760,0000011396,1,0000000174,1
0000021761,0000011396,2,0000000498,3
0000021762,0000011397,1,0000000365,1
0000021763,0000011397,2,0000000349,2
0000021764,0000011398,1,0000000015,1
0000021765,0000011398,2,0000000018,1
0000021766,0000011399,1,0000000050,3
0000021767,0000011400,1,0000000373,1
0000021768,0000011401,1,0000000477,4
0000021769,0000011401,2,0000000087,3
0000021770,0000011402,1,0000000235,1
0000021771,0000011402,2,0000000497,3
0000021772,0000011402,3,0000000204,2
0000021773,0000011402,4,0000000325,1
0000021774,0000011403,1,0000000485,2
0000021775,0000011404,1,0000000302,3
0000021776,0000011404,2,0000000417,2
0000021777,0000011404,3,0000000018,1
0000021778,0000011405,1,0000000349,1
0000021779,0000011405,2,0000000067,1
0000021780,0000011405,3,0000000444,1
0000021781,0000011405,4,0000000052,1
0000021782,0000011406,1,0000000019,1
0000021783,0000011407,1,0000000023,1
0000021784,0000011408,1,0000000393,1
0000021785,0000011408,2,0000000023,1
0000021786,0000011408,3,0000000170,1
0000021787,0000011408,4,0000000189,3
0000021788,0000011409,1,0000000245,2
0000021789,0000011410,1,0000000392,4
0000021790,0000011410,2,0000000328,1
0000021791,0000011411,1,0000000428,1
0000021792,0000011412,1,0000000368,2
0000021793,0000011413,1,0000000413,1
0000021794,0000011414,1,0000000125,4
0000021795,0000011414,2,0000000284,1
0000021796,0000011415,1,0000000083,3
0000021797,0000011416,1,0000000149,4
0000021798,0000011416,2,0000000312,1
0000021799,0000011416,3,0000000017,1
0000021800,0000011416,4,0000000005,2
0000021801,0000011417,1,0000000299,1
0000021802,0000011417,2,0000000301,1
0000021803,0000011417,3,0000000279,1
0000021804,0000011417,4,0000000405,1
0000021805,0000011418,1,0000000356,2
0000021806,0000011419,1,0000000124,1
0000021807,0000011419,2,0000000015,1
0000021808,0000011420,1,0000000253,1
0000021809,0000011420,2,0000000436,1
0000021810,0000011421,1,0000000063,1
0000021811,0000011421,2,0000000049,3
0000021812,0000011422,1,0000000003,1
0000021813,0000011422,2,0000000370,3
0000021814,0000011422,3,0000000094,1
0000021815,0000011423,1,0000000332,1
0000021816,0000011424,1,0000000264,1
0000021817,0000011424,2,0000000158,1
0000021818,0000011425,1,0000000045,2
0000021819,0000011426,1,0000000316,1
0000021820,0000011426,2,0000000078,3
0000021821,0000011426,3,0000000083,2
0000021822,0000011426,4,0000000493,1
0000021823,0000011427,1,0000000100,1
0000021824,0000011428,1,0000000481,1
0000021825,0000011429,1,0000000038,1
0000021826,0000011429,2,0000000108,4
0000021827,0000011429,3,0000000486,1
0000021828,0000011430,1,0000000008,1
0000021829,0000011431,1,0000000074,1
0000021830,0000011432,1,0000000079,1
0000021831,0000011432,2,0000000061,2
0000021832,0000011432,3,0000000332,1
0000021833,0000011433,1,0000000478,1
0000021834,0000011433,2,0000000325,1
0000021835,0000011434,1,0000000280,1
0000021836,0000011434,2,0000000180,1
0000021837,0000011434,3,0000000324,2
0000021838,0000011434,4,0000000356,1
0000021839,0000011435,1,0000000036,1
0000021840,0000011435,2,0000000151,3
0000021841,0000011435,3,0000000131,1
0000021842,0000011436,1,0000000207,1
0000021843,0000011437,1,0000000192,1
0000021844,0000011438,1,0000000070,2
0000021845,0000011439,1,0000000219,1
0000021846,0000011440,1,0000000238,1
0000021847,0000011440,2,0000000125,1
0000021848,0000011441,1,0000000464,1
0000021849,0000011442,1,0000000132,2
0000021850,0000011442,2,0000000401,1
0000021851,0000011442,3,0000000212,1
0000021852,0000011443,1,0000000093,1
0000021853,0000011444,1,0000000217,1
0000021854,0000011444,2,0000000368,1
0000021855,0000011445,1,0000000266,1
0000021856,0000011445,2,0000000118,1
0000021857,0000011445,3,0000000442,1
0000021858,0000011445,4,0000000171,2
0000021859,0000011446,1,0000000181,1
0000021860,0000011446,2,0000000158,1
0000021861,0000011446,3,0000000025,1
0000021862,0000011447,1,0000000165,1
0000021863,0000011448,1,0000000108,1
0000021864,0000011448,2,0000000347,3
0000021865,0000011449,1,0000000330,3
0000021866,0000011449,2,0000000270,3
0000021867,0000011450,1,0000000277,1
0000021868,0000011451,1,0000000394,2
0000021869,0000011451,2,0000000264,4
0000021870,0000011452,1,0000000268,1
0000021871,0000011452,2,0000000470,1
0000021872,0000011452,3,0000000236,2
0000021873,0000011452,4,0000000397,1
0000021874,0000011453,1,0000000234,3
0000021875,0000011454,1,0000000293,1
0000021876,0000011454,2,0000000381,1
0000021877,0000011454,3,0000000283,2
0000021878,0000011454,4,0000000346,2
0000021879,0000011455,1,0000000452,1
0000021880,0000011455,2,0000000350,3
0000021881,0000011455,3,0000000387,4
0000021882,0000011456,1,0000000152,3
0000021883,0000011457,1,0000000209,2
0000021884,0000011457,2,0000000410,1
0000021885,0000011458,1,0000000479,1
0000021886,0000011459,1,0000000362,1
0000021887,0000011459,2,0000000022,2
0000021888,0000011459,3,0000000190,2
0000021889,0000011459,4,0000000442,1
0000021890,0000011459,5,0000000160,2
0000021891,0000011460,1,0000000131,2
0000021892,0000011461,1,0000000347,1
0000021893,0000011461,2,0000000065,1
0000021894,0000011461,3,0000000233,2
0000021895,0000011461,4,0000000057,1
0000021896,0000011462,1,0000000135,1
0000021897,0000011462,2,0000000010,1
0000021898,0000011462,3,0000000251,1
0000021899,0000011462,4,0000000121,1
0000021900,0000011463,1,0000000497,2
0000021901,0000011464,1,0000000060,1
0000021902,0000011464,2,0000000416,1
0000021903,0000011464,3,0000000419,1
0000021904,0000011465,1,0000000227,2
0000021905,0000011466,1,0000000481,1
0000021906,0000011466,2,0000000269,1
0000021907,0000011467,1,0000000189,1
0000021908,0000011468,1,0000000427,1
0000021909,0000011468,2,0000000168,1
0000021910,0000011469,1,0000000450,1
0000021911,0000011470,1,0000000379,3
0000021912,0000011470,2,0000000291,1
0000021913,0000011470,3,0000000260,1
0000021914,0000011471,1,0000000439,1
0000021915,0000011471,2,0000000131,2
0000021916,0000011471,3,0000000431,1
0000021917,0000011471,4,0000000379,1
0000021918,0000011472,1,0000000441,1
0000021919,0000011473,1,0000000464,1
0000021920,0000011474,1,0000000204,1
0000021921,0000011475,1,0000000059,1
0000021922,0000011475,2,0000000038,1
0000021923,0000011476,1,0000000236,2
0000021924,0000011476,2,0000000258,1
0000021925,0000011476,3,0000000404,1
0000021926,0000011476,4,0000000202,1
0000021927,0000011476,5,0000000261,1
0000021928,0000011477,1,0000000400,1
0000021929,0000011477,2,0000000064,4
0000021930,0000011478,1,0000000127,1
0000021931,0000011479,1,0000000473,2
0000021932,0000011480,1,0000000425,1
0000021933,0000011481,1,0000000321,1
0000021934,0000011481,2,0000000115,1
0000021935,0000011482,1,0000000245,1
0000021936,0000011482,2,0000000191,2
0000021937,0000011483,1,0000000244,1
0000021938,0000011484,1,0000000402,1
0000021939,0000011484,2,0000000458,2
0000021940,0000011484,3,0000000479,3
0000021941,0000011484,4,0000000462,1
0000021942,0000011485,1,0000000280,1
0000021943,0000011485,2,0000000210,1
0000021944,0000011486,1,0000000260,1
0000021945,0000011487,1,0000000112,1
0000021946,0000011488,1,0000000100,1
0000021947,0000011489,1,0000000283,1
0000021948,0000011489,2,0000000208,1
0000021949,0000011489,3,0000000137,1
0000021950,0000011490,1,0000000183,1
0000021951,0000011491,1,0000000235,2
0000021952,0000011491,2,0000000170,2
0000021953,0000011491,3,0000000225,1
0000021954,0000011491,4,0000000172,3
0000021955,0000011492,1,0000000124,1
0000021956,0000011492,2,0000000023,1
0000021957,0000011493,1,0000000093,1
0000021958,0000011493,2,0000000427,1
0000021959,0000011493,3,0000000158,2
0000021960,0000011494,1,0000000330,1
0000021961,0000011495,1,0000000112,1
0000021962,0000011495,2,0000000186,2
0000021963,0000011496,1,0000000481,1
0000021964,0000011497,1,0000000291,1
0000021965,0000011498,1,0000000266,1
0000021966,0000011498,2,0000000135,1
0000021967,0000011499,1,0000000249,1
0000021968,0000011499,2,0000000076,1
0000021969,0000011500,1,0000000232,1
0000021970,0000011501,1,0000000242,1
0000021971,0000011501,2,0000000052,1
0000021972,0000011502,1,0000000026,1
0000021973,0000011503,1,0000000380,1
0000021974,0000011504,1,0000000211,3
0000021975,0000011504,2,0000000328,1
0000021976,0000011504,3,0000000021,3
0000021977,0000011505,1,0000000008,1
0000021978,0000011506,1,0000000226,3
0000021979,0000011507,1,0000000247,4
0000021980,0000011508,1,0000000030,1
0000021981,0000011508,2,0000000330,2
0000021982,0000011508,3,0000000391,1
0000021983,0000011509,1,0000000326,1
0000021984,0000011509,2,0000000228,1
0000021985,0000011510,1,0000000080,2
0000021986,0000011511,1,0000000171,1
0000021987,0000011511,2,0000000197,1
0000021988,0000011511,3,0000000379,1
0000021989,0000011512,1,0000000426,1
0000021990,0000011513,1,0000000054,1
0000021991,0000011514,1,0000000115,1
0000021992,0000011515,1,0000000240,3
0000021993,0000011515,2,0000000117,1
0000021994,0000011515,3,0000000401,4
0000021995,0000011516,1,0000000476,1
0000021996,0000011517,1,0000000293,2
0000021997,0000011517,2,0000000382,1
0000021998,0000011518,1,0000000234,1
0000021999,0000011519,1,0000000004,1
0000022000,0000011520,1,0000000400,1
0000022001,0000011521,1,0000000245,1
0000022002,0000011521,2,0000000132,1
0000022003,0000011521,3,0000000329,1
0000022004,0000011522,1,0000000388,1
0000022005,0000011523,1,0000000398,1
0000022006,0000011523,2,0000000262,1
0000022007,0000011524,1,0000000072,1
0000022008,0000011525,1,0000000008,1
0000022009,0000011525,2,0000000454,1
0000022010,0000011526,1,0000000020,1
0000022011,0000011526,2,0000000280,1
0000022012,0000011526,3,0000000363,1
0000022013,0000011527,1,0000000301,1
0000022014,0000011527,2,0000000425,1
0000022015,0000011527,3,0000000100,1
0000022016,0000011527,4,0000000162,1
0000022017,0000011528,1,0000000383,1
0000022018,0000011528,2,0000000001,1
0000022019,0000011528,3,0000000318,1
0000022020,0000011528,4,0000000104,1
0000022021,0000011529,1,0000000473,1
0000022022,0000011529,2,0000000112,1
0000022023,0000011529,3,0000000119,1
0000022024,0000011530,1,0000000110,2
0000022025,0000011530,2,0000000475,3
0000022026,0000011530,3,0000000167,1
0000022027,0000011531,1,0000000434,1
0000022028,0000011532,1,0000000229,4
0000022029,0000011532,2,0000000070,2
0000022030,0000011532,3,0000000175,1
0000022031,0000011532,4,0000000016,1
0000022032,0000011533,1,0000000238,3
0000022033,0000011533,2,0000000375,1
0000022034,0000011533,3,0000000311,1
0000022035,0000011533,4,0000000244,2
0000022036,0000011534,1,0000000307,1
0000022037,0000011534,2,0000000484,3
0000022038,0000011535,1,0000000344,1
0000022039,0000011536,1,0000000401,1
0000022040,0000011536,2,0000000114,2
0000022041,0000011536,3,0000000437,1
0000022042,0000011536,4,0000000010,1
0000022043,0000011537,1,0000000266,3
0000022044,0000011538,1,0000000456,2
0000022045,0000011538,2,0000000470,1
0000022046,0000011538,3,0000000007,4
0000022047,0000011538,4,0000000024,1
0000022048,0000011538,5,0000000230,1
0000022049,0000011539,1,0000000465,1
0000022050,0000011540,1,0000000143,1
0000022051,0000011541,1,0000000265,1
0000022052,0000011541,2,0000000472,1
0000022053,0000011541,3,0000000123,1
0000022054,0000011542,1,0000000053,1
0000022055,0000011542,2,0000000010,1
0000022056,0000011542,3,0000000311,4
0000022057,0000011542,4,0000000006,1
0000022058,0000011542,5,0000000154,2
0000022059,0000011543,1,0000000002,1
0000022060,0000011543,2,0000000067,3
0000022061,0000011543,3,0000000452,3
0000022062,0000011544,1,0000000170,3
0000022063,0000011545,1,0000000128,1
0000022064,0000011545,2,0000000035,1
0000022065,0000011546,1,0000000420,1
0000022066,0000011547,1,0000000105,1
0000022067,0000011547,2,0000000404,1
0000022068,0000011547,3,0000000498,1
0000022069,0000011547,4,0000000236,2
0000022070,0000011548,1,0000000010,2
0000022071,0000011549,1,0000000347,1
0000022072,0000011549,2,0000000170,2
0000022073,0000011550,1,0000000087,1
0000022074,0000011551,1,0000000352,2
0000022075,0000011552,1,0000000290,1
0000022076,0000011552,2,0000000201,1
0000022077,0000011553,1,0000000045,1
0000022078,0000011553,2,0000000133,1
0000022079,0000011553,3,0000000424,1
0000022080,0000011554,1,0000000258,1
0000022081,0000011555,1,0000000432,1
0000022082,0000011555,2,0000000108,1
0000022083,0000011556,1,0000000139,1
0000022084,0000011557,1,0000000011,2
0000022085,0000011558,1,0000000124,1
0000022086,0000011558,2,0000000064,4
0000022087,0000011558,3,0000000040,1
0000022088,0000011559,1,0000000268,1
0000022089,0000011559,2,0000000490,1
0000022090,0000011560,1,0000000002,1
0000022091,0000011560,2,0000000419,1
0000022092,0000011561,1,0000000041,1
0000022093,0000011562,1,0000000062,1
0000022094,0000011563,1,0000000459,1
0000022095,0000011564,1,0000000082,1
0000022096,0000011564,2,0000000150,1
0000022097,0000011565,1,0000000035,4
0000022098,0000011566,1,0000000490,4
0000022099,0000011567,1,0000000320,1
0000022100,0000011567,2,0000000064,1
0000022101,0000011567,3,0000000399,1
0000022102,0000011568,1,0000000190,1
0000022103,0000011568,2,0000000236,1
0000022104,0000011569,1,0000000241,2
0000022105,0000011569,2,0000000200,1
0000022106,0000011570,1,0000000335,1
0000022107,0000011571,1,0000000130,1
0000022108,0000011571,2,0000000032,1
0000022109,0000011572,1,0000000446,1
0000022110,0000011573,1,0000000140,1
0000022111,0000011573,2,0000000183,1
0000022112,0000011574,1,0000000263,1
0000022113,0000011575,1,0000000095,2
0000022114,0000011576,1,0000000437,2
0000022115,0000011577,1,0000000003,1
0000022116,0000011578,1,0000000199,2
0000022117,0000011579,1,0000000031,1
0000022118,0000011580,1,0000000498,1
0000022119,0000011580,2,0000000089,1
0000022120,0000011580,3,0000000374,2
0000022121,0000011580,4,0000000049,2
0000022122,0000011581,1,0000000454,1
0000022123,0000011581,2,0000000403,1
0000022124,0000011581,3,0000000097,1
0000022125,0000011581,4,0000000071,1
0000022126,0000011582,1,0000000275,4
0000022127,0000011582,2,0000000185,1
0000022128,0000011582,3,0000000004,1
0000022129,0000011583,1,0000000086,2
0000022130,0000011584,1,0000000498,2
0000022131,0000011584,2,0000000218,1
0000022132,0000011585,1,0000000322,1
0000022133,0000011585,2,0000000316,1
0000022134,0000011586,1,0000000114,1
0000022135,0000011586,2,0000000488,1
0000022136,0000011586,3,0000000492,3
0000022137,0000011587,1,0000000154,1
0000022138,0000011587,2,0000000387,1
0000022139,0000011587,3,0000000075,1
0000022140,0000011587,4,0000000248,1
0000022141,0000011588,1,0000000382,3
0000022142,0000011588,2,0000000238,3
0000022143,0000011588,3,0000000373,2
0000022144,0000011589,1,0000000363,2
0000022145,0000011589,2,0000000279,1
0000022146,0000011589,3,0000000060,2
0000022147,0000011590,1,0000000026,1
0000022148,0000011590,2,0000000269,1
0000022149,0000011590,3,0000000264,1
0000022150,0000011591,1,0000000436,2
0000022151,0000011591,2,0000000050,2
0000022152,0000011591,3,0000000476,1
0000022153,0000011592,1,0000000342,1
0000022154,0000011592,2,0000000140,2
0000022155,0000011593,1,0000000336,3
0000022156,0000011593,2,0000000060,3
0000022157,0000011593,3,0000000386,1
0000022158,0000011593,4,0000000111,1
0000022159,0000011594,1,0000000027,2
0000022160,0000011594,2,0000000349,1
0000022161,0000011595,1,0000000047,3
0000022162,0000011596,1,0000000440,1
0000022163,0000011596,2,0000000461,3
0000022164,0000011597,1,0000000209,1
0000022165,0000011597,2,0000000003,3
0000022166,0000011598,1,0000000489,1
0000022167,0000011598,2,0000000494,1
0000022168,0000011599,1,0000000348,2
0000022169,0000011599,2,0000000244,1
0000022170,0000011600,1,0000000319,1
0000022171,0000011600,2,0000000272,2
0000022172,0000011600,3,0000000316,1
0000022173,0000011600,4,0000000406,1
0000022174,0000011600,5,0000000168,1
0000022175,0000011601,1,0000000453,1
0000022176,0000011602,1,0000000070,2
0000022177,0000011602,2,0000000224,1
0000022178,0000011603,1,0000000454,1
0000022179,0000011603,2,0000000060,1
0000022180,0000011604,1,0000000147,1
0000022181,0000011605,1,0000000299,1
0000022182,0000011606,1,0000000157,2
0000022183,0000011606,2,0000000024,3
0000022184,0000011607,1,0000000286,1
0000022185,0000011608,1,0000000291,1
0000022186,0000011608,2,0000000343,1
0000022187,0000011608,3,0000000471,3
0000022188,0000011608,4,0000000334,1
0000022189,0000011608,5,0000000279,1
0000022190,0000011609,1,0000000280,2
0000022191,0000011609,2,0000000202,1
0000022192,0000011609,3,0000000371,1
0000022193,0000011610,1,0000000360,1
0000022194,0000011610,2,0000000438,1
0000022195,0000011611,1,0000000096,3
0000022196,0000011612,1,0000000062,1
0000022197,0000011613,1,0000000430,1
0000022198,0000011614,1,0000000103,2
0000022199,0000011614,2,0000000327,1
0000022200,0000011614,3,0000000311,1
0000022201,0000011614,4,0000000323,2
0000022202,0000011614,5,0000000439,2
0000022203,0000011615,1,0000000218,2
0000022204,0000011615,2,0000000194,1
0000022205,0000011615,3,0000000199,1
0000022206,0000011615,4,0000000405,2
0000022207,0000011615,5,0000000173,2
0000022208,0000011616,1,0000000052,1
0000022209,0000011617,1,0000000345,1
0000022210,0000011617,2,0000000027,1
0000022211,0000011618,1,0000000255,4
0000022212,0000011618,2,0000000177,1
0000022213,0000011619,1,0000000385,1
0000022214,0000011619,2,0000000059,1
0000022215,0000011619,3,0000000040,1
0000022216,0000011619,4,0000000128,1
0000022217,0000011620,1,0000000227,1
0000022218,0000011620,2,0000000454,1
0000022219,0000011620,3,0000000176,1
0000022220,0000011620,4,0000000078,1
0000022221,0000011621,1,0000000414,1
0000022222,0000011622,1,0000000256,1
0000022223,0000011622,2,0000000367,2
0000022224,0000011622,3,0000000404,1
0000022225,0000011622,4,0000000458,1
0000022226,0000011623,1,0000000260,4
0000022227,0000011623,2,0000000203,1
0000022228,0000011624,1,0000000082,1
0000022229,0000011624,2,0000000374,4
0000022230,0000011624,3,0000000069,1
0000022231,0000011624,4,0000000075,1
0000022232,0000011625,1,0000000396,1
0000022233,0000011625,2,0000000243,2
0000022234,0000011626,1,0000000368,1
0000022235,0000011627,1,0000000117,1
0000022236,0000011627,2,0000000173,1
0000022237,0000011627,3,0000000253,1
0000022238,0000011628,1,0000000032,1
0000022239,0000011629,1,0000000237,2
0000022240,0000011630,1,0000000158,1
0000022241,0000011630,2,0000000143,1
0000022242,0000011630,3,0000000493,3
0000022243,0000011630,4,0000000156,1
0000022244,0000011631,1,0000000347,1
0000022245,0000011632,1,0000000322,1
0000022246,0000011632,2,0000000039,1
0000022247,0000011633,1,0000000401,2
0000022248,0000011633,2,0000000367,1
0000022249,0000011633,3,0000000092,2
0000022250,0000011633,4,0000000196,1
0000022251,0000011634,1,0000000362,4
0000022252,0000011634,2,0000000275,1
0000022253,0000011635,1,0000000227,1
0000022254,0000011636,1,0000000240,3
0000022255,0000011637,1,0000000104,1
0000022256,0000011638,1,0000000484,3
0000022257,0000011638,2,0000000330,3
0000022258,0000011638,3,0000000412,2
0000022259,0000011638,4,0000000262,1
0000022260,0000011638,5,0000000373,1
0000022261,0000011639,1,0000000383,1
0000022262,0000011639,2,0000000103,3
0000022263,0000011640,1,0000000452,3
0000022264,0000011641,1,0000000057,1
0000022265,0000011642,1,0000000113,1
0000022266,0000011642,2,0000000039,3
0000022267,0000011643,1,0000000469,1
0000022268,0000011643,2,0000000284,1
0000022269,0000011643,3,0000000132,1
0000022270,0000011644,1,0000000347,2
0000022271,0000011644,2,0000000348,1
0000022272,0000011644,3,0000000149,1
0000022273,0000011644,4,0000000329,1
0000022274,0000011644,5,0000000298,2
0000022275,0000011645,1,0000000467,1
0000022276,0000011645,2,0000000243,2
0000022277,0000011646,1,0000000212,4
0000022278,0000011646,2,0000000030,2
0000022279,0000011646,3,0000000426,1
0000022280,0000011647,1,0000000324,1
0000022281,0000011648,1,0000000427,1
0000022282,0000011649,1,0000000397,2
0000022283,0000011650,1,0000000186,4
0000022284,0000011651,1,0000000395,1
0000022285,0000011651,2,0000000390,2
0000022286,0000011651,3,0000000070,2
0000022287,0000011652,1,0000000310,1
0000022288,0000011653,1,0000000142,1
0000022289,0000011653,2,0000000035,1
0000022290,0000011654,1,0000000106,1
0000022291,0000011654,2,0000000400,1
0000022292,0000011655,1,0000000107,4
0000022293,0000011655,2,0000000071,1
0000022294,0000011656,1,0000000142,1
0000022295,0000011656,2,0000000156,1
0000022296,0000011657,1,0000000130,3
0000022297,0000011658,1,0000000282,1
0000022298,0000011659,1,0000000011,1
0000022299,0000011660,1,0000000498,2
0000022300,0000011660,2,0000000496,1
0000022301,0000011660,3,0000000329,2
0000022302,0000011660,4,0000000417,3
0000022303,0000011660,5,0000000466,1
0000022304,0000011661,1,0000000226,1
0000022305,0000011661,2,0000000217,1
0000022306,0000011662,1,0000000452,1
0000022307,0000011662,2,0000000015,3
0000022308,0000011663,1,0000000006,2
0000022309,0000011663,2,0000000129,2
0000022310,0000011663,3,0000000022,1
0000022311,0000011663,4,0000000231,1
0000022312,0000011664,1,0000000421,1
0000022313,0000011665,1,0000000217,1
0000022314,0000011666,1,0000000066,3
0000022315,0000011666,2,0000000272,1
0000022316,0000011667,1,0000000474,1
0000022317,0000011668,1,0000000112,1
0000022318,0000011669,1,0000000288,1
0000022319,0000011669,2,0000000421,1
0000022320,0000011669,3,0000000442,2
0000022321,0000011669,4,0000000171,2
0000022322,0000011670,1,0000000342,2
0000022323,0000011671,1,0000000479,1
0000022324,0000011672,1,0000000475,1
0000022325,0000011673,1,0000000465,1
0000022326,0000011673,2,0000000252,1
0000022327,0000011673,3,0000000438,1
0000022328,0000011673,4,0000000324,2
0000022329,0000011674,1,0000000059,2
0000022330,0000011675,1,0000000195,1
0000022331,0000011675,2,0000000026,1
0000022332,0000011676,1,0000000201,1
0000022333,0000011677,1,0000000131,1
0000022334,0000011677,2,0000000312,3
0000022335,0000011677,3,0000000002,1
0000022336,0000011677,4,0000000257,1
0000022337,0000011678,1,0000000305,2
0000022338,0000011679,1,0000000135,1
0000022339,0000011679,2,0000000458,1
0000022340,0000011679,3,0000000146,2
0000022341,0000011679,4,0000000489,1
0000022342,0000011680,1,0000000227,2
0000022343,0000011680,2,0000000486,1
0000022344,0000011681,1,0000000121,1
0000022345,0000011681,2,0000000032,2
0000022346,0000011682,1,0000000367,1
0000022347,0000011682,2,0000000452,1
0000022348,0000011682,3,0000000060,1
0000022349,0000011683,1,0000000320,2
0000022350,0000011683,2,0000000114,1
0000022351,0000011684,1,0000000223,1
0000022352,0000011685,1,0000000365,2
0000022353,0000011686,1,0000000306,1
0000022354,0000011686,2,0000000348,1
0000022355,0000011686,3,0000000232,1
0000022356,0000011687,1,0000000259,3
0000022357,0000011688,1,0000000197,1
0000022358,0000011689,1,0000000206,1
0000022359,0000011689,2,0000000211,1
0000022360,0000011689,3,0000000487,2
0000022361,0000011689,4,0000000322,3
0000022362,0000011689,5,0000000353,2
0000022363,0000011690,1,0000000402,1
0000022364,0000011691,1,0000000400,1
0000022365,0000011691,2,0000000003,1
0000022366,0000011691,3,0000000238,1
0000022367,0000011691,4,0000000458,2
0000022368,0000011692,1,0000000181,3
0000022369,0000011692,2,0000000440,2
0000022370,0000011693,1,0000000415,1
0000022371,0000011693,2,0000000431,1
0000022372,0000011693,3,0000000186,1
0000022373,0000011693,4,0000000465,1
0000022374,0000011694,1,0000000167,2
0000022375,0000011694,2,0000000182,3
0000022376,0000011694,3,0000000154,2
0000022377,0000011694,4,0000000257,1
0000022378,0000011694,5,0000000239,1
0000022379,0000011695,1,0000000328,1
0000022380,0000011695,2,0000000435,1
0000022381,0000011695,3,0000000150,2
0000022382,0000011696,1,0000000459,1
0000022383,0000011696,2,0000000046,1
0000022384,0000011696,3,0000000302,1
0000022385,0000011697,1,0000000286,1
0000022386,0000011698,1,0000000339,1
0000022387,0000011699,1,0000000033,2
0000022388,0000011699,2,0000000131,1
0000022389,0000011700,1,0000000398,1
0000022390,0000011700,2,0000000185,1
0000022391,0000011701,1,0000000283,1
0000022392,0000011701,2,0000000285,1
0000022393,0000011701,3,0000000280,1
0000022394,0000011701,4,0000000488,1
0000022395,0000011702,1,0000000462,1
0000022396,0000011703,1,0000000076,2
0000022397,0000011704,1,0000000291,1
0000022398,0000011704,2,0000000023,1
0000022399,0000011704,3,0000000355,2
0000022400,0000011705,1,0000000213,1
0000022401,0000011706,1,0000000378,2
0000022402,0000011706,2,0000000382,1
0000022403,0000011707,1,0000000091,1
0000022404,0000011708,1,0000000261,1
0000022405,0000011708,2,0000000415,2
0000022406,0000011708,3,0000000168,1
0000022407,0000011708,4,0000000048,2
0000022408,0000011709,1,0000000384,1
0000022409,0000011710,1,0000000494,3
0000022410,0000011710,2,0000000296,1
0000022411,0000011710,3,0000000115,3
0000022412,0000011710,4,0000000491,1
0000022413,0000011711,1,0000000170,1
0000022414,0000011712,1,0000000376,1
0000022415,0000011712,2,0000000090,2
0000022416,0000011713,1,0000000415,1
0000022417,0000011714,1,0000000365,1
0000022418,0000011715,1,0000000421,1
0000022419,0000011715,2,0000000087,1
0000022420,0000011715,3,0000000206,3
0000022421,0000011715,4,0000000081,2
0000022422,0000011716,1,0000000439,1
0000022423,0000011717,1,0000000057,2
0000022424,0000011718,1,0000000221,1
0000022425,0000011719,1,0000000285,1
0000022426,0000011719,2,0000000206,2
0000022427,0000011719,3,0000000287,1
0000022428,0000011719,4,0000000138,1
0000022429,0000011720,1,0000000178,1
0000022430,0000011720,2,0000000381,1
0000022431,0000011721,1,0000000315,1
0000022432,0000011721,2,0000000219,4
0000022433,0000011722,1,0000000187,2
0000022434,0000011722,2,0000000258,3
0000022435,0000011722,3,0000000145,4
0000022436,0000011723,1,0000000107,1
0000022437,0000011723,2,0000000234,1
0000022438,0000011723,3,0000000394,1
0000022439,0000011724,1,0000000069,2
0000022440,0000011724,2,0000000455,2
0000022441,0000011724,3,0000000345,2
0000022442,0000011725,1,0000000302,1
0000022443,0000011725,2,0000000405,2
0000022444,0000011726,1,0000000420,1
0000022445,0000011727,1,0000000024,1
0000022446,0000011728,1,0000000318,1
0000022447,0000011728,2,0000000102,1
0000022448,0000011729,1,0000000235,1
0000022449,0000011730,1,0000000455,1
0000022450,0000011730,2,0000000354,1
0000022451,0000011730,3,0000000010,1
0000022452,0000011731,1,0000000130,2
0000022453,0000011732,1,0000000146,4
0000022454,0000011732,2,0000000057,2
0000022455,0000011732,3,0000000227,1
0000022456,0000011733,1,0000000220,2
0000022457,0000011733,2,0000000090,2
0000022458,0000011734,1,0000000205,3
0000022459,0000011734,2,0000000106,1
0000022460,0000011734,3,0000000405,2
0000022461,0000011734,4,0000000215,1
0000022462,0000011735,1,0000000365,1
0000022463,0000011735,2,0000000397,3
0000022464,0000011735,3,0000000051,2
0000022465,0000011736,1,0000000338,1
0000022466,0000011737,1,0000000249,2
0000022467,0000011737,2,0000000042,1
0000022468,0000011737,3,0000000008,1
0000022469,0000011738,1,0000000295,1
0000022470,0000011738,2,0000000018,1
0000022471,0000011738,3,0000000270,1
0000022472,0000011739,1,0000000472,1
0000022473,0000011740,1,0000000219,1
0000022474,0000011741,1,0000000090,1
0000022475,0000011742,1,0000000376,1
0000022476,0000011743,1,0000000156,1
0000022477,0000011743,2,0000000454,2
0000022478,0000011744,1,0000000332,1
0000022479,0000011744,2,0000000002,3
0000022480,0000011745,1,0000000057,2
0000022481,0000011745,2,0000000232,1
0000022482,0000011746,1,0000000139,1
0000022483,0000011747,1,0000000474,1
0000022484,0000011747,2,0000000438,1
0000022485,0000011747,3,0000000489,1
0000022486,0000011747,4,0000000062,1
0000022487,0000011748,1,0000000286,1
0000022488,0000011748,2,0000000261,3
0000022489,0000011748,3,0000000339,1
0000022490,0000011748,4,0000000139,2
0000022491,0000011748,5,0000000113,1
0000022492,0000011749,1,0000000103,1
0000022493,0000011750,1,0000000257,1
0000022494,0000011750,2,0000000253,1
0000022495,0000011750,3,0000000150,4
0000022496,0000011751,1,0000000182,3
0000022497,0000011751,2,0000000054,3
0000022498,0000011752,1,0000000135,1
0000022499,0000011752,2,0000000380,1
0000022500,0000011753,1,0000000048,3
0000022501,0000011754,1,0000000305,2
0000022502,0000011754,2,0000000220,3
0000022503,0000011755,1,0000000153,1
0000022504,0000011756,1,0000000175,2
0000022505,0000011757,1,0000000036,1
0000022506,0000011757,2,0000000168,1
0000022507,0000011757,3,0000000138,2
0000022508,0000011758,1,0000000227,1
0000022509,0000011758,2,0000000280,3
0000022510,0000011759,1,0000000336,2
0000022511,0000011760,1,0000000011,1
0000022512,0000011761,1,0000000251,1
0000022513,0000011762,1,0000000308,1
0000022514,0000011762,2,0000000458,1
0000022515,0000011763,1,0000000172,3
0000022516,0000011764,1,0000000048,2
0000022517,0000011764,2,0000000005,3
0000022518,0000011764,3,0000000092,2
0000022519,0000011764,4,0000000132,1
0000022520,0000011765,1,0000000212,1
0000022521,0000011766,1,0000000395,1
0000022522,0000011766,2,0000000321,3
0000022523,0000011766,3,0000000390,1
0000022524,0000011766,4,0000000295,1
0000022525,0000011766,5,0000000072,1
0000022526,0000011767,1,0000000434,1
0000022527,0000011768,1,0000000046,2
0000022528,0000011769,1,0000000161,2
0000022529,0000011770,1,0000000226,1
0000022530,0000011771,1,0000000477,1
0000022531,0000011772,1,0000000160,4
0000022532,0000011773,1,0000000229,1
0000022533,0000011774,1,0000000408,2
0000022534,0000011775,1,0000000301,2
0000022535,0000011775,2,0000000379,4
0000022536,0000011775,3,0000000475,1
0000022537,0000011776,1,0000000119,1
0000022538,0000011777,1,0000000373,1
0000022539,0000011778,1,0000000134,4
0000022540,0000011778,2,0000000085,1
0000022541,0000011778,3,0000000099,2
0000022542,0000011779,1,0000000150,1
0000022543,0000011779,2,0000000487,1
0000022544,0000011780,1,0000000325,3
0000022545,0000011780,2,0000000465,1
0000022546,0000011781,1,0000000321,1
0000022547,0000011781,2,0000000456,1
0000022548,0000011781,3,0000000107,1
0000022549,0000011782,1,0000000239,4
0000022550,0000011783,1,0000000168,4
0000022551,0000011784,1,0000000448,2
0000022552,0000011784,2,0000000415,3
0000022553,0000011785,1,0000000235,2
0000022554,0000011785,2,0000000098,1
0000022555,0000011785,3,0000000146,1
0000022556,0000011785,4,0000000131,1
0000022557,0000011786,1,0000000306,2
0000022558,0000011786,2,0000000168,1
0000022559,0000011787,1,0000000414,4
0000022560,0000011787,2,0000000117,2
0000022561,0000011787,3,0000000253,1
0000022562,0000011787,4,0000000147,1
0000022563,0000011787,5,0000000148,3
0000022564,0000011788,1,0000000022,4
0000022565,0000011789,1,0000000475,1
0000022566,0000011789,2,0000000371,1
0000022567,0000011790,1,0000000216,2
0000022568,0000011791,1,0000000310,1
0000022569,0000011791,2,0000000368,1
0000022570,0000011791,3,0000000345,2
0000022571,0000011791,4,0000000190,1
0000022572,0000011792,1,0000000297,1
0000022573,0000011793,1,0000000165,1
0000022574,0000011794,1,0000000092,2
0000022575,0000011794,2,0000000436,2
0000022576,0000011794,3,0000000461,3
0000022577,0000011795,1,0000000078,1
0000022578,0000011796,1,0000000326,1
0000022579,0000011797,1,0000000383,1
0000022580,0000011797,2,0000000238,1
0000022581,0000011797,3,0000000340,2
0000022582,0000011798,1,0000000231,1
0000022583,0000011799,1,0000000238,1
0000022584,0000011800,1,0000000376,1
0000022585,0000011801,1,0000000423,3
0000022586,0000011801,2,0000000297,1
0000022587,0000011801,3,0000000099,1
0000022588,0000011802,1,0000000132,1
0000022589,0000011803,1,0000000483,2
0000022590,0000011803,2,0000000328,1
0000022591,0000011803,3,0000000062,1
0000022592,0000011803,4,0000000035,1
0000022593,0000011804,1,0000000216,2
0000022594,0000011804,2,0000000293,1
0000022595,0000011804,3,0000000487,1
0000022596,0000011804,4,0000000359,3
0000022597,0000011804,5,0000000376,1
0000022598,0000011805,1,0000000349,3
0000022599,0000011806,1,0000000409,3
0000022600,0000011807,1,0000000345,3
0000022601,0000011807,2,0000000246,1
0000022602,0000011807,3,0000000255,2
0000022603,0000011808,1,0000000351,3
0000022604,0000011808,2,0000000434,1
0000022605,0000011809,1,0000000157,4
0000022606,0000011810,1,0000000263,1
0000022607,0000011811,1,0000000070,1
0000022608,0000011812,1,0000000122,1
0000022609,0000011813,1,0000000491,2
0000022610,0000011814,1,0000000312,1
0000022611,0000011815,1,0000000154,1
0000022612,0000011815,2,0000000325,1
0000022613,0000011815,3,0000000266,1
0000022614,0000011816,1,0000000474,1
0000022615,0000011816,2,0000000232,2
0000022616,0000011816,3,0000000394,1
0000022617,0000011817,1,0000000419,1
0000022618,0000011818,1,0000000250,1
0000022619,0000011818,2,0000000076,1
0000022620,0000011819,1,0000000439,2
0000022621,0000011819,2,0000000056,1
0000022622,0000011819,3,0000000228,2
0000022623,0000011819,4,0000000262,1
0000022624,0000011820,1,0000000256,1
0000022625,0000011820,2,0000000430,4
0000022626,0000011820,3,0000000287,2
0000022627,0000011821,1,0000000270,1
0000022628,0000011822,1,0000000256,2
0000022629,0000011822,2,0000000454,1
0000022630,0000011823,1,0000000216,2
0000022631,0000011823,2,0000000075,1
0000022632,0000011824,1,0000000065,1
0000022633,0000011824,2,0000000208,1
0000022634,0000011825,1,0000000404,1
0000022635,0000011826,1,0000000137,2
0000022636,0000011826,2,0000000193,1
0000022637,0000011827,1,0000000120,1
0000022638,0000011828,1,0000000194,1
0000022639,0000011829,1,0000000385,3
0000022640,0000011830,1,0000000018,1
0000022641,0000011831,1,0000000138,3
0000022642,0000011831,2,0000000171,1
0000022643,0000011832,1,0000000135,1
0000022644,0000011832,2,0000000301,1
0000022645,0000011832,3,0000000235,1
0000022646,0000011833,1,0000000097,1
0000022647,0000011833,2,0000000277,1
0000022648,0000011834,1,0000000379,1
0000022649,0000011835,1,0000000090,1
0000022650,0000011835,2,0000000454,1
0000022651,0000011836,1,0000000216,1
0000022652,0000011836,2,0000000435,2
0000022653,0000011836,3,0000000403,1
0000022654,0000011837,1,0000000413,1
0000022655,0000011837,2,0000000402,1
0000022656,0000011838,1,0000000369,2
0000022657,0000011839,1,0000000078,1
0000022658,0000011840,1,0000000210,1
0000022659,0000011840,2,0000000263,1
0000022660,0000011841,1,0000000033,1
0000022661,0000011842,1,0000000148,2
0000022662,0000011842,2,0000000309,1
0000022663,0000011842,3,0000000211,1
0000022664,0000011842,4,0000000078,1
0000022665,0000011843,1,0000000006,1
0000022666,0000011843,2,0000000085,1
0000022667,0000011843,3,0000000419,2
0000022668,0000011844,1,0000000356,1
0000022669,0000011844,2,0000000159,1
0000022670,0000011844,3,0000000344,2
0000022671,0000011844,4,0000000342,2
0000022672,0000011845,1,0000000456,2
0000022673,0000011846,1,0000000008,3
0000022674,0000011846,2,0000000421,2
0000022675,0000011846,3,0000000392,1
0000022676,0000011846,4,0000000394,1
0000022677,0000011846,5,0000000278,1
0000022678,0000011847,1,0000000231,2
0000022679,0000011847,2,0000000118,1
0000022680,0000011847,3,0000000421,1
0000022681,0000011848,1,0000000266,1
0000022682,0000011849,1,0000000322,1
0000022683,0000011849,2,0000000478,4
0000022684,0000011849,3,0000000041,1
0000022685,0000011849,4,0000000042,1
0000022686,0000011850,1,0000000109,3
0000022687,0000011850,2,0000000127,3
0000022688,0000011851,1,0000000482,2
0000022689,0000011852,1,0000000042,3
0000022690,0000011853,1,0000000397,1
0000022691,0000011854,1,0000000403,2
0000022692,0000011855,1,0000000189,1
0000022693,0000011856,1,0000000080,1
0000022694,0000011856,2,0000000382,1
0000022695,0000011856,3,0000000354,1
0000022696,0000011857,1,0000000135,1
0000022697,0000011857,2,0000000421,4
0000022698,0000011858,1,0000000251,1
0000022699,0000011858,2,0000000111,2
0000022700,0000011859,1,0000000415,3
0000022701,0000011860,1,0000000185,1
0000022702,0000011860,2,0000000188,1
0000022703,0000011860,3,0000000427,1
0000022704,0000011860,4,0000000177,1
0000022705,0000011860,5,0000000023,2
0000022706,0000011861,1,0000000383,1
0000022707,0000011861,2,0000000032,1
0000022708,0000011862,1,0000000170,1
0000022709,0000011862,2,0000000254,1
0000022710,0000011863,1,0000000362,1
0000022711,0000011864,1,0000000324,1
0000022712,0000011864,2,0000000484,1
0000022713,0000011864,3,0000000011,1
0000022714,0000011865,1,0000000379,1
0000022715,0000011865,2,0000000288,1
0000022716,0000011866,1,0000000109,1
0000022717,0000011866,2,0000000254,1
0000022718,0000011867,1,0000000063,1
0000022719,0000011868,1,0000000444,2
0000022720,0000011868,2,0000000238,2
0000022721,0000011869,1,0000000222,3
0000022722,0000011869,2,0000000322,1
0000022723,0000011870,1,0000000270,1
0000022724,0000011870,2,0000000216,2
0000022725,0000011870,3,0000000434,1
0000022726,0000011870,4,0000000213,1
0000022727,0000011870,5,0000000437,1
0000022728,0000011871,1,0000000234,1
0000022729,0000011872,1,0000000243,2
0000022730,0000011873,1,0000000034,1
0000022731,0000011873,2,0000000059,1
0000022732,0000011874,1,0000000100,1
0000022733,0000011875,1,0000000490,2
0000022734,0000011876,1,0000000221,1
0000022735,0000011877,1,0000000001,1
0000022736,0000011878,1,0000000050,1
0000022737,0000011878,2,0000000153,1
0000022738,0000011879,1,0000000048,1
0000022739,0000011879,2,0000000286,1
0000022740,0000011880,1,0000000498,1
0000022741,0000011880,2,0000000098,1
0000022742,0000011880,3,0000000037,1
0000022743,0000011880,4,0000000069,1
0000022744,0000011881,1,0000000258,1
0000022745,0000011882,1,0000000239,2
0000022746,0000011883,1,0000000404,1
0000022747,0000011884,1,0000000395,1
0000022748,0000011884,2,0000000153,2
0000022749,0000011884,3,0000000144,1
0000022750,0000011885,1,0000000012,1
0000022751,0000011885,2,0000000272,1
0000022752,0000011885,3,0000000483,4
0000022753,0000011885,4,0000000317,1
0000022754,0000011885,5,0000000375,2
0000022755,0000011886,1,0000000420,1
0000022756,0000011887,1,0000000121,1
0000022757,0000011888,1,0000000287,4
0000022758,0000011888,2,0000000147,3
0000022759,0000011889,1,0000000302,4
0000022760,0000011890,1,0000000464,1
0000022761,0000011891,1,0000000173,1
0000022762,0000011891,2,0000000452,2
0000022763,0000011891,3,0000000175,1
0000022764,0000011892,1,0000000396,2
0000022765,0000011893,1,0000000114,1
0000022766,0000011893,2,0000000131,1
0000022767,0000011893,3,0000000325,1
0000022768,0000011893,4,0000000250,1
0000022769,0000011894,1,0000000278,1
0000022770,0000011895,1,0000000177,1
0000022771,0000011896,1,0000000175,2
0000022772,0000011896,2,0000000213,1
0000022773,0000011896,3,0000000292,1
0000022774,0000011897,1,0000000030,1
0000022775,0000011898,1,0000000040,2
0000022776,0000011898,2,0000000451,1
0000022777,0000011899,1,0000000117,1
0000022778,0000011899,2,0000000109,1
0000022779,0000011899,3,0000000219,1
0000022780,0000011899,4,0000000450,1
0000022781,0000011900,1,0000000071,1
0000022782,0000011901,1,0000000100,1
0000022783,0000011901,2,0000000171,1
0000022784,0000011901,3,0000000150,1
0000022785,0000011902,1,0000000019,1
0000022786,0000011902,2,0000000495,1
0000022787,0000011902,3,0000000334,1
0000022788,0000011903,1,0000000198,1
0000022789,0000011903,2,0000000340,1
0000022790,0000011904,1,0000000244,1
0000022791,0000011904,2,0000000409,1
0000022792,0000011905,1,0000000127,1
0000022793,0000011906,1,0000000437,1
0000022794,0000011906,2,0000000054,3
0000022795,0000011907,1,0000000192,1
0000022796,0000011908,1,0000000033,1
0000022797,0000011908,2,0000000119,1
0000022798,0000011908,3,0000000448,1
0000022799,0000011909,1,0000000395,1
0000022800,0000011909,2,0000000233,1
0000022801,0000011909,3,0000000434,1
0000022802,0000011910,1,0000000105,1
0000022803,0000011911,1,0000000151,1
0000022804,0000011911,2,0000000011,1
0000022805,0000011911,3,0000000099,1
0000022806,0000011912,1,0000000043,1
0000022807,0000011913,1,0000000240,1
0000022808,0000011913,2,0000000411,1
0000022809,0000011913,3,0000000175,2
0000022810,0000011913,4,0000000235,4
0000022811,0000011914,1,0000000063,2
0000022812,0000011915,1,0000000035,1
0000022813,0000011916,1,0000000477,1
0000022814,0000011916,2,0000000481,1
0000022815,0000011917,1,0000000085,4
0000022816,0000011918,1,0000000206,2
0000022817,0000011918,2,0000000263,1
0000022818,0000011918,3,0000000292,1
0000022819,0000011918,4,0000000480,1
0000022820,0000011919,1,0000000190,1
0000022821,0000011920,1,0000000468,1
0000022822,0000011920,2,0000000435,1
0000022823,0000011921,1,0000000455,1
0000022824,0000011921,2,0000000434,1
0000022825,0000011921,3,0000000352,1
0000022826,0000011921,4,0000000219,1
0000022827,0000011922,1,0000000346,1
0000022828,0000011923,1,0000000187,2
0000022829,0000011923,2,0000000304,1
0000022830,0000011924,1,0000000082,3
0000022831,0000011925,1,0000000174,1
0000022832,0000011925,2,0000000206,1
0000022833,0000011925,3,0000000184,1
0000022834,0000011926,1,0000000126,1
0000022835,0000011927,1,0000000098,4
0000022836,0000011927,2,0000000285,1
0000022837,0000011927,3,0000000425,1
0000022838,0000011927,4,0000000313,1
0000022839,0000011928,1,0000000067,1
0000022840,0000011929,1,0000000288,1
0000022841,0000011930,1,0000000225,1
0000022842,0000011931,1,0000000374,1
0000022843,0000011931,2,0000000376,1
0000022844,0000011932,1,0000000164,2
0000022845,0000011933,1,0000000386,1
0000022846,0000011933,2,0000000312,1
0000022847,0000011933,3,0000000364,1
0000022848,0000011934,1,0000000183,1
0000022849,0000011935,1,0000000288,1
0000022850,0000011936,1,0000000381,1
0000022851,0000011936,2,0000000080,4
0000022852,0000011937,1,0000000302,4
0000022853,0000011937,2,0000000380,1
0000022854,0000011938,1,0000000209,1
0000022855,0000011938,2,0000000493,1
0000022856,0000011939,1,0000000194,2
0000022857,0000011939,2,0000000143,3
0000022858,0000011940,1,0000000046,1
0000022859,0000011941,1,0000000298,2
0000022860,0000011941,2,0000000096,1
0000022861,0000011942,1,0000000277,1
0000022862,0000011943,1,0000000409,1
0000022863,0000011943,2,0000000423,1
0000022864,0000011944,1,0000000075,3
0000022865,0000011945,1,0000000209,4
0000022866,0000011945,2,0000000350,1
0000022867,0000011946,1,0000000400,1
0000022868,0000011947,1,0000000024,2
0000022869,0000011947,2,0000000424,1
0000022870,0000011947,3,0000000356,1
0000022871,0000011948,1,0000000183,1
0000022872,0000011949,1,0000000099,1
0000022873,0000011949,2,0000000123,1
0000022874,0000011949,3,0000000365,2
0000022875,0000011949,4,0000000280,2
0000022876,0000011949,5,0000000334,1
0000022877,0000011950,1,0000000100,1
0000022878,0000011951,1,0000000126,3
0000022879,0000011951,2,0000000069,1
0000022880,0000011952,1,0000000103,4
0000022881,0000011953,1,0000000129,3
0000022882,0000011953,2,0000000133,1
0000022883,0000011953,3,0000000420,1
0000022884,0000011953,4,0000000216,2
0000022885,0000011954,1,0000000141,1
0000022886,0000011954,2,0000000140,1
0000022887,0000011955,1,0000000495,3
0000022888,0000011955,2,0000000305,2
0000022889,0000011956,1,0000000358,4
0000022890,0000011956,2,0000000263,1
0000022891,0000011956,3,0000000366,1
0000022892,0000011957,1,0000000196,1
0000022893,0000011957,2,0000000085,1
0000022894,0000011957,3,0000000270,1
0000022895,0000011957,4,0000000405,4
0000022896,0000011958,1,0000000145,3
0000022897,0000011958,2,0000000231,1
0000022898,0000011958,3,0000000206,1
0000022899,0000011959,1,0000000454,1
0000022900,0000011960,1,0000000339,1
0000022901,0000011961,1,0000000018,1
0000022902,0000011961,2,0000000221,1
0000022903,0000011962,1,0000000024,1
0000022904,0000011963,1,0000000399,1
0000022905,0000011963,2,0000000190,4
0000022906,0000011964,1,0000000455,1
0000022907,0000011964,2,0000000326,1
0000022908,0000011965,1,0000000249,1
0000022909,0000011966,1,0000000287,1
0000022910,0000011967,1,0000000120,1
0000022911,0000011968,1,0000000336,1
0000022912,0000011969,1,0000000150,1
0000022913,0000011970,1,0000000429,1
0000022914,0000011970,2,0000000258,1
0000022915,0000011970,3,0000000448,2
0000022916,0000011970,4,0000000406,1
0000022917,0000011971,1,0000000109,2
0000022918,0000011971,2,0000000389,3
0000022919,0000011971,3,0000000473,4
0000022920,0000011971,4,0000000349,1
0000022921,0000011971,5,0000000030,3
0000022922,0000011972,1,0000000429,1
0000022923,0000011972,2,0000000270,1
0000022924,0000011972,3,0000000007,1
0000022925,0000011973,1,0000000432,1
0000022926,0000011974,1,0000000003,1
0000022927,0000011975,1,0000000213,2
0000022928,0000011976,1,0000000157,2
0000022929,0000011976,2,0000000146,1
0000022930,0000011977,1,0000000383,1
0000022931,0000011978,1,0000000433,2
0000022932,0000011978,2,0000000427,2
0000022933,0000011978,3,0000000339,2
0000022934,0000011979,1,0000000003,3
0000022935,0000011980,1,0000000042,3
0000022936,0000011980,2,0000000408,1
0000022937,0000011980,3,0000000341,1
0000022938,0000011980,4,0000000259,1
0000022939,0000011981,1,0000000298,1
0000022940,0000011981,2,0000000308,1
0000022941,0000011981,3,0000000044,3
0000022942,0000011981,4,0000000436,1
0000022943,0000011982,1,0000000089,1
0000022944,0000011982,2,0000000423,1
0000022945,0000011983,1,0000000238,1
0000022946,0000011983,2,0000000108,1
0000022947,0000011984,1,0000000238,1
0000022948,0000011984,2,0000000338,1
0000022949,0000011984,3,0000000340,1
0000022950,0000011984,4,0000000154,1
0000022951,0000011985,1,0000000116,1
0000022952,0000011985,2,0000000216,1
0000022953,0000011985,3,0000000220,3
0000022954,0000011985,4,0000000219,1
0000022955,0000011985,5,0000000157,1
0000022956,0000011986,1,0000000348,1
0000022957,0000011987,1,0000000464,1
0000022958,0000011987,2,0000000261,1
0000022959,0000011988,1,0000000293,1
0000022960,0000011988,2,0000000064,2
0000022961,0000011988,3,0000000447,1
0000022962,0000011989,1,0000000008,1
0000022963,0000011989,2,0000000231,1
0000022964,0000011990,1,0000000396,1
0000022965,0000011991,1,0000000237,1
0000022966,0000011991,2,0000000235,3
0000022967,0000011991,3,0000000438,1
0000022968,0000011991,4,0000000014,2
0000022969,0000011992,1,0000000178,1
0000022970,0000011993,1,0000000397,1
0000022971,0000011994,1,0000000019,2
0000022972,0000011994,2,0000000171,1
0000022973,0000011995,1,0000000405,1
0000022974,0000011995,2,0000000078,4
0000022975,0000011995,3,0000000222,2
0000022976,0000011996,1,0000000180,1
0000022977,0000011997,1,0000000351,2
0000022978,0000011997,2,0000000264,1
0000022979,0000011997,3,0000000331,3
0000022980,0000011998,1,0000000174,1
0000022981,0000011998,2,0000000379,1
0000022982,0000011998,3,0000000474,1
0000022983,0000011998,4,0000000360,2
0000022984,0000011999,1,0000000498,4
0000022985,0000012000,1,0000000375,1
0000022986,0000012001,1,0000000113,1
0000022987,0000012001,2,0000000116,1
0000022988,0000012002,1,0000000064,1
0000022989,0000012002,2,0000000495,1
0000022990,0000012002,3,0000000084,1
0000022991,0000012002,4,0000000050,1
0000022992,0000012002,5,0000000343,1
0000022993,0000012003,1,0000000320,3
0000022994,0000012004,1,0000000135,4
0000022995,0000012005,1,0000000102,1
0000022996,0000012006,1,0000000175,2
0000022997,0000012006,2,0000000198,1
0000022998,0000012007,1,0000000170,1
0000022999,0000012008,1,0000000463,3
0000023000,0000012009,1,0000000416,1
0000023001,0000012009,2,0000000019,4
0000023002,0000012009,3,0000000374,1
0000023003,0000012010,1,0000000438,3
0000023004,0000012011,1,0000000334,3
0000023005,0000012012,1,0000000284,4
0000023006,0000012012,2,0000000366,1
0000023007,0000012012,3,0000000208,1
0000023008,0000012012,4,0000000363,1
0000023009,0000012012,5,0000000164,1
0000023010,0000012013,1,0000000189,1
0000023011,0000012013,2,0000000437,2
0000023012,0000012014,1,0000000136,2
0000023013,0000012015,1,0000000236,1
0000023014,0000012016,1,0000000261,1
0000023015,0000012016,2,0000000366,2
0000023016,0000012017,1,0000000448,1
0000023017,0000012017,2,0000000208,1
0000023018,0000012017,3,0000000442,1
0000023019,0000012017,4,0000000403,1
0000023020,0000012018,1,0000000228,2
0000023021,0000012019,1,0000000460,1
0000023022,0000012019,2,0000000170,3
0000023023,0000012019,3,0000000250,3
0000023024,0000012019,4,0000000248,1
0000023025,0000012019,5,0000000042,1
0000023026,0000012020,1,0000000228,1
0000023027,0000012021,1,0000000277,2
0000023028,0000012021,2,0000000286,1
0000023029,0000012022,1,0000000228,1
0000023030,0000012022,2,0000000160,1
0000023031,0000012023,1,0000000499,2
0000023032,0000012023,2,0000000383,1
0000023033,0000012023,3,0000000083,1
0000023034,0000012023,4,0000000239,1
0000023035,0000012024,1,0000000025,1
0000023036,0000012024,2,0000000232,1
0000023037,0000012024,3,0000000045,1
0000023038,0000012025,1,0000000171,1
0000023039,0000012025,2,0000000039,1
0000023040,0000012025,3,0000000306,1
0000023041,0000012026,1,0000000071,2
0000023042,0000012027,1,0000000267,1
0000023043,0000012028,1,0000000181,1
0000023044,0000012029,1,0000000069,1
0000023045,0000012029,2,0000000121,1
0000023046,0000012029,3,0000000164,1
0000023047,0000012029,4,0000000494,1
0000023048,0000012030,1,0000000092,1
0000023049,0000012030,2,0000000076,1
0000023050,0000012030,3,0000000468,2
0000023051,0000012031,1,0000000479,1
0000023052,0000012032,1,0000000090,1
0000023053,0000012033,1,0000000024,1
0000023054,0000012034,1,0000000274,1
0000023055,0000012034,2,0000000082,2
0000023056,0000012034,3,0000000169,2
0000023057,0000012035,1,0000000213,1
0000023058,0000012035,2,0000000258,1
0000023059,0000012036,1,0000000315,1
0000023060,0000012036,2,0000000306,1
0000023061,0000012036,3,0000000358,1
0000023062,0000012037,1,0000000407,1
0000023063,0000012038,1,0000000085,1
0000023064,0000012038,2,0000000004,1
0000023065,0000012038,3,0000000133,1
0000023066,0000012039,1,0000000083,1
0000023067,0000012039,2,0000000388,1
0000023068,0000012040,1,0000000428,2
0000023069,0000012040,2,0000000157,1
0000023070,0000012041,1,0000000386,1
0000023071,0000012041,2,0000000432,1
0000023072,0000012041,3,0000000067,1
0000023073,0000012041,4,0000000334,1
0000023074,0000012042,1,0000000330,1
0000023075,0000012043,1,0000000205,1
0000023076,0000012044,1,0000000445,1
0000023077,0000012045,1,0000000461,1
0000023078,0000012045,2,0000000024,1
0000023079,0000012045,3,0000000297,1
0000023080,0000012045,4,0000000441,1
0000023081,0000012046,1,0000000308,1
0000023082,0000012046,2,0000000115,1
0000023083,0000012046,3,0000000085,3
0000023084,0000012046,4,0000000485,1
0000023085,0000012047,1,0000000164,1
0000023086,0000012047,2,0000000257,1
0000023087,0000012047,3,0000000059,1
0000023088,0000012048,1,0000000213,1
0000023089,0000012048,2,0000000285,1
0000023090,0000012048,3,0000000288,1
0000023091,0000012048,4,0000000081,1
0000023092,0000012049,1,0000000458,1
0000023093,0000012049,2,0000000167,1
0000023094,0000012049,3,0000000198,2
0000023095,0000012049,4,0000000025,1
0000023096,0000012050,1,0000000402,1
0000023097,0000012051,1,0000000304,1
0000023098,0000012052,1,0000000404,1
0000023099,0000012052,2,0000000054,4
0000023100,0000012052,3,0000000250,1
0000023101,0000012053,1,0000000400,2
0000023102,0000012053,2,0000000071,1
0000023103,0000012053,3,0000000419,1
0000023104,0000012054,1,0000000385,1
0000023105,0000012054,2,0000000383,1
0000023106,0000012054,3,0000000363,1
0000023107,0000012055,1,0000000256,2
0000023108,0000012056,1,0000000463,2
0000023109,0000012057,1,0000000215,2
0000023110,0000012058,1,0000000264,1
0000023111,0000012059,1,0000000038,1
0000023112,0000012059,2,0000000389,1
0000023113,0000012059,3,0000000168,1
0000023114,0000012059,4,0000000351,1
0000023115,0000012059,5,0000000259,2
0000023116,0000012060,1,0000000476,3
0000023117,0000012061,1,0000000400,1
0000023118,0000012061,2,0000000042,1
0000023119,0000012062,1,0000000008,1
0000023120,0000012063,1,0000000434,3
0000023121,0000012064,1,0000000190,1
0000023122,0000012065,1,0000000088,1
0000023123,0000012066,1,0000000027,3
0000023124,0000012066,2,0000000154,1
0000023125,0000012066,3,0000000378,2
0000023126,0000012067,1,0000000079,1
0000023127,0000012068,1,0000000345,1
0000023128,0000012068,2,0000000183,1
0000023129,0000012068,3,0000000026,4
0000023130,0000012068,4,0000000014,2
0000023131,0000012068,5,0000000142,4
0000023132,0000012069,1,0000000019,1
0000023133,0000012070,1,0000000338,1
0000023134,0000012070,2,0000000142,1
0000023135,0000012071,1,0000000420,1
0000023136,0000012072,1,0000000432,1
0000023137,0000012072,2,0000000204,1
0000023138,0000012072,3,0000000145,1
0000023139,0000012072,4,0000000249,1
0000023140,0000012073,1,0000000429,2
0000023141,0000012074,1,0000000248,1
0000023142,0000012074,2,0000000030,2
0000023143,0000012075,1,0000000403,2
0000023144,0000012076,1,0000000061,1
0000023145,0000012077,1,0000000271,1
0000023146,0000012077,2,0000000132,1
0000023147,0000012077,3,0000000399,1
0000023148,0000012078,1,0000000498,2
0000023149,0000012078,2,0000000403,1
0000023150,0000012079,1,0000000355,1
0000023151,0000012079,2,0000000373,1
0000023152,0000012079,3,0000000012,2
0000023153,0000012079,4,0000000066,1
0000023154,0000012080,1,0000000319,1
0000023155,0000012081,1,0000000406,2
0000023156,0000012081,2,0000000222,1
0000023157,0000012081,3,0000000019,1
0000023158,0000012081,4,0000000159,1
0000023159,0000012082,1,0000000068,1
0000023160,0000012083,1,0000000409,3
0000023161,0000012084,1,0000000218,4
0000023162,0000012085,1,0000000259,1
0000023163,0000012086,1,0000000038,1
0000023164,0000012087,1,0000000029,1
0000023165,0000012087,2,0000000224,1
0000023166,0000012088,1,0000000335,1
0000023167,0000012089,1,0000000009,1
0000023168,0000012089,2,0000000159,1
0000023169,0000012089,3,0000000285,3
0000023170,0000012090,1,0000000106,2
0000023171,0000012091,1,0000000076,2
0000023172,0000012092,1,0000000268,2
0000023173,0000012093,1,0000000384,1
0000023174,0000012093,2,0000000089,1
0000023175,0000012094,1,0000000255,1
0000023176,0000012095,1,0000000399,1
0000023177,0000012096,1,0000000031,1
0000023178,0000012096,2,0000000317,1
0000023179,0000012096,3,0000000225,1
0000023180,0000012097,1,0000000271,1
0000023181,0000012098,1,0000000187,1
0000023182,0000012098,2,0000000356,1
0000023183,0000012099,1,0000000445,1
0000023184,0000012099,2,0000000181,2
0000023185,0000012099,3,0000000002,1
0000023186,0000012099,4,0000000131,1
0000023187,0000012100,1,0000000181,1
0000023188,0000012100,2,0000000119,2
0000023189,0000012101,1,0000000120,3
0000023190,0000012101,2,0000000041,1
0000023191,0000012101,3,0000000427,3
0000023192,0000012101,4,0000000225,1
0000023193,0000012102,1,0000000088,3
0000023194,0000012103,1,0000000180,1
0000023195,0000012104,1,0000000381,1
0000023196,0000012104,2,0000000304,1
0000023197,0000012105,1,0000000175,1
0000023198,0000012106,1,0000000205,3
0000023199,0000012107,1,0000000221,1
0000023200,0000012108,1,0000000377,1
0000023201,0000012108,2,0000000341,1
0000023202,0000012109,1,0000000490,1
0000023203,0000012110,1,0000000009,1
0000023204,0000012111,1,0000000177,1
0000023205,0000012111,2,0000000346,1
0000023206,0000012111,3,0000000410,1
0000023207,0000012112,1,0000000200,1
0000023208,0000012113,1,0000000165,1
0000023209,0000012114,1,0000000117,2
0000023210,0000012114,2,0000000235,1
0000023211,0000012115,1,0000000451,1
0000023212,0000012115,2,0000000091,1
0000023213,0000012115,3,0000000313,2
0000023214,0000012116,1,0000000344,1
0000023215,0000012116,2,0000000202,1
0000023216,0000012116,3,0000000068,1
0000023217,0000012116,4,0000000326,1
0000023218,0000012116,5,0000000455,3
0000023219,0000012117,1,0000000432,1
0000023220,0000012118,1,0000000157,1
0000023221,0000012118,2,0000000173,1
0000023222,0000012118,3,0000000368,1
0000023223,0000012119,1,0000000431,1
0000023224,0000012120,1,0000000431,1
0000023225,0000012121,1,0000000069,2
0000023226,0000012121,2,0000000465,3
0000023227,0000012121,3,0000000441,1
0000023228,0000012122,1,0000000496,1
0000023229,0000012123,1,0000000293,2
0000023230,0000012124,1,0000000391,1
0000023231,0000012125,1,0000000195,3
0000023232,0000012125,2,0000000386,2
0000023233,0000012126,1,0000000397,1
0000023234,0000012126,2,0000000465,1
0000023235,0000012126,3,0000000047,2
0000023236,0000012126,4,0000000321,2
0000023237,0000012126,5,0000000233,1
0000023238,0000012127,1,0000000015,1
0000023239,0000012127,2,0000000055,1
0000023240,0000012128,1,0000000441,2
0000023241,0000012129,1,0000000263,1
0000023242,0000012129,2,0000000360,1
0000023243,0000012130,1,0000000070,1
0000023244,0000012130,2,0000000331,1
0000023245,0000012130,3,0000000233,1
0000023246,0000012130,4,0000000459,2
0000023247,0000012131,1,0000000229,3
0000023248,0000012131,2,0000000287,4
0000023249,0000012131,3,0000000192,1
0000023250,0000012132,1,0000000383,1
0000023251,0000012133,1,0000000442,3
0000023252,0000012134,1,0000000130,1
0000023253,0000012135,1,0000000072,1
0000023254,0000012135,2,0000000357,2
0000023255,0000012136,1,0000000400,2
0000023256,0000012137,1,0000000500,1
0000023257,0000012138,1,0000000090,3
0000023258,0000012138,2,0000000137,1
0000023259,0000012138,3,0000000340,1
0000023260,0000012138,4,0000000438,1
0000023261,0000012139,1,0000000228,1
0000023262,0000012140,1,0000000127,2
0000023263,0000012140,2,0000000388,1
0000023264,0000012141,1,0000000296,1
0000023265,0000012141,2,0000000342,4
0000023266,0000012141,3,0000000313,2
0000023267,0000012142,1,0000000149,1
0000023268,0000012143,1,0000000477,1
0000023269,0000012143,2,0000000249,3
0000023270,0000012143,3,0000000459,1
0000023271,0000012143,4,0000000187,1
0000023272,0000012143,5,0000000209,1
0000023273,0000012144,1,0000000478,1
0000023274,0000012144,2,0000000229,1
0000023275,0000012144,3,0000000242,1
0000023276,0000012144,4,0000000455,1
0000023277,0000012145,1,0000000404,1
0000023278,0000012145,2,0000000205,3
0000023279,0000012146,1,0000000372,1
0000023280,0000012146,2,0000000044,3
0000023281,0000012146,3,0000000381,1
0000023282,0000012147,1,0000000120,1
0000023283,0000012147,2,0000000228,1
0000023284,0000012148,1,0000000196,1
0000023285,0000012149,1,0000000473,1
0000023286,0000012149,2,0000000392,3
0000023287,0000012150,1,0000000470,2
0000023288,0000012150,2,0000000235,1
0000023289,0000012150,3,0000000253,2
0000023290,0000012150,4,0000000336,2
0000023291,0000012150,5,0000000430,1
0000023292,0000012151,1,0000000480,1
0000023293,0000012152,1,0000000312,1
0000023294,0000012153,1,0000000464,1
0000023295,0000012153,2,0000000159,2
0000023296,0000012154,1,0000000439,2
0000023297,0000012155,1,0000000292,1
0000023298,0000012155,2,0000000153,2
0000023299,0000012155,3,0000000140,3
0000023300,0000012155,4,0000000054,1
0000023301,0000012156,1,0000000382,1
0000023302,0000012157,1,0000000485,1
0000023303,0000012157,2,0000000201,1
0000023304,0000012157,3,0000000042,2
0000023305,0000012158,1,0000000461,1
0000023306,0000012158,2,0000000316,1
0000023307,0000012159,1,0000000038,4
0000023308,0000012159,2,0000000144,3
0000023309,0000012159,3,0000000314,2
0000023310,0000012159,4,0000000208,1
0000023311,0000012159,5,0000000341,3
0000023312,0000012160,1,0000000453,1
0000023313,0000012161,1,0000000164,1
0000023314,0000012161,2,0000000357,1
0000023315,0000012162,1,0000000197,1
0000023316,0000012163,1,0000000325,1
0000023317,0000012164,1,0000000419,1
0000023318,0000012165,1,0000000379,2
0000023319,0000012165,2,0000000254,1
0000023320,0000012165,3,0000000326,1
0000023321,0000012165,4,0000000482,4
0000023322,0000012165,5,0000000216,1
0000023323,0000012166,1,0000000422,1
0000023324,0000012166,2,0000000098,1
0000023325,0000012167,1,0000000368,1
0000023326,0000012168,1,0000000086,1
0000023327,0000012169,1,0000000323,3
0000023328,0000012169,2,0000000359,1
0000023329,0000012170,1,0000000061,1
0000023330,0000012170,2,0000000459,2
0000023331,0000012170,3,0000000261,1
0000023332,0000012170,4,0000000284,1
0000023333,0000012171,1,0000000027,2
0000023334,0000012171,2,0000000459,2
0000023335,0000012172,1,0000000353,3
0000023336,0000012172,2,0000000196,1
0000023337,0000012173,1,0000000294,3
0000023338,0000012173,2,0000000441,1
0000023339,0000012174,1,0000000281,1
0000023340,0000012174,2,0000000253,3
0000023341,0000012174,3,0000000238,1
0000023342,0000012174,4,0000000061,1
0000023343,0000012175,1,0000000245,3
0000023344,0000012175,2,0000000292,1
0000023345,0000012175,3,0000000135,2
0000023346,0000012175,4,0000000013,3
0000023347,0000012175,5,0000000363,1
0000023348,0000012176,1,0000000307,3
0000023349,0000012177,1,0000000234,1
0000023350,0000012177,2,0000000405,2
0000023351,0000012178,1,0000000068,1
0000023352,0000012178,2,0000000499,2
0000023353,0000012178,3,0000000396,1
0000023354,0000012179,1,0000000294,1
0000023355,0000012180,1,0000000135,1
0000023356,0000012181,1,0000000286,1
0000023357,0000012182,1,0000000440,2
0000023358,0000012182,2,0000000338,1
0000023359,0000012182,3,0000000369,1
0000023360,0000012182,4,0000000158,1
0000023361,0000012182,5,0000000028,1
0000023362,0000012183,1,0000000275,1
0000023363,0000012184,1,0000000036,1
0000023364,0000012185,1,0000000031,1
0000023365,0000012185,2,0000000342,1
0000023366,0000012185,3,0000000124,1
0000023367,0000012185,4,0000000425,1
0000023368,0000012185,5,0000000399,1
0000023369,0000012186,1,0000000491,1
0000023370,0000012186,2,0000000319,1
0000023371,0000012186,3,0000000397,1
0000023372,0000012187,1,0000000259,3
0000023373,0000012187,2,0000000045,1
0000023374,0000012188,1,0000000321,1
0000023375,0000012188,2,0000000306,1
0000023376,0000012188,3,0000000430,1
0000023377,0000012188,4,0000000440,1
0000023378,0000012189,1,0000000354,1
0000023379,0000012189,2,0000000056,1
0000023380,0000012190,1,0000000089,1
0000023381,0000012190,2,0000000317,1
0000023382,0000012190,3,0000000423,2
0000023383,0000012191,1,0000000260,3
0000023384,0000012191,2,0000000355,1
0000023385,0000012191,3,0000000383,1
0000023386,0000012191,4,0000000016,1
0000023387,0000012192,1,0000000280,1
0000023388,0000012193,1,0000000067,3
0000023389,0000012194,1,0000000007,1
0000023390,0000012194,2,0000000374,3
0000023391,0000012195,1,0000000368,1
0000023392,0000012195,2,0000000189,1
0000023393,0000012196,1,0000000164,1
0000023394,0000012196,2,0000000480,2
0000023395,0000012197,1,0000000208,1
0000023396,0000012197,2,0000000448,2
0000023397,0000012197,3,0000000281,3
0000023398,0000012198,1,0000000067,3
0000023399,0000012198,2,0000000235,2
0000023400,0000012199,1,0000000124,3
0000023401,0000012199,2,0000000272,1
0000023402,0000012199,3,0000000306,1
0000023403,0000012200,1,0000000453,1
0000023404,0000012200,2,0000000197,3
0000023405,0000012201,1,0000000405,1
0000023406,0000012202,1,0000000459,1
0000023407,0000012203,1,0000000110,1
0000023408,0000012204,1,0000000272,1
0000023409,0000012204,2,0000000326,1
0000023410,0000012205,1,0000000162,3
0000023411,0000012206,1,0000000144,2
0000023412,0000012206,2,0000000375,3
0000023413,0000012206,3,0000000253,1
0000023414,0000012207,1,0000000068,1
0000023415,0000012207,2,0000000147,1
0000023416,0000012207,3,0000000294,1
0000023417,0000012208,1,0000000229,1
0000023418,0000012208,2,0000000333,1
0000023419,0000012208,3,0000000179,1
0000023420,0000012209,1,0000000100,3
0000023421,0000012210,1,0000000086,1
0000023422,0000012210,2,0000000219,2
0000023423,0000012211,1,0000000079,2
0000023424,0000012211,2,0000000329,1
0000023425,0000012212,1,0000000178,1
0000023426,0000012212,2,0000000449,2
0000023427,0000012213,1,0000000017,3
0000023428,0000012214,1,0000000473,3
0000023429,0000012214,2,0000000214,2
0000023430,0000012214,3,0000000283,1
0000023431,0000012215,1,0000000029,3
0000023432,0000012215,2,0000000204,1
0000023433,0000012215,3,0000000320,1
0000023434,0000012216,1,0000000100,1
0000023435,0000012216,2,0000000201,1
0000023436,0000012216,3,0000000463,1
0000023437,0000012216,4,0000000451,1
0000023438,0000012216,5,0000000069,1
0000023439,0000012217,1,0000000385,2
0000023440,0000012217,2,0000000463,1
0000023441,0000012217,3,0000000024,3
0000023442,0000012217,4,0000000008,3
0000023443,0000012217,5,0000000125,2
0000023444,0000012218,1,0000000251,1
0000023445,0000012218,2,0000000451,1
0000023446,0000012219,1,0000000283,2
0000023447,0000012219,2,0000000341,4
0000023448,0000012220,1,0000000077,1
0000023449,0000012221,1,0000000210,1
0000023450,0000012221,2,0000000300,2
0000023451,0000012221,3,0000000184,1
0000023452,0000012222,1,0000000399,2
0000023453,0000012222,2,0000000229,1
0000023454,0000012223,1,0000000130,1
0000023455,0000012223,2,0000000036,1
0000023456,0000012223,3,0000000341,1
0000023457,0000012224,1,0000000428,1
0000023458,0000012224,2,0000000179,2
0000023459,0000012224,3,0000000046,1
0000023460,0000012225,1,0000000041,1
0000023461,0000012226,1,0000000063,4
0000023462,0000012227,1,0000000293,1
0000023463,0000012228,1,0000000220,2
0000023464,0000012228,2,0000000025,2
0000023465,0000012228,3,0000000196,1
0000023466,0000012229,1,0000000156,1
0000023467,0000012230,1,0000000496,1
0000023468,0000012230,2,0000000066,1
0000023469,0000012230,3,0000000372,1
0000023470,0000012230,4,0000000088,1
0000023471,0000012230,5,0000000112,2
0000023472,0000012231,1,0000000357,2
0000023473,0000012231,2,0000000358,1
0000023474,0000012232,1,0000000455,1
0000023475,0000012232,2,0000000062,1
0000023476,0000012233,1,0000000311,1
0000023477,0000012233,2,0000000379,1
0000023478,0000012234,1,0000000276,1
0000023479,0000012234,2,0000000349,4
0000023480,0000012234,3,0000000180,4
0000023481,0000012234,4,0000000018,1
0000023482,0000012234,5,0000000246,1
0000023483,0000012235,1,0000000009,3
0000023484,0000012235,2,0000000269,1
0000023485,0000012236,1,0000000066,1
0000023486,0000012236,2,0000000405,2
0000023487,0000012237,1,0000000174,1
0000023488,0000012237,2,0000000398,1
0000023489,0000012237,3,0000000145,1
0000023490,0000012238,1,0000000247,1
0000023491,0000012239,1,0000000491,1
0000023492,0000012240,1,0000000269,1
0000023493,0000012240,2,0000000266,1
0000023494,0000012241,1,0000000302,2
0000023495,0000012241,2,0000000470,1
0000023496,0000012241,3,0000000462,4
0000023497,0000012242,1,0000000191,1
0000023498,0000012243,1,0000000323,1
0000023499,0000012243,2,0000000457,1
0000023500,0000012243,3,0000000356,1
0000023501,0000012243,4,0000000148,2
0000023502,0000012243,5,0000000006,1
0000023503,0000012244,1,0000000417,1
0000023504,0000012244,2,0000000428,1
0000023505,0000012245,1,0000000216,1
0000023506,0000012245,2,0000000296,1
0000023507,0000012246,1,0000000194,1
0000023508,0000012247,1,0000000264,1
0000023509,0000012248,1,0000000408,1
0000023510,0000012249,1,0000000432,1
0000023511,0000012249,2,0000000218,1
0000023512,0000012250,1,0000000046,1
0000023513,0000012250,2,0000000327,1
0000023514,0000012251,1,0000000270,1
0000023515,0000012251,2,0000000170,1
0000023516,0000012251,3,0000000417,1
0000023517,0000012252,1,0000000462,1
0000023518,0000012253,1,0000000046,1
0000023519,0000012253,2,0000000084,1
0000023520,0000012253,3,0000000103,1
0000023521,0000012253,4,0000000498,1
0000023522,0000012254,1,0000000189,1
0000023523,0000012254,2,0000000253,3
0000023524,0000012255,1,0000000307,1
0000023525,0000012255,2,0000000253,1
0000023526,0000012255,3,0000000208,3
0000023527,0000012255,4,0000000106,2
0000023528,0000012256,1,0000000124,1
0000023529,0000012256,2,0000000352,1
0000023530,0000012257,1,0000000123,2
0000023531,0000012258,1,0000000456,1
0000023532,0000012259,1,0000000349,2
0000023533,0000012259,2,0000000435,1
0000023534,0000012260,1,0000000334,1
0000023535,0000012260,2,0000000067,1
0000023536,0000012260,3,0000000357,1
0000023537,0000012261,1,0000000115,1
0000023538,0000012262,1,0000000019,1
0000023539,0000012262,2,0000000232,1
0000023540,0000012263,1,0000000184,1
0000023541,0000012264,1,0000000205,3
0000023542,0000012264,2,0000000318,1
0000023543,0000012265,1,0000000242,1
0000023544,0000012266,1,0000000366,1
0000023545,0000012267,1,0000000295,1
0000023546,0000012268,1,0000000156,1
0000023547,0000012268,2,0000000493,2
0000023548,0000012268,3,0000000209,1
0000023549,0000012269,1,0000000322,1
0000023550,0000012269,2,0000000070,1
0000023551,0000012270,1,0000000111,1
0000023552,0000012270,2,0000000107,2
0000023553,0000012270,3,0000000130,1
0000023554,0000012271,1,0000000271,1
0000023555,0000012272,1,0000000196,1
0000023556,0000012273,1,0000000443,1
0000023557,0000012274,1,0000000326,4
0000023558,0000012274,2,0000000180,1
0000023559,0000012275,1,0000000410,1
0000023560,0000012276,1,0000000499,1
0000023561,0000012277,1,0000000273,4
0000023562,0000012278,1,0000000260,1
0000023563,0000012278,2,0000000264,4
0000023564,0000012278,3,0000000219,2
0000023565,0000012279,1,0000000191,2
0000023566,0000012280,1,0000000320,1
0000023567,0000012280,2,0000000376,1
0000023568,0000012280,3,0000000236,1
0000023569,0000012281,1,0000000160,1
0000023570,0000012282,1,0000000251,1
0000023571,0000012282,2,0000000350,3
0000023572,0000012282,3,0000000171,1
0000023573,0000012283,1,0000000153,4
0000023574,0000012284,1,0000000425,1
0000023575,0000012285,1,0000000454,1
0000023576,0000012285,2,0000000158,2
0000023577,0000012285,3,0000000227,1
0000023578,0000012286,1,0000000147,1
0000023579,0000012286,2,0000000360,1
0000023580,0000012287,1,0000000090,1
0000023581,0000012287,2,0000000402,1
0000023582,0000012287,3,0000000127,2
0000023583,0000012287,4,0000000082,2
0000023584,0000012287,5,0000000056,4
0000023585,0000012288,1,0000000124,1
0000023586,0000012289,1,0000000465,1
0000023587,0000012290,1,0000000303,1
0000023588,0000012290,2,0000000021,1
0000023589,0000012291,1,0000000336,1
0000023590,0000012292,1,0000000341,1
0000023591,0000012293,1,0000000285,1
0000023592,0000012294,1,0000000413,1
0000023593,0000012294,2,0000000358,1
0000023594,0000012294,3,0000000259,1
0000023595,0000012295,1,0000000362,1
0000023596,0000012295,2,0000000278,1
0000023597,0000012296,1,0000000231,1
0000023598,0000012296,2,0000000425,2
0000023599,0000012297,1,0000000227,1
0000023600,0000012297,2,0000000414,3
0000023601,0000012298,1,0000000147,2
0000023602,0000012298,2,0000000043,1
0000023603,0000012299,1,0000000325,1
0000023604,0000012299,2,0000000241,1
0000023605,0000012300,1,0000000248,1
0000023606,0000012301,1,0000000461,1
0000023607,0000012301,2,0000000156,1
0000023608,0000012301,3,0000000332,1
0000023609,0000012301,4,0000000054,1
0000023610,0000012301,5,0000000225,2
0000023611,0000012302,1,0000000092,1
0000023612,0000012303,1,0000000136,1
0000023613,0000012304,1,0000000110,1
0000023614,0000012305,1,0000000032,1
0000023615,0000012306,1,0000000291,1
0000023616,0000012306,2,0000000172,1
0000023617,0000012306,3,0000000038,1
0000023618,0000012307,1,0000000166,3
0000023619,0000012307,2,0000000013,1
0000023620,0000012307,3,0000000301,1
0000023621,0000012308,1,0000000134,1
0000023622,0000012308,2,0000000015,4
0000023623,0000012308,3,0000000431,1
0000023624,0000012309,1,0000000377,2
0000023625,0000012309,2,0000000105,1
0000023626,0000012310,1,0000000444,1
0000023627,0000012310,2,0000000291,2
0000023628,0000012310,3,0000000086,1
0000023629,0000012310,4,0000000435,1
0000023630,0000012310,5,0000000458,1
0000023631,0000012311,1,0000000313,1
0000023632,0000012312,1,0000000307,1
0000023633,0000012313,1,0000000230,1
0000023634,0000012314,1,0000000220,1
0000023635,0000012315,1,0000000174,4
0000023636,0000012315,2,0000000132,3
0000023637,0000012316,1,0000000446,1
0000023638,0000012317,1,0000000065,1
0000023639,0000012317,2,0000000270,1
0000023640,0000012317,3,0000000346,1
0000023641,0000012317,4,0000000137,1
0000023642,0000012317,5,0000000113,1
0000023643,0000012318,1,0000000013,1
0000023644,0000012318,2,0000000423,4
0000023645,0000012318,3,0000000302,1
0000023646,0000012318,4,0000000061,3
0000023647,0000012318,5,0000000109,3
0000023648,0000012319,1,0000000315,1
0000023649,0000012320,1,0000000177,1
0000023650,0000012321,1,0000000237,2
0000023651,0000012322,1,0000000263,1
0000023652,0000012322,2,0000000088,1
0000023653,0000012323,1,0000000055,1
0000023654,0000012324,1,0000000271,1
0000023655,0000012325,1,0000000151,1
0000023656,0000012325,2,0000000413,4
0000023657,0000012326,1,0000000467,1
0000023658,0000012327,1,0000000340,1
0000023659,0000012327,2,0000000485,2
0000023660,0000012328,1,0000000057,1
0000023661,0000012329,1,0000000452,1
0000023662,0000012330,1,0000000447,2
0000023663,0000012331,1,0000000480,1
0000023664,0000012332,1,0000000450,1
0000023665,0000012333,1,0000000088,1
0000023666,0000012334,1,0000000359,1
0000023667,0000012334,2,0000000331,3
0000023668,0000012335,1,0000000407,1
0000023669,0000012336,1,0000000097,1
0000023670,0000012336,2,0000000120,1
0000023671,0000012336,3,0000000023,2
0000023672,0000012336,4,0000000253,2
0000023673,0000012337,1,0000000215,1
0000023674,0000012337,2,0000000480,1
0000023675,0000012338,1,0000000220,1
0000023676,0000012339,1,0000000123,1
0000023677,0000012340,1,0000000072,2
0000023678,0000012341,1,0000000482,2
0000023679,0000012341,2,0000000416,1
0000023680,0000012341,3,0000000497,2
0000023681,0000012342,1,0000000432,1
0000023682,0000012342,2,0000000036,3
0000023683,0000012343,1,0000000002,1
0000023684,0000012343,2,0000000273,1
0000023685,0000012343,3,0000000446,2
0000023686,0000012343,4,0000000177,1
0000023687,0000012344,1,0000000342,2
0000023688,0000012344,2,0000000007,1
0000023689,0000012344,3,0000000464,1
0000023690,0000012344,4,0000000194,1
0000023691,0000012345,1,0000000382,1
0000023692,0000012346,1,0000000435,2
0000023693,0000012346,2,0000000218,1
0000023694,0000012347,1,0000000476,2
0000023695,0000012348,1,0000000250,1
0000023696,0000012348,2,0000000311,1
0000023697,0000012348,3,0000000256,2
0000023698,0000012348,4,0000000230,1
0000023699,0000012348,5,0000000208,1
0000023700,0000012349,1,0000000114,1
0000023701,0000012350,1,0000000368,1
0000023702,0000012351,1,0000000136,3
0000023703,0000012351,2,0000000323,3
0000023704,0000012352,1,0000000185,2
0000023705,0000012352,2,0000000481,1
0000023706,0000012353,1,0000000276,1
0000023707,0000012353,2,0000000409,1
0000023708,0000012354,1,0000000276,1
0000023709,0000012354,2,0000000026,1
0000023710,0000012355,1,0000000325,1
0000023711,0000012355,2,0000000311,1
0000023712,0000012355,3,0000000329,1
0000023713,0000012355,4,0000000131,4
0000023714,0000012355,5,0000000217,1
0000023715,0000012356,1,0000000430,1
0000023716,0000012357,1,0000000188,1
0000023717,0000012357,2,0000000352,3
0000023718,0000012358,1,0000000492,1
0000023719,0000012359,1,0000000077,1
0000023720,0000012360,1,0000000431,1
0000023721,0000012360,2,0000000381,1
0000023722,0000012361,1,0000000227,3
0000023723,0000012362,1,0000000093,1
0000023724,0000012363,1,0000000138,1
0000023725,0000012364,1,0000000416,1
0000023726,0000012365,1,0000000427,1
0000023727,0000012365,2,0000000443,2
0000023728,0000012366,1,0000000383,1
0000023729,0000012367,1,0000000172,4
0000023730,0000012368,1,0000000299,1
0000023731,0000012369,1,0000000337,1
0000023732,0000012370,1,0000000180,1
0000023733,0000012371,1,0000000286,1
0000023734,0000012372,1,0000000401,1
0000023735,0000012372,2,0000000079,1
0000023736,0000012373,1,0000000111,3
0000023737,0000012373,2,0000000447,1
0000023738,0000012373,3,0000000267,1
0000023739,0000012373,4,0000000096,1
0000023740,0000012374,1,0000000406,1
0000023741,0000012375,1,0000000393,1
0000023742,0000012376,1,0000000483,3
0000023743,0000012376,2,0000000395,3
0000023744,0000012376,3,0000000071,1
0000023745,0000012376,4,0000000269,1
0000023746,0000012377,1,0000000444,2
0000023747,0000012377,2,0000000294,1
0000023748,0000012377,3,0000000437,2
0000023749,0000012378,1,0000000482,2
0000023750,0000012378,2,0000000310,1
0000023751,0000012378,3,0000000162,2
0000023752,0000012378,4,0000000059,2
0000023753,0000012378,5,0000000355,1
0000023754,0000012379,1,0000000443,1
0000023755,0000012379,2,0000000491,3
0000023756,0000012379,3,0000000258,1
0000023757,0000012379,4,0000000434,1
0000023758,0000012380,1,0000000072,1
0000023759,0000012381,1,0000000209,1
0000023760,0000012381,2,0000000157,2
0000023761,0000012382,1,0000000407,1
0000023762,0000012382,2,0000000057,1
0000023763,0000012383,1,0000000264,2
0000023764,0000012384,1,0000000249,2
0000023765,0000012385,1,0000000464,1
0000023766,0000012385,2,0000000251,2
0000023767,0000012385,3,0000000386,1
0000023768,0000012385,4,0000000258,1
0000023769,0000012386,1,0000000309,1
0000023770,0000012387,1,0000000367,4
0000023771,0000012387,2,0000000420,1
0000023772,0000012387,3,0000000028,1
0000023773,0000012387,4,0000000056,2
0000023774,0000012388,1,0000000306,1
0000023775,0000012388,2,0000000443,1
0000023776,0000012388,3,0000000220,1
0000023777,0000012388,4,0000000230,2
0000023778,0000012389,1,0000000314,2
0000023779,0000012390,1,0000000237,1
0000023780,0000012391,1,0000000226,1
0000023781,0000012391,2,0000000082,3
0000023782,0000012391,3,0000000017,2
0000023783,0000012392,1,0000000468,1
0000023784,0000012393,1,0000000088,3
0000023785,0000012393,2,0000000308,1
0000023786,0000012394,1,0000000379,1
0000023787,0000012395,1,0000000012,1
0000023788,0000012396,1,0000000111,1
0000023789,0000012397,1,0000000116,1
0000023790,0000012397,2,0000000330,1
0000023791,0000012398,1,0000000186,2
0000023792,0000012398,2,0000000327,1
0000023793,0000012398,3,0000000280,1
0000023794,0000012399,1,0000000454,1
0000023795,0000012399,2,0000000149,1
0000023796,0000012399,3,0000000258,3
0000023797,0000012400,1,0000000188,1
0000023798,0000012401,1,0000000309,1
0000023799,0000012402,1,0000000048,1
0000023800,0000012403,1,0000000389,1
0000023801,0000012403,2,0000000036,1
0000023802,0000012404,1,0000000036,1
0000023803,0000012404,2,0000000008,2
0000023804,0000012405,1,0000000312,1
0000023805,0000012406,1,0000000004,4
0000023806,0000012406,2,0000000393,1
0000023807,0000012407,1,0000000101,2
0000023808,0000012407,2,0000000465,2
0000023809,0000012407,3,0000000407,2
0000023810,0000012408,1,0000000234,1
0000023811,0000012408,2,0000000438,3
0000023812,0000012409,1,0000000331,1
0000023813,0000012410,1,0000000226,1
0000023814,0000012411,1,0000000008,1
0000023815,0000012411,2,0000000034,2
0000023816,0000012411,3,0000000414,1
0000023817,0000012411,4,0000000426,2
0000023818,0000012412,1,0000000005,3
0000023819,0000012412,2,0000000309,1
0000023820,0000012413,1,0000000484,1
0000023821,0000012413,2,0000000153,1
0000023822,0000012414,1,0000000130,1
0000023823,0000012414,2,0000000336,1
0000023824,0000012415,1,0000000220,2
0000023825,0000012416,1,0000000324,1
0000023826,0000012416,2,0000000437,2
0000023827,0000012416,3,0000000384,2
0000023828,0000012417,1,0000000094,1
0000023829,0000012418,1,0000000037,1
0000023830,0000012418,2,0000000250,1
0000023831,0000012418,3,0000000367,1
0000023832,0000012418,4,0000000185,4
0000023833,0000012418,5,0000000293,1
0000023834,0000012419,1,0000000421,2
0000023835,0000012420,1,0000000096,1
0000023836,0000012420,2,0000000305,1
0000023837,0000012420,3,0000000452,1
0000023838,0000012421,1,0000000173,2
0000023839,0000012421,2,0000000362,1
0000023840,0000012422,1,0000000271,4
0000023841,0000012423,1,0000000438,1
0000023842,0000012423,2,0000000300,1
0000023843,0000012423,3,0000000491,1
0000023844,0000012423,4,0000000229,1
0000023845,0000012424,1,0000000204,1
0000023846,0000012425,1,0000000185,1
0000023847,0000012425,2,0000000156,1
0000023848,0000012426,1,0000000136,2
0000023849,0000012427,1,0000000222,2
0000023850,0000012428,1,0000000024,3
0000023851,0000012429,1,0000000327,1
0000023852,0000012430,1,0000000013,1
0000023853,0000012431,1,0000000070,4
0000023854,0000012431,2,0000000475,2
0000023855,0000012431,3,0000000289,1
0000023856,0000012432,1,0000000248,2
0000023857,0000012433,1,0000000189,1
0000023858,0000012433,2,0000000484,1
0000023859,0000012433,3,0000000146,1
0000023860,0000012434,1,0000000473,1
0000023861,0000012435,1,0000000112,1
0000023862,0000012435,2,0000000333,1
0000023863,0000012436,1,0000000348,1
0000023864,0000012437,1,0000000157,4
0000023865,0000012438,1,0000000169,4
0000023866,0000012438,2,0000000083,4
0000023867,0000012439,1,0000000241,1
0000023868,0000012439,2,0000000209,2
0000023869,0000012440,1,0000000029,2
0000023870,0000012441,1,0000000154,3
0000023871,0000012441,2,0000000348,1
0000023872,0000012442,1,0000000064,3
0000023873,0000012442,2,0000000010,2
0000023874,0000012443,1,0000000440,1
0000023875,0000012443,2,0000000047,1
0000023876,0000012444,1,0000000485,1
0000023877,0000012444,2,0000000215,1
0000023878,0000012444,3,0000000008,1
0000023879,0000012445,1,0000000210,1
0000023880,0000012445,2,0000000332,1
0000023881,0000012446,1,0000000452,2
0000023882,0000012447,1,0000000028,1
0000023883,0000012447,2,0000000333,1
0000023884,0000012448,1,0000000012,1
0000023885,0000012448,2,0000000045,2
0000023886,0000012449,1,0000000070,4
0000023887,0000012449,2,0000000134,1
0000023888,0000012449,3,0000000385,1
0000023889,0000012450,1,0000000336,1
0000023890,0000012450,2,0000000132,1
0000023891,0000012451,1,0000000146,2
0000023892,0000012452,1,0000000229,1
0000023893,0000012452,2,0000000164,1
0000023894,0000012453,1,0000000387,1
0000023895,0000012454,1,0000000310,3
0000023896,0000012454,2,0000000474,1
0000023897,0000012455,1,0000000341,2
0000023898,0000012456,1,0000000036,1
0000023899,0000012457,1,0000000376,1
0000023900,0000012458,1,0000000303,1
0000023901,0000012458,2,0000000079,3
0000023902,0000012458,3,0000000308,3
0000023903,0000012458,4,0000000245,1
0000023904,0000012459,1,0000000292,4
0000023905,0000012459,2,0000000255,1
0000023906,0000012460,1,0000000082,1
0000023907,0000012461,1,0000000142,1
0000023908,0000012462,1,0000000487,1
0000023909,0000012463,1,0000000141,2
0000023910,0000012464,1,0000000148,2
0000023911,0000012465,1,0000000018,1
0000023912,0000012465,2,0000000205,4
0000023913,0000012466,1,0000000416,1
0000023914,0000012466,2,0000000289,1
0000023915,0000012467,1,0000000458,1
0000023916,0000012468,1,0000000364,2
0000023917,0000012469,1,0000000105,4
0000023918,0000012469,2,0000000380,1
0000023919,0000012470,1,0000000280,1
0000023920,0000012470,2,0000000028,1
0000023921,0000012470,3,0000000370,3
0000023922,0000012471,1,0000000389,2
0000023923,0000012471,2,0000000269,1
0000023924,0000012471,3,0000000002,1
0000023925,0000012472,1,0000000119,1
0000023926,0000012472,2,0000000225,1
0000023927,0000012473,1,0000000303,1
0000023928,0000012473,2,0000000342,1
0000023929,0000012474,1,0000000284,1
0000023930,0000012474,2,0000000312,1
0000023931,0000012475,1,0000000223,1
0000023932,0000012476,1,0000000294,1
0000023933,0000012476,2,0000000177,2
0000023934,0000012476,3,0000000402,1
0000023935,0000012477,1,0000000101,1
0000023936,0000012478,1,0000000025,2
0000023937,0000012479,1,0000000329,1
0000023938,0000012480,1,0000000353,4
0000023939,0000012481,1,0000000159,1
0000023940,0000012481,2,0000000435,1
0000023941,0000012481,3,0000000483,1
0000023942,0000012481,4,0000000262,1
0000023943,0000012482,1,0000000060,4
0000023944,0000012483,1,0000000316,2
0000023945,0000012483,2,0000000392,1
0000023946,0000012484,1,0000000014,1
0000023947,0000012485,1,0000000409,3
0000023948,0000012486,1,0000000392,1
0000023949,0000012487,1,0000000178,2
0000023950,0000012487,2,0000000390,1
0000023951,0000012488,1,0000000182,1
0000023952,0000012488,2,0000000378,1
0000023953,0000012489,1,0000000082,1
0000023954,0000012489,2,0000000275,1
0000023955,0000012489,3,0000000344,2
0000023956,0000012490,1,0000000441,1
0000023957,0000012491,1,0000000205,1
0000023958,0000012492,1,0000000333,1
0000023959,0000012492,2,0000000078,1
0000023960,0000012493,1,0000000196,1
0000023961,0000012493,2,0000000201,2
0000023962,0000012494,1,0000000456,1
0000023963,0000012495,1,0000000229,1
0000023964,0000012496,1,0000000032,4
0000023965,0000012497,1,0000000133,1
0000023966,0000012497,2,0000000224,1
0000023967,0000012498,1,0000000285,2
0000023968,0000012498,2,0000000146,1
0000023969,0000012498,3,0000000147,1
0000023970,0000012498,4,0000000414,1
0000023971,0000012499,1,0000000235,1
0000023972,0000012499,2,0000000281,1
0000023973,0000012500,1,0000000101,1
0000023974,0000012501,1,0000000135,2
0000023975,0000012501,2,0000000136,2
0000023976,0000012502,1,0000000143,1
0000023977,0000012503,1,0000000328,3
0000023978,0000012503,2,0000000389,1
0000023979,0000012504,1,0000000315,1
0000023980,0000012505,1,0000000267,1
0000023981,0000012505,2,0000000325,1
0000023982,0000012505,3,0000000035,1
0000023983,0000012505,4,0000000321,2
0000023984,0000012506,1,0000000435,1
0000023985,0000012507,1,0000000412,1
0000023986,0000012508,1,0000000350,1
0000023987,0000012508,2,0000000437,4
0000023988,0000012508,3,0000000329,2
0000023989,0000012508,4,0000000013,2
0000023990,0000012509,1,0000000107,1
0000023991,0000012510,1,0000000056,1
0000023992,0000012510,2,0000000255,1
0000023993,0000012511,1,0000000022,2
0000023994,0000012512,1,0000000141,1
0000023995,0000012513,1,0000000317,1
0000023996,0000012513,2,0000000302,1
0000023997,0000012513,3,0000000148,2
0000023998,0000012514,1,0000000458,1
0000023999,0000012515,1,0000000350,1
0000024000,0000012515,2,0000000140,1
0000024001,0000012515,3,0000000496,1
0000024002,0000012515,4,0000000163,1
0000024003,0000012515,5,0000000298,1
0000024004,0000012516,1,0000000457,2
0000024005,0000012516,2,0000000454,1
0000024006,0000012516,3,0000000056,1
0000024007,0000012517,1,0000000366,1
0000024008,0000012518,1,0000000345,1
0000024009,0000012519,1,0000000286,2
0000024010,0000012520,1,0000000249,1
0000024011,0000012520,2,0000000414,1
0000024012,0000012521,1,0000000070,1
0000024013,0000012521,2,0000000126,1
0000024014,0000012522,1,0000000105,2
0000024015,0000012522,2,0000000163,1
0000024016,0000012523,1,0000000427,2
0000024017,0000012524,1,0000000490,1
0000024018,0000012525,1,0000000089,1
0000024019,0000012526,1,0000000115,1
0000024020,0000012527,1,0000000304,1
0000024021,0000012527,2,0000000202,2
0000024022,0000012528,1,0000000135,2
0000024023,0000012528,2,0000000388,4
0000024024,0000012529,1,0000000216,1
0000024025,0000012530,1,0000000259,1
0000024026,0000012531,1,0000000285,1
0000024027,0000012532,1,0000000398,2
0000024028,0000012533,1,0000000361,3
0000024029,0000012533,2,0000000287,1
0000024030,0000012534,1,0000000225,1
0000024031,0000012534,2,0000000414,2
0000024032,0000012534,3,0000000442,1
0000024033,0000012534,4,0000000148,1
0000024034,0000012535,1,0000000038,1
0000024035,0000012536,1,0000000384,1
0000024036,0000012537,1,0000000336,1
0000024037,0000012538,1,0000000455,2
0000024038,0000012539,1,0000000173,1
0000024039,0000012540,1,0000000222,1
0000024040,0000012540,2,0000000325,2
0000024041,0000012540,3,0000000280,2
0000024042,0000012540,4,0000000282,1
0000024043,0000012540,5,0000000467,1
0000024044,0000012541,1,0000000077,1
0000024045,0000012541,2,0000000284,1
0000024046,0000012541,3,0000000244,1
0000024047,0000012541,4,0000000143,2
0000024048,0000012542,1,0000000237,1
0000024049,0000012542,2,0000000432,1
0000024050,0000012542,3,0000000347,1
0000024051,0000012543,1,0000000153,2
0000024052,0000012544,1,0000000465,1
0000024053,0000012545,1,0000000118,1
0000024054,0000012546,1,0000000340,3
0000024055,0000012547,1,0000000180,1
0000024056,0000012547,2,0000000006,2
0000024057,0000012547,3,0000000040,2
0000024058,0000012547,4,0000000007,1
0000024059,0000012548,1,0000000197,1
0000024060,0000012549,1,0000000341,1
0000024061,0000012550,1,0000000214,1
0000024062,0000012551,1,0000000318,4
0000024063,0000012551,2,0000000298,2
0000024064,0000012551,3,0000000422,1
0000024065,0000012552,1,0000000235,2
0000024066,0000012553,1,0000000210,1
0000024067,0000012553,2,0000000329,1
0000024068,0000012553,3,0000000375,1
0000024069,0000012554,1,0000000433,1
0000024070,0000012555,1,0000000475,1
0000024071,0000012555,2,0000000265,2
0000024072,0000012555,3,0000000195,1
0000024073,0000012555,4,0000000104,1
0000024074,0000012556,1,0000000468,1
0000024075,0000012557,1,0000000495,1
0000024076,0000012557,2,0000000076,1
0000024077,0000012558,1,0000000457,1
0000024078,0000012559,1,0000000166,1
0000024079,0000012560,1,0000000444,1
0000024080,0000012561,1,0000000231,1
0000024081,0000012561,2,0000000280,3
0000024082,0000012561,3,0000000072,1
0000024083,0000012562,1,0000000079,1
0000024084,0000012562,2,0000000041,1
0000024085,0000012562,3,0000000379,2
0000024086,0000012563,1,0000000428,1
0000024087,0000012564,1,0000000459,2
0000024088,0000012564,2,0000000238,1
0000024089,0000012564,3,0000000157,1
0000024090,0000012564,4,0000000271,1
0000024091,0000012564,5,0000000473,1
0000024092,0000012565,1,0000000485,1
0000024093,0000012565,2,0000000252,1
0000024094,0000012566,1,0000000134,1
0000024095,0000012566,2,0000000367,3
0000024096,0000012566,3,0000000332,2
0000024097,0000012566,4,0000000457,1
0000024098,0000012567,1,0000000290,1
0000024099,0000012567,2,0000000415,1
0000024100,0000012567,3,0000000026,1
0000024101,0000012567,4,0000000456,2
0000024102,0000012568,1,0000000058,2
0000024103,0000012569,1,0000000173,1
0000024104,0000012569,2,0000000459,2
0000024105,0000012570,1,0000000107,1
0000024106,0000012570,2,0000000435,1
0000024107,0000012570,3,0000000033,1
0000024108,0000012570,4,0000000164,1
0000024109,0000012571,1,0000000362,1
0000024110,0000012571,2,0000000487,1
0000024111,0000012571,3,0000000147,1
0000024112,0000012571,4,0000000412,1
0000024113,0000012571,5,0000000274,2
0000024114,0000012572,1,0000000065,1
0000024115,0000012573,1,0000000368,1
0000024116,0000012574,1,0000000327,1
0000024117,0000012574,2,0000000374,1
0000024118,0000012574,3,0000000097,1
0000024119,0000012574,4,0000000342,1
0000024120,0000012575,1,0000000423,2
0000024121,0000012576,1,0000000146,1
0000024122,0000012576,2,0000000433,2
0000024123,0000012576,3,0000000130,1
0000024124,0000012577,1,0000000098,1
0000024125,0000012578,1,0000000351,1
0000024126,0000012579,1,0000000474,1
0000024127,0000012580,1,0000000168,3
0000024128,0000012581,1,0000000482,1
0000024129,0000012581,2,0000000369,1
0000024130,0000012582,1,0000000359,4
0000024131,0000012583,1,0000000227,1
0000024132,0000012584,1,0000000040,1
0000024133,0000012584,2,0000000267,2
0000024134,0000012585,1,0000000353,3
0000024135,0000012585,2,0000000159,2
0000024136,0000012585,3,0000000338,1
0000024137,0000012585,4,0000000258,1
0000024138,0000012585,5,0000000219,2
0000024139,0000012586,1,0000000391,1
0000024140,0000012586,2,0000000490,4
0000024141,0000012586,3,0000000176,3
0000024142,0000012587,1,0000000026,3
0000024143,0000012587,2,0000000479,1
0000024144,0000012587,3,0000000226,1
0000024145,0000012588,1,0000000143,3
0000024146,0000012589,1,0000000187,2
0000024147,0000012590,1,0000000236,1
0000024148,0000012590,2,0000000302,1
0000024149,0000012590,3,0000000427,1
0000024150,0000012590,4,0000000465,1
0000024151,0000012591,1,0000000470,2
0000024152,0000012591,2,0000000378,1
0000024153,0000012592,1,0000000025,1
0000024154,0000012592,2,0000000479,2
0000024155,0000012593,1,0000000345,1
0000024156,0000012593,2,0000000028,1
0000024157,0000012594,1,0000000394,1
0000024158,0000012594,2,0000000167,1
0000024159,0000012595,1,0000000259,1
0000024160,0000012595,2,0000000467,3
0000024161,0000012595,3,0000000198,4
0000024162,0000012595,4,0000000458,2
0000024163,0000012595,5,0000000483,1
0000024164,0000012596,1,0000000135,1
0000024165,0000012596,2,0000000436,1
0000024166,0000012597,1,0000000046,3
0000024167,0000012598,1,0000000417,1
0000024168,0000012599,1,0000000070,1
0000024169,0000012600,1,0000000179,2
0000024170,0000012600,2,0000000079,2
0000024171,0000012600,3,0000000475,4
0000024172,0000012601,1,0000000247,1
0000024173,0000012602,1,0000000363,1
0000024174,0000012603,1,0000000329,1
0000024175,0000012604,1,0000000409,1
0000024176,0000012604,2,0000000460,1
0000024177,0000012604,3,0000000061,2
0000024178,0000012604,4,0000000126,1
0000024179,0000012604,5,0000000045,2
0000024180,0000012605,1,0000000230,1
0000024181,0000012606,1,0000000392,1
0000024182,0000012607,1,0000000058,1
0000024183,0000012608,1,0000000296,1
0000024184,0000012609,1,0000000242,1
0000024185,0000012609,2,0000000351,3
0000024186,0000012610,1,0000000325,1
0000024187,0000012611,1,0000000262,1
0000024188,0000012612,1,0000000441,1
0000024189,0000012613,1,0000000170,4
0000024190,0000012613,2,0000000119,1
0000024191,0000012614,1,0000000468,1
0000024192,0000012615,1,0000000022,1
0000024193,0000012615,2,0000000118,1
0000024194,0000012616,1,0000000288,1
0000024195,0000012617,1,0000000290,1
0000024196,0000012618,1,0000000382,2
0000024197,0000012619,1,0000000482,1
0000024198,0000012619,2,0000000452,1
0000024199,0000012620,1,0000000130,1
0000024200,0000012620,2,0000000223,1
0000024201,0000012621,1,0000000257,1
0000024202,0000012621,2,0000000471,1
0000024203,0000012621,3,0000000215,1
0000024204,0000012622,1,0000000133,1
0000024205,0000012622,2,0000000348,1
0000024206,0000012623,1,0000000288,1
0000024207,0000012624,1,0000000375,1
0000024208,0000012625,1,0000000040,1
0000024209,0000012626,1,0000000267,2
0000024210,0000012627,1,0000000183,2
0000024211,0000012628,1,0000000322,1
0000024212,0000012629,1,0000000065,1
0000024213,0000012629,2,0000000129,1
0000024214,0000012629,3,0000000266,1
0000024215,0000012629,4,0000000436,1
0000024216,0000012630,1,0000000295,1
0000024217,0000012630,2,0000000346,1
0000024218,0000012630,3,0000000492,1
0000024219,0000012631,1,0000000380,1
0000024220,0000012631,2,0000000174,1
0000024221,0000012632,1,0000000345,1
0000024222,0000012632,2,0000000092,2
0000024223,0000012633,1,0000000219,1
0000024224,0000012634,1,0000000460,1
0000024225,0000012634,2,0000000064,1
0000024226,0000012635,1,0000000458,2
0000024227,0000012635,2,0000000418,2
0000024228,0000012635,3,0000000169,4
0000024229,0000012635,4,0000000250,1
0000024230,0000012636,1,0000000483,1
0000024231,0000012637,1,0000000096,1
0000024232,0000012637,2,0000000409,1
0000024233,0000012638,1,0000000036,1
0000024234,0000012639,1,0000000411,1
0000024235,0000012639,2,0000000153,1
0000024236,0000012640,1,0000000253,1
0000024237,0000012641,1,0000000146,1
0000024238,0000012642,1,0000000080,1
0000024239,0000012643,1,0000000376,1
0000024240,0000012644,1,0000000151,4
0000024241,0000012644,2,0000000491,1
0000024242,0000012644,3,0000000235,1
0000024243,0000012644,4,0000000237,1
0000024244,0000012645,1,0000000132,1
0000024245,0000012646,1,0000000423,4
0000024246,0000012646,2,0000000253,2
0000024247,0000012646,3,0000000049,1
0000024248,0000012647,1,0000000290,1
0000024249,0000012648,1,0000000055,1
0000024250,0000012648,2,0000000149,1
0000024251,0000012649,1,0000000112,1
0000024252,0000012649,2,0000000267,1
0000024253,0000012649,3,0000000432,1
0000024254,0000012649,4,0000000058,1
0000024255,0000012649,5,0000000272,4
0000024256,0000012650,1,0000000374,1
0000024257,0000012650,2,0000000243,2
0000024258,0000012651,1,0000000326,2
0000024259,0000012651,2,0000000124,1
0000024260,0000012652,1,0000000045,4
0000024261,0000012652,2,0000000421,2
0000024262,0000012653,1,0000000173,1
0000024263,0000012653,2,0000000155,1
0000024264,0000012654,1,0000000422,1
0000024265,0000012654,2,0000000255,2
0000024266,0000012654,3,0000000138,3
0000024267,0000012654,4,0000000222,4
0000024268,0000012655,1,0000000316,1
0000024269,0000012655,2,0000000417,1
0000024270,0000012655,3,0000000106,1
0000024271,0000012656,1,0000000125,2
0000024272,0000012656,2,0000000138,1
0000024273,0000012656,3,0000000329,2
0000024274,0000012656,4,0000000382,1
0000024275,0000012657,1,0000000070,1
0000024276,0000012658,1,0000000181,1
0000024277,0000012659,1,0000000302,1
0000024278,0000012659,2,0000000329,3
0000024279,0000012659,3,0000000457,1
0000024280,0000012660,1,0000000332,2
0000024281,0000012661,1,0000000156,1
0000024282,0000012662,1,0000000085,1
0000024283,0000012663,1,0000000024,1
0000024284,0000012663,2,0000000148,1
0000024285,0000012664,1,0000000309,1
0000024286,0000012664,2,0000000429,1
0000024287,0000012664,3,0000000123,1
0000024288,0000012665,1,0000000469,1
0000024289,0000012666,1,0000000462,1
0000024290,0000012667,1,0000000122,1
0000024291,0000012668,1,0000000385,1
0000024292,0000012669,1,0000000344,1
0000024293,0000012669,2,0000000176,1
0000024294,0000012669,3,0000000480,3
0000024295,0000012670,1,0000000190,3
0000024296,0000012671,1,0000000427,1
0000024297,0000012672,1,0000000146,1
0000024298,0000012672,2,0000000177,1
0000024299,0000012673,1,0000000177,4
0000024300,0000012673,2,0000000363,1
0000024301,0000012674,1,0000000268,2
0000024302,0000012675,1,0000000332,1
0000024303,0000012676,1,0000000322,2
0000024304,0000012676,2,0000000015,1
0000024305,0000012677,1,0000000010,1
0000024306,0000012677,2,0000000339,1
0000024307,0000012678,1,0000000060,1
0000024308,0000012679,1,0000000211,1
0000024309,0000012679,2,0000000185,1
0000024310,0000012679,3,0000000156,3
0000024311,0000012679,4,0000000430,3
0000024312,0000012680,1,0000000024,1
0000024313,0000012680,2,0000000122,1
0000024314,0000012680,3,0000000113,2
0000024315,0000012680,4,0000000033,1
0000024316,0000012681,1,0000000012,1
0000024317,0000012681,2,0000000474,1
0000024318,0000012682,1,0000000095,1
0000024319,0000012682,2,0000000475,1
0000024320,0000012682,3,0000000304,4
0000024321,0000012683,1,0000000474,1
0000024322,0000012683,2,0000000452,1
0000024323,0000012684,1,0000000492,1
0000024324,0000012684,2,0000000438,1
0000024325,0000012684,3,0000000020,1
0000024326,0000012685,1,0000000374,2
0000024327,0000012685,2,0000000146,1
0000024328,0000012686,1,0000000120,2
0000024329,0000012686,2,0000000117,2
0000024330,0000012687,1,0000000238,1
0000024331,0000012688,1,0000000002,3
0000024332,0000012688,2,0000000442,3
0000024333,0000012689,1,0000000045,1
0000024334,0000012689,2,0000000057,2
0000024335,0000012690,1,0000000293,1
0000024336,0000012691,1,0000000083,1
0000024337,0000012692,1,0000000279,3
0000024338,0000012693,1,0000000215,1
0000024339,0000012694,1,0000000449,1
0000024340,0000012694,2,0000000441,1
0000024341,0000012694,3,0000000101,1
0000024342,0000012694,4,0000000335,1
0000024343,0000012694,5,0000000019,1
0000024344,0000012695,1,0000000210,1
0000024345,0000012696,1,0000000187,1
0000024346,0000012697,1,0000000242,1
0000024347,0000012697,2,0000000030,1
0000024348,0000012698,1,0000000070,1
0000024349,0000012698,2,0000000451,2
0000024350,0000012698,3,0000000260,1
0000024351,0000012698,4,0000000175,1
0000024352,0000012699,1,0000000252,1
0000024353,0000012699,2,0000000332,2
0000024354,0000012699,3,0000000367,1
0000024355,0000012699,4,0000000336,2
0000024356,0000012700,1,0000000489,1
0000024357,0000012700,2,0000000033,1
0000024358,0000012700,3,0000000295,1
0000024359,0000012701,1,0000000064,1
0000024360,0000012702,1,0000000421,1
0000024361,0000012703,1,0000000118,3
0000024362,0000012704,1,0000000462,2
0000024363,0000012705,1,0000000209,1
0000024364,0000012706,1,0000000271,1
0000024365,0000012706,2,0000000334,1
0000024366,0000012706,3,0000000190,1
0000024367,0000012706,4,0000000071,1
0000024368,0000012707,1,0000000096,1
0000024369,0000012708,1,0000000274,1
0000024370,0000012709,1,0000000197,1
0000024371,0000012710,1,0000000292,1
0000024372,0000012710,2,0000000188,3
0000024373,0000012710,3,0000000230,1
0000024374,0000012711,1,0000000056,3
0000024375,0000012712,1,0000000023,2
0000024376,0000012713,1,0000000039,1
0000024377,0000012713,2,0000000011,2
0000024378,0000012713,3,0000000177,4
0000024379,0000012713,4,0000000320,1
0000024380,0000012714,1,0000000229,4
0000024381,0000012715,1,0000000368,3
0000024382,0000012716,1,0000000175,1
0000024383,0000012716,2,0000000319,1
0000024384,0000012717,1,0000000069,2
0000024385,0000012717,2,0000000145,4
0000024386,0000012718,1,0000000093,1
0000024387,0000012719,1,0000000077,1
0000024388,0000012720,1,0000000477,2
0000024389,0000012721,1,0000000251,1
0000024390,0000012721,2,0000000163,1
0000024391,0000012721,3,0000000160,3
0000024392,0000012722,1,0000000169,2
0000024393,0000012722,2,0000000439,1
0000024394,0000012723,1,0000000481,1
0000024395,0000012723,2,0000000231,1
0000024396,0000012724,1,0000000263,2
0000024397,0000012724,2,0000000363,1
0000024398,0000012724,3,0000000351,1
0000024399,0000012725,1,0000000351,1
0000024400,0000012725,2,0000000028,1
0000024401,0000012726,1,0000000362,3
0000024402,0000012726,2,0000000479,1
0000024403,0000012726,3,0000000198,2
0000024404,0000012726,4,0000000426,2
0000024405,0000012726,5,0000000325,1
0000024406,0000012727,1,0000000227,1
0000024407,0000012728,1,0000000017,2
0000024408,0000012729,1,0000000368,1
0000024409,0000012729,2,0000000219,2
0000024410,0000012730,1,0000000162,1
0000024411,0000012731,1,0000000244,4
0000024412,0000012732,1,0000000499,1
0000024413,0000012732,2,0000000375,1
0000024414,0000012733,1,0000000376,1
0000024415,0000012733,2,0000000118,4
0000024416,0000012734,1,0000000165,1
0000024417,0000012735,1,0000000325,1
0000024418,0000012735,2,0000000329,2
0000024419,0000012735,3,0000000083,2
0000024420,0000012736,1,0000000467,3
0000024421,0000012737,1,0000000167,1
0000024422,0000012737,2,0000000230,1
0000024423,0000012737,3,0000000087,1
0000024424,0000012737,4,0000000236,1
0000024425,0000012738,1,0000000174,3
0000024426,0000012738,2,0000000243,1
0000024427,0000012738,3,0000000092,2
0000024428,0000012738,4,0000000328,1
0000024429,0000012739,1,0000000293,1
0000024430,0000012740,1,0000000145,2
0000024431,0000012741,1,0000000302,1
0000024432,0000012741,2,0000000108,4
0000024433,0000012741,3,0000000257,1
0000024434,0000012741,4,0000000274,1
0000024435,0000012742,1,0000000483,1
0000024436,0000012742,2,0000000292,1
0000024437,0000012743,1,0000000394,1
0000024438,0000012743,2,0000000147,1
0000024439,0000012744,1,0000000216,4
0000024440,0000012745,1,0000000391,1
0000024441,0000012746,1,0000000044,2
0000024442,0000012747,1,0000000311,3
0000024443,0000012747,2,0000000104,1
0000024444,0000012747,3,0000000334,1
0000024445,0000012747,4,0000000317,1
0000024446,0000012747,5,0000000294,1
0000024447,0000012748,1,0000000015,1
0000024448,0000012748,2,0000000075,1
0000024449,0000012748,3,0000000227,3
0000024450,0000012748,4,0000000030,2
0000024451,0000012749,1,0000000022,2
0000024452,0000012749,2,0000000313,1
0000024453,0000012750,1,0000000410,2
0000024454,0000012750,2,0000000299,1
0000024455,0000012751,1,0000000469,1
0000024456,0000012752,1,0000000323,2
0000024457,0000012752,2,0000000420,1
0000024458,0000012753,1,0000000362,1
0000024459,0000012754,1,0000000328,2
0000024460,0000012754,2,0000000280,1
0000024461,0000012754,3,0000000429,1
0000024462,0000012755,1,0000000280,1
0000024463,0000012755,2,0000000262,1
0000024464,0000012755,3,0000000234,3
0000024465,0000012755,4,0000000073,2
0000024466,0000012756,1,0000000368,1
0000024467,0000012756,2,0000000011,1
0000024468,0000012757,1,0000000360,1
0000024469,0000012757,2,0000000428,2
0000024470,0000012758,1,0000000233,1
0000024471,0000012759,1,0000000165,1
0000024472,0000012759,2,0000000052,2
0000024473,0000012760,1,0000000086,1
0000024474,0000012761,1,0000000308,1
0000024475,0000012761,2,0000000387,1
0000024476,0000012762,1,0000000046,2
0000024477,0000012763,1,0000000423,2
0000024478,0000012764,1,0000000399,1
0000024479,0000012764,2,0000000204,1
0000024480,0000012765,1,0000000470,1
0000024481,0000012765,2,0000000042,1
0000024482,0000012766,1,0000000140,2
0000024483,0000012766,2,0000000431,1
0000024484,0000012766,3,0000000404,1
0000024485,0000012766,4,0000000100,2
0000024486,0000012767,1,0000000255,1
0000024487,0000012767,2,0000000090,1
0000024488,0000012767,3,0000000123,1
0000024489,0000012768,1,0000000337,1
0000024490,0000012769,1,0000000178,3
0000024491,0000012770,1,0000000138,2
0000024492,0000012771,1,0000000123,1
0000024493,0000012772,1,0000000094,1
0000024494,0000012773,1,0000000315,4
0000024495,0000012774,1,0000000026,1
0000024496,0000012775,1,0000000465,1
0000024497,0000012775,2,0000000466,1
0000024498,0000012776,1,0000000059,1
0000024499,0000012777,1,0000000265,2
0000024500,0000012778,1,0000000072,1
0000024501,0000012778,2,0000000336,1
0000024502,0000012778,3,0000000050,1
0000024503,0000012779,1,0000000006,2
0000024504,0000012780,1,0000000388,1
0000024505,0000012781,1,0000000485,1
0000024506,0000012781,2,0000000247,1
0000024507,0000012781,3,0000000004,2
0000024508,0000012781,4,0000000225,1
0000024509,0000012782,1,0000000077,1
0000024510,0000012782,2,0000000092,1
0000024511,0000012782,3,0000000159,3
0000024512,0000012783,1,0000000087,1
0000024513,0000012784,1,0000000191,2
0000024514,0000012784,2,0000000403,2
0000024515,0000012785,1,0000000431,1
0000024516,0000012786,1,0000000135,1
0000024517,0000012786,2,0000000150,1
0000024518,0000012786,3,0000000342,1
0000024519,0000012786,4,0000000297,1
0000024520,0000012787,1,0000000349,4
0000024521,0000012787,2,0000000439,1
0000024522,0000012787,3,0000000324,1
0000024523,0000012787,4,0000000141,1
0000024524,0000012787,5,0000000225,1
0000024525,0000012788,1,0000000015,1
0000024526,0000012789,1,0000000072,1
0000024527,0000012789,2,0000000431,1
0000024528,0000012789,3,0000000300,1
0000024529,0000012790,1,0000000314,1
0000024530,0000012790,2,0000000498,1
0000024531,0000012791,1,0000000410,1
0000024532,0000012791,2,0000000126,1
0000024533,0000012791,3,0000000350,1
0000024534,0000012792,1,0000000486,1
0000024535,0000012793,1,0000000381,1
0000024536,0000012793,2,0000000152,1
0000024537,0000012793,3,0000000375,1
0000024538,0000012794,1,0000000391,1
0000024539,0000012795,1,0000000015,3
0000024540,0000012795,2,0000000348,1
0000024541,0000012796,1,0000000212,1
0000024542,0000012797,1,0000000179,1
0000024543,0000012798,1,0000000058,1
0000024544,0000012799,1,0000000432,1
0000024545,0000012800,1,0000000259,3
0000024546,0000012800,2,0000000487,1
0000024547,0000012800,3,0000000297,1
0000024548,0000012800,4,0000000312,2
0000024549,0000012801,1,0000000457,2
0000024550,0000012802,1,0000000226,1
0000024551,0000012802,2,0000000020,1
0000024552,0000012802,3,0000000221,1
0000024553,0000012802,4,0000000137,1
0000024554,0000012803,1,0000000317,1
0000024555,0000012804,1,0000000113,1
0000024556,0000012805,1,0000000306,1
0000024557,0000012805,2,0000000195,2
0000024558,0000012805,3,0000000429,1
0000024559,0000012805,4,0000000246,1
0000024560,0000012805,5,0000000255,1
0000024561,0000012806,1,0000000321,1
0000024562,0000012807,1,0000000206,1
0000024563,0000012808,1,0000000498,1
0000024564,0000012808,2,0000000303,1
0000024565,0000012809,1,0000000079,1
0000024566,0000012810,1,0000000474,3
0000024567,0000012810,2,0000000010,1
0000024568,0000012810,3,0000000221,1
0000024569,0000012811,1,0000000411,2
0000024570,0000012811,2,0000000161,4
0000024571,0000012811,3,0000000246,1
0000024572,0000012812,1,0000000466,1
0000024573,0000012812,2,0000000097,1
0000024574,0000012813,1,0000000049,1
0000024575,0000012814,1,0000000348,1
0000024576,0000012815,1,0000000311,1
0000024577,0000012816,1,0000000291,1
0000024578,0000012817,1,0000000358,1
0000024579,0000012818,1,0000000153,4
0000024580,0000012819,1,0000000147,4
0000024581,0000012819,2,0000000026,1
0000024582,0000012820,1,0000000061,1
0000024583,0000012821,1,0000000111,1
0000024584,0000012821,2,0000000046,1
0000024585,0000012821,3,0000000420,1
0000024586,0000012822,1,0000000323,3
0000024587,0000012823,1,0000000370,1
0000024588,0000012823,2,0000000003,1
0000024589,0000012824,1,0000000225,1
0000024590,0000012824,2,0000000403,3
0000024591,0000012825,1,0000000160,2
0000024592,0000012826,1,0000000124,1
0000024593,0000012826,2,0000000111,1
0000024594,0000012827,1,0000000347,3
0000024595,0000012827,2,0000000490,1
0000024596,0000012828,1,0000000163,1
0000024597,0000012829,1,0000000399,1
0000024598,0000012829,2,0000000359,2
0000024599,0000012830,1,0000000437,1
0000024600,0000012830,2,0000000253,1
0000024601,0000012831,1,0000000404,2
0000024602,0000012831,2,0000000395,1
0000024603,0000012831,3,0000000487,1
0000024604,0000012832,1,0000000379,4
0000024605,0000012833,1,0000000342,3
0000024606,0000012834,1,0000000049,1
0000024607,0000012835,1,0000000395,1
0000024608,0000012835,2,0000000317,1
0000024609,0000012835,3,0000000128,4
0000024610,0000012835,4,0000000420,1
0000024611,0000012835,5,0000000458,3
0000024612,0000012836,1,0000000453,1
0000024613,0000012837,1,0000000440,2
0000024614,0000012837,2,0000000494,3
0000024615,0000012838,1,0000000009,1
0000024616,0000012838,2,0000000462,1
0000024617,0000012838,3,0000000118,1
0000024618,0000012838,4,0000000131,1
0000024619,0000012839,1,0000000300,1
0000024620,0000012839,2,0000000247,1
0000024621,0000012839,3,0000000459,3
0000024622,0000012839,4,0000000436,1
0000024623,0000012840,1,0000000487,1
0000024624,0000012840,2,0000000175,1
0000024625,0000012840,3,0000000001,1
0000024626,0000012840,4,0000000476,4
0000024627,0000012840,5,0000000027,1
0000024628,0000012841,1,0000000420,1
0000024629,0000012842,1,0000000158,1
0000024630,0000012842,2,0000000211,1
0000024631,0000012842,3,0000000354,1
0000024632,0000012843,1,0000000360,3
0000024633,0000012844,1,0000000409,1
0000024634,0000012844,2,0000000474,1
0000024635,0000012845,1,0000000497,1
0000024636,0000012845,2,0000000127,1
0000024637,0000012846,1,0000000206,2
0000024638,0000012846,2,0000000210,1
0000024639,0000012846,3,0000000459,4
0000024640,0000012847,1,0000000366,1
0000024641,0000012847,2,0000000325,3
0000024642,0000012848,1,0000000270,2
0000024643,0000012849,1,0000000129,1
0000024644,0000012850,1,0000000485,3
0000024645,0000012850,2,0000000235,1
0000024646,0000012850,3,0000000171,1
0000024647,0000012851,1,0000000193,1
0000024648,0000012852,1,0000000031,1
0000024649,0000012852,2,0000000141,1
0000024650,0000012852,3,0000000438,1
0000024651,0000012853,1,0000000487,4
0000024652,0000012853,2,0000000151,1
0000024653,0000012853,3,0000000227,3
0000024654,0000012853,4,0000000213,2
0000024655,0000012854,1,0000000059,3
0000024656,0000012855,1,0000000011,1
0000024657,0000012855,2,0000000245,3
0000024658,0000012856,1,0000000044,1
0000024659,0000012857,1,0000000390,1
0000024660,0000012858,1,0000000222,1
0000024661,0000012859,1,0000000203,1
0000024662,0000012859,2,0000000289,1
0000024663,0000012860,1,0000000447,1
0000024664,0000012861,1,0000000459,1
0000024665,0000012861,2,0000000131,1
0000024666,0000012862,1,0000000192,1
0000024667,0000012863,1,0000000403,2
0000024668,0000012864,1,0000000149,1
0000024669,0000012864,2,0000000469,1
0000024670,0000012865,1,0000000421,1
0000024671,0000012866,1,0000000058,2
0000024672,0000012867,1,0000000281,1
0000024673,0000012867,2,0000000275,1
0000024674,0000012867,3,0000000445,1
0000024675,0000012868,1,0000000006,1
0000024676,0000012869,1,0000000499,1
0000024677,0000012870,1,0000000318,1
0000024678,0000012870,2,0000000350,1
0000024679,0000012871,1,0000000430,2
0000024680,0000012871,2,0000000321,3
0000024681,0000012872,1,0000000004,4
0000024682,0000012873,1,0000000455,1
0000024683,0000012873,2,0000000270,1
0000024684,0000012874,1,0000000483,1
0000024685,0000012874,2,0000000135,1
0000024686,0000012875,1,0000000438,1
0000024687,0000012876,1,0000000447,3
0000024688,0000012877,1,0000000022,1
0000024689,0000012877,2,0000000489,1
0000024690,0000012878,1,0000000409,1
0000024691,0000012878,2,0000000080,1
0000024692,0000012879,1,0000000339,1
0000024693,0000012880,1,0000000325,2
0000024694,0000012880,2,0000000030,1
0000024695,0000012880,3,0000000052,1
0000024696,0000012881,1,0000000473,2
0000024697,0000012882,1,0000000025,3
0000024698,0000012882,2,0000000115,2
0000024699,0000012883,1,0000000214,2
0000024700,0000012884,1,0000000495,2
0000024701,0000012885,1,0000000143,1
0000024702,0000012885,2,0000000172,1
0000024703,0000012886,1,0000000187,2
0000024704,0000012887,1,0000000280,1
0000024705,0000012888,1,0000000191,1
0000024706,0000012888,2,0000000071,1
0000024707,0000012889,1,0000000257,1
0000024708,0000012889,2,0000000162,3
0000024709,0000012889,3,0000000312,1
0000024710,0000012890,1,0000000070,4
0000024711,0000012891,1,0000000159,2
0000024712,0000012891,2,0000000065,1
0000024713,0000012892,1,0000000367,1
0000024714,0000012892,2,0000000447,1
0000024715,0000012893,1,0000000418,1
0000024716,0000012894,1,0000000409,1
0000024717,0000012895,1,0000000394,1
0000024718,0000012895,2,0000000349,4
0000024719,0000012896,1,0000000341,1
0000024720,0000012897,1,0000000326,3
0000024721,0000012898,1,0000000263,1
0000024722,0000012898,2,0000000312,1
0000024723,0000012899,1,0000000329,1
0000024724,0000012899,2,0000000157,3
0000024725,0000012899,3,0000000490,1
0000024726,0000012900,1,0000000334,1
0000024727,0000012901,1,0000000079,1
0000024728,0000012902,1,0000000497,1
0000024729,0000012903,1,0000000352,1
0000024730,0000012904,1,0000000262,1
0000024731,0000012905,1,0000000376,1
0000024732,0000012905,2,0000000157,1
0000024733,0000012905,3,0000000389,4
0000024734,0000012905,4,0000000238,1
0000024735,0000012906,1,0000000490,1
0000024736,0000012907,1,0000000103,2
0000024737,0000012907,2,0000000378,1
0000024738,0000012908,1,0000000282,1
0000024739,0000012908,2,0000000001,1
0000024740,0000012909,1,0000000275,1
0000024741,0000012910,1,0000000485,3
0000024742,0000012911,1,0000000130,1
0000024743,0000012911,2,0000000328,2
0000024744,0000012911,3,0000000126,1
0000024745,0000012911,4,0000000184,1
0000024746,0000012912,1,0000000199,2
0000024747,0000012912,2,0000000338,3
0000024748,0000012912,3,0000000390,1
0000024749,0000012912,4,0000000410,1
0000024750,0000012913,1,0000000060,1
0000024751,0000012913,2,0000000430,1
0000024752,0000012913,3,0000000076,2
0000024753,0000012913,4,0000000368,1
0000024754,0000012913,5,0000000286,2
0000024755,0000012914,1,0000000147,2
0000024756,0000012914,2,0000000380,1
0000024757,0000012914,3,0000000238,1
0000024758,0000012915,1,0000000060,2
0000024759,0000012915,2,0000000066,1
0000024760,0000012916,1,0000000271,4
0000024761,0000012916,2,0000000120,2
0000024762,0000012917,1,0000000416,4
0000024763,0000012918,1,0000000031,1
0000024764,0000012919,1,0000000317,2
0000024765,0000012919,2,0000000331,1
0000024766,0000012920,1,0000000412,3
0000024767,0000012921,1,0000000463,1
0000024768,0000012922,1,0000000444,1
0000024769,0000012923,1,0000000339,1
0000024770,0000012924,1,0000000467,1
0000024771,0000012924,2,0000000294,1
0000024772,0000012925,1,0000000319,4
0000024773,0000012926,1,0000000289,2
0000024774,0000012926,2,0000000279,4
0000024775,0000012926,3,0000000168,1
0000024776,0000012927,1,0000000054,1
0000024777,0000012928,1,0000000010,1
0000024778,0000012929,1,0000000006,1
0000024779,0000012930,1,0000000195,1
0000024780,0000012931,1,0000000416,1
0000024781,0000012932,1,0000000185,1
0000024782,0000012933,1,0000000124,1
0000024783,0000012934,1,0000000377,1
0000024784,0000012934,2,0000000358,1
0000024785,0000012935,1,0000000231,1
0000024786,0000012935,2,0000000141,1
0000024787,0000012935,3,0000000014,1
0000024788,0000012936,1,0000000330,1
0000024789,0000012936,2,0000000125,1
0000024790,0000012937,1,0000000217,1
0000024791,0000012938,1,0000000289,1
0000024792,0000012939,1,0000000211,1
0000024793,0000012939,2,0000000358,1
0000024794,0000012939,3,0000000079,1
0000024795,0000012939,4,0000000063,1
0000024796,0000012939,5,0000000135,1
0000024797,0000012940,1,0000000145,1
0000024798,0000012940,2,0000000127,2
0000024799,0000012940,3,0000000339,1
0000024800,0000012940,4,0000000297,1
0000024801,0000012941,1,0000000168,1
0000024802,0000012942,1,0000000433,1
0000024803,0000012943,1,0000000202,1
0000024804,0000012943,2,0000000032,1
0000024805,0000012944,1,0000000408,1
0000024806,0000012945,1,0000000253,1
0000024807,0000012946,1,0000000268,1
0000024808,0000012946,2,0000000344,1
0000024809,0000012946,3,0000000359,1
0000024810,0000012946,4,0000000018,1
0000024811,0000012947,1,0000000160,1
0000024812,0000012948,1,0000000403,1
0000024813,0000012948,2,0000000007,1
0000024814,0000012948,3,0000000163,1
0000024815,0000012948,4,0000000444,2
0000024816,0000012949,1,0000000357,3
0000024817,0000012950,1,0000000214,1
0000024818,0000012951,1,0000000266,1
0000024819,0000012952,1,0000000486,1
0000024820,0000012953,1,0000000452,1
0000024821,0000012954,1,0000000247,2
0000024822,0000012955,1,0000000046,1
0000024823,0000012955,2,0000000154,1
0000024824,0000012955,3,0000000128,3
0000024825,0000012956,1,0000000213,3
0000024826,0000012957,1,0000000443,1
0000024827,0000012957,2,0000000421,1
0000024828,0000012958,1,0000000286,1
0000024829,0000012959,1,0000000488,1
0000024830,0000012960,1,0000000111,1
0000024831,0000012961,1,0000000193,1
0000024832,0000012962,1,0000000096,1
0000024833,0000012963,1,0000000205,3
0000024834,0000012964,1,0000000435,1
0000024835,0000012965,1,0000000109,1
0000024836,0000012965,2,0000000242,1
0000024837,0000012966,1,0000000266,2
0000024838,0000012966,2,0000000427,1
0000024839,0000012966,3,0000000061,1
0000024840,0000012966,4,0000000418,1
0000024841,0000012966,5,0000000021,1
0000024842,0000012967,1,0000000472,1
0000024843,0000012968,1,0000000065,1
0000024844,0000012969,1,0000000268,1
0000024845,0000012970,1,0000000318,1
0000024846,0000012971,1,0000000254,1
0000024847,0000012972,1,0000000116,2
0000024848,0000012973,1,0000000082,1
0000024849,0000012973,2,0000000369,1
0000024850,0000012973,3,0000000056,1
0000024851,0000012973,4,0000000154,1
0000024852,0000012974,1,0000000390,2
0000024853,0000012974,2,0000000202,1
0000024854,0000012974,3,0000000302,1
0000024855,0000012974,4,0000000293,1
0000024856,0000012975,1,0000000072,1
0000024857,0000012976,1,0000000428,1
0000024858,0000012977,1,0000000201,1
0000024859,0000012977,2,0000000359,1
0000024860,0000012978,1,0000000461,1
0000024861,0000012978,2,0000000418,2
0000024862,0000012978,3,0000000172,2
0000024863,0000012979,1,0000000235,1
0000024864,0000012979,2,0000000045,1
0000024865,0000012979,3,0000000330,2
0000024866,0000012979,4,0000000452,1
0000024867,0000012980,1,0000000070,2
0000024868,0000012981,1,0000000272,1
0000024869,0000012981,2,0000000184,1
0000024870,0000012982,1,0000000192,3
0000024871,0000012983,1,0000000325,2
0000024872,0000012984,1,0000000145,4
0000024873,0000012985,1,0000000080,2
0000024874,0000012985,2,0000000319,1
0000024875,0000012986,1,0000000021,1
0000024876,0000012987,1,0000000487,1
0000024877,0000012987,2,0000000434,1
0000024878,0000012988,1,0000000006,2
0000024879,0000012988,2,0000000051,1
0000024880,0000012989,1,0000000098,1
0000024881,0000012989,2,0000000453,1
0000024882,0000012989,3,0000000235,1
0000024883,0000012990,1,0000000384,1
0000024884,0000012991,1,0000000190,2
0000024885,0000012992,1,0000000006,1
0000024886,0000012992,2,0000000009,1
0000024887,0000012993,1,0000000072,1
0000024888,0000012994,1,0000000047,3
0000024889,0000012995,1,0000000077,1
0000024890,0000012995,2,0000000043,1
0000024891,0000012996,1,0000000141,1
0000024892,0000012996,2,0000000463,2
0000024893,0000012997,1,0000000178,2
0000024894,0000012998,1,0000000217,1
0000024895,0000012998,2,0000000293,1
0000024896,0000012999,1,0000000007,1
0000024897,0000013000,1,0000000468,1
0000024898,0000013001,1,0000000274,1
0000024899,0000013001,2,0000000074,1
0000024900,0000013001,3,0000000429,1
0000024901,0000013001,4,0000000434,1
0000024902,0000013001,5,0000000053,1
0000024903,0000013002,1,0000000284,3
0000024904,0000013002,2,0000000395,1
0000024905,0000013003,1,0000000315,1
0000024906,0000013004,1,0000000315,3
0000024907,0000013004,2,0000000262,1
0000024908,0000013005,1,0000000434,1
0000024909,0000013005,2,0000000416,1
0000024910,0000013006,1,0000000376,1
0000024911,0000013007,1,0000000480,1
0000024912,0000013008,1,0000000249,1
0000024913,0000013008,2,0000000086,1
0000024914,0000013009,1,0000000348,1
0000024915,0000013010,1,0000000384,2
0000024916,0000013011,1,0000000337,1
0000024917,0000013011,2,0000000198,1
0000024918,0000013011,3,0000000448,2
0000024919,0000013011,4,0000000218,1
0000024920,0000013012,1,0000000247,1
0000024921,0000013012,2,0000000324,1
0000024922,0000013012,3,0000000159,1
0000024923,0000013013,1,0000000076,1
0000024924,0000013013,2,0000000001,1
0000024925,0000013013,3,0000000416,1
0000024926,0000013013,4,0000000165,3
0000024927,0000013014,1,0000000228,2
0000024928,0000013015,1,0000000098,1
0000024929,0000013016,1,0000000338,3
0000024930,0000013016,2,0000000453,1
0000024931,0000013017,1,0000000378,1
0000024932,0000013018,1,0000000135,1
0000024933,0000013018,2,0000000226,1
0000024934,0000013019,1,0000000094,2
0000024935,0000013019,2,0000000135,1
0000024936,0000013020,1,0000000019,4
0000024937,0000013021,1,0000000263,1
0000024938,0000013022,1,0000000343,1
0000024939,0000013022,2,0000000200,1
0000024940,0000013023,1,0000000195,4
0000024941,0000013023,2,0000000443,2
0000024942,0000013023,3,0000000167,1
0000024943,0000013023,4,0000000265,1
0000024944,0000013024,1,0000000421,1
0000024945,0000013025,1,0000000440,1
0000024946,0000013025,2,0000000140,1
0000024947,0000013025,3,0000000231,1
0000024948,0000013025,4,0000000106,1
0000024949,0000013026,1,0000000294,1
0000024950,0000013026,2,0000000235,2
0000024951,0000013026,3,0000000227,1
0000024952,0000013026,4,0000000253,2
0000024953,0000013027,1,0000000475,2
0000024954,0000013027,2,0000000289,1
0000024955,0000013027,3,0000000309,1
0000024956,0000013028,1,0000000338,1
0000024957,0000013028,2,0000000450,1
0000024958,0000013029,1,0000000034,1
0000024959,0000013030,1,0000000334,1
0000024960,0000013030,2,0000000366,1
0000024961,0000013031,1,0000000026,3
0000024962,0000013031,2,0000000451,1
0000024963,0000013032,1,0000000406,1
0000024964,0000013033,1,0000000290,1
0000024965,0000013033,2,0000000050,1
0000024966,0000013034,1,0000000009,1
0000024967,0000013034,2,0000000443,1
0000024968,0000013034,3,0000000210,1
0000024969,0000013034,4,0000000166,1
0000024970,0000013035,1,0000000036,1
0000024971,0000013035,2,0000000494,3
0000024972,0000013035,3,0000000492,1
0000024973,0000013036,1,0000000469,1
0000024974,0000013037,1,0000000222,1
0000024975,0000013038,1,0000000376,1
0000024976,0000013039,1,0000000183,1
0000024977,0000013039,2,0000000374,3
0000024978,0000013040,1,0000000109,1
0000024979,0000013040,2,0000000137,1
0000024980,0000013040,3,0000000105,1
0000024981,0000013040,4,0000000205,1
0000024982,0000013041,1,0000000068,3
0000024983,0000013041,2,0000000102,1
0000024984,0000013041,3,0000000203,2
0000024985,0000013041,4,0000000005,1
0000024986,0000013041,5,0000000397,1
0000024987,0000013042,1,0000000161,2
0000024988,0000013043,1,0000000272,4
0000024989,0000013044,1,0000000387,2
0000024990,0000013045,1,0000000324,1
0000024991,0000013046,1,0000000432,2
0000024992,0000013047,1,0000000425,1
0000024993,0000013047,2,0000000470,1
0000024994,0000013047,3,0000000116,1
0000024995,0000013047,4,0000000346,1
0000024996,0000013047,5,0000000492,2
0000024997,0000013048,1,0000000361,1
0000024998,0000013048,2,0000000482,1
0000024999,0000013048,3,0000000203,1
0000025000,0000013049,1,0000000457,1
0000025001,0000013049,2,0000000324,2
0000025002,0000013049,3,0000000290,1
0000025003,0000013050,1,0000000224,1
0000025004,0000013050,2,0000000362,1
0000025005,0000013051,1,0000000148,1
0000025006,0000013052,1,0000000098,1
0000025007,0000013053,1,0000000355,3
0000025008,0000013053,2,0000000244,2
0000025009,0000013053,3,0000000040,4
0000025010,0000013053,4,0000000386,1
0000025011,0000013054,1,0000000268,1
0000025012,0000013054,2,0000000109,2
0000025013,0000013055,1,0000000382,1
0000025014,0000013055,2,0000000183,1
0000025015,0000013056,1,0000000412,2
0000025016,0000013056,2,0000000085,2
0000025017,0000013057,1,0000000072,1
0000025018,0000013057,2,0000000316,1
0000025019,0000013058,1,0000000426,2
0000025020,0000013059,1,0000000315,1
0000025021,0000013060,1,0000000436,2
0000025022,0000013060,2,0000000415,1
0000025023,0000013061,1,0000000013,2
0000025024,0000013062,1,0000000195,4
0000025025,0000013062,2,0000000006,1
0000025026,0000013062,3,0000000455,1
0000025027,0000013063,1,0000000179,1
0000025028,0000013064,1,0000000201,1
0000025029,0000013064,2,0000000237,2
0000025030,0000013065,1,0000000484,1
0000025031,0000013065,2,0000000203,1
0000025032,0000013066,1,0000000489,1
0000025033,0000013066,2,0000000294,1
0000025034,0000013066,3,0000000114,2
0000025035,0000013066,4,0000000436,1
0000025036,0000013066,5,0000000152,2
0000025037,0000013067,1,0000000089,3
0000025038,0000013067,2,0000000339,1
0000025039,0000013068,1,0000000056,2
0000025040,0000013068,2,0000000466,1
0000025041,0000013068,3,0000000051,1
0000025042,0000013069,1,0000000043,1
0000025043,0000013070,1,0000000206,2
0000025044,0000013070,2,0000000212,1
0000025045,0000013070,3,0000000400,1
0000025046,0000013070,4,0000000465,1
0000025047,0000013071,1,0000000030,2
0000025048,0000013072,1,0000000154,1
0000025049,0000013073,1,0000000129,1
0000025050,0000013074,1,0000000350,1
0000025051,0000013074,2,0000000029,2
0000025052,0000013074,3,0000000205,1
0000025053,0000013075,1,0000000407,1
0000025054,0000013075,2,0000000028,3
0000025055,0000013075,3,0000000355,1
0000025056,0000013076,1,0000000277,1
0000025057,0000013077,1,0000000126,3
0000025058,0000013078,1,0000000110,2
0000025059,0000013078,2,0000000430,2
0000025060,0000013079,1,0000000471,4
0000025061,0000013079,2,0000000116,4
0000025062,0000013080,1,0000000017,3
0000025063,0000013080,2,0000000237,1
0000025064,0000013080,3,0000000150,1
0000025065,0000013081,1,0000000298,1
0000025066,0000013082,1,0000000245,4
0000025067,0000013083,1,0000000330,1
0000025068,0000013083,2,0000000344,2
0000025069,0000013084,1,0000000033,1
0000025070,0000013084,2,0000000147,1
0000025071,0000013084,3,0000000184,2
0000025072,0000013084,4,0000000283,1
0000025073,0000013085,1,0000000193,3
0000025074,0000013086,1,0000000190,1
0000025075,0000013087,1,0000000274,4
0000025076,0000013087,2,0000000275,1
0000025077,0000013087,3,0000000244,1
0000025078,0000013087,4,0000000333,1
0000025079,0000013088,1,0000000188,1
0000025080,0000013089,1,0000000056,2
0000025081,0000013090,1,0000000420,1
0000025082,0000013091,1,0000000429,3
0000025083,0000013091,2,0000000262,1
0000025084,0000013091,3,0000000386,1
0000025085,0000013091,4,0000000434,1
0000025086,0000013092,1,0000000221,1
0000025087,0000013092,2,0000000436,3
0000025088,0000013092,3,0000000197,1
0000025089,0000013092,4,0000000363,1
0000025090,0000013092,5,0000000176,2
0000025091,0000013093,1,0000000307,1
0000025092,0000013094,1,0000000220,1
0000025093,0000013094,2,0000000207,1
0000025094,0000013095,1,0000000457,1
0000025095,0000013096,1,0000000035,1
0000025096,0000013097,1,0000000272,1
0000025097,0000013097,2,0000000167,1
0000025098,0000013098,1,0000000004,4
0000025099,0000013099,1,0000000028,3
0000025100,0000013099,2,0000000354,1
0000025101,0000013100,1,0000000122,1
0000025102,0000013101,1,0000000010,4
0000025103,0000013101,2,0000000301,1
0000025104,0000013102,1,0000000276,2
0000025105,0000013103,1,0000000364,2
0000025106,0000013103,2,0000000314,4
0000025107,0000013104,1,0000000321,1
0000025108,0000013105,1,0000000445,2
0000025109,0000013106,1,0000000262,1
0000025110,0000013106,2,0000000345,2
0000025111,0000013107,1,0000000046,1
0000025112,0000013107,2,0000000448,3
0000025113,0000013107,3,0000000265,1
0000025114,0000013107,4,0000000401,4
0000025115,0000013108,1,0000000379,1
0000025116,0000013109,1,0000000082,2
0000025117,0000013109,2,0000000100,1
0000025118,0000013110,1,0000000225,1
0000025119,0000013110,2,0000000244,1
0000025120,0000013111,1,0000000054,2
0000025121,0000013112,1,0000000397,1
0000025122,0000013112,2,0000000317,2
0000025123,0000013112,3,0000000054,1
0000025124,0000013113,1,0000000163,1
0000025125,0000013113,2,0000000079,1
0000025126,0000013113,3,0000000043,1
0000025127,0000013114,1,0000000395,1
0000025128,0000013115,1,0000000413,3
0000025129,0000013116,1,0000000399,1
0000025130,0000013117,1,0000000094,3
0000025131,0000013118,1,0000000094,2
0000025132,0000013118,2,0000000182,2
0000025133,0000013118,3,0000000298,1
0000025134,0000013118,4,0000000355,2
0000025135,0000013118,5,0000000354,1
0000025136,0000013119,1,0000000263,2
0000025137,0000013120,1,0000000381,1
0000025138,0000013121,1,0000000475,1
0000025139,0000013121,2,0000000245,3
0000025140,0000013121,3,0000000448,2
0000025141,0000013121,4,0000000112,3
0000025142,0000013121,5,0000000057,1
0000025143,0000013122,1,0000000458,1
0000025144,0000013123,1,0000000392,1
0000025145,0000013124,1,0000000220,1
0000025146,0000013125,1,0000000056,1
0000025147,0000013125,2,0000000037,1
0000025148,0000013126,1,0000000323,3
0000025149,0000013127,1,0000000462,2
0000025150,0000013127,2,0000000420,2
0000025151,0000013128,1,0000000029,1
0000025152,0000013129,1,0000000315,1
0000025153,0000013130,1,0000000220,1
0000025154,0000013131,1,0000000086,1
0000025155,0000013131,2,0000000382,2
0000025156,0000013132,1,0000000251,1
0000025157,0000013132,2,0000000040,1
0000025158,0000013133,1,0000000068,1
0000025159,0000013134,1,0000000480,3
0000025160,0000013135,1,0000000338,1
0000025161,0000013135,2,0000000001,1
0000025162,0000013135,3,0000000350,2
0000025163,0000013136,1,0000000381,1
0000025164,0000013136,2,0000000004,1
0000025165,0000013137,1,0000000110,1
0000025166,0000013137,2,0000000256,1
0000025167,0000013138,1,0000000281,4
0000025168,0000013139,1,0000000105,1
0000025169,0000013140,1,0000000264,1
0000025170,0000013141,1,0000000078,2
0000025171,0000013142,1,0000000111,4
0000025172,0000013142,2,0000000399,1
0000025173,0000013143,1,0000000156,1
0000025174,0000013143,2,0000000477,1
0000025175,0000013143,3,0000000402,2
0000025176,0000013143,4,0000000069,1
0000025177,0000013143,5,0000000171,4
0000025178,0000013144,1,0000000083,2
0000025179,0000013144,2,0000000223,2
0000025180,0000013144,3,0000000433,3
0000025181,0000013145,1,0000000374,3
0000025182,0000013145,2,0000000340,1
0000025183,0000013145,3,0000000191,2
0000025184,0000013145,4,0000000498,1
0000025185,0000013146,1,0000000429,1
0000025186,0000013146,2,0000000006,2
0000025187,0000013147,1,0000000388,2
0000025188,0000013148,1,0000000120,1
0000025189,0000013149,1,0000000187,2
0000025190,0000013150,1,0000000109,2
0000025191,0000013151,1,0000000036,2
0000025192,0000013151,2,0000000063,1
0000025193,0000013152,1,0000000209,1
0000025194,0000013153,1,0000000487,1
0000025195,0000013153,2,0000000415,2
0000025196,0000013153,3,0000000402,3
0000025197,0000013153,4,0000000280,1
0000025198,0000013154,1,0000000498,2
0000025199,0000013154,2,0000000480,1
0000025200,0000013154,3,0000000206,1
0000025201,0000013155,1,0000000102,2
0000025202,0000013155,2,0000000238,1
0000025203,0000013155,3,0000000367,1
0000025204,0000013156,1,0000000160,1
0000025205,0000013157,1,0000000433,1
0000025206,0000013157,2,0000000219,2
0000025207,0000013157,3,0000000272,2
0000025208,0000013157,4,0000000244,2
0000025209,0000013158,1,0000000149,1
0000025210,0000013158,2,0000000418,1
0000025211,0000013158,3,0000000123,1
0000025212,0000013158,4,0000000274,1
0000025213,0000013159,1,0000000399,2
0000025214,0000013159,2,0000000063,1
0000025215,0000013159,3,0000000152,1
0000025216,0000013160,1,0000000422,1
0000025217,0000013161,1,0000000495,3
0000025218,0000013162,1,0000000479,1
0000025219,0000013162,2,0000000304,1
0000025220,0000013163,1,0000000005,2
0000025221,0000013163,2,0000000266,1
0000025222,0000013163,3,0000000265,1
0000025223,0000013164,1,0000000020,1
0000025224,0000013164,2,0000000147,1
0000025225,0000013164,3,0000000123,2
0000025226,0000013165,1,0000000121,3
0000025227,0000013165,2,0000000497,1
0000025228,0000013165,3,0000000454,4
0000025229,0000013166,1,0000000161,1
0000025230,0000013166,2,0000000385,1
0000025231,0000013167,1,0000000173,3
0000025232,0000013168,1,0000000203,1
0000025233,0000013168,2,0000000009,1
0000025234,0000013168,3,0000000154,2
0000025235,0000013169,1,0000000338,2
0000025236,0000013170,1,0000000399,1
0000025237,0000013170,2,0000000322,1
0000025238,0000013171,1,0000000122,2
0000025239,0000013172,1,0000000147,4
0000025240,0000013172,2,0000000045,1
0000025241,0000013172,3,0000000191,4
0000025242,0000013173,1,0000000483,1
0000025243,0000013174,1,0000000429,2
0000025244,0000013174,2,0000000339,1
0000025245,0000013175,1,0000000363,1
0000025246,0000013175,2,0000000134,1
0000025247,0000013176,1,0000000360,1
0000025248,0000013177,1,0000000494,2
0000025249,0000013177,2,0000000013,1
0000025250,0000013177,3,0000000402,1
0000025251,0000013177,4,0000000200,1
0000025252,0000013178,1,0000000183,1
0000025253,0000013178,2,0000000209,1
0000025254,0000013178,3,0000000194,1
0000025255,0000013179,1,0000000430,2
0000025256,0000013179,2,0000000468,1
0000025257,0000013180,1,0000000321,1
0000025258,0000013180,2,0000000195,1
0000025259,0000013181,1,0000000050,1
0000025260,0000013181,2,0000000237,2
0000025261,0000013181,3,0000000362,1
0000025262,0000013181,4,0000000266,1
0000025263,0000013182,1,0000000410,1
0000025264,0000013182,2,0000000428,2
0000025265,0000013183,1,0000000032,1
0000025266,0000013183,2,0000000046,1
0000025267,0000013183,3,0000000374,3
0000025268,0000013183,4,0000000430,3
0000025269,0000013184,1,0000000497,1
0000025270,0000013184,2,0000000431,2
0000025271,0000013185,1,0000000005,1
0000025272,0000013185,2,0000000079,1
0000025273,0000013185,3,0000000007,1
0000025274,0000013186,1,0000000375,2
0000025275,0000013187,1,0000000098,1
0000025276,0000013188,1,0000000043,2
0000025277,0000013188,2,0000000058,1
0000025278,0000013189,1,0000000081,1
0000025279,0000013189,2,0000000494,3
0000025280,0000013190,1,0000000111,1
0000025281,0000013190,2,0000000264,1
0000025282,0000013190,3,0000000443,1
0000025283,0000013190,4,0000000204,2
0000025284,0000013191,1,0000000232,2
0000025285,0000013191,2,0000000028,1
0000025286,0000013191,3,0000000454,1
0000025287,0000013192,1,0000000292,1
0000025288,0000013192,2,0000000247,1
0000025289,0000013193,1,0000000113,1
0000025290,0000013193,2,0000000395,1
0000025291,0000013193,3,0000000133,2
0000025292,0000013194,1,0000000105,1
0000025293,0000013195,1,0000000141,1
0000025294,0000013195,2,0000000308,1
0000025295,0000013195,3,0000000236,2
0000025296,0000013195,4,0000000468,1
0000025297,0000013196,1,0000000008,3
0000025298,0000013197,1,0000000121,1
0000025299,0000013198,1,0000000451,1
0000025300,0000013199,1,0000000016,1
0000025301,0000013200,1,0000000089,1
0000025302,0000013201,1,0000000170,1
0000025303,0000013202,1,0000000466,1
0000025304,0000013203,1,0000000179,1
0000025305,0000013204,1,0000000360,4
0000025306,0000013205,1,0000000073,1
0000025307,0000013205,2,0000000323,2
0000025308,0000013205,3,0000000456,1
0000025309,0000013205,4,0000000136,1
0000025310,0000013206,1,0000000112,1
0000025311,0000013207,1,0000000225,3
0000025312,0000013208,1,0000000447,1
0000025313,0000013208,2,0000000113,1
0000025314,0000013208,3,0000000172,1
0000025315,0000013208,4,0000000445,2
0000025316,0000013209,1,0000000309,1
0000025317,0000013209,2,0000000365,2
0000025318,0000013209,3,0000000091,2
0000025319,0000013209,4,0000000168,4
0000025320,0000013209,5,0000000197,1
0000025321,0000013210,1,0000000204,1
0000025322,0000013210,2,0000000304,1
0000025323,0000013211,1,0000000341,1
0000025324,0000013211,2,0000000108,1
0000025325,0000013212,1,0000000076,3
0000025326,0000013212,2,0000000241,1
0000025327,0000013213,1,0000000179,1
0000025328,0000013213,2,0000000252,1
0000025329,0000013214,1,0000000350,2
0000025330,0000013214,2,0000000299,2
0000025331,0000013214,3,0000000312,1
0000025332,0000013215,1,0000000358,1
0000025333,0000013215,2,0000000272,1
0000025334,0000013215,3,0000000241,2
0000025335,0000013216,1,0000000089,1
0000025336,0000013217,1,0000000076,1
0000025337,0000013217,2,0000000154,3
0000025338,0000013217,3,0000000043,3
0000025339,0000013218,1,0000000025,1
0000025340,0000013219,1,0000000158,1
0000025341,0000013220,1,0000000365,1
0000025342,0000013221,1,0000000425,3
0000025343,0000013221,2,0000000178,2
0000025344,0000013222,1,0000000140,1
0000025345,0000013223,1,0000000272,1
0000025346,0000013223,2,0000000407,1
0000025347,0000013224,1,0000000264,1
0000025348,0000013225,1,0000000429,1
0000025349,0000013225,2,0000000374,1
0000025350,0000013225,3,0000000294,1
0000025351,0000013225,4,0000000279,1
0000025352,0000013226,1,0000000109,1
0000025353,0000013226,2,0000000462,1
0000025354,0000013227,1,0000000178,1
0000025355,0000013227,2,0000000005,4
0000025356,0000013227,3,0000000152,1
0000025357,0000013227,4,0000000169,1
0000025358,0000013227,5,0000000143,2
0000025359,0000013228,1,0000000147,1
0000025360,0000013229,1,0000000053,1
0000025361,0000013229,2,0000000169,1
0000025362,0000013230,1,0000000431,1
0000025363,0000013231,1,0000000464,1
0000025364,0000013232,1,0000000173,4
0000025365,0000013232,2,0000000099,1
0000025366,0000013232,3,0000000147,1
0000025367,0000013232,4,0000000436,1
0000025368,0000013233,1,0000000323,1
0000025369,0000013233,2,0000000366,3
0000025370,0000013233,3,0000000481,1
0000025371,0000013233,4,0000000150,1
0000025372,0000013234,1,0000000195,1
0000025373,0000013235,1,0000000317,1
0000025374,0000013235,2,0000000145,1
0000025375,0000013235,3,0000000430,1
0000025376,0000013235,4,0000000155,2
0000025377,0000013236,1,0000000477,1
0000025378,0000013236,2,0000000083,1
0000025379,0000013236,3,0000000353,1
0000025380,0000013237,1,0000000096,1
0000025381,0000013238,1,0000000239,1
0000025382,0000013238,2,0000000454,3
0000025383,0000013238,3,0000000037,1
0000025384,0000013239,1,0000000176,4
0000025385,0000013239,2,0000000128,1
0000025386,0000013239,3,0000000247,1
0000025387,0000013240,1,0000000170,1
0000025388,0000013241,1,0000000066,1
0000025389,0000013241,2,0000000315,1
0000025390,0000013241,3,0000000301,2
0000025391,0000013242,1,0000000027,1
0000025392,0000013242,2,0000000352,2
0000025393,0000013242,3,0000000140,1
0000025394,0000013243,1,0000000253,3
0000025395,0000013244,1,0000000435,1
0000025396,0000013244,2,0000000461,3
0000025397,0000013245,1,0000000459,1
0000025398,0000013246,1,0000000124,3
0000025399,0000013247,1,0000000484,1
0000025400,0000013248,1,0000000441,1
0000025401,0000013249,1,0000000439,4
0000025402,0000013250,1,0000000468,2
0000025403,0000013250,2,0000000066,2
0000025404,0000013251,1,0000000443,4
0000025405,0000013251,2,0000000121,3
0000025406,0000013252,1,0000000479,1
0000025407,0000013252,2,0000000268,3
0000025408,0000013252,3,0000000293,4
0000025409,0000013253,1,0000000291,1
0000025410,0000013254,1,0000000487,1
0000025411,0000013254,2,0000000149,1
0000025412,0000013255,1,0000000460,2
0000025413,0000013256,1,0000000251,1
0000025414,0000013257,1,0000000370,1
0000025415,0000013257,2,0000000056,1
0000025416,0000013258,1,0000000234,1
0000025417,0000013259,1,0000000420,1
0000025418,0000013259,2,0000000315,1
0000025419,0000013259,3,0000000094,1
0000025420,0000013259,4,0000000247,1
0000025421,0000013260,1,0000000021,1
0000025422,0000013260,2,0000000458,1
0000025423,0000013260,3,0000000221,3
0000025424,0000013261,1,0000000311,1
0000025425,0000013261,2,0000000160,1
0000025426,0000013262,1,0000000158,1
0000025427,0000013262,2,0000000029,1
0000025428,0000013262,3,0000000235,3
0000025429,0000013263,1,0000000127,1
0000025430,0000013264,1,0000000020,3
0000025431,0000013264,2,0000000387,1
0000025432,0000013265,1,0000000399,2
0000025433,0000013265,2,0000000007,1
0000025434,0000013265,3,0000000220,1
0000025435,0000013265,4,0000000408,2
0000025436,0000013265,5,0000000489,2
0000025437,0000013266,1,0000000383,1
0000025438,0000013267,1,0000000234,1
0000025439,0000013267,2,0000000377,1
0000025440,0000013268,1,0000000427,1
0000025441,0000013269,1,0000000341,1
0000025442,0000013269,2,0000000229,1
0000025443,0000013269,3,0000000136,1
0000025444,0000013270,1,0000000376,1
0000025445,0000013270,2,0000000397,2
0000025446,0000013270,3,0000000135,1
0000025447,0000013271,1,0000000175,2
0000025448,0000013272,1,0000000227,3
0000025449,0000013273,1,0000000012,1
0000025450,0000013274,1,0000000074,2
0000025451,0000013275,1,0000000279,2
0000025452,0000013276,1,0000000276,2
0000025453,0000013277,1,0000000048,1
0000025454,0000013277,2,0000000085,2
0000025455,0000013278,1,0000000131,1
0000025456,0000013279,1,0000000108,2
0000025457,0000013279,2,0000000423,1
0000025458,0000013279,3,0000000234,1
0000025459,0000013280,1,0000000400,3
0000025460,0000013281,1,0000000105,1
0000025461,0000013281,2,0000000363,3
0000025462,0000013281,3,0000000130,1
0000025463,0000013282,1,0000000460,1
0000025464,0000013282,2,0000000410,1
0000025465,0000013283,1,0000000182,4
0000025466,0000013283,2,0000000102,1
0000025467,0000013284,1,0000000408,4
0000025468,0000013284,2,0000000476,1
0000025469,0000013285,1,0000000070,1
0000025470,0000013285,2,0000000054,2
0000025471,0000013285,3,0000000371,1
0000025472,0000013286,1,0000000076,1
0000025473,0000013287,1,0000000339,1
0000025474,0000013288,1,0000000044,1
0000025475,0000013289,1,0000000083,1
0000025476,0000013289,2,0000000192,1
0000025477,0000013290,1,0000000378,1
0000025478,0000013290,2,0000000256,1
0000025479,0000013290,3,0000000403,1
0000025480,0000013291,1,0000000251,3
0000025481,0000013292,1,0000000320,1
0000025482,0000013293,1,0000000121,2
0000025483,0000013294,1,0000000466,1
0000025484,0000013294,2,0000000014,1
0000025485,0000013295,1,0000000475,1
0000025486,0000013296,1,0000000366,1
0000025487,0000013297,1,0000000468,1
0000025488,0000013297,2,0000000339,1
0000025489,0000013297,3,0000000189,2
0000025490,0000013298,1,0000000311,1
0000025491,0000013298,2,0000000289,1
0000025492,0000013298,3,0000000164,1
0000025493,0000013299,1,0000000226,1
0000025494,0000013300,1,0000000423,1
0000025495,0000013300,2,0000000344,3
0000025496,0000013301,1,0000000463,2
0000025497,0000013301,2,0000000409,1
0000025498,0000013302,1,0000000467,1
0000025499,0000013303,1,0000000433,2
0000025500,0000013304,1,0000000260,2
0000025501,0000013305,1,0000000207,2
0000025502,0000013305,2,0000000310,2
0000025503,0000013305,3,0000000090,1
0000025504,0000013306,1,0000000353,1
0000025505,0000013306,2,0000000407,1
0000025506,0000013307,1,0000000039,2
0000025507,0000013307,2,0000000201,1
0000025508,0000013307,3,0000000492,2
0000025509,0000013307,4,0000000217,1
0000025510,0000013308,1,0000000176,1
0000025511,0000013308,2,0000000080,1
0000025512,0000013309,1,0000000471,1
0000025513,0000013309,2,0000000257,1
0000025514,0000013309,3,0000000414,2
0000025515,0000013309,4,0000000047,2
0000025516,0000013310,1,0000000026,3
0000025517,0000013311,1,0000000305,2
0000025518,0000013311,2,0000000368,4
0000025519,0000013312,1,0000000323,1
0000025520,0000013312,2,0000000474,1
0000025521,0000013313,1,0000000205,4
0000025522,0000013314,1,0000000262,1
0000025523,0000013314,2,0000000100,2
0000025524,0000013314,3,0000000479,1
0000025525,0000013314,4,0000000210,1
0000025526,0000013315,1,0000000083,1
0000025527,0000013315,2,0000000287,1
0000025528,0000013316,1,0000000374,1
0000025529,0000013317,1,0000000013,1
0000025530,0000013318,1,0000000220,1
0000025531,0000013319,1,0000000451,1
0000025532,0000013320,1,0000000324,1
0000025533,0000013321,1,0000000159,1
0000025534,0000013321,2,0000000222,1
0000025535,0000013322,1,0000000392,1
0000025536,0000013323,1,0000000421,1
0000025537,0000013324,1,0000000401,1
0000025538,0000013324,2,0000000236,1
0000025539,0000013324,3,0000000002,1
0000025540,0000013325,1,0000000454,1
0000025541,0000013325,2,0000000336,1
0000025542,0000013326,1,0000000382,1
0000025543,0000013327,1,0000000466,2
0000025544,0000013328,1,0000000294,4
0000025545,0000013328,2,0000000451,1
0000025546,0000013329,1,0000000098,1
0000025547,0000013330,1,0000000052,1
0000025548,0000013331,1,0000000471,1
0000025549,0000013331,2,0000000209,1
0000025550,0000013332,1,0000000284,1
0000025551,0000013332,2,0000000057,1
0000025552,0000013332,3,0000000082,3
0000025553,0000013332,4,0000000427,1
0000025554,0000013332,5,0000000241,1
0000025555,0000013333,1,0000000391,1
0000025556,0000013333,2,0000000265,1
0000025557,0000013333,3,0000000128,1
0000025558,0000013334,1,0000000304,2
0000025559,0000013335,1,0000000218,1
0000025560,0000013335,2,0000000243,2
0000025561,0000013336,1,0000000179,2
0000025562,0000013336,2,0000000171,1
0000025563,0000013336,3,0000000346,1
0000025564,0000013337,1,0000000313,1
0000025565,0000013338,1,0000000384,1
0000025566,0000013339,1,0000000231,1
0000025567,0000013340,1,0000000021,2
0000025568,0000013340,2,0000000015,2
0000025569,0000013341,1,0000000469,2
0000025570,0000013342,1,0000000286,1
0000025571,0000013342,2,0000000441,1
0000025572,0000013343,1,0000000314,1
0000025573,0000013344,1,0000000357,1
0000025574,0000013345,1,0000000340,1
0000025575,0000013346,1,0000000369,3
0000025576,0000013346,2,0000000083,1
0000025577,0000013347,1,0000000494,1
0000025578,0000013348,1,0000000344,1
0000025579,0000013349,1,0000000114,1
0000025580,0000013349,2,0000000037,1
0000025581,0000013350,1,0000000124,3
0000025582,0000013350,2,0000000090,2
0000025583,0000013351,1,0000000480,3
0000025584,0000013351,2,0000000216,1
0000025585,0000013352,1,0000000020,3
0000025586,0000013352,2,0000000042,1
0000025587,0000013353,1,0000000242,1
0000025588,0000013353,2,0000000140,1
0000025589,0000013354,1,0000000107,1
0000025590,0000013354,2,0000000032,2
0000025591,0000013354,3,0000000075,1
0000025592,0000013354,4,0000000199,2
0000025593,0000013355,1,0000000297,1
0000025594,0000013356,1,0000000486,1
0000025595,0000013356,2,0000000367,2
0000025596,0000013356,3,0000000032,1
0000025597,0000013357,1,0000000106,2
0000025598,0000013357,2,0000000077,1
0000025599,0000013357,3,0000000278,1
0000025600,0000013358,1,0000000169,1
0000025601,0000013359,1,0000000115,1
0000025602,0000013360,1,0000000385,1
0000025603,0000013361,1,0000000492,2
0000025604,0000013361,2,0000000154,1
0000025605,0000013362,1,0000000171,1
0000025606,0000013362,2,0000000119,1
0000025607,0000013363,1,0000000295,4
0000025608,0000013363,2,0000000033,2
0000025609,0000013363,3,0000000336,1
0000025610,0000013364,1,0000000481,1
0000025611,0000013364,2,0000000023,1
0000025612,0000013364,3,0000000357,2
0000025613,0000013364,4,0000000149,1
0000025614,0000013364,5,0000000330,1
0000025615,0000013365,1,0000000288,1
0000025616,0000013365,2,0000000238,1
0000025617,0000013365,3,0000000016,1
0000025618,0000013365,4,0000000201,1
0000025619,0000013366,1,0000000316,1
0000025620,0000013366,2,0000000244,2
0000025621,0000013367,1,0000000079,1
0000025622,0000013367,2,0000000431,2
0000025623,0000013367,3,0000000131,2
0000025624,0000013368,1,0000000372,3
0000025625,0000013368,2,0000000346,1
0000025626,0000013369,1,0000000313,1
0000025627,0000013370,1,0000000249,1
0000025628,0000013370,2,0000000129,1
0000025629,0000013371,1,0000000409,2
0000025630,0000013372,1,0000000455,2
0000025631,0000013372,2,0000000137,2
0000025632,0000013373,1,0000000195,1
0000025633,0000013373,2,0000000393,4
0000025634,0000013373,3,0000000090,3
0000025635,0000013373,4,0000000100,1
0000025636,0000013374,1,0000000393,1
0000025637,0000013374,2,0000000179,4
0000025638,0000013374,3,0000000260,2
0000025639,0000013374,4,0000000175,1
0000025640,0000013374,5,0000000494,2
0000025641,0000013375,1,0000000387,3
0000025642,0000013375,2,0000000190,4
0000025643,0000013376,1,0000000017,1
0000025644,0000013377,1,0000000499,1
0000025645,0000013378,1,0000000481,1
0000025646,0000013379,1,0000000049,1
0000025647,0000013379,2,0000000301,1
0000025648,0000013380,1,0000000204,1
0000025649,0000013381,1,0000000069,1
0000025650,0000013381,2,0000000467,3
0000025651,0000013381,3,0000000470,3
0000025652,0000013382,1,0000000425,2
0000025653,0000013382,2,0000000092,1
0000025654,0000013383,1,0000000453,1
0000025655,0000013383,2,0000000146,2
0000025656,0000013383,3,0000000471,1
0000025657,0000013383,4,0000000195,1
0000025658,0000013384,1,0000000427,1
0000025659,0000013384,2,0000000069,1
0000025660,0000013385,1,0000000335,4
0000025661,0000013386,1,0000000162,1
0000025662,0000013387,1,0000000039,1
0000025663,0000013387,2,0000000062,1
0000025664,0000013388,1,0000000013,1
0000025665,0000013389,1,0000000014,3
0000025666,0000013390,1,0000000314,3
0000025667,0000013391,1,0000000035,1
0000025668,0000013391,2,0000000444,2
0000025669,0000013391,3,0000000094,1
0000025670,0000013391,4,0000000070,1
0000025671,0000013392,1,0000000117,1
0000025672,0000013392,2,0000000287,1
0000025673,0000013392,3,0000000500,1
0000025674,0000013393,1,0000000061,1
0000025675,0000013393,2,0000000457,1
0000025676,0000013393,3,0000000170,1
0000025677,0000013394,1,0000000440,2
0000025678,0000013394,2,0000000292,1
0000025679,0000013395,1,0000000143,2
0000025680,0000013395,2,0000000456,1
0000025681,0000013395,3,0000000016,1
0000025682,0000013396,1,0000000151,1
0000025683,0000013397,1,0000000345,1
0000025684,0000013398,1,0000000189,2
0000025685,0000013398,2,0000000235,1
0000025686,0000013398,3,0000000231,1
0000025687,0000013398,4,0000000489,4
0000025688,0000013398,5,0000000136,1
0000025689,0000013399,1,0000000296,1
0000025690,0000013400,1,0000000115,1
0000025691,0000013400,2,0000000357,1
0000025692,0000013401,1,0000000333,2
0000025693,0000013401,2,0000000200,1
0000025694,0000013402,1,0000000427,1
0000025695,0000013403,1,0000000452,1
0000025696,0000013404,1,0000000213,1
0000025697,0000013404,2,0000000272,1
0000025698,0000013404,3,0000000189,1
0000025699,0000013405,1,0000000085,1
0000025700,0000013406,1,0000000371,1
0000025701,0000013406,2,0000000030,2
0000025702,0000013407,1,0000000346,1
0000025703,0000013408,1,0000000410,1
0000025704,0000013408,2,0000000283,1
0000025705,0000013409,1,0000000416,1
0000025706,0000013410,1,0000000464,1
0000025707,0000013410,2,0000000155,4
0000025708,0000013411,1,0000000175,2
0000025709,0000013411,2,0000000444,1
0000025710,0000013412,1,0000000310,1
0000025711,0000013412,2,0000000137,1
0000025712,0000013413,1,0000000031,1
0000025713,0000013414,1,0000000456,3
0000025714,0000013415,1,0000000320,1
0000025715,0000013415,2,0000000244,2
0000025716,0000013415,3,0000000081,2
0000025717,0000013416,1,0000000459,1
0000025718,0000013416,2,0000000242,1
0000025719,0000013417,1,0000000051,2
0000025720,0000013418,1,0000000130,1
0000025721,0000013419,1,0000000179,1
0000025722,0000013420,1,0000000054,2
0000025723,0000013420,2,0000000035,2
0000025724,0000013421,1,0000000338,1
0000025725,0000013421,2,0000000312,4
0000025726,0000013421,3,0000000086,1
0000025727,0000013421,4,0000000096,2
0000025728,0000013422,1,0000000016,1
0000025729,0000013423,1,0000000244,1
0000025730,0000013423,2,0000000364,1
0000025731,0000013424,1,0000000453,2
0000025732,0000013424,2,0000000452,1
0000025733,0000013425,1,0000000342,1
0000025734,0000013426,1,0000000132,1
0000025735,0000013426,2,0000000010,3
0000025736,0000013427,1,0000000360,1
0000025737,0000013427,2,0000000195,2
0000025738,0000013428,1,0000000413,2
0000025739,0000013428,2,0000000482,2
0000025740,0000013428,3,0000000049,2
0000025741,0000013429,1,0000000164,1
0000025742,0000013430,1,0000000481,3
0000025743,0000013431,1,0000000445,1
0000025744,0000013432,1,0000000178,3
0000025745,0000013432,2,0000000123,3
0000025746,0000013433,1,0000000469,1
0000025747,0000013434,1,0000000473,2
0000025748,0000013435,1,0000000139,3
0000025749,0000013435,2,0000000160,1
0000025750,0000013436,1,0000000152,1
0000025751,0000013437,1,0000000262,3
0000025752,0000013438,1,0000000187,2
0000025753,0000013439,1,0000000055,1
0000025754,0000013440,1,0000000100,1
0000025755,0000013440,2,0000000402,1
0000025756,0000013440,3,0000000220,1
0000025757,0000013440,4,0000000296,1
0000025758,0000013441,1,0000000209,1
0000025759,9000000000,1,0000000464,3
0000025760,9000000001,1,0000000486,2
0000025761,9000000002,1,0000000133,3
0000025762,9000000003,1,0000000096,2
0000025763,9000000004,1,0000000097,1
0000025764,9000000005,1,0000000184,3
0000025765,9000000006,1,0000000401,3
0000025766,9000000007,1,0000000364,2
0000025767,9000000008,1,0000000211,2
0000025768,9000000009,1,0000000069,1
0000025769,9000000010,1,0000000158,2
0000025770,9000000011,1,0000000179,1
0000025771,9000000012,1,0000000237,2
0000025772,9000000013,1,0000000286,1
0000025773,9000000014,1,0000000447,2
0000025774,9000000015,1,0000000012,2
0000025775,9000000016,1,0000000075,3
0000025776,9000000017,1,0000000302,2
0000025777,9000000018,1,0000000067,2
0000025778,9000000019,1,0000000069,1
0000025779,9000000020,1,0000000456,2
0000025780,9000000021,1,0000000084,3
0000025781,9000000022,1,0000000284,2
0000025782,9000000023,1,0000000464,2
0000025783,9000000024,1,0000000476,1
0000025784,9000000025,1,0000000240,2
0000025785,9000000026,1,0000000094,1
0000025786,9000000027,1,0000000162,2
0000025787,9000000028,1,0000000186,3
0000025788,9000000029,1,0000000229,3
0000025789,9000000030,1,0000000439,2
0000025790,9000000031,1,0000000275,2
0000025791,9000000032,1,0000000359,2
0000025792,9000000033,1,0000000408,1
0000025793,9000000034,1,0000000451,3
0000025794,9000000035,1,0000000472,1
0000025795,9000000036,1,0000000403,3
0000025796,9000000037,1,0000000082,3
0000025797,9000000038,1,0000000198,1
0000025798,9000000039,1,0000000498,2
0000025799,9000000040,1,0000000120,1
0000025800,9000000041,1,0000000162,1
0000025801,9000000042,1,0000000180,3
0000025802,9000000043,1,0000000202,3
0000025803,9000000044,1,0000000397,1
0000025804,9000000045,1,0000000057,3
0000025805,9000000046,1,0000000441,1
0000025806,9000000047,1,0000000103,1
0000025807,9000000048,1,0000000274,2
0000025808,9000000049,1,0000000132,2
0000025809,9000000050,1,0000000430,2
0000025810,9000000051,1,0000000319,1
0000025811,9000000052,1,0000000476,2
0000025812,9000000053,1,0000000419,2
0000025813,9000000054,1,0000000397,3
0000025814,9000000055,1,0000000436,1
0000025815,9000000056,1,0000000239,1
0000025816,9000000057,1,0000000035,2
0000025817,9000000058,1,0000000079,3
0000025818,9000000059,1,0000000357,3
0000025819,9000000060,1,0000000331,2
0000025820,9000000061,1,0000000274,1
0000025821,9000000062,1,0000000179,1
0000025822,9000000063,1,0000000272,1
0000025823,9000000064,1,0000000401,3
0000025824,9000000065,1,0000000462,2
0000025825,9000000066,1,0000000447,2
0000025826,9000000067,1,0000000217,2
0000025827,9000000068,1,0000000184,2
0000025828,9000000069,1,0000000329,3
0000025829,9000000070,1,0000000154,2
0000025830,9000000071,1,0000000109,2
0000025831,9000000072,1,0000000240,2
0000025832,9000000073,1,0000000393,1
0000025833,9000000074,1,0000000032,2
0000025834,9000000075,1,0000000294,3
0000025835,9000000076,1,0000000129,1
0000025836,9000000077,1,0000000014,3
0000025837,9000000078,1,0000000392,2
0000025838,9000000079,1,0000000264,1
0000025839,9000000080,1,0000000119,1
0000025840,9000000081,1,0000000184,1
0000025841,9000000082,1,0000000042,1
0000025842,9000000083,1,0000000106,1
0000025843,9000000084,1,0000000376,3
0000025844,9000000085,1,0000000266,3
0000025845,9000000086,1,0000000346,2
0000025846,9000000087,1,0000000055,2
0000025847,9000000088,1,0000000149,3
0000025848,9000000089,1,0000000451,3
0000025849,9000000090,1,0000000008,3
0000025850,9000000091,1,0000000130,1
0000025851,9000000092,1,0000000239,3
0000025852,9000000093,1,0000000082,2
0000025853,9000000094,1,0000000062,1
0000025854,9000000095,1,0000000019,1
0000025855,9000000096,1,0000000440,1
0000025856,9000000097,1,0000000488,2
0000025857,9000000098,1,0000000130,2
0000025858,9000000099,1,0000000079,1
0000025859,9000000100,1,0000000465,2
0000025860,9000000101,1,0000000176,2
0000025861,9000000102,1,0000000335,3
0000025862,9000000103,1,0000000378,3
0000025863,9000000104,1,0000000496,1
0000025864,9000000105,1,0000000495,3
0000025865,9000000106,1,0000000497,2
0000025866,9000000107,1,0000000184,2
0000025867,9000000108,1,0000000136,3
0000025868,9000000109,1,0000000059,2
0000025869,9000000110,1,0000000138,2
0000025870,9000000111,1,0000000090,3
0000025871,9000000112,1,0000000048,2
0000025872,9000000113,1,0000000062,1
0000025873,9000000114,1,0000000368,2
0000025874,9000000115,1,0000000311,3
0000025875,9000000116,1,0000000030,1
0000025876,9000000117,1,0000000333,3
0000025877,9000000118,1,0000000322,1
0000025878,9000000119,1,0000000069,3
0000025879,9000000120,1,0000000370,1
0000025880,9000000121,1,0000000088,3
0000025881,9000000122,1,0000000389,3
0000025882,9000000123,1,0000000345,2
0000025883,9000000124,1,0000000061,3
0000025884,9000000125,1,0000000294,3
0000025885,9000000126,1,0000000439,1
0000025886,9000000127,1,0000000274,3
0000025887,9000000128,1,0000000219,2
0000025888,9000000129,1,0000000125,3
0000025889,9000000130,1,0000000082,2
0000025890,9000000131,1,0000000005,1
0000025891,9000000132,1,0000000311,3
0000025892,9000000133,1,0000000138,2
0000025893,9000000134,1,0000000014,1
0000025894,9000000135,1,0000000014,1
0000025895,9000000136,1,0000000128,3
0000025896,9000000137,1,0000000175,3
0000025897,9000000138,1,0000000270,2
0000025898,9000000139,1,0000000404,1
0000025899,9000000140,1,0000000292,2
0000025900,9000000141,1,0000000445,2
0000025901,9000000142,1,0000000057,2
0000025902,9000000143,1,0000000252,3
0000025903,9000000144,1,0000000322,3
0000025904,9000000145,1,0000000261,2
0000025905,9000000146,1,0000000053,3
0000025906,9000000147,1,0000000254,2
0000025907,9000000148,1,0000000210,2
0000025908,9000000149,1,0000000193,3
0000025909,9000000150,1,0000000142,2
0000025910,9000000151,1,0000000019,3
0000025911,9000000152,1,0000000496,2
0000025912,9000000153,1,0000000344,2
0000025913,9000000154,1,0000000218,2
0000025914,9000000155,1,0000000129,3
0000025915,9000000156,1,0000000246,1
0000025916,9000000157,1,0000000375,1
0000025917,9000000158,1,0000000463,2
0000025918,9000000159,1,0000000468,2
0000025919,9000000160,1,0000000101,2
0000025920,9000000161,1,0000000215,2
0000025921,9000000162,1,0000000105,1
0000025922,9000000163,1,0000000030,2
0000025923,9000000164,1,0000000303,2
0000025924,9000000165,1,0000000095,1
0000025925,9000000166,1,0000000313,3
0000025926,9000000167,1,0000000035,3
0000025927,9000000168,1,0000000086,3
0000025928,9000000169,1,0000000019,1
0000025929,9000000170,1,0000000336,3
0000025930,9000000171,1,0000000424,1
0000025931,9000000172,1,0000000068,1
0000025932,9000000173,1,0000000250,2
0000025933,9000000174,1,0000000184,3
0000025934,9000000175,1,0000000187,1
0000025935,9000000176,1,0000000264,3
0000025936,9000000177,1,0000000275,1
0000025937,9000000178,1,0000000260,2
0000025938,9000000179,1,0000000483,2
0000025939,9000000180,1,0000000348,3
0000025940,9000000181,1,0000000369,3
0000025941,9000000182,1,0000000136,2
0000025942,9000000183,1,0000000076,2
0000025943,9000000184,1,0000000039,2
0000025944,9000000185,1,0000000352,2
0000025945,9000000186,1,0000000208,3
0000025946,9000000187,1,0000000179,1
0000025947,9000000188,1,0000000211,3
0000025948,9000000189,1,0000000359,3
0000025949,9000000190,1,0000000273,3
0000025950,9000000191,1,0000000212,1
0000025951,9000000192,1,0000000458,2
0000025952,9000000193,1,0000000195,3
0000025953,9000000194,1,0000000171,2
0000025954,9000000195,1,0000000456,3
0000025955,9000000196,1,0000000231,1
0000025956,9000000197,1,0000000083,3
0000025957,9000000198,1,0000000420,2
0000025958,9000000199,1,0000000076,2
0000025959,9000000200,1,0000000342,2
0000025960,9000000201,1,0000000462,1
0000025961,9000000202,1,0000000116,1
0000025962,9000000203,1,0000000108,2
0000025963,9000000204,1,0000000407,3
0000025964,9000000205,1,0000000085,2
0000025965,9000000206,1,0000000095,1
0000025966,9000000207,1,0000000268,2
0000025967,9000000208,1,0000000340,1
0000025968,9000000209,1,0000000254,1
0000025969,9000000210,1,0000000067,2
0000025970,9000000211,1,0000000499,2
0000025971,9000000212,1,0000000020,2
0000025972,9000000213,1,0000000149,1
0000025973,9000000214,1,0000000187,2
0000025974,9000000215,1,0000000400,3
0000025975,9000000216,1,0000000378,2
0000025976,9000000217,1,0000000226,2
0000025977,9000000218,1,0000000443,1
0000025978,9000000219,1,0000000453,2
0000025979,9000000220,1,0000000397,3
0000025980,9000000221,1,0000000477,3
0000025981,9000000222,1,0000000230,2
0000025982,9000000223,1,0000000064,3
0000025983,9000000224,1,0000000078,1
0000025984,9000000225,1,0000000054,2
0000025985,9000000226,1,0000000159,3
0000025986,9000000227,1,0000000081,2
0000025987,9000000228,1,0000000017,1
0000025988,9000000229,1,0000000364,3
0000025989,9000000230,1,0000000140,3
0000025990,9000000231,1,0000000378,3
0000025991,9000000232,1,0000000453,2
0000025992,9000000233,1,0000000130,2
0000025993,9000000234,1,0000000105,1
0000025994,9000000235,1,0000000185,3
0000025995,9000000236,1,0000000337,2
0000025996,9000000237,1,0000000045,2
0000025997,9000000238,1,0000000269,1
0000025998,9000000239,1,0000000127,2
0000025999,9000000240,1,0000000445,3
0000026000,9000000241,1,0000000082,3
0000026001,9000000242,1,0000000391,1
0000026002,9000000243,1,0000000130,2
0000026003,9000000244,1,0000000339,3
0000026004,9000000245,1,0000000475,2
0000026005,9000000246,1,0000000292,1
0000026006,9000000247,1,0000000357,3
0000026007,9000000248,1,0000000176,3
0000026008,9000000249,1,0000000072,2
0000026009,9000000250,1,0000000361,3
0000026010,9000000251,1,0000000125,2
0000026011,9000000252,1,0000000359,3
0000026012,9000000253,1,0000000038,2
0000026013,9000000254,1,0000000046,2
0000026014,9000000255,1,0000000324,2
0000026015,9000000256,1,0000000402,1
