payment_id,order_id,payment_sequential,created_at
0000000001,0000000001,1,2015-11-05 17:02:01
0000000002,0000000002,1,2026-05-03 03:51:38
0000000003,0000000002,2,2026-05-03 03:51:15
0000000004,0000000003,1,2016-06-16 18:14:50
0000000005,0000000004,1,2018-07-07 09:12:25
0000000006,0000000005,1,2021-08-24 07:04:32
0000000007,0000000006,1,2022-01-04 19:39:31
0000000008,0000000006,2,2022-01-04 19:41:12
0000000009,0000000007,1,2019-01-05 09:25:10
0000000010,0000000007,2,2019-01-05 09:25:14
0000000011,0000000008,1,2015-12-09 08:20:44
0000000012,0000000008,2,2015-12-09 08:20:12
0000000013,0000000009,1,2024-02-27 06:03:40
0000000014,0000000010,1,2021-05-12 10:48:05
0000000015,0000000011,1,2017-03-26 00:27:37
0000000016,0000000012,1,2018-06-29 09:56:11
0000000017,0000000013,1,2021-02-03 17:39:06
0000000018,0000000014,1,2021-05-23 23:46:14
0000000019,0000000015,1,2019-02-14 02:08:20
0000000020,0000000016,1,2016-10-08 09:01:21
0000000021,0000000017,1,2025-01-23 18:46:53
0000000022,0000000018,1,2020-09-26 23:49:20
0000000023,0000000019,1,2020-06-30 23:13:47
0000000024,0000000020,1,2021-12-17 16:12:52
0000000025,0000000021,1,2023-04-24 00:56:21
0000000026,0000000022,1,2020-05-16 01:23:40
0000000027,0000000023,1,2023-06-21 17:29:16
0000000028,0000000024,1,2018-03-07 10:51:26
0000000029,0000000025,1,2021-07-19 09:33:38
0000000030,0000000026,1,2018-12-13 12:28:48
0000000031,0000000027,1,2018-09-03 15:32:16
0000000032,0000000027,2,2018-09-03 15:32:28
0000000033,0000000028,1,2018-10-14 08:05:00
0000000034,0000000029,1,2023-03-11 07:07:52
0000000035,0000000030,1,2019-04-28 21:46:49
0000000036,0000000031,1,2018-11-22 15:21:50
0000000037,0000000032,1,2019-05-30 15:10:31
0000000038,0000000033,1,2021-05-02 00:04:26
0000000039,0000000034,1,2018-04-20 11:21:54
0000000040,0000000035,1,2022-08-26 00:38:33
0000000041,0000000036,1,2025-09-04 12:32:28
0000000042,0000000037,1,2023-03-03 19:48:33
0000000043,0000000038,1,2025-01-01 09:50:48
0000000044,0000000039,1,2020-01-08 11:22:48
0000000045,0000000040,1,2019-04-13 16:13:42
0000000046,0000000041,1,2021-10-04 00:15:12
0000000047,0000000042,1,2016-12-10 03:26:13
0000000048,0000000043,1,2021-04-20 13:42:53
0000000049,0000000044,1,2020-11-15 17:04:12
0000000050,0000000045,1,2019-04-16 12:33:44
0000000051,0000000045,2,2019-04-16 12:33:44
0000000052,0000000046,1,2021-06-13 04:14:28
0000000053,0000000047,1,2021-10-29 19:06:50
0000000054,0000000048,1,2020-03-25 20:12:24
0000000055,0000000049,1,2019-02-05 00:36:22
0000000056,0000000050,1,2019-05-15 09:36:49
0000000057,0000000051,1,2018-12-24 18:56:14
0000000058,0000000052,1,2023-04-22 15:40:59
0000000059,0000000053,1,2018-05-29 04:47:31
0000000060,0000000054,1,2017-08-21 09:28:54
0000000061,0000000055,1,2015-02-19 04:07:49
0000000062,0000000056,1,2017-03-28 05:26:18
0000000063,0000000056,2,2017-03-28 05:27:17
0000000064,0000000057,1,2018-06-09 16:20:16
0000000065,0000000058,1,2019-01-26 18:06:55
0000000066,0000000059,1,2018-03-12 19:01:37
0000000067,0000000060,1,2022-09-03 19:59:09
0000000068,0000000061,1,2021-01-05 20:24:29
0000000069,0000000061,2,2021-01-05 20:25:11
0000000070,0000000062,1,2017-11-11 08:06:13
0000000071,0000000062,2,2017-11-11 08:06:57
0000000072,0000000063,1,2016-07-14 19:51:05
0000000073,0000000064,1,2016-03-09 08:52:20
0000000074,0000000065,1,2022-01-26 00:57:51
0000000075,0000000066,1,2023-09-19 12:26:14
0000000076,0000000067,1,2025-10-24 12:07:06
0000000077,0000000068,1,2021-03-28 17:18:11
0000000078,0000000069,1,2018-07-01 05:26:27
0000000079,0000000070,1,2026-08-13 00:53:39
0000000080,0000000071,1,2025-07-30 09:03:17
0000000081,0000000072,1,2018-10-17 18:58:51
0000000082,0000000073,1,2019-06-09 14:12:47
0000000083,0000000074,1,2016-03-23 05:50:53
0000000084,0000000075,1,2015-03-25 15:33:11
0000000085,0000000075,2,2015-03-25 15:33:37
0000000086,0000000076,1,2017-07-08 12:33:23
0000000087,0000000077,1,2018-01-09 00:00:03
0000000088,0000000078,1,2017-03-28 17:12:09
0000000089,0000000079,1,2017-09-13 18:48:07
0000000090,0000000080,1,2015-05-19 10:07:26
0000000091,0000000081,1,2015-07-15 14:41:44
0000000092,0000000082,1,2017-11-21 18:26:59
0000000093,0000000083,1,2019-04-02 12:31:35
0000000094,0000000084,1,2026-07-24 12:02:07
0000000095,0000000085,1,2023-05-20 05:27:11
0000000096,0000000086,1,2020-10-16 04:28:46
0000000097,0000000087,1,2018-10-13 10:47:02
0000000098,0000000088,1,2024-05-21 03:00:05
0000000099,0000000089,1,2019-07-07 23:16:42
0000000100,0000000090,1,2019-02-08 16:40:39
0000000101,0000000091,1,2019-02-28 18:27:32
0000000102,0000000092,1,2026-10-02 09:28:18
0000000103,0000000093,1,2022-07-10 04:07:54
0000000104,0000000093,2,2022-07-10 04:07:20
0000000105,0000000094,1,2021-08-09 22:44:09
0000000106,0000000095,1,2019-10-13 19:58:24
0000000107,0000000096,1,2024-04-15 07:54:01
0000000108,0000000097,1,2022-02-12 20:21:43
0000000109,0000000097,2,2022-02-12 20:20:49
0000000110,0000000098,1,2022-11-03 14:56:42
0000000111,0000000099,1,2017-08-28 09:11:57
0000000112,0000000100,1,2018-03-28 22:42:22
0000000113,0000000101,1,2025-04-27 18:09:50
0000000114,0000000102,1,2024-02-05 11:23:31
0000000115,0000000103,1,2018-05-22 22:34:29
0000000116,0000000104,1,2022-10-09 05:02:40
0000000117,0000000105,1,2023-12-21 12:14:52
0000000118,0000000106,1,2019-06-09 13:11:21
0000000119,0000000107,1,2024-10-21 11:00:57
0000000120,0000000108,1,2016-05-03 08:32:46
0000000121,0000000109,1,2021-06-18 06:19:44
0000000122,0000000110,1,2026-07-17 12:12:37
0000000123,0000000111,1,2021-07-29 19:24:51
0000000124,0000000112,1,2022-03-31 05:59:13
0000000125,0000000112,2,2022-03-31 06:00:07
0000000126,0000000113,1,2023-04-14 20:36:07
0000000127,0000000113,2,2023-04-14 20:35:13
0000000128,0000000114,1,2021-07-01 17:17:39
0000000129,0000000115,1,2023-02-06 15:02:44
0000000130,0000000116,1,2023-11-03 22:51:37
0000000131,0000000117,1,2021-04-09 01:42:03
0000000132,0000000118,1,2023-10-21 21:43:23
0000000133,0000000119,1,2026-01-16 01:04:27
0000000134,0000000120,1,2023-11-01 18:23:42
0000000135,0000000121,1,2021-06-20 08:16:32
0000000136,0000000122,1,2025-09-12 00:44:34
0000000137,0000000123,1,2021-01-01 02:41:41
0000000138,0000000124,1,2026-03-17 07:14:05
0000000139,0000000125,1,2024-08-04 01:29:34
0000000140,0000000126,1,2021-04-30 09:01:07
0000000141,0000000126,2,2021-04-30 09:01:08
0000000142,0000000127,1,2016-01-09 22:04:31
0000000143,0000000128,1,2023-11-14 05:15:41
0000000144,0000000129,1,2021-08-01 17:35:39
0000000145,0000000130,1,2016-04-12 05:45:30
0000000146,0000000131,1,2023-07-10 09:53:21
0000000147,0000000132,1,2017-06-28 14:25:14
0000000148,0000000133,1,2017-07-10 00:58:22
0000000149,0000000134,1,2017-01-03 19:40:12
0000000150,0000000135,1,2016-11-26 06:55:13
0000000151,0000000136,1,2017-10-07 17:56:16
0000000152,0000000137,1,2016-11-21 20:39:56
0000000153,0000000138,1,2017-04-29 12:52:51
0000000154,0000000139,1,2017-06-10 07:56:50
0000000155,0000000140,1,2017-11-21 05:01:51
0000000156,0000000140,2,2017-11-21 05:02:00
0000000157,0000000141,1,2021-03-21 07:49:06
0000000158,0000000142,1,2023-02-02 05:54:09
0000000159,0000000143,1,2024-06-27 20:18:10
0000000160,0000000144,1,2022-06-07 22:15:04
0000000161,0000000145,1,2023-06-12 14:32:35
0000000162,0000000146,1,2020-06-01 08:12:49
0000000163,0000000147,1,2023-09-10 20:49:34
0000000164,0000000147,2,2023-09-10 20:50:16
0000000165,0000000148,1,2018-10-26 23:15:42
0000000166,0000000149,1,2018-10-19 06:47:51
0000000167,0000000150,1,2016-05-03 12:17:44
0000000168,0000000151,1,2019-12-22 23:23:54
0000000169,0000000152,1,2020-11-30 03:52:02
0000000170,0000000153,1,2026-02-18 06:44:59
0000000171,0000000154,1,2020-01-04 12:29:06
0000000172,0000000155,1,2018-04-19 03:46:00
0000000173,0000000156,1,2026-08-02 04:00:23
0000000174,0000000157,1,2022-02-04 23:10:58
0000000175,0000000158,1,2025-07-04 03:55:13
0000000176,0000000159,1,2023-07-03 02:03:10
0000000177,0000000159,2,2023-07-03 02:02:55
0000000178,0000000160,1,2021-07-29 05:36:42
0000000179,0000000161,1,2018-03-21 14:16:51
0000000180,0000000162,1,2018-06-02 13:36:06
0000000181,0000000163,1,2024-04-02 10:21:43
0000000182,0000000163,2,2024-04-02 10:21:40
0000000183,0000000164,1,2020-08-27 04:13:41
0000000184,0000000165,1,2023-03-20 14:34:40
0000000185,0000000166,1,2022-10-04 12:33:02
0000000186,0000000167,1,2019-03-03 10:48:29
0000000187,0000000168,1,2023-09-01 15:49:38
0000000188,0000000169,1,2019-01-03 04:52:28
0000000189,0000000170,1,2019-09-27 20:46:34
0000000190,0000000171,1,2025-06-23 06:55:58
0000000191,0000000172,1,2025-01-06 07:51:12
0000000192,0000000173,1,2022-06-18 19:29:48
0000000193,0000000174,1,2017-01-09 23:48:56
0000000194,0000000175,1,2024-06-04 03:09:13
0000000195,0000000176,1,2019-05-08 16:49:49
0000000196,0000000176,2,2019-05-08 16:48:45
0000000197,0000000177,1,2024-05-01 09:32:15
0000000198,0000000177,2,2024-05-01 09:32:21
0000000199,0000000178,1,2023-02-03 04:59:39
0000000200,0000000179,1,2021-12-08 23:55:14
0000000201,0000000179,2,2021-12-08 23:54:25
0000000202,0000000180,1,2022-10-04 13:02:52
0000000203,0000000181,1,2023-05-24 21:17:32
0000000204,0000000182,1,2019-10-23 15:43:06
0000000205,0000000183,1,2018-08-14 15:10:56
0000000206,0000000184,1,2019-05-06 22:23:05
0000000207,0000000185,1,2020-05-16 00:35:07
0000000208,0000000186,1,2016-10-29 16:38:15
0000000209,0000000187,1,2017-11-24 16:23:34
0000000210,0000000187,2,2017-11-24 16:24:30
0000000211,0000000188,1,2022-06-16 22:22:36
0000000212,0000000189,1,2025-03-15 17:17:56
0000000213,0000000190,1,2018-07-25 17:58:14
0000000214,0000000191,1,2024-06-12 01:26:12
0000000215,0000000192,1,2018-03-27 13:37:06
0000000216,0000000193,1,2023-06-06 01:33:37
0000000217,0000000194,1,2024-04-01 02:31:14
0000000218,0000000195,1,2021-09-27 01:38:23
0000000219,0000000196,1,2024-09-05 18:29:55
0000000220,0000000197,1,2026-08-14 20:42:51
0000000221,0000000198,1,2026-01-30 20:06:25
0000000222,0000000199,1,2023-05-08 14:43:32
0000000223,0000000199,2,2023-05-08 14:43:00
0000000224,0000000200,1,2024-04-11 01:36:42
0000000225,0000000201,1,2026-08-03 10:52:13
0000000226,0000000202,1,2026-08-27 22:44:43
0000000227,0000000203,1,2020-01-03 17:04:10
0000000228,0000000204,1,2016-01-28 05:05:42
0000000229,0000000204,2,2016-01-28 05:04:35
0000000230,0000000205,1,2018-07-29 13:05:14
0000000231,0000000206,1,2022-06-05 18:52:54
0000000232,0000000206,2,2022-06-05 18:54:03
0000000233,0000000207,1,2024-11-14 14:09:16
0000000234,0000000208,1,2024-11-25 20:12:46
0000000235,0000000209,1,2026-10-03 23:55:50
0000000236,0000000210,1,2021-04-02 15:12:19
0000000237,0000000210,2,2021-04-02 15:10:39
0000000238,0000000211,1,2021-06-17 22:05:00
0000000239,0000000212,1,2021-05-15 00:35:52
0000000240,0000000213,1,2021-01-01 21:00:37
0000000241,0000000214,1,2026-04-27 21:02:49
0000000242,0000000215,1,2016-04-14 17:12:17
0000000243,0000000216,1,2024-03-31 17:54:04
0000000244,0000000216,2,2024-03-31 17:52:49
0000000245,0000000217,1,2016-05-14 17:03:44
0000000246,0000000218,1,2016-11-28 22:23:02
0000000247,0000000219,1,2020-06-20 17:27:20
0000000248,0000000220,1,2025-01-13 00:01:32
0000000249,0000000221,1,2018-08-22 00:02:16
0000000250,0000000222,1,2022-06-27 09:48:49
0000000251,0000000223,1,2022-07-12 00:16:07
0000000252,0000000224,1,2025-07-03 12:20:05
0000000253,0000000225,1,2017-11-17 16:11:08
0000000254,0000000226,1,2017-08-04 10:42:20
0000000255,0000000227,1,2017-10-31 05:48:48
0000000256,0000000228,1,2018-05-15 04:05:02
0000000257,0000000229,1,2018-12-09 07:39:50
0000000258,0000000230,1,2017-01-02 03:26:21
0000000259,0000000230,2,2017-01-02 03:27:29
0000000260,0000000231,1,2026-10-06 04:36:04
0000000261,0000000232,1,2025-12-15 17:31:41
0000000262,0000000233,1,2014-11-29 18:08:59
0000000263,0000000234,1,2018-03-04 22:30:18
0000000264,0000000235,1,2017-04-09 18:15:04
0000000265,0000000236,1,2018-11-07 17:43:13
0000000266,0000000236,2,2018-11-07 17:43:15
0000000267,0000000237,1,2015-09-02 12:15:32
0000000268,0000000237,2,2015-09-02 12:14:37
0000000269,0000000238,1,2023-01-06 06:42:41
0000000270,0000000239,1,2018-10-11 04:32:34
0000000271,0000000239,2,2018-10-11 04:32:01
0000000272,0000000240,1,2023-05-15 21:25:01
0000000273,0000000241,1,2018-05-21 07:02:47
0000000274,0000000242,1,2025-06-27 06:19:01
0000000275,0000000243,1,2021-05-10 14:41:56
0000000276,0000000244,1,2025-12-21 01:05:31
0000000277,0000000245,1,2017-08-19 20:24:54
0000000278,0000000246,1,2018-09-27 01:24:10
0000000279,0000000247,1,2019-03-03 06:25:02
0000000280,0000000248,1,2024-01-14 18:27:27
0000000281,0000000249,1,2017-06-01 16:28:16
0000000282,0000000250,1,2019-12-14 15:22:02
0000000283,0000000251,1,2018-05-14 14:20:01
0000000284,0000000252,1,2019-12-22 06:26:50
0000000285,0000000253,1,2018-10-22 05:32:40
0000000286,0000000254,1,2019-11-05 17:14:51
0000000287,0000000255,1,2019-03-18 18:41:19
0000000288,0000000256,1,2019-09-09 02:55:44
0000000289,0000000256,2,2019-09-09 02:55:36
0000000290,0000000257,1,2020-08-02 22:14:21
0000000291,0000000258,1,2018-04-10 00:37:09
0000000292,0000000259,1,2019-11-29 21:13:05
0000000293,0000000260,1,2020-08-13 04:23:05
0000000294,0000000261,1,2018-08-02 22:04:50
0000000295,0000000261,2,2018-08-02 22:05:18
0000000296,0000000262,1,2020-01-14 06:39:33
0000000297,0000000263,1,2020-11-07 00:43:19
0000000298,0000000263,2,2020-11-07 00:42:21
0000000299,0000000264,1,2022-01-05 15:16:30
0000000300,0000000265,1,2016-06-24 01:59:50
0000000301,0000000266,1,2018-08-18 01:52:45
0000000302,0000000267,1,2018-11-19 16:27:22
0000000303,0000000268,1,2018-01-19 11:11:26
0000000304,0000000269,1,2022-01-18 00:50:44
0000000305,0000000270,1,2019-08-29 16:31:27
0000000306,0000000271,1,2017-08-12 17:44:19
0000000307,0000000272,1,2021-06-19 14:25:41
0000000308,0000000273,1,2017-09-19 13:58:48
0000000309,0000000274,1,2017-11-11 19:55:09
0000000310,0000000275,1,2017-07-23 04:32:40
0000000311,0000000276,1,2016-12-25 22:32:46
0000000312,0000000277,1,2017-08-10 01:29:40
0000000313,0000000277,2,2017-08-10 01:29:33
0000000314,0000000278,1,2018-12-08 14:42:50
0000000315,0000000279,1,2024-12-19 11:18:48
0000000316,0000000280,1,2017-04-09 18:17:34
0000000317,0000000281,1,2019-11-08 16:35:22
0000000318,0000000282,1,2017-09-11 10:58:26
0000000319,0000000283,1,2025-12-25 15:47:36
0000000320,0000000283,2,2025-12-25 15:48:30
0000000321,0000000284,1,2016-12-30 15:04:07
0000000322,0000000285,1,2020-01-21 12:49:16
0000000323,0000000285,2,2020-01-21 12:48:51
0000000324,0000000286,1,2019-06-15 17:22:54
0000000325,0000000287,1,2026-10-01 05:56:49
0000000326,0000000288,1,2017-12-09 01:04:30
0000000327,0000000289,1,2016-07-08 12:42:48
0000000328,0000000290,1,2017-01-02 16:23:06
0000000329,0000000291,1,2024-05-18 00:00:27
0000000330,0000000292,1,2021-06-19 05:34:51
0000000331,0000000293,1,2021-09-15 16:27:44
0000000332,0000000293,2,2021-09-15 16:26:34
0000000333,0000000294,1,2019-02-03 14:57:11
0000000334,0000000295,1,2016-06-12 15:55:28
0000000335,0000000296,1,2016-09-13 08:07:52
0000000336,0000000297,1,2018-01-10 18:00:52
0000000337,0000000298,1,2021-12-14 14:29:27
0000000338,0000000299,1,2019-10-11 03:51:39
0000000339,0000000300,1,2018-06-23 23:17:24
0000000340,0000000301,1,2020-02-04 09:33:55
0000000341,0000000302,1,2022-11-03 04:02:48
0000000342,0000000303,1,2021-08-28 13:39:59
0000000343,0000000304,1,2022-10-30 07:49:21
0000000344,0000000304,2,2022-10-30 07:49:38
0000000345,0000000305,1,2023-09-23 16:05:06
0000000346,0000000306,1,2020-07-30 16:48:36
0000000347,0000000307,1,2018-11-10 19:11:29
0000000348,0000000308,1,2021-02-28 22:53:13
0000000349,0000000309,1,2023-11-07 14:06:52
0000000350,0000000310,1,2017-06-27 09:13:38
0000000351,0000000311,1,2016-06-16 15:51:08
0000000352,0000000312,1,2021-02-03 08:04:44
0000000353,0000000313,1,2017-09-07 09:42:23
0000000354,0000000314,1,2021-03-02 06:41:54
0000000355,0000000315,1,2018-06-25 00:15:19
0000000356,0000000316,1,2020-05-13 15:20:55
0000000357,0000000317,1,2022-11-15 16:40:27
0000000358,0000000318,1,2020-10-06 08:10:12
0000000359,0000000319,1,2020-09-06 09:42:34
0000000360,0000000320,1,2023-12-20 07:40:00
0000000361,0000000321,1,2021-02-21 08:16:01
0000000362,0000000322,1,2018-04-30 12:10:56
0000000363,0000000323,1,2019-01-22 22:04:13
0000000364,0000000324,1,2025-04-15 07:25:50
0000000365,0000000325,1,2022-02-10 02:01:05
0000000366,0000000326,1,2020-04-27 04:40:15
0000000367,0000000327,1,2025-04-15 14:20:46
0000000368,0000000328,1,2026-03-14 06:42:52
0000000369,0000000329,1,2024-07-21 07:45:04
0000000370,0000000330,1,2018-02-13 19:24:46
0000000371,0000000331,1,2018-07-06 10:20:43
0000000372,0000000332,1,2023-11-17 04:10:14
0000000373,0000000333,1,2024-04-11 23:21:59
0000000374,0000000333,2,2024-04-11 23:21:16
0000000375,0000000334,1,2018-06-16 02:17:44
0000000376,0000000335,1,2025-12-02 23:24:43
0000000377,0000000336,1,2019-05-30 04:18:29
0000000378,0000000337,1,2024-11-26 15:24:47
0000000379,0000000338,1,2021-08-02 03:52:57
0000000380,0000000339,1,2017-09-17 21:53:15
0000000381,0000000340,1,2018-04-08 00:14:31
0000000382,0000000341,1,2016-08-26 13:15:16
0000000383,0000000342,1,2015-09-18 09:25:13
0000000384,0000000342,2,2015-09-18 09:25:20
0000000385,0000000343,1,2020-02-12 04:34:41
0000000386,0000000344,1,2017-05-09 03:38:21
0000000387,0000000345,1,2023-08-04 16:03:23
0000000388,0000000346,1,2025-06-06 13:54:03
0000000389,0000000346,2,2025-06-06 13:53:48
0000000390,0000000347,1,2016-08-29 20:56:39
0000000391,0000000348,1,2017-11-12 01:04:23
0000000392,0000000349,1,2024-05-15 06:13:45
0000000393,0000000350,1,2021-02-10 13:32:25
0000000394,0000000351,1,2025-01-28 18:41:29
0000000395,0000000352,1,2026-10-02 11:22:17
0000000396,0000000353,1,2019-04-11 06:42:41
0000000397,0000000353,2,2019-04-11 06:41:46
0000000398,0000000354,1,2018-05-27 09:40:33
0000000399,0000000355,1,2023-12-05 21:02:13
0000000400,0000000356,1,2026-08-24 12:18:00
0000000401,0000000357,1,2018-03-23 12:30:22
0000000402,0000000358,1,2025-03-25 07:51:35
0000000403,0000000359,1,2024-04-18 04:30:20
0000000404,0000000360,1,2016-06-24 06:15:56
0000000405,0000000361,1,2016-06-14 00:06:38
0000000406,0000000362,1,2017-01-12 13:09:45
0000000407,0000000363,1,2016-12-17 23:34:53
0000000408,0000000364,1,2017-03-29 19:23:00
0000000409,0000000365,1,2016-09-25 20:37:12
0000000410,0000000365,2,2016-09-25 20:37:28
0000000411,0000000366,1,2015-02-19 23:12:29
0000000412,0000000367,1,2015-10-07 08:18:04
0000000413,0000000367,2,2015-10-07 08:17:17
0000000414,0000000368,1,2017-02-03 19:01:09
0000000415,0000000369,1,2018-02-17 06:23:30
0000000416,0000000370,1,2024-09-12 20:51:30
0000000417,0000000371,1,2020-02-18 02:30:42
0000000418,0000000372,1,2025-06-02 06:07:32
0000000419,0000000373,1,2016-09-15 03:45:01
0000000420,0000000374,1,2021-03-02 14:06:21
0000000421,0000000375,1,2025-12-08 04:27:08
0000000422,0000000376,1,2018-07-24 08:50:01
0000000423,0000000377,1,2023-06-06 16:12:56
0000000424,0000000378,1,2024-01-30 18:14:58
0000000425,0000000379,1,2026-01-30 04:50:59
0000000426,0000000379,2,2026-01-30 04:51:45
0000000427,0000000380,1,2018-08-16 21:06:23
0000000428,0000000381,1,2019-03-11 08:07:39
0000000429,0000000382,1,2022-11-01 15:42:45
0000000430,0000000383,1,2020-12-12 02:35:42
0000000431,0000000384,1,2019-11-01 21:54:22
0000000432,0000000385,1,2018-11-06 05:00:37
0000000433,0000000386,1,2024-08-08 03:27:26
0000000434,0000000387,1,2020-12-05 13:41:54
0000000435,0000000388,1,2025-02-25 01:59:57
0000000436,0000000389,1,2017-08-12 04:47:12
0000000437,0000000390,1,2016-11-28 09:04:11
0000000438,0000000391,1,2023-07-29 05:26:44
0000000439,0000000392,1,2023-04-12 02:19:53
0000000440,0000000393,1,2025-11-28 22:43:18
0000000441,0000000394,1,2025-01-13 06:54:26
0000000442,0000000395,1,2017-11-07 16:50:17
0000000443,0000000396,1,2018-03-15 15:49:46
0000000444,0000000396,2,2018-03-15 15:50:02
0000000445,0000000397,1,2016-10-27 20:18:03
0000000446,0000000398,1,2017-08-11 23:40:22
0000000447,0000000398,2,2017-08-11 23:40:36
0000000448,0000000399,1,2020-12-22 00:18:38
0000000449,0000000400,1,2019-05-02 17:03:16
0000000450,0000000401,1,2022-10-01 09:03:26
0000000451,0000000402,1,2025-07-29 10:36:51
0000000452,0000000403,1,2021-04-06 15:15:29
0000000453,0000000404,1,2021-09-02 22:08:27
0000000454,0000000405,1,2019-02-07 03:24:57
0000000455,0000000406,1,2019-01-15 02:41:38
0000000456,0000000407,1,2018-04-24 05:49:42
0000000457,0000000408,1,2017-12-01 15:17:58
0000000458,0000000409,1,2020-07-18 05:58:55
0000000459,0000000410,1,2021-09-06 21:57:32
0000000460,0000000411,1,2018-06-28 20:53:54
0000000461,0000000411,2,2018-06-28 20:54:44
0000000462,0000000412,1,2019-07-16 14:31:30
0000000463,0000000412,2,2019-07-16 14:30:59
0000000464,0000000413,1,2021-08-28 23:11:06
0000000465,0000000414,1,2024-10-31 12:23:42
0000000466,0000000415,1,2023-10-11 07:33:28
0000000467,0000000416,1,2020-02-21 20:58:15
0000000468,0000000417,1,2023-11-22 08:27:17
0000000469,0000000418,1,2018-01-18 21:05:49
0000000470,0000000419,1,2024-04-11 06:49:01
0000000471,0000000420,1,2024-12-16 13:29:50
0000000472,0000000421,1,2024-07-30 03:47:10
0000000473,0000000422,1,2016-03-11 08:19:25
0000000474,0000000422,2,2016-03-11 08:19:47
0000000475,0000000423,1,2019-06-08 20:45:04
0000000476,0000000423,2,2019-06-08 20:45:29
0000000477,0000000424,1,2021-09-24 20:28:33
0000000478,0000000425,1,2022-08-01 02:36:09
0000000479,0000000425,2,2022-08-01 02:36:19
0000000480,0000000426,1,2017-05-14 01:10:07
0000000481,0000000427,1,2017-07-01 20:20:09
0000000482,0000000428,1,2017-08-29 21:57:58
0000000483,0000000429,1,2024-06-03 14:23:19
0000000484,0000000430,1,2026-07-04 21:20:11
0000000485,0000000430,2,2026-07-04 21:20:15
0000000486,0000000431,1,2017-03-14 12:20:24
0000000487,0000000432,1,2018-01-07 19:06:52
0000000488,0000000433,1,2023-11-11 17:41:48
0000000489,0000000434,1,2022-05-25 18:51:57
0000000490,0000000435,1,2017-11-29 21:17:29
0000000491,0000000436,1,2021-09-03 09:48:27
0000000492,0000000436,2,2021-09-03 09:50:04
0000000493,0000000437,1,2017-01-29 11:37:18
0000000494,0000000438,1,2026-04-09 01:23:19
0000000495,0000000439,1,2016-12-19 03:12:34
0000000496,0000000440,1,2020-05-24 00:37:00
0000000497,0000000441,1,2016-11-30 00:03:10
0000000498,0000000442,1,2019-01-12 12:33:33
0000000499,0000000443,1,2016-10-24 04:17:32
0000000500,0000000444,1,2020-04-24 08:47:42
0000000501,0000000445,1,2024-11-18 14:49:05
0000000502,0000000446,1,2017-08-16 09:51:01
0000000503,0000000447,1,2017-06-08 05:27:20
0000000504,0000000448,1,2026-07-30 20:16:09
0000000505,0000000449,1,2018-09-24 05:32:52
0000000506,0000000450,1,2023-01-04 01:38:01
0000000507,0000000451,1,2019-12-15 08:49:57
0000000508,0000000452,1,2022-03-31 03:30:09
0000000509,0000000453,1,2019-10-28 21:29:58
0000000510,0000000454,1,2020-03-18 19:58:22
0000000511,0000000455,1,2025-12-30 17:17:57
0000000512,0000000456,1,2022-03-13 10:14:13
0000000513,0000000457,1,2022-11-12 01:02:49
0000000514,0000000458,1,2022-05-26 19:16:12
0000000515,0000000459,1,2019-04-01 21:58:35
0000000516,0000000460,1,2020-09-23 10:49:15
0000000517,0000000461,1,2019-08-01 22:52:31
0000000518,0000000462,1,2026-08-09 20:16:38
0000000519,0000000463,1,2022-12-29 01:13:11
0000000520,0000000464,1,2026-06-19 12:08:18
0000000521,0000000465,1,2017-03-23 21:11:28
0000000522,0000000465,2,2017-03-23 21:12:14
0000000523,0000000466,1,2019-09-19 08:55:27
0000000524,0000000467,1,2020-07-01 19:43:20
0000000525,0000000468,1,2026-07-14 17:07:18
0000000526,0000000469,1,2025-07-27 09:58:37
0000000527,0000000470,1,2023-03-28 22:17:01
0000000528,0000000471,1,2025-04-14 20:14:54
0000000529,0000000472,1,2020-10-22 08:43:55
0000000530,0000000473,1,2020-10-09 13:42:13
0000000531,0000000474,1,2022-05-11 01:23:20
0000000532,0000000475,1,2017-01-11 21:53:16
0000000533,0000000476,1,2025-03-14 02:00:24
0000000534,0000000477,1,2018-06-09 01:05:25
0000000535,0000000478,1,2021-01-26 19:37:40
0000000536,0000000479,1,2021-02-24 19:43:05
0000000537,0000000480,1,2018-02-04 06:03:12
0000000538,0000000481,1,2021-03-03 04:17:34
0000000539,0000000481,2,2021-03-03 04:16:24
0000000540,0000000482,1,2020-06-09 05:56:36
0000000541,0000000483,1,2021-01-03 22:01:11
0000000542,0000000484,1,2017-04-14 19:19:20
0000000543,0000000485,1,2021-08-31 03:25:10
0000000544,0000000486,1,2018-12-20 16:42:40
0000000545,0000000487,1,2018-10-18 11:30:49
0000000546,0000000488,1,2019-11-05 19:04:07
0000000547,0000000489,1,2023-01-31 22:57:13
0000000548,0000000490,1,2023-11-16 02:27:59
0000000549,0000000491,1,2023-10-24 12:06:08
0000000550,0000000492,1,2018-06-06 20:34:28
0000000551,0000000493,1,2018-01-27 22:07:10
0000000552,0000000494,1,2021-10-15 07:32:01
0000000553,0000000495,1,2023-09-17 19:58:16
0000000554,0000000496,1,2025-08-30 23:44:31
0000000555,0000000497,1,2018-11-03 12:51:24
0000000556,0000000498,1,2025-02-27 10:53:17
0000000557,0000000498,2,2025-02-27 10:54:15
0000000558,0000000499,1,2021-01-25 08:14:39
0000000559,0000000500,1,2017-09-22 16:40:42
0000000560,0000000501,1,2021-01-29 00:06:16
0000000561,0000000502,1,2018-06-18 01:57:24
0000000562,0000000503,1,2016-10-19 19:07:28
0000000563,0000000504,1,2024-12-05 10:57:14
0000000564,0000000505,1,2021-11-13 00:10:03
0000000565,0000000505,2,2021-11-13 00:11:40
0000000566,0000000506,1,2025-08-23 09:45:11
0000000567,0000000507,1,2022-11-08 08:29:34
0000000568,0000000508,1,2017-09-08 09:52:26
0000000569,0000000509,1,2020-09-28 20:28:25
0000000570,0000000510,1,2019-04-19 00:28:23
0000000571,0000000511,1,2022-06-04 06:43:18
0000000572,0000000512,1,2022-01-24 18:17:03
0000000573,0000000512,2,2022-01-24 18:16:34
0000000574,0000000513,1,2020-05-02 11:08:55
0000000575,0000000514,1,2022-03-25 11:56:08
0000000576,0000000515,1,2019-01-01 11:33:59
0000000577,0000000516,1,2019-01-27 02:52:21
0000000578,0000000517,1,2018-12-07 19:42:27
0000000579,0000000517,2,2018-12-07 19:41:52
0000000580,0000000518,1,2022-05-09 23:21:08
0000000581,0000000519,1,2018-09-19 00:17:50
0000000582,0000000519,2,2018-09-19 00:17:52
0000000583,0000000520,1,2024-10-01 16:46:59
0000000584,0000000521,1,2018-06-01 20:41:04
0000000585,0000000521,2,2018-06-01 20:41:39
0000000586,0000000522,1,2021-07-01 13:50:32
0000000587,0000000523,1,2021-11-06 17:41:26
0000000588,0000000524,1,2022-10-12 04:46:07
0000000589,0000000525,1,2020-08-24 13:03:16
0000000590,0000000526,1,2021-07-29 15:48:51
0000000591,0000000527,1,2022-04-18 04:40:16
0000000592,0000000528,1,2021-12-22 18:03:13
0000000593,0000000529,1,2024-01-14 02:03:18
0000000594,0000000530,1,2023-10-18 16:08:32
0000000595,0000000531,1,2018-10-11 10:53:24
0000000596,0000000532,1,2023-10-22 11:29:57
0000000597,0000000533,1,2026-01-09 21:55:10
0000000598,0000000534,1,2022-11-25 06:49:18
0000000599,0000000535,1,2025-04-29 08:27:42
0000000600,0000000536,1,2017-04-02 15:12:27
0000000601,0000000537,1,2024-05-01 19:00:22
0000000602,0000000538,1,2024-03-31 10:28:08
0000000603,0000000539,1,2023-10-11 05:35:49
0000000604,0000000540,1,2015-04-28 01:35:33
0000000605,0000000541,1,2021-06-01 03:19:29
0000000606,0000000542,1,2021-03-11 15:46:58
0000000607,0000000543,1,2025-12-06 09:11:12
0000000608,0000000544,1,2018-10-09 10:01:08
0000000609,0000000545,1,2026-07-03 09:15:36
0000000610,0000000546,1,2018-06-10 04:06:27
0000000611,0000000547,1,2018-08-18 06:45:00
0000000612,0000000547,2,2018-08-18 06:46:16
0000000613,0000000548,1,2026-03-16 18:12:02
0000000614,0000000549,1,2022-06-22 10:53:30
0000000615,0000000550,1,2017-08-22 03:36:37
0000000616,0000000551,1,2017-04-07 05:11:49
0000000617,0000000552,1,2019-11-02 14:36:29
0000000618,0000000553,1,2024-04-24 18:28:27
0000000619,0000000554,1,2023-03-12 05:37:04
0000000620,0000000555,1,2020-01-26 09:41:46
0000000621,0000000556,1,2026-05-02 15:15:17
0000000622,0000000557,1,2022-05-18 15:33:38
0000000623,0000000558,1,2026-08-28 23:24:45
0000000624,0000000559,1,2022-03-03 18:50:26
0000000625,0000000559,2,2022-03-03 18:49:54
0000000626,0000000560,1,2017-02-10 10:50:41
0000000627,0000000561,1,2017-08-28 11:39:07
0000000628,0000000562,1,2018-05-25 23:07:52
0000000629,0000000563,1,2022-12-03 12:14:18
0000000630,0000000563,2,2022-12-03 12:13:40
0000000631,0000000564,1,2022-10-15 10:03:37
0000000632,0000000565,1,2021-11-19 07:43:33
0000000633,0000000565,2,2021-11-19 07:43:36
0000000634,0000000566,1,2018-10-15 18:26:35
0000000635,0000000567,1,2020-12-12 21:10:29
0000000636,0000000568,1,2021-10-06 14:02:51
0000000637,0000000569,1,2019-12-15 06:31:19
0000000638,0000000570,1,2020-04-05 04:29:41
0000000639,0000000570,2,2020-04-05 04:28:14
0000000640,0000000571,1,2020-10-27 21:06:47
0000000641,0000000572,1,2022-03-19 12:43:19
0000000642,0000000573,1,2022-12-29 12:58:51
0000000643,0000000574,1,2024-12-24 13:15:58
0000000644,0000000575,1,2018-01-01 11:10:17
0000000645,0000000576,1,2025-04-10 15:24:00
0000000646,0000000577,1,2018-10-27 23:49:51
0000000647,0000000578,1,2016-06-24 08:11:29
0000000648,0000000579,1,2023-08-31 04:33:56
0000000649,0000000580,1,2015-03-10 09:25:32
0000000650,0000000581,1,2016-09-01 19:28:13
0000000651,0000000582,1,2020-02-01 11:03:52
0000000652,0000000583,1,2015-12-28 20:36:16
0000000653,0000000584,1,2026-05-06 03:08:48
0000000654,0000000585,1,2025-02-07 00:06:17
0000000655,0000000586,1,2019-07-10 00:35:43
0000000656,0000000587,1,2022-05-16 05:38:30
0000000657,0000000588,1,2022-09-23 07:57:50
0000000658,0000000588,2,2022-09-23 07:56:28
0000000659,0000000589,1,2020-01-06 23:45:12
0000000660,0000000590,1,2020-03-22 12:01:46
0000000661,0000000591,1,2018-05-29 01:26:07
0000000662,0000000592,1,2018-10-06 22:20:54
0000000663,0000000593,1,2026-06-16 11:44:47
0000000664,0000000594,1,2024-01-18 16:06:36
0000000665,0000000595,1,2020-02-24 23:27:36
0000000666,0000000596,1,2021-10-17 10:33:55
0000000667,0000000597,1,2023-02-25 15:15:28
0000000668,0000000598,1,2017-08-10 06:40:06
0000000669,0000000599,1,2016-08-08 21:05:07
0000000670,0000000600,1,2016-07-07 02:58:55
0000000671,0000000601,1,2023-11-21 00:19:33
0000000672,0000000602,1,2019-07-22 22:13:47
0000000673,0000000603,1,2020-03-26 22:53:09
0000000674,0000000604,1,2019-01-16 00:44:50
0000000675,0000000604,2,2019-01-16 00:46:30
0000000676,0000000605,1,2016-10-13 18:50:06
0000000677,0000000606,1,2026-06-28 07:37:26
0000000678,0000000607,1,2022-04-16 12:10:34
0000000679,0000000608,1,2020-11-03 00:03:05
0000000680,0000000609,1,2022-01-30 06:24:36
0000000681,0000000610,1,2020-03-24 17:07:04
0000000682,0000000611,1,2022-04-04 01:24:16
0000000683,0000000612,1,2026-05-21 21:16:02
0000000684,0000000612,2,2026-05-21 21:14:47
0000000685,0000000613,1,2023-05-01 03:56:29
0000000686,0000000614,1,2018-04-30 12:09:25
0000000687,0000000615,1,2026-06-23 05:00:53
0000000688,0000000616,1,2024-04-15 23:11:02
0000000689,0000000617,1,2019-07-01 11:47:58
0000000690,0000000618,1,2021-08-22 14:19:43
0000000691,0000000619,1,2017-12-28 22:18:17
0000000692,0000000620,1,2026-07-22 08:53:55
0000000693,0000000620,2,2026-07-22 08:53:36
0000000694,0000000621,1,2017-04-17 13:26:46
0000000695,0000000622,1,2017-11-27 19:41:15
0000000696,0000000623,1,2018-03-24 16:51:17
0000000697,0000000624,1,2019-07-28 04:02:40
0000000698,0000000625,1,2023-04-27 02:46:11
0000000699,0000000626,1,2022-11-14 23:02:51
0000000700,0000000627,1,2021-07-05 00:07:23
0000000701,0000000628,1,2019-08-18 10:26:07
0000000702,0000000629,1,2018-02-17 02:53:39
0000000703,0000000630,1,2018-11-20 22:16:28
0000000704,0000000631,1,2015-11-07 19:35:08
0000000705,0000000632,1,2016-10-25 19:49:16
0000000706,0000000633,1,2020-12-31 21:19:59
0000000707,0000000634,1,2022-06-09 13:34:42
0000000708,0000000635,1,2024-09-14 14:22:19
0000000709,0000000636,1,2020-04-13 21:07:19
0000000710,0000000637,1,2017-05-01 07:35:30
0000000711,0000000638,1,2023-09-07 04:13:14
0000000712,0000000639,1,2017-10-06 19:01:15
0000000713,0000000640,1,2022-09-21 20:07:39
0000000714,0000000641,1,2023-06-02 01:33:19
0000000715,0000000642,1,2023-05-11 08:11:57
0000000716,0000000642,2,2023-05-11 08:10:34
0000000717,0000000643,1,2024-03-01 08:21:21
0000000718,0000000644,1,2023-01-16 10:03:51
0000000719,0000000645,1,2019-10-09 17:00:08
0000000720,0000000645,2,2019-10-09 17:00:22
0000000721,0000000646,1,2018-11-28 04:29:04
0000000722,0000000647,1,2021-03-18 04:21:16
0000000723,0000000648,1,2019-08-18 15:05:48
0000000724,0000000649,1,2020-11-25 11:59:55
0000000725,0000000650,1,2026-07-23 00:04:33
0000000726,0000000651,1,2020-12-29 16:27:09
0000000727,0000000652,1,2026-08-26 16:52:35
0000000728,0000000653,1,2018-11-23 10:16:40
0000000729,0000000654,1,2020-07-21 05:48:35
0000000730,0000000655,1,2022-10-29 22:27:11
0000000731,0000000656,1,2017-03-25 22:34:02
0000000732,0000000657,1,2024-05-11 04:39:40
0000000733,0000000658,1,2021-07-30 09:49:56
0000000734,0000000659,1,2021-10-25 18:10:05
0000000735,0000000659,2,2021-10-25 18:09:28
0000000736,0000000660,1,2023-04-21 14:21:11
0000000737,0000000661,1,2022-05-06 23:54:55
0000000738,0000000662,1,2018-02-05 06:14:37
0000000739,0000000663,1,2026-04-26 14:52:15
0000000740,0000000664,1,2022-09-10 16:02:17
0000000741,0000000665,1,2015-11-19 04:20:27
0000000742,0000000666,1,2017-11-01 07:18:26
0000000743,0000000667,1,2015-12-17 01:23:18
0000000744,0000000668,1,2025-06-15 10:11:21
0000000745,0000000669,1,2024-12-06 21:47:37
0000000746,0000000670,1,2024-11-22 19:19:33
0000000747,0000000671,1,2026-01-05 14:18:38
0000000748,0000000672,1,2026-04-18 04:05:06
0000000749,0000000673,1,2019-03-05 04:08:52
0000000750,0000000674,1,2017-12-29 01:11:54
0000000751,0000000675,1,2021-10-25 14:39:08
0000000752,0000000676,1,2016-06-25 18:05:09
0000000753,0000000677,1,2025-03-16 22:53:11
0000000754,0000000678,1,2020-09-10 08:29:41
0000000755,0000000679,1,2021-12-02 04:04:33
0000000756,0000000680,1,2022-06-10 12:34:24
0000000757,0000000681,1,2025-07-19 19:09:25
0000000758,0000000682,1,2018-06-13 13:38:04
0000000759,0000000683,1,2025-09-24 15:14:24
0000000760,0000000684,1,2024-01-28 19:19:39
0000000761,0000000685,1,2024-05-12 15:11:35
0000000762,0000000685,2,2024-05-12 15:10:56
0000000763,0000000686,1,2023-10-30 00:01:35
0000000764,0000000687,1,2022-03-10 23:50:22
0000000765,0000000688,1,2021-06-24 18:04:50
0000000766,0000000689,1,2020-03-08 19:09:32
0000000767,0000000689,2,2020-03-08 19:09:01
0000000768,0000000690,1,2021-11-02 14:29:33
0000000769,0000000691,1,2024-07-02 03:00:12
0000000770,0000000691,2,2024-07-02 03:00:29
0000000771,0000000692,1,2020-11-26 21:30:50
0000000772,0000000693,1,2024-03-25 08:32:20
0000000773,0000000694,1,2019-08-01 19:48:34
0000000774,0000000695,1,2022-06-03 10:28:43
0000000775,0000000695,2,2022-06-03 10:26:55
0000000776,0000000696,1,2018-10-25 23:33:42
0000000777,0000000697,1,2020-05-14 13:25:41
0000000778,0000000698,1,2023-12-26 15:14:16
0000000779,0000000699,1,2021-12-17 13:10:48
0000000780,0000000700,1,2024-05-13 04:54:39
0000000781,0000000700,2,2024-05-13 04:54:46
0000000782,0000000701,1,2020-08-30 19:16:03
0000000783,0000000702,1,2023-01-10 12:08:29
0000000784,0000000703,1,2019-03-24 13:49:34
0000000785,0000000704,1,2024-02-12 12:37:36
0000000786,0000000705,1,2023-04-11 22:39:19
0000000787,0000000706,1,2018-12-17 08:33:05
0000000788,0000000707,1,2023-11-26 11:10:41
0000000789,0000000708,1,2020-01-19 01:25:18
0000000790,0000000709,1,2016-10-30 15:59:20
0000000791,0000000710,1,2018-07-09 07:34:21
0000000792,0000000711,1,2021-07-19 00:37:54
0000000793,0000000712,1,2021-07-17 20:49:52
0000000794,0000000712,2,2021-07-17 20:51:28
0000000795,0000000713,1,2017-12-12 02:08:42
0000000796,0000000713,2,2017-12-12 02:09:03
0000000797,0000000714,1,2019-04-07 12:39:39
0000000798,0000000715,1,2026-01-10 07:33:57
0000000799,0000000716,1,2022-12-23 09:08:52
0000000800,0000000717,1,2017-08-11 13:47:05
0000000801,0000000718,1,2017-08-14 23:49:19
0000000802,0000000719,1,2022-12-09 21:08:44
0000000803,0000000720,1,2022-05-11 01:53:41
0000000804,0000000721,1,2022-03-09 12:48:15
0000000805,0000000722,1,2016-03-23 13:15:08
0000000806,0000000723,1,2020-07-06 22:34:28
0000000807,0000000724,1,2026-01-18 07:03:07
0000000808,0000000724,2,2026-01-18 07:03:03
0000000809,0000000725,1,2020-06-13 20:59:30
0000000810,0000000726,1,2021-12-23 14:16:55
0000000811,0000000727,1,2020-08-18 14:54:01
0000000812,0000000728,1,2020-05-22 23:54:41
0000000813,0000000729,1,2018-03-05 08:35:49
0000000814,0000000730,1,2016-11-22 20:09:32
0000000815,0000000731,1,2016-07-07 09:21:10
0000000816,0000000732,1,2026-01-13 02:08:16
0000000817,0000000733,1,2026-07-18 19:47:52
0000000818,0000000734,1,2026-08-05 01:08:51
0000000819,0000000735,1,2018-06-18 04:14:32
0000000820,0000000736,1,2026-09-24 09:57:21
0000000821,0000000737,1,2026-04-26 11:51:38
0000000822,0000000738,1,2023-06-05 06:05:24
0000000823,0000000739,1,2020-11-12 23:39:36
0000000824,0000000740,1,2025-01-06 08:30:09
0000000825,0000000741,1,2019-02-04 02:28:11
0000000826,0000000742,1,2023-02-19 22:38:47
0000000827,0000000743,1,2017-08-01 18:32:18
0000000828,0000000744,1,2025-09-28 18:19:42
0000000829,0000000745,1,2023-08-31 11:24:06
0000000830,0000000746,1,2015-10-30 16:36:39
0000000831,0000000747,1,2023-04-20 15:16:50
0000000832,0000000748,1,2022-12-21 05:05:17
0000000833,0000000749,1,2022-02-13 16:37:42
0000000834,0000000750,1,2017-10-21 09:48:02
0000000835,0000000751,1,2022-04-23 07:14:13
0000000836,0000000752,1,2019-01-17 13:33:55
0000000837,0000000753,1,2026-05-19 12:21:57
0000000838,0000000754,1,2019-01-17 13:02:08
0000000839,0000000755,1,2018-10-30 21:42:08
0000000840,0000000755,2,2018-10-30 21:41:49
0000000841,0000000756,1,2026-04-07 04:36:13
0000000842,0000000757,1,2021-10-22 01:54:38
0000000843,0000000758,1,2025-09-21 11:49:18
0000000844,0000000759,1,2017-11-08 04:23:55
0000000845,0000000760,1,2026-09-23 22:10:50
0000000846,0000000761,1,2015-09-02 02:15:01
0000000847,0000000762,1,2024-02-02 06:03:10
0000000848,0000000763,1,2016-04-30 06:31:39
0000000849,0000000764,1,2023-05-09 00:49:41
0000000850,0000000765,1,2015-09-15 15:32:09
0000000851,0000000766,1,2021-01-30 09:55:39
0000000852,0000000767,1,2018-12-24 18:51:42
0000000853,0000000767,2,2018-12-24 18:52:54
0000000854,0000000768,1,2019-04-06 20:37:44
0000000855,0000000769,1,2026-05-15 03:50:36
0000000856,0000000770,1,2016-10-26 17:13:24
0000000857,0000000771,1,2023-07-24 10:55:24
0000000858,0000000772,1,2019-01-27 16:26:37
0000000859,0000000773,1,2017-12-04 23:01:45
0000000860,0000000773,2,2017-12-04 23:01:41
0000000861,0000000774,1,2015-11-19 06:22:31
0000000862,0000000775,1,2018-03-10 10:52:48
0000000863,0000000775,2,2018-03-10 10:53:15
0000000864,0000000776,1,2020-08-01 19:21:59
0000000865,0000000777,1,2016-07-20 13:56:09
0000000866,0000000778,1,2016-12-04 09:25:30
0000000867,0000000779,1,2026-05-29 01:08:19
0000000868,0000000780,1,2025-05-08 07:14:30
0000000869,0000000781,1,2020-08-07 16:10:42
0000000870,0000000782,1,2023-03-25 19:40:46
0000000871,0000000783,1,2025-11-20 17:44:16
0000000872,0000000784,1,2021-03-14 00:28:58
0000000873,0000000785,1,2019-07-08 05:23:48
0000000874,0000000786,1,2024-08-06 00:00:39
0000000875,0000000787,1,2023-07-11 21:17:25
0000000876,0000000788,1,2018-08-24 12:56:47
0000000877,0000000788,2,2018-08-24 12:56:52
0000000878,0000000789,1,2022-02-09 00:33:39
0000000879,0000000790,1,2018-02-24 14:00:58
0000000880,0000000791,1,2016-05-27 12:24:21
0000000881,0000000792,1,2017-10-02 11:20:47
0000000882,0000000793,1,2019-06-12 14:18:25
0000000883,0000000794,1,2023-12-27 13:17:48
0000000884,0000000795,1,2022-02-03 01:36:32
0000000885,0000000796,1,2022-07-14 01:01:49
0000000886,0000000797,1,2022-11-26 14:29:28
0000000887,0000000798,1,2017-08-30 00:02:33
0000000888,0000000799,1,2018-11-19 05:27:40
0000000889,0000000800,1,2019-10-08 14:23:18
0000000890,0000000801,1,2020-09-25 08:30:08
0000000891,0000000802,1,2020-01-09 00:31:39
0000000892,0000000803,1,2025-05-08 11:12:45
0000000893,0000000804,1,2020-02-07 17:47:00
0000000894,0000000805,1,2026-06-28 14:02:49
0000000895,0000000806,1,2018-01-02 22:24:14
0000000896,0000000807,1,2018-09-07 20:47:44
0000000897,0000000808,1,2020-11-22 20:44:11
0000000898,0000000809,1,2018-10-18 11:35:27
0000000899,0000000810,1,2020-01-14 07:41:57
0000000900,0000000811,1,2025-02-21 06:50:48
0000000901,0000000812,1,2018-06-30 16:14:31
0000000902,0000000813,1,2022-06-13 00:35:18
0000000903,0000000814,1,2025-11-25 21:06:11
0000000904,0000000815,1,2018-11-02 21:41:58
0000000905,0000000816,1,2015-08-03 02:55:18
0000000906,0000000816,2,2015-08-03 02:55:09
0000000907,0000000817,1,2018-12-22 02:45:45
0000000908,0000000818,1,2020-07-10 18:18:29
0000000909,0000000819,1,2020-09-10 21:07:24
0000000910,0000000819,2,2020-09-10 21:08:44
0000000911,0000000820,1,2025-10-27 08:41:28
0000000912,0000000821,1,2021-09-04 00:09:46
0000000913,0000000822,1,2023-08-06 19:06:28
0000000914,0000000823,1,2022-02-28 12:37:09
0000000915,0000000824,1,2025-11-22 20:47:58
0000000916,0000000825,1,2025-11-16 05:47:20
0000000917,0000000826,1,2019-03-03 13:16:44
0000000918,0000000826,2,2019-03-03 13:16:40
0000000919,0000000827,1,2020-05-03 11:18:14
0000000920,0000000828,1,2025-01-06 04:45:37
0000000921,0000000829,1,2018-05-26 01:31:38
0000000922,0000000830,1,2022-08-03 03:55:51
0000000923,0000000830,2,2022-08-03 03:55:27
0000000924,0000000831,1,2018-11-07 06:15:42
0000000925,0000000832,1,2018-06-07 20:48:53
0000000926,0000000833,1,2025-10-28 06:52:13
0000000927,0000000834,1,2024-03-18 00:42:28
0000000928,0000000835,1,2024-11-27 18:48:54
0000000929,0000000836,1,2021-05-15 09:32:52
0000000930,0000000837,1,2015-01-15 03:05:00
0000000931,0000000838,1,2016-11-04 00:49:03
0000000932,0000000839,1,2016-02-07 17:56:59
0000000933,0000000840,1,2017-08-03 22:24:08
0000000934,0000000840,2,2017-08-03 22:23:22
0000000935,0000000841,1,2024-04-13 08:10:50
0000000936,0000000842,1,2016-08-22 13:56:37
0000000937,0000000843,1,2023-11-05 05:19:39
0000000938,0000000844,1,2023-06-29 02:09:19
0000000939,0000000845,1,2019-09-03 19:22:40
0000000940,0000000845,2,2019-09-03 19:21:32
0000000941,0000000846,1,2017-01-23 13:28:45
0000000942,0000000847,1,2016-07-27 08:28:36
0000000943,0000000848,1,2016-11-14 08:32:15
0000000944,0000000849,1,2022-06-24 08:41:43
0000000945,0000000850,1,2023-08-19 07:27:57
0000000946,0000000851,1,2023-08-04 11:35:42
0000000947,0000000852,1,2023-07-10 21:22:32
0000000948,0000000853,1,2025-10-30 03:20:40
0000000949,0000000854,1,2018-12-22 13:32:48
0000000950,0000000855,1,2023-01-09 04:29:30
0000000951,0000000856,1,2025-12-02 18:44:29
0000000952,0000000857,1,2019-09-01 09:36:55
0000000953,0000000858,1,2018-06-22 05:49:29
0000000954,0000000859,1,2018-10-05 13:48:03
0000000955,0000000860,1,2019-04-30 21:59:57
0000000956,0000000861,1,2022-10-23 22:39:42
0000000957,0000000862,1,2022-01-19 14:52:25
0000000958,0000000863,1,2025-08-11 18:19:09
0000000959,0000000864,1,2026-03-21 23:24:00
0000000960,0000000865,1,2022-06-01 22:15:52
0000000961,0000000866,1,2023-09-27 20:20:25
0000000962,0000000867,1,2022-01-02 08:26:14
0000000963,0000000868,1,2023-05-19 08:52:39
0000000964,0000000869,1,2025-07-11 17:03:56
0000000965,0000000870,1,2023-02-06 13:32:12
0000000966,0000000871,1,2019-07-03 21:14:55
0000000967,0000000871,2,2019-07-03 21:13:59
0000000968,0000000872,1,2021-04-15 06:08:28
0000000969,0000000873,1,2019-10-07 12:18:03
0000000970,0000000874,1,2017-07-05 05:57:44
0000000971,0000000874,2,2017-07-05 05:57:51
0000000972,0000000875,1,2016-01-10 02:58:12
0000000973,0000000876,1,2022-05-29 04:00:04
0000000974,0000000877,1,2022-03-01 01:35:33
0000000975,0000000878,1,2021-01-05 17:37:50
0000000976,0000000879,1,2022-02-18 06:48:12
0000000977,0000000880,1,2019-11-06 09:41:03
0000000978,0000000881,1,2022-01-30 04:21:47
0000000979,0000000882,1,2021-12-10 15:26:33
0000000980,0000000883,1,2018-05-27 01:59:21
0000000981,0000000884,1,2019-10-02 22:59:45
0000000982,0000000885,1,2023-05-26 06:32:30
0000000983,0000000886,1,2020-12-22 16:14:46
0000000984,0000000887,1,2016-12-18 07:14:51
0000000985,0000000888,1,2018-04-13 17:00:49
0000000986,0000000888,2,2018-04-13 17:00:27
0000000987,0000000889,1,2024-07-31 04:12:27
0000000988,0000000890,1,2019-07-25 10:28:25
0000000989,0000000891,1,2018-02-27 08:52:49
0000000990,0000000891,2,2018-02-27 08:51:32
0000000991,0000000892,1,2021-11-12 10:50:09
0000000992,0000000893,1,2021-09-25 06:26:55
0000000993,0000000894,1,2019-01-02 07:23:08
0000000994,0000000895,1,2021-04-04 15:04:27
0000000995,0000000896,1,2019-03-21 19:06:43
0000000996,0000000897,1,2020-01-30 08:54:10
0000000997,0000000898,1,2021-08-17 14:21:43
0000000998,0000000899,1,2025-03-11 04:55:29
0000000999,0000000900,1,2024-12-05 02:36:42
0000001000,0000000901,1,2021-09-19 22:30:10
0000001001,0000000902,1,2017-08-30 01:57:32
0000001002,0000000902,2,2017-08-30 01:57:52
0000001003,0000000903,1,2019-04-28 03:53:18
0000001004,0000000904,1,2018-05-04 18:03:46
0000001005,0000000905,1,2020-01-02 19:34:12
0000001006,0000000905,2,2020-01-02 19:33:53
0000001007,0000000906,1,2020-12-25 13:52:02
0000001008,0000000907,1,2020-05-25 07:28:12
0000001009,0000000907,2,2020-05-25 07:28:24
0000001010,0000000908,1,2018-02-07 07:22:04
0000001011,0000000909,1,2019-12-20 14:51:23
0000001012,0000000910,1,2017-11-22 13:50:57
0000001013,0000000911,1,2019-12-15 18:03:26
0000001014,0000000912,1,2018-08-12 07:57:26
0000001015,0000000913,1,2020-07-15 16:45:56
0000001016,0000000914,1,2023-04-07 23:15:52
0000001017,0000000915,1,2021-06-17 06:22:20
0000001018,0000000916,1,2020-10-02 00:48:31
0000001019,0000000917,1,2017-09-01 22:06:06
0000001020,0000000918,1,2016-08-02 02:01:58
0000001021,0000000919,1,2017-07-16 07:45:57
0000001022,0000000920,1,2017-02-14 11:41:54
0000001023,0000000921,1,2017-04-19 16:51:18
0000001024,0000000922,1,2018-07-05 01:35:31
0000001025,0000000923,1,2024-06-13 06:17:40
0000001026,0000000924,1,2022-06-26 01:13:42
0000001027,0000000924,2,2022-06-26 01:13:57
0000001028,0000000925,1,2022-12-02 01:24:40
0000001029,0000000926,1,2018-08-12 01:16:59
0000001030,0000000926,2,2018-08-12 01:16:54
0000001031,0000000927,1,2017-01-02 19:50:31
0000001032,0000000927,2,2017-01-02 19:48:57
0000001033,0000000928,1,2025-12-14 01:10:26
0000001034,0000000929,1,2016-03-16 21:10:03
0000001035,0000000930,1,2024-12-06 13:20:57
0000001036,0000000931,1,2016-09-20 08:38:41
0000001037,0000000932,1,2026-05-24 14:33:39
0000001038,0000000932,2,2026-05-24 14:31:56
0000001039,0000000933,1,2021-07-05 21:34:17
0000001040,0000000934,1,2018-08-08 09:05:23
0000001041,0000000935,1,2023-11-29 05:27:09
0000001042,0000000936,1,2024-12-12 16:14:40
0000001043,0000000937,1,2019-03-19 21:24:32
0000001044,0000000938,1,2021-02-14 10:55:09
0000001045,0000000938,2,2021-02-14 10:55:14
0000001046,0000000939,1,2025-12-20 12:18:08
0000001047,0000000940,1,2022-01-07 23:22:59
0000001048,0000000940,2,2022-01-07 23:23:22
0000001049,0000000941,1,2024-06-10 11:24:41
0000001050,0000000942,1,2023-04-22 15:05:58
0000001051,0000000943,1,2022-02-09 06:48:54
0000001052,0000000944,1,2021-08-01 18:20:10
0000001053,0000000945,1,2025-12-24 23:42:36
0000001054,0000000946,1,2025-01-16 11:00:04
0000001055,0000000947,1,2019-01-14 01:32:18
0000001056,0000000948,1,2020-08-12 15:11:04
0000001057,0000000949,1,2020-05-18 21:21:18
0000001058,0000000950,1,2022-10-26 01:54:19
0000001059,0000000950,2,2022-10-26 01:55:06
0000001060,0000000951,1,2017-08-20 04:44:08
0000001061,0000000952,1,2021-10-11 06:30:24
0000001062,0000000953,1,2025-09-14 20:43:17
0000001063,0000000954,1,2025-12-27 11:15:36
0000001064,0000000955,1,2021-04-13 09:16:55
0000001065,0000000956,1,2019-12-18 02:38:50
0000001066,0000000956,2,2019-12-18 02:37:14
0000001067,0000000957,1,2019-08-27 03:55:33
0000001068,0000000958,1,2024-09-12 13:29:21
0000001069,0000000959,1,2023-04-09 05:28:22
0000001070,0000000960,1,2025-09-01 00:44:01
0000001071,0000000961,1,2019-07-02 04:13:41
0000001072,0000000962,1,2023-11-03 08:00:57
0000001073,0000000963,1,2023-09-08 07:26:33
0000001074,0000000964,1,2019-04-19 02:07:21
0000001075,0000000965,1,2024-09-29 00:24:15
0000001076,0000000966,1,2018-12-05 05:57:19
0000001077,0000000967,1,2018-03-23 12:03:16
0000001078,0000000968,1,2022-06-26 15:21:06
0000001079,0000000969,1,2026-05-27 10:20:32
0000001080,0000000970,1,2023-11-21 04:45:16
0000001081,0000000971,1,2021-05-06 08:23:52
0000001082,0000000972,1,2020-01-20 06:09:12
0000001083,0000000973,1,2017-08-08 12:43:15
0000001084,0000000974,1,2017-06-21 06:21:41
0000001085,0000000975,1,2017-06-21 16:45:46
0000001086,0000000975,2,2017-06-21 16:46:14
0000001087,0000000976,1,2022-05-21 06:22:45
0000001088,0000000977,1,2020-04-07 13:50:05
0000001089,0000000978,1,2025-02-05 21:11:48
0000001090,0000000979,1,2021-04-04 10:36:30
0000001091,0000000980,1,2020-06-12 20:12:33
0000001092,0000000981,1,2025-04-27 12:50:57
0000001093,0000000981,2,2025-04-27 12:51:14
0000001094,0000000982,1,2018-04-08 15:04:03
0000001095,0000000983,1,2022-06-10 21:05:25
0000001096,0000000984,1,2022-09-08 13:51:44
0000001097,0000000985,1,2019-07-06 06:56:06
0000001098,0000000986,1,2022-10-07 10:39:59
0000001099,0000000987,1,2017-03-17 22:37:39
0000001100,0000000988,1,2022-01-27 03:36:39
0000001101,0000000989,1,2017-06-25 19:46:40
0000001102,0000000990,1,2021-04-22 07:29:29
0000001103,0000000991,1,2021-11-10 09:55:39
0000001104,0000000992,1,2024-05-22 23:15:20
0000001105,0000000993,1,2023-09-25 18:15:42
0000001106,0000000994,1,2020-07-25 06:20:40
0000001107,0000000995,1,2020-02-22 12:10:19
0000001108,0000000996,1,2021-04-20 23:43:11
0000001109,0000000997,1,2021-01-02 02:03:52
0000001110,0000000998,1,2020-02-12 05:27:34
0000001111,0000000999,1,2023-03-27 13:46:31
0000001112,0000000999,2,2023-03-27 13:47:53
0000001113,0000001000,1,2019-04-30 22:41:03
0000001114,0000001001,1,2019-03-21 22:39:57
0000001115,0000001001,2,2019-03-21 22:40:21
0000001116,0000001002,1,2018-11-12 03:12:13
0000001117,0000001003,1,2025-01-29 09:44:18
0000001118,0000001004,1,2024-02-17 19:39:01
0000001119,0000001005,1,2018-04-22 02:14:36
0000001120,0000001006,1,2024-09-01 09:40:32
0000001121,0000001007,1,2017-08-09 07:44:34
0000001122,0000001007,2,2017-08-09 07:43:54
0000001123,0000001008,1,2024-12-23 21:45:50
0000001124,0000001009,1,2016-08-09 21:37:02
0000001125,0000001010,1,2025-07-08 10:38:16
0000001126,0000001011,1,2021-10-03 03:34:12
0000001127,0000001012,1,2021-11-29 04:37:38
0000001128,0000001012,2,2021-11-29 04:37:19
0000001129,0000001013,1,2022-05-14 15:23:31
0000001130,0000001014,1,2019-01-20 07:39:30
0000001131,0000001015,1,2019-02-21 11:45:58
0000001132,0000001016,1,2017-08-26 23:59:56
0000001133,0000001017,1,2023-02-28 20:19:37
0000001134,0000001018,1,2017-11-25 17:53:20
0000001135,0000001019,1,2018-11-25 05:44:40
0000001136,0000001020,1,2020-11-04 10:56:25
0000001137,0000001021,1,2016-07-11 12:55:37
0000001138,0000001022,1,2021-02-22 23:56:59
0000001139,0000001023,1,2021-02-04 14:36:05
0000001140,0000001023,2,2021-02-04 14:35:04
0000001141,0000001024,1,2017-07-20 01:37:15
0000001142,0000001025,1,2020-11-10 06:37:58
0000001143,0000001026,1,2023-02-18 09:58:40
0000001144,0000001027,1,2019-08-03 22:19:41
0000001145,0000001028,1,2019-08-09 19:47:31
0000001146,0000001029,1,2022-12-16 02:34:29
0000001147,0000001030,1,2021-05-13 02:54:53
0000001148,0000001031,1,2024-10-23 19:37:53
0000001149,0000001032,1,2025-08-31 20:50:01
0000001150,0000001033,1,2023-07-05 07:11:20
0000001151,0000001034,1,2020-10-22 03:07:27
0000001152,0000001035,1,2019-11-06 17:43:42
0000001153,0000001036,1,2025-05-23 01:03:09
0000001154,0000001037,1,2020-09-08 17:45:19
0000001155,0000001038,1,2023-11-10 13:51:18
0000001156,0000001039,1,2018-03-13 03:29:25
0000001157,0000001040,1,2022-10-02 05:13:00
0000001158,0000001041,1,2022-04-11 00:06:19
0000001159,0000001042,1,2016-05-23 20:47:19
0000001160,0000001043,1,2020-04-18 07:56:31
0000001161,0000001043,2,2020-04-18 07:55:56
0000001162,0000001044,1,2026-09-02 05:46:27
0000001163,0000001045,1,2019-11-04 02:05:43
0000001164,0000001046,1,2015-03-31 12:18:38
0000001165,0000001047,1,2015-04-14 04:04:46
0000001166,0000001048,1,2020-11-23 22:36:21
0000001167,0000001049,1,2023-02-24 03:39:48
0000001168,0000001050,1,2018-07-13 12:05:11
0000001169,0000001051,1,2020-04-21 11:20:09
0000001170,0000001052,1,2020-09-24 18:16:53
0000001171,0000001053,1,2017-11-29 01:09:47
0000001172,0000001054,1,2017-12-26 01:38:56
0000001173,0000001055,1,2020-07-09 09:51:59
0000001174,0000001056,1,2021-05-04 18:15:33
0000001175,0000001057,1,2019-11-15 07:47:28
0000001176,0000001058,1,2022-09-19 05:56:47
0000001177,0000001059,1,2025-10-12 23:22:31
0000001178,0000001060,1,2018-07-02 04:15:16
0000001179,0000001061,1,2024-09-14 14:06:40
0000001180,0000001062,1,2017-08-03 13:44:37
0000001181,0000001063,1,2023-12-08 04:54:45
0000001182,0000001064,1,2019-09-20 19:20:22
0000001183,0000001064,2,2019-09-20 19:21:45
0000001184,0000001065,1,2016-11-02 08:30:17
0000001185,0000001065,2,2016-11-02 08:30:31
0000001186,0000001066,1,2020-08-10 00:55:32
0000001187,0000001067,1,2021-07-01 06:38:36
0000001188,0000001068,1,2017-11-10 16:25:45
0000001189,0000001069,1,2020-04-29 05:41:21
0000001190,0000001069,2,2020-04-29 05:40:58
0000001191,0000001070,1,2018-11-29 07:51:02
0000001192,0000001071,1,2018-10-14 11:03:20
0000001193,0000001072,1,2019-01-10 11:13:36
0000001194,0000001073,1,2015-07-26 06:43:33
0000001195,0000001074,1,2017-09-26 22:24:09
0000001196,0000001075,1,2024-06-10 05:58:25
0000001197,0000001076,1,2019-03-03 19:44:41
0000001198,0000001077,1,2020-11-19 19:58:35
0000001199,0000001078,1,2025-07-18 03:31:52
0000001200,0000001079,1,2023-08-31 11:50:15
0000001201,0000001080,1,2022-11-17 02:30:58
0000001202,0000001080,2,2022-11-17 02:30:27
0000001203,0000001081,1,2024-12-14 17:23:58
0000001204,0000001082,1,2016-05-17 23:55:14
0000001205,0000001083,1,2021-11-10 17:01:42
0000001206,0000001083,2,2021-11-10 17:00:53
0000001207,0000001084,1,2022-10-31 01:31:26
0000001208,0000001085,1,2020-01-12 02:12:21
0000001209,0000001085,2,2020-01-12 02:11:07
0000001210,0000001086,1,2021-03-29 15:19:27
0000001211,0000001087,1,2023-08-14 00:15:34
0000001212,0000001088,1,2025-09-29 09:17:41
0000001213,0000001089,1,2025-03-15 01:10:23
0000001214,0000001090,1,2017-03-07 13:40:24
0000001215,0000001091,1,2018-03-15 13:05:11
0000001216,0000001092,1,2019-01-13 22:28:53
0000001217,0000001093,1,2026-05-19 21:11:25
0000001218,0000001093,2,2026-05-19 21:11:46
0000001219,0000001094,1,2019-07-08 18:07:15
0000001220,0000001095,1,2019-11-28 01:40:32
0000001221,0000001095,2,2019-11-28 01:40:39
0000001222,0000001096,1,2018-09-24 08:29:45
0000001223,0000001096,2,2018-09-24 08:29:41
0000001224,0000001097,1,2020-05-23 15:44:57
0000001225,0000001098,1,2020-08-08 16:03:12
0000001226,0000001099,1,2025-10-10 12:09:06
0000001227,0000001100,1,2025-08-06 01:44:54
0000001228,0000001101,1,2025-01-15 21:25:48
0000001229,0000001102,1,2019-11-24 12:08:46
0000001230,0000001103,1,2023-03-01 15:42:48
0000001231,0000001104,1,2018-11-11 15:52:50
0000001232,0000001105,1,2018-07-26 04:00:21
0000001233,0000001106,1,2020-11-09 03:11:19
0000001234,0000001107,1,2026-06-18 17:38:42
0000001235,0000001108,1,2023-05-22 15:28:02
0000001236,0000001109,1,2022-05-24 07:39:46
0000001237,0000001110,1,2021-06-19 11:20:23
0000001238,0000001111,1,2021-06-22 02:03:59
0000001239,0000001112,1,2020-08-13 09:01:02
0000001240,0000001113,1,2020-07-06 09:18:55
0000001241,0000001114,1,2020-03-29 21:46:36
0000001242,0000001115,1,2020-02-26 12:18:45
0000001243,0000001115,2,2020-02-26 12:18:19
0000001244,0000001116,1,2020-10-22 18:15:37
0000001245,0000001117,1,2015-07-06 19:28:07
0000001246,0000001118,1,2023-01-06 17:10:33
0000001247,0000001119,1,2022-01-25 17:15:16
0000001248,0000001120,1,2018-04-13 08:14:15
0000001249,0000001121,1,2023-05-05 07:50:53
0000001250,0000001122,1,2019-10-20 19:34:48
0000001251,0000001123,1,2023-01-27 06:50:24
0000001252,0000001124,1,2015-11-26 19:31:43
0000001253,0000001125,1,2016-07-10 11:57:39
0000001254,0000001126,1,2018-10-18 12:28:20
0000001255,0000001127,1,2016-04-07 02:54:54
0000001256,0000001128,1,2016-09-28 13:36:54
0000001257,0000001128,2,2016-09-28 13:36:39
0000001258,0000001129,1,2016-07-30 13:12:19
0000001259,0000001130,1,2026-03-30 11:07:06
0000001260,0000001131,1,2018-11-22 20:32:47
0000001261,0000001132,1,2022-03-09 17:45:41
0000001262,0000001133,1,2020-12-13 23:14:20
0000001263,0000001134,1,2023-12-16 19:49:02
0000001264,0000001135,1,2023-01-14 18:07:39
0000001265,0000001136,1,2018-09-25 19:35:13
0000001266,0000001137,1,2023-08-29 13:18:53
0000001267,0000001138,1,2018-11-15 02:36:49
0000001268,0000001139,1,2020-01-25 00:39:32
0000001269,0000001140,1,2021-03-18 06:14:03
0000001270,0000001141,1,2019-04-27 15:09:46
0000001271,0000001142,1,2020-05-19 20:47:52
0000001272,0000001143,1,2015-07-09 16:38:27
0000001273,0000001144,1,2015-08-29 20:55:50
0000001274,0000001145,1,2025-10-03 21:26:07
0000001275,0000001146,1,2025-05-22 23:29:45
0000001276,0000001147,1,2021-05-28 15:00:17
0000001277,0000001148,1,2024-06-22 14:12:25
0000001278,0000001149,1,2020-10-16 15:19:36
0000001279,0000001150,1,2024-03-07 07:48:59
0000001280,0000001151,1,2020-08-26 20:40:00
0000001281,0000001151,2,2020-08-26 20:40:15
0000001282,0000001152,1,2026-03-15 06:50:45
0000001283,0000001153,1,2016-11-12 08:47:44
0000001284,0000001154,1,2015-05-13 11:54:30
0000001285,0000001155,1,2016-02-24 12:48:07
0000001286,0000001156,1,2015-08-19 15:00:45
0000001287,0000001157,1,2019-07-03 09:01:44
0000001288,0000001158,1,2019-03-08 03:51:23
0000001289,0000001159,1,2016-03-15 13:09:10
0000001290,0000001160,1,2023-10-11 21:10:19
0000001291,0000001161,1,2017-12-20 15:01:47
0000001292,0000001162,1,2025-04-05 16:55:28
0000001293,0000001163,1,2024-04-30 05:38:30
0000001294,0000001164,1,2018-03-31 08:09:19
0000001295,0000001165,1,2017-01-15 10:00:50
0000001296,0000001166,1,2023-12-07 09:48:55
0000001297,0000001167,1,2018-05-02 19:15:20
0000001298,0000001168,1,2017-08-04 16:08:36
0000001299,0000001169,1,2022-09-17 04:37:36
0000001300,0000001170,1,2024-05-06 14:58:36
0000001301,0000001171,1,2017-10-28 01:44:51
0000001302,0000001171,2,2017-10-28 01:44:40
0000001303,0000001172,1,2018-02-11 01:03:29
0000001304,0000001173,1,2018-05-15 00:55:18
0000001305,0000001174,1,2025-02-20 10:06:49
0000001306,0000001175,1,2016-11-24 01:18:08
0000001307,0000001176,1,2016-07-12 16:50:36
0000001308,0000001177,1,2020-12-05 03:57:43
0000001309,0000001178,1,2021-01-14 10:01:25
0000001310,0000001179,1,2020-10-27 15:59:39
0000001311,0000001180,1,2018-11-02 01:12:28
0000001312,0000001181,1,2020-09-24 22:08:20
0000001313,0000001182,1,2018-01-04 22:35:19
0000001314,0000001183,1,2022-03-30 23:33:35
0000001315,0000001184,1,2020-11-14 18:13:21
0000001316,0000001185,1,2021-04-23 23:24:17
0000001317,0000001186,1,2016-01-26 12:39:58
0000001318,0000001187,1,2017-10-27 09:33:13
0000001319,0000001188,1,2023-06-21 06:42:57
0000001320,0000001189,1,2021-06-23 22:59:23
0000001321,0000001190,1,2023-05-23 01:40:26
0000001322,0000001191,1,2021-03-16 00:18:52
0000001323,0000001192,1,2019-09-26 13:56:46
0000001324,0000001193,1,2022-04-13 06:02:29
0000001325,0000001194,1,2017-07-08 08:44:44
0000001326,0000001195,1,2018-04-27 18:25:38
0000001327,0000001196,1,2019-01-06 22:27:26
0000001328,0000001197,1,2024-10-24 20:34:07
0000001329,0000001198,1,2017-08-05 05:10:21
0000001330,0000001199,1,2023-02-17 17:36:40
0000001331,0000001200,1,2020-12-23 11:44:48
0000001332,0000001200,2,2020-12-23 11:45:58
0000001333,0000001201,1,2018-01-12 15:41:01
0000001334,0000001202,1,2024-11-10 01:40:16
0000001335,0000001202,2,2024-11-10 01:39:36
0000001336,0000001203,1,2017-06-15 01:15:07
0000001337,0000001204,1,2021-03-01 22:01:57
0000001338,0000001205,1,2019-06-02 15:22:40
0000001339,0000001206,1,2020-12-06 15:51:23
0000001340,0000001207,1,2023-09-28 21:29:37
0000001341,0000001208,1,2022-04-29 07:51:59
0000001342,0000001209,1,2022-07-31 22:42:37
0000001343,0000001210,1,2021-08-16 11:21:11
0000001344,0000001210,2,2021-08-16 11:20:37
0000001345,0000001211,1,2024-02-26 18:16:29
0000001346,0000001212,1,2020-05-09 23:36:08
0000001347,0000001213,1,2019-06-08 19:05:34
0000001348,0000001214,1,2020-10-05 16:14:13
0000001349,0000001215,1,2021-12-15 16:44:56
0000001350,0000001216,1,2026-08-21 16:05:32
0000001351,0000001217,1,2019-03-05 03:21:26
0000001352,0000001218,1,2021-01-04 15:52:51
0000001353,0000001219,1,2021-07-14 19:25:33
0000001354,0000001220,1,2024-01-03 09:59:53
0000001355,0000001221,1,2018-04-28 13:45:05
0000001356,0000001222,1,2024-02-24 12:48:45
0000001357,0000001223,1,2019-10-15 00:26:10
0000001358,0000001224,1,2017-08-24 11:12:11
0000001359,0000001225,1,2020-04-06 21:29:37
0000001360,0000001225,2,2020-04-06 21:29:55
0000001361,0000001226,1,2015-07-02 13:13:38
0000001362,0000001227,1,2020-07-17 06:57:40
0000001363,0000001228,1,2015-08-24 23:09:27
0000001364,0000001229,1,2023-03-07 03:24:08
0000001365,0000001230,1,2023-01-13 13:47:32
0000001366,0000001231,1,2023-11-05 12:59:26
0000001367,0000001232,1,2026-02-12 07:21:20
0000001368,0000001233,1,2022-09-09 20:25:58
0000001369,0000001234,1,2019-03-17 17:36:19
0000001370,0000001234,2,2019-03-17 17:37:11
0000001371,0000001235,1,2016-01-17 15:18:42
0000001372,0000001236,1,2015-06-21 12:03:07
0000001373,0000001237,1,2015-08-26 04:19:06
0000001374,0000001238,1,2024-07-07 06:09:27
0000001375,0000001239,1,2022-06-14 08:09:10
0000001376,0000001240,1,2026-07-25 20:57:53
0000001377,0000001241,1,2025-11-01 11:13:23
0000001378,0000001242,1,2017-04-23 22:09:02
0000001379,0000001243,1,2017-12-08 15:44:30
0000001380,0000001244,1,2016-07-18 14:31:14
0000001381,0000001245,1,2018-09-05 08:52:40
0000001382,0000001245,2,2018-09-05 08:52:49
0000001383,0000001246,1,2024-05-28 00:57:23
0000001384,0000001247,1,2017-09-14 04:45:06
0000001385,0000001248,1,2021-07-04 14:23:25
0000001386,0000001249,1,2017-07-20 23:21:50
0000001387,0000001250,1,2019-07-31 10:12:07
0000001388,0000001250,2,2019-07-31 10:12:55
0000001389,0000001251,1,2020-11-18 19:00:06
0000001390,0000001251,2,2020-11-18 18:58:25
0000001391,0000001252,1,2023-10-17 21:41:25
0000001392,0000001253,1,2017-12-04 06:07:29
0000001393,0000001254,1,2022-12-21 07:07:02
0000001394,0000001255,1,2023-04-04 17:33:45
0000001395,0000001256,1,2022-11-07 07:57:50
0000001396,0000001257,1,2022-06-19 18:47:55
0000001397,0000001258,1,2015-06-14 21:41:44
0000001398,0000001259,1,2017-09-23 20:50:45
0000001399,0000001260,1,2024-08-02 03:43:51
0000001400,0000001261,1,2020-02-21 02:36:31
0000001401,0000001262,1,2015-02-25 04:15:52
0000001402,0000001263,1,2022-07-16 09:34:16
0000001403,0000001263,2,2022-07-16 09:33:16
0000001404,0000001264,1,2019-03-27 21:14:38
0000001405,0000001265,1,2018-03-03 10:13:44
0000001406,0000001266,1,2022-08-11 00:23:06
0000001407,0000001266,2,2022-08-11 00:22:33
0000001408,0000001267,1,2021-03-10 06:40:32
0000001409,0000001268,1,2018-04-17 11:55:22
0000001410,0000001269,1,2016-02-01 04:18:26
0000001411,0000001270,1,2017-08-07 01:33:48
0000001412,0000001271,1,2016-05-04 06:47:16
0000001413,0000001272,1,2023-06-30 15:52:57
0000001414,0000001273,1,2022-05-21 15:42:00
0000001415,0000001274,1,2024-01-21 08:56:51
0000001416,0000001275,1,2019-05-20 06:59:18
0000001417,0000001276,1,2020-09-23 11:57:27
0000001418,0000001277,1,2024-10-01 03:14:25
0000001419,0000001278,1,2023-03-17 03:25:20
0000001420,0000001279,1,2025-08-15 23:32:04
0000001421,0000001280,1,2024-07-05 00:57:17
0000001422,0000001281,1,2025-04-02 08:10:47
0000001423,0000001282,1,2025-03-31 12:02:20
0000001424,0000001283,1,2015-12-21 07:21:01
0000001425,0000001283,2,2015-12-21 07:20:57
0000001426,0000001284,1,2017-07-19 15:27:54
0000001427,0000001285,1,2025-10-05 09:33:41
0000001428,0000001286,1,2025-06-14 04:09:39
0000001429,0000001287,1,2018-01-23 23:29:49
0000001430,0000001288,1,2022-05-10 08:19:45
0000001431,0000001289,1,2021-01-14 03:03:21
0000001432,0000001290,1,2017-07-03 01:15:26
0000001433,0000001291,1,2019-01-29 17:06:17
0000001434,0000001292,1,2017-10-25 13:45:43
0000001435,0000001293,1,2019-05-02 18:30:31
0000001436,0000001294,1,2016-04-25 12:59:10
0000001437,0000001294,2,2016-04-25 12:57:46
0000001438,0000001295,1,2021-04-19 07:46:43
0000001439,0000001296,1,2018-09-09 01:23:40
0000001440,0000001296,2,2018-09-09 01:21:59
0000001441,0000001297,1,2023-12-10 11:18:58
0000001442,0000001298,1,2022-01-11 02:05:16
0000001443,0000001299,1,2019-09-11 02:48:34
0000001444,0000001300,1,2017-10-09 22:43:31
0000001445,0000001301,1,2023-03-17 10:51:17
0000001446,0000001302,1,2019-06-22 01:24:31
0000001447,0000001303,1,2018-04-18 12:21:56
0000001448,0000001304,1,2020-12-10 00:17:49
0000001449,0000001305,1,2026-01-30 08:56:17
0000001450,0000001306,1,2018-04-21 02:29:30
0000001451,0000001307,1,2022-04-12 07:06:29
0000001452,0000001308,1,2023-10-01 16:34:11
0000001453,0000001309,1,2017-02-10 11:44:09
0000001454,0000001310,1,2015-11-24 04:19:43
0000001455,0000001310,2,2015-11-24 04:20:04
0000001456,0000001311,1,2021-02-18 20:00:29
0000001457,0000001312,1,2021-04-02 15:29:02
0000001458,0000001313,1,2023-03-03 09:11:30
0000001459,0000001314,1,2021-04-17 06:07:53
0000001460,0000001315,1,2015-09-01 00:15:38
0000001461,0000001316,1,2020-12-04 05:32:01
0000001462,0000001317,1,2021-03-28 17:38:21
0000001463,0000001318,1,2015-05-07 18:11:55
0000001464,0000001319,1,2023-08-15 23:18:29
0000001465,0000001320,1,2019-04-25 00:09:05
0000001466,0000001320,2,2019-04-25 00:10:01
0000001467,0000001321,1,2018-07-30 23:18:58
0000001468,0000001322,1,2019-01-01 23:51:24
0000001469,0000001323,1,2019-07-30 20:25:14
0000001470,0000001324,1,2018-03-01 11:02:01
0000001471,0000001324,2,2018-03-01 11:03:06
0000001472,0000001325,1,2019-02-17 19:01:25
0000001473,0000001325,2,2019-02-17 19:01:42
0000001474,0000001326,1,2024-07-13 06:43:32
0000001475,0000001327,1,2021-10-05 02:25:42
0000001476,0000001328,1,2021-08-16 03:13:06
0000001477,0000001328,2,2021-08-16 03:13:47
0000001478,0000001329,1,2019-11-17 17:49:55
0000001479,0000001330,1,2022-09-28 00:34:09
0000001480,0000001331,1,2022-04-08 23:09:20
0000001481,0000001331,2,2022-04-08 23:09:37
0000001482,0000001332,1,2023-06-25 01:32:58
0000001483,0000001333,1,2021-11-13 21:42:02
0000001484,0000001334,1,2025-11-20 06:50:20
0000001485,0000001334,2,2025-11-20 06:51:07
0000001486,0000001335,1,2025-08-13 04:01:13
0000001487,0000001336,1,2020-11-12 11:31:33
0000001488,0000001337,1,2025-08-21 16:48:59
0000001489,0000001338,1,2016-12-22 10:49:02
0000001490,0000001339,1,2018-01-21 11:05:13
0000001491,0000001340,1,2026-07-03 03:01:23
0000001492,0000001341,1,2016-12-31 21:05:53
0000001493,0000001342,1,2024-12-05 07:43:50
0000001494,0000001343,1,2021-06-11 10:21:16
0000001495,0000001344,1,2021-02-21 13:44:30
0000001496,0000001345,1,2018-08-27 10:13:36
0000001497,0000001346,1,2022-12-05 08:16:39
0000001498,0000001347,1,2023-08-24 10:39:02
0000001499,0000001348,1,2026-04-18 09:09:02
0000001500,0000001349,1,2019-02-26 21:33:46
0000001501,0000001350,1,2017-09-28 11:36:51
0000001502,0000001351,1,2022-12-25 19:38:56
0000001503,0000001351,2,2022-12-25 19:40:01
0000001504,0000001352,1,2024-03-22 21:06:41
0000001505,0000001352,2,2024-03-22 21:06:41
0000001506,0000001353,1,2016-08-20 11:32:31
0000001507,0000001354,1,2016-09-06 12:41:26
0000001508,0000001355,1,2023-06-28 15:08:27
0000001509,0000001356,1,2024-12-17 11:04:02
0000001510,0000001357,1,2023-03-21 18:43:49
0000001511,0000001358,1,2025-09-08 12:51:21
0000001512,0000001359,1,2024-03-13 13:12:55
0000001513,0000001360,1,2019-08-18 14:18:22
0000001514,0000001361,1,2020-10-13 23:21:10
0000001515,0000001362,1,2025-05-26 19:06:00
0000001516,0000001363,1,2022-12-23 19:25:34
0000001517,0000001364,1,2016-10-07 14:04:07
0000001518,0000001365,1,2020-11-16 18:35:40
0000001519,0000001366,1,2017-04-25 19:45:24
0000001520,0000001367,1,2015-02-11 22:08:46
0000001521,0000001368,1,2024-11-14 04:42:11
0000001522,0000001369,1,2018-02-08 06:49:15
0000001523,0000001370,1,2022-01-10 06:06:03
0000001524,0000001371,1,2025-09-28 02:53:22
0000001525,0000001372,1,2017-01-01 01:05:40
0000001526,0000001373,1,2016-01-18 17:17:54
0000001527,0000001374,1,2020-11-08 12:57:05
0000001528,0000001375,1,2019-08-29 04:50:30
0000001529,0000001376,1,2026-02-27 14:33:20
0000001530,0000001377,1,2022-09-14 01:54:30
0000001531,0000001377,2,2022-09-14 01:54:27
0000001532,0000001378,1,2022-02-20 21:47:48
0000001533,0000001379,1,2021-09-06 13:09:09
0000001534,0000001380,1,2018-10-15 18:36:10
0000001535,0000001381,1,2016-06-05 15:08:28
0000001536,0000001382,1,2021-09-03 18:22:13
0000001537,0000001383,1,2016-10-03 22:59:36
0000001538,0000001384,1,2018-11-06 17:22:38
0000001539,0000001384,2,2018-11-06 17:22:07
0000001540,0000001385,1,2020-11-13 23:48:19
0000001541,0000001386,1,2017-03-02 02:16:37
0000001542,0000001387,1,2019-07-26 20:24:53
0000001543,0000001388,1,2018-03-20 09:56:13
0000001544,0000001389,1,2019-01-20 02:26:18
0000001545,0000001390,1,2018-04-24 05:09:22
0000001546,0000001391,1,2020-12-29 13:45:11
0000001547,0000001392,1,2017-05-31 09:59:45
0000001548,0000001393,1,2020-03-24 03:12:03
0000001549,0000001394,1,2017-12-04 05:32:36
0000001550,0000001395,1,2018-08-14 05:15:49
0000001551,0000001396,1,2021-07-22 00:43:57
0000001552,0000001397,1,2019-05-12 08:51:49
0000001553,0000001398,1,2025-03-25 13:51:45
0000001554,0000001399,1,2023-03-05 12:40:50
0000001555,0000001400,1,2025-05-06 03:16:36
0000001556,0000001401,1,2025-10-04 05:46:37
0000001557,0000001402,1,2023-05-02 06:02:11
0000001558,0000001403,1,2020-10-30 01:12:59
0000001559,0000001404,1,2024-06-13 15:47:23
0000001560,0000001405,1,2016-07-17 12:10:52
0000001561,0000001406,1,2020-11-07 03:17:31
0000001562,0000001407,1,2017-08-15 13:27:52
0000001563,0000001408,1,2018-09-17 08:04:26
0000001564,0000001409,1,2019-12-30 19:29:48
0000001565,0000001410,1,2024-04-10 10:10:42
0000001566,0000001411,1,2024-04-17 23:10:03
0000001567,0000001412,1,2019-12-13 08:44:33
0000001568,0000001413,1,2022-01-24 22:10:03
0000001569,0000001414,1,2016-07-23 13:54:54
0000001570,0000001415,1,2019-09-07 06:03:14
0000001571,0000001416,1,2019-06-24 07:16:07
0000001572,0000001417,1,2020-06-15 08:04:53
0000001573,0000001418,1,2019-07-16 22:22:05
0000001574,0000001419,1,2024-09-08 22:07:56
0000001575,0000001419,2,2024-09-08 22:07:48
0000001576,0000001420,1,2026-05-20 19:00:07
0000001577,0000001421,1,2017-10-06 21:29:50
0000001578,0000001422,1,2020-03-29 06:57:48
0000001579,0000001423,1,2025-06-17 20:45:11
0000001580,0000001423,2,2025-06-17 20:44:25
0000001581,0000001424,1,2017-12-11 05:50:23
0000001582,0000001425,1,2019-03-13 23:31:53
0000001583,0000001426,1,2019-12-20 08:19:14
0000001584,0000001426,2,2019-12-20 08:19:37
0000001585,0000001427,1,2020-08-07 06:59:07
0000001586,0000001428,1,2020-02-05 22:51:14
0000001587,0000001429,1,2018-11-28 00:06:08
0000001588,0000001430,1,2016-02-05 17:51:14
0000001589,0000001431,1,2026-07-18 01:36:49
0000001590,0000001431,2,2026-07-18 01:37:52
0000001591,0000001432,1,2024-11-23 19:06:49
0000001592,0000001433,1,2019-10-15 15:55:46
0000001593,0000001433,2,2019-10-15 15:55:08
0000001594,0000001434,1,2024-06-02 05:58:45
0000001595,0000001435,1,2022-11-26 07:58:47
0000001596,0000001436,1,2025-03-04 07:20:34
0000001597,0000001437,1,2018-11-30 21:52:39
0000001598,0000001438,1,2019-01-20 13:56:08
0000001599,0000001438,2,2019-01-20 13:56:54
0000001600,0000001439,1,2019-04-03 07:03:50
0000001601,0000001440,1,2016-04-17 22:58:12
0000001602,0000001441,1,2023-02-18 17:43:09
0000001603,0000001442,1,2023-01-18 05:30:22
0000001604,0000001443,1,2018-05-10 14:08:30
0000001605,0000001443,2,2018-05-10 14:09:25
0000001606,0000001444,1,2017-03-25 04:09:23
0000001607,0000001445,1,2020-06-26 09:41:42
0000001608,0000001445,2,2020-06-26 09:41:48
0000001609,0000001446,1,2025-08-11 06:02:35
0000001610,0000001446,2,2025-08-11 06:02:07
0000001611,0000001447,1,2024-04-23 16:08:54
0000001612,0000001447,2,2024-04-23 16:07:32
0000001613,0000001448,1,2019-11-18 21:41:21
0000001614,0000001449,1,2025-10-03 06:10:58
0000001615,0000001450,1,2026-03-27 13:06:36
0000001616,0000001450,2,2026-03-27 13:05:33
0000001617,0000001451,1,2016-07-02 05:15:42
0000001618,0000001452,1,2025-04-12 01:36:45
0000001619,0000001453,1,2026-08-28 06:24:27
0000001620,0000001454,1,2021-07-01 09:44:14
0000001621,0000001455,1,2024-05-22 18:20:02
0000001622,0000001455,2,2024-05-22 18:21:27
0000001623,0000001456,1,2019-11-09 12:37:02
0000001624,0000001457,1,2021-05-21 01:42:12
0000001625,0000001458,1,2018-10-28 22:07:20
0000001626,0000001459,1,2021-01-04 10:18:21
0000001627,0000001460,1,2019-10-11 12:49:10
0000001628,0000001461,1,2017-05-03 10:11:19
0000001629,0000001462,1,2018-09-24 11:57:38
0000001630,0000001463,1,2020-11-16 02:28:36
0000001631,0000001464,1,2018-10-31 13:00:04
0000001632,0000001465,1,2019-06-20 23:41:28
0000001633,0000001466,1,2021-12-12 12:07:51
0000001634,0000001466,2,2021-12-12 12:09:16
0000001635,0000001467,1,2024-07-22 22:17:37
0000001636,0000001468,1,2025-04-06 06:14:33
0000001637,0000001469,1,2017-06-09 19:05:21
0000001638,0000001470,1,2016-02-22 02:51:23
0000001639,0000001470,2,2016-02-22 02:51:47
0000001640,0000001471,1,2016-09-08 16:14:49
0000001641,0000001472,1,2017-02-09 01:29:26
0000001642,0000001472,2,2017-02-09 01:30:34
0000001643,0000001473,1,2017-05-26 06:50:12
0000001644,0000001474,1,2017-05-01 11:12:49
0000001645,0000001475,1,2017-05-28 09:04:43
0000001646,0000001476,1,2016-04-03 10:09:01
0000001647,0000001477,1,2021-05-01 11:35:17
0000001648,0000001478,1,2026-03-14 02:06:32
0000001649,0000001479,1,2015-09-11 23:33:44
0000001650,0000001479,2,2015-09-11 23:32:19
0000001651,0000001480,1,2017-10-09 13:49:21
0000001652,0000001480,2,2017-10-09 13:48:07
0000001653,0000001481,1,2017-05-09 17:07:29
0000001654,0000001482,1,2017-05-20 23:37:59
0000001655,0000001483,1,2023-01-05 04:20:46
0000001656,0000001484,1,2019-01-19 09:37:16
0000001657,0000001485,1,2022-04-06 23:54:20
0000001658,0000001485,2,2022-04-06 23:54:42
0000001659,0000001486,1,2025-06-13 07:27:39
0000001660,0000001487,1,2025-03-02 04:08:06
0000001661,0000001488,1,2021-07-18 17:13:42
0000001662,0000001489,1,2017-06-15 05:02:06
0000001663,0000001490,1,2017-01-11 12:07:23
0000001664,0000001491,1,2017-03-09 16:40:16
0000001665,0000001492,1,2015-09-10 23:18:37
0000001666,0000001493,1,2021-07-04 20:19:03
0000001667,0000001494,1,2020-03-11 20:05:27
0000001668,0000001495,1,2019-04-20 12:25:39
0000001669,0000001496,1,2019-05-03 00:01:20
0000001670,0000001497,1,2018-11-16 05:04:41
0000001671,0000001498,1,2017-06-23 07:34:11
0000001672,0000001499,1,2022-09-26 07:06:00
0000001673,0000001500,1,2022-04-28 03:37:18
0000001674,0000001501,1,2022-10-25 17:04:24
0000001675,0000001502,1,2017-12-16 02:07:31
0000001676,0000001503,1,2021-06-28 14:47:20
0000001677,0000001504,1,2021-09-03 02:17:02
0000001678,0000001504,2,2021-09-03 02:16:54
0000001679,0000001505,1,2022-08-11 22:39:15
0000001680,0000001505,2,2022-08-11 22:40:04
0000001681,0000001506,1,2021-07-10 20:08:52
0000001682,0000001507,1,2026-03-13 20:43:55
0000001683,0000001508,1,2018-08-23 09:22:48
0000001684,0000001508,2,2018-08-23 09:21:29
0000001685,0000001509,1,2022-04-11 11:33:32
0000001686,0000001510,1,2023-10-05 22:15:13
0000001687,0000001511,1,2016-05-20 08:40:05
0000001688,0000001512,1,2018-08-17 01:42:55
0000001689,0000001513,1,2015-11-19 18:31:19
0000001690,0000001514,1,2017-12-24 23:45:54
0000001691,0000001515,1,2023-04-11 23:28:30
0000001692,0000001515,2,2023-04-11 23:28:10
0000001693,0000001516,1,2025-10-06 17:18:28
0000001694,0000001517,1,2019-09-07 23:30:35
0000001695,0000001518,1,2025-12-08 01:47:25
0000001696,0000001519,1,2018-08-13 10:59:45
0000001697,0000001519,2,2018-08-13 11:00:37
0000001698,0000001520,1,2020-05-19 18:46:12
0000001699,0000001521,1,2018-06-16 06:20:12
0000001700,0000001522,1,2019-10-27 08:09:12
0000001701,0000001523,1,2018-07-17 21:38:05
0000001702,0000001524,1,2019-05-26 00:30:11
0000001703,0000001525,1,2020-04-08 13:16:33
0000001704,0000001526,1,2022-06-30 18:16:24
0000001705,0000001527,1,2024-01-21 22:29:28
0000001706,0000001528,1,2016-01-06 23:40:57
0000001707,0000001529,1,2015-10-09 17:46:51
0000001708,0000001529,2,2015-10-09 17:46:48
0000001709,0000001530,1,2016-05-29 01:34:19
0000001710,0000001531,1,2025-06-18 09:43:17
0000001711,0000001532,1,2017-12-04 09:53:44
0000001712,0000001533,1,2019-10-30 19:27:46
0000001713,0000001534,1,2026-06-23 12:32:24
0000001714,0000001535,1,2024-01-02 18:27:48
0000001715,0000001535,2,2024-01-02 18:27:42
0000001716,0000001536,1,2016-12-23 08:23:20
0000001717,0000001537,1,2017-03-18 20:29:13
0000001718,0000001538,1,2016-09-28 08:06:35
0000001719,0000001539,1,2017-02-25 12:37:51
0000001720,0000001540,1,2017-03-20 09:33:32
0000001721,0000001541,1,2020-08-31 23:05:47
0000001722,0000001542,1,2026-02-19 21:59:50
0000001723,0000001543,1,2022-04-15 20:30:56
0000001724,0000001544,1,2017-05-09 01:57:13
0000001725,0000001545,1,2024-06-25 19:40:06
0000001726,0000001546,1,2022-08-29 22:23:21
0000001727,0000001547,1,2024-12-07 03:27:05
0000001728,0000001548,1,2024-07-23 11:11:49
0000001729,0000001549,1,2020-06-13 16:16:37
0000001730,0000001550,1,2018-03-21 12:05:33
0000001731,0000001551,1,2016-04-11 11:54:49
0000001732,0000001552,1,2016-08-13 19:47:28
0000001733,0000001553,1,2025-04-09 16:00:31
0000001734,0000001554,1,2023-10-28 20:00:24
0000001735,0000001554,2,2023-10-28 20:00:56
0000001736,0000001555,1,2024-10-08 13:44:31
0000001737,0000001556,1,2017-04-11 03:19:03
0000001738,0000001557,1,2017-03-20 02:21:24
0000001739,0000001558,1,2017-03-15 16:44:02
0000001740,0000001558,2,2017-03-15 16:45:14
0000001741,0000001559,1,2017-03-21 19:13:05
0000001742,0000001560,1,2017-03-08 07:58:50
0000001743,0000001560,2,2017-03-08 07:58:26
0000001744,0000001561,1,2017-03-25 11:27:47
0000001745,0000001561,2,2017-03-25 11:27:28
0000001746,0000001562,1,2017-03-30 16:55:18
0000001747,0000001563,1,2017-03-10 18:03:35
0000001748,0000001563,2,2017-03-10 18:03:39
0000001749,0000001564,1,2017-03-13 14:23:42
0000001750,0000001564,2,2017-03-13 14:23:26
0000001751,0000001565,1,2017-03-23 08:04:45
0000001752,0000001566,1,2017-03-25 13:50:14
0000001753,0000001567,1,2017-04-06 07:53:08
0000001754,0000001568,1,2016-07-30 05:38:33
0000001755,0000001569,1,2020-08-02 09:20:33
0000001756,0000001570,1,2023-07-15 08:55:01
0000001757,0000001571,1,2019-01-07 14:43:07
0000001758,0000001572,1,2019-12-17 04:41:28
0000001759,0000001573,1,2021-05-05 01:31:00
0000001760,0000001573,2,2021-05-05 01:30:44
0000001761,0000001574,1,2021-08-26 15:05:33
0000001762,0000001575,1,2022-09-07 19:13:02
0000001763,0000001576,1,2024-03-14 15:57:22
0000001764,0000001576,2,2024-03-14 15:57:00
0000001765,0000001577,1,2018-11-18 14:11:37
0000001766,0000001578,1,2018-08-07 20:12:49
0000001767,0000001579,1,2020-08-14 06:35:31
0000001768,0000001580,1,2017-02-15 10:59:09
0000001769,0000001581,1,2018-06-10 05:17:32
0000001770,0000001582,1,2022-12-30 00:56:06
0000001771,0000001583,1,2019-04-16 22:36:38
0000001772,0000001583,2,2019-04-16 22:35:18
0000001773,0000001584,1,2021-05-28 11:33:21
0000001774,0000001585,1,2022-02-13 07:56:33
0000001775,0000001586,1,2021-08-27 03:00:49
0000001776,0000001587,1,2018-12-17 21:38:28
0000001777,0000001588,1,2026-04-30 07:52:32
0000001778,0000001589,1,2024-04-06 07:33:55
0000001779,0000001590,1,2023-09-08 17:54:53
0000001780,0000001591,1,2025-03-10 00:49:54
0000001781,0000001592,1,2020-04-12 09:41:09
0000001782,0000001593,1,2026-03-20 16:18:02
0000001783,0000001593,2,2026-03-20 16:16:51
0000001784,0000001594,1,2016-09-01 11:46:12
0000001785,0000001595,1,2021-07-30 03:11:58
0000001786,0000001596,1,2025-11-28 12:45:29
0000001787,0000001597,1,2024-09-06 08:24:55
0000001788,0000001598,1,2022-03-30 07:34:20
0000001789,0000001599,1,2017-08-18 07:37:04
0000001790,0000001600,1,2018-06-02 20:33:54
0000001791,0000001601,1,2018-07-07 16:33:53
0000001792,0000001601,2,2018-07-07 16:33:58
0000001793,0000001602,1,2021-09-19 13:03:39
0000001794,0000001603,1,2019-10-28 00:34:25
0000001795,0000001604,1,2018-11-18 11:58:50
0000001796,0000001605,1,2022-04-30 20:49:00
0000001797,0000001606,1,2017-01-21 01:25:49
0000001798,0000001607,1,2016-10-04 18:00:14
0000001799,0000001608,1,2018-02-01 01:19:27
0000001800,0000001609,1,2018-12-04 22:37:47
0000001801,0000001610,1,2016-11-15 17:28:15
0000001802,0000001611,1,2018-10-29 18:49:44
0000001803,0000001612,1,2020-09-01 02:42:40
0000001804,0000001613,1,2017-05-14 01:13:21
0000001805,0000001614,1,2018-04-13 03:43:21
0000001806,0000001615,1,2017-03-29 13:38:22
0000001807,0000001615,2,2017-03-29 13:37:51
0000001808,0000001616,1,2017-05-01 15:32:15
0000001809,0000001617,1,2026-10-06 19:31:02
0000001810,0000001618,1,2024-07-04 21:55:15
0000001811,0000001619,1,2025-01-30 07:35:25
0000001812,0000001620,1,2023-01-25 23:55:21
0000001813,0000001620,2,2023-01-25 23:54:49
0000001814,0000001621,1,2023-12-07 05:42:47
0000001815,0000001622,1,2025-02-14 00:52:09
0000001816,0000001623,1,2024-01-12 21:13:23
0000001817,0000001624,1,2021-08-24 02:55:05
0000001818,0000001625,1,2022-05-23 17:33:53
0000001819,0000001626,1,2023-12-06 10:13:20
0000001820,0000001627,1,2021-09-02 22:05:58
0000001821,0000001628,1,2019-11-12 10:32:41
0000001822,0000001629,1,2018-02-18 15:16:46
0000001823,0000001630,1,2018-02-08 03:25:57
0000001824,0000001631,1,2022-08-11 14:56:23
0000001825,0000001632,1,2018-03-22 08:22:13
0000001826,0000001633,1,2017-12-21 17:32:20
0000001827,0000001634,1,2019-04-02 10:04:14
0000001828,0000001635,1,2023-01-19 07:09:31
0000001829,0000001636,1,2020-06-22 20:25:46
0000001830,0000001637,1,2020-06-05 09:12:15
0000001831,0000001637,2,2020-06-05 09:13:21
0000001832,0000001638,1,2021-02-13 22:26:34
0000001833,0000001639,1,2024-07-23 07:20:04
0000001834,0000001640,1,2024-12-27 23:10:36
0000001835,0000001641,1,2026-04-17 20:59:15
0000001836,0000001642,1,2018-01-16 08:26:19
0000001837,0000001643,1,2015-11-12 05:01:16
0000001838,0000001644,1,2020-04-19 06:55:30
0000001839,0000001645,1,2021-12-23 22:43:04
0000001840,0000001645,2,2021-12-23 22:42:56
0000001841,0000001646,1,2017-04-13 23:14:36
0000001842,0000001647,1,2017-11-21 04:54:55
0000001843,0000001648,1,2016-09-18 04:36:16
0000001844,0000001649,1,2017-11-05 21:40:24
0000001845,0000001650,1,2017-05-23 20:41:16
0000001846,0000001651,1,2018-11-14 01:29:49
0000001847,0000001652,1,2023-08-24 17:54:31
0000001848,0000001653,1,2022-10-06 00:29:42
0000001849,0000001654,1,2018-10-06 16:22:41
0000001850,0000001655,1,2020-12-04 06:15:07
0000001851,0000001656,1,2020-01-14 03:15:16
0000001852,0000001657,1,2018-08-05 15:36:59
0000001853,0000001657,2,2018-08-05 15:35:25
0000001854,0000001658,1,2018-05-31 17:30:00
0000001855,0000001659,1,2018-03-19 06:52:11
0000001856,0000001660,1,2018-04-17 09:52:38
0000001857,0000001661,1,2018-08-10 12:04:21
0000001858,0000001662,1,2018-05-15 08:42:31
0000001859,0000001663,1,2018-05-09 21:43:31
0000001860,0000001664,1,2018-08-07 00:17:11
0000001861,0000001665,1,2018-05-08 06:39:07
0000001862,0000001666,1,2018-05-11 21:32:26
0000001863,0000001667,1,2018-09-28 01:50:53
0000001864,0000001668,1,2018-06-22 10:30:45
0000001865,0000001669,1,2016-11-15 08:38:47
0000001866,0000001670,1,2019-09-03 03:11:08
0000001867,0000001671,1,2019-10-30 07:26:58
0000001868,0000001672,1,2017-02-07 22:13:08
0000001869,0000001673,1,2020-09-26 14:17:00
0000001870,0000001674,1,2023-05-05 01:13:39
0000001871,0000001675,1,2019-03-25 15:49:45
0000001872,0000001676,1,2026-03-21 15:27:55
0000001873,0000001677,1,2019-01-17 17:22:33
0000001874,0000001678,1,2016-12-03 11:07:33
0000001875,0000001679,1,2025-02-07 10:45:46
0000001876,0000001680,1,2024-08-17 20:13:09
0000001877,0000001681,1,2022-10-21 01:23:27
0000001878,0000001682,1,2026-09-24 07:46:02
0000001879,0000001683,1,2023-04-11 16:28:43
0000001880,0000001684,1,2021-07-04 10:54:00
0000001881,0000001685,1,2016-02-25 01:57:31
0000001882,0000001686,1,2019-06-30 08:08:26
0000001883,0000001687,1,2026-05-10 13:40:02
0000001884,0000001688,1,2022-06-05 06:18:55
0000001885,0000001689,1,2024-02-26 12:33:46
0000001886,0000001690,1,2026-09-15 23:21:47
0000001887,0000001691,1,2019-07-27 08:48:49
0000001888,0000001692,1,2018-01-06 20:56:08
0000001889,0000001692,2,2018-01-06 20:55:40
0000001890,0000001693,1,2016-03-30 13:28:04
0000001891,0000001694,1,2024-11-06 09:10:52
0000001892,0000001695,1,2024-05-20 09:55:34
0000001893,0000001696,1,2020-10-16 11:11:10
0000001894,0000001697,1,2025-01-08 20:12:07
0000001895,0000001698,1,2024-03-17 15:34:09
0000001896,0000001699,1,2022-08-22 09:20:19
0000001897,0000001700,1,2025-04-03 18:34:06
0000001898,0000001701,1,2017-11-28 12:55:52
0000001899,0000001702,1,2020-11-26 06:35:46
0000001900,0000001703,1,2025-07-12 11:58:50
0000001901,0000001704,1,2024-03-28 07:39:12
0000001902,0000001704,2,2024-03-28 07:38:56
0000001903,0000001705,1,2021-10-31 16:51:47
0000001904,0000001706,1,2021-11-06 02:27:49
0000001905,0000001707,1,2023-09-20 09:22:57
0000001906,0000001708,1,2026-01-28 17:29:41
0000001907,0000001709,1,2020-11-03 19:59:46
0000001908,0000001709,2,2020-11-03 19:59:40
0000001909,0000001710,1,2020-03-19 07:40:02
0000001910,0000001710,2,2020-03-19 07:40:19
0000001911,0000001711,1,2022-05-09 19:38:46
0000001912,0000001712,1,2021-06-16 05:21:20
0000001913,0000001713,1,2023-07-05 13:43:46
0000001914,0000001713,2,2023-07-05 13:44:19
0000001915,0000001714,1,2026-01-24 07:08:32
0000001916,0000001715,1,2020-10-19 20:53:35
0000001917,0000001716,1,2015-07-30 20:31:29
0000001918,0000001717,1,2019-04-15 10:06:49
0000001919,0000001718,1,2018-06-05 23:17:28
0000001920,0000001719,1,2026-04-29 07:32:43
0000001921,0000001720,1,2021-10-15 22:24:53
0000001922,0000001721,1,2026-05-06 18:31:42
0000001923,0000001722,1,2017-03-10 13:08:03
0000001924,0000001723,1,2019-10-31 02:34:03
0000001925,0000001724,1,2020-09-20 13:23:11
0000001926,0000001725,1,2018-04-12 03:29:14
0000001927,0000001726,1,2024-06-20 02:03:57
0000001928,0000001727,1,2020-06-18 11:15:36
0000001929,0000001728,1,2023-04-15 04:37:58
0000001930,0000001729,1,2022-07-17 21:51:05
0000001931,0000001729,2,2022-07-17 21:49:35
0000001932,0000001730,1,2025-12-30 00:24:20
0000001933,0000001731,1,2023-07-28 15:38:00
0000001934,0000001732,1,2024-05-24 00:56:37
0000001935,0000001732,2,2024-05-24 00:55:26
0000001936,0000001733,1,2026-03-11 00:02:31
0000001937,0000001734,1,2026-06-25 01:45:41
0000001938,0000001735,1,2026-07-08 14:01:41
0000001939,0000001736,1,2020-12-23 15:26:46
0000001940,0000001737,1,2023-10-26 13:17:36
0000001941,0000001737,2,2023-10-26 13:16:26
0000001942,0000001738,1,2025-04-27 19:23:54
0000001943,0000001739,1,2023-09-01 21:13:33
0000001944,0000001740,1,2017-12-06 03:53:13
0000001945,0000001741,1,2018-01-17 10:12:31
0000001946,0000001741,2,2018-01-17 10:12:30
0000001947,0000001742,1,2015-06-02 08:27:00
0000001948,0000001743,1,2016-05-03 02:31:17
0000001949,0000001744,1,2026-01-06 17:29:39
0000001950,0000001745,1,2022-09-29 23:53:04
0000001951,0000001746,1,2021-07-25 16:07:01
0000001952,0000001746,2,2021-07-25 16:07:41
0000001953,0000001747,1,2022-01-04 10:59:18
0000001954,0000001748,1,2022-01-27 18:38:22
0000001955,0000001749,1,2026-03-05 08:56:47
0000001956,0000001750,1,2018-08-07 20:27:40
0000001957,0000001751,1,2018-12-18 22:58:55
0000001958,0000001752,1,2018-01-02 08:38:24
0000001959,0000001753,1,2017-11-27 11:35:04
0000001960,0000001753,2,2017-11-27 11:35:21
0000001961,0000001754,1,2014-12-21 21:02:08
0000001962,0000001755,1,2018-04-25 22:25:12
0000001963,0000001756,1,2016-04-12 03:41:45
0000001964,0000001757,1,2025-02-14 13:52:13
0000001965,0000001758,1,2022-12-19 23:45:24
0000001966,0000001759,1,2022-06-29 06:08:19
0000001967,0000001759,2,2022-06-29 06:07:49
0000001968,0000001760,1,2024-12-07 01:32:48
0000001969,0000001760,2,2024-12-07 01:33:02
0000001970,0000001761,1,2019-11-20 03:58:19
0000001971,0000001761,2,2019-11-20 03:58:38
0000001972,0000001762,1,2021-12-11 07:17:55
0000001973,0000001763,1,2019-07-20 22:52:41
0000001974,0000001764,1,2019-12-17 07:08:24
0000001975,0000001765,1,2024-03-05 08:31:34
0000001976,0000001765,2,2024-03-05 08:32:03
0000001977,0000001766,1,2023-07-13 02:19:29
0000001978,0000001767,1,2017-12-01 17:06:37
0000001979,0000001768,1,2019-08-02 06:36:16
0000001980,0000001769,1,2019-04-26 14:43:24
0000001981,0000001770,1,2019-04-03 12:55:58
0000001982,0000001771,1,2022-06-23 03:34:45
0000001983,0000001771,2,2022-06-23 03:35:34
0000001984,0000001772,1,2025-11-10 04:51:55
0000001985,0000001773,1,2023-03-28 13:00:05
0000001986,0000001774,1,2019-12-21 11:10:56
0000001987,0000001775,1,2016-10-07 01:08:27
0000001988,0000001776,1,2021-08-24 11:57:33
0000001989,0000001777,1,2020-07-02 07:39:34
0000001990,0000001778,1,2025-08-04 00:49:55
0000001991,0000001779,1,2018-11-25 18:58:02
0000001992,0000001780,1,2025-11-28 18:21:11
0000001993,0000001781,1,2019-10-30 03:25:09
0000001994,0000001782,1,2019-06-28 05:39:27
0000001995,0000001783,1,2019-11-10 00:00:52
0000001996,0000001784,1,2019-07-02 01:17:59
0000001997,0000001785,1,2018-02-16 19:16:09
0000001998,0000001786,1,2026-01-22 12:01:51
0000001999,0000001787,1,2019-01-03 14:56:03
0000002000,0000001788,1,2019-09-08 02:03:18
0000002001,0000001789,1,2024-11-12 06:05:07
0000002002,0000001790,1,2023-07-05 06:16:01
0000002003,0000001791,1,2024-11-01 00:23:39
0000002004,0000001792,1,2017-02-04 18:33:37
0000002005,0000001793,1,2017-06-06 17:59:01
0000002006,0000001794,1,2020-11-20 16:14:58
0000002007,0000001794,2,2020-11-20 16:15:08
0000002008,0000001795,1,2018-12-05 10:50:49
0000002009,0000001796,1,2025-02-12 16:02:41
0000002010,0000001797,1,2018-01-30 01:11:19
0000002011,0000001798,1,2026-05-29 18:45:21
0000002012,0000001799,1,2019-01-17 10:29:00
0000002013,0000001800,1,2019-05-30 01:47:50
0000002014,0000001801,1,2022-09-01 22:25:04
0000002015,0000001802,1,2020-03-23 02:26:28
0000002016,0000001803,1,2023-01-13 14:31:04
0000002017,0000001804,1,2025-06-06 08:52:55
0000002018,0000001805,1,2016-11-08 09:52:04
0000002019,0000001805,2,2016-11-08 09:52:05
0000002020,0000001806,1,2018-08-14 10:43:05
0000002021,0000001807,1,2018-02-07 11:12:28
0000002022,0000001808,1,2023-12-01 13:47:29
0000002023,0000001809,1,2018-06-28 14:33:54
0000002024,0000001810,1,2019-10-24 08:32:44
0000002025,0000001811,1,2021-11-17 05:02:04
0000002026,0000001812,1,2016-02-19 09:04:03
0000002027,0000001813,1,2024-11-28 07:56:17
0000002028,0000001813,2,2024-11-28 07:55:38
0000002029,0000001814,1,2016-06-11 03:53:39
0000002030,0000001815,1,2019-12-26 04:10:15
0000002031,0000001816,1,2020-04-19 02:36:51
0000002032,0000001817,1,2023-06-29 16:33:43
0000002033,0000001818,1,2025-04-14 23:12:28
0000002034,0000001819,1,2025-04-10 01:11:56
0000002035,0000001820,1,2025-03-02 10:19:12
0000002036,0000001821,1,2021-09-08 20:58:39
0000002037,0000001822,1,2019-05-28 08:01:02
0000002038,0000001823,1,2019-05-30 13:37:00
0000002039,0000001824,1,2019-12-22 19:51:34
0000002040,0000001825,1,2018-11-13 06:40:43
0000002041,0000001826,1,2018-07-13 22:39:34
0000002042,0000001827,1,2025-01-20 19:37:57
0000002043,0000001828,1,2025-07-06 22:16:46
0000002044,0000001829,1,2021-05-27 14:20:56
0000002045,0000001830,1,2019-03-04 11:56:49
0000002046,0000001831,1,2025-02-01 17:22:57
0000002047,0000001832,1,2019-11-12 00:57:04
0000002048,0000001833,1,2022-10-14 14:47:44
0000002049,0000001834,1,2021-10-25 02:57:58
0000002050,0000001835,1,2023-04-24 19:08:41
0000002051,0000001835,2,2023-04-24 19:09:09
0000002052,0000001836,1,2021-08-26 01:02:38
0000002053,0000001836,2,2021-08-26 01:02:19
0000002054,0000001837,1,2020-09-25 15:39:14
0000002055,0000001838,1,2016-02-01 23:52:40
0000002056,0000001838,2,2016-02-01 23:53:38
0000002057,0000001839,1,2020-04-05 19:47:02
0000002058,0000001840,1,2021-06-06 08:06:49
0000002059,0000001841,1,2024-03-12 19:28:18
0000002060,0000001842,1,2016-10-19 05:32:46
0000002061,0000001843,1,2016-08-16 23:59:14
0000002062,0000001844,1,2024-08-02 20:56:05
0000002063,0000001845,1,2017-10-19 06:01:36
0000002064,0000001846,1,2018-07-30 21:11:07
0000002065,0000001847,1,2017-12-25 04:52:44
0000002066,0000001848,1,2019-12-26 10:20:08
0000002067,0000001849,1,2020-06-06 19:58:17
0000002068,0000001850,1,2023-01-19 13:32:08
0000002069,0000001851,1,2019-01-26 07:27:49
0000002070,0000001851,2,2019-01-26 07:28:19
0000002071,0000001852,1,2021-02-19 22:33:09
0000002072,0000001853,1,2025-10-29 03:00:50
0000002073,0000001854,1,2025-05-13 21:15:58
0000002074,0000001855,1,2017-09-20 07:26:19
0000002075,0000001856,1,2023-07-29 06:42:03
0000002076,0000001857,1,2023-06-11 02:58:35
0000002077,0000001858,1,2019-06-15 19:30:27
0000002078,0000001859,1,2022-06-17 00:00:52
0000002079,0000001860,1,2025-01-29 18:28:18
0000002080,0000001861,1,2024-03-31 13:58:04
0000002081,0000001862,1,2017-07-05 17:44:29
0000002082,0000001863,1,2021-06-18 20:00:19
0000002083,0000001864,1,2017-06-06 22:16:54
0000002084,0000001864,2,2017-06-06 22:15:22
0000002085,0000001865,1,2017-02-09 19:06:48
0000002086,0000001866,1,2018-07-26 22:36:12
0000002087,0000001867,1,2018-04-07 12:17:07
0000002088,0000001868,1,2018-08-20 05:30:07
0000002089,0000001869,1,2016-09-03 16:05:32
0000002090,0000001870,1,2023-03-07 07:44:37
0000002091,0000001871,1,2025-12-17 16:23:17
0000002092,0000001872,1,2018-10-13 06:01:10
0000002093,0000001873,1,2023-05-20 14:08:22
0000002094,0000001874,1,2015-12-30 05:58:11
0000002095,0000001875,1,2016-03-04 01:35:55
0000002096,0000001876,1,2023-03-24 23:31:13
0000002097,0000001877,1,2026-09-28 14:03:04
0000002098,0000001878,1,2026-03-06 12:26:18
0000002099,0000001879,1,2024-04-12 10:08:43
0000002100,0000001880,1,2025-04-29 14:03:24
0000002101,0000001881,1,2016-02-18 17:59:50
0000002102,0000001882,1,2017-04-13 17:06:34
0000002103,0000001883,1,2016-10-29 12:15:49
0000002104,0000001884,1,2016-07-11 07:34:55
0000002105,0000001885,1,2017-04-08 02:52:20
0000002106,0000001886,1,2018-09-08 19:57:13
0000002107,0000001887,1,2023-11-10 18:38:39
0000002108,0000001888,1,2020-12-27 20:33:10
0000002109,0000001889,1,2025-10-22 14:13:14
0000002110,0000001890,1,2019-08-31 02:21:49
0000002111,0000001891,1,2026-01-13 11:15:21
0000002112,0000001892,1,2021-11-01 07:27:11
0000002113,0000001893,1,2023-10-20 04:41:52
0000002114,0000001894,1,2018-05-14 05:19:53
0000002115,0000001895,1,2018-08-17 03:31:04
0000002116,0000001896,1,2018-05-24 07:27:53
0000002117,0000001897,1,2021-05-30 05:31:42
0000002118,0000001898,1,2022-11-30 20:16:50
0000002119,0000001899,1,2022-10-29 13:32:12
0000002120,0000001900,1,2022-12-29 12:34:09
0000002121,0000001901,1,2026-08-15 21:41:03
0000002122,0000001902,1,2018-09-02 09:36:28
0000002123,0000001903,1,2025-12-14 16:23:11
0000002124,0000001904,1,2019-06-22 17:56:28
0000002125,0000001905,1,2020-12-30 17:44:39
0000002126,0000001906,1,2025-11-10 14:22:07
0000002127,0000001907,1,2017-07-18 03:09:45
0000002128,0000001908,1,2018-07-28 01:57:32
0000002129,0000001909,1,2024-09-17 16:56:35
0000002130,0000001910,1,2022-04-29 07:47:01
0000002131,0000001910,2,2022-04-29 07:48:12
0000002132,0000001911,1,2021-08-29 15:25:49
0000002133,0000001912,1,2019-01-08 12:00:38
0000002134,0000001913,1,2022-01-06 00:41:46
0000002135,0000001913,2,2022-01-06 00:42:30
0000002136,0000001914,1,2017-04-07 13:41:44
0000002137,0000001915,1,2022-08-20 13:46:32
0000002138,0000001916,1,2016-08-23 15:36:17
0000002139,0000001917,1,2021-03-16 10:42:39
0000002140,0000001918,1,2025-09-04 22:50:24
0000002141,0000001919,1,2018-04-26 21:24:25
0000002142,0000001920,1,2026-06-15 10:33:35
0000002143,0000001921,1,2015-05-10 18:38:37
0000002144,0000001922,1,2020-11-09 13:02:06
0000002145,0000001923,1,2026-08-28 02:02:13
0000002146,0000001923,2,2026-08-28 02:03:29
0000002147,0000001924,1,2025-08-08 11:19:59
0000002148,0000001925,1,2025-08-03 03:36:22
0000002149,0000001926,1,2021-06-14 08:55:45
0000002150,0000001927,1,2025-05-07 00:39:35
0000002151,0000001928,1,2023-12-13 14:32:58
0000002152,0000001929,1,2021-04-23 07:52:50
0000002153,0000001930,1,2018-08-07 07:34:15
0000002154,0000001931,1,2017-11-13 11:02:41
0000002155,0000001932,1,2026-06-26 15:35:09
0000002156,0000001933,1,2017-11-15 20:21:22
0000002157,0000001934,1,2022-07-13 11:23:43
0000002158,0000001934,2,2022-07-13 11:23:32
0000002159,0000001935,1,2024-02-19 00:08:23
0000002160,0000001936,1,2021-10-06 01:19:40
0000002161,0000001937,1,2018-06-09 17:11:14
0000002162,0000001938,1,2020-02-20 20:09:04
0000002163,0000001938,2,2020-02-20 20:10:09
0000002164,0000001939,1,2024-10-22 11:45:49
0000002165,0000001940,1,2020-11-08 02:11:30
0000002166,0000001940,2,2020-11-08 02:11:58
0000002167,0000001941,1,2025-10-17 21:29:08
0000002168,0000001941,2,2025-10-17 21:28:04
0000002169,0000001942,1,2022-01-21 12:03:03
0000002170,0000001943,1,2024-02-10 22:02:15
0000002171,0000001943,2,2024-02-10 22:02:56
0000002172,0000001944,1,2017-11-24 15:07:52
0000002173,0000001945,1,2018-11-23 23:46:05
0000002174,0000001946,1,2024-03-17 10:51:50
0000002175,0000001947,1,2019-04-25 12:08:18
0000002176,0000001948,1,2019-10-11 05:09:11
0000002177,0000001949,1,2020-05-02 00:29:21
0000002178,0000001950,1,2021-06-20 12:32:32
0000002179,0000001950,2,2021-06-20 12:33:24
0000002180,0000001951,1,2021-08-29 13:25:36
0000002181,0000001952,1,2019-04-23 03:35:14
0000002182,0000001953,1,2022-02-02 19:42:20
0000002183,0000001954,1,2024-12-21 21:14:28
0000002184,0000001955,1,2025-02-19 03:36:12
0000002185,0000001955,2,2025-02-19 03:36:15
0000002186,0000001956,1,2019-02-04 08:45:20
0000002187,0000001956,2,2019-02-04 08:46:11
0000002188,0000001957,1,2025-12-28 16:11:48
0000002189,0000001957,2,2025-12-28 16:11:59
0000002190,0000001958,1,2020-07-03 21:32:06
0000002191,0000001959,1,2021-02-07 17:55:59
0000002192,0000001960,1,2023-12-25 00:01:15
0000002193,0000001961,1,2019-01-10 14:24:10
0000002194,0000001962,1,2024-04-15 02:50:30
0000002195,0000001963,1,2026-03-27 09:00:18
0000002196,0000001964,1,2019-08-07 00:49:02
0000002197,0000001964,2,2019-08-07 00:49:08
0000002198,0000001965,1,2020-05-31 06:27:19
0000002199,0000001966,1,2017-03-22 10:02:45
0000002200,0000001966,2,2017-03-22 10:01:10
0000002201,0000001967,1,2020-01-13 09:39:34
0000002202,0000001968,1,2026-01-20 02:38:11
0000002203,0000001969,1,2025-11-02 23:29:47
0000002204,0000001970,1,2023-02-07 04:51:05
0000002205,0000001971,1,2021-04-18 13:55:21
0000002206,0000001972,1,2023-02-16 08:32:00
0000002207,0000001972,2,2023-02-16 08:33:13
0000002208,0000001973,1,2023-11-04 20:44:55
0000002209,0000001973,2,2023-11-04 20:45:08
0000002210,0000001974,1,2016-03-20 12:25:40
0000002211,0000001975,1,2022-12-20 22:33:47
0000002212,0000001976,1,2023-03-06 15:28:44
0000002213,0000001977,1,2016-12-19 04:38:28
0000002214,0000001978,1,2017-12-28 18:54:07
0000002215,0000001979,1,2017-07-21 16:27:25
0000002216,0000001980,1,2017-11-26 20:15:18
0000002217,0000001981,1,2017-06-15 11:38:17
0000002218,0000001982,1,2017-09-18 09:57:25
0000002219,0000001983,1,2017-07-27 12:56:43
0000002220,0000001984,1,2017-08-27 22:59:33
0000002221,0000001985,1,2017-07-24 15:01:19
0000002222,0000001986,1,2026-04-19 09:18:56
0000002223,0000001986,2,2026-04-19 09:18:25
0000002224,0000001987,1,2021-07-03 11:03:58
0000002225,0000001988,1,2025-01-12 07:45:18
0000002226,0000001989,1,2024-01-29 07:30:07
0000002227,0000001990,1,2020-03-07 01:50:15
0000002228,0000001991,1,2020-12-05 16:56:03
0000002229,0000001992,1,2024-11-19 08:55:45
0000002230,0000001993,1,2020-02-29 19:57:00
0000002231,0000001994,1,2016-03-18 17:24:53
0000002232,0000001995,1,2020-04-02 09:08:34
0000002233,0000001996,1,2023-09-18 14:05:14
0000002234,0000001997,1,2015-12-06 06:11:41
0000002235,0000001998,1,2023-06-26 21:36:18
0000002236,0000001999,1,2018-01-05 21:39:08
0000002237,0000002000,1,2019-04-01 23:17:22
0000002238,0000002000,2,2019-04-01 23:17:07
0000002239,0000002001,1,2020-03-31 19:44:29
0000002240,0000002001,2,2020-03-31 19:44:23
0000002241,0000002002,1,2023-07-15 14:34:00
0000002242,0000002003,1,2018-11-15 10:51:47
0000002243,0000002004,1,2026-02-04 07:45:15
0000002244,0000002005,1,2025-01-31 03:36:45
0000002245,0000002005,2,2025-01-31 03:36:44
0000002246,0000002006,1,2023-03-16 17:36:54
0000002247,0000002007,1,2025-10-02 15:53:46
0000002248,0000002008,1,2024-02-27 04:07:53
0000002249,0000002008,2,2024-02-27 04:07:43
0000002250,0000002009,1,2023-11-12 20:38:16
0000002251,0000002010,1,2024-11-02 14:04:10
0000002252,0000002011,1,2020-12-10 06:06:21
0000002253,0000002012,1,2021-05-03 00:54:24
0000002254,0000002013,1,2016-02-08 21:58:48
0000002255,0000002014,1,2019-11-24 13:47:36
0000002256,0000002015,1,2018-11-02 12:13:14
0000002257,0000002016,1,2023-12-27 12:50:16
0000002258,0000002017,1,2016-08-06 20:39:29
0000002259,0000002018,1,2016-11-10 14:28:26
0000002260,0000002019,1,2021-06-18 00:59:32
0000002261,0000002020,1,2024-12-02 21:42:29
0000002262,0000002021,1,2015-12-28 09:02:20
0000002263,0000002022,1,2017-11-09 16:37:42
0000002264,0000002022,2,2017-11-09 16:36:40
0000002265,0000002023,1,2020-01-28 06:48:12
0000002266,0000002024,1,2019-06-16 16:06:38
0000002267,0000002025,1,2026-10-06 23:25:12
0000002268,0000002026,1,2025-01-17 03:46:20
0000002269,0000002026,2,2025-01-17 03:46:18
0000002270,0000002027,1,2021-06-19 08:22:41
0000002271,0000002028,1,2022-01-06 12:13:22
0000002272,0000002029,1,2020-12-02 04:16:09
0000002273,0000002029,2,2020-12-02 04:16:32
0000002274,0000002030,1,2016-08-19 03:47:03
0000002275,0000002031,1,2017-01-30 20:53:19
0000002276,0000002032,1,2016-01-14 08:53:50
0000002277,0000002033,1,2025-05-22 17:17:56
0000002278,0000002034,1,2020-03-14 17:28:16
0000002279,0000002035,1,2025-08-12 07:12:25
0000002280,0000002036,1,2021-05-17 04:29:32
0000002281,0000002037,1,2019-02-15 21:17:30
0000002282,0000002038,1,2019-09-20 06:07:50
0000002283,0000002039,1,2022-08-07 20:52:50
0000002284,0000002040,1,2022-04-20 16:29:28
0000002285,0000002041,1,2019-03-11 09:22:46
0000002286,0000002042,1,2023-09-02 13:16:43
0000002287,0000002043,1,2018-12-26 00:09:39
0000002288,0000002044,1,2026-02-01 20:47:38
0000002289,0000002045,1,2025-09-23 01:47:57
0000002290,0000002046,1,2021-08-04 11:29:03
0000002291,0000002047,1,2020-04-07 09:37:02
0000002292,0000002048,1,2018-12-11 04:19:47
0000002293,0000002049,1,2025-04-06 05:24:17
0000002294,0000002050,1,2024-10-14 09:04:27
0000002295,0000002051,1,2021-05-19 14:25:59
0000002296,0000002052,1,2020-11-05 05:56:48
0000002297,0000002053,1,2021-06-22 03:35:46
0000002298,0000002054,1,2024-03-19 17:57:36
0000002299,0000002054,2,2024-03-19 17:57:17
0000002300,0000002055,1,2023-02-24 20:59:20
0000002301,0000002056,1,2020-07-08 01:01:09
0000002302,0000002057,1,2026-09-04 18:32:51
0000002303,0000002058,1,2015-12-02 18:16:40
0000002304,0000002059,1,2017-01-08 15:56:43
0000002305,0000002060,1,2019-05-31 01:19:04
0000002306,0000002061,1,2016-09-28 23:48:57
0000002307,0000002062,1,2016-10-20 01:13:38
0000002308,0000002063,1,2017-02-19 20:39:22
0000002309,0000002064,1,2016-11-25 04:59:05
0000002310,0000002065,1,2016-11-24 17:00:48
0000002311,0000002066,1,2017-08-30 04:48:47
0000002312,0000002067,1,2026-06-18 13:43:31
0000002313,0000002068,1,2021-10-20 16:43:13
0000002314,0000002069,1,2021-07-31 01:10:34
0000002315,0000002070,1,2017-07-01 06:21:59
0000002316,0000002071,1,2017-11-19 23:40:17
0000002317,0000002072,1,2017-12-04 11:19:18
0000002318,0000002073,1,2025-04-03 09:50:10
0000002319,0000002074,1,2024-09-06 07:05:08
0000002320,0000002075,1,2019-11-10 23:53:14
0000002321,0000002076,1,2016-12-06 09:09:53
0000002322,0000002077,1,2026-07-25 12:55:50
0000002323,0000002078,1,2017-07-25 17:15:47
0000002324,0000002079,1,2024-02-07 14:48:27
0000002325,0000002080,1,2023-05-19 17:37:04
0000002326,0000002081,1,2020-06-25 07:06:33
0000002327,0000002082,1,2021-07-09 06:54:52
0000002328,0000002083,1,2023-04-29 16:07:28
0000002329,0000002084,1,2019-01-25 07:01:35
0000002330,0000002085,1,2020-07-25 03:01:17
0000002331,0000002086,1,2021-03-29 20:39:50
0000002332,0000002087,1,2024-03-09 11:12:50
0000002333,0000002088,1,2020-05-15 12:13:19
0000002334,0000002089,1,2022-06-10 17:26:38
0000002335,0000002090,1,2024-11-10 10:09:33
0000002336,0000002091,1,2025-11-21 01:53:38
0000002337,0000002092,1,2021-08-25 23:44:17
0000002338,0000002093,1,2020-04-27 17:35:59
0000002339,0000002094,1,2020-04-02 12:29:33
0000002340,0000002094,2,2020-04-02 12:29:41
0000002341,0000002095,1,2023-10-24 11:40:27
0000002342,0000002096,1,2024-10-24 05:17:59
0000002343,0000002096,2,2024-10-24 05:18:00
0000002344,0000002097,1,2024-07-22 00:21:34
0000002345,0000002098,1,2019-02-28 20:52:33
0000002346,0000002099,1,2024-07-09 16:51:37
0000002347,0000002100,1,2017-09-30 02:41:13
0000002348,0000002101,1,2020-07-11 04:39:20
0000002349,0000002102,1,2017-08-06 14:56:43
0000002350,0000002103,1,2017-03-20 09:43:03
0000002351,0000002104,1,2017-03-01 04:52:07
0000002352,0000002105,1,2025-02-25 21:42:23
0000002353,0000002106,1,2021-01-03 02:41:37
0000002354,0000002107,1,2021-01-03 10:25:34
0000002355,0000002108,1,2017-02-11 14:38:39
0000002356,0000002109,1,2025-03-28 09:08:48
0000002357,0000002110,1,2018-10-02 17:55:32
0000002358,0000002111,1,2017-10-18 18:13:46
0000002359,0000002112,1,2020-10-04 05:35:30
0000002360,0000002113,1,2023-03-06 06:21:12
0000002361,0000002114,1,2024-11-14 23:49:12
0000002362,0000002115,1,2016-08-08 04:45:49
0000002363,0000002116,1,2022-10-21 22:46:25
0000002364,0000002117,1,2019-05-13 08:46:22
0000002365,0000002118,1,2023-09-01 22:03:42
0000002366,0000002119,1,2025-03-07 23:06:08
0000002367,0000002119,2,2025-03-07 23:06:24
0000002368,0000002120,1,2017-09-20 05:41:13
0000002369,0000002121,1,2017-09-17 19:50:41
0000002370,0000002122,1,2023-09-01 02:18:53
0000002371,0000002123,1,2017-10-08 04:23:20
0000002372,0000002124,1,2021-04-09 09:45:00
0000002373,0000002125,1,2018-09-15 04:16:28
0000002374,0000002126,1,2018-11-05 05:02:56
0000002375,0000002127,1,2025-03-02 23:29:48
0000002376,0000002128,1,2017-12-13 06:22:37
0000002377,0000002129,1,2020-05-20 00:05:59
0000002378,0000002129,2,2020-05-20 00:05:38
0000002379,0000002130,1,2019-05-01 12:00:43
0000002380,0000002131,1,2018-03-11 04:55:38
0000002381,0000002132,1,2016-11-20 02:55:09
0000002382,0000002133,1,2018-12-15 16:39:56
0000002383,0000002134,1,2017-01-09 23:04:01
0000002384,0000002135,1,2018-07-08 03:09:16
0000002385,0000002135,2,2018-07-08 03:07:38
0000002386,0000002136,1,2020-07-20 19:44:47
0000002387,0000002137,1,2020-10-27 15:11:02
0000002388,0000002138,1,2018-11-27 07:35:32
0000002389,0000002139,1,2026-02-04 23:56:03
0000002390,0000002140,1,2016-07-20 08:52:39
0000002391,0000002140,2,2016-07-20 08:52:52
0000002392,0000002141,1,2017-06-30 02:43:10
0000002393,0000002142,1,2018-09-19 03:06:16
0000002394,0000002143,1,2019-03-25 04:05:56
0000002395,0000002144,1,2019-02-19 16:34:19
0000002396,0000002145,1,2022-06-02 15:23:45
0000002397,0000002146,1,2018-10-04 08:11:19
0000002398,0000002147,1,2022-12-18 02:47:30
0000002399,0000002148,1,2020-02-03 22:14:29
0000002400,0000002149,1,2020-03-08 20:19:55
0000002401,0000002150,1,2021-05-16 13:59:43
0000002402,0000002151,1,2019-10-18 18:43:58
0000002403,0000002152,1,2018-12-01 05:08:04
0000002404,0000002152,2,2018-12-01 05:08:01
0000002405,0000002153,1,2020-12-28 02:49:14
0000002406,0000002154,1,2020-07-06 12:01:03
0000002407,0000002155,1,2018-10-21 03:08:58
0000002408,0000002156,1,2024-11-23 14:57:41
0000002409,0000002157,1,2025-01-04 16:10:45
0000002410,0000002158,1,2019-06-11 21:21:44
0000002411,0000002159,1,2025-05-14 16:15:43
0000002412,0000002159,2,2025-05-14 16:17:24
0000002413,0000002160,1,2021-06-20 23:25:54
0000002414,0000002161,1,2016-09-25 08:49:03
0000002415,0000002162,1,2017-08-08 02:20:24
0000002416,0000002163,1,2022-03-18 23:54:41
0000002417,0000002164,1,2023-08-08 06:03:20
0000002418,0000002165,1,2026-09-28 12:10:36
0000002419,0000002165,2,2026-09-28 12:10:47
0000002420,0000002166,1,2023-01-23 11:20:37
0000002421,0000002167,1,2025-12-28 16:19:57
0000002422,0000002168,1,2015-12-29 05:58:39
0000002423,0000002169,1,2015-05-07 17:18:09
0000002424,0000002170,1,2015-11-02 02:08:40
0000002425,0000002171,1,2026-08-03 08:45:47
0000002426,0000002171,2,2026-08-03 08:44:37
0000002427,0000002172,1,2020-10-26 17:26:12
0000002428,0000002173,1,2022-10-07 04:08:13
0000002429,0000002174,1,2021-08-11 05:48:46
0000002430,0000002175,1,2021-10-10 19:46:06
0000002431,0000002176,1,2015-05-02 07:16:13
0000002432,0000002177,1,2018-10-08 09:29:25
0000002433,0000002178,1,2021-03-17 16:07:55
0000002434,0000002178,2,2021-03-17 16:08:59
0000002435,0000002179,1,2025-03-01 10:18:47
0000002436,0000002180,1,2022-11-14 21:39:19
0000002437,0000002181,1,2018-07-14 18:41:06
0000002438,0000002182,1,2018-06-12 23:36:35
0000002439,0000002183,1,2024-02-20 05:37:49
0000002440,0000002184,1,2019-02-23 17:50:51
0000002441,0000002185,1,2019-05-10 14:47:29
0000002442,0000002186,1,2019-10-08 11:04:46
0000002443,0000002187,1,2016-05-01 00:19:51
0000002444,0000002188,1,2019-07-15 21:20:59
0000002445,0000002189,1,2017-04-12 12:54:31
0000002446,0000002190,1,2017-06-03 07:32:30
0000002447,0000002191,1,2019-10-23 10:56:23
0000002448,0000002192,1,2019-05-29 19:32:55
0000002449,0000002193,1,2020-10-27 06:48:39
0000002450,0000002194,1,2017-05-31 21:52:46
0000002451,0000002194,2,2017-05-31 21:52:21
0000002452,0000002195,1,2018-12-18 11:07:46
0000002453,0000002196,1,2021-05-21 04:22:46
0000002454,0000002197,1,2022-07-13 22:39:35
0000002455,0000002198,1,2023-06-01 03:56:59
0000002456,0000002198,2,2023-06-01 03:57:25
0000002457,0000002199,1,2022-09-02 16:42:22
0000002458,0000002200,1,2018-01-06 02:10:16
0000002459,0000002201,1,2017-11-06 00:10:35
0000002460,0000002202,1,2018-09-02 18:24:59
0000002461,0000002202,2,2018-09-02 18:26:25
0000002462,0000002203,1,2018-01-13 02:31:27
0000002463,0000002204,1,2021-01-03 09:31:20
0000002464,0000002205,1,2019-06-15 17:13:22
0000002465,0000002206,1,2017-02-24 17:11:44
0000002466,0000002207,1,2017-05-25 03:35:30
0000002467,0000002208,1,2019-11-19 09:28:21
0000002468,0000002209,1,2018-12-11 05:03:18
0000002469,0000002210,1,2026-07-29 08:05:15
0000002470,0000002211,1,2026-02-20 16:55:34
0000002471,0000002212,1,2019-09-27 21:36:11
0000002472,0000002212,2,2019-09-27 21:35:20
0000002473,0000002213,1,2025-01-15 08:27:14
0000002474,0000002214,1,2023-06-14 15:33:02
0000002475,0000002215,1,2024-12-11 11:30:13
0000002476,0000002216,1,2019-08-25 01:05:29
0000002477,0000002217,1,2021-05-24 06:03:46
0000002478,0000002218,1,2022-05-30 12:44:15
0000002479,0000002219,1,2022-07-11 14:28:54
0000002480,0000002220,1,2017-08-17 12:33:35
0000002481,0000002221,1,2022-09-04 05:44:22
0000002482,0000002221,2,2022-09-04 05:44:38
0000002483,0000002222,1,2020-03-06 17:55:34
0000002484,0000002223,1,2016-12-14 18:51:03
0000002485,0000002224,1,2021-01-05 03:06:21
0000002486,0000002225,1,2026-07-01 19:46:00
0000002487,0000002225,2,2026-07-01 19:45:57
0000002488,0000002226,1,2020-09-01 16:55:45
0000002489,0000002227,1,2026-02-28 09:37:51
0000002490,0000002228,1,2016-01-25 09:11:08
0000002491,0000002229,1,2024-09-02 23:09:22
0000002492,0000002230,1,2022-01-03 03:20:28
0000002493,0000002231,1,2020-12-20 01:07:52
0000002494,0000002232,1,2019-01-11 17:47:29
0000002495,0000002232,2,2019-01-11 17:47:59
0000002496,0000002233,1,2024-07-06 00:13:56
0000002497,0000002234,1,2026-06-12 17:47:01
0000002498,0000002235,1,2021-01-05 15:01:44
0000002499,0000002236,1,2023-06-08 16:24:22
0000002500,0000002237,1,2024-07-13 10:01:49
0000002501,0000002237,2,2024-07-13 10:01:48
0000002502,0000002238,1,2020-04-07 21:53:13
0000002503,0000002239,1,2022-04-17 02:59:23
0000002504,0000002240,1,2019-01-22 13:57:33
0000002505,0000002241,1,2024-01-16 20:20:39
0000002506,0000002242,1,2021-09-13 09:32:24
0000002507,0000002243,1,2024-08-01 04:07:32
0000002508,0000002244,1,2025-10-25 09:50:39
0000002509,0000002245,1,2019-07-15 11:03:36
0000002510,0000002246,1,2024-09-19 07:18:07
0000002511,0000002246,2,2024-09-19 07:19:25
0000002512,0000002247,1,2023-04-08 11:44:15
0000002513,0000002248,1,2026-04-11 00:44:20
0000002514,0000002249,1,2019-10-17 02:23:46
0000002515,0000002250,1,2018-11-02 10:48:16
0000002516,0000002251,1,2022-08-09 15:47:03
0000002517,0000002252,1,2024-07-15 19:36:18
0000002518,0000002253,1,2019-05-16 09:25:22
0000002519,0000002254,1,2023-06-16 07:17:17
0000002520,0000002255,1,2024-08-24 00:18:09
0000002521,0000002256,1,2024-07-23 21:42:55
0000002522,0000002257,1,2025-10-01 00:27:29
0000002523,0000002258,1,2024-10-13 08:42:09
0000002524,0000002258,2,2024-10-13 08:41:12
0000002525,0000002259,1,2022-11-13 16:11:41
0000002526,0000002260,1,2018-02-15 06:23:47
0000002527,0000002261,1,2021-03-25 05:21:31
0000002528,0000002262,1,2020-01-20 10:14:35
0000002529,0000002262,2,2020-01-20 10:13:23
0000002530,0000002263,1,2015-11-09 17:34:44
0000002531,0000002264,1,2020-11-05 23:49:19
0000002532,0000002264,2,2020-11-05 23:49:32
0000002533,0000002265,1,2025-06-24 20:00:37
0000002534,0000002266,1,2024-06-21 11:43:19
0000002535,0000002267,1,2022-08-11 06:20:44
0000002536,0000002267,2,2022-08-11 06:20:23
0000002537,0000002268,1,2021-07-15 00:05:58
0000002538,0000002269,1,2021-12-14 14:33:34
0000002539,0000002270,1,2020-04-13 15:43:57
0000002540,0000002271,1,2016-05-24 20:33:19
0000002541,0000002272,1,2021-07-01 02:48:12
0000002542,0000002273,1,2020-03-21 18:55:44
0000002543,0000002274,1,2020-05-09 16:35:21
0000002544,0000002275,1,2018-08-26 11:46:23
0000002545,0000002276,1,2021-08-28 06:15:12
0000002546,0000002277,1,2022-10-09 19:24:33
0000002547,0000002278,1,2018-11-06 03:59:40
0000002548,0000002279,1,2023-05-05 03:47:32
0000002549,0000002280,1,2024-01-06 23:02:32
0000002550,0000002281,1,2024-03-24 01:55:09
0000002551,0000002282,1,2025-04-08 09:00:05
0000002552,0000002282,2,2025-04-08 08:59:18
0000002553,0000002283,1,2023-04-09 04:28:42
0000002554,0000002284,1,2018-12-11 07:41:21
0000002555,0000002285,1,2016-12-28 19:39:03
0000002556,0000002286,1,2017-12-11 01:03:53
0000002557,0000002287,1,2018-01-14 07:49:33
0000002558,0000002287,2,2018-01-14 07:50:10
0000002559,0000002288,1,2017-02-22 20:18:40
0000002560,0000002288,2,2017-02-22 20:19:19
0000002561,0000002289,1,2016-09-10 14:41:25
0000002562,0000002289,2,2016-09-10 14:42:12
0000002563,0000002290,1,2017-01-06 12:53:44
0000002564,0000002291,1,2016-07-13 03:08:24
0000002565,0000002292,1,2018-10-15 08:46:31
0000002566,0000002293,1,2021-09-12 22:09:42
0000002567,0000002294,1,2025-02-22 17:32:37
0000002568,0000002295,1,2021-08-21 02:57:35
0000002569,0000002296,1,2020-12-12 22:16:08
0000002570,0000002296,2,2020-12-12 22:16:24
0000002571,0000002297,1,2017-06-27 21:05:31
0000002572,0000002297,2,2017-06-27 21:05:09
0000002573,0000002298,1,2018-02-15 01:49:20
0000002574,0000002299,1,2017-02-15 20:31:52
0000002575,0000002299,2,2017-02-15 20:30:55
0000002576,0000002300,1,2020-06-08 22:53:06
0000002577,0000002301,1,2016-07-18 02:11:57
0000002578,0000002302,1,2019-01-13 20:01:21
0000002579,0000002303,1,2022-06-01 18:53:49
0000002580,0000002304,1,2021-06-11 12:28:57
0000002581,0000002305,1,2019-12-13 07:32:40
0000002582,0000002306,1,2017-05-25 06:50:30
0000002583,0000002307,1,2016-01-13 11:07:58
0000002584,0000002308,1,2022-04-13 02:04:39
0000002585,0000002309,1,2025-12-25 19:49:32
0000002586,0000002310,1,2023-04-08 20:40:17
0000002587,0000002310,2,2023-04-08 20:40:01
0000002588,0000002311,1,2017-02-04 01:06:33
0000002589,0000002312,1,2016-09-20 22:27:25
0000002590,0000002313,1,2025-06-24 18:20:17
0000002591,0000002314,1,2018-05-20 01:31:03
0000002592,0000002315,1,2022-04-19 12:19:54
0000002593,0000002315,2,2022-04-19 12:19:56
0000002594,0000002316,1,2024-03-23 05:09:35
0000002595,0000002317,1,2023-04-30 00:09:36
0000002596,0000002318,1,2017-12-17 04:00:42
0000002597,0000002319,1,2017-09-07 13:45:10
0000002598,0000002320,1,2019-10-20 00:03:53
0000002599,0000002321,1,2021-05-17 06:26:58
0000002600,0000002322,1,2023-08-26 23:59:57
0000002601,0000002323,1,2023-06-02 19:00:36
0000002602,0000002324,1,2019-06-03 07:43:47
0000002603,0000002325,1,2020-02-23 06:11:24
0000002604,0000002326,1,2024-11-29 02:09:39
0000002605,0000002327,1,2026-02-28 17:12:19
0000002606,0000002328,1,2024-06-10 13:22:10
0000002607,0000002329,1,2021-10-21 15:10:54
0000002608,0000002330,1,2018-01-10 17:24:19
0000002609,0000002331,1,2017-05-22 18:11:45
0000002610,0000002332,1,2017-06-03 22:01:09
0000002611,0000002333,1,2019-08-07 03:58:44
0000002612,0000002334,1,2019-10-06 14:00:26
0000002613,0000002335,1,2018-08-25 09:26:03
0000002614,0000002336,1,2025-01-02 06:20:48
0000002615,0000002337,1,2024-02-22 16:58:40
0000002616,0000002338,1,2021-06-05 15:58:51
0000002617,0000002339,1,2026-05-25 22:27:04
0000002618,0000002340,1,2017-12-17 16:12:51
0000002619,0000002341,1,2021-08-24 23:25:10
0000002620,0000002342,1,2021-04-06 16:13:11
0000002621,0000002343,1,2017-09-09 12:25:26
0000002622,0000002344,1,2024-09-26 06:11:32
0000002623,0000002345,1,2016-09-19 16:24:17
0000002624,0000002346,1,2022-04-08 03:11:50
0000002625,0000002347,1,2018-06-19 07:09:01
0000002626,0000002348,1,2023-09-03 12:35:20
0000002627,0000002349,1,2022-09-17 00:11:48
0000002628,0000002350,1,2018-04-29 19:04:51
0000002629,0000002351,1,2019-11-25 00:38:30
0000002630,0000002352,1,2021-11-02 12:58:09
0000002631,0000002353,1,2026-02-17 04:30:43
0000002632,0000002354,1,2020-08-04 07:43:03
0000002633,0000002355,1,2019-04-05 01:50:58
0000002634,0000002355,2,2019-04-05 01:50:58
0000002635,0000002356,1,2024-09-26 14:46:46
0000002636,0000002357,1,2018-08-27 05:42:53
0000002637,0000002358,1,2022-03-07 19:28:45
0000002638,0000002359,1,2016-09-05 15:50:28
0000002639,0000002360,1,2022-03-24 07:03:44
0000002640,0000002361,1,2019-02-09 04:25:04
0000002641,0000002362,1,2024-03-20 14:25:47
0000002642,0000002363,1,2022-03-17 22:21:04
0000002643,0000002364,1,2021-09-06 13:09:02
0000002644,0000002365,1,2022-04-24 22:26:04
0000002645,0000002366,1,2022-01-01 01:01:36
0000002646,0000002366,2,2022-01-01 01:02:19
0000002647,0000002367,1,2024-05-15 07:37:01
0000002648,0000002368,1,2025-09-21 12:01:19
0000002649,0000002369,1,2022-02-25 11:21:33
0000002650,0000002370,1,2024-11-27 04:12:44
0000002651,0000002371,1,2023-11-01 08:52:47
0000002652,0000002372,1,2020-06-02 14:53:26
0000002653,0000002373,1,2025-09-03 16:28:08
0000002654,0000002374,1,2020-07-14 04:46:42
0000002655,0000002375,1,2025-11-16 11:26:52
0000002656,0000002376,1,2019-08-03 17:09:07
0000002657,0000002377,1,2024-06-25 15:08:33
0000002658,0000002377,2,2024-06-25 15:08:47
0000002659,0000002378,1,2023-02-01 06:54:50
0000002660,0000002379,1,2026-04-17 00:01:46
0000002661,0000002380,1,2026-04-03 11:41:52
0000002662,0000002381,1,2025-07-27 17:11:42
0000002663,0000002382,1,2017-12-24 17:16:45
0000002664,0000002383,1,2024-02-19 17:01:29
0000002665,0000002383,2,2024-02-19 17:00:41
0000002666,0000002384,1,2026-02-15 05:10:04
0000002667,0000002384,2,2026-02-15 05:09:49
0000002668,0000002385,1,2021-02-25 08:50:01
0000002669,0000002386,1,2026-05-27 01:35:10
0000002670,0000002386,2,2026-05-27 01:34:18
0000002671,0000002387,1,2018-03-09 19:57:39
0000002672,0000002388,1,2016-08-25 04:20:04
0000002673,0000002389,1,2024-12-16 14:26:11
0000002674,0000002390,1,2020-10-16 13:18:23
0000002675,0000002391,1,2017-11-11 21:07:06
0000002676,0000002392,1,2016-04-28 23:43:17
0000002677,0000002393,1,2017-09-15 04:15:06
0000002678,0000002394,1,2016-09-25 01:50:04
0000002679,0000002395,1,2016-12-12 09:16:32
0000002680,0000002396,1,2018-07-20 00:24:47
0000002681,0000002397,1,2016-09-29 00:05:54
0000002682,0000002397,2,2016-09-29 00:05:29
0000002683,0000002398,1,2015-10-03 10:10:15
0000002684,0000002399,1,2017-11-17 15:00:00
0000002685,0000002400,1,2016-12-12 15:40:56
0000002686,0000002401,1,2015-12-16 06:31:03
0000002687,0000002402,1,2018-04-27 18:26:01
0000002688,0000002403,1,2022-02-15 00:06:18
0000002689,0000002404,1,2021-01-17 11:16:26
0000002690,0000002405,1,2019-08-04 13:46:01
0000002691,0000002406,1,2023-03-22 15:07:46
0000002692,0000002407,1,2021-09-13 03:07:26
0000002693,0000002407,2,2021-09-13 03:06:15
0000002694,0000002408,1,2022-05-07 18:10:26
0000002695,0000002409,1,2017-03-22 01:20:14
0000002696,0000002410,1,2017-09-24 17:28:22
0000002697,0000002411,1,2022-05-24 23:21:34
0000002698,0000002412,1,2016-10-13 00:02:50
0000002699,0000002413,1,2022-09-11 03:42:33
0000002700,0000002414,1,2018-09-22 14:28:50
0000002701,0000002415,1,2017-02-04 21:55:25
0000002702,0000002416,1,2017-01-30 01:43:15
0000002703,0000002417,1,2019-01-29 09:57:13
0000002704,0000002417,2,2019-01-29 09:56:52
0000002705,0000002418,1,2021-04-17 23:14:53
0000002706,0000002419,1,2017-12-01 07:36:55
0000002707,0000002420,1,2024-07-24 12:31:06
0000002708,0000002421,1,2024-08-26 22:30:04
0000002709,0000002421,2,2024-08-26 22:29:37
0000002710,0000002422,1,2026-08-06 03:36:55
0000002711,0000002423,1,2024-04-06 15:54:52
0000002712,0000002424,1,2020-03-20 21:37:45
0000002713,0000002425,1,2018-03-27 09:53:30
0000002714,0000002426,1,2024-07-16 11:30:01
0000002715,0000002427,1,2026-08-05 18:47:16
0000002716,0000002428,1,2025-01-09 00:04:51
0000002717,0000002429,1,2018-08-15 05:10:34
0000002718,0000002430,1,2018-08-24 09:50:59
0000002719,0000002431,1,2018-06-21 13:10:57
0000002720,0000002432,1,2018-06-20 11:33:14
0000002721,0000002433,1,2018-06-02 12:26:03
0000002722,0000002434,1,2015-12-27 06:31:15
0000002723,0000002435,1,2015-01-28 05:38:07
0000002724,0000002436,1,2020-09-26 21:50:07
0000002725,0000002437,1,2018-12-21 01:19:57
0000002726,0000002437,2,2018-12-21 01:21:30
0000002727,0000002438,1,2018-09-15 20:00:59
0000002728,0000002439,1,2019-05-06 07:48:41
0000002729,0000002440,1,2024-07-13 18:40:34
0000002730,0000002441,1,2020-03-27 08:33:19
0000002731,0000002442,1,2023-03-02 07:13:30
0000002732,0000002443,1,2022-04-09 13:54:05
0000002733,0000002443,2,2022-04-09 13:53:41
0000002734,0000002444,1,2020-02-03 10:48:57
0000002735,0000002445,1,2018-08-18 20:24:36
0000002736,0000002446,1,2021-06-12 20:14:48
0000002737,0000002446,2,2021-06-12 20:13:11
0000002738,0000002447,1,2021-06-08 22:56:13
0000002739,0000002448,1,2025-12-21 17:10:25
0000002740,0000002449,1,2018-04-10 00:51:28
0000002741,0000002450,1,2019-11-11 13:52:33
0000002742,0000002451,1,2021-08-13 07:01:28
0000002743,0000002452,1,2021-01-19 17:58:45
0000002744,0000002453,1,2018-10-06 09:06:46
0000002745,0000002454,1,2018-10-05 20:05:21
0000002746,0000002455,1,2023-02-09 19:18:20
0000002747,0000002456,1,2019-03-12 15:54:18
0000002748,0000002457,1,2021-04-07 11:13:32
0000002749,0000002457,2,2021-04-07 11:15:08
0000002750,0000002458,1,2019-11-05 11:25:03
0000002751,0000002459,1,2019-02-19 02:05:30
0000002752,0000002460,1,2017-11-14 00:56:50
0000002753,0000002461,1,2018-11-07 16:41:56
0000002754,0000002462,1,2026-05-25 08:03:47
0000002755,0000002463,1,2019-05-29 02:23:33
0000002756,0000002463,2,2019-05-29 02:22:53
0000002757,0000002464,1,2024-01-09 16:25:03
0000002758,0000002465,1,2019-08-19 22:49:54
0000002759,0000002465,2,2019-08-19 22:50:13
0000002760,0000002466,1,2019-06-01 22:33:06
0000002761,0000002466,2,2019-06-01 22:34:17
0000002762,0000002467,1,2020-04-29 07:12:09
0000002763,0000002468,1,2025-06-21 07:38:51
0000002764,0000002469,1,2019-02-03 11:39:03
0000002765,0000002470,1,2018-12-03 01:48:27
0000002766,0000002471,1,2020-08-03 11:26:59
0000002767,0000002471,2,2020-08-03 11:25:40
0000002768,0000002472,1,2023-02-18 19:33:41
0000002769,0000002473,1,2023-01-20 04:39:24
0000002770,0000002474,1,2026-05-20 06:42:55
0000002771,0000002475,1,2020-01-10 15:34:47
0000002772,0000002476,1,2022-02-19 17:22:03
0000002773,0000002477,1,2016-07-18 06:21:09
0000002774,0000002478,1,2020-01-07 10:44:28
0000002775,0000002479,1,2023-05-29 16:22:51
0000002776,0000002480,1,2019-12-15 01:23:46
0000002777,0000002481,1,2024-06-12 16:50:52
0000002778,0000002482,1,2020-01-11 00:51:07
0000002779,0000002482,2,2020-01-11 00:51:46
0000002780,0000002483,1,2024-09-18 18:45:07
0000002781,0000002484,1,2024-04-20 12:22:38
0000002782,0000002485,1,2021-01-13 05:53:27
0000002783,0000002485,2,2021-01-13 05:53:03
0000002784,0000002486,1,2025-01-17 18:51:22
0000002785,0000002487,1,2020-11-01 09:55:45
0000002786,0000002488,1,2024-09-11 06:03:42
0000002787,0000002489,1,2021-12-10 08:55:44
0000002788,0000002490,1,2018-10-30 16:02:32
0000002789,0000002491,1,2025-04-14 02:17:49
0000002790,0000002492,1,2019-01-31 12:35:02
0000002791,0000002493,1,2026-05-28 19:41:53
0000002792,0000002494,1,2024-04-03 09:53:16
0000002793,0000002495,1,2021-11-23 02:49:06
0000002794,0000002496,1,2019-01-03 13:16:12
0000002795,0000002496,2,2019-01-03 13:15:55
0000002796,0000002497,1,2024-07-05 18:41:10
0000002797,0000002498,1,2021-02-11 16:26:31
0000002798,0000002499,1,2024-07-21 12:37:06
0000002799,0000002500,1,2024-05-24 02:58:07
0000002800,0000002501,1,2025-03-30 13:23:17
0000002801,0000002502,1,2023-06-10 02:49:16
0000002802,0000002503,1,2026-07-17 19:11:09
0000002803,0000002504,1,2018-08-14 11:04:45
0000002804,0000002505,1,2021-04-14 17:24:29
0000002805,0000002506,1,2016-12-18 20:48:26
0000002806,0000002506,2,2016-12-18 20:47:16
0000002807,0000002507,1,2021-01-12 12:05:42
0000002808,0000002508,1,2017-05-07 04:51:40
0000002809,0000002509,1,2015-08-27 11:31:11
0000002810,0000002510,1,2021-08-27 10:03:16
0000002811,0000002510,2,2021-08-27 10:04:14
0000002812,0000002511,1,2016-04-07 20:43:46
0000002813,0000002512,1,2024-03-09 20:12:20
0000002814,0000002513,1,2020-09-03 03:58:26
0000002815,0000002514,1,2018-04-12 18:51:50
0000002816,0000002514,2,2018-04-12 18:51:17
0000002817,0000002515,1,2019-03-29 16:27:44
0000002818,0000002516,1,2016-02-27 07:02:52
0000002819,0000002517,1,2016-05-19 19:48:28
0000002820,0000002518,1,2020-08-02 10:17:21
0000002821,0000002519,1,2024-12-03 11:37:48
0000002822,0000002520,1,2016-12-26 13:13:40
0000002823,0000002521,1,2026-03-16 12:25:59
0000002824,0000002522,1,2023-08-21 11:12:56
0000002825,0000002523,1,2024-02-10 02:49:45
0000002826,0000002524,1,2025-01-22 21:16:08
0000002827,0000002525,1,2017-12-20 15:22:45
0000002828,0000002525,2,2017-12-20 15:22:41
0000002829,0000002526,1,2017-05-15 14:49:34
0000002830,0000002527,1,2016-03-23 12:51:04
0000002831,0000002528,1,2020-04-10 13:12:40
0000002832,0000002529,1,2022-07-30 13:17:51
0000002833,0000002530,1,2020-07-22 13:06:22
0000002834,0000002531,1,2022-06-09 12:27:57
0000002835,0000002532,1,2021-08-21 01:23:10
0000002836,0000002533,1,2017-08-04 17:57:00
0000002837,0000002534,1,2017-05-05 07:30:14
0000002838,0000002535,1,2020-10-13 09:41:45
0000002839,0000002536,1,2016-05-10 16:34:25
0000002840,0000002537,1,2024-09-22 21:28:41
0000002841,0000002538,1,2023-12-16 14:44:12
0000002842,0000002539,1,2021-08-27 21:09:29
0000002843,0000002540,1,2025-03-14 13:13:41
0000002844,0000002541,1,2021-11-10 11:25:23
0000002845,0000002542,1,2021-07-31 23:40:29
0000002846,0000002543,1,2018-11-16 00:38:31
0000002847,0000002544,1,2023-10-07 19:27:53
0000002848,0000002545,1,2021-04-27 04:54:51
0000002849,0000002546,1,2016-07-07 15:37:26
0000002850,0000002547,1,2019-09-24 17:49:40
0000002851,0000002548,1,2020-04-16 01:19:15
0000002852,0000002549,1,2022-07-06 22:30:39
0000002853,0000002550,1,2026-03-08 07:42:11
0000002854,0000002551,1,2023-02-19 01:57:12
0000002855,0000002552,1,2021-11-30 20:35:51
0000002856,0000002553,1,2026-05-03 15:26:05
0000002857,0000002554,1,2021-05-18 05:21:23
0000002858,0000002555,1,2020-03-10 00:02:48
0000002859,0000002556,1,2021-08-02 17:41:12
0000002860,0000002557,1,2021-11-22 08:40:56
0000002861,0000002558,1,2020-11-19 20:23:02
0000002862,0000002559,1,2023-12-11 04:05:48
0000002863,0000002560,1,2025-02-11 21:16:47
0000002864,0000002561,1,2020-03-03 15:12:15
0000002865,0000002561,2,2020-03-03 15:13:41
0000002866,0000002562,1,2025-10-06 08:50:34
0000002867,0000002563,1,2017-06-29 09:45:48
0000002868,0000002564,1,2021-05-08 10:10:59
0000002869,0000002565,1,2017-08-06 08:16:59
0000002870,0000002566,1,2022-10-12 17:13:25
0000002871,0000002567,1,2020-01-19 05:15:37
0000002872,0000002567,2,2020-01-19 05:17:05
0000002873,0000002568,1,2021-09-15 04:45:13
0000002874,0000002569,1,2023-02-26 19:28:13
0000002875,0000002570,1,2026-07-13 02:51:37
0000002876,0000002571,1,2024-07-30 18:38:29
0000002877,0000002572,1,2024-04-15 14:58:17
0000002878,0000002573,1,2018-02-01 09:44:34
0000002879,0000002574,1,2019-10-15 12:00:14
0000002880,0000002575,1,2019-07-29 17:28:10
0000002881,0000002575,2,2019-07-29 17:28:04
0000002882,0000002576,1,2026-07-31 19:24:24
0000002883,0000002577,1,2021-08-28 13:54:32
0000002884,0000002577,2,2021-08-28 13:55:17
0000002885,0000002578,1,2026-06-16 22:41:12
0000002886,0000002579,1,2019-12-11 07:34:55
0000002887,0000002580,1,2020-05-22 12:22:53
0000002888,0000002581,1,2020-02-27 04:56:58
0000002889,0000002582,1,2018-08-31 18:45:40
0000002890,0000002583,1,2019-02-04 02:57:36
0000002891,0000002584,1,2025-11-23 01:51:53
0000002892,0000002584,2,2025-11-23 01:52:03
0000002893,0000002585,1,2025-03-24 17:10:47
0000002894,0000002586,1,2020-10-04 01:27:08
0000002895,0000002586,2,2020-10-04 01:27:18
0000002896,0000002587,1,2017-05-13 05:08:44
0000002897,0000002588,1,2020-03-19 17:30:46
0000002898,0000002589,1,2019-11-12 07:06:51
0000002899,0000002590,1,2020-06-24 17:59:15
0000002900,0000002591,1,2020-12-27 18:14:33
0000002901,0000002592,1,2025-02-06 21:24:10
0000002902,0000002593,1,2024-12-12 14:00:35
0000002903,0000002594,1,2019-04-10 20:22:18
0000002904,0000002595,1,2018-11-20 19:07:48
0000002905,0000002596,1,2025-09-15 12:19:52
0000002906,0000002597,1,2023-05-10 16:46:02
0000002907,0000002598,1,2023-11-18 16:15:43
0000002908,0000002599,1,2021-02-12 07:09:51
0000002909,0000002600,1,2016-04-12 02:09:53
0000002910,0000002601,1,2018-12-05 13:19:46
0000002911,0000002602,1,2026-08-20 05:47:10
0000002912,0000002603,1,2021-04-21 17:29:32
0000002913,0000002604,1,2026-04-18 18:24:14
0000002914,0000002605,1,2023-12-12 13:39:07
0000002915,0000002605,2,2023-12-12 13:38:44
0000002916,0000002606,1,2022-09-29 10:21:40
0000002917,0000002607,1,2021-04-27 23:05:14
0000002918,0000002608,1,2018-10-16 16:28:19
0000002919,0000002609,1,2023-08-05 01:33:55
0000002920,0000002610,1,2023-08-12 20:14:31
0000002921,0000002611,1,2020-05-06 03:10:41
0000002922,0000002612,1,2021-03-06 06:17:46
0000002923,0000002612,2,2021-03-06 06:18:57
0000002924,0000002613,1,2025-09-02 16:29:49
0000002925,0000002614,1,2020-03-04 00:20:49
0000002926,0000002615,1,2018-08-27 10:04:30
0000002927,0000002616,1,2026-06-26 05:57:56
0000002928,0000002617,1,2021-10-04 21:52:05
0000002929,0000002618,1,2018-02-11 08:32:24
0000002930,0000002619,1,2023-12-07 05:44:39
0000002931,0000002620,1,2025-06-17 00:11:19
0000002932,0000002620,2,2025-06-17 00:11:22
0000002933,0000002621,1,2019-02-08 06:57:21
0000002934,0000002622,1,2023-09-26 17:00:47
0000002935,0000002623,1,2015-07-01 20:45:55
0000002936,0000002624,1,2017-01-17 04:22:55
0000002937,0000002625,1,2022-03-08 23:46:22
0000002938,0000002625,2,2022-03-08 23:46:17
0000002939,0000002626,1,2024-08-20 13:25:00
0000002940,0000002627,1,2018-09-22 04:22:43
0000002941,0000002627,2,2018-09-22 04:21:25
0000002942,0000002628,1,2018-12-02 22:05:18
0000002943,0000002629,1,2023-04-13 20:30:42
0000002944,0000002630,1,2023-12-17 22:41:43
0000002945,0000002631,1,2024-12-15 15:35:58
0000002946,0000002632,1,2024-11-19 16:13:31
0000002947,0000002633,1,2019-01-11 21:39:25
0000002948,0000002634,1,2024-03-05 15:07:37
0000002949,0000002634,2,2024-03-05 15:08:25
0000002950,0000002635,1,2023-10-06 10:15:02
0000002951,0000002636,1,2023-07-18 02:22:22
0000002952,0000002637,1,2024-12-16 06:29:01
0000002953,0000002638,1,2023-12-05 21:50:35
0000002954,0000002639,1,2022-08-08 03:53:26
0000002955,0000002640,1,2024-02-27 09:46:12
0000002956,0000002641,1,2018-09-18 03:23:51
0000002957,0000002642,1,2017-02-20 04:12:43
0000002958,0000002643,1,2018-04-29 01:45:34
0000002959,0000002644,1,2021-10-31 07:11:22
0000002960,0000002644,2,2021-10-31 07:11:39
0000002961,0000002645,1,2018-06-17 20:39:07
0000002962,0000002646,1,2022-02-17 08:45:22
0000002963,0000002646,2,2022-02-17 08:44:13
0000002964,0000002647,1,2019-01-12 21:52:52
0000002965,0000002647,2,2019-01-12 21:52:59
0000002966,0000002648,1,2018-02-16 16:06:58
0000002967,0000002649,1,2022-07-03 14:26:44
0000002968,0000002650,1,2022-10-05 01:00:13
0000002969,0000002651,1,2019-07-19 12:43:14
0000002970,0000002652,1,2026-07-24 15:04:19
0000002971,0000002653,1,2016-12-12 15:14:25
0000002972,0000002654,1,2016-08-03 13:59:36
0000002973,0000002654,2,2016-08-03 13:58:02
0000002974,0000002655,1,2025-08-15 06:48:33
0000002975,0000002656,1,2019-07-26 03:38:52
0000002976,0000002656,2,2019-07-26 03:40:04
0000002977,0000002657,1,2018-08-22 06:23:42
0000002978,0000002658,1,2015-10-30 13:18:27
0000002979,0000002659,1,2015-07-24 10:39:22
0000002980,0000002659,2,2015-07-24 10:39:49
0000002981,0000002660,1,2015-06-30 22:40:25
0000002982,0000002661,1,2015-11-08 16:17:02
0000002983,0000002662,1,2015-10-30 06:42:01
0000002984,0000002663,1,2015-03-09 01:43:02
0000002985,0000002664,1,2015-03-19 10:34:17
0000002986,0000002665,1,2015-03-22 16:54:42
0000002987,0000002666,1,2018-09-18 11:34:29
0000002988,0000002667,1,2021-11-18 23:57:55
0000002989,0000002668,1,2022-08-06 04:25:05
0000002990,0000002669,1,2022-03-05 06:10:13
0000002991,0000002670,1,2016-07-17 14:03:32
0000002992,0000002671,1,2020-03-05 07:03:40
0000002993,0000002672,1,2022-08-23 12:43:51
0000002994,0000002673,1,2018-04-24 08:18:15
0000002995,0000002674,1,2015-06-21 12:12:00
0000002996,0000002675,1,2020-01-09 00:55:37
0000002997,0000002676,1,2022-11-12 01:40:48
0000002998,0000002677,1,2019-04-29 03:53:24
0000002999,0000002678,1,2024-06-30 04:33:25
0000003000,0000002679,1,2025-11-02 11:09:08
0000003001,0000002680,1,2023-04-24 06:29:24
0000003002,0000002681,1,2022-12-17 12:22:42
0000003003,0000002682,1,2017-09-28 20:56:14
0000003004,0000002683,1,2022-08-12 21:39:44
0000003005,0000002684,1,2021-08-05 09:28:43
0000003006,0000002685,1,2024-06-24 01:22:05
0000003007,0000002685,2,2024-06-24 01:22:14
0000003008,0000002686,1,2026-05-14 19:12:38
0000003009,0000002687,1,2017-11-08 01:01:34
0000003010,0000002688,1,2024-02-03 08:18:06
0000003011,0000002689,1,2020-01-05 22:18:59
0000003012,0000002690,1,2023-06-25 14:55:21
0000003013,0000002691,1,2023-01-12 02:38:21
0000003014,0000002692,1,2024-04-21 12:24:49
0000003015,0000002692,2,2024-04-21 12:24:02
0000003016,0000002693,1,2018-09-28 10:28:58
0000003017,0000002694,1,2021-11-05 02:05:37
0000003018,0000002695,1,2019-02-24 10:30:01
0000003019,0000002696,1,2019-09-26 02:12:24
0000003020,0000002697,1,2016-11-23 13:46:23
0000003021,0000002698,1,2021-02-26 11:23:50
0000003022,0000002699,1,2019-01-28 23:57:48
0000003023,0000002700,1,2018-11-08 08:16:31
0000003024,0000002701,1,2018-12-11 06:07:33
0000003025,0000002701,2,2018-12-11 06:07:18
0000003026,0000002702,1,2018-11-06 17:38:06
0000003027,0000002703,1,2019-03-02 20:25:42
0000003028,0000002704,1,2018-12-09 20:18:56
0000003029,0000002705,1,2019-03-26 09:54:39
0000003030,0000002706,1,2019-03-27 16:43:04
0000003031,0000002707,1,2017-07-06 06:25:21
0000003032,0000002708,1,2018-11-22 04:22:15
0000003033,0000002709,1,2018-12-30 13:37:42
0000003034,0000002710,1,2018-05-01 15:48:22
0000003035,0000002711,1,2017-01-05 12:06:12
0000003036,0000002712,1,2018-09-26 07:24:21
0000003037,0000002712,2,2018-09-26 07:23:40
0000003038,0000002713,1,2025-06-19 03:17:12
0000003039,0000002714,1,2021-10-29 07:51:37
0000003040,0000002715,1,2025-02-03 14:33:57
0000003041,0000002716,1,2023-05-10 04:01:48
0000003042,0000002717,1,2026-09-29 15:10:56
0000003043,0000002718,1,2019-10-23 18:04:14
0000003044,0000002719,1,2026-08-20 00:34:54
0000003045,0000002720,1,2017-05-24 00:57:12
0000003046,0000002721,1,2025-10-06 02:16:17
0000003047,0000002722,1,2021-11-21 12:47:08
0000003048,0000002723,1,2022-12-03 14:44:53
0000003049,0000002723,2,2022-12-03 14:44:13
0000003050,0000002724,1,2022-08-04 18:07:33
0000003051,0000002725,1,2019-09-11 19:27:30
0000003052,0000002725,2,2019-09-11 19:28:23
0000003053,0000002726,1,2025-11-29 03:23:20
0000003054,0000002727,1,2025-08-08 09:26:45
0000003055,0000002728,1,2021-08-01 16:33:34
0000003056,0000002729,1,2019-04-12 09:20:13
0000003057,0000002730,1,2021-04-01 19:54:03
0000003058,0000002730,2,2021-04-01 19:54:05
0000003059,0000002731,1,2017-10-12 02:00:48
0000003060,0000002732,1,2024-07-04 22:22:01
0000003061,0000002732,2,2024-07-04 22:22:56
0000003062,0000002733,1,2022-02-27 13:49:28
0000003063,0000002734,1,2024-09-07 11:38:43
0000003064,0000002735,1,2018-01-14 19:13:49
0000003065,0000002736,1,2020-04-20 23:48:04
0000003066,0000002737,1,2019-03-26 13:02:26
0000003067,0000002738,1,2023-03-02 13:34:26
0000003068,0000002738,2,2023-03-02 13:33:52
0000003069,0000002739,1,2022-02-21 21:12:16
0000003070,0000002740,1,2024-02-28 18:07:56
0000003071,0000002741,1,2017-11-03 16:47:46
0000003072,0000002742,1,2022-04-30 15:23:22
0000003073,0000002743,1,2020-03-15 17:56:58
0000003074,0000002744,1,2019-05-07 16:26:54
0000003075,0000002745,1,2021-04-11 18:09:08
0000003076,0000002746,1,2019-08-13 05:31:45
0000003077,0000002747,1,2024-07-05 10:06:03
0000003078,0000002748,1,2019-04-07 12:48:05
0000003079,0000002749,1,2022-05-11 21:54:19
0000003080,0000002750,1,2019-09-09 22:24:10
0000003081,0000002751,1,2021-12-30 22:03:08
0000003082,0000002752,1,2018-04-29 11:13:45
0000003083,0000002752,2,2018-04-29 11:13:00
0000003084,0000002753,1,2019-07-19 21:11:58
0000003085,0000002754,1,2024-07-24 21:13:04
0000003086,0000002755,1,2022-02-22 23:58:39
0000003087,0000002755,2,2022-02-22 23:58:28
0000003088,0000002756,1,2024-04-30 11:42:34
0000003089,0000002757,1,2024-10-04 23:49:50
0000003090,0000002758,1,2023-02-23 15:24:46
0000003091,0000002759,1,2018-09-05 07:43:15
0000003092,0000002759,2,2018-09-05 07:43:13
0000003093,0000002760,1,2019-02-02 03:50:37
0000003094,0000002760,2,2019-02-02 03:50:57
0000003095,0000002761,1,2025-07-01 04:36:16
0000003096,0000002762,1,2019-11-28 21:29:30
0000003097,0000002763,1,2024-12-21 21:00:34
0000003098,0000002764,1,2021-09-13 14:30:47
0000003099,0000002765,1,2018-07-18 02:23:11
0000003100,0000002766,1,2019-02-03 08:50:53
0000003101,0000002767,1,2019-11-08 04:59:11
0000003102,0000002768,1,2023-08-01 22:46:40
0000003103,0000002768,2,2023-08-01 22:46:13
0000003104,0000002769,1,2019-08-25 02:05:27
0000003105,0000002770,1,2023-03-10 13:56:49
0000003106,0000002771,1,2023-12-03 20:51:45
0000003107,0000002772,1,2018-10-25 11:13:22
0000003108,0000002773,1,2020-08-23 00:19:58
0000003109,0000002773,2,2020-08-23 00:19:12
0000003110,0000002774,1,2021-05-06 21:33:43
0000003111,0000002775,1,2019-05-22 01:45:12
0000003112,0000002776,1,2019-07-04 08:09:43
0000003113,0000002777,1,2020-10-16 18:26:37
0000003114,0000002778,1,2021-12-03 02:48:27
0000003115,0000002779,1,2017-05-21 20:06:18
0000003116,0000002780,1,2018-03-02 17:57:29
0000003117,0000002781,1,2017-07-05 19:21:08
0000003118,0000002782,1,2018-09-23 16:46:01
0000003119,0000002783,1,2017-10-24 21:35:10
0000003120,0000002784,1,2022-08-22 23:43:29
0000003121,0000002785,1,2025-12-18 22:15:54
0000003122,0000002786,1,2026-07-11 06:35:59
0000003123,0000002787,1,2018-07-18 19:39:49
0000003124,0000002788,1,2024-10-08 05:32:58
0000003125,0000002789,1,2024-04-05 15:54:24
0000003126,0000002790,1,2016-03-10 00:54:30
0000003127,0000002791,1,2016-04-09 15:15:32
0000003128,0000002792,1,2026-02-14 21:23:25
0000003129,0000002793,1,2026-03-08 12:03:11
0000003130,0000002793,2,2026-03-08 12:03:26
0000003131,0000002794,1,2018-06-13 00:40:41
0000003132,0000002795,1,2026-02-03 10:05:25
0000003133,0000002795,2,2026-02-03 10:05:42
0000003134,0000002796,1,2021-01-20 15:24:24
0000003135,0000002797,1,2023-11-22 22:28:37
0000003136,0000002798,1,2015-09-30 22:09:37
0000003137,0000002798,2,2015-09-30 22:09:13
0000003138,0000002799,1,2016-05-08 13:40:31
0000003139,0000002800,1,2016-03-27 13:46:16
0000003140,0000002801,1,2015-09-29 09:53:58
0000003141,0000002802,1,2017-11-28 23:05:00
0000003142,0000002803,1,2018-08-24 09:02:13
0000003143,0000002804,1,2016-05-09 13:39:56
0000003144,0000002805,1,2018-01-01 22:59:39
0000003145,0000002806,1,2016-05-17 16:36:24
0000003146,0000002807,1,2017-01-08 16:58:53
0000003147,0000002808,1,2015-07-01 02:32:29
0000003148,0000002809,1,2016-04-19 05:14:05
0000003149,0000002810,1,2018-08-03 12:01:16
0000003150,0000002811,1,2017-06-22 19:40:55
0000003151,0000002812,1,2018-07-10 07:05:17
0000003152,0000002813,1,2021-04-11 06:40:55
0000003153,0000002814,1,2022-08-17 18:59:57
0000003154,0000002815,1,2024-03-01 20:07:35
0000003155,0000002816,1,2017-08-13 15:50:12
0000003156,0000002817,1,2019-02-04 20:52:07
0000003157,0000002818,1,2024-02-17 10:05:14
0000003158,0000002819,1,2017-02-03 18:05:24
0000003159,0000002819,2,2017-02-03 18:06:17
0000003160,0000002820,1,2021-10-16 18:31:40
0000003161,0000002820,2,2021-10-16 18:32:35
0000003162,0000002821,1,2026-03-05 11:35:51
0000003163,0000002822,1,2023-08-05 04:02:48
0000003164,0000002822,2,2023-08-05 04:02:11
0000003165,0000002823,1,2023-10-16 23:06:25
0000003166,0000002824,1,2026-05-06 19:04:38
0000003167,0000002825,1,2024-01-11 09:21:21
0000003168,0000002826,1,2024-11-11 18:24:38
0000003169,0000002827,1,2022-12-17 02:36:18
0000003170,0000002828,1,2024-08-26 08:21:23
0000003171,0000002829,1,2022-02-24 17:12:54
0000003172,0000002829,2,2022-02-24 17:13:43
0000003173,0000002830,1,2017-09-24 12:12:38
0000003174,0000002831,1,2017-03-12 18:35:12
0000003175,0000002832,1,2023-05-11 08:28:44
0000003176,0000002833,1,2019-09-12 19:42:46
0000003177,0000002834,1,2024-06-15 22:14:40
0000003178,0000002835,1,2023-09-22 03:29:44
0000003179,0000002836,1,2021-04-11 05:48:31
0000003180,0000002836,2,2021-04-11 05:48:47
0000003181,0000002837,1,2024-07-21 23:13:31
0000003182,0000002838,1,2018-12-20 03:13:58
0000003183,0000002839,1,2021-01-29 03:09:39
0000003184,0000002840,1,2020-02-16 05:30:50
0000003185,0000002841,1,2025-11-03 17:50:04
0000003186,0000002842,1,2018-07-19 22:52:32
0000003187,0000002843,1,2024-01-11 19:23:34
0000003188,0000002844,1,2016-09-08 13:09:39
0000003189,0000002844,2,2016-09-08 13:08:59
0000003190,0000002845,1,2017-10-31 01:17:27
0000003191,0000002846,1,2018-10-21 17:29:11
0000003192,0000002847,1,2018-04-14 15:25:03
0000003193,0000002848,1,2017-08-11 09:14:41
0000003194,0000002848,2,2017-08-11 09:15:28
0000003195,0000002849,1,2022-09-23 12:07:13
0000003196,0000002850,1,2020-06-12 04:31:56
0000003197,0000002850,2,2020-06-12 04:32:19
0000003198,0000002851,1,2023-06-09 02:20:14
0000003199,0000002852,1,2018-05-14 13:06:01
0000003200,0000002853,1,2017-09-07 04:22:07
0000003201,0000002854,1,2017-02-23 04:03:28
0000003202,0000002854,2,2017-02-23 04:04:18
0000003203,0000002855,1,2017-10-17 23:50:16
0000003204,0000002856,1,2018-06-23 07:05:11
0000003205,0000002857,1,2017-05-16 10:41:16
0000003206,0000002858,1,2018-04-16 17:18:05
0000003207,0000002859,1,2017-02-24 19:01:15
0000003208,0000002859,2,2017-02-24 19:01:04
0000003209,0000002860,1,2018-05-13 09:11:27
0000003210,0000002861,1,2018-09-30 09:16:56
0000003211,0000002862,1,2024-04-25 21:51:29
0000003212,0000002863,1,2023-08-29 18:32:50
0000003213,0000002864,1,2016-11-10 15:14:43
0000003214,0000002865,1,2021-11-19 16:31:38
0000003215,0000002866,1,2023-01-04 08:08:18
0000003216,0000002867,1,2018-09-01 12:36:00
0000003217,0000002868,1,2019-08-17 06:41:23
0000003218,0000002869,1,2022-07-04 19:03:50
0000003219,0000002869,2,2022-07-04 19:02:44
0000003220,0000002870,1,2017-03-02 18:56:10
0000003221,0000002871,1,2023-11-21 16:54:29
0000003222,0000002872,1,2018-04-27 06:38:47
0000003223,0000002873,1,2021-01-28 03:27:48
0000003224,0000002874,1,2017-01-08 08:21:34
0000003225,0000002875,1,2021-03-28 13:48:49
0000003226,0000002876,1,2017-10-22 15:00:18
0000003227,0000002877,1,2020-09-19 13:26:52
0000003228,0000002878,1,2019-04-18 03:09:12
0000003229,0000002879,1,2020-01-03 15:26:10
0000003230,0000002880,1,2019-04-29 09:59:46
0000003231,0000002881,1,2022-03-14 22:38:46
0000003232,0000002882,1,2017-07-03 22:56:54
0000003233,0000002883,1,2024-08-08 14:27:52
0000003234,0000002884,1,2019-06-20 02:16:32
0000003235,0000002884,2,2019-06-20 02:16:19
0000003236,0000002885,1,2024-12-17 15:04:32
0000003237,0000002886,1,2021-08-29 05:59:05
0000003238,0000002887,1,2025-03-27 08:01:20
0000003239,0000002888,1,2016-07-31 17:48:19
0000003240,0000002889,1,2023-10-08 23:50:43
0000003241,0000002890,1,2022-01-25 21:21:07
0000003242,0000002891,1,2016-12-18 11:05:36
0000003243,0000002892,1,2018-07-12 08:58:39
0000003244,0000002893,1,2022-11-14 16:43:35
0000003245,0000002894,1,2018-09-11 11:09:57
0000003246,0000002895,1,2024-05-04 07:47:05
0000003247,0000002896,1,2021-02-28 06:19:51
0000003248,0000002897,1,2021-06-11 01:42:14
0000003249,0000002898,1,2021-10-13 23:18:13
0000003250,0000002899,1,2018-07-25 21:32:27
0000003251,0000002899,2,2018-07-25 21:33:01
0000003252,0000002900,1,2023-11-27 13:55:06
0000003253,0000002901,1,2021-10-15 11:53:24
0000003254,0000002902,1,2023-08-17 09:44:20
0000003255,0000002903,1,2024-05-22 19:20:20
0000003256,0000002904,1,2019-02-05 23:38:29
0000003257,0000002905,1,2019-10-16 05:15:10
0000003258,0000002906,1,2018-03-22 04:57:45
0000003259,0000002907,1,2026-06-06 16:20:59
0000003260,0000002908,1,2021-04-14 12:18:14
0000003261,0000002909,1,2020-11-11 17:44:35
0000003262,0000002910,1,2023-02-24 10:35:06
0000003263,0000002910,2,2023-02-24 10:36:16
0000003264,0000002911,1,2020-07-26 04:10:51
0000003265,0000002912,1,2023-03-30 13:12:41
0000003266,0000002913,1,2018-09-09 16:32:25
0000003267,0000002914,1,2018-07-14 17:33:38
0000003268,0000002915,1,2025-07-31 20:38:04
0000003269,0000002916,1,2019-09-15 11:45:35
0000003270,0000002916,2,2019-09-15 11:45:32
0000003271,0000002917,1,2018-04-22 03:10:36
0000003272,0000002918,1,2016-05-24 01:26:17
0000003273,0000002919,1,2017-05-14 01:10:44
0000003274,0000002919,2,2017-05-14 01:11:01
0000003275,0000002920,1,2022-12-15 20:31:32
0000003276,0000002921,1,2022-04-12 17:54:40
0000003277,0000002922,1,2020-07-29 17:03:17
0000003278,0000002923,1,2021-11-13 06:28:23
0000003279,0000002924,1,2020-11-08 09:40:58
0000003280,0000002925,1,2022-10-16 02:53:46
0000003281,0000002926,1,2017-06-14 22:33:23
0000003282,0000002927,1,2018-07-19 12:02:19
0000003283,0000002928,1,2018-03-24 21:03:20
0000003284,0000002929,1,2019-11-26 08:08:39
0000003285,0000002929,2,2019-11-26 08:08:00
0000003286,0000002930,1,2018-05-22 04:08:59
0000003287,0000002931,1,2016-09-09 23:03:32
0000003288,0000002932,1,2019-07-16 21:34:10
0000003289,0000002933,1,2026-03-12 11:36:55
0000003290,0000002934,1,2017-10-22 12:37:04
0000003291,0000002935,1,2025-03-03 09:29:34
0000003292,0000002936,1,2020-09-11 07:36:56
0000003293,0000002937,1,2023-03-13 02:55:33
0000003294,0000002937,2,2023-03-13 02:55:24
0000003295,0000002938,1,2025-06-16 09:16:52
0000003296,0000002939,1,2019-06-17 05:25:33
0000003297,0000002940,1,2018-12-28 04:03:24
0000003298,0000002941,1,2019-04-18 18:13:03
0000003299,0000002942,1,2018-12-24 10:20:18
0000003300,0000002943,1,2019-01-29 21:03:17
0000003301,0000002944,1,2018-10-16 09:42:32
0000003302,0000002945,1,2019-05-07 22:45:01
0000003303,0000002946,1,2019-03-23 08:35:20
0000003304,0000002947,1,2018-10-13 10:15:58
0000003305,0000002948,1,2018-07-28 16:15:05
0000003306,0000002949,1,2018-08-10 07:10:13
0000003307,0000002950,1,2018-06-08 11:25:09
0000003308,0000002951,1,2022-09-19 05:55:58
0000003309,0000002952,1,2017-04-15 11:12:15
0000003310,0000002953,1,2019-09-04 02:15:43
0000003311,0000002954,1,2016-01-05 13:28:14
0000003312,0000002955,1,2022-10-11 19:04:08
0000003313,0000002955,2,2022-10-11 19:04:26
0000003314,0000002956,1,2020-06-12 17:16:42
0000003315,0000002957,1,2017-01-02 15:50:37
0000003316,0000002958,1,2021-04-20 04:33:54
0000003317,0000002959,1,2017-10-11 16:53:50
0000003318,0000002960,1,2020-12-09 09:16:58
0000003319,0000002961,1,2024-05-22 19:43:00
0000003320,0000002961,2,2024-05-22 19:43:18
0000003321,0000002962,1,2018-06-01 21:33:55
0000003322,0000002963,1,2022-03-07 07:33:08
0000003323,0000002964,1,2021-01-10 14:09:46
0000003324,0000002965,1,2023-12-29 03:22:41
0000003325,0000002966,1,2021-07-17 02:13:23
0000003326,0000002967,1,2019-01-17 12:48:24
0000003327,0000002968,1,2017-11-08 14:34:58
0000003328,0000002969,1,2018-09-27 05:25:52
0000003329,0000002970,1,2019-09-27 14:44:11
0000003330,0000002971,1,2019-09-09 06:56:14
0000003331,0000002972,1,2019-02-07 16:44:18
0000003332,0000002973,1,2018-10-29 08:27:01
0000003333,0000002974,1,2017-08-26 07:07:08
0000003334,0000002975,1,2017-11-20 05:18:35
0000003335,0000002976,1,2020-09-17 16:51:55
0000003336,0000002977,1,2021-02-25 11:38:11
0000003337,0000002978,1,2024-10-29 18:39:28
0000003338,0000002979,1,2025-06-27 06:53:02
0000003339,0000002980,1,2022-03-04 09:01:01
0000003340,0000002981,1,2025-06-10 22:56:56
0000003341,0000002982,1,2023-06-28 10:06:16
0000003342,0000002983,1,2024-07-24 12:08:16
0000003343,0000002984,1,2022-08-25 18:59:32
0000003344,0000002985,1,2018-09-22 21:24:52
0000003345,0000002986,1,2024-01-30 01:51:40
0000003346,0000002987,1,2019-05-01 21:24:00
0000003347,0000002988,1,2019-01-31 00:19:26
0000003348,0000002989,1,2019-03-18 03:25:11
0000003349,0000002990,1,2018-06-05 10:33:18
0000003350,0000002990,2,2018-06-05 10:32:22
0000003351,0000002991,1,2019-02-07 14:56:04
0000003352,0000002991,2,2019-02-07 14:54:54
0000003353,0000002992,1,2019-05-22 05:50:48
0000003354,0000002993,1,2019-01-23 02:01:20
0000003355,0000002994,1,2018-09-03 09:12:13
0000003356,0000002994,2,2018-09-03 09:13:21
0000003357,0000002995,1,2019-10-24 05:01:19
0000003358,0000002996,1,2016-08-20 16:01:43
0000003359,0000002997,1,2021-10-03 02:10:33
0000003360,0000002998,1,2021-01-24 03:20:19
0000003361,0000002999,1,2023-10-19 08:06:34
0000003362,0000003000,1,2026-03-10 03:04:10
0000003363,0000003001,1,2018-04-19 10:24:18
0000003364,0000003002,1,2021-10-08 15:46:19
0000003365,0000003003,1,2022-03-20 23:42:02
0000003366,0000003004,1,2025-01-16 07:05:59
0000003367,0000003005,1,2018-08-26 01:53:03
0000003368,0000003006,1,2019-03-04 03:42:50
0000003369,0000003007,1,2023-08-25 18:07:38
0000003370,0000003008,1,2025-04-30 12:14:58
0000003371,0000003009,1,2018-08-30 10:42:45
0000003372,0000003010,1,2017-01-31 19:01:39
0000003373,0000003011,1,2018-08-19 00:15:58
0000003374,0000003012,1,2023-12-16 19:15:24
0000003375,0000003013,1,2026-07-12 19:10:02
0000003376,0000003014,1,2024-07-27 04:57:37
0000003377,0000003015,1,2021-07-19 03:53:44
0000003378,0000003016,1,2024-08-22 06:10:27
0000003379,0000003017,1,2015-09-19 15:48:29
0000003380,0000003018,1,2020-07-20 16:12:48
0000003381,0000003019,1,2024-10-14 19:03:59
0000003382,0000003019,2,2024-10-14 19:03:19
0000003383,0000003020,1,2016-12-04 06:40:32
0000003384,0000003021,1,2017-07-10 19:36:12
0000003385,0000003022,1,2020-03-27 03:23:37
0000003386,0000003023,1,2016-10-21 12:04:33
0000003387,0000003024,1,2023-04-25 18:56:23
0000003388,0000003025,1,2016-09-08 05:54:44
0000003389,0000003026,1,2018-11-30 23:21:14
0000003390,0000003027,1,2026-06-01 07:40:19
0000003391,0000003028,1,2024-08-28 20:58:05
0000003392,0000003029,1,2025-11-24 12:34:11
0000003393,0000003029,2,2025-11-24 12:34:22
0000003394,0000003030,1,2018-03-20 12:03:23
0000003395,0000003031,1,2025-09-22 14:35:27
0000003396,0000003032,1,2016-01-12 00:31:57
0000003397,0000003033,1,2015-10-30 23:08:41
0000003398,0000003034,1,2022-01-14 19:39:41
0000003399,0000003035,1,2018-10-27 17:04:56
0000003400,0000003036,1,2020-01-31 02:08:52
0000003401,0000003037,1,2018-09-28 07:27:34
0000003402,0000003038,1,2025-08-27 00:45:17
0000003403,0000003038,2,2025-08-27 00:45:07
0000003404,0000003039,1,2024-10-13 03:15:49
0000003405,0000003040,1,2021-07-22 20:05:04
0000003406,0000003041,1,2023-01-17 20:04:46
0000003407,0000003042,1,2024-06-11 05:42:25
0000003408,0000003043,1,2016-04-23 14:41:17
0000003409,0000003044,1,2016-12-23 10:12:00
0000003410,0000003045,1,2021-06-20 19:44:29
0000003411,0000003046,1,2020-12-17 04:38:13
0000003412,0000003046,2,2020-12-17 04:36:52
0000003413,0000003047,1,2019-04-07 20:26:51
0000003414,0000003048,1,2025-07-08 03:11:32
0000003415,0000003049,1,2023-11-07 08:29:51
0000003416,0000003050,1,2023-11-29 23:17:36
0000003417,0000003051,1,2019-05-19 04:46:04
0000003418,0000003052,1,2022-06-16 08:44:48
0000003419,0000003053,1,2024-11-28 08:51:34
0000003420,0000003054,1,2025-01-16 07:24:00
0000003421,0000003055,1,2022-04-06 07:13:49
0000003422,0000003056,1,2016-08-10 11:43:37
0000003423,0000003057,1,2025-07-11 19:10:02
0000003424,0000003058,1,2017-06-16 05:12:37
0000003425,0000003059,1,2018-07-31 03:45:14
0000003426,0000003060,1,2020-10-19 06:52:07
0000003427,0000003060,2,2020-10-19 06:51:11
0000003428,0000003061,1,2017-01-29 00:32:31
0000003429,0000003062,1,2016-11-03 01:12:36
0000003430,0000003063,1,2024-06-13 10:04:35
0000003431,0000003064,1,2018-10-17 23:59:09
0000003432,0000003065,1,2018-02-06 06:02:46
0000003433,0000003066,1,2018-08-14 02:27:53
0000003434,0000003067,1,2017-01-25 14:19:31
0000003435,0000003068,1,2018-05-03 17:27:57
0000003436,0000003069,1,2016-11-12 23:39:16
0000003437,0000003070,1,2017-06-23 12:40:23
0000003438,0000003071,1,2025-01-01 02:06:04
0000003439,0000003072,1,2017-04-04 09:43:17
0000003440,0000003073,1,2018-04-08 02:19:47
0000003441,0000003074,1,2018-09-27 07:47:10
0000003442,0000003075,1,2022-10-09 10:27:18
0000003443,0000003076,1,2018-09-19 17:51:43
0000003444,0000003077,1,2022-11-30 15:36:46
0000003445,0000003078,1,2016-07-30 14:00:48
0000003446,0000003079,1,2021-07-25 13:25:42
0000003447,0000003080,1,2016-08-11 08:14:23
0000003448,0000003081,1,2017-11-05 01:12:28
0000003449,0000003082,1,2022-11-13 05:12:57
0000003450,0000003083,1,2024-06-15 03:34:28
0000003451,0000003084,1,2024-07-16 22:08:57
0000003452,0000003084,2,2024-07-16 22:09:48
0000003453,0000003085,1,2025-12-30 05:00:19
0000003454,0000003086,1,2017-11-30 22:28:41
0000003455,0000003087,1,2023-07-08 09:23:45
0000003456,0000003088,1,2022-10-25 15:18:32
0000003457,0000003089,1,2018-09-04 18:55:21
0000003458,0000003089,2,2018-09-04 18:54:55
0000003459,0000003090,1,2017-10-09 11:27:06
0000003460,0000003091,1,2019-06-26 13:20:39
0000003461,0000003092,1,2020-01-09 21:15:37
0000003462,0000003093,1,2022-03-03 16:29:18
0000003463,0000003094,1,2018-06-07 11:10:06
0000003464,0000003095,1,2016-01-17 21:07:44
0000003465,0000003096,1,2023-10-30 03:40:29
0000003466,0000003097,1,2016-07-15 02:07:35
0000003467,0000003098,1,2016-04-16 04:19:13
0000003468,0000003098,2,2016-04-16 04:19:56
0000003469,0000003099,1,2018-06-17 21:23:17
0000003470,0000003100,1,2019-04-07 13:50:22
0000003471,0000003101,1,2018-09-09 01:40:12
0000003472,0000003102,1,2018-11-27 20:13:17
0000003473,0000003103,1,2019-04-14 01:22:35
0000003474,0000003104,1,2018-07-04 14:36:59
0000003475,0000003105,1,2026-10-03 11:00:31
0000003476,0000003106,1,2019-02-27 07:17:59
0000003477,0000003107,1,2020-08-25 17:00:49
0000003478,0000003107,2,2020-08-25 17:01:11
0000003479,0000003108,1,2025-12-16 19:35:48
0000003480,0000003109,1,2020-04-29 17:21:08
0000003481,0000003110,1,2020-09-13 07:46:50
0000003482,0000003111,1,2025-07-27 07:36:23
0000003483,0000003112,1,2020-04-03 08:23:21
0000003484,0000003113,1,2017-10-15 20:07:04
0000003485,0000003114,1,2017-12-26 06:43:12
0000003486,0000003115,1,2019-05-08 01:21:02
0000003487,0000003116,1,2020-07-01 07:58:37
0000003488,0000003117,1,2023-05-04 11:52:50
0000003489,0000003118,1,2026-02-12 05:48:04
0000003490,0000003119,1,2023-10-11 15:43:44
0000003491,0000003120,1,2026-08-31 09:51:34
0000003492,0000003120,2,2026-08-31 09:52:10
0000003493,0000003121,1,2018-02-18 21:44:43
0000003494,0000003122,1,2022-01-11 10:44:28
0000003495,0000003123,1,2026-01-17 22:53:49
0000003496,0000003124,1,2024-11-07 14:21:50
0000003497,0000003125,1,2022-12-03 10:35:42
0000003498,0000003125,2,2022-12-03 10:36:57
0000003499,0000003126,1,2021-06-13 00:40:16
0000003500,0000003127,1,2019-04-16 06:16:08
0000003501,0000003128,1,2019-01-19 06:15:53
0000003502,0000003129,1,2026-02-04 09:38:39
0000003503,0000003130,1,2020-06-30 05:58:08
0000003504,0000003131,1,2024-02-11 03:13:33
0000003505,0000003132,1,2020-03-15 21:41:36
0000003506,0000003133,1,2018-01-16 20:24:20
0000003507,0000003134,1,2018-02-10 06:01:52
0000003508,0000003135,1,2017-12-30 07:38:39
0000003509,0000003136,1,2017-11-27 08:12:37
0000003510,0000003137,1,2017-11-29 00:25:09
0000003511,0000003138,1,2022-08-18 04:21:46
0000003512,0000003139,1,2018-10-27 22:58:10
0000003513,0000003139,2,2018-10-27 22:57:24
0000003514,0000003140,1,2015-12-04 19:09:34
0000003515,0000003141,1,2021-11-23 05:54:03
0000003516,0000003142,1,2020-06-08 09:14:20
0000003517,0000003143,1,2019-02-23 05:51:53
0000003518,0000003144,1,2021-01-12 21:53:24
0000003519,0000003145,1,2019-08-07 09:49:08
0000003520,0000003145,2,2019-08-07 09:49:26
0000003521,0000003146,1,2019-01-19 08:50:25
0000003522,0000003147,1,2019-01-31 13:20:55
0000003523,0000003148,1,2020-07-03 13:32:55
0000003524,0000003149,1,2021-03-04 11:07:12
0000003525,0000003150,1,2016-12-08 18:40:31
0000003526,0000003151,1,2017-02-23 15:50:55
0000003527,0000003152,1,2016-11-26 07:17:26
0000003528,0000003153,1,2017-05-16 05:12:19
0000003529,0000003154,1,2016-09-24 10:07:53
0000003530,0000003155,1,2022-03-04 10:55:18
0000003531,0000003156,1,2017-04-07 20:58:41
0000003532,0000003157,1,2018-07-29 11:17:05
0000003533,0000003158,1,2021-02-11 06:47:31
0000003534,0000003159,1,2020-11-09 23:59:04
0000003535,0000003160,1,2020-05-22 05:56:16
0000003536,0000003161,1,2015-09-28 06:06:04
0000003537,0000003162,1,2015-03-23 17:58:40
0000003538,0000003163,1,2019-05-23 18:23:57
0000003539,0000003164,1,2020-04-24 14:28:19
0000003540,0000003165,1,2026-09-26 00:38:17
0000003541,0000003166,1,2017-01-29 04:34:45
0000003542,0000003167,1,2022-07-11 01:16:44
0000003543,0000003168,1,2026-02-25 12:01:13
0000003544,0000003168,2,2026-02-25 12:00:39
0000003545,0000003169,1,2021-10-30 12:31:52
0000003546,0000003169,2,2021-10-30 12:31:48
0000003547,0000003170,1,2022-05-30 09:33:34
0000003548,0000003171,1,2025-07-21 23:08:11
0000003549,0000003172,1,2026-02-15 17:30:13
0000003550,0000003173,1,2021-04-02 01:11:32
0000003551,0000003174,1,2022-03-03 12:00:40
0000003552,0000003175,1,2023-01-06 21:33:07
0000003553,0000003175,2,2023-01-06 21:33:06
0000003554,0000003176,1,2024-10-01 00:30:32
0000003555,0000003177,1,2024-04-10 09:41:36
0000003556,0000003178,1,2021-12-13 10:51:44
0000003557,0000003178,2,2021-12-13 10:51:49
0000003558,0000003179,1,2019-07-17 23:34:49
0000003559,0000003180,1,2022-10-17 19:57:56
0000003560,0000003181,1,2020-04-08 17:26:29
0000003561,0000003182,1,2017-12-10 03:46:21
0000003562,0000003183,1,2016-12-02 07:43:45
0000003563,0000003184,1,2026-09-19 17:40:42
0000003564,0000003185,1,2019-01-18 01:44:33
0000003565,0000003185,2,2019-01-18 01:44:45
0000003566,0000003186,1,2017-05-09 00:48:48
0000003567,0000003187,1,2023-05-20 17:45:27
0000003568,0000003188,1,2016-02-02 00:12:31
0000003569,0000003189,1,2018-06-16 23:53:03
0000003570,0000003189,2,2018-06-16 23:53:14
0000003571,0000003190,1,2025-06-09 00:55:00
0000003572,0000003191,1,2024-09-11 22:54:57
0000003573,0000003191,2,2024-09-11 22:54:18
0000003574,0000003192,1,2022-10-06 02:22:39
0000003575,0000003193,1,2014-12-14 18:51:59
0000003576,0000003194,1,2022-03-16 08:54:33
0000003577,0000003194,2,2022-03-16 08:54:34
0000003578,0000003195,1,2023-04-22 09:10:27
0000003579,0000003196,1,2020-12-31 09:31:43
0000003580,0000003197,1,2025-10-21 23:14:51
0000003581,0000003198,1,2017-12-27 17:18:29
0000003582,0000003199,1,2018-04-03 06:40:42
0000003583,0000003200,1,2017-04-11 14:36:10
0000003584,0000003201,1,2022-09-02 21:00:25
0000003585,0000003202,1,2016-11-08 03:25:37
0000003586,0000003203,1,2023-11-18 22:00:01
0000003587,0000003204,1,2024-03-03 15:40:09
0000003588,0000003205,1,2018-11-16 21:05:00
0000003589,0000003205,2,2018-11-16 21:03:29
0000003590,0000003206,1,2021-10-08 04:37:39
0000003591,0000003207,1,2021-03-03 20:18:14
0000003592,0000003207,2,2021-03-03 20:18:35
0000003593,0000003208,1,2025-02-23 03:04:48
0000003594,0000003209,1,2025-08-06 18:29:03
0000003595,0000003210,1,2021-10-12 21:38:09
0000003596,0000003211,1,2022-04-17 19:03:20
0000003597,0000003212,1,2026-10-01 11:17:53
0000003598,0000003213,1,2026-09-08 01:52:07
0000003599,0000003214,1,2017-04-01 14:11:27
0000003600,0000003214,2,2017-04-01 14:11:37
0000003601,0000003215,1,2023-11-10 06:24:27
0000003602,0000003216,1,2024-07-30 01:15:30
0000003603,0000003217,1,2021-03-25 14:26:45
0000003604,0000003218,1,2018-11-24 06:57:18
0000003605,0000003219,1,2024-07-11 13:42:25
0000003606,0000003220,1,2021-02-14 05:37:45
0000003607,0000003221,1,2022-06-12 16:45:46
0000003608,0000003222,1,2024-05-11 06:31:15
0000003609,0000003222,2,2024-05-11 06:31:32
0000003610,0000003223,1,2020-11-06 06:24:44
0000003611,0000003224,1,2019-09-13 10:14:07
0000003612,0000003225,1,2019-04-27 19:51:20
0000003613,0000003225,2,2019-04-27 19:50:08
0000003614,0000003226,1,2023-08-03 15:14:57
0000003615,0000003227,1,2019-11-03 23:05:32
0000003616,0000003228,1,2025-03-21 13:18:36
0000003617,0000003229,1,2023-08-24 12:12:55
0000003618,0000003230,1,2021-02-28 19:00:59
0000003619,0000003231,1,2022-09-11 17:29:46
0000003620,0000003232,1,2024-05-02 05:47:27
0000003621,0000003233,1,2019-01-20 15:49:32
0000003622,0000003234,1,2023-08-28 13:26:48
0000003623,0000003235,1,2023-10-02 16:07:55
0000003624,0000003236,1,2017-10-23 15:25:04
0000003625,0000003236,2,2017-10-23 15:25:24
0000003626,0000003237,1,2026-03-29 16:36:16
0000003627,0000003238,1,2018-08-19 15:19:24
0000003628,0000003238,2,2018-08-19 15:18:47
0000003629,0000003239,1,2021-12-30 03:14:50
0000003630,0000003240,1,2026-09-28 04:43:00
0000003631,0000003240,2,2026-09-28 04:41:32
0000003632,0000003241,1,2015-02-22 13:19:52
0000003633,0000003242,1,2017-10-30 02:11:24
0000003634,0000003243,1,2020-10-07 23:24:32
0000003635,0000003244,1,2024-11-08 09:14:09
0000003636,0000003245,1,2018-04-27 04:45:33
0000003637,0000003246,1,2024-11-18 04:33:55
0000003638,0000003247,1,2026-03-07 05:41:25
0000003639,0000003248,1,2026-03-21 14:59:09
0000003640,0000003249,1,2017-11-23 16:16:37
0000003641,0000003250,1,2021-08-06 05:11:52
0000003642,0000003251,1,2022-11-24 01:03:18
0000003643,0000003251,2,2022-11-24 01:02:28
0000003644,0000003252,1,2025-05-06 23:46:25
0000003645,0000003253,1,2015-09-25 14:08:30
0000003646,0000003254,1,2024-10-24 16:07:10
0000003647,0000003255,1,2020-12-12 05:49:12
0000003648,0000003256,1,2018-07-06 03:49:23
0000003649,0000003257,1,2020-09-15 19:20:34
0000003650,0000003258,1,2021-03-25 03:32:57
0000003651,0000003259,1,2022-09-04 22:30:27
0000003652,0000003260,1,2019-06-27 16:37:25
0000003653,0000003260,2,2019-06-27 16:37:54
0000003654,0000003261,1,2019-06-24 18:10:20
0000003655,0000003262,1,2020-02-06 07:09:53
0000003656,0000003262,2,2020-02-06 07:09:48
0000003657,0000003263,1,2022-01-23 06:04:23
0000003658,0000003264,1,2022-04-04 09:22:39
0000003659,0000003265,1,2018-03-11 06:20:59
0000003660,0000003266,1,2018-09-20 04:08:35
0000003661,0000003267,1,2022-08-28 17:45:01
0000003662,0000003268,1,2020-10-10 22:36:39
0000003663,0000003269,1,2023-05-24 00:25:46
0000003664,0000003270,1,2017-03-18 17:53:31
0000003665,0000003271,1,2015-09-24 12:45:20
0000003666,0000003272,1,2016-11-18 06:36:43
0000003667,0000003273,1,2017-04-21 11:38:05
0000003668,0000003274,1,2026-08-12 17:03:31
0000003669,0000003275,1,2025-03-21 21:25:11
0000003670,0000003275,2,2025-03-21 21:24:45
0000003671,0000003276,1,2024-08-18 19:36:52
0000003672,0000003277,1,2018-07-16 10:34:40
0000003673,0000003278,1,2019-09-03 05:19:29
0000003674,0000003279,1,2019-05-10 00:31:29
0000003675,0000003280,1,2026-07-12 06:13:51
0000003676,0000003281,1,2018-01-11 05:12:43
0000003677,0000003282,1,2023-11-23 16:14:05
0000003678,0000003283,1,2022-12-27 03:08:22
0000003679,0000003284,1,2017-10-01 04:05:30
0000003680,0000003285,1,2023-06-20 07:09:23
0000003681,0000003286,1,2017-11-28 13:43:33
0000003682,0000003287,1,2022-04-09 14:43:15
0000003683,0000003288,1,2021-06-21 18:31:38
0000003684,0000003288,2,2021-06-21 18:31:18
0000003685,0000003289,1,2019-10-11 10:12:43
0000003686,0000003290,1,2016-10-25 00:49:49
0000003687,0000003291,1,2018-09-26 17:01:32
0000003688,0000003292,1,2022-09-01 17:53:49
0000003689,0000003293,1,2016-04-15 21:31:31
0000003690,0000003294,1,2021-10-14 11:50:00
0000003691,0000003295,1,2020-03-06 01:27:35
0000003692,0000003296,1,2021-02-07 10:30:25
0000003693,0000003296,2,2021-02-07 10:30:31
0000003694,0000003297,1,2016-03-20 00:53:14
0000003695,0000003298,1,2017-05-26 09:59:21
0000003696,0000003298,2,2017-05-26 09:59:04
0000003697,0000003299,1,2017-06-21 12:20:13
0000003698,0000003300,1,2025-04-07 17:07:14
0000003699,0000003301,1,2023-07-17 01:11:36
0000003700,0000003302,1,2023-05-01 18:19:44
0000003701,0000003303,1,2023-04-01 22:47:56
0000003702,0000003304,1,2018-09-04 13:44:22
0000003703,0000003305,1,2024-05-01 10:53:14
0000003704,0000003306,1,2022-02-26 10:12:46
0000003705,0000003307,1,2017-07-17 08:39:38
0000003706,0000003308,1,2017-05-27 20:15:04
0000003707,0000003309,1,2018-02-22 12:00:43
0000003708,0000003310,1,2019-07-22 15:12:16
0000003709,0000003311,1,2018-02-25 01:37:35
0000003710,0000003312,1,2015-05-29 17:58:42
0000003711,0000003313,1,2019-09-18 15:47:42
0000003712,0000003314,1,2026-07-01 02:05:31
0000003713,0000003315,1,2026-09-09 06:40:47
0000003714,0000003315,2,2026-09-09 06:41:49
0000003715,0000003316,1,2025-08-14 04:05:33
0000003716,0000003316,2,2025-08-14 04:04:42
0000003717,0000003317,1,2016-07-10 09:13:20
0000003718,0000003318,1,2016-09-15 21:37:22
0000003719,0000003319,1,2019-10-28 09:18:46
0000003720,0000003320,1,2018-05-16 00:20:05
0000003721,0000003321,1,2026-04-20 09:38:25
0000003722,0000003322,1,2020-10-02 15:30:51
0000003723,0000003323,1,2021-10-13 17:24:56
0000003724,0000003324,1,2015-03-28 03:00:33
0000003725,0000003325,1,2022-12-07 04:01:38
0000003726,0000003326,1,2022-06-05 07:09:48
0000003727,0000003327,1,2022-03-10 15:45:03
0000003728,0000003327,2,2022-03-10 15:45:05
0000003729,0000003328,1,2025-04-01 19:27:40
0000003730,0000003329,1,2018-06-05 16:49:41
0000003731,0000003330,1,2023-05-16 09:47:13
0000003732,0000003331,1,2026-09-23 20:43:48
0000003733,0000003331,2,2026-09-23 20:43:34
0000003734,0000003332,1,2021-03-11 17:53:48
0000003735,0000003333,1,2023-11-15 09:01:15
0000003736,0000003334,1,2021-09-27 14:56:28
0000003737,0000003334,2,2021-09-27 14:55:48
0000003738,0000003335,1,2019-01-24 04:22:17
0000003739,0000003336,1,2019-05-11 04:25:41
0000003740,0000003337,1,2022-03-21 22:49:53
0000003741,0000003338,1,2019-08-16 12:04:34
0000003742,0000003339,1,2018-11-09 22:06:36
0000003743,0000003340,1,2018-09-21 06:51:19
0000003744,0000003340,2,2018-09-21 06:51:27
0000003745,0000003341,1,2018-05-06 15:17:21
0000003746,0000003341,2,2018-05-06 15:16:47
0000003747,0000003342,1,2019-03-23 15:29:51
0000003748,0000003343,1,2019-10-28 05:08:19
0000003749,0000003344,1,2022-01-08 16:46:04
0000003750,0000003345,1,2019-09-01 18:11:31
0000003751,0000003346,1,2025-10-29 22:09:11
0000003752,0000003347,1,2018-08-12 21:07:42
0000003753,0000003348,1,2022-05-30 10:53:23
0000003754,0000003349,1,2025-12-23 01:44:22
0000003755,0000003350,1,2017-06-02 15:44:39
0000003756,0000003350,2,2017-06-02 15:42:52
0000003757,0000003351,1,2017-05-17 02:41:12
0000003758,0000003352,1,2021-04-25 05:25:37
0000003759,0000003353,1,2024-02-16 17:23:52
0000003760,0000003354,1,2023-02-24 02:53:54
0000003761,0000003355,1,2022-05-26 03:41:17
0000003762,0000003356,1,2025-09-26 15:17:19
0000003763,0000003357,1,2020-10-20 08:45:16
0000003764,0000003358,1,2025-09-23 01:50:26
0000003765,0000003359,1,2017-12-20 23:50:36
0000003766,0000003360,1,2021-09-23 03:22:02
0000003767,0000003361,1,2017-12-11 08:32:33
0000003768,0000003362,1,2020-05-31 09:05:33
0000003769,0000003363,1,2017-07-03 01:37:24
0000003770,0000003364,1,2026-08-22 09:41:01
0000003771,0000003365,1,2018-01-24 01:07:19
0000003772,0000003366,1,2022-12-29 18:36:58
0000003773,0000003367,1,2019-04-15 19:24:00
0000003774,0000003368,1,2020-09-13 05:33:20
0000003775,0000003369,1,2020-10-17 07:29:56
0000003776,0000003369,2,2020-10-17 07:28:22
0000003777,0000003370,1,2024-06-17 08:19:20
0000003778,0000003371,1,2022-03-11 09:28:01
0000003779,0000003372,1,2026-06-16 02:58:56
0000003780,0000003373,1,2024-10-02 13:11:57
0000003781,0000003374,1,2022-01-26 06:49:48
0000003782,0000003375,1,2020-03-22 09:17:25
0000003783,0000003376,1,2021-06-16 11:31:54
0000003784,0000003377,1,2016-11-10 12:53:19
0000003785,0000003378,1,2025-05-24 00:43:00
0000003786,0000003379,1,2021-12-02 23:39:05
0000003787,0000003379,2,2021-12-02 23:39:34
0000003788,0000003380,1,2020-05-27 13:34:20
0000003789,0000003381,1,2022-08-30 10:37:25
0000003790,0000003382,1,2023-04-05 20:47:02
0000003791,0000003383,1,2019-02-06 00:20:58
0000003792,0000003384,1,2017-11-25 23:29:47
0000003793,0000003385,1,2017-11-06 03:34:54
0000003794,0000003386,1,2017-04-13 13:49:30
0000003795,0000003386,2,2017-04-13 13:48:55
0000003796,0000003387,1,2026-06-21 17:16:26
0000003797,0000003388,1,2021-06-15 12:25:50
0000003798,0000003389,1,2022-01-22 12:31:38
0000003799,0000003390,1,2017-09-16 13:18:23
0000003800,0000003391,1,2017-09-26 23:26:10
0000003801,0000003392,1,2017-10-10 18:41:41
0000003802,0000003393,1,2017-10-15 02:44:07
0000003803,0000003394,1,2017-08-14 22:01:13
0000003804,0000003395,1,2019-12-08 14:20:08
0000003805,0000003396,1,2023-05-05 12:59:37
0000003806,0000003397,1,2022-04-23 18:24:31
0000003807,0000003398,1,2025-06-12 01:09:06
0000003808,0000003399,1,2018-10-24 09:10:56
0000003809,0000003400,1,2021-07-29 19:00:23
0000003810,0000003401,1,2021-10-27 09:33:28
0000003811,0000003402,1,2019-10-12 09:53:34
0000003812,0000003403,1,2021-11-01 18:46:17
0000003813,0000003404,1,2019-09-25 06:47:35
0000003814,0000003405,1,2024-09-05 05:25:59
0000003815,0000003406,1,2019-07-14 23:38:31
0000003816,0000003407,1,2018-07-04 15:53:41
0000003817,0000003408,1,2018-01-28 19:12:59
0000003818,0000003409,1,2019-12-10 01:32:30
0000003819,0000003409,2,2019-12-10 01:32:34
0000003820,0000003410,1,2026-10-06 17:44:44
0000003821,0000003411,1,2021-07-10 12:16:49
0000003822,0000003412,1,2021-02-22 15:40:30
0000003823,0000003413,1,2024-08-22 04:07:53
0000003824,0000003414,1,2018-10-31 23:04:55
0000003825,0000003415,1,2019-04-22 11:57:53
0000003826,0000003416,1,2020-09-30 11:08:58
0000003827,0000003417,1,2022-08-24 08:00:59
0000003828,0000003418,1,2022-04-25 07:32:34
0000003829,0000003419,1,2025-07-31 21:44:43
0000003830,0000003420,1,2017-04-03 00:26:40
0000003831,0000003421,1,2021-04-29 11:04:01
0000003832,0000003422,1,2024-05-16 08:27:06
0000003833,0000003423,1,2021-10-25 15:34:30
0000003834,0000003424,1,2022-05-18 08:41:06
0000003835,0000003425,1,2022-07-30 16:11:22
0000003836,0000003426,1,2016-01-22 17:28:45
0000003837,0000003427,1,2018-11-29 11:28:32
0000003838,0000003428,1,2020-10-08 08:19:13
0000003839,0000003429,1,2025-07-31 02:40:36
0000003840,0000003430,1,2021-02-11 17:04:33
0000003841,0000003431,1,2018-10-01 05:23:38
0000003842,0000003432,1,2019-07-14 01:51:00
0000003843,0000003433,1,2022-03-03 13:15:57
0000003844,0000003434,1,2022-02-25 03:16:28
0000003845,0000003435,1,2015-06-20 07:36:24
0000003846,0000003436,1,2017-03-18 05:08:37
0000003847,0000003437,1,2021-04-15 11:41:42
0000003848,0000003438,1,2021-07-01 07:30:05
0000003849,0000003439,1,2026-08-08 04:54:57
0000003850,0000003439,2,2026-08-08 04:55:54
0000003851,0000003440,1,2020-08-12 02:23:27
0000003852,0000003441,1,2019-08-15 04:12:43
0000003853,0000003442,1,2015-04-27 20:22:33
0000003854,0000003443,1,2017-01-15 07:12:03
0000003855,0000003444,1,2016-09-05 02:38:50
0000003856,0000003445,1,2016-03-16 00:47:04
0000003857,0000003445,2,2016-03-16 00:46:17
0000003858,0000003446,1,2016-04-12 08:10:06
0000003859,0000003446,2,2016-04-12 08:09:38
0000003860,0000003447,1,2022-03-30 00:46:54
0000003861,0000003448,1,2024-09-13 02:22:03
0000003862,0000003449,1,2021-10-04 02:50:11
0000003863,0000003450,1,2023-11-04 01:26:29
0000003864,0000003451,1,2020-08-20 09:54:25
0000003865,0000003452,1,2026-02-10 00:29:15
0000003866,0000003453,1,2021-03-20 21:49:31
0000003867,0000003454,1,2023-11-11 12:18:49
0000003868,0000003455,1,2024-07-22 10:43:26
0000003869,0000003456,1,2016-08-27 00:03:29
0000003870,0000003457,1,2017-01-15 08:33:46
0000003871,0000003458,1,2017-05-16 12:45:44
0000003872,0000003459,1,2019-12-17 10:49:21
0000003873,0000003460,1,2016-08-28 03:45:25
0000003874,0000003461,1,2016-12-27 07:39:11
0000003875,0000003462,1,2017-02-28 09:11:24
0000003876,0000003463,1,2015-12-06 02:58:28
0000003877,0000003464,1,2016-07-06 18:18:58
0000003878,0000003465,1,2015-09-19 15:41:05
0000003879,0000003466,1,2017-04-28 06:13:59
0000003880,0000003467,1,2017-01-08 11:47:38
0000003881,0000003468,1,2017-03-29 15:00:37
0000003882,0000003469,1,2015-12-09 20:00:00
0000003883,0000003470,1,2015-11-19 16:11:43
0000003884,0000003471,1,2016-01-24 15:31:29
0000003885,0000003471,2,2016-01-24 15:31:23
0000003886,0000003472,1,2019-01-03 00:01:34
0000003887,0000003473,1,2017-12-05 16:20:51
0000003888,0000003474,1,2022-06-17 21:23:20
0000003889,0000003475,1,2020-05-10 23:58:33
0000003890,0000003476,1,2023-12-15 12:13:22
0000003891,0000003477,1,2022-02-01 23:27:53
0000003892,0000003478,1,2020-04-05 00:56:03
0000003893,0000003479,1,2022-08-16 19:37:52
0000003894,0000003480,1,2020-10-31 06:33:38
0000003895,0000003481,1,2018-11-09 01:02:05
0000003896,0000003482,1,2023-12-12 23:41:51
0000003897,0000003483,1,2026-09-06 18:03:02
0000003898,0000003484,1,2016-10-10 01:17:37
0000003899,0000003485,1,2026-04-04 02:21:04
0000003900,0000003486,1,2020-10-06 03:05:17
0000003901,0000003487,1,2016-11-29 11:55:43
0000003902,0000003488,1,2025-04-18 23:12:51
0000003903,0000003489,1,2018-08-21 13:48:10
0000003904,0000003490,1,2019-10-16 00:50:48
0000003905,0000003491,1,2017-11-22 03:31:07
0000003906,0000003492,1,2022-03-11 22:29:27
0000003907,0000003493,1,2019-04-18 14:11:08
0000003908,0000003494,1,2022-02-24 11:57:38
0000003909,0000003495,1,2019-11-06 06:48:40
0000003910,0000003496,1,2016-11-21 06:33:05
0000003911,0000003497,1,2023-02-18 09:16:41
0000003912,0000003498,1,2023-08-12 19:26:14
0000003913,0000003499,1,2022-04-01 14:24:34
0000003914,0000003500,1,2023-02-20 22:04:51
0000003915,0000003501,1,2022-01-04 23:13:46
0000003916,0000003502,1,2025-03-18 15:05:56
0000003917,0000003503,1,2019-08-12 09:23:12
0000003918,0000003504,1,2015-01-08 13:02:10
0000003919,0000003505,1,2014-11-07 18:32:50
0000003920,0000003506,1,2015-08-10 19:27:19
0000003921,0000003507,1,2024-05-29 10:59:04
0000003922,0000003508,1,2020-07-31 06:27:05
0000003923,0000003509,1,2022-09-02 13:27:16
0000003924,0000003510,1,2020-03-30 00:33:39
0000003925,0000003511,1,2023-01-27 19:39:51
0000003926,0000003511,2,2023-01-27 19:39:38
0000003927,0000003512,1,2021-01-01 16:28:27
0000003928,0000003512,2,2021-01-01 16:29:26
0000003929,0000003513,1,2021-06-28 21:29:14
0000003930,0000003514,1,2023-07-13 23:31:59
0000003931,0000003515,1,2017-09-06 14:14:50
0000003932,0000003516,1,2018-05-09 17:56:59
0000003933,0000003517,1,2018-05-15 13:29:34
0000003934,0000003517,2,2018-05-15 13:30:44
0000003935,0000003518,1,2018-02-20 05:17:50
0000003936,0000003518,2,2018-02-20 05:18:06
0000003937,0000003519,1,2017-12-03 17:24:37
0000003938,0000003520,1,2016-02-15 00:19:55
0000003939,0000003521,1,2018-09-09 01:49:27
0000003940,0000003522,1,2021-01-06 02:49:43
0000003941,0000003523,1,2017-05-31 10:48:14
0000003942,0000003524,1,2019-09-25 07:32:33
0000003943,0000003525,1,2026-09-27 21:55:13
0000003944,0000003526,1,2024-12-04 14:07:23
0000003945,0000003527,1,2018-04-11 21:37:43
0000003946,0000003528,1,2021-12-25 15:19:32
0000003947,0000003529,1,2026-07-05 16:43:36
0000003948,0000003530,1,2021-07-04 09:55:14
0000003949,0000003530,2,2021-07-04 09:55:12
0000003950,0000003531,1,2017-04-02 11:29:18
0000003951,0000003532,1,2025-05-17 19:32:28
0000003952,0000003533,1,2017-02-01 20:07:19
0000003953,0000003534,1,2023-07-18 20:59:04
0000003954,0000003535,1,2018-05-25 12:22:23
0000003955,0000003536,1,2017-04-18 02:03:03
0000003956,0000003536,2,2017-04-18 02:03:23
0000003957,0000003537,1,2023-04-26 04:54:57
0000003958,0000003538,1,2022-12-13 11:59:48
0000003959,0000003539,1,2024-11-04 05:20:13
0000003960,0000003540,1,2022-03-24 05:26:25
0000003961,0000003541,1,2023-03-18 05:45:08
0000003962,0000003542,1,2024-10-15 05:22:04
0000003963,0000003543,1,2025-05-01 12:52:50
0000003964,0000003544,1,2019-12-16 02:07:48
0000003965,0000003545,1,2025-02-09 04:53:25
0000003966,0000003545,2,2025-02-09 04:52:22
0000003967,0000003546,1,2016-05-19 07:03:16
0000003968,0000003547,1,2022-12-28 22:14:27
0000003969,0000003548,1,2024-10-21 02:05:21
0000003970,0000003549,1,2024-03-30 09:18:12
0000003971,0000003550,1,2022-05-14 07:59:57
0000003972,0000003551,1,2019-02-12 06:27:15
0000003973,0000003552,1,2024-10-22 08:50:54
0000003974,0000003553,1,2024-10-22 19:19:17
0000003975,0000003554,1,2022-09-09 14:03:19
0000003976,0000003555,1,2017-03-05 05:34:08
0000003977,0000003556,1,2019-09-15 01:56:13
0000003978,0000003557,1,2020-06-29 15:34:41
0000003979,0000003558,1,2020-06-20 16:34:09
0000003980,0000003559,1,2025-10-12 02:46:42
0000003981,0000003560,1,2019-12-24 02:32:14
0000003982,0000003561,1,2022-10-03 02:37:30
0000003983,0000003562,1,2022-06-14 11:52:07
0000003984,0000003563,1,2020-11-16 06:56:49
0000003985,0000003564,1,2019-12-02 15:16:40
0000003986,0000003564,2,2019-12-02 15:14:59
0000003987,0000003565,1,2019-07-19 03:08:47
0000003988,0000003566,1,2018-12-18 11:09:48
0000003989,0000003567,1,2025-11-19 07:17:19
0000003990,0000003568,1,2026-06-28 08:00:44
0000003991,0000003569,1,2018-10-21 11:53:11
0000003992,0000003570,1,2019-01-29 16:52:01
0000003993,0000003571,1,2019-06-18 01:50:14
0000003994,0000003571,2,2019-06-18 01:49:59
0000003995,0000003572,1,2023-01-31 01:44:41
0000003996,0000003573,1,2023-06-04 09:46:49
0000003997,0000003574,1,2023-10-25 01:40:51
0000003998,0000003575,1,2019-09-20 15:40:20
0000003999,0000003576,1,2019-07-03 01:11:42
0000004000,0000003577,1,2018-02-06 11:24:15
0000004001,0000003577,2,2018-02-06 11:24:52
0000004002,0000003578,1,2020-01-31 22:59:20
0000004003,0000003579,1,2026-04-02 21:22:38
0000004004,0000003580,1,2017-03-17 20:40:53
0000004005,0000003581,1,2017-07-16 04:37:05
0000004006,0000003582,1,2020-03-21 22:02:05
0000004007,0000003583,1,2018-01-12 08:23:36
0000004008,0000003583,2,2018-01-12 08:24:47
0000004009,0000003584,1,2021-06-08 21:08:01
0000004010,0000003585,1,2020-04-11 01:37:50
0000004011,0000003586,1,2016-04-10 09:54:01
0000004012,0000003587,1,2020-05-09 17:41:32
0000004013,0000003588,1,2019-09-06 09:13:57
0000004014,0000003589,1,2021-01-20 01:08:34
0000004015,0000003590,1,2018-02-22 05:59:05
0000004016,0000003591,1,2020-12-22 23:23:00
0000004017,0000003592,1,2024-05-03 08:03:28
0000004018,0000003593,1,2019-11-24 07:09:30
0000004019,0000003594,1,2023-03-18 02:01:43
0000004020,0000003595,1,2016-10-25 19:47:58
0000004021,0000003596,1,2017-12-13 09:29:41
0000004022,0000003596,2,2017-12-13 09:31:03
0000004023,0000003597,1,2022-04-17 01:17:04
0000004024,0000003598,1,2016-02-02 22:30:36
0000004025,0000003598,2,2016-02-02 22:30:23
0000004026,0000003599,1,2021-06-13 02:05:11
0000004027,0000003600,1,2015-10-10 04:44:41
0000004028,0000003601,1,2024-10-15 20:59:25
0000004029,0000003602,1,2022-03-14 04:25:54
0000004030,0000003603,1,2020-01-11 13:49:20
0000004031,0000003604,1,2024-03-24 22:59:19
0000004032,0000003605,1,2019-09-17 00:39:51
0000004033,0000003606,1,2022-09-03 15:28:20
0000004034,0000003607,1,2023-06-23 19:23:14
0000004035,0000003608,1,2025-03-31 21:32:43
0000004036,0000003609,1,2021-02-09 11:57:40
0000004037,0000003610,1,2024-02-04 04:53:23
0000004038,0000003611,1,2024-09-23 09:10:13
0000004039,0000003612,1,2026-02-17 19:26:56
0000004040,0000003613,1,2020-05-27 02:25:09
0000004041,0000003614,1,2021-03-19 09:31:29
0000004042,0000003615,1,2020-03-13 12:56:41
0000004043,0000003616,1,2016-01-27 14:27:56
0000004044,0000003616,2,2016-01-27 14:27:37
0000004045,0000003617,1,2017-08-28 19:19:38
0000004046,0000003618,1,2017-09-04 18:05:45
0000004047,0000003619,1,2017-08-07 09:32:02
0000004048,0000003620,1,2024-11-19 00:25:25
0000004049,0000003620,2,2024-11-19 00:26:00
0000004050,0000003621,1,2016-09-10 00:10:52
0000004051,0000003622,1,2018-11-05 11:21:41
0000004052,0000003623,1,2022-10-11 01:02:48
0000004053,0000003624,1,2020-05-26 09:59:47
0000004054,0000003625,1,2025-04-27 02:20:44
0000004055,0000003626,1,2020-04-30 17:40:56
0000004056,0000003627,1,2018-10-24 21:21:52
0000004057,0000003628,1,2018-04-26 10:59:06
0000004058,0000003629,1,2023-09-05 06:55:56
0000004059,0000003630,1,2024-06-25 14:18:36
0000004060,0000003631,1,2023-04-10 21:07:24
0000004061,0000003632,1,2017-10-11 19:56:19
0000004062,0000003633,1,2020-01-01 22:07:55
0000004063,0000003633,2,2020-01-01 22:06:49
0000004064,0000003634,1,2023-05-17 21:34:22
0000004065,0000003635,1,2017-11-19 09:29:38
0000004066,0000003636,1,2021-04-11 01:49:10
0000004067,0000003637,1,2020-10-02 03:58:31
0000004068,0000003638,1,2021-11-07 12:16:49
0000004069,0000003638,2,2021-11-07 12:16:28
0000004070,0000003639,1,2019-09-16 15:29:29
0000004071,0000003640,1,2018-10-12 00:05:29
0000004072,0000003641,1,2020-12-10 18:47:49
0000004073,0000003642,1,2023-07-10 10:55:19
0000004074,0000003643,1,2016-05-28 20:43:04
0000004075,0000003644,1,2025-12-13 15:47:53
0000004076,0000003645,1,2023-02-08 21:20:34
0000004077,0000003646,1,2021-03-31 00:29:25
0000004078,0000003647,1,2016-12-31 13:06:00
0000004079,0000003648,1,2026-06-27 05:54:23
0000004080,0000003649,1,2018-02-19 23:16:26
0000004081,0000003650,1,2022-01-31 13:43:48
0000004082,0000003651,1,2015-10-19 08:43:59
0000004083,0000003652,1,2024-01-08 13:10:21
0000004084,0000003653,1,2018-11-27 10:12:21
0000004085,0000003654,1,2015-12-25 09:41:59
0000004086,0000003655,1,2016-05-22 08:54:57
0000004087,0000003656,1,2022-10-17 08:44:46
0000004088,0000003657,1,2020-11-19 10:18:41
0000004089,0000003658,1,2017-10-16 12:09:21
0000004090,0000003659,1,2019-08-15 22:06:30
0000004091,0000003660,1,2022-04-15 05:22:23
0000004092,0000003661,1,2025-04-19 06:30:45
0000004093,0000003662,1,2015-09-20 21:38:23
0000004094,0000003662,2,2015-09-20 21:38:59
0000004095,0000003663,1,2024-02-14 02:07:42
0000004096,0000003664,1,2021-03-01 18:08:27
0000004097,0000003665,1,2018-08-05 14:05:28
0000004098,0000003666,1,2022-08-14 05:55:31
0000004099,0000003667,1,2025-04-11 02:02:20
0000004100,0000003668,1,2019-09-03 01:10:13
0000004101,0000003669,1,2024-08-17 10:21:46
0000004102,0000003670,1,2021-02-26 01:47:18
0000004103,0000003670,2,2021-02-26 01:46:35
0000004104,0000003671,1,2022-04-22 23:09:28
0000004105,0000003671,2,2022-04-22 23:10:14
0000004106,0000003672,1,2021-02-10 20:13:09
0000004107,0000003673,1,2023-01-02 20:07:19
0000004108,0000003674,1,2019-03-17 21:53:00
0000004109,0000003675,1,2023-10-05 15:56:14
0000004110,0000003675,2,2023-10-05 15:56:34
0000004111,0000003676,1,2018-12-03 19:57:32
0000004112,0000003677,1,2017-10-08 05:08:38
0000004113,0000003678,1,2017-11-24 07:50:55
0000004114,0000003679,1,2023-11-25 04:22:36
0000004115,0000003680,1,2021-06-23 20:30:32
0000004116,0000003681,1,2018-12-08 20:52:33
0000004117,0000003682,1,2018-05-04 01:00:10
0000004118,0000003683,1,2024-05-20 05:36:33
0000004119,0000003684,1,2020-05-23 22:24:26
0000004120,0000003685,1,2025-03-25 22:28:13
0000004121,0000003686,1,2025-10-13 19:36:06
0000004122,0000003687,1,2022-02-25 12:10:47
0000004123,0000003688,1,2026-01-15 11:27:40
0000004124,0000003689,1,2025-11-15 23:08:58
0000004125,0000003690,1,2022-07-11 17:29:19
0000004126,0000003691,1,2020-02-19 00:33:00
0000004127,0000003692,1,2025-10-14 09:29:37
0000004128,0000003692,2,2025-10-14 09:30:52
0000004129,0000003693,1,2025-06-09 00:59:30
0000004130,0000003694,1,2025-08-04 07:43:58
0000004131,0000003695,1,2016-08-26 04:17:55
0000004132,0000003695,2,2016-08-26 04:19:07
0000004133,0000003696,1,2019-04-26 14:15:25
0000004134,0000003696,2,2019-04-26 14:15:49
0000004135,0000003697,1,2024-11-17 20:53:17
0000004136,0000003698,1,2024-04-22 00:04:28
0000004137,0000003699,1,2016-05-02 09:55:56
0000004138,0000003700,1,2022-09-05 19:11:45
0000004139,0000003700,2,2022-09-05 19:10:41
0000004140,0000003701,1,2017-02-01 14:59:31
0000004141,0000003701,2,2017-02-01 14:59:45
0000004142,0000003702,1,2025-02-18 04:48:25
0000004143,0000003703,1,2026-08-13 23:12:43
0000004144,0000003704,1,2022-05-19 14:44:53
0000004145,0000003705,1,2021-07-29 06:03:18
0000004146,0000003705,2,2021-07-29 06:03:14
0000004147,0000003706,1,2019-08-21 08:42:26
0000004148,0000003707,1,2025-12-04 07:31:09
0000004149,0000003707,2,2025-12-04 07:31:30
0000004150,0000003708,1,2025-04-05 03:51:24
0000004151,0000003709,1,2026-02-05 18:21:01
0000004152,0000003710,1,2019-02-26 03:28:43
0000004153,0000003711,1,2022-07-10 00:12:16
0000004154,0000003712,1,2019-01-07 10:57:44
0000004155,0000003713,1,2024-12-09 21:23:21
0000004156,0000003714,1,2019-08-31 07:28:28
0000004157,0000003715,1,2019-12-31 01:05:48
0000004158,0000003716,1,2022-01-08 03:35:46
0000004159,0000003717,1,2018-07-16 14:02:15
0000004160,0000003718,1,2019-03-16 09:49:21
0000004161,0000003719,1,2019-05-03 18:18:25
0000004162,0000003720,1,2021-04-25 13:43:13
0000004163,0000003721,1,2025-10-30 17:54:53
0000004164,0000003722,1,2023-02-25 06:22:26
0000004165,0000003723,1,2026-01-03 19:05:36
0000004166,0000003723,2,2026-01-03 19:05:11
0000004167,0000003724,1,2022-05-17 19:50:47
0000004168,0000003725,1,2023-09-10 18:37:28
0000004169,0000003726,1,2018-08-06 07:05:42
0000004170,0000003727,1,2024-08-09 15:19:17
0000004171,0000003728,1,2020-02-08 16:16:48
0000004172,0000003729,1,2017-05-05 04:58:49
0000004173,0000003730,1,2025-09-24 23:17:00
0000004174,0000003731,1,2018-06-18 19:56:38
0000004175,0000003731,2,2018-06-18 19:55:58
0000004176,0000003732,1,2022-01-24 09:14:40
0000004177,0000003733,1,2023-03-23 19:55:31
0000004178,0000003734,1,2022-12-26 00:42:10
0000004179,0000003734,2,2022-12-26 00:42:27
0000004180,0000003735,1,2024-05-24 00:27:00
0000004181,0000003736,1,2021-05-16 13:43:00
0000004182,0000003737,1,2021-01-23 21:38:01
0000004183,0000003737,2,2021-01-23 21:38:08
0000004184,0000003738,1,2019-08-16 19:44:27
0000004185,0000003739,1,2021-12-12 15:33:18
0000004186,0000003740,1,2026-07-06 11:16:57
0000004187,0000003741,1,2021-05-29 12:17:06
0000004188,0000003742,1,2025-12-12 18:48:45
0000004189,0000003743,1,2026-04-08 11:28:50
0000004190,0000003743,2,2026-04-08 11:29:08
0000004191,0000003744,1,2021-07-25 21:11:08
0000004192,0000003745,1,2024-09-21 12:08:11
0000004193,0000003746,1,2022-01-05 05:44:47
0000004194,0000003747,1,2019-10-25 22:11:46
0000004195,0000003748,1,2023-08-08 07:15:30
0000004196,0000003749,1,2024-07-02 02:32:44
0000004197,0000003749,2,2024-07-02 02:31:58
0000004198,0000003750,1,2025-07-30 05:18:57
0000004199,0000003751,1,2020-06-21 10:49:09
0000004200,0000003752,1,2017-07-23 17:03:41
0000004201,0000003753,1,2020-07-15 00:54:08
0000004202,0000003753,2,2020-07-15 00:55:24
0000004203,0000003754,1,2015-09-10 13:24:51
0000004204,0000003755,1,2018-06-24 13:25:59
0000004205,0000003756,1,2019-01-12 05:45:54
0000004206,0000003757,1,2017-07-12 03:08:43
0000004207,0000003758,1,2022-02-07 23:42:40
0000004208,0000003759,1,2025-10-18 13:35:23
0000004209,0000003760,1,2017-03-05 00:07:36
0000004210,0000003761,1,2024-07-02 01:01:52
0000004211,0000003762,1,2024-06-09 19:42:23
0000004212,0000003763,1,2017-03-11 17:19:19
0000004213,0000003764,1,2016-09-12 13:35:58
0000004214,0000003765,1,2017-07-30 00:54:31
0000004215,0000003766,1,2019-01-05 08:21:47
0000004216,0000003767,1,2018-06-25 14:29:56
0000004217,0000003768,1,2019-08-06 12:41:06
0000004218,0000003769,1,2017-10-02 02:35:13
0000004219,0000003770,1,2022-08-21 00:29:17
0000004220,0000003771,1,2019-05-29 13:01:04
0000004221,0000003772,1,2026-07-30 13:31:31
0000004222,0000003773,1,2023-05-13 22:37:52
0000004223,0000003774,1,2021-09-21 12:17:24
0000004224,0000003774,2,2021-09-21 12:16:33
0000004225,0000003775,1,2019-04-13 10:47:55
0000004226,0000003776,1,2019-06-13 23:33:57
0000004227,0000003777,1,2018-02-23 22:54:21
0000004228,0000003777,2,2018-02-23 22:53:39
0000004229,0000003778,1,2022-08-22 01:46:04
0000004230,0000003778,2,2022-08-22 01:46:25
0000004231,0000003779,1,2025-09-17 16:42:34
0000004232,0000003780,1,2020-12-09 07:33:31
0000004233,0000003781,1,2021-07-02 08:46:44
0000004234,0000003782,1,2026-05-31 14:22:16
0000004235,0000003783,1,2018-03-25 09:15:19
0000004236,0000003783,2,2018-03-25 09:15:23
0000004237,0000003784,1,2016-07-25 19:00:24
0000004238,0000003785,1,2017-09-15 04:22:03
0000004239,0000003786,1,2025-05-19 09:28:14
0000004240,0000003786,2,2025-05-19 09:29:00
0000004241,0000003787,1,2025-05-24 15:01:50
0000004242,0000003788,1,2023-11-20 18:02:17
0000004243,0000003789,1,2019-12-24 17:19:29
0000004244,0000003790,1,2023-09-06 09:34:54
0000004245,0000003791,1,2017-07-31 17:04:20
0000004246,0000003792,1,2018-08-04 19:17:11
0000004247,0000003793,1,2019-01-15 17:09:36
0000004248,0000003794,1,2016-11-13 11:54:12
0000004249,0000003795,1,2023-03-12 14:13:17
0000004250,0000003795,2,2023-03-12 14:11:56
0000004251,0000003796,1,2019-11-24 02:58:01
0000004252,0000003797,1,2023-06-18 07:56:09
0000004253,0000003797,2,2023-06-18 07:55:59
0000004254,0000003798,1,2026-05-03 15:27:14
0000004255,0000003799,1,2018-09-30 09:19:39
0000004256,0000003800,1,2025-03-19 14:38:14
0000004257,0000003800,2,2025-03-19 14:38:14
0000004258,0000003801,1,2023-02-16 09:57:32
0000004259,0000003802,1,2020-07-26 11:58:14
0000004260,0000003803,1,2021-10-10 13:40:11
0000004261,0000003804,1,2025-06-06 05:30:27
0000004262,0000003804,2,2025-06-06 05:31:39
0000004263,0000003805,1,2026-08-09 01:51:01
0000004264,0000003806,1,2017-09-03 15:04:12
0000004265,0000003807,1,2023-11-19 08:12:16
0000004266,0000003808,1,2023-01-25 17:38:18
0000004267,0000003809,1,2024-12-08 08:13:14
0000004268,0000003810,1,2015-06-05 17:43:34
0000004269,0000003811,1,2025-04-10 06:30:10
0000004270,0000003812,1,2026-09-26 16:30:56
0000004271,0000003813,1,2021-06-21 03:06:15
0000004272,0000003814,1,2026-01-18 08:21:26
0000004273,0000003815,1,2022-06-09 03:54:58
0000004274,0000003816,1,2018-06-08 12:24:19
0000004275,0000003817,1,2020-02-06 19:38:36
0000004276,0000003818,1,2022-01-09 00:14:46
0000004277,0000003819,1,2025-04-19 21:01:26
0000004278,0000003820,1,2022-02-27 18:37:08
0000004279,0000003821,1,2021-01-31 14:42:00
0000004280,0000003821,2,2021-01-31 14:43:24
0000004281,0000003822,1,2019-10-21 12:25:11
0000004282,0000003823,1,2021-04-23 07:34:20
0000004283,0000003824,1,2018-08-02 14:19:34
0000004284,0000003825,1,2024-05-07 11:30:47
0000004285,0000003826,1,2024-02-15 01:58:05
0000004286,0000003827,1,2020-07-24 07:15:06
0000004287,0000003828,1,2015-05-12 16:33:48
0000004288,0000003829,1,2016-12-27 04:42:43
0000004289,0000003830,1,2023-11-02 14:04:36
0000004290,0000003831,1,2018-06-30 03:32:30
0000004291,0000003832,1,2018-01-10 08:00:22
0000004292,0000003833,1,2024-01-10 06:13:27
0000004293,0000003834,1,2021-05-19 14:05:57
0000004294,0000003835,1,2021-02-01 22:48:27
0000004295,0000003836,1,2023-05-25 16:16:16
0000004296,0000003837,1,2021-08-21 12:15:55
0000004297,0000003838,1,2024-03-11 02:58:48
0000004298,0000003839,1,2023-12-12 03:20:23
0000004299,0000003840,1,2026-05-17 16:52:21
0000004300,0000003841,1,2026-02-04 09:56:32
0000004301,0000003841,2,2026-02-04 09:55:56
0000004302,0000003842,1,2024-11-03 00:41:23
0000004303,0000003842,2,2024-11-03 00:41:28
0000004304,0000003843,1,2017-04-19 16:59:52
0000004305,0000003844,1,2026-06-17 19:38:03
0000004306,0000003844,2,2026-06-17 19:38:29
0000004307,0000003845,1,2018-01-14 07:36:49
0000004308,0000003846,1,2017-08-24 14:23:21
0000004309,0000003847,1,2023-11-22 20:35:31
0000004310,0000003848,1,2022-11-24 00:10:18
0000004311,0000003849,1,2023-11-11 13:45:05
0000004312,0000003850,1,2025-03-01 19:07:03
0000004313,0000003851,1,2026-01-16 21:33:29
0000004314,0000003852,1,2018-04-01 01:47:54
0000004315,0000003853,1,2020-10-30 17:05:46
0000004316,0000003854,1,2026-08-28 03:19:11
0000004317,0000003855,1,2024-02-23 13:32:32
0000004318,0000003856,1,2023-09-26 05:44:15
0000004319,0000003857,1,2023-03-03 00:27:08
0000004320,0000003858,1,2022-03-13 22:39:04
0000004321,0000003859,1,2020-01-10 21:29:31
0000004322,0000003860,1,2018-11-09 20:43:47
0000004323,0000003861,1,2021-07-13 16:35:41
0000004324,0000003862,1,2024-01-11 17:21:13
0000004325,0000003863,1,2023-06-03 17:22:19
0000004326,0000003864,1,2021-12-08 11:28:00
0000004327,0000003865,1,2025-05-31 08:14:32
0000004328,0000003866,1,2023-08-04 21:58:14
0000004329,0000003867,1,2019-03-22 21:56:40
0000004330,0000003868,1,2019-09-11 03:39:00
0000004331,0000003869,1,2019-10-02 19:16:00
0000004332,0000003870,1,2017-11-15 08:15:04
0000004333,0000003871,1,2018-11-22 09:10:18
0000004334,0000003872,1,2018-10-02 15:56:14
0000004335,0000003873,1,2019-09-16 02:41:50
0000004336,0000003874,1,2019-03-16 06:38:59
0000004337,0000003875,1,2018-06-04 09:50:59
0000004338,0000003876,1,2019-10-11 14:08:42
0000004339,0000003877,1,2018-05-30 09:58:10
0000004340,0000003878,1,2018-04-26 05:34:10
0000004341,0000003879,1,2024-03-31 08:35:55
0000004342,0000003880,1,2020-12-24 11:57:41
0000004343,0000003881,1,2019-11-12 12:15:29
0000004344,0000003881,2,2019-11-12 12:16:34
0000004345,0000003882,1,2021-05-13 23:32:02
0000004346,0000003883,1,2024-12-01 07:39:57
0000004347,0000003884,1,2017-08-23 12:22:21
0000004348,0000003885,1,2020-12-05 14:44:06
0000004349,0000003886,1,2021-03-17 05:02:13
0000004350,0000003886,2,2021-03-17 05:00:28
0000004351,0000003887,1,2018-09-30 03:17:43
0000004352,0000003888,1,2019-02-17 05:19:19
0000004353,0000003889,1,2018-07-03 16:27:40
0000004354,0000003889,2,2018-07-03 16:28:59
0000004355,0000003890,1,2019-05-30 03:39:21
0000004356,0000003891,1,2017-11-19 22:55:35
0000004357,0000003892,1,2018-11-14 18:48:42
0000004358,0000003893,1,2017-11-01 01:30:33
0000004359,0000003894,1,2020-01-28 19:46:56
0000004360,0000003895,1,2017-11-13 04:19:14
0000004361,0000003896,1,2018-11-26 21:39:31
0000004362,0000003897,1,2019-06-25 18:52:57
0000004363,0000003898,1,2020-11-21 01:15:58
0000004364,0000003899,1,2018-12-31 09:22:28
0000004365,0000003900,1,2026-02-27 18:27:37
0000004366,0000003901,1,2019-10-09 07:44:07
0000004367,0000003902,1,2017-06-17 19:00:36
0000004368,0000003903,1,2023-11-28 19:19:51
0000004369,0000003904,1,2026-07-03 12:59:30
0000004370,0000003905,1,2018-02-27 07:08:17
0000004371,0000003906,1,2021-07-14 07:35:35
0000004372,0000003906,2,2021-07-14 07:36:11
0000004373,0000003907,1,2017-07-25 15:57:39
0000004374,0000003908,1,2020-10-31 07:33:49
0000004375,0000003909,1,2019-03-21 22:06:10
0000004376,0000003910,1,2023-05-22 11:24:03
0000004377,0000003911,1,2022-12-12 11:26:18
0000004378,0000003912,1,2020-05-15 15:38:39
0000004379,0000003913,1,2026-05-06 17:07:14
0000004380,0000003914,1,2015-03-09 06:25:33
0000004381,0000003915,1,2020-12-23 00:53:48
0000004382,0000003916,1,2020-08-11 14:22:43
0000004383,0000003917,1,2021-08-01 23:48:42
0000004384,0000003918,1,2019-03-05 17:07:13
0000004385,0000003918,2,2019-03-05 17:07:54
0000004386,0000003919,1,2025-12-09 03:13:47
0000004387,0000003920,1,2018-05-03 03:52:02
0000004388,0000003921,1,2018-04-06 00:01:05
0000004389,0000003922,1,2017-11-23 10:30:29
0000004390,0000003923,1,2019-01-17 13:36:15
0000004391,0000003924,1,2019-11-23 11:10:43
0000004392,0000003925,1,2021-03-21 12:09:47
0000004393,0000003926,1,2020-03-03 10:31:37
0000004394,0000003927,1,2020-12-05 19:40:01
0000004395,0000003927,2,2020-12-05 19:41:16
0000004396,0000003928,1,2017-11-07 12:58:17
0000004397,0000003929,1,2018-01-13 12:35:26
0000004398,0000003929,2,2018-01-13 12:35:52
0000004399,0000003930,1,2022-11-12 17:17:38
0000004400,0000003931,1,2018-06-24 21:39:49
0000004401,0000003932,1,2026-02-06 08:28:54
0000004402,0000003933,1,2021-09-01 02:16:30
0000004403,0000003934,1,2016-05-30 11:47:01
0000004404,0000003935,1,2022-12-19 16:55:42
0000004405,0000003936,1,2022-01-12 04:30:37
0000004406,0000003937,1,2026-02-27 21:02:50
0000004407,0000003938,1,2021-05-19 04:58:54
0000004408,0000003939,1,2022-02-19 02:03:22
0000004409,0000003940,1,2015-09-17 04:16:32
0000004410,0000003941,1,2020-03-13 14:51:24
0000004411,0000003942,1,2015-09-03 08:29:10
0000004412,0000003943,1,2021-11-21 12:07:24
0000004413,0000003944,1,2022-06-29 02:39:36
0000004414,0000003945,1,2015-11-25 16:35:13
0000004415,0000003946,1,2024-06-02 01:15:20
0000004416,0000003947,1,2016-11-13 05:48:49
0000004417,0000003948,1,2017-05-01 17:35:41
0000004418,0000003949,1,2023-04-19 05:56:26
0000004419,0000003950,1,2016-11-29 02:13:14
0000004420,0000003951,1,2022-11-26 09:35:24
0000004421,0000003952,1,2025-02-15 07:01:43
0000004422,0000003953,1,2023-08-08 09:52:23
0000004423,0000003954,1,2025-05-18 22:11:43
0000004424,0000003955,1,2022-07-29 17:58:07
0000004425,0000003956,1,2023-10-18 01:33:39
0000004426,0000003957,1,2023-06-15 09:30:46
0000004427,0000003957,2,2023-06-15 09:31:44
0000004428,0000003958,1,2018-10-23 19:50:56
0000004429,0000003959,1,2025-01-23 23:41:13
0000004430,0000003960,1,2024-01-29 11:41:42
0000004431,0000003961,1,2016-10-12 13:58:47
0000004432,0000003962,1,2018-04-04 09:07:26
0000004433,0000003963,1,2017-09-30 22:18:19
0000004434,0000003964,1,2024-10-26 20:40:40
0000004435,0000003965,1,2017-06-26 12:36:07
0000004436,0000003965,2,2017-06-26 12:36:09
0000004437,0000003966,1,2021-03-10 04:09:53
0000004438,0000003967,1,2020-07-27 17:07:50
0000004439,0000003967,2,2020-07-27 17:06:59
0000004440,0000003968,1,2016-12-24 01:12:39
0000004441,0000003968,2,2016-12-24 01:12:52
0000004442,0000003969,1,2026-03-25 05:42:46
0000004443,0000003970,1,2021-04-19 21:50:54
0000004444,0000003971,1,2025-07-25 07:29:52
0000004445,0000003972,1,2023-04-03 09:24:22
0000004446,0000003973,1,2016-12-11 21:09:58
0000004447,0000003974,1,2019-05-12 15:33:39
0000004448,0000003975,1,2018-12-06 19:48:37
0000004449,0000003976,1,2023-03-04 17:53:56
0000004450,0000003977,1,2020-04-15 06:44:04
0000004451,0000003978,1,2017-12-24 01:07:27
0000004452,0000003979,1,2019-06-10 14:43:01
0000004453,0000003980,1,2025-09-21 10:43:31
0000004454,0000003981,1,2023-10-29 21:44:21
0000004455,0000003982,1,2018-05-04 03:06:32
0000004456,0000003983,1,2026-02-06 17:51:16
0000004457,0000003984,1,2023-09-18 22:48:48
0000004458,0000003985,1,2025-01-12 23:52:29
0000004459,0000003986,1,2021-10-04 22:43:35
0000004460,0000003987,1,2025-08-31 14:33:23
0000004461,0000003988,1,2023-02-24 05:13:46
0000004462,0000003989,1,2019-02-16 13:04:52
0000004463,0000003990,1,2017-08-04 20:51:07
0000004464,0000003991,1,2020-07-24 12:47:13
0000004465,0000003991,2,2020-07-24 12:45:43
0000004466,0000003992,1,2019-06-15 23:38:50
0000004467,0000003993,1,2024-02-10 01:22:19
0000004468,0000003994,1,2018-05-26 12:31:01
0000004469,0000003995,1,2020-05-19 13:55:16
0000004470,0000003996,1,2022-09-14 03:05:40
0000004471,0000003997,1,2017-01-18 18:22:16
0000004472,0000003998,1,2018-03-29 10:10:58
0000004473,0000003999,1,2016-03-29 21:47:59
0000004474,0000004000,1,2021-11-30 12:33:10
0000004475,0000004001,1,2017-10-22 06:57:01
0000004476,0000004002,1,2016-11-23 18:22:12
0000004477,0000004003,1,2022-11-10 17:05:44
0000004478,0000004004,1,2020-02-09 02:10:47
0000004479,0000004005,1,2020-09-25 01:26:56
0000004480,0000004006,1,2018-09-02 07:56:03
0000004481,0000004007,1,2025-08-01 05:37:07
0000004482,0000004008,1,2021-07-16 13:02:15
0000004483,0000004009,1,2017-07-30 19:16:07
0000004484,0000004010,1,2016-08-12 18:37:37
0000004485,0000004011,1,2022-09-27 03:58:39
0000004486,0000004012,1,2025-08-11 17:27:26
0000004487,0000004013,1,2026-09-11 08:49:25
0000004488,0000004014,1,2025-11-26 00:46:15
0000004489,0000004015,1,2018-08-11 02:05:30
0000004490,0000004016,1,2023-07-01 21:35:20
0000004491,0000004017,1,2022-12-07 02:12:08
0000004492,0000004018,1,2024-05-08 22:45:37
0000004493,0000004019,1,2022-07-11 12:49:22
0000004494,0000004020,1,2022-02-26 13:35:12
0000004495,0000004021,1,2019-09-19 04:51:48
0000004496,0000004022,1,2018-02-14 14:33:53
0000004497,0000004023,1,2023-06-29 16:22:01
0000004498,0000004024,1,2022-09-22 23:29:03
0000004499,0000004025,1,2022-03-15 00:04:10
0000004500,0000004026,1,2022-10-02 07:02:35
0000004501,0000004027,1,2020-02-24 12:54:05
0000004502,0000004028,1,2022-12-26 11:05:40
0000004503,0000004029,1,2023-01-05 20:58:44
0000004504,0000004030,1,2020-09-13 07:00:29
0000004505,0000004031,1,2020-05-09 22:07:46
0000004506,0000004032,1,2019-05-07 05:43:28
0000004507,0000004033,1,2016-12-02 00:20:05
0000004508,0000004034,1,2017-10-11 18:14:52
0000004509,0000004035,1,2019-03-03 07:13:19
0000004510,0000004036,1,2018-12-06 11:59:01
0000004511,0000004037,1,2023-12-06 22:48:53
0000004512,0000004038,1,2024-09-11 10:54:13
0000004513,0000004038,2,2024-09-11 10:54:14
0000004514,0000004039,1,2022-10-24 20:07:28
0000004515,0000004039,2,2022-10-24 20:07:34
0000004516,0000004040,1,2020-03-24 12:45:56
0000004517,0000004041,1,2021-10-11 05:30:48
0000004518,0000004042,1,2024-10-22 21:31:10
0000004519,0000004043,1,2022-08-29 11:02:05
0000004520,0000004044,1,2026-04-14 07:08:40
0000004521,0000004045,1,2022-10-23 02:42:36
0000004522,0000004046,1,2020-07-29 05:57:58
0000004523,0000004047,1,2019-11-18 21:21:58
0000004524,0000004048,1,2020-02-17 07:57:35
0000004525,0000004048,2,2020-02-17 07:56:41
0000004526,0000004049,1,2021-01-17 07:47:08
0000004527,0000004050,1,2021-12-12 22:19:07
0000004528,0000004051,1,2026-09-01 21:50:00
0000004529,0000004052,1,2019-01-25 14:17:31
0000004530,0000004053,1,2021-05-11 08:40:00
0000004531,0000004053,2,2021-05-11 08:38:16
0000004532,0000004054,1,2026-09-14 16:40:24
0000004533,0000004055,1,2020-08-01 17:42:16
0000004534,0000004056,1,2022-06-23 18:41:01
0000004535,0000004057,1,2024-06-09 02:40:29
0000004536,0000004058,1,2021-09-06 10:24:35
0000004537,0000004059,1,2024-01-09 13:07:35
0000004538,0000004060,1,2021-11-03 10:24:29
0000004539,0000004060,2,2021-11-03 10:23:57
0000004540,0000004061,1,2024-10-27 09:40:26
0000004541,0000004062,1,2024-02-03 04:03:12
0000004542,0000004063,1,2022-03-28 14:59:50
0000004543,0000004064,1,2019-03-05 03:54:16
0000004544,0000004065,1,2025-04-03 09:34:29
0000004545,0000004066,1,2017-10-02 01:16:16
0000004546,0000004067,1,2016-12-28 01:51:32
0000004547,0000004068,1,2019-01-04 04:58:22
0000004548,0000004069,1,2024-04-08 13:56:43
0000004549,0000004070,1,2020-11-06 14:33:14
0000004550,0000004071,1,2024-12-30 07:00:16
0000004551,0000004072,1,2019-01-30 11:21:00
0000004552,0000004073,1,2023-03-06 17:25:37
0000004553,0000004074,1,2017-09-02 10:16:03
0000004554,0000004074,2,2017-09-02 10:16:27
0000004555,0000004075,1,2016-08-09 07:15:53
0000004556,0000004076,1,2022-10-21 20:21:41
0000004557,0000004077,1,2023-08-01 11:41:50
0000004558,0000004078,1,2019-09-05 03:13:37
0000004559,0000004078,2,2019-09-05 03:12:59
0000004560,0000004079,1,2024-11-06 14:20:33
0000004561,0000004080,1,2024-05-17 15:05:54
0000004562,0000004081,1,2019-06-14 02:19:27
0000004563,0000004082,1,2018-12-23 11:41:34
0000004564,0000004083,1,2020-06-10 04:00:20
0000004565,0000004084,1,2025-04-18 14:33:16
0000004566,0000004084,2,2025-04-18 14:34:18
0000004567,0000004085,1,2015-03-13 07:02:21
0000004568,0000004086,1,2015-07-28 21:44:04
0000004569,0000004087,1,2025-02-16 01:01:52
0000004570,0000004088,1,2022-05-06 12:01:11
0000004571,0000004089,1,2026-08-30 12:07:24
0000004572,0000004090,1,2021-04-26 17:11:54
0000004573,0000004091,1,2018-07-06 01:38:53
0000004574,0000004092,1,2022-02-23 04:46:40
0000004575,0000004093,1,2016-06-26 01:11:06
0000004576,0000004094,1,2019-09-14 08:35:56
0000004577,0000004095,1,2026-03-03 05:19:10
0000004578,0000004096,1,2017-12-12 18:20:42
0000004579,0000004097,1,2024-10-06 15:54:10
0000004580,0000004097,2,2024-10-06 15:54:20
0000004581,0000004098,1,2017-05-21 09:38:24
0000004582,0000004099,1,2025-05-15 11:41:55
0000004583,0000004100,1,2019-08-28 19:25:46
0000004584,0000004101,1,2020-03-31 09:22:19
0000004585,0000004102,1,2019-12-18 01:28:27
0000004586,0000004103,1,2017-07-13 09:17:46
0000004587,0000004104,1,2025-05-14 11:35:21
0000004588,0000004104,2,2025-05-14 11:35:51
0000004589,0000004105,1,2020-08-02 19:46:23
0000004590,0000004106,1,2018-11-28 03:54:18
0000004591,0000004106,2,2018-11-28 03:54:04
0000004592,0000004107,1,2020-10-27 02:57:56
0000004593,0000004108,1,2018-07-11 14:26:29
0000004594,0000004109,1,2023-11-27 11:46:24
0000004595,0000004110,1,2021-03-29 16:13:04
0000004596,0000004110,2,2021-03-29 16:13:36
0000004597,0000004111,1,2020-03-11 08:37:34
0000004598,0000004111,2,2020-03-11 08:38:04
0000004599,0000004112,1,2020-01-26 06:37:26
0000004600,0000004112,2,2020-01-26 06:36:45
0000004601,0000004113,1,2022-08-14 00:16:37
0000004602,0000004114,1,2022-12-31 14:37:27
0000004603,0000004115,1,2022-04-12 14:43:50
0000004604,0000004116,1,2021-12-15 16:33:52
0000004605,0000004117,1,2023-09-01 22:20:49
0000004606,0000004118,1,2018-10-16 22:35:57
0000004607,0000004118,2,2018-10-16 22:34:52
0000004608,0000004119,1,2022-09-15 16:23:59
0000004609,0000004120,1,2018-04-20 17:19:21
0000004610,0000004121,1,2018-09-17 03:00:50
0000004611,0000004122,1,2022-10-26 03:55:26
0000004612,0000004123,1,2023-07-19 16:12:22
0000004613,0000004124,1,2023-02-01 16:01:52
0000004614,0000004125,1,2021-10-27 08:08:48
0000004615,0000004126,1,2022-03-15 08:04:03
0000004616,0000004126,2,2022-03-15 08:03:18
0000004617,0000004127,1,2016-06-05 23:41:02
0000004618,0000004128,1,2023-05-02 14:24:35
0000004619,0000004129,1,2024-09-03 06:15:43
0000004620,0000004129,2,2024-09-03 06:15:40
0000004621,0000004130,1,2018-02-02 22:50:34
0000004622,0000004131,1,2017-03-05 21:31:14
0000004623,0000004132,1,2020-12-30 05:36:25
0000004624,0000004133,1,2020-09-19 05:26:30
0000004625,0000004134,1,2018-06-15 08:34:43
0000004626,0000004135,1,2015-12-21 07:32:09
0000004627,0000004136,1,2018-07-30 22:05:40
0000004628,0000004137,1,2025-09-11 14:07:01
0000004629,0000004138,1,2019-05-29 20:31:33
0000004630,0000004139,1,2017-06-19 02:49:35
0000004631,0000004140,1,2021-02-09 21:21:17
0000004632,0000004141,1,2018-10-15 08:13:10
0000004633,0000004142,1,2016-05-24 07:21:03
0000004634,0000004143,1,2020-09-05 12:37:25
0000004635,0000004144,1,2025-04-27 14:23:15
0000004636,0000004144,2,2025-04-27 14:23:09
0000004637,0000004145,1,2022-08-22 07:05:24
0000004638,0000004146,1,2020-06-29 09:51:56
0000004639,0000004147,1,2026-03-09 18:40:55
0000004640,0000004148,1,2023-12-09 18:30:07
0000004641,0000004148,2,2023-12-09 18:28:50
0000004642,0000004149,1,2023-05-12 20:40:32
0000004643,0000004150,1,2020-12-16 15:21:07
0000004644,0000004151,1,2022-12-14 09:28:04
0000004645,0000004152,1,2020-07-14 02:23:15
0000004646,0000004152,2,2020-07-14 02:22:32
0000004647,0000004153,1,2021-09-25 02:21:22
0000004648,0000004154,1,2023-06-21 09:15:28
0000004649,0000004155,1,2016-05-04 23:01:53
0000004650,0000004156,1,2020-10-17 03:25:57
0000004651,0000004157,1,2021-07-24 23:39:46
0000004652,0000004158,1,2019-03-12 04:54:50
0000004653,0000004159,1,2022-02-10 03:15:20
0000004654,0000004160,1,2016-09-13 16:04:02
0000004655,0000004161,1,2018-08-22 14:36:11
0000004656,0000004162,1,2024-07-15 23:01:28
0000004657,0000004163,1,2025-11-22 06:36:33
0000004658,0000004164,1,2017-03-18 18:07:42
0000004659,0000004165,1,2023-07-03 13:34:21
0000004660,0000004166,1,2019-12-23 10:47:55
0000004661,0000004167,1,2016-11-25 06:11:37
0000004662,0000004168,1,2019-06-28 04:55:33
0000004663,0000004169,1,2017-06-02 01:34:49
0000004664,0000004170,1,2020-10-10 11:41:55
0000004665,0000004171,1,2024-06-03 21:19:02
0000004666,0000004172,1,2020-04-15 04:04:52
0000004667,0000004173,1,2018-05-05 18:49:26
0000004668,0000004174,1,2018-11-24 06:50:13
0000004669,0000004175,1,2026-09-21 19:00:16
0000004670,0000004176,1,2020-06-06 03:08:15
0000004671,0000004176,2,2020-06-06 03:08:06
0000004672,0000004177,1,2020-08-30 09:06:25
0000004673,0000004178,1,2026-09-02 13:12:04
0000004674,0000004178,2,2026-09-02 13:12:57
0000004675,0000004179,1,2026-09-10 05:33:15
0000004676,0000004179,2,2026-09-10 05:33:43
0000004677,0000004180,1,2020-02-13 01:26:18
0000004678,0000004181,1,2023-08-25 07:54:44
0000004679,0000004182,1,2022-07-18 05:11:47
0000004680,0000004183,1,2023-11-08 17:27:49
0000004681,0000004184,1,2016-06-05 10:40:34
0000004682,0000004185,1,2016-10-28 21:11:45
0000004683,0000004186,1,2020-07-02 16:39:59
0000004684,0000004187,1,2020-09-23 06:42:09
0000004685,0000004188,1,2018-01-01 02:59:07
0000004686,0000004189,1,2018-12-20 01:00:47
0000004687,0000004190,1,2021-03-13 23:17:26
0000004688,0000004191,1,2023-03-24 23:13:56
0000004689,0000004192,1,2017-01-14 21:54:11
0000004690,0000004193,1,2016-10-16 10:40:34
0000004691,0000004193,2,2016-10-16 10:40:14
0000004692,0000004194,1,2020-08-19 13:58:10
0000004693,0000004195,1,2019-01-16 06:29:52
0000004694,0000004196,1,2019-12-27 01:21:50
0000004695,0000004197,1,2017-11-22 16:59:00
0000004696,0000004198,1,2017-11-14 15:33:12
0000004697,0000004199,1,2021-09-03 09:41:46
0000004698,0000004200,1,2026-07-25 03:45:26
0000004699,0000004201,1,2020-12-09 13:27:53
0000004700,0000004202,1,2021-03-27 13:52:27
0000004701,0000004203,1,2026-07-08 14:10:50
0000004702,0000004204,1,2018-04-07 08:34:56
0000004703,0000004205,1,2020-11-12 03:57:44
0000004704,0000004206,1,2023-04-18 04:06:59
0000004705,0000004207,1,2017-04-10 02:14:22
0000004706,0000004208,1,2018-12-21 12:51:17
0000004707,0000004209,1,2024-09-06 21:29:06
0000004708,0000004210,1,2016-02-20 16:23:49
0000004709,0000004211,1,2023-11-25 12:46:25
0000004710,0000004212,1,2022-08-23 20:35:53
0000004711,0000004213,1,2026-02-17 00:45:11
0000004712,0000004214,1,2023-04-25 20:21:17
0000004713,0000004215,1,2021-10-28 21:21:45
0000004714,0000004215,2,2021-10-28 21:20:35
0000004715,0000004216,1,2020-07-27 01:47:29
0000004716,0000004217,1,2016-09-05 16:58:29
0000004717,0000004218,1,2019-07-10 08:25:44
0000004718,0000004219,1,2019-08-23 15:53:06
0000004719,0000004220,1,2018-03-02 06:25:09
0000004720,0000004221,1,2022-06-01 01:39:24
0000004721,0000004221,2,2022-06-01 01:40:02
0000004722,0000004222,1,2021-01-09 23:11:31
0000004723,0000004223,1,2018-05-25 06:14:51
0000004724,0000004223,2,2018-05-25 06:13:36
0000004725,0000004224,1,2019-01-25 12:10:10
0000004726,0000004224,2,2019-01-25 12:10:49
0000004727,0000004225,1,2018-06-29 08:36:17
0000004728,0000004226,1,2025-09-12 09:17:55
0000004729,0000004226,2,2025-09-12 09:17:15
0000004730,0000004227,1,2020-11-13 06:04:28
0000004731,0000004227,2,2020-11-13 06:04:42
0000004732,0000004228,1,2022-02-11 01:14:58
0000004733,0000004229,1,2024-08-21 23:18:16
0000004734,0000004229,2,2024-08-21 23:19:29
0000004735,0000004230,1,2019-07-11 16:36:58
0000004736,0000004230,2,2019-07-11 16:36:23
0000004737,0000004231,1,2022-11-24 02:11:24
0000004738,0000004232,1,2020-10-12 09:15:11
0000004739,0000004233,1,2022-10-26 06:46:25
0000004740,0000004234,1,2024-02-18 00:52:57
0000004741,0000004235,1,2016-11-07 22:32:21
0000004742,0000004236,1,2018-11-03 15:49:26
0000004743,0000004237,1,2015-12-08 14:11:23
0000004744,0000004238,1,2023-02-13 07:49:06
0000004745,0000004239,1,2024-02-02 13:40:28
0000004746,0000004240,1,2026-06-28 08:05:32
0000004747,0000004240,2,2026-06-28 08:06:22
0000004748,0000004241,1,2023-03-23 07:53:48
0000004749,0000004242,1,2022-01-03 22:45:16
0000004750,0000004243,1,2017-03-22 06:00:39
0000004751,0000004244,1,2020-10-11 00:17:54
0000004752,0000004245,1,2025-12-21 10:41:04
0000004753,0000004246,1,2026-01-27 21:48:28
0000004754,0000004247,1,2018-12-26 18:27:15
0000004755,0000004248,1,2019-02-09 12:13:57
0000004756,0000004249,1,2018-01-10 18:55:16
0000004757,0000004250,1,2022-02-12 19:28:58
0000004758,0000004251,1,2019-04-04 10:23:21
0000004759,0000004252,1,2021-02-20 00:25:33
0000004760,0000004253,1,2018-06-22 17:40:38
0000004761,0000004253,2,2018-06-22 17:40:41
0000004762,0000004254,1,2019-04-19 09:35:57
0000004763,0000004255,1,2019-06-21 21:16:39
0000004764,0000004256,1,2020-11-09 02:43:24
0000004765,0000004257,1,2022-04-09 02:41:42
0000004766,0000004258,1,2018-07-12 07:50:11
0000004767,0000004259,1,2021-12-17 20:28:47
0000004768,0000004260,1,2017-01-11 15:11:33
0000004769,0000004260,2,2017-01-11 15:10:59
0000004770,0000004261,1,2017-02-11 22:10:30
0000004771,0000004262,1,2019-04-08 06:52:33
0000004772,0000004263,1,2019-12-16 15:12:42
0000004773,0000004264,1,2017-09-09 11:11:13
0000004774,0000004265,1,2020-12-30 03:30:13
0000004775,0000004266,1,2019-12-02 08:37:25
0000004776,0000004267,1,2024-11-12 09:05:38
0000004777,0000004268,1,2024-04-30 08:22:45
0000004778,0000004269,1,2020-02-10 23:20:08
0000004779,0000004270,1,2019-07-29 16:16:58
0000004780,0000004271,1,2017-09-26 01:50:00
0000004781,0000004272,1,2022-03-25 14:47:32
0000004782,0000004273,1,2020-08-10 15:42:33
0000004783,0000004274,1,2020-05-31 15:53:02
0000004784,0000004275,1,2021-08-28 12:37:41
0000004785,0000004276,1,2026-02-03 12:33:40
0000004786,0000004277,1,2026-04-07 23:41:23
0000004787,0000004278,1,2025-10-27 17:19:26
0000004788,0000004279,1,2020-05-23 00:27:55
0000004789,0000004280,1,2018-04-10 01:36:01
0000004790,0000004281,1,2020-10-28 04:56:32
0000004791,0000004282,1,2024-03-20 05:23:33
0000004792,0000004283,1,2020-06-26 07:32:06
0000004793,0000004284,1,2020-05-19 03:47:40
0000004794,0000004285,1,2024-06-08 17:49:47
0000004795,0000004286,1,2017-12-20 16:07:49
0000004796,0000004287,1,2021-01-06 03:41:48
0000004797,0000004288,1,2021-02-06 18:00:45
0000004798,0000004289,1,2021-11-04 20:54:49
0000004799,0000004290,1,2023-02-23 03:02:32
0000004800,0000004290,2,2023-02-23 03:01:23
0000004801,0000004291,1,2023-01-13 08:56:16
0000004802,0000004291,2,2023-01-13 08:56:35
0000004803,0000004292,1,2023-12-23 05:49:16
0000004804,0000004293,1,2026-01-04 00:57:09
0000004805,0000004294,1,2022-08-16 22:16:52
0000004806,0000004295,1,2022-08-10 06:51:26
0000004807,0000004296,1,2023-11-12 15:49:00
0000004808,0000004297,1,2021-06-08 07:11:03
0000004809,0000004298,1,2026-04-29 15:57:40
0000004810,0000004299,1,2021-10-25 18:41:32
0000004811,0000004300,1,2023-04-06 00:09:39
0000004812,0000004301,1,2020-11-03 20:49:37
0000004813,0000004302,1,2020-06-21 22:58:37
0000004814,0000004303,1,2026-09-12 04:21:57
0000004815,0000004304,1,2022-05-24 18:52:23
0000004816,0000004305,1,2021-02-21 23:11:06
0000004817,0000004306,1,2018-02-06 05:54:22
0000004818,0000004307,1,2019-08-08 15:49:56
0000004819,0000004307,2,2019-08-08 15:49:19
0000004820,0000004308,1,2024-06-26 22:29:46
0000004821,0000004309,1,2021-11-19 08:48:13
0000004822,0000004310,1,2022-11-04 19:13:18
0000004823,0000004311,1,2015-12-20 00:02:44
0000004824,0000004312,1,2015-07-13 17:56:18
0000004825,0000004313,1,2021-04-13 07:48:47
0000004826,0000004314,1,2018-04-01 10:34:22
0000004827,0000004315,1,2020-06-29 03:27:06
0000004828,0000004316,1,2021-04-25 01:07:18
0000004829,0000004317,1,2015-08-18 15:39:17
0000004830,0000004318,1,2022-09-09 11:42:16
0000004831,0000004319,1,2017-03-08 16:34:10
0000004832,0000004319,2,2017-03-08 16:34:59
0000004833,0000004320,1,2018-08-21 08:54:28
0000004834,0000004321,1,2017-05-28 19:47:40
0000004835,0000004321,2,2017-05-28 19:47:39
0000004836,0000004322,1,2021-08-21 14:49:24
0000004837,0000004322,2,2021-08-21 14:49:23
0000004838,0000004323,1,2016-06-19 00:58:02
0000004839,0000004324,1,2020-11-21 05:02:59
0000004840,0000004325,1,2020-08-12 03:33:22
0000004841,0000004326,1,2021-12-27 07:41:57
0000004842,0000004327,1,2022-04-18 17:41:47
0000004843,0000004328,1,2023-01-07 18:49:52
0000004844,0000004329,1,2023-07-20 03:04:54
0000004845,0000004330,1,2018-06-22 03:07:08
0000004846,0000004331,1,2021-03-14 23:49:48
0000004847,0000004332,1,2024-06-20 13:38:10
0000004848,0000004332,2,2024-06-20 13:38:43
0000004849,0000004333,1,2020-02-03 15:47:25
0000004850,0000004334,1,2026-08-23 08:37:51
0000004851,0000004334,2,2026-08-23 08:37:29
0000004852,0000004335,1,2018-09-28 02:28:08
0000004853,0000004336,1,2023-01-10 14:36:12
0000004854,0000004337,1,2022-06-17 03:08:46
0000004855,0000004338,1,2026-01-19 22:47:14
0000004856,0000004339,1,2016-03-22 11:22:45
0000004857,0000004340,1,2017-08-19 04:54:54
0000004858,0000004341,1,2017-07-16 23:07:21
0000004859,0000004342,1,2020-06-18 11:36:25
0000004860,0000004343,1,2016-07-13 00:50:05
0000004861,0000004344,1,2016-03-10 04:42:08
0000004862,0000004345,1,2024-07-22 19:27:34
0000004863,0000004345,2,2024-07-22 19:27:26
0000004864,0000004346,1,2018-12-23 21:02:17
0000004865,0000004347,1,2026-07-15 07:34:27
0000004866,0000004348,1,2020-08-10 18:49:10
0000004867,0000004348,2,2020-08-10 18:49:12
0000004868,0000004349,1,2020-11-21 00:00:25
0000004869,0000004350,1,2016-12-20 14:37:43
0000004870,0000004351,1,2017-02-20 13:24:25
0000004871,0000004352,1,2019-08-29 07:26:52
0000004872,0000004353,1,2020-09-17 00:43:56
0000004873,0000004354,1,2022-09-11 19:12:06
0000004874,0000004355,1,2017-04-23 12:09:02
0000004875,0000004356,1,2022-05-16 21:50:55
0000004876,0000004357,1,2024-02-06 22:32:23
0000004877,0000004358,1,2018-12-21 09:13:53
0000004878,0000004358,2,2018-12-21 09:14:16
0000004879,0000004359,1,2021-10-07 18:42:11
0000004880,0000004359,2,2021-10-07 18:43:06
0000004881,0000004360,1,2022-03-14 00:09:59
0000004882,0000004361,1,2023-10-27 23:57:28
0000004883,0000004362,1,2025-10-15 00:25:37
0000004884,0000004363,1,2020-10-25 11:17:55
0000004885,0000004363,2,2020-10-25 11:18:22
0000004886,0000004364,1,2020-02-20 07:59:11
0000004887,0000004365,1,2015-10-04 18:43:20
0000004888,0000004366,1,2020-04-27 00:24:35
0000004889,0000004367,1,2019-07-16 09:37:50
0000004890,0000004368,1,2026-05-08 18:28:48
0000004891,0000004369,1,2016-04-29 04:57:19
0000004892,0000004370,1,2019-12-09 06:19:29
0000004893,0000004371,1,2018-01-30 00:27:13
0000004894,0000004372,1,2023-06-13 15:56:35
0000004895,0000004373,1,2024-01-14 14:41:04
0000004896,0000004374,1,2019-12-07 13:50:43
0000004897,0000004375,1,2026-09-30 08:16:30
0000004898,0000004376,1,2020-07-17 17:44:41
0000004899,0000004377,1,2026-07-07 08:02:43
0000004900,0000004378,1,2023-01-23 11:02:52
0000004901,0000004378,2,2023-01-23 11:03:50
0000004902,0000004379,1,2025-06-18 07:25:11
0000004903,0000004380,1,2025-02-01 10:24:08
0000004904,0000004381,1,2019-06-01 04:46:03
0000004905,0000004382,1,2025-04-05 23:57:14
0000004906,0000004383,1,2024-02-08 03:39:06
0000004907,0000004384,1,2019-02-03 18:30:18
0000004908,0000004385,1,2021-07-08 02:29:23
0000004909,0000004386,1,2020-07-04 15:37:02
0000004910,0000004387,1,2019-07-03 08:08:07
0000004911,0000004388,1,2019-08-30 09:54:53
0000004912,0000004389,1,2020-09-09 23:41:02
0000004913,0000004390,1,2022-10-17 02:10:57
0000004914,0000004391,1,2025-06-19 07:56:14
0000004915,0000004391,2,2025-06-19 07:54:45
0000004916,0000004392,1,2017-12-11 10:53:50
0000004917,0000004393,1,2015-08-06 08:08:29
0000004918,0000004394,1,2018-09-18 06:43:58
0000004919,0000004395,1,2023-05-09 03:15:02
0000004920,0000004396,1,2016-07-23 20:48:45
0000004921,0000004397,1,2022-12-27 03:24:41
0000004922,0000004398,1,2017-06-20 00:55:06
0000004923,0000004399,1,2016-04-03 01:27:46
0000004924,0000004400,1,2020-01-09 23:42:40
0000004925,0000004401,1,2018-10-20 18:06:24
0000004926,0000004402,1,2015-09-08 18:21:02
0000004927,0000004403,1,2016-08-28 19:19:20
0000004928,0000004404,1,2022-01-03 17:36:02
0000004929,0000004404,2,2022-01-03 17:35:39
0000004930,0000004405,1,2018-11-26 20:11:01
0000004931,0000004406,1,2017-02-09 18:29:30
0000004932,0000004407,1,2025-11-08 12:13:40
0000004933,0000004408,1,2021-02-01 12:22:36
0000004934,0000004409,1,2025-05-10 06:48:51
0000004935,0000004410,1,2022-02-11 09:47:44
0000004936,0000004411,1,2022-10-18 03:13:59
0000004937,0000004412,1,2019-06-29 01:56:58
0000004938,0000004413,1,2018-08-07 22:14:38
0000004939,0000004414,1,2020-02-03 04:22:11
0000004940,0000004415,1,2020-03-03 11:26:01
0000004941,0000004416,1,2018-03-03 05:29:56
0000004942,0000004417,1,2023-05-17 16:43:21
0000004943,0000004418,1,2024-08-31 21:48:32
0000004944,0000004419,1,2024-08-26 14:38:34
0000004945,0000004420,1,2017-12-18 13:11:44
0000004946,0000004421,1,2022-09-24 20:24:18
0000004947,0000004422,1,2018-08-20 13:15:31
0000004948,0000004423,1,2025-12-01 12:41:22
0000004949,0000004424,1,2025-10-03 16:39:55
0000004950,0000004425,1,2020-12-22 03:41:15
0000004951,0000004426,1,2021-08-09 03:03:59
0000004952,0000004426,2,2021-08-09 03:03:07
0000004953,0000004427,1,2022-11-01 00:23:59
0000004954,0000004428,1,2019-02-05 23:53:50
0000004955,0000004429,1,2019-03-29 11:40:20
0000004956,0000004429,2,2019-03-29 11:38:48
0000004957,0000004430,1,2020-10-07 17:49:53
0000004958,0000004431,1,2023-11-03 01:20:08
0000004959,0000004432,1,2016-09-26 05:04:40
0000004960,0000004432,2,2016-09-26 05:05:05
0000004961,0000004433,1,2016-09-25 05:14:45
0000004962,0000004434,1,2024-07-04 15:44:16
0000004963,0000004435,1,2024-09-22 19:55:41
0000004964,0000004436,1,2022-03-11 23:35:34
0000004965,0000004437,1,2024-05-26 12:12:25
0000004966,0000004438,1,2024-04-13 14:51:57
0000004967,0000004439,1,2024-10-24 14:41:42
0000004968,0000004440,1,2019-11-15 11:34:38
0000004969,0000004441,1,2021-08-08 10:36:21
0000004970,0000004442,1,2024-11-22 09:47:45
0000004971,0000004443,1,2018-02-17 17:06:03
0000004972,0000004444,1,2019-08-07 09:09:02
0000004973,0000004445,1,2018-12-04 13:54:40
0000004974,0000004446,1,2019-01-11 01:08:38
0000004975,0000004447,1,2019-08-03 17:45:00
0000004976,0000004447,2,2019-08-03 17:45:19
0000004977,0000004448,1,2018-08-29 08:31:38
0000004978,0000004449,1,2017-06-10 13:17:52
0000004979,0000004450,1,2017-03-02 02:47:20
0000004980,0000004451,1,2018-04-12 13:01:05
0000004981,0000004452,1,2018-06-18 08:14:15
0000004982,0000004453,1,2018-07-31 20:40:27
0000004983,0000004454,1,2017-10-17 19:54:38
0000004984,0000004455,1,2018-07-22 11:56:25
0000004985,0000004456,1,2018-10-13 06:24:39
0000004986,0000004457,1,2024-07-23 03:30:25
0000004987,0000004458,1,2019-02-09 19:32:28
0000004988,0000004459,1,2020-12-28 15:23:14
0000004989,0000004460,1,2020-07-17 15:42:59
0000004990,0000004461,1,2025-03-07 00:35:41
0000004991,0000004462,1,2019-02-27 19:10:55
0000004992,0000004463,1,2025-01-11 10:27:07
0000004993,0000004464,1,2018-08-07 01:37:55
0000004994,0000004465,1,2022-08-10 09:16:15
0000004995,0000004466,1,2019-07-13 09:06:53
0000004996,0000004467,1,2019-08-22 15:19:50
0000004997,0000004468,1,2016-02-15 11:47:44
0000004998,0000004469,1,2021-11-21 04:01:10
0000004999,0000004469,2,2021-11-21 04:00:57
0000005000,0000004470,1,2021-08-23 15:44:12
0000005001,0000004471,1,2026-05-18 03:33:14
0000005002,0000004472,1,2022-11-30 17:32:44
0000005003,0000004473,1,2015-12-30 14:50:48
0000005004,0000004474,1,2026-01-26 04:20:00
0000005005,0000004475,1,2019-01-01 04:31:22
0000005006,0000004476,1,2023-07-16 03:06:12
0000005007,0000004477,1,2023-03-23 15:06:50
0000005008,0000004478,1,2023-01-16 03:44:12
0000005009,0000004478,2,2023-01-16 03:43:57
0000005010,0000004479,1,2019-12-23 22:57:51
0000005011,0000004480,1,2021-06-29 13:29:51
0000005012,0000004481,1,2017-12-22 04:45:25
0000005013,0000004482,1,2018-09-25 07:30:27
0000005014,0000004483,1,2019-06-18 17:15:07
0000005015,0000004484,1,2019-04-16 01:01:08
0000005016,0000004484,2,2019-04-16 01:00:29
0000005017,0000004485,1,2022-04-30 06:52:36
0000005018,0000004486,1,2021-09-07 01:06:45
0000005019,0000004487,1,2022-02-10 17:14:17
0000005020,0000004488,1,2019-05-17 14:24:44
0000005021,0000004489,1,2021-05-29 06:35:06
0000005022,0000004489,2,2021-05-29 06:34:38
0000005023,0000004490,1,2019-05-26 00:29:56
0000005024,0000004491,1,2018-03-26 19:13:43
0000005025,0000004492,1,2017-03-12 07:56:26
0000005026,0000004493,1,2026-06-11 18:21:00
0000005027,0000004493,2,2026-06-11 18:20:28
0000005028,0000004494,1,2018-07-16 09:25:16
0000005029,0000004495,1,2018-04-10 07:07:44
0000005030,0000004496,1,2017-10-09 08:00:45
0000005031,0000004497,1,2021-04-14 16:04:04
0000005032,0000004498,1,2015-10-09 02:10:45
0000005033,0000004499,1,2016-01-18 22:38:56
0000005034,0000004500,1,2017-02-28 05:36:21
0000005035,0000004501,1,2020-09-14 16:13:05
0000005036,0000004502,1,2020-09-10 11:39:58
0000005037,0000004503,1,2022-08-21 17:24:41
0000005038,0000004504,1,2023-09-10 12:07:59
0000005039,0000004505,1,2024-11-10 23:13:57
0000005040,0000004506,1,2024-09-16 06:38:49
0000005041,0000004507,1,2025-05-27 17:39:15
0000005042,0000004507,2,2025-05-27 17:37:39
0000005043,0000004508,1,2020-02-11 12:59:46
0000005044,0000004509,1,2022-06-09 11:09:31
0000005045,0000004510,1,2018-07-17 13:49:20
0000005046,0000004511,1,2024-10-03 02:34:13
0000005047,0000004512,1,2017-09-23 07:02:16
0000005048,0000004513,1,2022-06-06 14:04:36
0000005049,0000004514,1,2019-10-28 16:18:02
0000005050,0000004515,1,2023-03-03 10:33:59
0000005051,0000004515,2,2023-03-03 10:33:33
0000005052,0000004516,1,2023-08-03 21:06:32
0000005053,0000004517,1,2021-11-13 07:26:36
0000005054,0000004518,1,2022-03-28 08:03:43
0000005055,0000004519,1,2023-02-20 05:46:05
0000005056,0000004520,1,2025-07-24 06:02:55
0000005057,0000004520,2,2025-07-24 06:04:06
0000005058,0000004521,1,2020-12-21 17:38:26
0000005059,0000004521,2,2020-12-21 17:39:15
0000005060,0000004522,1,2025-11-11 12:37:41
0000005061,0000004523,1,2022-09-09 23:57:11
0000005062,0000004524,1,2018-07-21 14:11:01
0000005063,0000004525,1,2022-09-25 03:02:57
0000005064,0000004526,1,2025-02-11 09:36:10
0000005065,0000004527,1,2020-08-20 17:36:17
0000005066,0000004528,1,2024-12-26 20:26:39
0000005067,0000004529,1,2022-12-06 07:12:30
0000005068,0000004529,2,2022-12-06 07:12:05
0000005069,0000004530,1,2020-12-25 05:02:03
0000005070,0000004531,1,2026-07-14 06:34:42
0000005071,0000004532,1,2025-08-16 10:05:58
0000005072,0000004533,1,2024-01-20 16:24:24
0000005073,0000004534,1,2017-07-24 22:07:10
0000005074,0000004535,1,2023-09-03 05:43:34
0000005075,0000004536,1,2024-05-21 01:45:50
0000005076,0000004536,2,2024-05-21 01:44:47
0000005077,0000004537,1,2025-04-22 08:04:16
0000005078,0000004538,1,2022-12-26 11:20:15
0000005079,0000004538,2,2022-12-26 11:20:34
0000005080,0000004539,1,2019-10-01 11:27:23
0000005081,0000004540,1,2023-11-28 18:28:06
0000005082,0000004541,1,2025-03-08 20:26:39
0000005083,0000004542,1,2022-10-04 10:14:13
0000005084,0000004542,2,2022-10-04 10:13:30
0000005085,0000004543,1,2024-07-15 14:10:53
0000005086,0000004543,2,2024-07-15 14:09:49
0000005087,0000004544,1,2019-10-23 15:11:25
0000005088,0000004545,1,2021-06-24 13:45:06
0000005089,0000004546,1,2021-03-02 05:01:21
0000005090,0000004547,1,2025-12-28 17:15:27
0000005091,0000004548,1,2019-07-12 19:52:09
0000005092,0000004549,1,2024-10-16 03:08:00
0000005093,0000004550,1,2025-12-06 08:06:53
0000005094,0000004551,1,2023-02-13 19:07:47
0000005095,0000004552,1,2025-01-13 19:34:37
0000005096,0000004552,2,2025-01-13 19:35:28
0000005097,0000004553,1,2026-10-05 14:47:03
0000005098,0000004553,2,2026-10-05 14:47:38
0000005099,0000004554,1,2026-07-17 11:58:40
0000005100,0000004555,1,2025-10-24 18:22:41
0000005101,0000004556,1,2022-05-26 06:51:31
0000005102,0000004557,1,2019-10-29 11:17:40
0000005103,0000004558,1,2020-03-04 00:47:45
0000005104,0000004559,1,2018-10-06 12:39:51
0000005105,0000004560,1,2020-01-01 21:54:11
0000005106,0000004561,1,2023-03-26 23:23:43
0000005107,0000004561,2,2023-03-26 23:22:45
0000005108,0000004562,1,2022-01-31 05:54:36
0000005109,0000004563,1,2026-05-27 08:10:33
0000005110,0000004564,1,2024-11-07 02:30:41
0000005111,0000004565,1,2024-12-28 15:29:06
0000005112,0000004566,1,2017-03-04 04:49:24
0000005113,0000004567,1,2021-12-17 16:49:13
0000005114,0000004568,1,2020-09-26 20:29:42
0000005115,0000004569,1,2020-08-17 00:59:24
0000005116,0000004570,1,2022-09-09 03:31:01
0000005117,0000004571,1,2025-12-23 04:15:32
0000005118,0000004572,1,2016-10-31 00:39:31
0000005119,0000004573,1,2018-09-04 18:54:30
0000005120,0000004574,1,2025-04-12 15:25:09
0000005121,0000004575,1,2018-06-12 22:25:02
0000005122,0000004576,1,2016-12-16 03:32:34
0000005123,0000004577,1,2017-08-01 23:01:12
0000005124,0000004578,1,2021-12-30 23:43:30
0000005125,0000004579,1,2016-01-22 20:11:31
0000005126,0000004580,1,2017-05-26 11:36:28
0000005127,0000004581,1,2019-11-25 16:54:32
0000005128,0000004582,1,2015-12-17 12:46:34
0000005129,0000004583,1,2021-03-28 12:21:39
0000005130,0000004584,1,2017-02-20 14:26:16
0000005131,0000004585,1,2019-06-17 04:39:26
0000005132,0000004586,1,2019-03-23 21:14:35
0000005133,0000004587,1,2019-05-01 18:10:50
0000005134,0000004588,1,2018-10-21 10:51:06
0000005135,0000004589,1,2025-07-02 16:52:22
0000005136,0000004590,1,2026-02-05 14:23:30
0000005137,0000004591,1,2020-02-24 11:18:09
0000005138,0000004592,1,2025-07-29 16:22:34
0000005139,0000004593,1,2024-08-26 19:44:31
0000005140,0000004594,1,2024-02-12 01:59:34
0000005141,0000004595,1,2021-07-31 07:38:49
0000005142,0000004596,1,2018-11-26 09:57:31
0000005143,0000004597,1,2021-09-10 19:04:15
0000005144,0000004597,2,2021-09-10 19:05:57
0000005145,0000004598,1,2021-05-31 03:14:26
0000005146,0000004599,1,2021-09-04 12:39:45
0000005147,0000004600,1,2018-09-09 01:31:40
0000005148,0000004601,1,2020-05-05 17:12:18
0000005149,0000004602,1,2024-06-02 00:25:14
0000005150,0000004603,1,2022-07-05 22:15:43
0000005151,0000004604,1,2025-03-17 20:28:20
0000005152,0000004605,1,2025-11-28 01:09:08
0000005153,0000004606,1,2026-02-15 18:53:00
0000005154,0000004607,1,2019-10-31 11:31:38
0000005155,0000004608,1,2024-04-06 01:57:32
0000005156,0000004609,1,2026-04-12 14:28:36
0000005157,0000004610,1,2024-10-31 17:38:22
0000005158,0000004611,1,2017-10-14 20:31:49
0000005159,0000004611,2,2017-10-14 20:31:37
0000005160,0000004612,1,2018-08-22 15:50:55
0000005161,0000004613,1,2026-07-30 20:05:54
0000005162,0000004614,1,2022-08-07 12:26:33
0000005163,0000004614,2,2022-08-07 12:25:18
0000005164,0000004615,1,2026-09-27 10:17:45
0000005165,0000004615,2,2026-09-27 10:18:15
0000005166,0000004616,1,2024-02-17 11:20:39
0000005167,0000004617,1,2024-03-05 17:37:45
0000005168,0000004618,1,2025-05-21 01:31:54
0000005169,0000004619,1,2024-04-08 00:40:25
0000005170,0000004620,1,2020-07-13 17:25:42
0000005171,0000004621,1,2021-10-20 17:06:03
0000005172,0000004622,1,2016-10-11 10:57:46
0000005173,0000004623,1,2021-06-28 23:57:42
0000005174,0000004623,2,2021-06-28 23:57:49
0000005175,0000004624,1,2024-02-14 19:04:38
0000005176,0000004624,2,2024-02-14 19:04:16
0000005177,0000004625,1,2020-12-09 14:54:31
0000005178,0000004626,1,2019-02-09 10:30:34
0000005179,0000004627,1,2026-04-01 18:37:22
0000005180,0000004628,1,2023-03-01 03:30:41
0000005181,0000004629,1,2025-09-04 01:00:38
0000005182,0000004630,1,2025-09-24 13:26:46
0000005183,0000004630,2,2025-09-24 13:26:58
0000005184,0000004631,1,2021-04-13 19:24:54
0000005185,0000004632,1,2026-05-27 01:34:55
0000005186,0000004633,1,2017-12-26 05:35:48
0000005187,0000004634,1,2024-03-29 21:56:35
0000005188,0000004634,2,2024-03-29 21:55:14
0000005189,0000004635,1,2023-07-11 06:54:08
0000005190,0000004636,1,2024-01-29 06:51:03
0000005191,0000004637,1,2022-11-01 22:21:47
0000005192,0000004637,2,2022-11-01 22:21:46
0000005193,0000004638,1,2021-08-31 08:09:30
0000005194,0000004639,1,2018-08-29 22:54:23
0000005195,0000004639,2,2018-08-29 22:53:58
0000005196,0000004640,1,2019-12-10 21:09:45
0000005197,0000004641,1,2025-12-20 13:43:01
0000005198,0000004642,1,2020-10-18 22:47:23
0000005199,0000004643,1,2024-02-04 09:48:06
0000005200,0000004643,2,2024-02-04 09:48:50
0000005201,0000004644,1,2018-09-18 03:03:18
0000005202,0000004645,1,2020-06-20 12:15:40
0000005203,0000004646,1,2018-04-16 03:00:24
0000005204,0000004646,2,2018-04-16 02:59:35
0000005205,0000004647,1,2018-01-04 04:35:09
0000005206,0000004648,1,2019-04-18 02:25:21
0000005207,0000004649,1,2017-09-08 18:57:54
0000005208,0000004649,2,2017-09-08 18:56:37
0000005209,0000004650,1,2022-05-19 04:55:51
0000005210,0000004651,1,2020-07-22 19:18:05
0000005211,0000004652,1,2016-11-03 20:04:33
0000005212,0000004653,1,2019-08-14 11:36:43
0000005213,0000004654,1,2022-11-03 09:46:50
0000005214,0000004655,1,2025-03-17 05:32:56
0000005215,0000004656,1,2020-09-16 17:59:19
0000005216,0000004657,1,2020-09-27 07:19:47
0000005217,0000004658,1,2017-04-28 01:43:24
0000005218,0000004659,1,2017-12-27 22:44:46
0000005219,0000004660,1,2017-11-20 12:50:22
0000005220,0000004661,1,2017-10-12 04:56:40
0000005221,0000004662,1,2021-08-09 20:40:01
0000005222,0000004663,1,2025-12-04 02:05:07
0000005223,0000004664,1,2019-03-25 23:39:25
0000005224,0000004665,1,2024-01-18 02:18:57
0000005225,0000004666,1,2021-08-14 20:08:49
0000005226,0000004667,1,2025-10-20 10:52:03
0000005227,0000004667,2,2025-10-20 10:51:09
0000005228,0000004668,1,2025-01-16 07:36:07
0000005229,0000004669,1,2025-01-31 15:22:59
0000005230,0000004670,1,2025-05-05 11:24:39
0000005231,0000004671,1,2021-07-01 05:00:05
0000005232,0000004672,1,2016-01-08 07:09:48
0000005233,0000004673,1,2026-07-23 23:36:40
0000005234,0000004674,1,2025-06-06 13:43:54
0000005235,0000004675,1,2025-08-30 08:19:55
0000005236,0000004676,1,2019-04-03 02:42:22
0000005237,0000004677,1,2019-03-14 23:42:16
0000005238,0000004678,1,2021-02-20 22:25:03
0000005239,0000004679,1,2018-05-06 01:04:29
0000005240,0000004680,1,2020-01-23 04:29:10
0000005241,0000004681,1,2022-11-29 21:09:22
0000005242,0000004682,1,2021-03-22 07:28:42
0000005243,0000004682,2,2021-03-22 07:29:54
0000005244,0000004683,1,2017-01-09 02:06:22
0000005245,0000004684,1,2026-07-01 08:59:25
0000005246,0000004685,1,2020-01-31 00:55:13
0000005247,0000004685,2,2020-01-31 00:55:04
0000005248,0000004686,1,2019-04-03 10:26:11
0000005249,0000004686,2,2019-04-03 10:26:23
0000005250,0000004687,1,2019-08-06 19:43:46
0000005251,0000004688,1,2021-09-12 15:41:09
0000005252,0000004689,1,2021-04-26 12:09:44
0000005253,0000004690,1,2025-10-04 05:43:32
0000005254,0000004691,1,2019-06-15 09:32:22
0000005255,0000004691,2,2019-06-15 09:31:13
0000005256,0000004692,1,2022-02-17 06:13:48
0000005257,0000004693,1,2018-06-27 04:30:45
0000005258,0000004694,1,2022-03-08 08:57:25
0000005259,0000004695,1,2023-10-21 19:59:16
0000005260,0000004696,1,2019-02-19 23:21:40
0000005261,0000004697,1,2022-06-09 12:12:01
0000005262,0000004698,1,2024-12-30 02:21:24
0000005263,0000004699,1,2024-03-09 10:05:20
0000005264,0000004700,1,2018-05-03 06:09:08
0000005265,0000004701,1,2018-07-01 22:27:20
0000005266,0000004702,1,2019-06-19 21:13:52
0000005267,0000004703,1,2020-05-23 20:49:24
0000005268,0000004703,2,2020-05-23 20:48:11
0000005269,0000004704,1,2024-11-08 03:26:06
0000005270,0000004705,1,2018-01-23 00:32:20
0000005271,0000004705,2,2018-01-23 00:31:21
0000005272,0000004706,1,2020-06-19 08:30:47
0000005273,0000004707,1,2021-09-19 15:14:58
0000005274,0000004708,1,2022-07-06 09:31:04
0000005275,0000004709,1,2019-01-04 14:24:06
0000005276,0000004710,1,2023-02-16 03:21:59
0000005277,0000004711,1,2022-07-29 19:28:16
0000005278,0000004712,1,2018-05-22 06:39:59
0000005279,0000004713,1,2023-04-17 18:33:09
0000005280,0000004714,1,2018-03-01 03:53:22
0000005281,0000004715,1,2021-03-01 04:52:17
0000005282,0000004716,1,2018-07-04 18:57:01
0000005283,0000004717,1,2025-11-09 04:02:27
0000005284,0000004717,2,2025-11-09 04:02:53
0000005285,0000004718,1,2023-01-13 10:02:08
0000005286,0000004719,1,2020-05-12 04:02:17
0000005287,0000004720,1,2025-07-30 08:39:50
0000005288,0000004721,1,2020-03-22 15:56:45
0000005289,0000004722,1,2019-10-09 19:03:54
0000005290,0000004723,1,2017-10-06 09:12:31
0000005291,0000004724,1,2021-11-22 15:14:56
0000005292,0000004725,1,2017-11-26 20:31:50
0000005293,0000004726,1,2021-07-14 03:11:38
0000005294,0000004727,1,2019-10-07 21:17:17
0000005295,0000004728,1,2017-04-30 07:25:53
0000005296,0000004729,1,2020-03-05 19:02:31
0000005297,0000004729,2,2020-03-05 19:02:04
0000005298,0000004730,1,2026-02-09 06:26:18
0000005299,0000004731,1,2026-06-16 09:18:37
0000005300,0000004732,1,2022-03-15 11:02:52
0000005301,0000004733,1,2022-03-09 19:27:09
0000005302,0000004734,1,2024-08-13 15:02:45
0000005303,0000004735,1,2018-07-18 22:12:01
0000005304,0000004736,1,2018-01-21 21:57:20
0000005305,0000004737,1,2018-06-18 12:53:28
0000005306,0000004737,2,2018-06-18 12:54:23
0000005307,0000004738,1,2026-05-15 13:38:09
0000005308,0000004739,1,2017-12-08 17:28:47
0000005309,0000004740,1,2019-03-10 18:05:16
0000005310,0000004740,2,2019-03-10 18:04:47
0000005311,0000004741,1,2018-09-21 17:53:21
0000005312,0000004742,1,2019-04-21 08:55:47
0000005313,0000004743,1,2026-06-21 19:23:25
0000005314,0000004744,1,2021-07-24 23:37:45
0000005315,0000004745,1,2025-02-03 11:22:30
0000005316,0000004745,2,2025-02-03 11:22:30
0000005317,0000004746,1,2026-03-12 03:47:42
0000005318,0000004747,1,2024-03-07 05:55:19
0000005319,0000004748,1,2017-01-23 17:58:55
0000005320,0000004749,1,2025-08-07 04:27:47
0000005321,0000004749,2,2025-08-07 04:27:40
0000005322,0000004750,1,2021-10-18 01:27:17
0000005323,0000004751,1,2016-05-14 20:22:11
0000005324,0000004751,2,2016-05-14 20:21:16
0000005325,0000004752,1,2022-09-23 15:49:20
0000005326,0000004753,1,2020-07-14 07:07:19
0000005327,0000004754,1,2021-08-26 09:00:31
0000005328,0000004755,1,2024-01-28 16:19:21
0000005329,0000004756,1,2017-11-07 17:47:28
0000005330,0000004757,1,2018-07-23 19:16:29
0000005331,0000004758,1,2024-09-02 08:08:33
0000005332,0000004759,1,2018-11-27 07:23:45
0000005333,0000004760,1,2019-01-25 15:35:14
0000005334,0000004760,2,2019-01-25 15:35:19
0000005335,0000004761,1,2020-06-12 19:59:51
0000005336,0000004762,1,2022-08-07 21:08:29
0000005337,0000004763,1,2019-11-05 15:27:10
0000005338,0000004764,1,2022-09-07 13:23:47
0000005339,0000004765,1,2020-08-21 03:43:02
0000005340,0000004766,1,2021-07-24 17:07:31
0000005341,0000004767,1,2019-07-02 16:31:07
0000005342,0000004768,1,2020-07-05 04:28:19
0000005343,0000004769,1,2018-12-14 06:25:18
0000005344,0000004770,1,2020-10-20 15:11:44
0000005345,0000004771,1,2018-10-06 23:45:35
0000005346,0000004772,1,2025-02-19 17:02:48
0000005347,0000004773,1,2016-03-05 15:52:26
0000005348,0000004774,1,2021-01-25 20:48:53
0000005349,0000004774,2,2021-01-25 20:48:50
0000005350,0000004775,1,2025-09-24 03:15:37
0000005351,0000004776,1,2025-08-30 07:17:15
0000005352,0000004777,1,2023-05-17 07:50:12
0000005353,0000004778,1,2020-10-26 06:08:45
0000005354,0000004779,1,2025-10-13 20:10:23
0000005355,0000004780,1,2022-03-17 17:19:28
0000005356,0000004780,2,2022-03-17 17:19:36
0000005357,0000004781,1,2025-01-27 02:26:49
0000005358,0000004782,1,2016-07-23 18:54:08
0000005359,0000004783,1,2019-11-26 00:58:17
0000005360,0000004784,1,2018-09-04 19:03:34
0000005361,0000004785,1,2019-10-21 17:46:44
0000005362,0000004786,1,2026-04-29 09:34:28
0000005363,0000004786,2,2026-04-29 09:32:59
0000005364,0000004787,1,2024-03-06 21:14:31
0000005365,0000004788,1,2018-05-05 14:49:30
0000005366,0000004789,1,2020-01-09 01:42:55
0000005367,0000004789,2,2020-01-09 01:43:28
0000005368,0000004790,1,2019-05-09 03:53:59
0000005369,0000004791,1,2022-03-06 22:07:39
0000005370,0000004792,1,2019-12-26 16:21:36
0000005371,0000004792,2,2019-12-26 16:23:26
0000005372,0000004793,1,2025-11-14 17:28:58
0000005373,0000004794,1,2016-11-19 03:04:00
0000005374,0000004795,1,2024-05-22 23:44:48
0000005375,0000004796,1,2019-05-09 17:57:09
0000005376,0000004797,1,2023-09-24 05:54:56
0000005377,0000004798,1,2017-11-09 16:36:07
0000005378,0000004799,1,2021-01-19 18:44:39
0000005379,0000004800,1,2024-12-20 02:04:54
0000005380,0000004800,2,2024-12-20 02:05:03
0000005381,0000004801,1,2018-05-07 06:28:47
0000005382,0000004801,2,2018-05-07 06:28:42
0000005383,0000004802,1,2017-10-11 19:05:22
0000005384,0000004803,1,2020-08-09 03:34:31
0000005385,0000004803,2,2020-08-09 03:34:49
0000005386,0000004804,1,2022-03-26 01:12:10
0000005387,0000004805,1,2017-09-30 21:37:26
0000005388,0000004806,1,2023-01-05 07:30:00
0000005389,0000004807,1,2026-07-25 14:05:32
0000005390,0000004808,1,2025-07-25 04:39:19
0000005391,0000004809,1,2020-10-20 05:29:32
0000005392,0000004810,1,2017-11-28 16:57:09
0000005393,0000004811,1,2016-04-11 03:48:31
0000005394,0000004812,1,2020-04-21 06:45:55
0000005395,0000004813,1,2026-01-02 23:50:24
0000005396,0000004814,1,2019-09-04 03:52:19
0000005397,0000004815,1,2026-06-01 14:38:25
0000005398,0000004816,1,2021-04-25 10:57:17
0000005399,0000004816,2,2021-04-25 10:57:04
0000005400,0000004817,1,2021-07-06 02:46:31
0000005401,0000004818,1,2017-08-25 09:59:37
0000005402,0000004819,1,2023-04-29 02:10:23
0000005403,0000004820,1,2022-08-07 06:34:28
0000005404,0000004821,1,2022-12-08 09:33:38
0000005405,0000004822,1,2016-05-28 18:21:38
0000005406,0000004823,1,2015-06-25 23:41:13
0000005407,0000004824,1,2017-04-10 17:41:01
0000005408,0000004825,1,2017-02-28 06:01:12
0000005409,0000004826,1,2020-05-22 20:42:38
0000005410,0000004827,1,2017-12-06 03:05:06
0000005411,0000004828,1,2020-11-29 12:21:51
0000005412,0000004829,1,2018-08-23 16:26:02
0000005413,0000004830,1,2017-12-07 20:20:48
0000005414,0000004831,1,2026-10-01 08:15:25
0000005415,0000004832,1,2018-04-16 22:28:30
0000005416,0000004833,1,2016-09-16 06:42:45
0000005417,0000004834,1,2026-09-18 20:36:48
0000005418,0000004835,1,2022-12-01 13:54:43
0000005419,0000004836,1,2018-03-01 09:09:36
0000005420,0000004837,1,2018-07-03 21:59:06
0000005421,0000004837,2,2018-07-03 21:59:01
0000005422,0000004838,1,2020-05-15 18:25:41
0000005423,0000004839,1,2023-08-16 12:34:57
0000005424,0000004840,1,2023-02-28 14:46:53
0000005425,0000004841,1,2025-10-08 16:59:48
0000005426,0000004842,1,2021-09-15 04:45:22
0000005427,0000004843,1,2021-07-07 10:07:30
0000005428,0000004844,1,2024-05-02 02:53:09
0000005429,0000004845,1,2023-09-28 21:25:53
0000005430,0000004846,1,2019-02-24 01:49:44
0000005431,0000004846,2,2019-02-24 01:49:29
0000005432,0000004847,1,2018-10-31 22:56:25
0000005433,0000004848,1,2019-05-02 01:18:10
0000005434,0000004849,1,2020-10-22 16:56:25
0000005435,0000004850,1,2020-09-24 04:38:09
0000005436,0000004851,1,2022-09-05 22:50:46
0000005437,0000004852,1,2021-03-15 10:50:59
0000005438,0000004853,1,2023-07-09 10:52:00
0000005439,0000004854,1,2021-05-28 13:48:46
0000005440,0000004855,1,2018-07-17 10:49:20
0000005441,0000004856,1,2025-02-13 01:19:55
0000005442,0000004857,1,2020-07-18 09:49:02
0000005443,0000004858,1,2021-02-04 00:53:18
0000005444,0000004859,1,2018-05-20 08:55:08
0000005445,0000004860,1,2018-04-19 13:30:19
0000005446,0000004861,1,2017-11-16 16:39:35
0000005447,0000004862,1,2017-06-29 13:37:41
0000005448,0000004863,1,2021-03-22 05:44:39
0000005449,0000004863,2,2021-03-22 05:43:51
0000005450,0000004864,1,2018-11-06 19:53:41
0000005451,0000004865,1,2025-05-25 10:53:05
0000005452,0000004866,1,2022-08-26 16:54:04
0000005453,0000004867,1,2021-08-28 09:47:51
0000005454,0000004868,1,2021-09-25 20:51:59
0000005455,0000004869,1,2021-10-17 07:08:49
0000005456,0000004870,1,2021-12-10 16:17:29
0000005457,0000004871,1,2019-05-12 21:14:22
0000005458,0000004872,1,2025-05-02 23:30:01
0000005459,0000004873,1,2019-10-06 10:21:00
0000005460,0000004874,1,2017-07-06 21:01:22
0000005461,0000004875,1,2017-12-12 13:47:29
0000005462,0000004876,1,2026-04-30 13:53:04
0000005463,0000004877,1,2022-01-30 17:48:51
0000005464,0000004878,1,2025-04-29 15:33:24
0000005465,0000004879,1,2022-03-22 18:17:49
0000005466,0000004880,1,2016-08-06 17:24:37
0000005467,0000004881,1,2024-04-18 13:43:12
0000005468,0000004882,1,2023-12-26 14:19:48
0000005469,0000004883,1,2016-08-15 17:44:44
0000005470,0000004884,1,2024-01-22 14:16:44
0000005471,0000004885,1,2023-03-26 01:58:23
0000005472,0000004886,1,2025-04-05 18:14:39
0000005473,0000004887,1,2020-01-09 07:18:43
0000005474,0000004888,1,2021-04-15 12:23:05
0000005475,0000004889,1,2025-10-08 15:03:28
0000005476,0000004889,2,2025-10-08 15:05:06
0000005477,0000004890,1,2023-05-06 01:49:52
0000005478,0000004891,1,2016-12-19 11:39:36
0000005479,0000004891,2,2016-12-19 11:40:08
0000005480,0000004892,1,2019-05-29 14:03:32
0000005481,0000004893,1,2025-07-01 03:48:50
0000005482,0000004894,1,2020-04-16 12:35:50
0000005483,0000004895,1,2020-10-13 07:14:55
0000005484,0000004896,1,2024-12-11 21:28:26
0000005485,0000004897,1,2022-01-01 22:53:36
0000005486,0000004898,1,2021-12-23 09:22:03
0000005487,0000004898,2,2021-12-23 09:21:37
0000005488,0000004899,1,2020-03-16 11:25:43
0000005489,0000004900,1,2017-08-19 05:57:35
0000005490,0000004901,1,2023-07-30 23:06:24
0000005491,0000004902,1,2018-10-11 09:45:12
0000005492,0000004903,1,2025-04-27 04:30:49
0000005493,0000004904,1,2023-01-18 22:06:39
0000005494,0000004905,1,2021-01-03 16:41:03
0000005495,0000004906,1,2019-01-12 20:56:10
0000005496,0000004907,1,2022-09-03 09:29:07
0000005497,0000004908,1,2019-10-07 07:07:47
0000005498,0000004909,1,2016-12-16 08:18:44
0000005499,0000004910,1,2023-09-02 20:22:54
0000005500,0000004910,2,2023-09-02 20:21:56
0000005501,0000004911,1,2020-09-22 14:14:08
0000005502,0000004912,1,2024-12-25 08:40:51
0000005503,0000004913,1,2026-02-15 13:31:43
0000005504,0000004914,1,2026-04-10 10:16:51
0000005505,0000004915,1,2021-02-02 18:14:37
0000005506,0000004916,1,2022-03-16 20:58:02
0000005507,0000004917,1,2020-01-06 00:41:38
0000005508,0000004918,1,2019-12-28 23:17:21
0000005509,0000004919,1,2025-03-13 04:44:51
0000005510,0000004920,1,2020-12-08 01:21:43
0000005511,0000004920,2,2020-12-08 01:21:58
0000005512,0000004921,1,2018-08-12 12:28:13
0000005513,0000004922,1,2021-02-06 01:32:30
0000005514,0000004922,2,2021-02-06 01:31:08
0000005515,0000004923,1,2025-01-10 02:56:04
0000005516,0000004924,1,2023-11-02 12:38:54
0000005517,0000004925,1,2020-09-27 08:42:02
0000005518,0000004926,1,2018-08-03 00:33:41
0000005519,0000004927,1,2020-12-23 04:02:11
0000005520,0000004928,1,2021-01-12 17:04:57
0000005521,0000004928,2,2021-01-12 17:04:57
0000005522,0000004929,1,2022-07-20 19:53:28
0000005523,0000004930,1,2019-04-23 09:42:32
0000005524,0000004931,1,2016-12-22 09:54:53
0000005525,0000004932,1,2021-08-10 05:06:11
0000005526,0000004933,1,2021-05-13 05:55:10
0000005527,0000004933,2,2021-05-13 05:55:09
0000005528,0000004934,1,2023-01-13 08:28:39
0000005529,0000004934,2,2023-01-13 08:28:55
0000005530,0000004935,1,2025-11-09 16:51:53
0000005531,0000004936,1,2016-08-29 05:54:46
0000005532,0000004937,1,2021-10-03 21:18:45
0000005533,0000004938,1,2021-12-21 01:54:09
0000005534,0000004939,1,2019-06-03 16:23:26
0000005535,0000004940,1,2019-04-08 08:13:50
0000005536,0000004941,1,2019-10-08 01:12:40
0000005537,0000004942,1,2024-11-07 09:47:16
0000005538,0000004943,1,2019-11-05 20:19:53
0000005539,0000004944,1,2020-03-20 03:07:40
0000005540,0000004945,1,2020-04-14 10:30:17
0000005541,0000004946,1,2018-09-07 07:01:47
0000005542,0000004947,1,2022-11-09 20:00:51
0000005543,0000004947,2,2022-11-09 20:01:13
0000005544,0000004948,1,2020-04-17 15:50:21
0000005545,0000004949,1,2023-11-24 13:59:48
0000005546,0000004950,1,2020-04-18 13:45:36
0000005547,0000004950,2,2020-04-18 13:46:01
0000005548,0000004951,1,2019-06-12 09:09:17
0000005549,0000004952,1,2020-04-08 18:11:02
0000005550,0000004952,2,2020-04-08 18:10:25
0000005551,0000004953,1,2025-09-07 11:27:32
0000005552,0000004954,1,2020-02-16 04:39:57
0000005553,0000004955,1,2018-07-07 12:46:50
0000005554,0000004956,1,2017-06-19 09:54:58
0000005555,0000004957,1,2021-05-28 07:06:42
0000005556,0000004958,1,2021-10-29 05:55:00
0000005557,0000004959,1,2025-06-26 17:20:16
0000005558,0000004959,2,2025-06-26 17:21:36
0000005559,0000004960,1,2021-02-06 21:06:13
0000005560,0000004961,1,2018-08-30 04:21:00
0000005561,0000004962,1,2025-11-24 09:02:37
0000005562,0000004963,1,2022-02-13 07:53:47
0000005563,0000004964,1,2020-07-03 05:17:53
0000005564,0000004965,1,2023-08-28 03:11:27
0000005565,0000004965,2,2023-08-28 03:10:18
0000005566,0000004966,1,2020-02-14 23:14:56
0000005567,0000004967,1,2018-03-07 22:03:28
0000005568,0000004968,1,2022-08-19 03:56:26
0000005569,0000004969,1,2016-02-28 19:42:42
0000005570,0000004970,1,2017-02-20 08:00:38
0000005571,0000004971,1,2023-05-20 19:42:13
0000005572,0000004972,1,2022-08-24 00:00:17
0000005573,0000004973,1,2017-07-15 23:16:07
0000005574,0000004974,1,2020-05-10 13:21:57
0000005575,0000004975,1,2017-09-22 02:22:10
0000005576,0000004976,1,2023-05-05 18:59:27
0000005577,0000004976,2,2023-05-05 19:00:34
0000005578,0000004977,1,2024-08-10 18:56:10
0000005579,0000004977,2,2024-08-10 18:56:28
0000005580,0000004978,1,2016-03-04 01:52:41
0000005581,0000004978,2,2016-03-04 01:52:26
0000005582,0000004979,1,2023-07-25 03:39:40
0000005583,0000004980,1,2023-01-30 05:46:52
0000005584,0000004981,1,2023-07-31 16:29:03
0000005585,0000004982,1,2020-06-10 22:24:03
0000005586,0000004983,1,2023-05-03 22:20:36
0000005587,0000004984,1,2021-09-16 14:22:56
0000005588,0000004985,1,2023-07-09 19:33:29
0000005589,0000004986,1,2021-11-13 21:54:44
0000005590,0000004987,1,2016-03-10 00:10:45
0000005591,0000004988,1,2017-01-23 05:41:59
0000005592,0000004989,1,2016-12-10 04:11:56
0000005593,0000004990,1,2020-07-26 00:01:23
0000005594,0000004991,1,2023-03-28 20:47:25
0000005595,0000004992,1,2023-05-03 15:12:16
0000005596,0000004992,2,2023-05-03 15:12:36
0000005597,0000004993,1,2020-04-20 23:55:03
0000005598,0000004994,1,2021-02-09 08:01:27
0000005599,0000004995,1,2015-10-27 03:00:19
0000005600,0000004996,1,2021-04-04 20:45:21
0000005601,0000004997,1,2018-08-03 05:37:55
0000005602,0000004998,1,2022-10-15 15:57:18
0000005603,0000004999,1,2019-04-11 18:02:29
0000005604,0000005000,1,2022-09-25 13:23:22
0000005605,0000005001,1,2019-04-16 05:50:27
0000005606,0000005002,1,2021-04-17 17:32:31
0000005607,0000005003,1,2022-03-14 13:22:53
0000005608,0000005004,1,2017-10-24 04:52:41
0000005609,0000005005,1,2019-03-16 07:22:34
0000005610,0000005006,1,2017-11-15 14:36:33
0000005611,0000005007,1,2016-10-21 07:09:00
0000005612,0000005008,1,2020-06-29 22:41:00
0000005613,0000005008,2,2020-06-29 22:41:29
0000005614,0000005009,1,2021-07-19 22:10:46
0000005615,0000005010,1,2019-01-31 01:08:23
0000005616,0000005011,1,2026-08-02 08:30:47
0000005617,0000005012,1,2018-10-10 11:33:07
0000005618,0000005012,2,2018-10-10 11:33:08
0000005619,0000005013,1,2025-02-01 11:09:50
0000005620,0000005014,1,2026-06-26 04:27:41
0000005621,0000005015,1,2021-08-24 12:04:34
0000005622,0000005016,1,2024-03-12 00:01:23
0000005623,0000005017,1,2021-09-06 06:14:34
0000005624,0000005018,1,2024-06-12 03:52:46
0000005625,0000005019,1,2018-05-21 21:52:32
0000005626,0000005020,1,2019-03-07 08:51:37
0000005627,0000005020,2,2019-03-07 08:51:13
0000005628,0000005021,1,2019-08-03 16:55:59
0000005629,0000005022,1,2019-05-09 18:45:05
0000005630,0000005023,1,2021-12-07 10:19:02
0000005631,0000005024,1,2017-08-29 05:52:32
0000005632,0000005025,1,2020-07-30 06:09:27
0000005633,0000005026,1,2019-12-08 19:41:23
0000005634,0000005027,1,2021-03-11 13:51:54
0000005635,0000005028,1,2021-12-25 17:44:54
0000005636,0000005029,1,2018-11-27 11:02:46
0000005637,0000005030,1,2019-01-31 06:40:13
0000005638,0000005031,1,2022-12-14 23:06:46
0000005639,0000005032,1,2023-01-30 17:28:55
0000005640,0000005033,1,2020-10-16 10:06:05
0000005641,0000005034,1,2019-08-08 00:03:23
0000005642,0000005035,1,2024-05-14 05:04:45
0000005643,0000005035,2,2024-05-14 05:03:49
0000005644,0000005036,1,2018-02-14 15:02:07
0000005645,0000005037,1,2019-01-19 19:23:14
0000005646,0000005037,2,2019-01-19 19:23:14
0000005647,0000005038,1,2017-08-29 11:07:48
0000005648,0000005039,1,2019-05-31 16:03:27
0000005649,0000005040,1,2018-12-07 18:55:45
0000005650,0000005040,2,2018-12-07 18:55:24
0000005651,0000005041,1,2019-04-15 14:59:15
0000005652,0000005042,1,2025-12-06 15:57:05
0000005653,0000005043,1,2018-06-21 18:22:58
0000005654,0000005044,1,2021-11-29 02:04:17
0000005655,0000005044,2,2021-11-29 02:04:03
0000005656,0000005045,1,2024-12-24 18:27:22
0000005657,0000005046,1,2021-12-04 20:25:35
0000005658,0000005047,1,2026-06-23 17:22:37
0000005659,0000005048,1,2019-07-15 07:19:31
0000005660,0000005049,1,2016-07-10 07:38:35
0000005661,0000005050,1,2022-03-13 10:29:11
0000005662,0000005051,1,2025-01-13 11:10:24
0000005663,0000005052,1,2022-03-23 22:26:48
0000005664,0000005053,1,2025-12-26 07:41:21
0000005665,0000005054,1,2019-07-13 18:37:07
0000005666,0000005055,1,2025-08-11 20:13:41
0000005667,0000005055,2,2025-08-11 20:14:05
0000005668,0000005056,1,2023-06-22 03:52:22
0000005669,0000005057,1,2022-12-09 07:45:55
0000005670,0000005058,1,2022-01-01 14:11:55
0000005671,0000005059,1,2017-10-09 16:02:08
0000005672,0000005060,1,2025-03-15 02:57:06
0000005673,0000005061,1,2023-12-09 09:38:11
0000005674,0000005062,1,2020-10-17 07:45:08
0000005675,0000005063,1,2019-01-09 03:03:37
0000005676,0000005064,1,2024-04-04 07:38:58
0000005677,0000005065,1,2017-09-09 07:25:07
0000005678,0000005065,2,2017-09-09 07:24:44
0000005679,0000005066,1,2024-07-27 23:51:18
0000005680,0000005067,1,2022-01-07 17:35:56
0000005681,0000005068,1,2020-11-16 19:27:12
0000005682,0000005069,1,2015-03-09 16:42:45
0000005683,0000005070,1,2016-02-22 08:13:27
0000005684,0000005070,2,2016-02-22 08:14:30
0000005685,0000005071,1,2016-07-02 11:18:37
0000005686,0000005072,1,2016-07-14 01:05:04
0000005687,0000005073,1,2016-05-19 11:05:12
0000005688,0000005074,1,2015-08-01 13:45:31
0000005689,0000005075,1,2016-06-27 22:23:46
0000005690,0000005076,1,2017-05-15 01:20:23
0000005691,0000005076,2,2017-05-15 01:19:45
0000005692,0000005077,1,2017-03-02 22:29:28
0000005693,0000005078,1,2014-12-06 02:37:13
0000005694,0000005079,1,2017-04-03 08:02:17
0000005695,0000005080,1,2016-12-29 12:55:25
0000005696,0000005081,1,2016-09-10 14:54:42
0000005697,0000005082,1,2016-06-09 03:03:16
0000005698,0000005083,1,2016-01-31 10:12:51
0000005699,0000005084,1,2023-08-29 00:04:32
0000005700,0000005085,1,2019-01-21 09:43:56
0000005701,0000005086,1,2020-08-06 01:17:30
0000005702,0000005087,1,2018-01-14 10:02:07
0000005703,0000005087,2,2018-01-14 10:02:08
0000005704,0000005088,1,2018-10-20 15:51:08
0000005705,0000005089,1,2023-12-30 13:51:17
0000005706,0000005090,1,2019-09-15 09:23:32
0000005707,0000005091,1,2023-03-20 22:08:24
0000005708,0000005091,2,2023-03-20 22:08:53
0000005709,0000005092,1,2019-01-16 23:57:26
0000005710,0000005093,1,2026-03-20 19:07:37
0000005711,0000005094,1,2017-06-15 09:24:10
0000005712,0000005095,1,2019-01-30 04:31:43
0000005713,0000005096,1,2016-06-22 09:31:19
0000005714,0000005097,1,2026-07-07 20:57:38
0000005715,0000005098,1,2019-05-27 23:01:13
0000005716,0000005099,1,2018-05-07 10:12:57
0000005717,0000005100,1,2018-03-07 00:47:38
0000005718,0000005101,1,2018-12-15 16:16:26
0000005719,0000005102,1,2021-08-31 04:38:41
0000005720,0000005103,1,2022-11-04 20:31:34
0000005721,0000005104,1,2024-03-16 02:46:07
0000005722,0000005104,2,2024-03-16 02:46:19
0000005723,0000005105,1,2023-12-30 19:35:28
0000005724,0000005106,1,2017-10-25 05:06:53
0000005725,0000005107,1,2018-10-15 09:27:48
0000005726,0000005107,2,2018-10-15 09:27:45
0000005727,0000005108,1,2018-06-30 11:42:57
0000005728,0000005109,1,2024-02-21 20:49:48
0000005729,0000005110,1,2018-07-04 22:03:17
0000005730,0000005111,1,2022-12-18 04:34:38
0000005731,0000005111,2,2022-12-18 04:33:20
0000005732,0000005112,1,2023-08-04 12:51:20
0000005733,0000005113,1,2017-07-26 10:44:44
0000005734,0000005114,1,2018-05-31 04:44:02
0000005735,0000005115,1,2017-06-30 03:17:11
0000005736,0000005116,1,2025-09-08 15:02:27
0000005737,0000005117,1,2025-01-04 16:44:29
0000005738,0000005118,1,2023-08-09 05:56:24
0000005739,0000005119,1,2024-08-15 11:56:13
0000005740,0000005120,1,2021-12-24 12:06:11
0000005741,0000005121,1,2018-07-09 04:11:13
0000005742,0000005122,1,2020-07-02 00:11:02
0000005743,0000005123,1,2023-03-15 16:46:39
0000005744,0000005123,2,2023-03-15 16:46:19
0000005745,0000005124,1,2020-08-30 10:45:34
0000005746,0000005125,1,2017-05-07 22:36:42
0000005747,0000005126,1,2016-12-01 15:36:38
0000005748,0000005127,1,2017-04-22 01:21:15
0000005749,0000005128,1,2016-09-05 19:49:11
0000005750,0000005129,1,2016-10-27 22:31:58
0000005751,0000005130,1,2016-10-06 01:36:15
0000005752,0000005131,1,2016-12-30 11:33:24
0000005753,0000005132,1,2017-02-26 18:22:16
0000005754,0000005133,1,2024-04-09 19:40:48
0000005755,0000005134,1,2020-07-04 10:17:04
0000005756,0000005135,1,2024-03-02 16:38:48
0000005757,0000005136,1,2023-09-21 12:24:33
0000005758,0000005136,2,2023-09-21 12:24:40
0000005759,0000005137,1,2026-05-20 09:03:50
0000005760,0000005138,1,2026-06-27 05:30:10
0000005761,0000005139,1,2024-07-21 06:04:32
0000005762,0000005140,1,2018-04-23 20:51:04
0000005763,0000005141,1,2022-12-18 05:17:11
0000005764,0000005142,1,2019-10-01 00:33:35
0000005765,0000005143,1,2020-02-21 00:29:00
0000005766,0000005144,1,2024-07-15 16:05:32
0000005767,0000005145,1,2017-11-13 11:47:37
0000005768,0000005146,1,2022-08-13 00:03:48
0000005769,0000005146,2,2022-08-13 00:03:26
0000005770,0000005147,1,2024-01-05 17:39:04
0000005771,0000005148,1,2026-01-30 17:22:33
0000005772,0000005149,1,2018-02-02 13:31:45
0000005773,0000005150,1,2020-09-01 00:01:55
0000005774,0000005151,1,2018-01-21 03:57:59
0000005775,0000005152,1,2023-03-31 18:24:40
0000005776,0000005153,1,2021-02-02 23:39:47
0000005777,0000005154,1,2025-04-18 12:33:54
0000005778,0000005155,1,2023-03-09 09:28:49
0000005779,0000005155,2,2023-03-09 09:30:06
0000005780,0000005156,1,2019-11-16 13:24:20
0000005781,0000005157,1,2016-10-24 00:20:41
0000005782,0000005158,1,2020-02-10 05:10:04
0000005783,0000005159,1,2018-05-10 11:01:10
0000005784,0000005160,1,2020-08-06 13:36:59
0000005785,0000005161,1,2019-01-14 17:37:13
0000005786,0000005162,1,2018-12-02 04:00:34
0000005787,0000005163,1,2018-05-24 14:51:28
0000005788,0000005164,1,2021-06-02 06:11:17
0000005789,0000005165,1,2024-06-12 06:07:46
0000005790,0000005166,1,2024-06-20 06:14:07
0000005791,0000005166,2,2024-06-20 06:13:25
0000005792,0000005167,1,2026-07-05 07:08:39
0000005793,0000005168,1,2022-07-04 04:41:35
0000005794,0000005169,1,2024-05-13 04:40:58
0000005795,0000005170,1,2024-11-05 12:57:58
0000005796,0000005170,2,2024-11-05 12:58:07
0000005797,0000005171,1,2020-01-04 10:12:18
0000005798,0000005172,1,2024-10-01 02:50:20
0000005799,0000005172,2,2024-10-01 02:51:13
0000005800,0000005173,1,2024-04-14 10:20:16
0000005801,0000005173,2,2024-04-14 10:19:55
0000005802,0000005174,1,2024-11-16 00:13:18
0000005803,0000005175,1,2023-02-07 00:43:36
0000005804,0000005176,1,2024-02-19 06:58:12
0000005805,0000005177,1,2022-04-24 05:21:08
0000005806,0000005178,1,2026-09-13 20:39:40
0000005807,0000005179,1,2025-05-30 15:50:19
0000005808,0000005180,1,2024-12-20 18:44:38
0000005809,0000005181,1,2026-08-03 16:35:40
0000005810,0000005182,1,2022-12-08 05:06:03
0000005811,0000005183,1,2026-03-17 05:16:45
0000005812,0000005183,2,2026-03-17 05:18:19
0000005813,0000005184,1,2025-02-06 11:35:00
0000005814,0000005185,1,2022-04-18 02:47:37
0000005815,0000005186,1,2020-04-08 22:08:10
0000005816,0000005187,1,2019-09-17 19:45:14
0000005817,0000005188,1,2021-03-27 18:23:33
0000005818,0000005189,1,2018-11-07 19:40:31
0000005819,0000005190,1,2017-08-29 21:16:29
0000005820,0000005191,1,2018-06-23 07:57:02
0000005821,0000005191,2,2018-06-23 07:57:35
0000005822,0000005192,1,2020-08-10 10:06:15
0000005823,0000005193,1,2021-04-12 05:02:00
0000005824,0000005194,1,2020-01-30 06:18:45
0000005825,0000005195,1,2019-09-12 14:57:12
0000005826,0000005195,2,2019-09-12 14:57:13
0000005827,0000005196,1,2017-12-04 00:34:33
0000005828,0000005197,1,2020-08-17 11:20:19
0000005829,0000005197,2,2020-08-17 11:21:27
0000005830,0000005198,1,2019-09-14 11:47:11
0000005831,0000005199,1,2017-09-16 13:02:46
0000005832,0000005200,1,2018-05-10 00:38:25
0000005833,0000005201,1,2022-03-16 12:24:09
0000005834,0000005202,1,2020-12-17 16:51:29
0000005835,0000005202,2,2020-12-17 16:52:04
0000005836,0000005203,1,2016-11-09 03:32:54
0000005837,0000005204,1,2025-07-31 05:58:47
0000005838,0000005205,1,2022-09-26 21:21:56
0000005839,0000005206,1,2018-08-01 14:35:47
0000005840,0000005207,1,2026-07-17 23:53:19
0000005841,0000005208,1,2023-10-30 06:34:25
0000005842,0000005208,2,2023-10-30 06:33:31
0000005843,0000005209,1,2017-12-01 06:23:12
0000005844,0000005210,1,2018-05-13 17:56:17
0000005845,0000005211,1,2025-11-07 18:59:36
0000005846,0000005212,1,2024-05-04 09:08:15
0000005847,0000005213,1,2020-01-28 20:25:28
0000005848,0000005214,1,2016-10-19 18:30:55
0000005849,0000005215,1,2024-08-21 13:11:42
0000005850,0000005215,2,2024-08-21 13:11:11
0000005851,0000005216,1,2025-11-27 21:59:08
0000005852,0000005217,1,2018-10-26 06:12:26
0000005853,0000005218,1,2019-03-02 06:45:57
0000005854,0000005219,1,2019-07-24 17:58:37
0000005855,0000005220,1,2018-12-08 06:21:18
0000005856,0000005221,1,2019-10-09 21:30:43
0000005857,0000005222,1,2019-10-19 05:36:49
0000005858,0000005223,1,2019-04-09 02:46:46
0000005859,0000005223,2,2019-04-09 02:46:25
0000005860,0000005224,1,2019-02-15 23:09:21
0000005861,0000005225,1,2018-09-30 10:18:45
0000005862,0000005226,1,2018-12-21 11:02:05
0000005863,0000005227,1,2019-09-02 02:11:59
0000005864,0000005228,1,2018-11-20 15:18:04
0000005865,0000005229,1,2024-05-23 14:52:58
0000005866,0000005230,1,2025-06-22 14:57:12
0000005867,0000005231,1,2022-07-24 22:20:42
0000005868,0000005232,1,2023-09-05 10:01:16
0000005869,0000005233,1,2026-01-13 06:39:10
0000005870,0000005234,1,2020-02-29 08:23:04
0000005871,0000005235,1,2018-06-18 02:24:31
0000005872,0000005236,1,2018-11-09 08:08:45
0000005873,0000005237,1,2018-09-17 06:08:15
0000005874,0000005238,1,2016-12-22 00:49:46
0000005875,0000005239,1,2018-11-19 21:37:50
0000005876,0000005240,1,2019-07-28 09:45:17
0000005877,0000005241,1,2020-10-02 21:27:42
0000005878,0000005242,1,2016-07-27 10:34:01
0000005879,0000005243,1,2018-05-04 07:49:02
0000005880,0000005244,1,2018-01-21 12:51:27
0000005881,0000005245,1,2018-10-20 11:20:06
0000005882,0000005246,1,2017-09-08 17:23:40
0000005883,0000005247,1,2024-12-14 20:58:56
0000005884,0000005248,1,2017-11-28 17:42:42
0000005885,0000005249,1,2019-12-23 11:04:26
0000005886,0000005250,1,2020-04-29 11:40:46
0000005887,0000005251,1,2023-04-04 12:35:12
0000005888,0000005252,1,2021-12-20 22:20:47
0000005889,0000005253,1,2024-03-19 21:13:58
0000005890,0000005254,1,2024-03-19 17:36:40
0000005891,0000005255,1,2017-03-26 11:05:40
0000005892,0000005256,1,2020-04-27 19:28:42
0000005893,0000005256,2,2020-04-27 19:28:30
0000005894,0000005257,1,2017-01-30 15:25:52
0000005895,0000005258,1,2015-11-18 05:51:23
0000005896,0000005259,1,2026-08-25 01:22:12
0000005897,0000005260,1,2023-04-19 06:37:44
0000005898,0000005261,1,2023-02-07 05:20:47
0000005899,0000005261,2,2023-02-07 05:21:28
0000005900,0000005262,1,2023-06-09 18:21:18
0000005901,0000005263,1,2019-09-22 22:57:02
0000005902,0000005263,2,2019-09-22 22:57:33
0000005903,0000005264,1,2024-02-06 02:42:10
0000005904,0000005265,1,2022-11-28 18:05:24
0000005905,0000005265,2,2022-11-28 18:03:36
0000005906,0000005266,1,2019-05-27 13:27:52
0000005907,0000005267,1,2022-10-13 23:13:40
0000005908,0000005268,1,2021-12-16 11:31:34
0000005909,0000005269,1,2018-09-03 18:42:16
0000005910,0000005270,1,2025-05-18 21:22:04
0000005911,0000005271,1,2019-02-13 12:32:57
0000005912,0000005272,1,2020-03-28 06:24:56
0000005913,0000005273,1,2022-03-15 15:24:10
0000005914,0000005274,1,2018-01-01 11:19:46
0000005915,0000005275,1,2020-06-18 15:47:04
0000005916,0000005275,2,2020-06-18 15:46:34
0000005917,0000005276,1,2015-01-04 06:07:56
0000005918,0000005276,2,2015-01-04 06:08:21
0000005919,0000005277,1,2017-12-18 16:05:23
0000005920,0000005278,1,2016-09-09 22:20:12
0000005921,0000005278,2,2016-09-09 22:21:01
0000005922,0000005279,1,2026-08-27 07:56:37
0000005923,0000005280,1,2018-01-28 10:15:01
0000005924,0000005280,2,2018-01-28 10:14:10
0000005925,0000005281,1,2018-09-06 06:16:14
0000005926,0000005282,1,2016-08-01 14:18:26
0000005927,0000005283,1,2017-07-27 02:58:39
0000005928,0000005284,1,2016-07-15 15:57:43
0000005929,0000005285,1,2025-10-26 13:21:53
0000005930,0000005286,1,2019-10-22 00:34:18
0000005931,0000005286,2,2019-10-22 00:35:05
0000005932,0000005287,1,2017-05-29 01:05:22
0000005933,0000005288,1,2022-05-30 18:43:31
0000005934,0000005289,1,2021-10-05 21:53:46
0000005935,0000005290,1,2023-04-18 22:01:10
0000005936,0000005290,2,2023-04-18 22:00:40
0000005937,0000005291,1,2020-05-01 07:00:56
0000005938,0000005292,1,2017-11-27 13:26:33
0000005939,0000005293,1,2016-07-01 12:26:23
0000005940,0000005294,1,2021-01-16 23:03:51
0000005941,0000005295,1,2026-04-09 19:55:43
0000005942,0000005296,1,2024-04-11 01:37:09
0000005943,0000005297,1,2017-08-06 15:30:03
0000005944,0000005298,1,2021-07-25 20:00:16
0000005945,0000005299,1,2024-03-04 16:30:02
0000005946,0000005300,1,2021-04-11 10:22:22
0000005947,0000005301,1,2016-11-19 14:34:40
0000005948,0000005301,2,2016-11-19 14:35:01
0000005949,0000005302,1,2017-01-30 09:13:30
0000005950,0000005303,1,2017-03-19 18:22:37
0000005951,0000005304,1,2017-01-30 01:12:44
0000005952,0000005305,1,2016-10-07 01:03:09
0000005953,0000005306,1,2017-04-02 14:35:08
0000005954,0000005307,1,2017-01-24 02:44:15
0000005955,0000005308,1,2017-01-29 07:50:58
0000005956,0000005309,1,2019-02-12 09:00:47
0000005957,0000005310,1,2020-01-08 23:09:08
0000005958,0000005311,1,2020-01-24 23:35:47
0000005959,0000005312,1,2019-06-01 02:45:34
0000005960,0000005313,1,2018-11-19 04:22:37
0000005961,0000005313,2,2018-11-19 04:22:05
0000005962,0000005314,1,2018-11-11 10:25:19
0000005963,0000005314,2,2018-11-11 10:24:38
0000005964,0000005315,1,2019-07-28 10:51:23
0000005965,0000005316,1,2022-01-12 02:24:34
0000005966,0000005317,1,2019-07-14 06:08:23
0000005967,0000005318,1,2022-04-06 05:43:21
0000005968,0000005319,1,2026-05-22 11:28:04
0000005969,0000005320,1,2021-04-06 07:32:12
0000005970,0000005321,1,2025-07-10 11:45:28
0000005971,0000005322,1,2016-05-22 00:48:56
0000005972,0000005323,1,2023-07-14 04:34:43
0000005973,0000005324,1,2021-05-25 12:22:16
0000005974,0000005325,1,2023-05-04 11:41:34
0000005975,0000005325,2,2023-05-04 11:41:56
0000005976,0000005326,1,2021-01-15 10:39:59
0000005977,0000005326,2,2021-01-15 10:40:49
0000005978,0000005327,1,2022-02-13 17:04:15
0000005979,0000005328,1,2026-08-03 18:33:44
0000005980,0000005329,1,2025-01-09 14:45:49
0000005981,0000005330,1,2023-04-25 23:59:42
0000005982,0000005331,1,2020-06-24 08:36:41
0000005983,0000005332,1,2018-10-07 18:16:47
0000005984,0000005333,1,2023-02-18 22:37:19
0000005985,0000005334,1,2024-03-27 03:03:17
0000005986,0000005335,1,2023-03-09 10:49:36
0000005987,0000005336,1,2015-12-23 00:05:29
0000005988,0000005337,1,2017-05-30 01:30:04
0000005989,0000005338,1,2022-06-24 14:26:25
0000005990,0000005338,2,2022-06-24 14:25:24
0000005991,0000005339,1,2020-01-02 11:36:10
0000005992,0000005340,1,2017-03-26 02:04:37
0000005993,0000005341,1,2022-02-06 23:38:24
0000005994,0000005342,1,2016-11-15 11:45:55
0000005995,0000005343,1,2021-11-13 02:19:13
0000005996,0000005343,2,2021-11-13 02:18:54
0000005997,0000005344,1,2019-10-07 18:06:59
0000005998,0000005345,1,2017-09-29 20:41:06
0000005999,0000005345,2,2017-09-29 20:39:26
0000006000,0000005346,1,2021-03-04 23:15:42
0000006001,0000005347,1,2023-10-17 07:30:30
0000006002,0000005348,1,2016-10-09 14:43:30
0000006003,0000005349,1,2020-08-05 12:43:30
0000006004,0000005350,1,2022-03-25 18:31:37
0000006005,0000005351,1,2022-04-29 10:04:16
0000006006,0000005352,1,2017-07-03 11:56:04
0000006007,0000005353,1,2021-01-16 23:17:51
0000006008,0000005354,1,2020-08-07 10:11:17
0000006009,0000005355,1,2020-07-25 14:38:02
0000006010,0000005356,1,2021-03-29 23:28:09
0000006011,0000005357,1,2024-11-08 13:30:01
0000006012,0000005358,1,2018-01-15 07:33:43
0000006013,0000005359,1,2024-05-26 05:32:28
0000006014,0000005359,2,2024-05-26 05:33:53
0000006015,0000005360,1,2024-06-27 01:15:22
0000006016,0000005361,1,2019-10-19 12:29:14
0000006017,0000005361,2,2019-10-19 12:30:02
0000006018,0000005362,1,2019-08-25 13:01:38
0000006019,0000005363,1,2026-04-05 17:42:58
0000006020,0000005364,1,2015-10-02 09:01:16
0000006021,0000005365,1,2018-02-26 14:40:27
0000006022,0000005365,2,2018-02-26 14:40:11
0000006023,0000005366,1,2018-03-24 19:30:14
0000006024,0000005367,1,2018-08-17 19:19:09
0000006025,0000005367,2,2018-08-17 19:19:13
0000006026,0000005368,1,2015-10-06 12:57:39
0000006027,0000005369,1,2024-12-01 12:31:44
0000006028,0000005370,1,2017-08-05 18:20:34
0000006029,0000005371,1,2019-10-26 20:33:38
0000006030,0000005372,1,2019-08-22 07:52:53
0000006031,0000005372,2,2019-08-22 07:53:27
0000006032,0000005373,1,2018-02-11 00:45:12
0000006033,0000005374,1,2020-11-29 01:24:53
0000006034,0000005374,2,2020-11-29 01:23:57
0000006035,0000005375,1,2019-05-21 13:51:23
0000006036,0000005376,1,2024-05-18 04:47:46
0000006037,0000005377,1,2023-06-08 21:12:31
0000006038,0000005377,2,2023-06-08 21:11:48
0000006039,0000005378,1,2024-10-06 11:08:55
0000006040,0000005379,1,2020-03-25 16:24:17
0000006041,0000005380,1,2019-05-15 07:05:36
0000006042,0000005381,1,2026-03-07 23:02:03
0000006043,0000005382,1,2016-12-11 00:38:53
0000006044,0000005383,1,2017-03-12 17:26:22
0000006045,0000005384,1,2020-05-18 10:26:33
0000006046,0000005385,1,2018-02-18 01:13:31
0000006047,0000005385,2,2018-02-18 01:13:43
0000006048,0000005386,1,2025-06-30 05:09:15
0000006049,0000005387,1,2021-07-03 15:38:39
0000006050,0000005388,1,2025-09-19 01:00:12
0000006051,0000005388,2,2025-09-19 00:59:49
0000006052,0000005389,1,2019-09-04 13:57:19
0000006053,0000005390,1,2015-07-08 11:04:04
0000006054,0000005391,1,2015-11-05 13:27:47
0000006055,0000005392,1,2022-01-07 17:26:39
0000006056,0000005393,1,2016-01-04 22:51:06
0000006057,0000005394,1,2018-09-21 11:09:01
0000006058,0000005395,1,2024-03-13 08:59:12
0000006059,0000005396,1,2015-12-02 19:41:00
0000006060,0000005397,1,2023-05-31 19:13:28
0000006061,0000005398,1,2025-09-10 01:22:01
0000006062,0000005398,2,2025-09-10 01:22:05
0000006063,0000005399,1,2025-10-23 16:27:50
0000006064,0000005400,1,2023-09-09 05:26:44
0000006065,0000005401,1,2021-01-16 18:51:43
0000006066,0000005402,1,2017-04-13 14:15:41
0000006067,0000005403,1,2018-02-11 07:43:26
0000006068,0000005404,1,2019-02-09 11:16:15
0000006069,0000005405,1,2019-03-21 09:37:23
0000006070,0000005406,1,2024-04-11 06:31:00
0000006071,0000005406,2,2024-04-11 06:30:04
0000006072,0000005407,1,2023-10-07 08:09:59
0000006073,0000005408,1,2024-04-14 00:54:06
0000006074,0000005409,1,2020-09-06 08:01:26
0000006075,0000005410,1,2017-05-17 08:46:05
0000006076,0000005411,1,2015-10-26 22:21:05
0000006077,0000005412,1,2025-01-30 07:17:01
0000006078,0000005413,1,2025-04-06 04:30:58
0000006079,0000005414,1,2017-02-20 11:59:15
0000006080,0000005415,1,2018-02-10 12:39:53
0000006081,0000005416,1,2025-05-08 00:17:00
0000006082,0000005417,1,2020-11-06 05:28:14
0000006083,0000005418,1,2023-09-06 10:43:10
0000006084,0000005419,1,2023-05-25 03:58:50
0000006085,0000005420,1,2026-04-22 00:17:27
0000006086,0000005421,1,2024-06-06 21:57:20
0000006087,0000005422,1,2023-05-17 07:50:55
0000006088,0000005422,2,2023-05-17 07:51:23
0000006089,0000005423,1,2022-09-13 23:08:36
0000006090,0000005424,1,2021-03-04 02:09:05
0000006091,0000005425,1,2019-08-16 10:09:56
0000006092,0000005426,1,2019-07-05 05:21:00
0000006093,0000005427,1,2021-05-15 16:37:07
0000006094,0000005428,1,2021-08-22 14:47:57
0000006095,0000005429,1,2020-06-26 06:04:25
0000006096,0000005430,1,2022-12-16 02:29:14
0000006097,0000005431,1,2015-09-03 06:45:53
0000006098,0000005432,1,2020-01-02 09:39:44
0000006099,0000005433,1,2022-03-22 10:00:44
0000006100,0000005434,1,2025-09-16 13:38:40
0000006101,0000005435,1,2019-07-08 10:54:45
0000006102,0000005436,1,2020-09-27 19:20:21
0000006103,0000005437,1,2017-05-28 12:55:21
0000006104,0000005437,2,2017-05-28 12:53:58
0000006105,0000005438,1,2019-01-13 07:50:11
0000006106,0000005439,1,2021-03-26 09:55:33
0000006107,0000005440,1,2018-07-23 16:14:12
0000006108,0000005441,1,2020-06-03 23:40:36
0000006109,0000005442,1,2021-06-16 20:55:09
0000006110,0000005443,1,2018-09-29 11:12:51
0000006111,0000005444,1,2019-07-07 23:34:47
0000006112,0000005445,1,2023-01-14 17:37:58
0000006113,0000005446,1,2022-04-21 22:27:22
0000006114,0000005447,1,2020-10-08 06:03:46
0000006115,0000005448,1,2019-03-17 17:00:40
0000006116,0000005449,1,2019-11-20 14:58:31
0000006117,0000005450,1,2017-06-18 20:16:23
0000006118,0000005451,1,2018-01-13 01:46:57
0000006119,0000005452,1,2019-01-14 00:18:07
0000006120,0000005452,2,2019-01-14 00:17:11
0000006121,0000005453,1,2022-06-23 20:36:30
0000006122,0000005454,1,2022-10-15 02:52:34
0000006123,0000005455,1,2018-11-21 01:53:51
0000006124,0000005455,2,2018-11-21 01:53:50
0000006125,0000005456,1,2018-12-11 11:23:02
0000006126,0000005457,1,2018-02-26 01:21:35
0000006127,0000005458,1,2025-11-03 11:37:00
0000006128,0000005458,2,2025-11-03 11:37:22
0000006129,0000005459,1,2024-01-08 06:50:08
0000006130,0000005460,1,2022-05-29 19:34:04
0000006131,0000005461,1,2019-08-27 16:11:32
0000006132,0000005462,1,2016-10-14 11:02:33
0000006133,0000005462,2,2016-10-14 11:02:57
0000006134,0000005463,1,2026-06-03 12:59:19
0000006135,0000005464,1,2026-06-20 14:01:29
0000006136,0000005465,1,2023-03-03 06:51:49
0000006137,0000005466,1,2018-01-11 05:07:45
0000006138,0000005467,1,2019-10-31 18:36:53
0000006139,0000005468,1,2019-10-21 21:37:11
0000006140,0000005469,1,2025-09-17 04:24:17
0000006141,0000005470,1,2026-02-08 09:41:49
0000006142,0000005471,1,2021-08-01 09:09:20
0000006143,0000005471,2,2021-08-01 09:09:02
0000006144,0000005472,1,2019-05-14 22:50:18
0000006145,0000005473,1,2019-06-04 13:23:20
0000006146,0000005473,2,2019-06-04 13:24:31
0000006147,0000005474,1,2025-02-28 16:36:31
0000006148,0000005475,1,2022-02-21 22:47:42
0000006149,0000005476,1,2023-01-26 11:04:28
0000006150,0000005476,2,2023-01-26 11:04:00
0000006151,0000005477,1,2019-07-10 12:38:55
0000006152,0000005478,1,2023-02-12 17:00:11
0000006153,0000005479,1,2018-07-26 04:15:30
0000006154,0000005480,1,2021-10-02 18:44:29
0000006155,0000005481,1,2019-02-16 17:12:50
0000006156,0000005482,1,2018-12-27 04:23:44
0000006157,0000005483,1,2018-06-12 23:27:15
0000006158,0000005484,1,2025-04-02 11:27:17
0000006159,0000005485,1,2021-11-17 08:05:35
0000006160,0000005486,1,2019-11-01 07:10:16
0000006161,0000005487,1,2020-10-06 07:49:13
0000006162,0000005488,1,2018-12-28 23:47:14
0000006163,0000005489,1,2018-04-22 10:24:03
0000006164,0000005490,1,2020-05-28 23:51:53
0000006165,0000005491,1,2015-10-04 07:19:54
0000006166,0000005492,1,2019-08-16 13:47:44
0000006167,0000005493,1,2016-03-08 00:25:36
0000006168,0000005494,1,2021-02-20 09:34:38
0000006169,0000005495,1,2020-05-04 01:37:40
0000006170,0000005496,1,2019-07-10 02:18:26
0000006171,0000005497,1,2021-08-29 03:34:12
0000006172,0000005498,1,2016-09-13 14:22:53
0000006173,0000005499,1,2020-03-13 03:17:36
0000006174,0000005500,1,2020-05-01 00:03:35
0000006175,0000005501,1,2023-04-15 04:58:39
0000006176,0000005502,1,2021-12-23 18:06:25
0000006177,0000005503,1,2016-05-04 14:50:52
0000006178,0000005504,1,2019-11-19 16:27:33
0000006179,0000005505,1,2023-05-17 22:57:55
0000006180,0000005506,1,2015-12-04 00:59:22
0000006181,0000005507,1,2019-09-08 02:55:19
0000006182,0000005508,1,2020-08-09 18:22:41
0000006183,0000005509,1,2019-09-12 08:44:13
0000006184,0000005510,1,2024-06-27 19:04:43
0000006185,0000005511,1,2017-10-29 00:45:12
0000006186,0000005512,1,2021-11-15 02:33:13
0000006187,0000005513,1,2021-08-31 16:20:39
0000006188,0000005514,1,2021-04-11 09:00:57
0000006189,0000005515,1,2019-06-29 04:09:13
0000006190,0000005516,1,2026-01-22 21:37:29
0000006191,0000005517,1,2020-03-12 02:04:33
0000006192,0000005518,1,2025-10-29 00:22:45
0000006193,0000005519,1,2022-05-09 23:18:19
0000006194,0000005520,1,2018-01-28 00:34:34
0000006195,0000005521,1,2018-03-15 09:06:02
0000006196,0000005522,1,2025-10-13 17:25:19
0000006197,0000005523,1,2021-03-21 22:22:28
0000006198,0000005523,2,2021-03-21 22:21:44
0000006199,0000005524,1,2026-04-21 18:01:50
0000006200,0000005525,1,2016-01-31 11:39:28
0000006201,0000005526,1,2025-07-31 00:35:04
0000006202,0000005527,1,2019-05-25 18:19:23
0000006203,0000005527,2,2019-05-25 18:19:15
0000006204,0000005528,1,2017-02-03 12:37:29
0000006205,0000005529,1,2022-05-18 04:04:50
0000006206,0000005530,1,2023-10-23 19:54:18
0000006207,0000005531,1,2020-10-06 18:10:11
0000006208,0000005532,1,2018-06-29 06:17:23
0000006209,0000005533,1,2019-02-05 03:38:46
0000006210,0000005534,1,2026-07-23 00:24:22
0000006211,0000005535,1,2023-03-15 21:45:09
0000006212,0000005536,1,2019-08-09 18:39:27
0000006213,0000005537,1,2024-11-27 11:42:20
0000006214,0000005537,2,2024-11-27 11:42:44
0000006215,0000005538,1,2020-01-30 18:05:20
0000006216,0000005539,1,2019-03-14 00:29:38
0000006217,0000005540,1,2020-02-16 09:31:13
0000006218,0000005541,1,2019-10-31 14:42:07
0000006219,0000005542,1,2025-05-17 23:30:42
0000006220,0000005543,1,2021-08-02 10:06:41
0000006221,0000005544,1,2024-02-14 14:03:19
0000006222,0000005545,1,2016-04-15 08:01:55
0000006223,0000005546,1,2021-02-10 07:30:11
0000006224,0000005547,1,2021-06-03 01:18:24
0000006225,0000005547,2,2021-06-03 01:18:36
0000006226,0000005548,1,2023-04-27 03:55:25
0000006227,0000005549,1,2018-04-05 22:57:21
0000006228,0000005550,1,2017-07-17 23:16:25
0000006229,0000005551,1,2019-05-22 09:44:43
0000006230,0000005552,1,2018-10-07 17:35:56
0000006231,0000005553,1,2018-05-04 09:19:20
0000006232,0000005554,1,2018-06-09 06:23:03
0000006233,0000005555,1,2014-11-15 11:06:41
0000006234,0000005556,1,2014-11-15 22:37:44
0000006235,0000005557,1,2014-11-12 16:44:55
0000006236,0000005558,1,2020-11-17 12:30:51
0000006237,0000005559,1,2022-01-07 09:09:06
0000006238,0000005559,2,2022-01-07 09:09:53
0000006239,0000005560,1,2017-09-23 01:28:14
0000006240,0000005561,1,2017-10-14 02:27:22
0000006241,0000005562,1,2025-08-29 19:25:00
0000006242,0000005563,1,2021-03-23 07:15:32
0000006243,0000005564,1,2018-01-15 09:50:48
0000006244,0000005565,1,2022-11-22 08:11:21
0000006245,0000005566,1,2022-09-14 05:58:15
0000006246,0000005567,1,2021-04-16 09:42:25
0000006247,0000005568,1,2024-06-11 23:40:40
0000006248,0000005569,1,2017-08-12 20:34:05
0000006249,0000005569,2,2017-08-12 20:34:57
0000006250,0000005570,1,2025-02-10 05:47:06
0000006251,0000005571,1,2023-05-19 13:46:15
0000006252,0000005572,1,2024-05-14 02:07:29
0000006253,0000005573,1,2015-10-26 19:53:09
0000006254,0000005574,1,2016-11-13 08:58:58
0000006255,0000005575,1,2021-03-15 00:58:10
0000006256,0000005576,1,2017-10-31 03:01:49
0000006257,0000005577,1,2019-01-04 02:20:43
0000006258,0000005578,1,2018-05-12 10:48:10
0000006259,0000005578,2,2018-05-12 10:48:41
0000006260,0000005579,1,2017-09-28 06:06:11
0000006261,0000005580,1,2019-10-21 23:29:42
0000006262,0000005581,1,2021-04-28 00:59:29
0000006263,0000005582,1,2022-01-13 20:14:11
0000006264,0000005583,1,2022-01-23 17:20:22
0000006265,0000005584,1,2021-12-22 13:59:22
0000006266,0000005585,1,2021-06-25 02:26:34
0000006267,0000005586,1,2021-07-31 19:32:18
0000006268,0000005587,1,2021-11-02 00:57:51
0000006269,0000005588,1,2020-05-25 22:49:05
0000006270,0000005589,1,2021-02-24 04:00:15
0000006271,0000005590,1,2021-08-08 10:37:59
0000006272,0000005591,1,2025-05-19 09:07:35
0000006273,0000005591,2,2025-05-19 09:07:08
0000006274,0000005592,1,2022-11-25 14:46:20
0000006275,0000005593,1,2024-01-25 22:54:07
0000006276,0000005594,1,2022-07-24 03:04:22
0000006277,0000005595,1,2017-03-14 18:54:25
0000006278,0000005596,1,2025-01-08 11:42:19
0000006279,0000005597,1,2023-09-28 14:02:53
0000006280,0000005598,1,2016-08-01 18:22:52
0000006281,0000005599,1,2019-09-04 15:28:55
0000006282,0000005600,1,2022-05-04 16:22:09
0000006283,0000005600,2,2022-05-04 16:20:56
0000006284,0000005601,1,2023-12-19 22:59:09
0000006285,0000005602,1,2016-07-26 02:05:46
0000006286,0000005603,1,2018-08-03 22:19:08
0000006287,0000005604,1,2018-05-15 01:13:55
0000006288,0000005604,2,2018-05-15 01:12:21
0000006289,0000005605,1,2022-05-22 05:04:37
0000006290,0000005606,1,2020-10-01 07:22:18
0000006291,0000005607,1,2026-09-16 23:08:49
0000006292,0000005608,1,2018-04-07 11:38:28
0000006293,0000005609,1,2022-11-26 03:06:38
0000006294,0000005610,1,2019-09-26 05:43:43
0000006295,0000005611,1,2023-04-22 11:31:20
0000006296,0000005612,1,2024-03-03 02:18:41
0000006297,0000005613,1,2021-07-19 08:15:51
0000006298,0000005614,1,2018-08-12 12:09:26
0000006299,0000005615,1,2021-07-01 11:35:27
0000006300,0000005616,1,2025-11-30 09:22:23
0000006301,0000005617,1,2022-11-13 12:48:42
0000006302,0000005618,1,2025-04-06 00:36:31
0000006303,0000005619,1,2022-03-06 06:56:14
0000006304,0000005620,1,2025-03-01 23:34:15
0000006305,0000005621,1,2026-02-18 03:41:35
0000006306,0000005622,1,2020-06-17 20:44:29
0000006307,0000005623,1,2018-08-13 13:12:30
0000006308,0000005624,1,2019-03-18 10:44:13
0000006309,0000005625,1,2017-10-01 00:46:43
0000006310,0000005626,1,2026-07-10 00:14:14
0000006311,0000005627,1,2025-05-31 10:58:27
0000006312,0000005628,1,2026-08-31 07:25:30
0000006313,0000005629,1,2025-12-15 19:32:32
0000006314,0000005630,1,2021-10-05 22:05:07
0000006315,0000005631,1,2020-01-09 19:21:28
0000006316,0000005632,1,2016-08-16 19:37:07
0000006317,0000005632,2,2016-08-16 19:35:29
0000006318,0000005633,1,2022-02-04 20:22:23
0000006319,0000005634,1,2019-05-19 05:44:14
0000006320,0000005635,1,2022-01-19 15:32:20
0000006321,0000005636,1,2024-10-13 23:11:29
0000006322,0000005637,1,2017-04-21 00:29:18
0000006323,0000005638,1,2017-01-06 09:31:59
0000006324,0000005639,1,2017-10-17 10:25:13
0000006325,0000005640,1,2018-12-13 07:56:54
0000006326,0000005641,1,2017-02-20 23:17:16
0000006327,0000005642,1,2023-02-04 04:55:05
0000006328,0000005643,1,2017-10-23 13:46:23
0000006329,0000005643,2,2017-10-23 13:45:49
0000006330,0000005644,1,2016-02-25 17:25:16
0000006331,0000005645,1,2018-05-06 05:50:31
0000006332,0000005646,1,2019-09-28 14:45:36
0000006333,0000005647,1,2019-05-29 11:26:39
0000006334,0000005648,1,2019-04-09 11:45:48
0000006335,0000005649,1,2025-02-21 09:41:47
0000006336,0000005649,2,2025-02-21 09:42:27
0000006337,0000005650,1,2022-04-15 10:40:14
0000006338,0000005651,1,2021-10-17 14:46:02
0000006339,0000005652,1,2018-06-03 18:50:13
0000006340,0000005652,2,2018-06-03 18:50:54
0000006341,0000005653,1,2018-05-16 12:59:59
0000006342,0000005654,1,2019-04-10 21:18:40
0000006343,0000005654,2,2019-04-10 21:17:44
0000006344,0000005655,1,2016-02-25 07:07:26
0000006345,0000005656,1,2025-03-03 19:07:11
0000006346,0000005656,2,2025-03-03 19:07:24
0000006347,0000005657,1,2021-07-25 21:17:37
0000006348,0000005658,1,2023-03-13 14:26:56
0000006349,0000005659,1,2023-05-28 00:48:15
0000006350,0000005660,1,2020-03-31 19:26:19
0000006351,0000005661,1,2016-11-10 22:28:15
0000006352,0000005662,1,2020-08-09 10:24:08
0000006353,0000005663,1,2016-08-27 11:19:06
0000006354,0000005664,1,2016-03-17 21:43:59
0000006355,0000005665,1,2016-05-25 14:03:38
0000006356,0000005666,1,2026-09-11 06:05:16
0000006357,0000005667,1,2016-05-31 04:58:54
0000006358,0000005668,1,2016-05-30 16:54:29
0000006359,0000005669,1,2016-07-19 10:33:56
0000006360,0000005670,1,2016-03-28 03:37:05
0000006361,0000005671,1,2022-06-25 11:53:32
0000006362,0000005672,1,2025-09-18 13:13:27
0000006363,0000005673,1,2025-07-31 19:19:45
0000006364,0000005674,1,2025-01-26 21:31:28
0000006365,0000005675,1,2021-05-05 17:24:43
0000006366,0000005676,1,2018-02-17 19:28:34
0000006367,0000005677,1,2020-10-03 16:48:45
0000006368,0000005678,1,2016-06-13 17:24:37
0000006369,0000005678,2,2016-06-13 17:24:26
0000006370,0000005679,1,2017-08-23 02:31:24
0000006371,0000005680,1,2025-01-21 20:07:11
0000006372,0000005681,1,2019-04-24 20:50:13
0000006373,0000005682,1,2025-07-22 21:45:41
0000006374,0000005683,1,2021-08-17 11:18:20
0000006375,0000005684,1,2022-09-21 06:07:29
0000006376,0000005685,1,2021-12-14 09:04:10
0000006377,0000005685,2,2021-12-14 09:05:01
0000006378,0000005686,1,2019-11-07 22:35:44
0000006379,0000005687,1,2019-04-13 05:18:55
0000006380,0000005688,1,2019-07-19 23:23:23
0000006381,0000005689,1,2018-08-05 10:23:30
0000006382,0000005690,1,2019-09-18 07:20:45
0000006383,0000005691,1,2024-08-14 17:09:03
0000006384,0000005692,1,2025-07-19 11:09:21
0000006385,0000005693,1,2025-10-15 19:53:31
0000006386,0000005694,1,2022-05-26 05:25:24
0000006387,0000005695,1,2019-11-22 12:12:53
0000006388,0000005696,1,2019-05-23 11:09:46
0000006389,0000005697,1,2021-12-26 16:14:36
0000006390,0000005698,1,2019-04-20 15:59:56
0000006391,0000005699,1,2019-10-22 23:53:29
0000006392,0000005700,1,2024-11-02 10:09:48
0000006393,0000005701,1,2024-09-01 03:06:00
0000006394,0000005702,1,2020-08-04 01:22:57
0000006395,0000005703,1,2026-05-10 11:49:53
0000006396,0000005704,1,2026-02-23 13:20:57
0000006397,0000005705,1,2021-03-15 22:55:44
0000006398,0000005706,1,2025-11-30 22:31:18
0000006399,0000005707,1,2020-12-09 09:07:28
0000006400,0000005708,1,2022-05-07 08:30:52
0000006401,0000005709,1,2025-04-18 20:19:42
0000006402,0000005710,1,2020-08-24 09:02:53
0000006403,0000005711,1,2023-08-19 17:56:49
0000006404,0000005712,1,2017-12-28 14:14:56
0000006405,0000005713,1,2025-07-20 15:13:38
0000006406,0000005714,1,2026-06-24 16:36:33
0000006407,0000005714,2,2026-06-24 16:37:12
0000006408,0000005715,1,2019-12-29 10:54:56
0000006409,0000005716,1,2017-07-13 18:55:59
0000006410,0000005717,1,2017-05-09 23:30:12
0000006411,0000005718,1,2024-08-04 14:24:03
0000006412,0000005719,1,2024-02-02 18:42:08
0000006413,0000005719,2,2024-02-02 18:41:44
0000006414,0000005720,1,2022-12-12 14:50:13
0000006415,0000005721,1,2015-04-05 03:35:45
0000006416,0000005722,1,2018-08-15 12:24:57
0000006417,0000005722,2,2018-08-15 12:24:53
0000006418,0000005723,1,2016-10-19 17:24:33
0000006419,0000005724,1,2023-04-18 01:50:04
0000006420,0000005725,1,2022-10-04 17:49:51
0000006421,0000005726,1,2015-12-14 02:21:35
0000006422,0000005727,1,2020-11-18 02:17:43
0000006423,0000005728,1,2021-02-18 04:19:22
0000006424,0000005729,1,2015-09-27 06:30:33
0000006425,0000005730,1,2018-04-18 07:53:37
0000006426,0000005731,1,2026-05-06 08:32:52
0000006427,0000005732,1,2019-01-04 16:44:47
0000006428,0000005733,1,2023-10-01 06:33:32
0000006429,0000005734,1,2026-03-29 03:12:18
0000006430,0000005735,1,2022-09-02 06:05:31
0000006431,0000005736,1,2018-05-18 05:02:30
0000006432,0000005737,1,2019-04-01 09:13:51
0000006433,0000005738,1,2023-04-11 08:38:48
0000006434,0000005739,1,2018-09-11 13:33:17
0000006435,0000005740,1,2022-05-27 14:25:25
0000006436,0000005741,1,2026-09-24 11:54:20
0000006437,0000005742,1,2023-05-07 06:02:24
0000006438,0000005743,1,2017-09-13 16:28:55
0000006439,0000005743,2,2017-09-13 16:29:17
0000006440,0000005744,1,2019-11-14 09:30:32
0000006441,0000005745,1,2020-07-01 01:31:12
0000006442,0000005746,1,2022-01-23 02:40:38
0000006443,0000005747,1,2021-04-06 21:55:19
0000006444,0000005748,1,2022-12-25 09:15:36
0000006445,0000005749,1,2021-12-27 08:27:08
0000006446,0000005749,2,2021-12-27 08:26:59
0000006447,0000005750,1,2020-01-29 17:29:09
0000006448,0000005751,1,2025-11-30 04:07:42
0000006449,0000005752,1,2021-06-26 16:18:41
0000006450,0000005753,1,2020-11-10 04:36:20
0000006451,0000005754,1,2020-07-03 13:12:48
0000006452,0000005755,1,2024-06-09 09:17:35
0000006453,0000005756,1,2020-08-19 12:19:28
0000006454,0000005756,2,2020-08-19 12:19:37
0000006455,0000005757,1,2019-07-05 18:21:44
0000006456,0000005758,1,2019-03-20 18:10:03
0000006457,0000005759,1,2018-06-25 18:45:37
0000006458,0000005759,2,2018-06-25 18:45:44
0000006459,0000005760,1,2026-06-30 19:04:26
0000006460,0000005761,1,2020-05-08 20:43:44
0000006461,0000005761,2,2020-05-08 20:43:37
0000006462,0000005762,1,2019-03-14 12:16:57
0000006463,0000005762,2,2019-03-14 12:16:56
0000006464,0000005763,1,2020-05-19 06:53:17
0000006465,0000005764,1,2018-07-06 20:10:39
0000006466,0000005765,1,2018-10-01 06:57:59
0000006467,0000005766,1,2021-08-27 14:31:03
0000006468,0000005767,1,2019-09-01 20:29:38
0000006469,0000005768,1,2025-12-08 01:11:47
0000006470,0000005769,1,2022-10-29 13:21:00
0000006471,0000005770,1,2022-10-21 03:33:27
0000006472,0000005771,1,2016-04-16 03:05:06
0000006473,0000005772,1,2018-10-26 00:13:13
0000006474,0000005773,1,2018-10-15 18:13:53
0000006475,0000005773,2,2018-10-15 18:13:54
0000006476,0000005774,1,2020-07-16 13:11:54
0000006477,0000005775,1,2019-02-20 20:47:30
0000006478,0000005776,1,2020-05-28 12:40:03
0000006479,0000005777,1,2021-01-09 22:05:50
0000006480,0000005778,1,2019-01-05 10:11:06
0000006481,0000005779,1,2021-01-16 23:00:03
0000006482,0000005780,1,2020-10-28 21:19:01
0000006483,0000005781,1,2025-10-02 11:13:03
0000006484,0000005782,1,2018-02-16 05:33:47
0000006485,0000005782,2,2018-02-16 05:33:05
0000006486,0000005783,1,2019-07-18 09:25:44
0000006487,0000005784,1,2018-10-10 07:56:43
0000006488,0000005784,2,2018-10-10 07:57:20
0000006489,0000005785,1,2019-11-18 07:24:01
0000006490,0000005786,1,2024-07-17 05:20:31
0000006491,0000005787,1,2023-08-27 14:18:53
0000006492,0000005788,1,2017-12-02 03:21:36
0000006493,0000005789,1,2025-04-13 02:23:52
0000006494,0000005790,1,2020-05-13 00:10:29
0000006495,0000005791,1,2020-01-16 09:14:54
0000006496,0000005791,2,2020-01-16 09:14:38
0000006497,0000005792,1,2022-08-02 07:13:29
0000006498,0000005793,1,2023-02-19 09:41:52
0000006499,0000005794,1,2023-08-15 06:29:53
0000006500,0000005795,1,2022-10-28 00:15:07
0000006501,0000005796,1,2021-07-17 07:42:10
0000006502,0000005797,1,2021-03-23 10:25:48
0000006503,0000005798,1,2023-03-21 03:45:47
0000006504,0000005799,1,2017-09-22 08:13:18
0000006505,0000005800,1,2020-03-14 14:27:21
0000006506,0000005801,1,2017-06-16 05:14:38
0000006507,0000005802,1,2021-10-07 09:49:36
0000006508,0000005803,1,2021-11-07 23:27:08
0000006509,0000005804,1,2022-12-21 11:05:00
0000006510,0000005805,1,2019-08-16 13:06:46
0000006511,0000005805,2,2019-08-16 13:05:46
0000006512,0000005806,1,2019-02-02 02:07:38
0000006513,0000005807,1,2015-01-16 13:49:50
0000006514,0000005808,1,2017-11-20 08:09:32
0000006515,0000005809,1,2020-01-11 09:20:50
0000006516,0000005810,1,2018-10-13 00:06:49
0000006517,0000005811,1,2019-05-15 12:15:40
0000006518,0000005812,1,2018-11-13 09:41:32
0000006519,0000005813,1,2018-09-10 00:27:24
0000006520,0000005814,1,2019-05-06 08:53:40
0000006521,0000005815,1,2019-03-13 20:06:46
0000006522,0000005816,1,2019-02-21 13:25:20
0000006523,0000005817,1,2019-09-17 17:08:03
0000006524,0000005817,2,2019-09-17 17:07:49
0000006525,0000005818,1,2020-10-26 11:01:14
0000006526,0000005819,1,2019-10-21 23:15:25
0000006527,0000005820,1,2025-12-29 18:18:43
0000006528,0000005821,1,2020-06-26 11:57:55
0000006529,0000005822,1,2019-07-19 05:25:11
0000006530,0000005823,1,2020-08-15 01:45:58
0000006531,0000005824,1,2025-01-01 06:32:07
0000006532,0000005825,1,2024-11-07 06:52:56
0000006533,0000005826,1,2024-10-02 11:41:34
0000006534,0000005827,1,2023-03-11 03:50:13
0000006535,0000005828,1,2019-06-20 12:49:52
0000006536,0000005828,2,2019-06-20 12:50:05
0000006537,0000005829,1,2025-03-10 02:04:14
0000006538,0000005830,1,2023-06-04 12:53:42
0000006539,0000005831,1,2023-11-09 14:03:14
0000006540,0000005832,1,2024-07-25 08:29:43
0000006541,0000005833,1,2025-01-21 10:56:11
0000006542,0000005834,1,2024-05-17 15:35:33
0000006543,0000005835,1,2022-10-29 07:22:27
0000006544,0000005836,1,2023-11-19 21:09:38
0000006545,0000005837,1,2022-01-28 11:31:09
0000006546,0000005838,1,2019-03-09 15:26:48
0000006547,0000005839,1,2024-02-11 13:51:19
0000006548,0000005840,1,2021-11-13 19:26:13
0000006549,0000005841,1,2022-04-01 11:53:19
0000006550,0000005842,1,2020-10-04 15:19:40
0000006551,0000005843,1,2017-03-20 06:30:36
0000006552,0000005844,1,2025-01-20 14:47:55
0000006553,0000005844,2,2025-01-20 14:47:44
0000006554,0000005845,1,2024-07-05 20:01:11
0000006555,0000005846,1,2024-10-26 22:22:50
0000006556,0000005847,1,2021-11-21 16:27:27
0000006557,0000005848,1,2023-05-05 01:59:23
0000006558,0000005848,2,2023-05-05 01:57:44
0000006559,0000005849,1,2020-08-03 09:45:24
0000006560,0000005850,1,2023-10-12 21:13:18
0000006561,0000005851,1,2020-02-07 22:09:19
0000006562,0000005852,1,2018-09-30 00:39:01
0000006563,0000005853,1,2018-04-03 17:40:22
0000006564,0000005854,1,2023-06-17 02:42:10
0000006565,0000005855,1,2024-10-12 11:39:26
0000006566,0000005855,2,2024-10-12 11:39:20
0000006567,0000005856,1,2019-12-14 06:50:41
0000006568,0000005857,1,2023-03-04 20:26:26
0000006569,0000005858,1,2023-06-03 02:56:55
0000006570,0000005859,1,2021-08-07 13:51:03
0000006571,0000005860,1,2024-10-24 20:18:42
0000006572,0000005861,1,2025-01-06 23:20:45
0000006573,0000005862,1,2021-11-15 17:50:32
0000006574,0000005863,1,2019-08-06 03:25:30
0000006575,0000005864,1,2026-08-09 02:31:50
0000006576,0000005865,1,2026-01-25 00:44:54
0000006577,0000005866,1,2019-12-30 06:05:09
0000006578,0000005867,1,2021-12-31 19:51:15
0000006579,0000005868,1,2017-01-18 06:46:15
0000006580,0000005869,1,2022-02-09 06:12:13
0000006581,0000005870,1,2020-06-02 01:46:47
0000006582,0000005870,2,2020-06-02 01:45:59
0000006583,0000005871,1,2018-03-09 09:51:04
0000006584,0000005872,1,2017-06-23 02:46:27
0000006585,0000005872,2,2017-06-23 02:46:11
0000006586,0000005873,1,2025-02-27 01:51:03
0000006587,0000005874,1,2026-05-23 20:26:26
0000006588,0000005875,1,2023-02-17 22:12:55
0000006589,0000005876,1,2021-08-05 04:25:31
0000006590,0000005877,1,2023-06-19 00:18:32
0000006591,0000005878,1,2022-06-11 08:24:04
0000006592,0000005879,1,2025-02-11 08:03:54
0000006593,0000005880,1,2026-01-04 15:40:24
0000006594,0000005881,1,2026-01-05 12:47:52
0000006595,0000005882,1,2026-04-13 09:00:35
0000006596,0000005883,1,2021-01-09 12:00:17
0000006597,0000005884,1,2023-02-07 07:46:21
0000006598,0000005884,2,2023-02-07 07:46:01
0000006599,0000005885,1,2016-06-21 16:33:58
0000006600,0000005886,1,2023-10-02 21:02:04
0000006601,0000005887,1,2023-11-14 20:14:37
0000006602,0000005888,1,2022-03-30 21:20:32
0000006603,0000005889,1,2021-07-29 10:18:50
0000006604,0000005890,1,2025-08-03 21:57:15
0000006605,0000005891,1,2019-06-21 05:30:38
0000006606,0000005892,1,2022-10-03 14:38:09
0000006607,0000005893,1,2020-02-19 00:20:25
0000006608,0000005894,1,2022-12-25 19:46:23
0000006609,0000005895,1,2019-09-02 23:51:34
0000006610,0000005895,2,2019-09-02 23:52:10
0000006611,0000005896,1,2018-11-17 10:16:18
0000006612,0000005897,1,2018-12-13 08:32:57
0000006613,0000005898,1,2022-10-09 00:09:40
0000006614,0000005899,1,2019-08-05 04:15:54
0000006615,0000005900,1,2024-09-20 10:55:03
0000006616,0000005901,1,2018-12-29 06:02:32
0000006617,0000005902,1,2019-07-29 07:32:54
0000006618,0000005903,1,2019-07-02 21:29:25
0000006619,0000005904,1,2018-04-26 02:15:52
0000006620,0000005905,1,2020-07-24 08:20:40
0000006621,0000005906,1,2025-08-30 07:29:49
0000006622,0000005906,2,2025-08-30 07:29:53
0000006623,0000005907,1,2025-04-09 18:43:24
0000006624,0000005908,1,2017-08-01 04:47:24
0000006625,0000005908,2,2017-08-01 04:48:29
0000006626,0000005909,1,2019-08-12 02:12:10
0000006627,0000005910,1,2016-11-05 13:09:37
0000006628,0000005911,1,2016-11-03 16:45:58
0000006629,0000005912,1,2017-08-03 03:01:01
0000006630,0000005913,1,2017-07-30 15:22:35
0000006631,0000005914,1,2026-05-20 01:54:38
0000006632,0000005915,1,2020-04-09 00:05:00
0000006633,0000005916,1,2025-09-16 17:01:17
0000006634,0000005917,1,2024-11-09 23:16:21
0000006635,0000005917,2,2024-11-09 23:16:08
0000006636,0000005918,1,2020-12-05 06:52:12
0000006637,0000005919,1,2025-10-20 08:30:33
0000006638,0000005920,1,2024-08-11 05:20:53
0000006639,0000005921,1,2018-11-11 23:28:25
0000006640,0000005922,1,2018-04-08 01:14:20
0000006641,0000005923,1,2019-06-09 12:35:49
0000006642,0000005924,1,2019-05-01 05:22:25
0000006643,0000005925,1,2018-12-11 23:45:20
0000006644,0000005926,1,2018-06-14 14:08:59
0000006645,0000005927,1,2021-01-15 09:48:47
0000006646,0000005928,1,2021-04-21 18:14:59
0000006647,0000005929,1,2021-08-17 09:41:57
0000006648,0000005930,1,2021-11-18 20:43:58
0000006649,0000005931,1,2020-12-31 23:45:10
0000006650,0000005932,1,2017-04-30 07:34:06
0000006651,0000005933,1,2023-01-16 04:34:29
0000006652,0000005934,1,2022-12-31 22:05:23
0000006653,0000005935,1,2024-04-10 15:42:12
0000006654,0000005936,1,2023-09-23 10:36:05
0000006655,0000005937,1,2019-08-22 19:28:51
0000006656,0000005938,1,2020-03-06 11:57:18
0000006657,0000005939,1,2020-04-12 12:19:39
0000006658,0000005940,1,2024-10-23 05:55:31
0000006659,0000005941,1,2022-09-30 19:45:17
0000006660,0000005942,1,2019-10-19 09:46:08
0000006661,0000005943,1,2018-03-18 20:37:40
0000006662,0000005943,2,2018-03-18 20:37:49
0000006663,0000005944,1,2019-08-31 14:00:48
0000006664,0000005945,1,2019-09-09 01:36:07
0000006665,0000005946,1,2016-11-17 18:17:41
0000006666,0000005947,1,2016-10-20 08:47:35
0000006667,0000005948,1,2017-06-08 09:49:31
0000006668,0000005948,2,2017-06-08 09:49:03
0000006669,0000005949,1,2016-05-18 13:35:40
0000006670,0000005950,1,2024-04-26 04:15:38
0000006671,0000005951,1,2024-10-25 20:30:33
0000006672,0000005952,1,2025-09-16 17:28:11
0000006673,0000005953,1,2023-07-14 14:32:49
0000006674,0000005954,1,2021-11-26 14:39:57
0000006675,0000005955,1,2019-12-17 22:27:11
0000006676,0000005956,1,2021-08-07 11:47:44
0000006677,0000005957,1,2021-08-01 10:50:17
0000006678,0000005958,1,2020-04-09 22:40:37
0000006679,0000005959,1,2021-12-12 04:11:55
0000006680,0000005959,2,2021-12-12 04:11:25
0000006681,0000005960,1,2020-03-07 10:16:26
0000006682,0000005961,1,2019-04-19 18:29:18
0000006683,0000005961,2,2019-04-19 18:28:41
0000006684,0000005962,1,2022-07-28 11:29:11
0000006685,0000005963,1,2018-11-02 01:16:44
0000006686,0000005964,1,2020-02-27 12:21:57
0000006687,0000005965,1,2018-09-23 19:05:52
0000006688,0000005966,1,2023-06-20 19:11:25
0000006689,0000005967,1,2022-05-17 16:15:48
0000006690,0000005968,1,2022-02-01 21:43:19
0000006691,0000005969,1,2018-02-15 19:36:05
0000006692,0000005970,1,2018-10-27 04:42:15
0000006693,0000005971,1,2024-05-14 11:12:18
0000006694,0000005972,1,2025-09-11 19:19:24
0000006695,0000005972,2,2025-09-11 19:20:35
0000006696,0000005973,1,2025-06-05 09:41:40
0000006697,0000005974,1,2024-10-29 19:35:14
0000006698,0000005974,2,2024-10-29 19:34:58
0000006699,0000005975,1,2020-02-19 21:41:20
0000006700,0000005976,1,2019-12-31 04:36:36
0000006701,0000005977,1,2017-10-22 01:51:33
0000006702,0000005978,1,2020-10-31 15:13:55
0000006703,0000005979,1,2018-07-08 17:45:08
0000006704,0000005980,1,2026-09-22 14:47:34
0000006705,0000005981,1,2022-12-09 18:12:44
0000006706,0000005982,1,2022-03-02 13:26:10
0000006707,0000005983,1,2017-09-24 22:42:20
0000006708,0000005984,1,2022-04-30 06:16:12
0000006709,0000005985,1,2017-11-24 05:00:35
0000006710,0000005986,1,2022-02-17 20:14:43
0000006711,0000005987,1,2022-08-27 22:00:37
0000006712,0000005988,1,2019-06-24 16:01:47
0000006713,0000005989,1,2018-10-17 09:22:32
0000006714,0000005990,1,2022-11-02 23:38:56
0000006715,0000005991,1,2019-09-10 23:59:18
0000006716,0000005991,2,2019-09-10 23:58:34
0000006717,0000005992,1,2022-04-01 18:02:15
0000006718,0000005993,1,2017-11-04 17:51:43
0000006719,0000005994,1,2019-10-04 09:07:17
0000006720,0000005995,1,2020-06-12 12:48:23
0000006721,0000005996,1,2021-11-17 01:18:15
0000006722,0000005997,1,2020-03-27 21:19:51
0000006723,0000005998,1,2026-05-08 06:06:24
0000006724,0000005999,1,2023-10-04 01:36:53
0000006725,0000006000,1,2018-10-31 11:26:54
0000006726,0000006001,1,2018-12-20 01:36:06
0000006727,0000006002,1,2026-07-01 09:34:05
0000006728,0000006003,1,2023-12-20 09:05:28
0000006729,0000006004,1,2024-06-23 19:37:27
0000006730,0000006005,1,2017-08-08 04:20:50
0000006731,0000006006,1,2020-02-04 12:21:38
0000006732,0000006007,1,2026-06-18 05:06:15
0000006733,0000006008,1,2018-05-04 16:39:06
0000006734,0000006009,1,2019-09-18 07:14:40
0000006735,0000006010,1,2020-08-04 17:56:38
0000006736,0000006011,1,2019-09-27 22:34:03
0000006737,0000006012,1,2019-08-21 01:42:46
0000006738,0000006013,1,2018-05-25 03:29:19
0000006739,0000006014,1,2019-07-24 15:52:57
0000006740,0000006015,1,2020-07-17 04:02:52
0000006741,0000006016,1,2018-11-16 07:30:18
0000006742,0000006017,1,2022-12-01 13:42:49
0000006743,0000006018,1,2018-07-13 18:23:16
0000006744,0000006019,1,2023-02-14 05:24:38
0000006745,0000006020,1,2019-04-11 23:35:51
0000006746,0000006021,1,2018-06-22 16:23:42
0000006747,0000006022,1,2020-07-12 21:55:59
0000006748,0000006022,2,2020-07-12 21:55:55
0000006749,0000006023,1,2021-08-02 12:14:37
0000006750,0000006024,1,2024-10-25 21:59:28
0000006751,0000006025,1,2023-06-11 10:56:42
0000006752,0000006026,1,2018-07-22 21:21:45
0000006753,0000006027,1,2025-10-07 04:12:02
0000006754,0000006028,1,2015-12-07 14:52:50
0000006755,0000006029,1,2019-01-04 11:36:34
0000006756,0000006030,1,2022-05-08 01:42:23
0000006757,0000006031,1,2022-01-01 08:14:32
0000006758,0000006031,2,2022-01-01 08:14:20
0000006759,0000006032,1,2021-10-02 04:12:33
0000006760,0000006033,1,2023-08-25 10:44:48
0000006761,0000006034,1,2023-09-15 18:18:25
0000006762,0000006035,1,2024-04-22 21:37:09
0000006763,0000006035,2,2024-04-22 21:38:39
0000006764,0000006036,1,2024-07-14 00:33:46
0000006765,0000006037,1,2017-06-25 03:28:31
0000006766,0000006038,1,2017-06-14 20:52:39
0000006767,0000006039,1,2022-07-27 21:21:41
0000006768,0000006040,1,2020-07-04 15:51:36
0000006769,0000006041,1,2021-01-12 22:37:57
0000006770,0000006042,1,2026-03-25 17:22:19
0000006771,0000006043,1,2024-08-12 17:56:18
0000006772,0000006044,1,2017-04-06 18:09:00
0000006773,0000006045,1,2018-09-16 19:03:40
0000006774,0000006046,1,2024-05-23 08:25:25
0000006775,0000006047,1,2026-08-19 23:33:02
0000006776,0000006048,1,2024-12-24 22:41:50
0000006777,0000006049,1,2025-07-02 05:28:14
0000006778,0000006050,1,2018-05-26 19:58:23
0000006779,0000006050,2,2018-05-26 19:58:54
0000006780,0000006051,1,2018-04-13 04:58:16
0000006781,0000006051,2,2018-04-13 04:59:07
0000006782,0000006052,1,2018-09-30 08:34:05
0000006783,0000006053,1,2018-06-26 02:52:07
0000006784,0000006054,1,2019-01-17 04:28:01
0000006785,0000006055,1,2019-05-22 20:15:43
0000006786,0000006056,1,2019-01-31 20:13:06
0000006787,0000006056,2,2019-01-31 20:12:54
0000006788,0000006057,1,2018-12-08 21:00:01
0000006789,0000006058,1,2022-07-01 14:54:31
0000006790,0000006059,1,2020-09-23 12:28:40
0000006791,0000006060,1,2020-10-13 03:14:39
0000006792,0000006061,1,2023-05-19 03:33:12
0000006793,0000006062,1,2014-11-14 18:28:45
0000006794,0000006062,2,2014-11-14 18:29:15
0000006795,0000006063,1,2017-02-17 12:54:56
0000006796,0000006063,2,2017-02-17 12:53:27
0000006797,0000006064,1,2019-11-22 21:29:26
0000006798,0000006065,1,2019-05-15 14:36:26
0000006799,0000006066,1,2017-08-04 09:07:01
0000006800,0000006066,2,2017-08-04 09:07:19
0000006801,0000006067,1,2023-07-23 00:00:17
0000006802,0000006068,1,2018-10-22 18:07:59
0000006803,0000006069,1,2022-07-07 11:14:55
0000006804,0000006070,1,2024-06-30 14:28:44
0000006805,0000006071,1,2023-03-18 23:08:25
0000006806,0000006072,1,2017-11-13 11:08:29
0000006807,0000006073,1,2024-11-21 18:19:40
0000006808,0000006074,1,2025-01-31 07:47:24
0000006809,0000006075,1,2018-07-25 19:18:47
0000006810,0000006076,1,2025-07-01 07:08:51
0000006811,0000006077,1,2020-07-11 07:38:31
0000006812,0000006078,1,2017-03-18 13:16:27
0000006813,0000006079,1,2026-06-10 19:27:49
0000006814,0000006080,1,2015-10-19 03:15:40
0000006815,0000006081,1,2025-04-09 04:11:55
0000006816,0000006082,1,2022-05-04 10:07:11
0000006817,0000006083,1,2016-08-10 05:34:46
0000006818,0000006084,1,2018-11-09 01:40:56
0000006819,0000006085,1,2023-11-25 13:40:44
0000006820,0000006086,1,2022-07-05 09:39:53
0000006821,0000006087,1,2023-12-26 14:36:05
0000006822,0000006088,1,2017-12-19 12:07:04
0000006823,0000006089,1,2023-01-26 23:13:09
0000006824,0000006089,2,2023-01-26 23:12:58
0000006825,0000006090,1,2025-06-23 12:46:25
0000006826,0000006091,1,2020-12-28 05:26:49
0000006827,0000006092,1,2018-01-04 16:09:45
0000006828,0000006093,1,2018-12-02 08:42:52
0000006829,0000006094,1,2025-05-15 12:04:05
0000006830,0000006095,1,2021-07-18 20:25:28
0000006831,0000006095,2,2021-07-18 20:24:48
0000006832,0000006096,1,2015-06-21 15:55:08
0000006833,0000006097,1,2025-10-10 09:39:53
0000006834,0000006098,1,2019-04-25 23:27:21
0000006835,0000006099,1,2016-02-16 21:05:28
0000006836,0000006100,1,2021-07-20 22:32:12
0000006837,0000006101,1,2026-09-02 13:21:12
0000006838,0000006102,1,2019-11-15 03:04:26
0000006839,0000006103,1,2025-12-29 02:05:15
0000006840,0000006104,1,2024-02-08 23:47:15
0000006841,0000006105,1,2019-03-26 19:20:08
0000006842,0000006106,1,2023-07-09 17:57:25
0000006843,0000006107,1,2017-01-20 07:25:20
0000006844,0000006108,1,2017-07-07 13:22:55
0000006845,0000006108,2,2017-07-07 13:24:30
0000006846,0000006109,1,2017-02-07 19:03:56
0000006847,0000006110,1,2021-07-02 19:11:39
0000006848,0000006111,1,2024-12-25 16:24:16
0000006849,0000006112,1,2018-05-18 19:04:49
0000006850,0000006113,1,2024-01-27 19:51:38
0000006851,0000006114,1,2020-08-12 03:19:22
0000006852,0000006115,1,2025-01-12 04:19:30
0000006853,0000006116,1,2019-06-26 14:55:17
0000006854,0000006116,2,2019-06-26 14:56:19
0000006855,0000006117,1,2023-03-26 05:28:15
0000006856,0000006118,1,2018-03-26 08:49:06
0000006857,0000006119,1,2026-09-02 06:08:26
0000006858,0000006120,1,2018-11-08 10:20:22
0000006859,0000006121,1,2024-03-08 22:36:49
0000006860,0000006122,1,2019-08-30 23:41:35
0000006861,0000006122,2,2019-08-30 23:41:58
0000006862,0000006123,1,2016-10-28 03:34:28
0000006863,0000006124,1,2023-12-21 17:28:43
0000006864,0000006125,1,2021-09-04 09:37:35
0000006865,0000006126,1,2019-01-29 08:28:14
0000006866,0000006127,1,2019-04-01 15:24:26
0000006867,0000006128,1,2018-01-29 04:55:45
0000006868,0000006129,1,2016-10-26 03:24:07
0000006869,0000006130,1,2022-06-30 07:02:53
0000006870,0000006131,1,2020-09-28 02:12:03
0000006871,0000006132,1,2016-05-07 00:45:21
0000006872,0000006133,1,2024-03-16 04:06:24
0000006873,0000006134,1,2019-04-09 10:36:05
0000006874,0000006135,1,2017-07-21 19:56:05
0000006875,0000006136,1,2025-06-21 09:19:20
0000006876,0000006137,1,2021-11-14 10:53:26
0000006877,0000006138,1,2026-05-28 23:22:36
0000006878,0000006139,1,2026-09-26 15:20:23
0000006879,0000006140,1,2023-05-15 20:08:28
0000006880,0000006141,1,2023-02-28 17:39:28
0000006881,0000006142,1,2024-08-16 00:29:54
0000006882,0000006142,2,2024-08-16 00:29:27
0000006883,0000006143,1,2025-07-01 08:39:57
0000006884,0000006144,1,2020-09-13 13:38:28
0000006885,0000006145,1,2022-06-28 21:27:50
0000006886,0000006146,1,2019-07-25 14:52:53
0000006887,0000006147,1,2025-08-06 04:00:10
0000006888,0000006148,1,2018-07-21 22:41:25
0000006889,0000006148,2,2018-07-21 22:40:29
0000006890,0000006149,1,2024-06-06 03:52:11
0000006891,0000006150,1,2023-04-13 07:31:19
0000006892,0000006151,1,2018-09-21 12:52:32
0000006893,0000006152,1,2015-06-27 14:12:27
0000006894,0000006153,1,2025-05-24 09:25:48
0000006895,0000006153,2,2025-05-24 09:25:54
0000006896,0000006154,1,2026-04-14 15:56:00
0000006897,0000006155,1,2024-12-03 00:28:08
0000006898,0000006156,1,2020-01-16 17:13:17
0000006899,0000006157,1,2020-07-04 06:36:13
0000006900,0000006158,1,2024-07-13 14:03:52
0000006901,0000006159,1,2024-11-02 02:44:17
0000006902,0000006160,1,2020-09-16 02:19:57
0000006903,0000006160,2,2020-09-16 02:21:18
0000006904,0000006161,1,2015-03-09 04:26:40
0000006905,0000006162,1,2016-06-10 23:22:44
0000006906,0000006163,1,2016-04-26 05:58:51
0000006907,0000006164,1,2024-05-07 09:10:48
0000006908,0000006165,1,2020-09-23 07:50:00
0000006909,0000006165,2,2020-09-23 07:50:35
0000006910,0000006166,1,2023-01-23 23:09:47
0000006911,0000006166,2,2023-01-23 23:10:10
0000006912,0000006167,1,2022-10-02 13:06:30
0000006913,0000006168,1,2022-09-29 02:05:04
0000006914,0000006169,1,2021-06-23 11:19:54
0000006915,0000006170,1,2017-01-23 15:33:46
0000006916,0000006171,1,2019-05-22 12:41:53
0000006917,0000006171,2,2019-05-22 12:42:53
0000006918,0000006172,1,2023-07-29 04:59:47
0000006919,0000006172,2,2023-07-29 04:58:55
0000006920,0000006173,1,2021-08-07 04:40:58
0000006921,0000006174,1,2026-08-03 08:05:09
0000006922,0000006174,2,2026-08-03 08:05:11
0000006923,0000006175,1,2026-04-11 00:08:39
0000006924,0000006176,1,2021-02-24 11:40:22
0000006925,0000006177,1,2018-01-30 19:09:57
0000006926,0000006178,1,2022-12-23 13:58:03
0000006927,0000006179,1,2018-02-04 08:42:20
0000006928,0000006179,2,2018-02-04 08:43:32
0000006929,0000006180,1,2019-05-15 23:52:10
0000006930,0000006180,2,2019-05-15 23:51:39
0000006931,0000006181,1,2022-07-27 08:34:29
0000006932,0000006182,1,2026-04-22 05:10:32
0000006933,0000006183,1,2024-03-01 19:47:44
0000006934,0000006183,2,2024-03-01 19:47:36
0000006935,0000006184,1,2018-12-13 22:05:07
0000006936,0000006184,2,2018-12-13 22:05:38
0000006937,0000006185,1,2016-02-01 06:40:01
0000006938,0000006186,1,2019-01-07 21:44:00
0000006939,0000006187,1,2020-12-15 05:37:00
0000006940,0000006188,1,2019-07-23 14:49:34
0000006941,0000006189,1,2018-09-08 14:02:07
0000006942,0000006190,1,2020-07-07 11:27:19
0000006943,0000006191,1,2017-06-13 14:56:57
0000006944,0000006192,1,2019-09-17 12:55:41
0000006945,0000006193,1,2020-04-24 13:23:45
0000006946,0000006194,1,2017-08-19 07:51:22
0000006947,0000006195,1,2018-01-14 05:29:10
0000006948,0000006196,1,2018-07-22 03:30:02
0000006949,0000006197,1,2020-04-30 23:57:56
0000006950,0000006198,1,2024-08-05 02:10:27
0000006951,0000006199,1,2018-06-19 10:15:08
0000006952,0000006199,2,2018-06-19 10:13:34
0000006953,0000006200,1,2025-09-22 13:38:56
0000006954,0000006201,1,2020-05-12 18:18:53
0000006955,0000006202,1,2019-09-27 20:11:49
0000006956,0000006203,1,2018-02-12 01:21:33
0000006957,0000006204,1,2026-03-25 01:35:02
0000006958,0000006205,1,2017-12-21 23:49:55
0000006959,0000006206,1,2019-06-15 06:16:55
0000006960,0000006207,1,2025-07-04 19:56:26
0000006961,0000006208,1,2018-03-23 06:50:56
0000006962,0000006209,1,2019-04-03 03:36:41
0000006963,0000006209,2,2019-04-03 03:38:03
0000006964,0000006210,1,2018-11-11 11:59:05
0000006965,0000006211,1,2016-03-24 07:35:28
0000006966,0000006211,2,2016-03-24 07:34:41
0000006967,0000006212,1,2017-03-24 09:41:44
0000006968,0000006213,1,2022-01-04 02:35:03
0000006969,0000006213,2,2022-01-04 02:36:28
0000006970,0000006214,1,2019-11-28 10:49:31
0000006971,0000006215,1,2022-11-17 06:54:22
0000006972,0000006216,1,2024-02-22 18:46:45
0000006973,0000006217,1,2024-04-14 20:10:32
0000006974,0000006218,1,2015-11-26 09:01:43
0000006975,0000006219,1,2020-11-19 12:22:26
0000006976,0000006220,1,2021-03-21 10:34:53
0000006977,0000006220,2,2021-03-21 10:34:48
0000006978,0000006221,1,2015-10-20 11:55:56
0000006979,0000006222,1,2017-11-11 20:59:56
0000006980,0000006223,1,2020-03-25 03:46:24
0000006981,0000006224,1,2015-09-25 07:35:17
0000006982,0000006225,1,2025-04-30 19:21:45
0000006983,0000006225,2,2025-04-30 19:21:17
0000006984,0000006226,1,2025-12-26 05:55:07
0000006985,0000006227,1,2026-05-15 01:04:45
0000006986,0000006228,1,2021-05-04 13:39:20
0000006987,0000006229,1,2024-09-06 07:03:11
0000006988,0000006229,2,2024-09-06 07:03:00
0000006989,0000006230,1,2026-05-08 03:03:45
0000006990,0000006231,1,2017-02-16 02:09:11
0000006991,0000006232,1,2016-08-12 14:44:03
0000006992,0000006233,1,2021-07-25 22:03:21
0000006993,0000006234,1,2017-02-10 18:36:58
0000006994,0000006235,1,2024-05-30 16:30:39
0000006995,0000006236,1,2025-08-27 09:43:37
0000006996,0000006237,1,2016-01-25 13:37:58
0000006997,0000006238,1,2025-01-27 12:48:28
0000006998,0000006239,1,2019-01-28 09:28:34
0000006999,0000006240,1,2019-12-27 11:33:39
0000007000,0000006241,1,2020-11-04 12:01:56
0000007001,0000006241,2,2020-11-04 12:02:00
0000007002,0000006242,1,2022-02-24 19:56:26
0000007003,0000006243,1,2022-05-27 03:13:29
0000007004,0000006244,1,2022-04-14 07:19:54
0000007005,0000006245,1,2025-08-24 11:30:47
0000007006,0000006246,1,2017-09-29 19:08:18
0000007007,0000006246,2,2017-09-29 19:06:56
0000007008,0000006247,1,2018-09-07 08:38:08
0000007009,0000006247,2,2018-09-07 08:36:15
0000007010,0000006248,1,2021-02-06 12:56:45
0000007011,0000006248,2,2021-02-06 12:56:58
0000007012,0000006249,1,2021-09-18 11:20:31
0000007013,0000006250,1,2017-12-20 22:48:47
0000007014,0000006251,1,2020-06-24 22:33:01
0000007015,0000006252,1,2019-12-09 04:41:50
0000007016,0000006253,1,2019-08-26 15:34:41
0000007017,0000006254,1,2026-06-26 15:42:24
0000007018,0000006255,1,2021-02-20 09:30:50
0000007019,0000006256,1,2025-05-16 01:14:10
0000007020,0000006257,1,2019-11-07 13:08:47
0000007021,0000006258,1,2017-04-03 08:00:05
0000007022,0000006259,1,2019-05-10 15:46:20
0000007023,0000006260,1,2017-08-14 20:53:32
0000007024,0000006261,1,2015-12-06 17:06:15
0000007025,0000006262,1,2017-12-14 05:19:30
0000007026,0000006263,1,2022-05-10 10:00:54
0000007027,0000006264,1,2020-07-25 06:18:59
0000007028,0000006265,1,2018-09-16 15:51:34
0000007029,0000006266,1,2019-07-02 05:34:47
0000007030,0000006266,2,2019-07-02 05:35:12
0000007031,0000006267,1,2019-11-08 17:05:24
0000007032,0000006268,1,2019-03-13 21:03:24
0000007033,0000006269,1,2022-11-30 11:54:51
0000007034,0000006270,1,2018-02-21 08:47:32
0000007035,0000006271,1,2026-01-09 21:29:11
0000007036,0000006272,1,2022-10-10 21:33:51
0000007037,0000006273,1,2019-12-20 12:39:21
0000007038,0000006274,1,2017-07-25 08:55:41
0000007039,0000006275,1,2023-11-17 17:23:50
0000007040,0000006276,1,2023-07-08 19:56:01
0000007041,0000006277,1,2021-02-08 00:04:58
0000007042,0000006277,2,2021-02-08 00:05:57
0000007043,0000006278,1,2024-12-08 19:42:32
0000007044,0000006279,1,2021-10-07 10:24:02
0000007045,0000006280,1,2022-10-04 15:38:38
0000007046,0000006280,2,2022-10-04 15:37:43
0000007047,0000006281,1,2019-08-25 19:24:33
0000007048,0000006282,1,2025-04-09 19:41:12
0000007049,0000006283,1,2023-07-22 17:34:01
0000007050,0000006284,1,2026-05-20 14:29:42
0000007051,0000006285,1,2020-10-23 21:51:41
0000007052,0000006285,2,2020-10-23 21:51:38
0000007053,0000006286,1,2019-05-09 14:15:44
0000007054,0000006287,1,2016-04-03 22:19:44
0000007055,0000006288,1,2023-08-05 02:17:36
0000007056,0000006288,2,2023-08-05 02:16:53
0000007057,0000006289,1,2020-01-19 08:08:21
0000007058,0000006290,1,2018-10-24 12:30:20
0000007059,0000006291,1,2024-05-10 06:37:23
0000007060,0000006292,1,2026-04-05 00:04:18
0000007061,0000006293,1,2023-12-25 05:34:20
0000007062,0000006294,1,2021-08-01 08:45:42
0000007063,0000006295,1,2018-03-24 13:21:13
0000007064,0000006296,1,2017-03-16 07:31:48
0000007065,0000006297,1,2017-12-24 13:06:48
0000007066,0000006298,1,2022-10-30 02:16:44
0000007067,0000006299,1,2016-12-29 14:49:55
0000007068,0000006300,1,2024-01-09 01:17:34
0000007069,0000006301,1,2022-08-29 21:22:42
0000007070,0000006302,1,2021-07-10 23:21:40
0000007071,0000006303,1,2026-02-10 14:21:09
0000007072,0000006304,1,2023-05-16 11:59:15
0000007073,0000006305,1,2022-04-20 03:55:55
0000007074,0000006306,1,2021-03-30 13:43:13
0000007075,0000006307,1,2021-03-07 19:50:45
0000007076,0000006308,1,2020-04-05 22:16:40
0000007077,0000006309,1,2021-10-18 00:36:28
0000007078,0000006310,1,2022-08-19 15:36:37
0000007079,0000006311,1,2026-03-29 15:40:09
0000007080,0000006311,2,2026-03-29 15:40:44
0000007081,0000006312,1,2019-05-10 16:21:56
0000007082,0000006313,1,2018-12-22 09:29:31
0000007083,0000006314,1,2018-12-17 05:22:16
0000007084,0000006315,1,2017-10-08 04:11:22
0000007085,0000006315,2,2017-10-08 04:11:04
0000007086,0000006316,1,2019-01-15 07:02:07
0000007087,0000006317,1,2023-05-25 22:05:11
0000007088,0000006318,1,2016-08-16 00:38:42
0000007089,0000006319,1,2020-10-21 21:21:53
0000007090,0000006320,1,2025-05-28 15:44:08
0000007091,0000006321,1,2016-03-12 18:43:14
0000007092,0000006321,2,2016-03-12 18:41:42
0000007093,0000006322,1,2016-03-31 09:36:44
0000007094,0000006323,1,2024-09-05 11:01:17
0000007095,0000006324,1,2017-12-04 03:20:42
0000007096,0000006325,1,2025-07-06 17:49:56
0000007097,0000006326,1,2022-11-14 18:58:14
0000007098,0000006326,2,2022-11-14 18:58:06
0000007099,0000006327,1,2020-06-17 16:21:49
0000007100,0000006328,1,2026-02-03 12:59:27
0000007101,0000006329,1,2021-06-29 12:30:41
0000007102,0000006330,1,2018-11-15 05:58:30
0000007103,0000006330,2,2018-11-15 05:59:02
0000007104,0000006331,1,2024-04-01 10:19:18
0000007105,0000006332,1,2018-10-21 01:48:25
0000007106,0000006332,2,2018-10-21 01:46:53
0000007107,0000006333,1,2023-09-21 02:43:31
0000007108,0000006334,1,2021-07-03 11:14:44
0000007109,0000006335,1,2018-02-05 22:06:54
0000007110,0000006336,1,2022-10-19 01:36:49
0000007111,0000006337,1,2025-07-25 03:39:10
0000007112,0000006338,1,2026-10-01 14:37:27
0000007113,0000006339,1,2019-02-16 22:59:01
0000007114,0000006340,1,2016-12-28 19:01:54
0000007115,0000006341,1,2022-06-03 18:00:43
0000007116,0000006342,1,2019-11-02 19:42:05
0000007117,0000006342,2,2019-11-02 19:42:42
0000007118,0000006343,1,2023-07-06 01:20:35
0000007119,0000006344,1,2017-12-07 07:17:26
0000007120,0000006345,1,2023-01-09 13:52:41
0000007121,0000006346,1,2020-05-15 12:10:25
0000007122,0000006347,1,2022-01-24 10:47:23
0000007123,0000006348,1,2017-08-12 00:48:47
0000007124,0000006349,1,2020-05-16 12:36:35
0000007125,0000006350,1,2016-01-26 05:46:05
0000007126,0000006351,1,2023-05-18 18:54:25
0000007127,0000006352,1,2025-02-20 15:12:01
0000007128,0000006353,1,2026-07-18 22:52:30
0000007129,0000006354,1,2026-08-24 06:03:49
0000007130,0000006355,1,2020-10-11 18:41:33
0000007131,0000006356,1,2024-05-07 19:51:37
0000007132,0000006357,1,2019-04-29 15:09:55
0000007133,0000006358,1,2018-04-21 06:40:31
0000007134,0000006359,1,2020-03-30 14:57:48
0000007135,0000006360,1,2019-03-21 11:39:50
0000007136,0000006361,1,2019-09-01 11:05:45
0000007137,0000006362,1,2022-07-14 17:37:16
0000007138,0000006362,2,2022-07-14 17:37:25
0000007139,0000006363,1,2021-10-15 19:06:24
0000007140,0000006364,1,2022-12-13 14:36:25
0000007141,0000006365,1,2018-12-02 22:49:11
0000007142,0000006366,1,2019-05-31 15:08:00
0000007143,0000006367,1,2023-09-22 15:48:25
0000007144,0000006368,1,2022-02-27 01:01:53
0000007145,0000006368,2,2022-02-27 01:01:52
0000007146,0000006369,1,2023-03-02 11:18:38
0000007147,0000006370,1,2015-08-12 21:41:24
0000007148,0000006371,1,2022-04-28 14:16:25
0000007149,0000006372,1,2018-09-19 03:59:11
0000007150,0000006373,1,2020-10-16 10:06:42
0000007151,0000006374,1,2025-08-05 19:17:12
0000007152,0000006374,2,2025-08-05 19:17:30
0000007153,0000006375,1,2022-01-10 02:26:08
0000007154,0000006376,1,2025-10-17 11:28:14
0000007155,0000006377,1,2021-09-16 13:27:29
0000007156,0000006378,1,2016-02-26 12:04:12
0000007157,0000006379,1,2023-05-20 00:41:35
0000007158,0000006380,1,2016-03-18 09:49:11
0000007159,0000006381,1,2021-11-17 10:13:23
0000007160,0000006382,1,2019-09-22 08:20:07
0000007161,0000006382,2,2019-09-22 08:18:43
0000007162,0000006383,1,2026-02-23 10:00:51
0000007163,0000006384,1,2021-04-25 10:16:45
0000007164,0000006385,1,2022-12-31 19:26:17
0000007165,0000006386,1,2021-12-15 20:19:21
0000007166,0000006387,1,2025-04-15 02:28:54
0000007167,0000006388,1,2017-11-12 18:56:17
0000007168,0000006389,1,2024-07-20 19:37:40
0000007169,0000006390,1,2018-04-02 07:00:03
0000007170,0000006391,1,2025-04-25 03:42:21
0000007171,0000006392,1,2019-10-19 16:28:43
0000007172,0000006393,1,2026-04-28 07:23:50
0000007173,0000006394,1,2021-09-25 10:12:55
0000007174,0000006395,1,2021-06-26 20:48:25
0000007175,0000006395,2,2021-06-26 20:49:15
0000007176,0000006396,1,2017-01-23 02:07:08
0000007177,0000006397,1,2020-03-09 17:53:56
0000007178,0000006398,1,2019-11-15 23:12:44
0000007179,0000006399,1,2020-11-06 12:08:57
0000007180,0000006400,1,2022-02-27 00:21:35
0000007181,0000006401,1,2020-12-17 22:02:39
0000007182,0000006402,1,2023-11-19 00:51:56
0000007183,0000006403,1,2026-03-01 23:57:48
0000007184,0000006404,1,2019-07-29 11:35:54
0000007185,0000006405,1,2023-11-15 16:36:59
0000007186,0000006406,1,2020-11-04 14:10:54
0000007187,0000006407,1,2019-01-04 02:30:34
0000007188,0000006408,1,2024-02-04 20:12:35
0000007189,0000006409,1,2019-06-10 03:32:52
0000007190,0000006410,1,2019-08-02 19:43:23
0000007191,0000006411,1,2019-05-06 17:57:13
0000007192,0000006412,1,2018-07-15 08:52:20
0000007193,0000006413,1,2017-10-14 08:57:24
0000007194,0000006413,2,2017-10-14 08:57:06
0000007195,0000006414,1,2016-03-11 03:55:30
0000007196,0000006415,1,2019-04-04 18:50:36
0000007197,0000006416,1,2016-09-28 20:16:51
0000007198,0000006417,1,2019-07-09 04:12:37
0000007199,0000006418,1,2019-01-24 16:51:53
0000007200,0000006419,1,2021-09-30 12:35:13
0000007201,0000006419,2,2021-09-30 12:34:41
0000007202,0000006420,1,2025-02-20 10:01:37
0000007203,0000006421,1,2024-02-01 08:51:44
0000007204,0000006422,1,2020-10-02 07:13:35
0000007205,0000006422,2,2020-10-02 07:14:08
0000007206,0000006423,1,2024-10-19 05:57:59
0000007207,0000006424,1,2020-10-18 22:47:31
0000007208,0000006425,1,2021-10-19 14:00:47
0000007209,0000006426,1,2020-05-28 22:16:58
0000007210,0000006427,1,2021-02-11 01:38:12
0000007211,0000006428,1,2021-07-15 15:09:32
0000007212,0000006429,1,2016-11-14 18:34:05
0000007213,0000006430,1,2021-03-11 22:39:27
0000007214,0000006431,1,2017-12-29 23:14:13
0000007215,0000006432,1,2022-08-29 22:59:15
0000007216,0000006433,1,2025-03-13 05:07:33
0000007217,0000006434,1,2018-12-10 20:02:27
0000007218,0000006435,1,2024-02-22 00:12:50
0000007219,0000006436,1,2022-12-15 11:27:49
0000007220,0000006437,1,2025-07-13 20:44:20
0000007221,0000006438,1,2021-12-20 22:56:59
0000007222,0000006439,1,2022-08-12 22:59:36
0000007223,0000006440,1,2019-02-13 01:07:01
0000007224,0000006441,1,2022-01-23 02:44:33
0000007225,0000006442,1,2023-10-23 20:36:06
0000007226,0000006443,1,2025-12-21 18:38:19
0000007227,0000006443,2,2025-12-21 18:38:00
0000007228,0000006444,1,2021-02-02 04:24:19
0000007229,0000006444,2,2021-02-02 04:24:51
0000007230,0000006445,1,2021-10-13 02:12:45
0000007231,0000006445,2,2021-10-13 02:12:43
0000007232,0000006446,1,2020-12-15 16:04:24
0000007233,0000006447,1,2020-03-07 09:40:09
0000007234,0000006448,1,2019-08-09 12:29:47
0000007235,0000006449,1,2019-05-13 04:12:14
0000007236,0000006450,1,2020-04-01 17:36:38
0000007237,0000006450,2,2020-04-01 17:35:36
0000007238,0000006451,1,2018-08-17 07:20:41
0000007239,0000006451,2,2018-08-17 07:21:58
0000007240,0000006452,1,2019-01-02 09:07:14
0000007241,0000006453,1,2018-11-23 09:22:32
0000007242,0000006454,1,2026-03-19 10:47:37
0000007243,0000006454,2,2026-03-19 10:48:00
0000007244,0000006455,1,2018-08-10 00:15:18
0000007245,0000006455,2,2018-08-10 00:14:53
0000007246,0000006456,1,2023-03-21 17:50:05
0000007247,0000006457,1,2019-12-03 12:43:36
0000007248,0000006457,2,2019-12-03 12:42:21
0000007249,0000006458,1,2025-04-16 23:29:27
0000007250,0000006459,1,2018-10-09 02:53:33
0000007251,0000006460,1,2019-02-22 20:12:56
0000007252,0000006461,1,2026-07-12 03:56:20
0000007253,0000006462,1,2016-02-26 03:21:59
0000007254,0000006462,2,2016-02-26 03:22:09
0000007255,0000006463,1,2017-06-26 23:39:33
0000007256,0000006464,1,2017-03-23 19:04:41
0000007257,0000006465,1,2024-04-05 02:47:36
0000007258,0000006466,1,2016-12-15 10:31:56
0000007259,0000006467,1,2018-01-09 13:54:33
0000007260,0000006468,1,2020-01-12 08:25:24
0000007261,0000006469,1,2017-05-23 17:49:55
0000007262,0000006470,1,2019-08-14 07:12:50
0000007263,0000006471,1,2021-06-20 11:26:55
0000007264,0000006472,1,2019-08-11 19:11:31
0000007265,0000006473,1,2019-05-16 12:11:47
0000007266,0000006474,1,2016-06-18 19:36:10
0000007267,0000006475,1,2026-01-04 03:45:59
0000007268,0000006476,1,2022-01-04 08:20:40
0000007269,0000006476,2,2022-01-04 08:20:11
0000007270,0000006477,1,2021-02-03 09:01:16
0000007271,0000006478,1,2018-03-03 11:41:25
0000007272,0000006479,1,2024-10-05 08:23:33
0000007273,0000006480,1,2023-10-22 17:47:29
0000007274,0000006481,1,2022-08-18 20:51:44
0000007275,0000006482,1,2021-05-24 11:06:37
0000007276,0000006483,1,2022-03-14 15:11:43
0000007277,0000006484,1,2024-11-13 06:15:57
0000007278,0000006485,1,2021-10-28 06:54:11
0000007279,0000006485,2,2021-10-28 06:54:39
0000007280,0000006486,1,2021-03-19 14:10:02
0000007281,0000006486,2,2021-03-19 14:11:34
0000007282,0000006487,1,2018-10-15 22:44:10
0000007283,0000006488,1,2019-04-08 02:10:37
0000007284,0000006489,1,2015-02-18 21:00:15
0000007285,0000006490,1,2023-02-26 05:56:17
0000007286,0000006491,1,2019-04-01 05:39:09
0000007287,0000006491,2,2019-04-01 05:38:49
0000007288,0000006492,1,2019-05-07 10:23:34
0000007289,0000006493,1,2024-06-04 07:07:12
0000007290,0000006493,2,2024-06-04 07:07:14
0000007291,0000006494,1,2020-11-06 21:29:12
0000007292,0000006495,1,2016-01-17 00:46:22
0000007293,0000006495,2,2016-01-17 00:46:01
0000007294,0000006496,1,2024-10-09 18:51:48
0000007295,0000006497,1,2024-05-03 23:54:48
0000007296,0000006498,1,2022-07-22 03:15:27
0000007297,0000006499,1,2023-05-12 02:00:42
0000007298,0000006500,1,2022-07-01 23:47:33
0000007299,0000006501,1,2025-08-22 03:05:50
0000007300,0000006502,1,2017-12-24 06:26:18
0000007301,0000006503,1,2025-12-04 21:05:25
0000007302,0000006504,1,2020-02-29 21:43:41
0000007303,0000006505,1,2022-05-23 14:34:38
0000007304,0000006506,1,2025-04-19 15:25:36
0000007305,0000006507,1,2024-12-05 07:32:07
0000007306,0000006507,2,2024-12-05 07:31:22
0000007307,0000006508,1,2025-04-26 04:39:02
0000007308,0000006509,1,2020-10-29 09:52:12
0000007309,0000006510,1,2023-01-15 06:41:47
0000007310,0000006511,1,2021-12-11 00:21:12
0000007311,0000006512,1,2024-10-24 06:28:48
0000007312,0000006513,1,2018-02-21 06:44:30
0000007313,0000006514,1,2018-09-07 12:17:17
0000007314,0000006514,2,2018-09-07 12:15:53
0000007315,0000006515,1,2024-01-24 10:40:57
0000007316,0000006516,1,2024-11-20 02:53:34
0000007317,0000006517,1,2019-11-26 10:41:57
0000007318,0000006518,1,2020-11-22 12:13:05
0000007319,0000006519,1,2024-05-17 02:08:51
0000007320,0000006520,1,2021-01-11 11:08:20
0000007321,0000006521,1,2017-11-18 04:46:21
0000007322,0000006522,1,2023-01-13 11:24:58
0000007323,0000006523,1,2022-10-22 10:02:34
0000007324,0000006524,1,2022-12-19 06:03:19
0000007325,0000006525,1,2026-09-15 03:05:01
0000007326,0000006526,1,2025-04-26 13:42:38
0000007327,0000006527,1,2019-12-18 19:05:16
0000007328,0000006528,1,2021-02-04 07:32:49
0000007329,0000006529,1,2019-02-25 02:23:27
0000007330,0000006530,1,2019-02-08 14:13:19
0000007331,0000006530,2,2019-02-08 14:13:55
0000007332,0000006531,1,2018-05-26 07:04:09
0000007333,0000006532,1,2024-10-06 04:31:09
0000007334,0000006533,1,2018-06-01 23:29:24
0000007335,0000006534,1,2023-11-12 21:59:27
0000007336,0000006535,1,2024-11-05 14:35:55
0000007337,0000006536,1,2024-11-27 10:26:57
0000007338,0000006537,1,2020-05-21 13:34:15
0000007339,0000006538,1,2019-07-28 13:56:20
0000007340,0000006539,1,2023-08-30 10:20:27
0000007341,0000006540,1,2020-05-20 18:43:23
0000007342,0000006541,1,2021-03-20 03:17:01
0000007343,0000006542,1,2024-03-17 07:04:00
0000007344,0000006542,2,2024-03-17 07:04:31
0000007345,0000006543,1,2024-08-23 09:25:14
0000007346,0000006544,1,2018-10-28 07:48:35
0000007347,0000006545,1,2019-05-12 11:16:22
0000007348,0000006546,1,2018-03-02 03:37:56
0000007349,0000006547,1,2018-05-16 19:11:38
0000007350,0000006548,1,2019-03-06 10:31:35
0000007351,0000006549,1,2020-09-13 10:33:55
0000007352,0000006550,1,2024-10-02 05:55:46
0000007353,0000006551,1,2022-10-23 13:43:47
0000007354,0000006552,1,2016-11-06 13:22:35
0000007355,0000006553,1,2020-07-06 11:29:00
0000007356,0000006554,1,2018-05-20 00:05:43
0000007357,0000006555,1,2020-09-06 04:28:56
0000007358,0000006555,2,2020-09-06 04:28:06
0000007359,0000006556,1,2023-10-29 19:25:08
0000007360,0000006557,1,2025-10-04 11:50:44
0000007361,0000006558,1,2020-04-19 01:58:58
0000007362,0000006559,1,2024-07-10 10:49:09
0000007363,0000006560,1,2023-10-24 10:33:36
0000007364,0000006561,1,2024-06-28 06:53:14
0000007365,0000006562,1,2021-12-23 16:33:34
0000007366,0000006563,1,2021-06-07 09:49:44
0000007367,0000006564,1,2020-01-03 13:51:05
0000007368,0000006565,1,2017-04-06 15:44:54
0000007369,0000006566,1,2021-09-26 00:04:23
0000007370,0000006567,1,2022-04-22 20:04:38
0000007371,0000006568,1,2020-01-18 08:04:40
0000007372,0000006569,1,2018-06-28 04:43:31
0000007373,0000006570,1,2019-09-21 08:37:53
0000007374,0000006571,1,2025-07-07 19:30:13
0000007375,0000006572,1,2026-03-27 21:18:35
0000007376,0000006573,1,2024-04-14 02:34:12
0000007377,0000006573,2,2024-04-14 02:34:03
0000007378,0000006574,1,2020-08-25 12:34:00
0000007379,0000006574,2,2020-08-25 12:34:19
0000007380,0000006575,1,2024-09-10 09:08:20
0000007381,0000006576,1,2020-03-12 06:00:21
0000007382,0000006577,1,2018-06-17 00:12:05
0000007383,0000006578,1,2021-06-28 00:16:54
0000007384,0000006579,1,2021-03-15 19:01:58
0000007385,0000006579,2,2021-03-15 19:01:57
0000007386,0000006580,1,2021-11-25 20:52:10
0000007387,0000006581,1,2019-02-09 20:47:45
0000007388,0000006582,1,2018-04-20 00:07:28
0000007389,0000006583,1,2024-04-23 16:54:12
0000007390,0000006584,1,2022-03-25 22:04:57
0000007391,0000006585,1,2020-09-18 18:10:15
0000007392,0000006586,1,2023-12-02 16:33:23
0000007393,0000006587,1,2022-04-03 01:08:40
0000007394,0000006588,1,2022-02-06 18:31:51
0000007395,0000006589,1,2024-03-14 02:46:56
0000007396,0000006590,1,2018-05-06 18:16:00
0000007397,0000006591,1,2018-06-08 09:28:49
0000007398,0000006592,1,2018-05-23 01:36:15
0000007399,0000006593,1,2018-05-05 03:25:43
0000007400,0000006594,1,2018-04-26 03:36:03
0000007401,0000006595,1,2023-11-20 09:35:34
0000007402,0000006596,1,2021-02-10 07:09:12
0000007403,0000006596,2,2021-02-10 07:08:55
0000007404,0000006597,1,2025-02-08 08:35:14
0000007405,0000006598,1,2018-08-15 23:26:00
0000007406,0000006599,1,2020-12-26 07:14:08
0000007407,0000006600,1,2015-03-05 09:59:56
0000007408,0000006601,1,2016-05-20 01:36:59
0000007409,0000006602,1,2018-11-02 13:14:17
0000007410,0000006603,1,2025-06-26 11:30:57
0000007411,0000006604,1,2018-03-11 07:36:47
0000007412,0000006605,1,2018-05-28 18:35:08
0000007413,0000006605,2,2018-05-28 18:35:24
0000007414,0000006606,1,2023-03-18 00:24:44
0000007415,0000006607,1,2023-10-23 03:40:58
0000007416,0000006607,2,2023-10-23 03:39:47
0000007417,0000006608,1,2020-12-08 22:55:39
0000007418,0000006609,1,2020-11-17 19:10:07
0000007419,0000006610,1,2018-03-23 18:23:28
0000007420,0000006611,1,2021-03-01 12:59:21
0000007421,0000006612,1,2019-08-12 13:37:02
0000007422,0000006613,1,2026-04-09 19:25:42
0000007423,0000006614,1,2021-06-25 02:09:05
0000007424,0000006615,1,2024-04-14 08:54:39
0000007425,0000006616,1,2024-09-29 02:20:33
0000007426,0000006617,1,2020-02-12 12:54:28
0000007427,0000006618,1,2021-11-24 13:23:22
0000007428,0000006619,1,2022-05-12 21:49:06
0000007429,0000006620,1,2022-03-04 16:02:12
0000007430,0000006621,1,2017-10-05 09:54:25
0000007431,0000006622,1,2023-07-13 15:12:50
0000007432,0000006623,1,2020-09-12 00:15:35
0000007433,0000006624,1,2019-05-15 13:52:27
0000007434,0000006625,1,2023-05-24 17:19:19
0000007435,0000006626,1,2018-06-26 16:00:29
0000007436,0000006626,2,2018-06-26 15:59:39
0000007437,0000006627,1,2016-05-25 08:26:25
0000007438,0000006628,1,2022-01-14 13:56:21
0000007439,0000006629,1,2022-06-16 09:37:52
0000007440,0000006630,1,2019-08-08 19:13:27
0000007441,0000006631,1,2024-09-17 21:36:36
0000007442,0000006632,1,2018-04-05 07:42:16
0000007443,0000006633,1,2023-10-10 00:31:48
0000007444,0000006634,1,2022-03-04 07:56:58
0000007445,0000006635,1,2019-10-24 23:06:44
0000007446,0000006635,2,2019-10-24 23:06:35
0000007447,0000006636,1,2016-04-28 13:46:41
0000007448,0000006636,2,2016-04-28 13:46:53
0000007449,0000006637,1,2024-07-01 02:00:15
0000007450,0000006638,1,2019-11-03 19:52:25
0000007451,0000006638,2,2019-11-03 19:52:42
0000007452,0000006639,1,2019-10-01 02:44:09
0000007453,0000006640,1,2021-01-21 15:48:30
0000007454,0000006641,1,2019-04-10 00:42:13
0000007455,0000006642,1,2020-11-09 16:33:50
0000007456,0000006643,1,2019-05-04 16:54:45
0000007457,0000006644,1,2024-12-13 18:57:37
0000007458,0000006645,1,2022-06-01 07:37:35
0000007459,0000006645,2,2022-06-01 07:36:55
0000007460,0000006646,1,2019-06-03 09:07:49
0000007461,0000006647,1,2026-05-30 21:05:10
0000007462,0000006648,1,2015-11-01 15:38:43
0000007463,0000006649,1,2015-10-28 04:48:59
0000007464,0000006649,2,2015-10-28 04:49:40
0000007465,0000006650,1,2019-01-27 17:46:04
0000007466,0000006650,2,2019-01-27 17:45:32
0000007467,0000006651,1,2018-08-17 20:57:42
0000007468,0000006652,1,2024-06-25 20:06:04
0000007469,0000006653,1,2016-06-10 05:36:55
0000007470,0000006654,1,2025-02-19 20:08:42
0000007471,0000006655,1,2024-12-02 00:49:21
0000007472,0000006656,1,2016-09-08 13:03:32
0000007473,0000006657,1,2019-12-12 13:54:29
0000007474,0000006658,1,2024-06-28 16:14:12
0000007475,0000006659,1,2025-08-01 09:19:32
0000007476,0000006660,1,2021-09-10 14:41:25
0000007477,0000006661,1,2026-07-19 00:11:28
0000007478,0000006662,1,2020-12-24 04:43:14
0000007479,0000006663,1,2024-02-16 07:56:42
0000007480,0000006664,1,2022-06-25 01:23:24
0000007481,0000006665,1,2018-03-02 15:41:19
0000007482,0000006666,1,2023-08-26 04:33:25
0000007483,0000006667,1,2022-06-08 18:21:23
0000007484,0000006668,1,2019-06-12 08:19:47
0000007485,0000006669,1,2026-08-10 06:02:52
0000007486,0000006670,1,2024-05-07 09:59:54
0000007487,0000006671,1,2023-02-12 13:49:00
0000007488,0000006672,1,2017-01-15 11:14:59
0000007489,0000006673,1,2018-05-01 14:33:12
0000007490,0000006674,1,2020-07-22 19:29:51
0000007491,0000006674,2,2020-07-22 19:29:06
0000007492,0000006675,1,2018-01-02 05:50:31
0000007493,0000006676,1,2024-11-18 13:19:34
0000007494,0000006677,1,2019-04-20 20:20:18
0000007495,0000006678,1,2016-10-14 00:59:14
0000007496,0000006679,1,2025-01-28 17:56:16
0000007497,0000006680,1,2018-12-04 22:30:24
0000007498,0000006681,1,2019-08-28 00:21:41
0000007499,0000006682,1,2026-07-19 01:00:18
0000007500,0000006683,1,2017-04-18 14:51:45
0000007501,0000006684,1,2018-10-31 00:24:58
0000007502,0000006685,1,2021-01-11 08:32:52
0000007503,0000006686,1,2022-03-20 01:11:03
0000007504,0000006687,1,2024-02-23 12:22:23
0000007505,0000006688,1,2023-09-20 01:07:49
0000007506,0000006689,1,2018-09-05 12:39:14
0000007507,0000006690,1,2020-11-28 04:36:40
0000007508,0000006691,1,2022-09-02 00:28:59
0000007509,0000006692,1,2019-08-16 15:13:57
0000007510,0000006693,1,2019-02-14 23:19:44
0000007511,0000006694,1,2022-07-11 10:58:58
0000007512,0000006695,1,2024-07-28 02:34:39
0000007513,0000006696,1,2019-04-30 12:34:38
0000007514,0000006697,1,2016-10-31 16:18:17
0000007515,0000006698,1,2021-05-26 16:33:17
0000007516,0000006699,1,2016-09-09 11:49:19
0000007517,0000006700,1,2019-06-09 21:58:25
0000007518,0000006701,1,2020-09-16 04:20:51
0000007519,0000006702,1,2019-08-23 07:49:37
0000007520,0000006703,1,2022-05-22 03:10:28
0000007521,0000006704,1,2019-09-03 23:58:42
0000007522,0000006705,1,2023-07-02 22:45:42
0000007523,0000006706,1,2025-05-10 13:18:06
0000007524,0000006707,1,2021-12-11 13:16:24
0000007525,0000006708,1,2023-01-29 01:34:51
0000007526,0000006709,1,2023-10-24 13:33:46
0000007527,0000006710,1,2025-10-02 21:19:36
0000007528,0000006711,1,2020-03-29 13:57:55
0000007529,0000006711,2,2020-03-29 13:56:45
0000007530,0000006712,1,2024-09-30 05:18:02
0000007531,0000006713,1,2018-11-13 22:08:00
0000007532,0000006714,1,2023-01-14 17:51:35
0000007533,0000006715,1,2020-03-11 03:41:28
0000007534,0000006716,1,2019-02-28 06:41:19
0000007535,0000006717,1,2023-03-06 14:27:49
0000007536,0000006718,1,2020-05-13 04:18:54
0000007537,0000006719,1,2025-03-18 12:16:26
0000007538,0000006719,2,2025-03-18 12:16:22
0000007539,0000006720,1,2021-07-12 20:44:23
0000007540,0000006721,1,2023-02-10 07:05:10
0000007541,0000006722,1,2021-06-16 07:49:59
0000007542,0000006723,1,2021-02-14 03:16:54
0000007543,0000006723,2,2021-02-14 03:17:35
0000007544,0000006724,1,2024-04-11 19:29:25
0000007545,0000006725,1,2026-01-22 20:27:44
0000007546,0000006726,1,2020-12-29 03:25:03
0000007547,0000006727,1,2021-01-23 17:41:54
0000007548,0000006727,2,2021-01-23 17:41:18
0000007549,0000006728,1,2025-11-27 17:33:54
0000007550,0000006729,1,2017-10-27 21:45:11
0000007551,0000006730,1,2020-11-25 07:06:11
0000007552,0000006731,1,2023-07-21 11:39:23
0000007553,0000006732,1,2026-07-16 00:49:24
0000007554,0000006733,1,2023-09-20 21:27:48
0000007555,0000006733,2,2023-09-20 21:27:58
0000007556,0000006734,1,2019-09-22 20:06:09
0000007557,0000006735,1,2018-11-26 20:14:42
0000007558,0000006736,1,2024-04-04 04:25:21
0000007559,0000006737,1,2023-12-14 19:42:53
0000007560,0000006738,1,2022-01-30 03:06:03
0000007561,0000006739,1,2026-05-24 22:26:48
0000007562,0000006739,2,2026-05-24 22:26:43
0000007563,0000006740,1,2021-02-03 23:56:04
0000007564,0000006741,1,2019-09-19 13:55:34
0000007565,0000006742,1,2023-04-16 20:16:42
0000007566,0000006743,1,2018-06-05 22:56:49
0000007567,0000006744,1,2020-04-01 07:14:12
0000007568,0000006745,1,2024-06-05 08:38:35
0000007569,0000006746,1,2025-12-01 14:53:21
0000007570,0000006747,1,2018-10-11 15:39:26
0000007571,0000006748,1,2023-01-01 21:23:55
0000007572,0000006749,1,2021-08-20 06:58:20
0000007573,0000006749,2,2021-08-20 06:57:20
0000007574,0000006750,1,2018-09-30 02:30:09
0000007575,0000006751,1,2020-06-21 09:57:56
0000007576,0000006752,1,2018-01-09 11:27:43
0000007577,0000006753,1,2021-11-29 18:11:13
0000007578,0000006754,1,2017-02-04 20:07:52
0000007579,0000006755,1,2019-10-14 16:31:00
0000007580,0000006756,1,2017-03-07 13:20:39
0000007581,0000006757,1,2017-03-16 02:27:40
0000007582,0000006758,1,2017-02-13 21:01:34
0000007583,0000006758,2,2017-02-13 21:02:45
0000007584,0000006759,1,2019-10-22 16:53:01
0000007585,0000006760,1,2025-08-04 17:09:08
0000007586,0000006761,1,2018-08-23 02:16:26
0000007587,0000006762,1,2025-05-20 12:06:12
0000007588,0000006763,1,2023-12-04 19:03:48
0000007589,0000006764,1,2016-06-10 05:34:48
0000007590,0000006764,2,2016-06-10 05:35:08
0000007591,0000006765,1,2016-06-09 17:23:50
0000007592,0000006766,1,2016-06-17 17:17:16
0000007593,0000006767,1,2025-12-29 09:07:43
0000007594,0000006768,1,2026-04-08 09:19:22
0000007595,0000006768,2,2026-04-08 09:19:23
0000007596,0000006769,1,2018-12-27 01:10:43
0000007597,0000006770,1,2023-07-03 18:09:55
0000007598,0000006771,1,2026-01-16 01:02:01
0000007599,0000006772,1,2025-01-10 08:59:23
0000007600,0000006772,2,2025-01-10 08:57:36
0000007601,0000006773,1,2019-03-09 11:16:26
0000007602,0000006774,1,2023-04-07 03:59:39
0000007603,0000006775,1,2020-01-12 18:38:27
0000007604,0000006776,1,2019-10-18 14:59:27
0000007605,0000006777,1,2025-06-08 16:00:12
0000007606,0000006778,1,2019-12-29 17:50:35
0000007607,0000006779,1,2022-02-24 06:09:18
0000007608,0000006780,1,2023-04-30 18:40:57
0000007609,0000006781,1,2022-10-30 13:12:43
0000007610,0000006782,1,2019-02-06 17:26:34
0000007611,0000006783,1,2022-02-21 07:00:01
0000007612,0000006784,1,2023-04-19 12:08:36
0000007613,0000006785,1,2025-09-10 11:28:54
0000007614,0000006786,1,2026-06-05 13:17:03
0000007615,0000006787,1,2018-08-26 10:28:48
0000007616,0000006788,1,2024-07-31 12:52:01
0000007617,0000006789,1,2016-04-15 09:40:24
0000007618,0000006790,1,2022-01-11 06:48:38
0000007619,0000006791,1,2023-06-11 20:11:59
0000007620,0000006792,1,2024-05-08 16:32:19
0000007621,0000006793,1,2018-12-08 01:15:42
0000007622,0000006794,1,2015-10-13 21:35:34
0000007623,0000006795,1,2025-10-30 11:00:51
0000007624,0000006795,2,2025-10-30 11:00:57
0000007625,0000006796,1,2018-04-23 07:00:56
0000007626,0000006797,1,2019-02-22 20:48:30
0000007627,0000006798,1,2023-09-30 23:42:10
0000007628,0000006799,1,2026-08-27 06:50:39
0000007629,0000006800,1,2023-12-21 11:39:53
0000007630,0000006801,1,2024-05-28 18:12:09
0000007631,0000006802,1,2022-02-25 17:21:25
0000007632,0000006802,2,2022-02-25 17:21:01
0000007633,0000006803,1,2024-02-09 11:03:06
0000007634,0000006804,1,2019-12-19 22:41:57
0000007635,0000006805,1,2019-06-14 03:19:03
0000007636,0000006806,1,2022-01-13 12:43:06
0000007637,0000006807,1,2019-07-11 13:09:43
0000007638,0000006808,1,2025-04-22 13:36:17
0000007639,0000006808,2,2025-04-22 13:36:27
0000007640,0000006809,1,2022-11-13 16:28:05
0000007641,0000006809,2,2022-11-13 16:29:09
0000007642,0000006810,1,2019-11-10 13:22:15
0000007643,0000006811,1,2018-01-27 11:50:13
0000007644,0000006812,1,2026-06-08 05:57:39
0000007645,0000006813,1,2022-06-26 03:26:35
0000007646,0000006814,1,2026-02-15 09:52:29
0000007647,0000006815,1,2025-07-14 03:59:05
0000007648,0000006815,2,2025-07-14 03:59:03
0000007649,0000006816,1,2022-02-04 00:44:06
0000007650,0000006817,1,2019-09-28 22:22:55
0000007651,0000006818,1,2023-04-11 23:11:41
0000007652,0000006819,1,2022-10-06 05:48:04
0000007653,0000006820,1,2020-06-12 15:52:44
0000007654,0000006821,1,2022-10-15 14:22:01
0000007655,0000006822,1,2022-03-23 07:43:19
0000007656,0000006823,1,2016-10-09 13:03:54
0000007657,0000006824,1,2022-10-04 07:59:14
0000007658,0000006825,1,2015-10-04 07:37:21
0000007659,0000006826,1,2016-09-08 01:34:08
0000007660,0000006827,1,2023-02-11 11:24:26
0000007661,0000006828,1,2022-08-05 21:54:41
0000007662,0000006829,1,2020-03-01 21:50:30
0000007663,0000006830,1,2018-06-26 06:45:55
0000007664,0000006831,1,2022-11-24 17:57:08
0000007665,0000006832,1,2025-08-27 15:45:59
0000007666,0000006833,1,2018-05-22 21:28:20
0000007667,0000006834,1,2018-02-22 09:10:31
0000007668,0000006834,2,2018-02-22 09:11:07
0000007669,0000006835,1,2018-03-09 22:52:59
0000007670,0000006836,1,2020-07-31 03:34:10
0000007671,0000006836,2,2020-07-31 03:34:59
0000007672,0000006837,1,2019-07-25 10:57:48
0000007673,0000006838,1,2025-03-05 09:23:18
0000007674,0000006839,1,2021-06-26 18:53:40
0000007675,0000006840,1,2023-04-30 19:53:16
0000007676,0000006841,1,2020-11-18 00:08:48
0000007677,0000006842,1,2016-09-16 16:56:48
0000007678,0000006843,1,2017-03-20 03:41:45
0000007679,0000006844,1,2018-09-30 07:42:20
0000007680,0000006845,1,2017-07-21 18:47:47
0000007681,0000006845,2,2017-07-21 18:47:40
0000007682,0000006846,1,2022-05-30 03:28:24
0000007683,0000006847,1,2025-12-30 11:31:17
0000007684,0000006848,1,2024-06-24 06:35:33
0000007685,0000006849,1,2021-01-11 14:35:03
0000007686,0000006850,1,2017-02-26 07:35:35
0000007687,0000006851,1,2021-06-11 08:43:15
0000007688,0000006852,1,2022-08-17 20:57:15
0000007689,0000006853,1,2017-08-10 16:47:18
0000007690,0000006853,2,2017-08-10 16:47:11
0000007691,0000006854,1,2017-07-14 03:24:44
0000007692,0000006855,1,2020-04-02 02:27:54
0000007693,0000006856,1,2024-07-11 11:39:14
0000007694,0000006857,1,2018-09-10 18:52:28
0000007695,0000006858,1,2024-09-22 03:12:27
0000007696,0000006859,1,2024-01-24 06:48:35
0000007697,0000006860,1,2023-11-02 01:28:51
0000007698,0000006861,1,2020-05-07 18:40:11
0000007699,0000006862,1,2022-07-13 00:21:58
0000007700,0000006863,1,2022-10-21 19:18:50
0000007701,0000006864,1,2024-04-20 12:34:16
0000007702,0000006865,1,2019-06-27 13:17:04
0000007703,0000006865,2,2019-06-27 13:17:19
0000007704,0000006866,1,2019-09-30 09:40:10
0000007705,0000006867,1,2022-08-23 23:49:39
0000007706,0000006868,1,2020-03-25 11:20:31
0000007707,0000006869,1,2022-01-22 16:00:56
0000007708,0000006870,1,2015-11-17 14:46:28
0000007709,0000006871,1,2022-12-31 21:50:49
0000007710,0000006872,1,2021-12-17 01:39:16
0000007711,0000006873,1,2019-08-19 14:32:43
0000007712,0000006874,1,2021-05-26 22:51:03
0000007713,0000006875,1,2024-01-05 19:30:26
0000007714,0000006876,1,2021-01-17 15:14:07
0000007715,0000006877,1,2025-09-30 15:37:29
0000007716,0000006878,1,2018-05-25 22:52:00
0000007717,0000006879,1,2025-03-24 17:49:52
0000007718,0000006880,1,2025-11-06 08:04:48
0000007719,0000006880,2,2025-11-06 08:03:56
0000007720,0000006881,1,2026-01-11 06:49:59
0000007721,0000006882,1,2024-05-07 14:25:56
0000007722,0000006883,1,2021-09-18 06:00:48
0000007723,0000006884,1,2020-06-06 22:33:46
0000007724,0000006885,1,2020-04-24 12:40:18
0000007725,0000006886,1,2022-02-23 00:45:15
0000007726,0000006887,1,2019-08-26 07:17:02
0000007727,0000006888,1,2015-09-06 06:22:16
0000007728,0000006889,1,2018-07-17 07:34:16
0000007729,0000006890,1,2018-08-28 20:31:11
0000007730,0000006891,1,2022-09-09 03:30:43
0000007731,0000006891,2,2022-09-09 03:31:39
0000007732,0000006892,1,2025-11-10 19:19:27
0000007733,0000006893,1,2017-10-29 18:58:59
0000007734,0000006894,1,2020-06-23 04:00:52
0000007735,0000006895,1,2019-05-20 19:09:28
0000007736,0000006896,1,2018-04-18 17:55:47
0000007737,0000006897,1,2026-09-16 03:24:24
0000007738,0000006898,1,2019-09-17 20:07:15
0000007739,0000006899,1,2023-08-20 05:02:26
0000007740,0000006900,1,2025-07-21 08:02:33
0000007741,0000006900,2,2025-07-21 08:02:19
0000007742,0000006901,1,2016-06-19 16:10:28
0000007743,0000006901,2,2016-06-19 16:09:27
0000007744,0000006902,1,2017-11-26 16:20:40
0000007745,0000006903,1,2017-12-13 05:58:35
0000007746,0000006904,1,2025-09-12 14:31:24
0000007747,0000006905,1,2021-08-13 21:22:38
0000007748,0000006906,1,2017-05-05 07:45:50
0000007749,0000006907,1,2022-11-09 02:46:54
0000007750,0000006908,1,2020-04-09 01:27:32
0000007751,0000006909,1,2023-03-20 20:24:49
0000007752,0000006909,2,2023-03-20 20:24:16
0000007753,0000006910,1,2023-09-06 08:28:50
0000007754,0000006911,1,2017-11-07 22:02:48
0000007755,0000006912,1,2018-06-10 07:37:46
0000007756,0000006913,1,2022-12-16 11:04:01
0000007757,0000006914,1,2020-09-03 15:01:25
0000007758,0000006915,1,2024-07-29 14:52:51
0000007759,0000006916,1,2021-04-15 15:22:52
0000007760,0000006917,1,2019-01-27 02:42:12
0000007761,0000006917,2,2019-01-27 02:43:40
0000007762,0000006918,1,2019-11-02 15:41:40
0000007763,0000006919,1,2024-06-27 20:58:37
0000007764,0000006920,1,2018-08-17 20:06:45
0000007765,0000006921,1,2023-05-25 08:13:10
0000007766,0000006922,1,2022-05-15 19:17:50
0000007767,0000006923,1,2022-09-21 00:41:35
0000007768,0000006924,1,2025-03-23 10:10:30
0000007769,0000006925,1,2025-09-27 02:57:29
0000007770,0000006926,1,2023-06-28 16:25:50
0000007771,0000006927,1,2017-10-26 22:22:54
0000007772,0000006928,1,2025-04-13 14:44:51
0000007773,0000006929,1,2025-02-28 00:48:10
0000007774,0000006930,1,2023-08-12 04:22:53
0000007775,0000006931,1,2019-08-10 10:17:27
0000007776,0000006932,1,2023-10-15 03:49:46
0000007777,0000006933,1,2017-07-13 02:06:08
0000007778,0000006934,1,2019-06-07 14:25:04
0000007779,0000006935,1,2023-03-23 00:27:15
0000007780,0000006936,1,2023-11-04 12:48:02
0000007781,0000006937,1,2021-02-21 02:22:33
0000007782,0000006938,1,2021-11-12 09:08:38
0000007783,0000006939,1,2019-09-20 20:33:59
0000007784,0000006940,1,2024-08-25 21:05:10
0000007785,0000006941,1,2018-01-01 19:25:40
0000007786,0000006942,1,2016-11-15 05:37:58
0000007787,0000006943,1,2018-07-06 17:15:43
0000007788,0000006944,1,2018-02-11 06:47:13
0000007789,0000006945,1,2025-03-30 20:58:13
0000007790,0000006946,1,2024-04-22 17:42:23
0000007791,0000006947,1,2019-10-27 11:46:07
0000007792,0000006948,1,2023-11-14 19:26:37
0000007793,0000006949,1,2016-06-04 05:05:26
0000007794,0000006950,1,2018-05-30 15:53:13
0000007795,0000006951,1,2016-09-04 12:14:59
0000007796,0000006952,1,2026-01-28 20:46:11
0000007797,0000006953,1,2018-10-26 03:20:46
0000007798,0000006954,1,2025-12-03 12:27:33
0000007799,0000006955,1,2023-01-23 00:25:55
0000007800,0000006956,1,2019-02-23 05:49:33
0000007801,0000006957,1,2023-07-15 06:05:28
0000007802,0000006957,2,2023-07-15 06:03:52
0000007803,0000006958,1,2026-03-22 01:58:33
0000007804,0000006959,1,2024-10-04 05:22:10
0000007805,0000006959,2,2024-10-04 05:23:06
0000007806,0000006960,1,2023-09-20 05:43:41
0000007807,0000006960,2,2023-09-20 05:44:44
0000007808,0000006961,1,2017-01-24 05:34:15
0000007809,0000006962,1,2016-06-06 04:29:40
0000007810,0000006963,1,2025-02-23 21:21:25
0000007811,0000006964,1,2023-07-27 15:12:26
0000007812,0000006964,2,2023-07-27 15:12:45
0000007813,0000006965,1,2021-05-16 02:28:32
0000007814,0000006966,1,2022-12-17 20:13:28
0000007815,0000006967,1,2024-10-23 07:15:28
0000007816,0000006968,1,2020-08-29 21:15:37
0000007817,0000006969,1,2019-02-02 13:26:44
0000007818,0000006970,1,2023-07-15 20:08:48
0000007819,0000006971,1,2022-01-10 19:53:11
0000007820,0000006971,2,2022-01-10 19:53:52
0000007821,0000006972,1,2022-03-16 20:05:05
0000007822,0000006973,1,2025-01-23 09:43:56
0000007823,0000006974,1,2026-02-16 17:39:12
0000007824,0000006975,1,2020-02-29 09:11:20
0000007825,0000006975,2,2020-02-29 09:12:56
0000007826,0000006976,1,2019-06-23 13:41:36
0000007827,0000006977,1,2018-08-07 19:12:54
0000007828,0000006978,1,2017-09-05 16:47:40
0000007829,0000006979,1,2016-12-18 07:59:11
0000007830,0000006980,1,2022-12-25 08:19:46
0000007831,0000006981,1,2024-10-17 17:10:56
0000007832,0000006981,2,2024-10-17 17:11:27
0000007833,0000006982,1,2022-02-22 16:44:58
0000007834,0000006983,1,2021-04-10 09:52:33
0000007835,0000006984,1,2023-05-10 08:11:45
0000007836,0000006985,1,2019-10-28 16:17:08
0000007837,0000006985,2,2019-10-28 16:16:03
0000007838,0000006986,1,2020-12-17 01:49:59
0000007839,0000006987,1,2025-04-07 22:18:30
0000007840,0000006988,1,2018-10-02 08:26:38
0000007841,0000006989,1,2020-03-22 10:06:50
0000007842,0000006990,1,2019-08-14 02:32:02
0000007843,0000006991,1,2018-05-11 11:45:22
0000007844,0000006992,1,2019-05-15 19:25:33
0000007845,0000006993,1,2018-03-07 07:44:07
0000007846,0000006994,1,2018-11-01 04:04:08
0000007847,0000006995,1,2018-10-02 12:31:12
0000007848,0000006996,1,2019-07-07 16:03:35
0000007849,0000006997,1,2019-11-15 12:03:21
0000007850,0000006998,1,2018-12-31 05:12:14
0000007851,0000006999,1,2019-12-08 19:40:06
0000007852,0000007000,1,2019-08-02 17:53:40
0000007853,0000007001,1,2016-12-12 01:39:10
0000007854,0000007002,1,2021-11-02 08:29:37
0000007855,0000007002,2,2021-11-02 08:28:50
0000007856,0000007003,1,2020-12-13 11:23:38
0000007857,0000007004,1,2020-12-19 10:34:13
0000007858,0000007005,1,2015-07-23 06:28:52
0000007859,0000007006,1,2026-05-13 05:57:04
0000007860,0000007007,1,2023-03-03 03:40:31
0000007861,0000007008,1,2024-08-02 10:40:32
0000007862,0000007009,1,2019-05-10 00:36:18
0000007863,0000007009,2,2019-05-10 00:35:44
0000007864,0000007010,1,2020-03-28 04:29:53
0000007865,0000007011,1,2020-02-09 08:57:04
0000007866,0000007012,1,2022-02-13 11:53:06
0000007867,0000007013,1,2018-03-15 14:23:34
0000007868,0000007014,1,2016-03-05 21:47:06
0000007869,0000007014,2,2016-03-05 21:47:45
0000007870,0000007015,1,2024-06-11 13:53:12
0000007871,0000007016,1,2019-11-15 06:34:17
0000007872,0000007017,1,2019-02-24 13:20:42
0000007873,0000007018,1,2018-08-09 14:55:53
0000007874,0000007019,1,2025-05-16 23:32:31
0000007875,0000007020,1,2017-08-27 08:18:20
0000007876,0000007021,1,2023-04-19 06:07:03
0000007877,0000007022,1,2016-05-25 05:59:24
0000007878,0000007023,1,2019-04-06 08:25:49
0000007879,0000007024,1,2020-10-01 22:57:32
0000007880,0000007025,1,2019-04-29 20:32:10
0000007881,0000007026,1,2016-10-13 18:37:26
0000007882,0000007027,1,2018-11-16 10:05:51
0000007883,0000007028,1,2017-03-22 18:24:54
0000007884,0000007029,1,2019-03-07 18:01:23
0000007885,0000007030,1,2026-08-31 23:04:11
0000007886,0000007031,1,2019-08-31 02:03:43
0000007887,0000007032,1,2021-11-29 20:47:43
0000007888,0000007033,1,2024-12-14 00:23:31
0000007889,0000007034,1,2019-09-05 00:46:58
0000007890,0000007034,2,2019-09-05 00:46:30
0000007891,0000007035,1,2019-02-20 17:01:02
0000007892,0000007036,1,2020-05-07 20:54:52
0000007893,0000007037,1,2018-08-20 10:35:26
0000007894,0000007038,1,2021-04-23 21:35:16
0000007895,0000007039,1,2022-12-08 10:16:12
0000007896,0000007040,1,2019-05-06 20:31:01
0000007897,0000007041,1,2020-09-21 09:50:02
0000007898,0000007041,2,2020-09-21 09:49:48
0000007899,0000007042,1,2022-03-08 15:37:15
0000007900,0000007043,1,2023-07-08 04:01:13
0000007901,0000007043,2,2023-07-08 04:01:31
0000007902,0000007044,1,2025-11-23 23:51:37
0000007903,0000007045,1,2019-10-20 17:36:02
0000007904,0000007046,1,2022-09-07 05:39:08
0000007905,0000007047,1,2026-03-29 12:53:33
0000007906,0000007048,1,2026-03-16 17:59:51
0000007907,0000007048,2,2026-03-16 18:00:58
0000007908,0000007049,1,2019-01-14 19:14:07
0000007909,0000007049,2,2019-01-14 19:13:51
0000007910,0000007050,1,2026-07-04 11:24:35
0000007911,0000007051,1,2022-10-08 04:19:13
0000007912,0000007051,2,2022-10-08 04:20:13
0000007913,0000007052,1,2019-04-17 02:12:15
0000007914,0000007053,1,2019-02-16 16:17:57
0000007915,0000007054,1,2022-05-16 14:11:04
0000007916,0000007055,1,2018-09-05 20:46:35
0000007917,0000007056,1,2025-02-10 14:43:47
0000007918,0000007057,1,2019-03-23 22:05:24
0000007919,0000007058,1,2025-07-13 15:53:41
0000007920,0000007059,1,2026-10-04 15:37:05
0000007921,0000007060,1,2019-11-04 12:33:18
0000007922,0000007061,1,2016-02-05 03:46:53
0000007923,0000007061,2,2016-02-05 03:47:04
0000007924,0000007062,1,2017-08-09 23:20:22
0000007925,0000007063,1,2019-01-31 13:18:25
0000007926,0000007064,1,2020-07-02 15:00:59
0000007927,0000007065,1,2018-07-03 03:02:55
0000007928,0000007066,1,2021-04-05 21:20:25
0000007929,0000007067,1,2025-04-24 06:26:18
0000007930,0000007068,1,2026-07-26 09:53:15
0000007931,0000007069,1,2021-07-27 19:06:17
0000007932,0000007069,2,2021-07-27 19:07:50
0000007933,0000007070,1,2024-01-17 07:45:42
0000007934,0000007070,2,2024-01-17 07:46:58
0000007935,0000007071,1,2019-12-15 18:01:42
0000007936,0000007072,1,2019-12-15 09:16:39
0000007937,0000007073,1,2022-12-01 10:50:03
0000007938,0000007074,1,2018-05-01 04:25:36
0000007939,0000007075,1,2018-03-29 12:02:08
0000007940,0000007076,1,2024-02-04 13:07:34
0000007941,0000007077,1,2020-02-02 12:49:01
0000007942,0000007078,1,2022-10-23 21:12:17
0000007943,0000007079,1,2020-03-30 02:58:07
0000007944,0000007080,1,2026-02-23 16:12:31
0000007945,0000007081,1,2020-08-25 16:48:11
0000007946,0000007082,1,2025-10-15 23:10:19
0000007947,0000007083,1,2025-07-28 01:30:11
0000007948,0000007084,1,2020-07-22 13:11:53
0000007949,0000007085,1,2019-03-06 10:37:08
0000007950,0000007086,1,2020-10-01 12:33:27
0000007951,0000007087,1,2023-02-17 10:18:47
0000007952,0000007087,2,2023-02-17 10:17:48
0000007953,0000007088,1,2023-08-09 04:42:21
0000007954,0000007089,1,2019-09-24 12:55:07
0000007955,0000007090,1,2016-08-11 16:37:00
0000007956,0000007090,2,2016-08-11 16:35:33
0000007957,0000007091,1,2016-10-27 10:55:55
0000007958,0000007092,1,2016-10-10 16:06:11
0000007959,0000007093,1,2020-06-26 17:00:04
0000007960,0000007094,1,2018-04-12 18:33:08
0000007961,0000007095,1,2019-12-09 19:16:51
0000007962,0000007096,1,2018-02-13 13:50:03
0000007963,0000007097,1,2025-09-18 19:31:32
0000007964,0000007098,1,2015-09-11 14:30:14
0000007965,0000007099,1,2021-07-20 20:01:39
0000007966,0000007100,1,2024-11-29 08:51:42
0000007967,0000007101,1,2025-01-19 05:17:00
0000007968,0000007102,1,2019-10-07 08:41:39
0000007969,0000007103,1,2026-04-07 15:38:19
0000007970,0000007104,1,2019-07-15 05:46:10
0000007971,0000007105,1,2023-03-08 00:10:17
0000007972,0000007106,1,2024-08-20 21:22:59
0000007973,0000007107,1,2024-09-22 16:37:02
0000007974,0000007108,1,2026-08-31 09:31:02
0000007975,0000007109,1,2025-07-06 21:32:01
0000007976,0000007110,1,2024-12-29 03:57:58
0000007977,0000007111,1,2021-04-13 20:30:45
0000007978,0000007112,1,2021-05-24 05:18:39
0000007979,0000007113,1,2021-03-22 19:48:26
0000007980,0000007114,1,2023-01-11 09:48:23
0000007981,0000007115,1,2018-05-18 11:06:45
0000007982,0000007115,2,2018-05-18 11:06:29
0000007983,0000007116,1,2017-12-03 03:44:08
0000007984,0000007117,1,2020-06-26 12:32:39
0000007985,0000007118,1,2019-04-20 23:56:12
0000007986,0000007119,1,2018-06-19 17:55:55
0000007987,0000007119,2,2018-06-19 17:55:05
0000007988,0000007120,1,2020-08-31 05:26:48
0000007989,0000007121,1,2024-03-06 17:34:41
0000007990,0000007122,1,2018-02-21 15:04:09
0000007991,0000007123,1,2020-12-22 05:41:37
0000007992,0000007124,1,2023-09-05 01:39:03
0000007993,0000007125,1,2025-08-08 13:05:17
0000007994,0000007126,1,2024-12-12 02:52:01
0000007995,0000007127,1,2025-06-01 09:38:15
0000007996,0000007128,1,2020-10-15 02:47:41
0000007997,0000007129,1,2024-10-08 04:49:32
0000007998,0000007130,1,2018-10-13 05:48:16
0000007999,0000007131,1,2019-01-14 04:48:10
0000008000,0000007132,1,2024-06-29 06:44:31
0000008001,0000007133,1,2018-06-02 03:34:26
0000008002,0000007134,1,2024-08-19 13:55:05
0000008003,0000007135,1,2023-05-15 11:09:59
0000008004,0000007136,1,2022-03-17 21:13:43
0000008005,0000007137,1,2020-01-08 12:31:50
0000008006,0000007137,2,2020-01-08 12:31:45
0000008007,0000007138,1,2020-06-06 09:08:21
0000008008,0000007139,1,2025-03-05 05:49:55
0000008009,0000007140,1,2020-10-01 14:03:44
0000008010,0000007141,1,2022-03-12 06:48:42
0000008011,0000007142,1,2020-07-07 22:11:04
0000008012,0000007143,1,2020-05-15 00:38:58
0000008013,0000007144,1,2022-12-09 19:34:49
0000008014,0000007144,2,2022-12-09 19:36:15
0000008015,0000007145,1,2020-04-04 19:46:50
0000008016,0000007146,1,2017-03-31 18:13:16
0000008017,0000007147,1,2026-01-04 17:00:32
0000008018,0000007147,2,2026-01-04 16:59:51
0000008019,0000007148,1,2019-04-08 20:19:21
0000008020,0000007148,2,2019-04-08 20:18:12
0000008021,0000007149,1,2026-06-29 20:26:04
0000008022,0000007150,1,2025-09-29 01:57:28
0000008023,0000007150,2,2025-09-29 01:58:38
0000008024,0000007151,1,2020-09-17 15:05:58
0000008025,0000007152,1,2026-02-27 08:00:30
0000008026,0000007153,1,2018-05-10 07:14:44
0000008027,0000007154,1,2025-06-22 04:16:11
0000008028,0000007155,1,2017-05-20 09:03:05
0000008029,0000007156,1,2015-10-30 23:54:33
0000008030,0000007157,1,2024-04-20 21:08:41
0000008031,0000007158,1,2024-05-23 02:47:36
0000008032,0000007159,1,2021-12-19 06:27:56
0000008033,0000007160,1,2019-06-19 19:59:26
0000008034,0000007161,1,2023-07-26 23:59:39
0000008035,0000007162,1,2022-06-23 17:35:23
0000008036,0000007162,2,2022-06-23 17:34:12
0000008037,0000007163,1,2022-09-30 11:57:53
0000008038,0000007163,2,2022-09-30 11:59:03
0000008039,0000007164,1,2022-01-25 16:21:31
0000008040,0000007164,2,2022-01-25 16:20:44
0000008041,0000007165,1,2017-12-14 04:53:41
0000008042,0000007166,1,2017-08-16 09:47:02
0000008043,0000007167,1,2017-08-14 23:38:45
0000008044,0000007168,1,2017-11-17 02:22:04
0000008045,0000007169,1,2017-09-09 17:31:04
0000008046,0000007169,2,2017-09-09 17:30:52
0000008047,0000007170,1,2017-10-29 19:58:01
0000008048,0000007171,1,2017-08-27 21:26:17
0000008049,0000007172,1,2017-05-16 11:16:13
0000008050,0000007173,1,2017-07-24 08:55:02
0000008051,0000007174,1,2017-10-22 08:27:33
0000008052,0000007175,1,2017-05-13 11:54:30
0000008053,0000007176,1,2017-11-26 12:17:47
0000008054,0000007177,1,2020-11-14 06:16:09
0000008055,0000007178,1,2022-05-10 07:54:00
0000008056,0000007179,1,2017-10-06 15:18:28
0000008057,0000007180,1,2018-03-01 22:50:27
0000008058,0000007181,1,2019-08-01 04:38:12
0000008059,0000007182,1,2025-05-31 03:27:34
0000008060,0000007183,1,2018-03-10 13:23:12
0000008061,0000007184,1,2016-05-15 16:44:07
0000008062,0000007185,1,2016-11-18 22:58:30
0000008063,0000007186,1,2025-08-06 12:29:59
0000008064,0000007187,1,2021-09-12 19:09:25
0000008065,0000007188,1,2023-07-13 00:52:05
0000008066,0000007188,2,2023-07-13 00:52:01
0000008067,0000007189,1,2024-09-27 22:35:48
0000008068,0000007190,1,2017-10-27 16:19:03
0000008069,0000007191,1,2023-02-06 08:22:17
0000008070,0000007192,1,2021-11-20 16:42:47
0000008071,0000007193,1,2024-07-21 09:43:07
0000008072,0000007194,1,2019-12-08 19:21:18
0000008073,0000007195,1,2019-07-06 07:37:57
0000008074,0000007196,1,2021-01-30 23:44:26
0000008075,0000007197,1,2021-08-19 19:05:57
0000008076,0000007198,1,2018-09-29 07:56:05
0000008077,0000007198,2,2018-09-29 07:55:51
0000008078,0000007199,1,2020-10-05 23:06:38
0000008079,0000007200,1,2026-06-02 02:35:59
0000008080,0000007201,1,2026-04-17 15:03:38
0000008081,0000007202,1,2017-02-28 11:03:38
0000008082,0000007203,1,2023-03-14 21:17:39
0000008083,0000007204,1,2019-08-08 15:00:29
0000008084,0000007205,1,2020-01-29 03:18:33
0000008085,0000007206,1,2022-05-26 14:02:59
0000008086,0000007207,1,2019-07-18 14:18:30
0000008087,0000007208,1,2018-02-07 19:38:35
0000008088,0000007209,1,2018-03-16 16:58:31
0000008089,0000007210,1,2021-05-15 15:04:12
0000008090,0000007211,1,2024-10-25 01:32:06
0000008091,0000007212,1,2019-04-08 11:39:10
0000008092,0000007213,1,2022-08-27 10:35:14
0000008093,0000007213,2,2022-08-27 10:36:16
0000008094,0000007214,1,2021-04-12 13:13:18
0000008095,0000007215,1,2021-11-24 00:35:21
0000008096,0000007216,1,2022-11-12 06:45:39
0000008097,0000007217,1,2023-07-12 03:49:04
0000008098,0000007218,1,2020-09-26 12:21:36
0000008099,0000007219,1,2018-10-31 05:31:18
0000008100,0000007220,1,2020-05-05 15:36:36
0000008101,0000007221,1,2018-10-16 17:43:42
0000008102,0000007222,1,2020-07-23 15:50:07
0000008103,0000007223,1,2019-01-24 10:25:42
0000008104,0000007224,1,2018-10-23 19:48:51
0000008105,0000007225,1,2018-10-09 16:18:08
0000008106,0000007226,1,2020-07-23 18:51:13
0000008107,0000007227,1,2018-10-29 04:31:13
0000008108,0000007228,1,2019-06-06 07:25:05
0000008109,0000007229,1,2018-12-25 03:35:45
0000008110,0000007230,1,2021-11-16 20:47:37
0000008111,0000007231,1,2026-04-15 21:25:18
0000008112,0000007232,1,2019-06-19 23:43:08
0000008113,0000007233,1,2025-06-22 00:05:42
0000008114,0000007234,1,2025-12-06 19:08:44
0000008115,0000007235,1,2024-03-08 14:43:17
0000008116,0000007236,1,2019-06-25 19:17:57
0000008117,0000007237,1,2019-04-11 17:44:16
0000008118,0000007238,1,2022-02-23 14:52:47
0000008119,0000007239,1,2023-01-09 09:40:21
0000008120,0000007240,1,2024-03-17 22:50:04
0000008121,0000007240,2,2024-03-17 22:49:57
0000008122,0000007241,1,2024-11-30 16:42:27
0000008123,0000007242,1,2024-12-22 08:06:43
0000008124,0000007243,1,2022-08-14 22:24:51
0000008125,0000007244,1,2018-09-08 04:44:46
0000008126,0000007244,2,2018-09-08 04:44:27
0000008127,0000007245,1,2021-05-18 12:04:26
0000008128,0000007246,1,2021-06-28 16:42:32
0000008129,0000007247,1,2016-07-22 07:25:34
0000008130,0000007247,2,2016-07-22 07:25:50
0000008131,0000007248,1,2016-09-13 23:45:35
0000008132,0000007249,1,2026-04-06 08:48:55
0000008133,0000007250,1,2022-03-03 01:36:35
0000008134,0000007250,2,2022-03-03 01:37:15
0000008135,0000007251,1,2018-12-04 03:44:56
0000008136,0000007252,1,2022-09-01 06:33:06
0000008137,0000007253,1,2026-04-07 18:36:26
0000008138,0000007254,1,2018-12-02 05:08:10
0000008139,0000007255,1,2021-11-26 13:37:35
0000008140,0000007256,1,2019-05-06 11:24:41
0000008141,0000007257,1,2017-05-05 01:38:04
0000008142,0000007258,1,2018-05-05 17:12:40
0000008143,0000007259,1,2018-06-19 10:03:11
0000008144,0000007260,1,2016-01-23 05:01:03
0000008145,0000007261,1,2015-09-28 15:29:30
0000008146,0000007262,1,2023-08-09 12:35:38
0000008147,0000007263,1,2025-10-14 09:57:19
0000008148,0000007263,2,2025-10-14 09:56:29
0000008149,0000007264,1,2022-02-18 04:13:24
0000008150,0000007265,1,2019-06-27 16:41:31
0000008151,0000007266,1,2024-01-26 02:56:33
0000008152,0000007267,1,2019-02-18 14:32:13
0000008153,0000007267,2,2019-02-18 14:31:37
0000008154,0000007268,1,2022-02-22 04:55:07
0000008155,0000007269,1,2022-09-26 07:52:33
0000008156,0000007270,1,2015-10-17 23:08:53
0000008157,0000007271,1,2025-05-01 11:09:59
0000008158,0000007272,1,2026-07-08 13:43:06
0000008159,0000007273,1,2020-12-12 11:55:17
0000008160,0000007274,1,2022-02-26 08:21:51
0000008161,0000007275,1,2017-03-18 23:18:31
0000008162,0000007276,1,2021-03-28 22:33:17
0000008163,0000007277,1,2025-02-13 23:05:48
0000008164,0000007278,1,2021-09-18 19:57:55
0000008165,0000007279,1,2021-12-27 11:45:54
0000008166,0000007280,1,2022-02-24 16:20:18
0000008167,0000007281,1,2025-06-10 08:10:46
0000008168,0000007282,1,2016-11-02 14:33:43
0000008169,0000007283,1,2017-10-16 00:27:00
0000008170,0000007283,2,2017-10-16 00:28:36
0000008171,0000007284,1,2020-09-29 17:58:19
0000008172,0000007285,1,2021-02-19 03:45:59
0000008173,0000007286,1,2016-02-04 15:26:23
0000008174,0000007287,1,2020-12-10 14:17:51
0000008175,0000007288,1,2015-04-04 10:20:17
0000008176,0000007289,1,2015-03-30 20:49:33
0000008177,0000007290,1,2015-04-11 09:16:10
0000008178,0000007291,1,2015-04-05 07:59:44
0000008179,0000007291,2,2015-04-05 07:59:49
0000008180,0000007292,1,2015-04-01 11:01:11
0000008181,0000007293,1,2015-04-06 22:02:26
0000008182,0000007294,1,2015-04-05 02:01:32
0000008183,0000007295,1,2015-04-11 02:41:30
0000008184,0000007296,1,2021-10-09 08:34:02
0000008185,0000007297,1,2018-01-20 18:10:53
0000008186,0000007298,1,2015-08-30 07:58:57
0000008187,0000007298,2,2015-08-30 07:59:03
0000008188,0000007299,1,2015-09-02 01:59:31
0000008189,0000007300,1,2016-08-31 19:15:31
0000008190,0000007301,1,2015-12-03 01:31:43
0000008191,0000007302,1,2016-05-09 02:33:51
0000008192,0000007303,1,2024-04-11 05:24:54
0000008193,0000007303,2,2024-04-11 05:25:54
0000008194,0000007304,1,2017-09-17 13:18:00
0000008195,0000007305,1,2025-10-21 11:18:38
0000008196,0000007306,1,2021-12-02 07:59:16
0000008197,0000007307,1,2018-05-11 11:01:35
0000008198,0000007308,1,2024-09-21 03:56:30
0000008199,0000007308,2,2024-09-21 03:57:32
0000008200,0000007309,1,2022-11-11 03:07:58
0000008201,0000007310,1,2023-12-09 09:59:15
0000008202,0000007311,1,2021-04-09 06:39:17
0000008203,0000007312,1,2019-07-27 13:22:26
0000008204,0000007312,2,2019-07-27 13:22:14
0000008205,0000007313,1,2020-01-10 11:11:19
0000008206,0000007314,1,2023-09-30 20:58:49
0000008207,0000007315,1,2019-04-10 01:03:14
0000008208,0000007316,1,2020-02-04 13:15:08
0000008209,0000007316,2,2020-02-04 13:15:27
0000008210,0000007317,1,2018-09-10 08:51:18
0000008211,0000007318,1,2023-06-30 17:37:37
0000008212,0000007319,1,2023-05-14 20:25:08
0000008213,0000007320,1,2021-07-23 09:42:49
0000008214,0000007320,2,2021-07-23 09:43:07
0000008215,0000007321,1,2021-10-09 00:41:41
0000008216,0000007321,2,2021-10-09 00:42:03
0000008217,0000007322,1,2019-06-07 11:35:52
0000008218,0000007323,1,2019-02-04 13:03:19
0000008219,0000007324,1,2019-08-11 18:13:12
0000008220,0000007325,1,2023-11-13 11:35:31
0000008221,0000007326,1,2019-05-27 00:00:45
0000008222,0000007327,1,2022-07-17 07:11:07
0000008223,0000007328,1,2023-07-05 17:46:51
0000008224,0000007329,1,2022-06-27 04:25:48
0000008225,0000007330,1,2023-04-21 22:21:39
0000008226,0000007331,1,2017-12-10 17:46:08
0000008227,0000007332,1,2023-12-13 00:32:33
0000008228,0000007333,1,2020-05-09 14:36:35
0000008229,0000007334,1,2025-01-08 00:05:32
0000008230,0000007334,2,2025-01-08 00:05:58
0000008231,0000007335,1,2016-10-23 08:33:26
0000008232,0000007336,1,2020-08-13 16:06:52
0000008233,0000007336,2,2020-08-13 16:05:20
0000008234,0000007337,1,2018-07-06 13:55:48
0000008235,0000007338,1,2018-01-07 11:23:42
0000008236,0000007339,1,2023-12-01 20:40:59
0000008237,0000007340,1,2025-07-06 01:07:54
0000008238,0000007340,2,2025-07-06 01:08:01
0000008239,0000007341,1,2021-08-07 00:41:08
0000008240,0000007342,1,2019-10-24 07:45:11
0000008241,0000007342,2,2019-10-24 07:46:08
0000008242,0000007343,1,2018-01-25 05:46:10
0000008243,0000007344,1,2018-06-10 14:42:25
0000008244,0000007345,1,2021-07-08 06:51:54
0000008245,0000007345,2,2021-07-08 06:51:17
0000008246,0000007346,1,2020-11-25 17:41:24
0000008247,0000007347,1,2020-02-03 05:49:33
0000008248,0000007347,2,2020-02-03 05:50:29
0000008249,0000007348,1,2021-12-10 02:49:21
0000008250,0000007349,1,2026-10-03 14:03:06
0000008251,0000007350,1,2025-04-08 23:48:58
0000008252,0000007351,1,2023-02-06 02:55:15
0000008253,0000007352,1,2025-01-30 22:34:36
0000008254,0000007353,1,2023-01-13 10:31:46
0000008255,0000007354,1,2018-03-17 13:29:57
0000008256,0000007355,1,2022-03-30 22:18:03
0000008257,0000007356,1,2017-11-01 13:07:30
0000008258,0000007357,1,2016-09-25 01:43:16
0000008259,0000007357,2,2016-09-25 01:43:09
0000008260,0000007358,1,2016-02-03 10:58:11
0000008261,0000007359,1,2021-06-24 13:23:05
0000008262,0000007360,1,2019-02-16 12:56:09
0000008263,0000007361,1,2017-02-23 17:01:08
0000008264,0000007362,1,2020-12-08 12:09:16
0000008265,0000007363,1,2026-06-10 22:15:15
0000008266,0000007364,1,2023-01-10 10:44:59
0000008267,0000007365,1,2022-02-09 01:58:09
0000008268,0000007366,1,2019-03-03 06:13:14
0000008269,0000007367,1,2021-01-12 00:14:50
0000008270,0000007368,1,2016-02-07 18:24:38
0000008271,0000007369,1,2020-04-01 03:23:06
0000008272,0000007370,1,2024-03-10 06:11:40
0000008273,0000007371,1,2025-02-12 03:49:06
0000008274,0000007372,1,2019-01-19 20:57:29
0000008275,0000007373,1,2020-02-25 09:00:19
0000008276,0000007374,1,2025-09-03 19:01:34
0000008277,0000007375,1,2026-07-09 21:15:10
0000008278,0000007376,1,2022-11-07 04:46:58
0000008279,0000007377,1,2024-06-25 21:42:38
0000008280,0000007378,1,2025-05-15 22:16:57
0000008281,0000007379,1,2021-01-02 01:40:43
0000008282,0000007380,1,2020-01-29 08:52:22
0000008283,0000007381,1,2017-10-25 21:33:16
0000008284,0000007382,1,2026-06-01 15:07:37
0000008285,0000007383,1,2024-03-11 07:29:06
0000008286,0000007384,1,2019-01-23 07:14:16
0000008287,0000007385,1,2017-02-10 01:31:45
0000008288,0000007386,1,2026-01-26 12:58:58
0000008289,0000007387,1,2019-08-31 10:59:24
0000008290,0000007388,1,2022-11-29 19:16:18
0000008291,0000007389,1,2018-07-31 06:56:29
0000008292,0000007390,1,2019-06-11 03:32:03
0000008293,0000007391,1,2023-10-29 03:27:26
0000008294,0000007391,2,2023-10-29 03:29:06
0000008295,0000007392,1,2025-01-27 06:11:01
0000008296,0000007393,1,2020-12-06 22:45:18
0000008297,0000007394,1,2021-02-22 14:26:30
0000008298,0000007395,1,2021-06-12 03:42:32
0000008299,0000007396,1,2026-03-25 21:58:51
0000008300,0000007396,2,2026-03-25 21:58:35
0000008301,0000007397,1,2021-04-01 04:20:04
0000008302,0000007398,1,2022-07-05 15:09:52
0000008303,0000007399,1,2024-11-12 19:55:42
0000008304,0000007400,1,2026-04-10 19:28:42
0000008305,0000007401,1,2022-02-16 06:32:04
0000008306,0000007401,2,2022-02-16 06:32:47
0000008307,0000007402,1,2018-03-14 04:54:07
0000008308,0000007403,1,2018-07-06 18:33:22
0000008309,0000007403,2,2018-07-06 18:34:14
0000008310,0000007404,1,2025-05-14 02:32:57
0000008311,0000007404,2,2025-05-14 02:32:37
0000008312,0000007405,1,2022-12-29 08:18:57
0000008313,0000007406,1,2018-04-20 12:11:41
0000008314,0000007407,1,2025-01-19 19:47:07
0000008315,0000007408,1,2024-02-14 20:36:11
0000008316,0000007409,1,2021-03-18 05:50:53
0000008317,0000007410,1,2017-07-16 12:20:06
0000008318,0000007411,1,2024-03-31 12:10:35
0000008319,0000007412,1,2019-01-28 13:05:47
0000008320,0000007413,1,2019-02-18 06:36:19
0000008321,0000007414,1,2021-04-07 08:07:17
0000008322,0000007415,1,2024-11-21 22:18:18
0000008323,0000007416,1,2021-07-27 03:45:51
0000008324,0000007417,1,2023-08-07 21:40:06
0000008325,0000007418,1,2025-10-05 16:35:54
0000008326,0000007418,2,2025-10-05 16:35:07
0000008327,0000007419,1,2019-12-09 22:13:52
0000008328,0000007420,1,2018-12-01 03:56:00
0000008329,0000007421,1,2022-08-15 15:19:32
0000008330,0000007422,1,2019-01-26 15:53:33
0000008331,0000007423,1,2021-07-29 16:39:39
0000008332,0000007424,1,2025-12-03 08:12:20
0000008333,0000007425,1,2023-08-10 02:44:19
0000008334,0000007426,1,2024-03-17 18:36:24
0000008335,0000007427,1,2018-05-29 01:22:15
0000008336,0000007428,1,2021-09-03 00:19:21
0000008337,0000007429,1,2023-06-09 18:14:58
0000008338,0000007430,1,2021-01-27 14:14:55
0000008339,0000007431,1,2026-01-19 09:50:06
0000008340,0000007432,1,2020-01-31 20:42:33
0000008341,0000007433,1,2025-04-30 21:58:08
0000008342,0000007434,1,2020-07-01 01:47:22
0000008343,0000007435,1,2023-01-03 18:17:04
0000008344,0000007436,1,2025-01-04 07:20:39
0000008345,0000007437,1,2024-03-19 21:09:07
0000008346,0000007438,1,2016-10-26 06:54:19
0000008347,0000007439,1,2019-01-31 22:29:35
0000008348,0000007440,1,2017-12-28 17:21:36
0000008349,0000007441,1,2016-10-31 23:15:11
0000008350,0000007442,1,2020-08-08 00:52:03
0000008351,0000007443,1,2021-03-23 02:50:10
0000008352,0000007444,1,2017-06-04 21:26:01
0000008353,0000007445,1,2020-11-28 06:22:45
0000008354,0000007446,1,2017-04-06 07:20:28
0000008355,0000007447,1,2019-11-09 02:43:48
0000008356,0000007447,2,2019-11-09 02:43:03
0000008357,0000007448,1,2024-06-19 18:49:43
0000008358,0000007449,1,2022-03-29 06:38:50
0000008359,0000007450,1,2021-09-27 06:17:49
0000008360,0000007451,1,2025-08-20 21:49:27
0000008361,0000007452,1,2019-07-25 07:39:34
0000008362,0000007453,1,2023-11-26 05:52:27
0000008363,0000007454,1,2018-10-27 04:06:47
0000008364,0000007455,1,2018-08-08 07:01:00
0000008365,0000007455,2,2018-08-08 07:00:48
0000008366,0000007456,1,2021-03-20 18:25:14
0000008367,0000007457,1,2017-11-14 13:02:20
0000008368,0000007458,1,2024-11-13 14:52:44
0000008369,0000007459,1,2017-03-15 10:34:49
0000008370,0000007460,1,2023-11-13 19:45:04
0000008371,0000007461,1,2022-11-23 11:02:10
0000008372,0000007462,1,2015-07-16 15:59:55
0000008373,0000007463,1,2017-05-04 06:26:08
0000008374,0000007464,1,2026-09-08 12:22:30
0000008375,0000007465,1,2021-12-08 23:25:26
0000008376,0000007466,1,2015-08-31 12:33:07
0000008377,0000007467,1,2020-04-21 04:28:48
0000008378,0000007467,2,2020-04-21 04:29:40
0000008379,0000007468,1,2022-05-31 01:41:19
0000008380,0000007469,1,2015-06-19 12:47:21
0000008381,0000007470,1,2018-02-08 05:29:08
0000008382,0000007471,1,2018-09-29 09:29:10
0000008383,0000007472,1,2024-07-17 22:14:06
0000008384,0000007473,1,2016-11-11 03:37:05
0000008385,0000007474,1,2015-11-01 22:51:43
0000008386,0000007475,1,2016-10-24 22:30:18
0000008387,0000007476,1,2015-10-15 13:57:44
0000008388,0000007477,1,2017-12-02 10:40:31
0000008389,0000007478,1,2017-02-03 14:04:56
0000008390,0000007479,1,2016-12-28 09:40:21
0000008391,0000007480,1,2017-06-01 09:57:18
0000008392,0000007481,1,2022-12-04 06:05:26
0000008393,0000007482,1,2022-04-17 05:59:34
0000008394,0000007483,1,2020-07-18 00:27:10
0000008395,0000007484,1,2017-02-23 06:19:46
0000008396,0000007484,2,2017-02-23 06:19:40
0000008397,0000007485,1,2017-03-19 03:42:05
0000008398,0000007486,1,2018-07-26 10:41:01
0000008399,0000007487,1,2018-09-09 07:44:19
0000008400,0000007488,1,2023-12-01 14:33:11
0000008401,0000007489,1,2016-08-24 17:40:09
0000008402,0000007490,1,2015-04-14 14:14:02
0000008403,0000007491,1,2020-09-18 12:44:27
0000008404,0000007491,2,2020-09-18 12:45:03
0000008405,0000007492,1,2024-07-22 16:08:44
0000008406,0000007493,1,2023-04-12 07:23:21
0000008407,0000007494,1,2021-05-25 15:08:38
0000008408,0000007495,1,2025-12-08 07:12:07
0000008409,0000007496,1,2021-02-05 11:22:56
0000008410,0000007497,1,2016-08-27 21:36:58
0000008411,0000007498,1,2021-09-27 21:45:34
0000008412,0000007499,1,2021-11-10 16:12:39
0000008413,0000007500,1,2022-12-08 07:42:54
0000008414,0000007501,1,2018-06-24 12:13:04
0000008415,0000007502,1,2022-04-11 03:15:57
0000008416,0000007502,2,2022-04-11 03:16:57
0000008417,0000007503,1,2020-06-22 06:44:10
0000008418,0000007504,1,2022-07-17 02:41:13
0000008419,0000007505,1,2017-02-23 16:31:20
0000008420,0000007506,1,2023-02-24 05:54:30
0000008421,0000007506,2,2023-02-24 05:55:44
0000008422,0000007507,1,2026-05-24 16:58:58
0000008423,0000007508,1,2023-11-19 23:17:58
0000008424,0000007509,1,2024-04-11 02:32:50
0000008425,0000007510,1,2018-10-03 11:02:23
0000008426,0000007511,1,2023-02-15 10:54:24
0000008427,0000007511,2,2023-02-15 10:53:49
0000008428,0000007512,1,2017-11-02 23:58:20
0000008429,0000007512,2,2017-11-02 23:57:39
0000008430,0000007513,1,2024-04-05 14:53:33
0000008431,0000007514,1,2019-03-13 08:42:19
0000008432,0000007514,2,2019-03-13 08:42:25
0000008433,0000007515,1,2019-07-19 03:42:56
0000008434,0000007515,2,2019-07-19 03:43:44
0000008435,0000007516,1,2018-12-16 12:28:09
0000008436,0000007517,1,2018-05-07 09:47:41
0000008437,0000007518,1,2021-10-01 20:53:05
0000008438,0000007519,1,2022-12-23 06:11:58
0000008439,0000007520,1,2025-05-20 18:55:53
0000008440,0000007521,1,2024-04-24 18:13:52
0000008441,0000007521,2,2024-04-24 18:14:52
0000008442,0000007522,1,2017-03-26 12:34:21
0000008443,0000007523,1,2017-12-09 11:22:17
0000008444,0000007524,1,2017-05-14 22:08:41
0000008445,0000007525,1,2021-01-20 20:35:35
0000008446,0000007525,2,2021-01-20 20:34:00
0000008447,0000007526,1,2016-12-24 22:03:18
0000008448,0000007526,2,2016-12-24 22:02:35
0000008449,0000007527,1,2023-03-04 14:43:19
0000008450,0000007527,2,2023-03-04 14:44:11
0000008451,0000007528,1,2017-03-01 04:44:39
0000008452,0000007529,1,2019-10-08 17:37:46
0000008453,0000007530,1,2019-12-23 01:25:35
0000008454,0000007531,1,2016-09-12 19:23:42
0000008455,0000007532,1,2017-06-21 00:49:01
0000008456,0000007533,1,2016-12-30 20:40:54
0000008457,0000007534,1,2020-06-10 00:03:26
0000008458,0000007535,1,2025-03-27 15:58:17
0000008459,0000007535,2,2025-03-27 15:57:03
0000008460,0000007536,1,2017-08-20 13:08:02
0000008461,0000007537,1,2020-06-11 06:35:07
0000008462,0000007538,1,2024-05-23 15:35:28
0000008463,0000007539,1,2024-05-05 09:33:20
0000008464,0000007540,1,2025-10-07 06:37:54
0000008465,0000007541,1,2019-10-30 20:14:59
0000008466,0000007542,1,2018-03-07 20:43:55
0000008467,0000007543,1,2026-01-10 12:17:35
0000008468,0000007544,1,2019-03-23 19:20:24
0000008469,0000007545,1,2019-10-07 19:32:57
0000008470,0000007546,1,2017-06-23 23:37:59
0000008471,0000007547,1,2015-04-01 11:23:26
0000008472,0000007548,1,2019-01-16 13:17:41
0000008473,0000007549,1,2014-11-25 08:27:56
0000008474,0000007550,1,2017-04-11 09:39:50
0000008475,0000007551,1,2016-05-17 06:12:57
0000008476,0000007551,2,2016-05-17 06:13:14
0000008477,0000007552,1,2017-12-23 14:15:05
0000008478,0000007553,1,2017-12-23 10:00:51
0000008479,0000007554,1,2017-01-14 09:24:37
0000008480,0000007555,1,2021-02-26 04:00:55
0000008481,0000007556,1,2015-10-01 17:42:45
0000008482,0000007557,1,2015-07-09 08:46:43
0000008483,0000007558,1,2016-03-04 06:05:33
0000008484,0000007559,1,2016-02-09 21:22:30
0000008485,0000007560,1,2015-10-21 12:08:15
0000008486,0000007561,1,2021-05-09 00:14:25
0000008487,0000007561,2,2021-05-09 00:12:55
0000008488,0000007562,1,2025-07-01 04:49:54
0000008489,0000007562,2,2025-07-01 04:50:11
0000008490,0000007563,1,2021-01-18 02:59:39
0000008491,0000007564,1,2021-04-25 19:41:53
0000008492,0000007565,1,2022-12-23 14:13:35
0000008493,0000007566,1,2019-05-18 21:55:57
0000008494,0000007567,1,2023-09-11 02:23:43
0000008495,0000007568,1,2017-07-01 05:03:28
0000008496,0000007568,2,2017-07-01 05:03:46
0000008497,0000007569,1,2016-05-01 20:36:44
0000008498,0000007569,2,2016-05-01 20:36:53
0000008499,0000007570,1,2016-07-10 13:57:33
0000008500,0000007571,1,2018-01-19 07:47:58
0000008501,0000007571,2,2018-01-19 07:48:30
0000008502,0000007572,1,2020-07-14 14:51:50
0000008503,0000007573,1,2019-02-02 17:10:07
0000008504,0000007574,1,2020-01-13 18:35:20
0000008505,0000007575,1,2016-09-21 20:42:39
0000008506,0000007576,1,2019-03-04 07:58:04
0000008507,0000007577,1,2019-04-26 16:20:35
0000008508,0000007578,1,2018-06-16 20:50:49
0000008509,0000007579,1,2023-02-12 08:40:42
0000008510,0000007580,1,2023-08-02 22:39:21
0000008511,0000007581,1,2022-04-05 03:20:45
0000008512,0000007581,2,2022-04-05 03:20:57
0000008513,0000007582,1,2024-08-30 00:42:56
0000008514,0000007583,1,2020-07-13 11:16:31
0000008515,0000007584,1,2016-12-15 20:11:54
0000008516,0000007584,2,2016-12-15 20:11:50
0000008517,0000007585,1,2020-05-19 17:42:41
0000008518,0000007586,1,2019-02-23 22:00:28
0000008519,0000007586,2,2019-02-23 22:00:20
0000008520,0000007587,1,2019-07-27 02:12:43
0000008521,0000007588,1,2024-06-21 12:37:38
0000008522,0000007588,2,2024-06-21 12:39:16
0000008523,0000007589,1,2023-05-07 01:36:01
0000008524,0000007590,1,2021-06-08 23:19:23
0000008525,0000007591,1,2024-03-26 21:15:02
0000008526,0000007592,1,2022-12-09 00:21:28
0000008527,0000007593,1,2022-10-04 13:21:12
0000008528,0000007594,1,2019-10-13 03:54:13
0000008529,0000007595,1,2022-03-06 03:32:26
0000008530,0000007596,1,2021-11-03 06:07:15
0000008531,0000007597,1,2024-07-21 07:16:35
0000008532,0000007598,1,2020-12-11 15:49:43
0000008533,0000007599,1,2017-10-06 12:14:48
0000008534,0000007599,2,2017-10-06 12:13:50
0000008535,0000007600,1,2020-08-23 19:52:54
0000008536,0000007601,1,2019-02-08 07:55:46
0000008537,0000007602,1,2026-09-12 19:37:35
0000008538,0000007603,1,2020-07-18 12:58:50
0000008539,0000007604,1,2019-04-18 15:03:50
0000008540,0000007605,1,2020-04-10 10:06:54
0000008541,0000007606,1,2022-04-12 19:32:47
0000008542,0000007607,1,2019-02-24 12:16:01
0000008543,0000007607,2,2019-02-24 12:16:26
0000008544,0000007608,1,2022-12-21 09:11:28
0000008545,0000007609,1,2018-08-16 11:43:11
0000008546,0000007610,1,2022-04-21 16:21:42
0000008547,0000007611,1,2025-07-21 16:02:47
0000008548,0000007612,1,2018-02-17 02:22:35
0000008549,0000007613,1,2020-09-29 10:05:26
0000008550,0000007614,1,2019-10-14 21:58:32
0000008551,0000007615,1,2025-02-11 11:37:21
0000008552,0000007616,1,2024-03-06 19:56:54
0000008553,0000007617,1,2017-03-28 00:19:13
0000008554,0000007618,1,2017-09-24 09:35:05
0000008555,0000007619,1,2018-11-25 11:19:00
0000008556,0000007619,2,2018-11-25 11:19:37
0000008557,0000007620,1,2017-10-03 13:47:38
0000008558,0000007621,1,2018-01-08 09:40:46
0000008559,0000007622,1,2016-09-04 10:54:03
0000008560,0000007623,1,2020-09-07 00:26:56
0000008561,0000007624,1,2022-05-21 20:16:03
0000008562,0000007625,1,2021-11-18 01:13:22
0000008563,0000007625,2,2021-11-18 01:14:51
0000008564,0000007626,1,2018-04-15 09:59:22
0000008565,0000007627,1,2019-08-28 17:34:40
0000008566,0000007628,1,2022-10-12 09:32:44
0000008567,0000007629,1,2019-03-17 12:51:00
0000008568,0000007630,1,2016-04-28 11:30:00
0000008569,0000007631,1,2016-02-27 19:41:48
0000008570,0000007632,1,2022-12-27 21:59:21
0000008571,0000007632,2,2022-12-27 21:59:10
0000008572,0000007633,1,2024-06-26 10:35:52
0000008573,0000007634,1,2022-02-14 14:37:44
0000008574,0000007635,1,2023-10-03 10:19:02
0000008575,0000007635,2,2023-10-03 10:19:31
0000008576,0000007636,1,2016-08-17 12:43:47
0000008577,0000007637,1,2020-11-18 02:16:00
0000008578,0000007637,2,2020-11-18 02:15:05
0000008579,0000007638,1,2017-11-28 08:43:19
0000008580,0000007639,1,2026-07-15 13:08:11
0000008581,0000007640,1,2022-02-15 00:18:39
0000008582,0000007641,1,2020-06-19 22:38:40
0000008583,0000007642,1,2023-03-25 13:26:09
0000008584,0000007643,1,2021-07-14 17:53:22
0000008585,0000007643,2,2021-07-14 17:51:35
0000008586,0000007644,1,2023-11-03 07:58:15
0000008587,0000007644,2,2023-11-03 07:56:47
0000008588,0000007645,1,2018-05-20 16:57:05
0000008589,0000007646,1,2021-02-14 20:15:41
0000008590,0000007647,1,2022-07-09 06:36:47
0000008591,0000007648,1,2022-10-04 02:21:26
0000008592,0000007649,1,2019-12-20 21:39:01
0000008593,0000007650,1,2023-02-08 02:45:35
0000008594,0000007651,1,2019-03-10 09:12:53
0000008595,0000007652,1,2020-11-10 11:49:01
0000008596,0000007653,1,2020-08-25 04:31:45
0000008597,0000007653,2,2020-08-25 04:32:33
0000008598,0000007654,1,2016-10-21 19:35:36
0000008599,0000007655,1,2016-12-21 10:32:34
0000008600,0000007656,1,2018-02-27 09:33:46
0000008601,0000007657,1,2019-06-14 01:56:30
0000008602,0000007658,1,2025-07-05 16:12:39
0000008603,0000007659,1,2025-09-24 06:46:17
0000008604,0000007660,1,2025-03-30 14:34:49
0000008605,0000007661,1,2021-08-13 16:13:05
0000008606,0000007662,1,2018-08-07 14:52:59
0000008607,0000007663,1,2025-02-02 22:43:10
0000008608,0000007664,1,2024-04-20 12:14:45
0000008609,0000007665,1,2020-06-10 14:00:09
0000008610,0000007665,2,2020-06-10 13:59:51
0000008611,0000007666,1,2019-01-20 21:13:06
0000008612,0000007667,1,2018-05-04 05:37:17
0000008613,0000007668,1,2018-01-24 08:17:53
0000008614,0000007668,2,2018-01-24 08:17:56
0000008615,0000007669,1,2018-08-11 14:28:48
0000008616,0000007670,1,2016-01-14 14:01:05
0000008617,0000007671,1,2019-03-21 16:38:52
0000008618,0000007672,1,2018-12-01 06:48:29
0000008619,0000007673,1,2022-07-10 04:55:35
0000008620,0000007674,1,2017-07-04 16:15:44
0000008621,0000007675,1,2017-05-07 05:44:48
0000008622,0000007676,1,2025-03-11 17:44:34
0000008623,0000007677,1,2026-10-05 07:21:07
0000008624,0000007678,1,2025-12-14 23:24:35
0000008625,0000007679,1,2021-10-28 03:09:25
0000008626,0000007680,1,2024-04-30 06:40:27
0000008627,0000007681,1,2017-04-16 05:41:30
0000008628,0000007682,1,2021-10-03 05:11:06
0000008629,0000007683,1,2017-12-17 21:23:17
0000008630,0000007683,2,2017-12-17 21:24:04
0000008631,0000007684,1,2018-09-07 16:35:46
0000008632,0000007684,2,2018-09-07 16:36:29
0000008633,0000007685,1,2019-10-31 16:05:21
0000008634,0000007686,1,2019-11-12 21:46:13
0000008635,0000007687,1,2026-08-25 03:02:24
0000008636,0000007688,1,2020-01-26 15:47:51
0000008637,0000007689,1,2022-07-05 00:49:10
0000008638,0000007690,1,2023-08-13 04:38:37
0000008639,0000007691,1,2022-11-07 17:56:27
0000008640,0000007692,1,2023-11-09 01:42:27
0000008641,0000007693,1,2021-05-26 08:20:09
0000008642,0000007693,2,2021-05-26 08:19:42
0000008643,0000007694,1,2020-01-06 05:53:33
0000008644,0000007695,1,2019-01-28 12:51:26
0000008645,0000007696,1,2022-02-23 07:45:40
0000008646,0000007697,1,2026-05-12 23:23:47
0000008647,0000007698,1,2022-08-09 02:28:36
0000008648,0000007699,1,2023-03-04 23:31:41
0000008649,0000007700,1,2019-12-21 10:06:19
0000008650,0000007701,1,2022-03-05 12:09:24
0000008651,0000007702,1,2019-12-15 20:01:56
0000008652,0000007703,1,2020-04-21 17:55:56
0000008653,0000007704,1,2021-02-19 04:29:39
0000008654,0000007705,1,2020-08-31 13:50:26
0000008655,0000007706,1,2018-11-13 01:32:49
0000008656,0000007707,1,2020-04-02 07:35:09
0000008657,0000007708,1,2023-08-06 18:56:06
0000008658,0000007709,1,2022-10-09 21:11:43
0000008659,0000007710,1,2022-10-01 18:38:09
0000008660,0000007711,1,2020-12-07 03:16:21
0000008661,0000007712,1,2022-06-09 19:51:49
0000008662,0000007712,2,2022-06-09 19:52:03
0000008663,0000007713,1,2018-04-25 23:58:02
0000008664,0000007714,1,2018-02-04 16:25:42
0000008665,0000007715,1,2024-03-13 18:58:32
0000008666,0000007716,1,2024-09-04 03:55:39
0000008667,0000007717,1,2019-05-16 16:17:38
0000008668,0000007718,1,2022-08-29 12:45:33
0000008669,0000007719,1,2022-11-02 13:19:33
0000008670,0000007720,1,2022-08-19 21:26:12
0000008671,0000007721,1,2024-08-09 03:25:15
0000008672,0000007722,1,2024-03-26 20:21:23
0000008673,0000007723,1,2022-12-28 15:26:10
0000008674,0000007723,2,2022-12-28 15:26:22
0000008675,0000007724,1,2022-01-02 08:17:11
0000008676,0000007725,1,2022-02-16 09:20:31
0000008677,0000007725,2,2022-02-16 09:19:51
0000008678,0000007726,1,2018-10-19 20:54:46
0000008679,0000007727,1,2018-10-18 18:20:39
0000008680,0000007728,1,2022-07-31 00:18:23
0000008681,0000007729,1,2023-06-17 16:57:44
0000008682,0000007730,1,2020-06-23 19:49:59
0000008683,0000007731,1,2019-04-26 03:47:51
0000008684,0000007732,1,2017-12-05 10:25:34
0000008685,0000007733,1,2026-06-19 19:29:01
0000008686,0000007734,1,2018-10-19 07:13:46
0000008687,0000007735,1,2022-05-23 22:38:16
0000008688,0000007735,2,2022-05-23 22:37:51
0000008689,0000007736,1,2018-11-08 04:21:37
0000008690,0000007736,2,2018-11-08 04:22:32
0000008691,0000007737,1,2020-10-09 01:05:35
0000008692,0000007738,1,2024-08-24 03:42:15
0000008693,0000007739,1,2016-01-18 14:21:42
0000008694,0000007740,1,2020-07-20 01:25:50
0000008695,0000007741,1,2018-08-15 12:30:00
0000008696,0000007742,1,2020-03-24 13:03:27
0000008697,0000007742,2,2020-03-24 13:04:10
0000008698,0000007743,1,2018-09-13 19:33:01
0000008699,0000007744,1,2017-01-14 17:53:39
0000008700,0000007745,1,2023-01-07 20:37:20
0000008701,0000007746,1,2024-07-09 19:31:13
0000008702,0000007747,1,2024-01-18 13:33:52
0000008703,0000007748,1,2024-04-08 19:44:12
0000008704,0000007749,1,2023-07-26 06:56:01
0000008705,0000007750,1,2025-12-09 07:26:29
0000008706,0000007751,1,2025-10-12 00:35:10
0000008707,0000007752,1,2019-05-09 20:35:31
0000008708,0000007753,1,2018-11-16 18:39:41
0000008709,0000007754,1,2025-12-05 11:26:18
0000008710,0000007755,1,2021-10-06 23:18:11
0000008711,0000007755,2,2021-10-06 23:17:58
0000008712,0000007756,1,2024-08-05 10:44:13
0000008713,0000007757,1,2017-09-09 04:42:41
0000008714,0000007758,1,2025-04-11 18:34:45
0000008715,0000007759,1,2018-11-06 16:36:03
0000008716,0000007759,2,2018-11-06 16:36:17
0000008717,0000007760,1,2018-01-23 22:56:31
0000008718,0000007761,1,2018-02-27 01:44:38
0000008719,0000007762,1,2017-12-11 11:30:58
0000008720,0000007763,1,2018-10-10 17:16:39
0000008721,0000007764,1,2023-10-16 04:27:07
0000008722,0000007765,1,2021-09-27 16:32:41
0000008723,0000007766,1,2021-01-30 19:58:01
0000008724,0000007766,2,2021-01-30 19:56:57
0000008725,0000007767,1,2020-09-16 17:38:49
0000008726,0000007768,1,2017-12-18 20:04:01
0000008727,0000007769,1,2024-10-08 10:55:00
0000008728,0000007770,1,2021-07-20 09:42:50
0000008729,0000007770,2,2021-07-20 09:43:01
0000008730,0000007771,1,2017-07-06 17:52:40
0000008731,0000007771,2,2017-07-06 17:53:50
0000008732,0000007772,1,2015-03-20 14:39:13
0000008733,0000007773,1,2015-05-29 10:30:55
0000008734,0000007774,1,2016-01-18 22:28:33
0000008735,0000007775,1,2023-04-21 19:36:58
0000008736,0000007775,2,2023-04-21 19:35:53
0000008737,0000007776,1,2025-02-02 07:21:33
0000008738,0000007777,1,2025-12-02 00:50:42
0000008739,0000007778,1,2017-04-13 23:45:22
0000008740,0000007779,1,2020-02-07 04:49:45
0000008741,0000007780,1,2020-01-14 09:22:44
0000008742,0000007781,1,2022-12-18 09:45:35
0000008743,0000007782,1,2017-09-13 11:01:22
0000008744,0000007783,1,2024-01-22 19:26:27
0000008745,0000007784,1,2024-07-25 01:19:23
0000008746,0000007785,1,2025-10-03 20:13:39
0000008747,0000007786,1,2017-10-02 18:06:13
0000008748,0000007787,1,2019-07-20 11:07:08
0000008749,0000007788,1,2021-12-14 05:34:38
0000008750,0000007789,1,2024-11-19 23:39:57
0000008751,0000007790,1,2016-09-22 15:28:15
0000008752,0000007791,1,2021-05-05 01:09:24
0000008753,0000007792,1,2019-12-19 13:30:50
0000008754,0000007793,1,2020-08-07 18:44:58
0000008755,0000007794,1,2025-09-06 17:23:59
0000008756,0000007795,1,2025-05-16 01:22:46
0000008757,0000007796,1,2018-03-15 02:57:23
0000008758,0000007797,1,2017-10-13 17:18:10
0000008759,0000007798,1,2017-06-24 05:29:09
0000008760,0000007799,1,2023-04-26 22:26:55
0000008761,0000007800,1,2021-05-02 12:40:41
0000008762,0000007801,1,2022-08-23 11:29:12
0000008763,0000007801,2,2022-08-23 11:29:20
0000008764,0000007802,1,2021-10-20 09:11:18
0000008765,0000007803,1,2018-03-11 22:42:04
0000008766,0000007804,1,2017-05-17 11:25:01
0000008767,0000007805,1,2022-10-13 01:40:14
0000008768,0000007806,1,2018-04-28 05:51:03
0000008769,0000007806,2,2018-04-28 05:51:24
0000008770,0000007807,1,2020-05-17 12:36:31
0000008771,0000007808,1,2025-12-08 11:18:44
0000008772,0000007809,1,2019-08-01 14:04:46
0000008773,0000007810,1,2020-07-09 12:20:29
0000008774,0000007811,1,2024-08-27 18:31:39
0000008775,0000007812,1,2025-11-15 13:01:49
0000008776,0000007813,1,2023-03-26 00:30:59
0000008777,0000007814,1,2024-01-03 20:17:11
0000008778,0000007815,1,2026-04-18 13:08:48
0000008779,0000007816,1,2021-09-25 19:26:44
0000008780,0000007816,2,2021-09-25 19:25:45
0000008781,0000007817,1,2022-04-04 00:47:42
0000008782,0000007817,2,2022-04-04 00:46:32
0000008783,0000007818,1,2017-12-01 15:45:49
0000008784,0000007819,1,2022-03-15 05:34:06
0000008785,0000007820,1,2023-12-26 14:41:05
0000008786,0000007821,1,2024-11-30 16:39:59
0000008787,0000007822,1,2023-12-27 07:50:22
0000008788,0000007822,2,2023-12-27 07:50:41
0000008789,0000007823,1,2019-09-23 13:11:34
0000008790,0000007824,1,2021-08-03 17:01:07
0000008791,0000007824,2,2021-08-03 17:01:16
0000008792,0000007825,1,2018-06-04 10:42:11
0000008793,0000007826,1,2022-02-16 03:59:44
0000008794,0000007827,1,2023-01-11 12:45:41
0000008795,0000007828,1,2025-04-09 13:16:28
0000008796,0000007829,1,2018-09-22 23:16:38
0000008797,0000007830,1,2019-01-18 23:17:13
0000008798,0000007831,1,2021-10-25 18:55:11
0000008799,0000007832,1,2023-03-29 11:32:29
0000008800,0000007833,1,2021-04-23 18:08:24
0000008801,0000007834,1,2023-01-01 04:15:51
0000008802,0000007835,1,2022-10-26 15:20:46
0000008803,0000007836,1,2025-08-03 03:35:26
0000008804,0000007837,1,2019-04-06 07:41:29
0000008805,0000007838,1,2023-02-27 13:28:12
0000008806,0000007839,1,2017-08-02 03:23:12
0000008807,0000007839,2,2017-08-02 03:22:35
0000008808,0000007840,1,2021-11-24 18:45:35
0000008809,0000007840,2,2021-11-24 18:45:17
0000008810,0000007841,1,2021-12-09 20:03:21
0000008811,0000007842,1,2020-12-30 15:38:34
0000008812,0000007843,1,2026-01-30 12:18:49
0000008813,0000007844,1,2018-02-14 23:47:32
0000008814,0000007844,2,2018-02-14 23:48:48
0000008815,0000007845,1,2018-02-03 20:35:45
0000008816,0000007846,1,2024-05-26 02:36:06
0000008817,0000007847,1,2015-10-08 07:51:00
0000008818,0000007848,1,2018-03-11 16:02:50
0000008819,0000007849,1,2017-03-19 15:35:02
0000008820,0000007850,1,2018-01-24 21:49:39
0000008821,0000007851,1,2024-01-28 08:52:00
0000008822,0000007852,1,2023-07-13 08:09:03
0000008823,0000007853,1,2019-04-24 01:16:38
0000008824,0000007854,1,2019-12-08 21:55:30
0000008825,0000007854,2,2019-12-08 21:56:23
0000008826,0000007855,1,2018-07-20 18:53:41
0000008827,0000007856,1,2023-07-01 17:26:18
0000008828,0000007857,1,2019-05-18 17:47:55
0000008829,0000007858,1,2024-08-25 04:16:15
0000008830,0000007859,1,2025-04-25 17:35:34
0000008831,0000007860,1,2019-05-17 20:33:34
0000008832,0000007861,1,2021-06-05 03:17:47
0000008833,0000007862,1,2022-11-18 02:33:11
0000008834,0000007863,1,2017-07-12 04:33:04
0000008835,0000007864,1,2021-01-08 08:40:46
0000008836,0000007865,1,2018-01-31 13:51:24
0000008837,0000007866,1,2021-08-16 21:34:44
0000008838,0000007867,1,2021-10-15 10:55:45
0000008839,0000007868,1,2022-07-13 17:56:33
0000008840,0000007869,1,2021-03-10 23:50:49
0000008841,0000007869,2,2021-03-10 23:51:01
0000008842,0000007870,1,2018-02-15 09:56:47
0000008843,0000007870,2,2018-02-15 09:57:28
0000008844,0000007871,1,2018-12-13 19:30:41
0000008845,0000007872,1,2018-06-03 08:10:21
0000008846,0000007873,1,2017-08-04 13:07:37
0000008847,0000007874,1,2017-10-28 03:41:46
0000008848,0000007875,1,2026-07-18 18:51:29
0000008849,0000007876,1,2018-08-17 04:50:54
0000008850,0000007877,1,2019-03-17 20:41:15
0000008851,0000007878,1,2022-10-04 14:04:03
0000008852,0000007879,1,2018-01-01 05:38:09
0000008853,0000007880,1,2020-02-26 03:18:06
0000008854,0000007881,1,2020-07-03 13:22:22
0000008855,0000007881,2,2020-07-03 13:23:54
0000008856,0000007882,1,2026-09-22 11:29:15
0000008857,0000007883,1,2025-10-02 21:10:20
0000008858,0000007883,2,2025-10-02 21:10:30
0000008859,0000007884,1,2023-08-15 02:41:02
0000008860,0000007885,1,2021-06-06 14:35:55
0000008861,0000007886,1,2025-04-01 03:27:39
0000008862,0000007887,1,2024-02-01 08:14:58
0000008863,0000007888,1,2020-03-24 23:30:54
0000008864,0000007889,1,2020-08-01 08:29:43
0000008865,0000007890,1,2019-05-24 21:33:11
0000008866,0000007891,1,2021-04-25 22:44:38
0000008867,0000007892,1,2020-07-06 09:07:48
0000008868,0000007893,1,2023-10-25 03:25:43
0000008869,0000007894,1,2020-04-09 06:32:12
0000008870,0000007895,1,2019-12-01 05:41:42
0000008871,0000007896,1,2023-01-08 20:38:37
0000008872,0000007897,1,2024-07-30 10:24:10
0000008873,0000007898,1,2019-10-01 12:13:36
0000008874,0000007899,1,2025-07-12 17:02:32
0000008875,0000007900,1,2026-03-08 22:57:16
0000008876,0000007900,2,2026-03-08 22:57:52
0000008877,0000007901,1,2016-03-17 06:13:02
0000008878,0000007901,2,2016-03-17 06:13:16
0000008879,0000007902,1,2020-04-29 16:26:13
0000008880,0000007903,1,2023-02-19 04:51:03
0000008881,0000007903,2,2023-02-19 04:49:44
0000008882,0000007904,1,2023-04-21 03:56:25
0000008883,0000007905,1,2022-04-14 01:53:51
0000008884,0000007906,1,2018-08-09 22:37:11
0000008885,0000007907,1,2024-06-13 00:42:02
0000008886,0000007907,2,2024-06-13 00:42:47
0000008887,0000007908,1,2020-02-04 23:58:52
0000008888,0000007909,1,2021-09-14 21:58:27
0000008889,0000007910,1,2020-04-28 21:42:09
0000008890,0000007911,1,2018-06-22 19:45:10
0000008891,0000007912,1,2020-04-06 02:41:32
0000008892,0000007913,1,2025-03-15 21:34:16
0000008893,0000007914,1,2017-11-24 22:01:43
0000008894,0000007915,1,2016-02-06 10:38:49
0000008895,0000007916,1,2016-12-05 22:19:24
0000008896,0000007917,1,2019-05-06 00:19:11
0000008897,0000007918,1,2021-09-29 19:24:25
0000008898,0000007919,1,2025-09-08 15:49:34
0000008899,0000007920,1,2020-06-24 00:14:46
0000008900,0000007921,1,2024-10-01 04:18:23
0000008901,0000007922,1,2023-06-12 15:07:51
0000008902,0000007923,1,2026-01-28 15:58:28
0000008903,0000007924,1,2019-10-25 05:53:51
0000008904,0000007925,1,2022-01-21 17:43:49
0000008905,0000007925,2,2022-01-21 17:42:41
0000008906,0000007926,1,2023-07-14 15:27:39
0000008907,0000007927,1,2018-08-02 17:37:37
0000008908,0000007928,1,2020-06-11 10:49:26
0000008909,0000007929,1,2023-11-08 18:47:16
0000008910,0000007930,1,2023-01-09 16:50:00
0000008911,0000007931,1,2023-08-23 12:47:17
0000008912,0000007932,1,2019-05-30 06:12:55
0000008913,0000007933,1,2018-01-29 22:19:16
0000008914,0000007934,1,2023-09-21 16:13:55
0000008915,0000007935,1,2026-08-09 16:09:07
0000008916,0000007936,1,2023-01-17 00:22:41
0000008917,0000007937,1,2016-05-30 00:43:45
0000008918,0000007938,1,2017-04-11 05:06:40
0000008919,0000007939,1,2025-07-23 00:16:16
0000008920,0000007940,1,2021-01-09 17:19:08
0000008921,0000007941,1,2026-07-10 18:46:39
0000008922,0000007942,1,2017-06-23 06:46:10
0000008923,0000007942,2,2017-06-23 06:45:38
0000008924,0000007943,1,2024-03-04 02:35:39
0000008925,0000007944,1,2022-01-08 07:29:51
0000008926,0000007945,1,2022-02-26 09:48:55
0000008927,0000007946,1,2018-08-19 12:26:40
0000008928,0000007947,1,2023-05-11 23:48:47
0000008929,0000007948,1,2021-06-20 10:38:38
0000008930,0000007949,1,2022-10-25 14:34:08
0000008931,0000007950,1,2019-10-18 17:07:34
0000008932,0000007951,1,2022-02-26 19:09:11
0000008933,0000007952,1,2022-07-04 16:56:35
0000008934,0000007953,1,2021-05-07 08:59:21
0000008935,0000007954,1,2019-07-28 01:37:30
0000008936,0000007955,1,2022-05-23 04:15:38
0000008937,0000007956,1,2017-02-13 19:35:18
0000008938,0000007957,1,2017-09-10 17:25:24
0000008939,0000007958,1,2020-08-14 14:33:40
0000008940,0000007959,1,2016-04-26 18:58:48
0000008941,0000007960,1,2023-05-17 09:06:16
0000008942,0000007961,1,2023-06-25 04:05:59
0000008943,0000007962,1,2023-12-31 21:20:42
0000008944,0000007963,1,2016-09-18 04:59:36
0000008945,0000007964,1,2020-04-02 23:13:24
0000008946,0000007965,1,2023-02-04 15:54:31
0000008947,0000007966,1,2021-04-23 19:35:17
0000008948,0000007967,1,2021-09-11 18:16:20
0000008949,0000007968,1,2018-01-25 22:23:12
0000008950,0000007969,1,2017-09-05 21:36:43
0000008951,0000007970,1,2019-05-06 06:24:35
0000008952,0000007971,1,2018-04-29 20:02:31
0000008953,0000007972,1,2022-08-15 20:14:17
0000008954,0000007973,1,2019-11-05 02:44:51
0000008955,0000007974,1,2022-08-04 20:19:21
0000008956,0000007975,1,2022-08-27 23:04:23
0000008957,0000007975,2,2022-08-27 23:04:06
0000008958,0000007976,1,2025-08-01 00:57:55
0000008959,0000007976,2,2025-08-01 00:57:22
0000008960,0000007977,1,2020-07-18 09:48:42
0000008961,0000007977,2,2020-07-18 09:48:02
0000008962,0000007978,1,2023-06-07 21:20:17
0000008963,0000007979,1,2018-12-06 17:27:54
0000008964,0000007980,1,2024-05-23 02:48:26
0000008965,0000007981,1,2023-05-30 19:24:55
0000008966,0000007982,1,2017-04-17 07:53:06
0000008967,0000007983,1,2016-09-27 13:38:54
0000008968,0000007984,1,2023-08-15 19:48:49
0000008969,0000007984,2,2023-08-15 19:48:20
0000008970,0000007985,1,2016-10-18 16:05:01
0000008971,0000007986,1,2017-02-18 13:05:13
0000008972,0000007987,1,2021-05-24 21:26:54
0000008973,0000007988,1,2022-06-28 18:55:37
0000008974,0000007989,1,2020-01-22 13:55:28
0000008975,0000007989,2,2020-01-22 13:54:24
0000008976,0000007990,1,2023-07-22 17:29:35
0000008977,0000007991,1,2022-01-08 12:24:13
0000008978,0000007992,1,2016-06-04 06:07:05
0000008979,0000007993,1,2018-12-07 15:17:03
0000008980,0000007994,1,2026-08-22 04:07:12
0000008981,0000007995,1,2016-04-21 23:06:57
0000008982,0000007996,1,2017-06-11 04:24:42
0000008983,0000007997,1,2018-02-17 05:48:25
0000008984,0000007998,1,2024-10-18 14:08:35
0000008985,0000007999,1,2021-10-24 01:37:13
0000008986,0000008000,1,2018-05-25 14:51:02
0000008987,0000008001,1,2023-10-07 22:55:38
0000008988,0000008002,1,2024-03-22 20:25:22
0000008989,0000008003,1,2021-07-12 20:23:54
0000008990,0000008004,1,2016-03-01 06:38:33
0000008991,0000008005,1,2023-04-13 10:12:34
0000008992,0000008006,1,2024-03-27 14:33:37
0000008993,0000008006,2,2024-03-27 14:33:57
0000008994,0000008007,1,2023-08-05 20:52:26
0000008995,0000008008,1,2020-03-03 23:07:28
0000008996,0000008009,1,2023-09-21 11:53:42
0000008997,0000008010,1,2023-09-30 10:00:28
0000008998,0000008011,1,2024-05-08 07:13:35
0000008999,0000008012,1,2019-10-05 19:21:18
0000009000,0000008013,1,2018-12-15 07:00:48
0000009001,0000008014,1,2022-07-15 17:51:09
0000009002,0000008015,1,2021-11-20 14:44:16
0000009003,0000008016,1,2024-05-04 06:03:28
0000009004,0000008017,1,2025-08-12 09:06:59
0000009005,0000008018,1,2022-08-27 20:41:34
0000009006,0000008018,2,2022-08-27 20:40:05
0000009007,0000008019,1,2020-08-05 08:41:14
0000009008,0000008020,1,2021-11-16 15:56:59
0000009009,0000008021,1,2021-08-01 02:49:57
0000009010,0000008021,2,2021-08-01 02:49:19
0000009011,0000008022,1,2017-12-27 21:30:39
0000009012,0000008023,1,2018-03-05 03:11:11
0000009013,0000008024,1,2017-09-08 00:06:41
0000009014,0000008025,1,2021-11-03 03:17:41
0000009015,0000008025,2,2021-11-03 03:16:17
0000009016,0000008026,1,2024-04-25 06:14:02
0000009017,0000008027,1,2020-05-07 04:07:45
0000009018,0000008028,1,2019-08-11 02:43:44
0000009019,0000008028,2,2019-08-11 02:44:00
0000009020,0000008029,1,2020-10-01 04:14:37
0000009021,0000008030,1,2016-06-11 19:31:11
0000009022,0000008031,1,2024-02-18 12:50:51
0000009023,0000008032,1,2023-04-10 10:25:02
0000009024,0000008032,2,2023-04-10 10:25:25
0000009025,0000008033,1,2018-11-16 09:10:47
0000009026,0000008033,2,2018-11-16 09:10:38
0000009027,0000008034,1,2023-10-17 22:58:16
0000009028,0000008035,1,2020-05-09 13:23:20
0000009029,0000008036,1,2023-09-26 06:38:44
0000009030,0000008036,2,2023-09-26 06:38:51
0000009031,0000008037,1,2025-12-20 07:43:51
0000009032,0000008037,2,2025-12-20 07:43:38
0000009033,0000008038,1,2025-04-10 11:26:36
0000009034,0000008039,1,2020-11-23 10:17:39
0000009035,0000008040,1,2022-12-03 08:27:10
0000009036,0000008041,1,2025-10-03 17:12:49
0000009037,0000008042,1,2019-08-22 11:18:05
0000009038,0000008042,2,2019-08-22 11:17:55
0000009039,0000008043,1,2018-12-24 14:12:29
0000009040,0000008044,1,2018-05-25 09:26:40
0000009041,0000008045,1,2019-12-21 17:56:52
0000009042,0000008046,1,2022-06-25 16:46:12
0000009043,0000008047,1,2021-01-26 08:09:24
0000009044,0000008047,2,2021-01-26 08:08:48
0000009045,0000008048,1,2017-12-06 14:20:26
0000009046,0000008048,2,2017-12-06 14:20:49
0000009047,0000008049,1,2023-04-03 16:03:09
0000009048,0000008050,1,2021-12-18 19:22:55
0000009049,0000008051,1,2022-12-06 07:09:30
0000009050,0000008052,1,2017-07-14 20:24:31
0000009051,0000008053,1,2017-09-25 11:44:47
0000009052,0000008054,1,2021-11-16 17:38:11
0000009053,0000008054,2,2021-11-16 17:39:30
0000009054,0000008055,1,2017-09-11 19:14:29
0000009055,0000008056,1,2018-06-21 10:59:48
0000009056,0000008057,1,2023-10-19 23:58:47
0000009057,0000008058,1,2020-08-25 08:30:36
0000009058,0000008058,2,2020-08-25 08:32:25
0000009059,0000008059,1,2025-01-12 09:26:21
0000009060,0000008059,2,2025-01-12 09:26:32
0000009061,0000008060,1,2026-08-29 23:20:27
0000009062,0000008061,1,2018-06-15 05:14:54
0000009063,0000008061,2,2018-06-15 05:15:29
0000009064,0000008062,1,2021-11-23 09:24:09
0000009065,0000008063,1,2019-01-05 01:07:52
0000009066,0000008064,1,2017-07-07 15:33:42
0000009067,0000008064,2,2017-07-07 15:34:30
0000009068,0000008065,1,2017-08-11 08:46:33
0000009069,0000008066,1,2017-11-18 05:31:30
0000009070,0000008067,1,2018-10-21 01:21:30
0000009071,0000008068,1,2023-07-29 00:21:32
0000009072,0000008069,1,2025-10-20 14:20:53
0000009073,0000008070,1,2023-10-03 09:31:27
0000009074,0000008071,1,2022-07-05 17:04:12
0000009075,0000008072,1,2021-08-19 12:23:24
0000009076,0000008073,1,2022-04-27 10:32:45
0000009077,0000008074,1,2026-03-25 21:30:23
0000009078,0000008075,1,2026-01-05 16:18:13
0000009079,0000008076,1,2016-07-17 20:01:52
0000009080,0000008077,1,2022-01-05 12:46:06
0000009081,0000008078,1,2018-01-02 06:15:07
0000009082,0000008079,1,2024-07-22 05:26:59
0000009083,0000008080,1,2024-01-13 02:29:58
0000009084,0000008080,2,2024-01-13 02:29:50
0000009085,0000008081,1,2017-08-08 07:39:26
0000009086,0000008082,1,2025-05-10 07:45:43
0000009087,0000008082,2,2025-05-10 07:45:26
0000009088,0000008083,1,2019-11-04 06:19:19
0000009089,0000008084,1,2022-08-22 18:11:47
0000009090,0000008085,1,2018-06-15 12:31:50
0000009091,0000008086,1,2019-05-09 07:07:24
0000009092,0000008087,1,2018-10-04 05:29:22
0000009093,0000008088,1,2020-03-10 23:41:46
0000009094,0000008089,1,2021-06-24 14:54:27
0000009095,0000008089,2,2021-06-24 14:54:42
0000009096,0000008090,1,2020-04-10 17:46:26
0000009097,0000008090,2,2020-04-10 17:46:27
0000009098,0000008091,1,2021-02-04 22:46:26
0000009099,0000008092,1,2017-12-22 10:36:52
0000009100,0000008093,1,2020-08-19 16:07:38
0000009101,0000008094,1,2019-12-13 15:40:08
0000009102,0000008095,1,2019-06-17 04:03:47
0000009103,0000008096,1,2021-02-08 04:25:53
0000009104,0000008097,1,2019-02-26 21:43:46
0000009105,0000008098,1,2017-10-14 03:47:46
0000009106,0000008099,1,2018-04-05 21:07:41
0000009107,0000008100,1,2017-12-23 13:54:47
0000009108,0000008101,1,2016-06-07 20:41:49
0000009109,0000008102,1,2018-09-09 03:12:20
0000009110,0000008103,1,2017-08-31 03:25:30
0000009111,0000008104,1,2015-12-21 10:02:31
0000009112,0000008105,1,2018-02-26 17:17:12
0000009113,0000008106,1,2021-02-10 03:20:48
0000009114,0000008107,1,2022-10-03 07:26:22
0000009115,0000008107,2,2022-10-03 07:27:17
0000009116,0000008108,1,2022-05-05 21:47:53
0000009117,0000008109,1,2021-04-24 07:54:25
0000009118,0000008110,1,2024-04-17 18:37:14
0000009119,0000008111,1,2021-05-25 07:46:48
0000009120,0000008112,1,2026-09-08 00:29:16
0000009121,0000008113,1,2026-04-22 22:17:23
0000009122,0000008114,1,2020-06-02 06:52:29
0000009123,0000008115,1,2020-11-15 18:02:16
0000009124,0000008116,1,2024-02-19 13:12:59
0000009125,0000008117,1,2026-09-01 01:04:32
0000009126,0000008118,1,2021-01-31 19:49:37
0000009127,0000008119,1,2025-11-18 12:00:38
0000009128,0000008120,1,2019-11-18 19:27:35
0000009129,0000008121,1,2022-02-26 14:51:11
0000009130,0000008122,1,2023-10-07 22:12:42
0000009131,0000008122,2,2023-10-07 22:14:06
0000009132,0000008123,1,2022-05-21 00:59:39
0000009133,0000008124,1,2021-11-30 15:00:20
0000009134,0000008125,1,2018-07-24 03:33:46
0000009135,0000008126,1,2023-09-04 20:22:04
0000009136,0000008127,1,2018-06-27 20:03:35
0000009137,0000008127,2,2018-06-27 20:03:27
0000009138,0000008128,1,2019-12-07 03:17:16
0000009139,0000008129,1,2017-10-24 19:45:04
0000009140,0000008130,1,2019-11-18 15:55:06
0000009141,0000008131,1,2026-03-14 12:12:40
0000009142,0000008132,1,2019-05-03 12:20:28
0000009143,0000008133,1,2019-04-14 20:28:20
0000009144,0000008134,1,2026-05-25 05:13:26
0000009145,0000008135,1,2021-10-14 14:50:23
0000009146,0000008136,1,2025-11-21 09:09:57
0000009147,0000008137,1,2024-07-06 01:57:16
0000009148,0000008138,1,2022-07-30 06:18:50
0000009149,0000008139,1,2018-03-08 22:13:31
0000009150,0000008139,2,2018-03-08 22:14:32
0000009151,0000008140,1,2021-06-02 15:14:13
0000009152,0000008141,1,2019-05-17 03:53:57
0000009153,0000008142,1,2017-10-24 17:34:18
0000009154,0000008143,1,2016-08-04 21:16:49
0000009155,0000008144,1,2016-08-18 18:52:05
0000009156,0000008145,1,2019-02-12 16:48:58
0000009157,0000008146,1,2019-10-21 03:34:40
0000009158,0000008147,1,2019-01-21 05:00:08
0000009159,0000008148,1,2019-10-09 16:06:15
0000009160,0000008149,1,2017-12-09 11:32:54
0000009161,0000008150,1,2026-05-30 16:46:25
0000009162,0000008151,1,2025-09-17 11:33:47
0000009163,0000008152,1,2025-06-04 11:02:41
0000009164,0000008153,1,2026-10-05 19:31:30
0000009165,0000008154,1,2025-07-21 11:56:38
0000009166,0000008155,1,2016-10-23 12:37:05
0000009167,0000008156,1,2016-10-27 00:50:18
0000009168,0000008156,2,2016-10-27 00:49:34
0000009169,0000008157,1,2025-02-26 14:36:59
0000009170,0000008157,2,2025-02-26 14:36:14
0000009171,0000008158,1,2017-09-17 05:47:41
0000009172,0000008159,1,2022-05-02 14:04:48
0000009173,0000008160,1,2020-05-27 01:36:29
0000009174,0000008161,1,2022-03-21 13:20:14
0000009175,0000008162,1,2026-07-11 22:11:35
0000009176,0000008163,1,2016-02-13 12:05:59
0000009177,0000008164,1,2018-01-26 12:33:10
0000009178,0000008165,1,2017-10-15 11:06:53
0000009179,0000008165,2,2017-10-15 11:05:36
0000009180,0000008166,1,2018-04-09 02:23:33
0000009181,0000008166,2,2018-04-09 02:23:20
0000009182,0000008167,1,2020-11-04 17:33:49
0000009183,0000008168,1,2019-07-07 16:53:55
0000009184,0000008168,2,2019-07-07 16:55:06
0000009185,0000008169,1,2023-04-06 17:05:12
0000009186,0000008170,1,2022-07-08 04:43:09
0000009187,0000008170,2,2022-07-08 04:42:38
0000009188,0000008171,1,2022-02-17 05:10:17
0000009189,0000008172,1,2023-02-19 00:07:57
0000009190,0000008173,1,2017-07-11 09:02:05
0000009191,0000008173,2,2017-07-11 09:02:03
0000009192,0000008174,1,2025-02-28 04:33:33
0000009193,0000008174,2,2025-02-28 04:32:27
0000009194,0000008175,1,2022-12-03 12:43:43
0000009195,0000008175,2,2022-12-03 12:43:15
0000009196,0000008176,1,2018-09-20 13:36:52
0000009197,0000008177,1,2015-09-05 08:55:45
0000009198,0000008178,1,2020-09-13 19:13:36
0000009199,0000008179,1,2022-03-24 04:18:34
0000009200,0000008180,1,2022-12-01 23:22:29
0000009201,0000008181,1,2024-04-28 14:39:42
0000009202,0000008182,1,2026-09-22 19:15:25
0000009203,0000008183,1,2019-01-09 06:33:46
0000009204,0000008184,1,2016-06-05 09:17:06
0000009205,0000008185,1,2024-06-22 16:23:53
0000009206,0000008186,1,2017-09-27 15:31:36
0000009207,0000008187,1,2021-06-20 05:03:44
0000009208,0000008188,1,2022-08-10 17:58:54
0000009209,0000008189,1,2022-02-10 20:25:29
0000009210,0000008190,1,2018-12-09 20:44:55
0000009211,0000008191,1,2016-06-22 17:19:21
0000009212,0000008192,1,2020-01-10 06:37:16
0000009213,0000008193,1,2019-01-24 02:51:07
0000009214,0000008194,1,2021-11-01 09:30:03
0000009215,0000008195,1,2016-10-13 16:41:01
0000009216,0000008196,1,2018-07-16 19:43:53
0000009217,0000008197,1,2019-05-01 08:22:04
0000009218,0000008198,1,2018-08-19 23:48:12
0000009219,0000008199,1,2022-06-02 06:56:50
0000009220,0000008200,1,2019-04-14 11:41:40
0000009221,0000008201,1,2026-05-28 13:55:50
0000009222,0000008202,1,2020-11-30 09:20:32
0000009223,0000008203,1,2024-09-21 20:25:35
0000009224,0000008204,1,2023-05-16 20:43:53
0000009225,0000008205,1,2024-07-26 06:39:16
0000009226,0000008206,1,2018-12-12 22:57:16
0000009227,0000008207,1,2025-08-22 21:42:01
0000009228,0000008207,2,2025-08-22 21:41:20
0000009229,0000008208,1,2021-07-05 18:18:49
0000009230,0000008209,1,2018-04-02 06:43:11
0000009231,0000008210,1,2018-01-01 03:11:38
0000009232,0000008211,1,2024-12-10 09:59:19
0000009233,0000008212,1,2025-07-30 08:48:59
0000009234,0000008213,1,2020-06-23 21:24:05
0000009235,0000008214,1,2018-01-27 22:57:12
0000009236,0000008215,1,2022-08-06 16:31:28
0000009237,0000008216,1,2017-08-17 05:53:07
0000009238,0000008217,1,2017-05-12 02:11:59
0000009239,0000008218,1,2023-02-04 03:55:38
0000009240,0000008219,1,2021-08-04 02:34:00
0000009241,0000008220,1,2022-11-08 11:38:25
0000009242,0000008221,1,2024-07-24 16:30:58
0000009243,0000008222,1,2020-02-13 02:46:03
0000009244,0000008223,1,2022-10-29 08:13:14
0000009245,0000008224,1,2019-05-21 10:56:37
0000009246,0000008225,1,2019-06-28 12:22:44
0000009247,0000008226,1,2018-09-08 16:43:00
0000009248,0000008227,1,2019-05-09 08:36:53
0000009249,0000008228,1,2021-05-08 03:16:43
0000009250,0000008229,1,2017-03-03 04:13:06
0000009251,0000008230,1,2024-02-20 04:36:10
0000009252,0000008231,1,2019-03-22 00:15:32
0000009253,0000008232,1,2021-10-17 15:53:06
0000009254,0000008233,1,2020-10-01 06:32:48
0000009255,0000008234,1,2018-03-31 17:35:09
0000009256,0000008235,1,2019-09-15 15:27:47
0000009257,0000008236,1,2018-08-13 19:21:52
0000009258,0000008237,1,2025-06-04 04:18:56
0000009259,0000008238,1,2018-10-06 22:59:33
0000009260,0000008239,1,2022-12-17 10:56:48
0000009261,0000008240,1,2024-09-30 07:29:50
0000009262,0000008241,1,2020-09-17 08:51:32
0000009263,0000008242,1,2023-04-04 10:25:39
0000009264,0000008243,1,2016-05-27 17:28:35
0000009265,0000008244,1,2026-01-11 22:37:15
0000009266,0000008245,1,2021-09-18 15:14:40
0000009267,0000008246,1,2021-11-07 14:11:55
0000009268,0000008247,1,2024-11-25 08:26:27
0000009269,0000008248,1,2020-08-13 08:02:28
0000009270,0000008249,1,2020-01-26 23:38:03
0000009271,0000008250,1,2021-04-15 06:49:32
0000009272,0000008251,1,2023-08-27 10:24:26
0000009273,0000008252,1,2020-11-15 14:14:53
0000009274,0000008252,2,2020-11-15 14:15:03
0000009275,0000008253,1,2024-06-12 01:12:18
0000009276,0000008254,1,2024-01-11 16:03:41
0000009277,0000008255,1,2023-07-29 00:37:33
0000009278,0000008255,2,2023-07-29 00:37:47
0000009279,0000008256,1,2018-10-27 22:01:01
0000009280,0000008257,1,2018-11-06 01:51:37
0000009281,0000008258,1,2018-09-15 04:52:10
0000009282,0000008259,1,2019-07-30 18:40:54
0000009283,0000008259,2,2019-07-30 18:40:27
0000009284,0000008260,1,2017-11-08 15:58:47
0000009285,0000008261,1,2024-02-23 07:45:05
0000009286,0000008262,1,2020-07-30 12:16:12
0000009287,0000008263,1,2025-08-10 08:36:57
0000009288,0000008264,1,2017-02-27 20:10:03
0000009289,0000008265,1,2017-08-08 14:21:14
0000009290,0000008266,1,2018-01-30 02:46:51
0000009291,0000008266,2,2018-01-30 02:46:44
0000009292,0000008267,1,2026-02-23 21:13:20
0000009293,0000008268,1,2023-11-03 23:57:00
0000009294,0000008269,1,2015-11-30 13:47:05
0000009295,0000008270,1,2019-06-03 00:08:01
0000009296,0000008271,1,2019-08-27 22:26:04
0000009297,0000008272,1,2021-04-02 20:41:43
0000009298,0000008273,1,2020-05-23 21:18:01
0000009299,0000008274,1,2025-01-23 19:21:17
0000009300,0000008275,1,2025-10-29 00:10:16
0000009301,0000008276,1,2020-10-26 10:17:03
0000009302,0000008277,1,2023-02-21 14:09:22
0000009303,0000008277,2,2023-02-21 14:09:59
0000009304,0000008278,1,2018-09-20 22:44:05
0000009305,0000008279,1,2021-10-31 05:54:31
0000009306,0000008279,2,2021-10-31 05:54:02
0000009307,0000008280,1,2019-03-16 10:21:13
0000009308,0000008281,1,2023-08-04 01:17:38
0000009309,0000008282,1,2019-10-09 02:22:02
0000009310,0000008283,1,2019-12-31 22:42:13
0000009311,0000008284,1,2024-05-24 22:59:36
0000009312,0000008284,2,2024-05-24 22:59:23
0000009313,0000008285,1,2019-04-12 09:22:23
0000009314,0000008286,1,2020-11-05 09:47:32
0000009315,0000008287,1,2020-11-29 00:30:06
0000009316,0000008288,1,2025-03-15 09:58:54
0000009317,0000008289,1,2018-11-13 11:31:17
0000009318,0000008289,2,2018-11-13 11:31:46
0000009319,0000008290,1,2020-09-05 11:31:33
0000009320,0000008291,1,2018-08-24 21:20:00
0000009321,0000008291,2,2018-08-24 21:20:44
0000009322,0000008292,1,2021-04-02 11:43:25
0000009323,0000008293,1,2018-10-30 22:44:26
0000009324,0000008294,1,2018-10-09 11:21:11
0000009325,0000008295,1,2017-03-22 10:59:57
0000009326,0000008296,1,2021-02-15 23:37:08
0000009327,0000008297,1,2023-05-30 22:42:02
0000009328,0000008298,1,2019-08-21 06:42:34
0000009329,0000008298,2,2019-08-21 06:41:48
0000009330,0000008299,1,2023-09-05 23:28:54
0000009331,0000008299,2,2023-09-05 23:30:16
0000009332,0000008300,1,2021-03-13 03:39:39
0000009333,0000008301,1,2020-08-27 07:49:16
0000009334,0000008302,1,2018-02-27 19:25:57
0000009335,0000008303,1,2018-01-17 11:14:59
0000009336,0000008304,1,2024-03-07 11:58:25
0000009337,0000008304,2,2024-03-07 11:58:23
0000009338,0000008305,1,2023-07-16 16:26:06
0000009339,0000008305,2,2023-07-16 16:25:16
0000009340,0000008306,1,2020-08-18 19:07:24
0000009341,0000008307,1,2017-07-31 05:33:33
0000009342,0000008308,1,2016-01-20 20:37:58
0000009343,0000008309,1,2019-02-26 06:41:13
0000009344,0000008310,1,2019-05-29 01:26:13
0000009345,0000008311,1,2023-05-13 20:45:08
0000009346,0000008312,1,2016-10-11 13:25:00
0000009347,0000008313,1,2019-03-26 11:16:32
0000009348,0000008313,2,2019-03-26 11:16:35
0000009349,0000008314,1,2020-09-03 17:46:10
0000009350,0000008315,1,2022-03-10 11:52:36
0000009351,0000008316,1,2021-10-13 01:08:51
0000009352,0000008317,1,2016-09-13 15:14:03
0000009353,0000008318,1,2025-03-10 19:34:47
0000009354,0000008319,1,2021-05-02 20:54:58
0000009355,0000008320,1,2018-11-07 14:15:39
0000009356,0000008321,1,2019-12-26 19:21:10
0000009357,0000008321,2,2019-12-26 19:22:16
0000009358,0000008322,1,2021-03-30 01:42:07
0000009359,0000008323,1,2018-10-26 13:43:51
0000009360,0000008324,1,2018-10-21 14:52:32
0000009361,0000008325,1,2017-03-05 05:34:40
0000009362,0000008326,1,2026-09-28 14:36:59
0000009363,0000008327,1,2022-09-27 17:12:58
0000009364,0000008328,1,2023-03-21 20:34:41
0000009365,0000008328,2,2023-03-21 20:34:42
0000009366,0000008329,1,2021-08-15 14:37:24
0000009367,0000008330,1,2022-04-21 02:21:50
0000009368,0000008331,1,2020-02-20 11:54:41
0000009369,0000008332,1,2022-05-18 18:01:31
0000009370,0000008333,1,2016-08-18 23:12:25
0000009371,0000008334,1,2022-07-28 02:09:53
0000009372,0000008335,1,2022-04-22 20:31:09
0000009373,0000008336,1,2018-09-12 18:39:53
0000009374,0000008337,1,2023-04-26 11:14:30
0000009375,0000008337,2,2023-04-26 11:14:25
0000009376,0000008338,1,2020-06-11 15:48:10
0000009377,0000008339,1,2021-10-12 22:52:29
0000009378,0000008340,1,2019-11-14 19:00:42
0000009379,0000008341,1,2017-07-16 09:19:17
0000009380,0000008342,1,2015-09-25 20:23:47
0000009381,0000008342,2,2015-09-25 20:24:09
0000009382,0000008343,1,2016-02-05 07:04:03
0000009383,0000008344,1,2025-12-31 21:23:08
0000009384,0000008345,1,2022-08-06 14:28:14
0000009385,0000008346,1,2018-03-25 07:13:38
0000009386,0000008347,1,2020-11-06 06:38:05
0000009387,0000008348,1,2015-10-20 21:44:48
0000009388,0000008349,1,2016-02-29 14:49:44
0000009389,0000008350,1,2015-05-21 10:18:43
0000009390,0000008351,1,2019-10-11 05:39:50
0000009391,0000008352,1,2019-02-16 16:42:20
0000009392,0000008353,1,2015-03-18 01:23:56
0000009393,0000008354,1,2015-05-02 15:49:48
0000009394,0000008354,2,2015-05-02 15:50:05
0000009395,0000008355,1,2015-04-15 21:32:45
0000009396,0000008356,1,2017-09-17 19:29:34
0000009397,0000008357,1,2016-10-05 19:08:58
0000009398,0000008357,2,2016-10-05 19:09:54
0000009399,0000008358,1,2018-06-03 17:08:30
0000009400,0000008358,2,2018-06-03 17:09:42
0000009401,0000008359,1,2017-02-05 06:58:40
0000009402,0000008360,1,2020-11-09 20:24:19
0000009403,0000008361,1,2018-10-09 01:59:35
0000009404,0000008362,1,2016-05-10 11:00:24
0000009405,0000008363,1,2018-04-15 15:52:46
0000009406,0000008364,1,2016-04-30 18:27:29
0000009407,0000008364,2,2016-04-30 18:27:09
0000009408,0000008365,1,2017-02-26 02:08:57
0000009409,0000008365,2,2017-02-26 02:09:56
0000009410,0000008366,1,2025-12-25 07:35:59
0000009411,0000008367,1,2016-01-07 23:45:53
0000009412,0000008368,1,2018-07-16 19:05:42
0000009413,0000008369,1,2018-10-12 09:12:33
0000009414,0000008369,2,2018-10-12 09:13:28
0000009415,0000008370,1,2016-04-04 19:48:50
0000009416,0000008371,1,2022-04-23 14:25:29
0000009417,0000008371,2,2022-04-23 14:23:43
0000009418,0000008372,1,2018-08-31 02:36:28
0000009419,0000008373,1,2020-09-11 14:27:01
0000009420,0000008374,1,2018-07-08 02:46:33
0000009421,0000008375,1,2024-03-25 22:24:57
0000009422,0000008376,1,2025-05-07 10:16:18
0000009423,0000008377,1,2024-08-22 22:43:26
0000009424,0000008378,1,2021-11-06 14:59:25
0000009425,0000008379,1,2022-04-26 14:37:47
0000009426,0000008380,1,2018-09-16 06:33:06
0000009427,0000008381,1,2020-03-18 16:58:54
0000009428,0000008381,2,2020-03-18 17:00:02
0000009429,0000008382,1,2019-06-01 21:36:46
0000009430,0000008383,1,2021-03-12 17:58:31
0000009431,0000008384,1,2024-05-16 22:49:19
0000009432,0000008385,1,2023-12-17 20:23:31
0000009433,0000008386,1,2023-08-11 13:23:33
0000009434,0000008387,1,2019-08-08 01:03:59
0000009435,0000008388,1,2020-06-05 08:02:15
0000009436,0000008389,1,2016-06-01 07:15:52
0000009437,0000008390,1,2016-07-28 08:41:45
0000009438,0000008391,1,2016-05-28 03:44:21
0000009439,0000008392,1,2016-05-24 21:08:57
0000009440,0000008392,2,2016-05-24 21:08:27
0000009441,0000008393,1,2016-08-14 01:07:55
0000009442,0000008394,1,2024-06-21 18:36:46
0000009443,0000008395,1,2017-11-10 05:33:17
0000009444,0000008396,1,2022-05-20 16:46:42
0000009445,0000008397,1,2020-01-25 21:19:44
0000009446,0000008398,1,2015-05-18 18:34:38
0000009447,0000008399,1,2015-08-19 20:12:14
0000009448,0000008400,1,2015-11-02 03:51:16
0000009449,0000008400,2,2015-11-02 03:50:10
0000009450,0000008401,1,2018-07-17 02:02:10
0000009451,0000008401,2,2018-07-17 02:01:57
0000009452,0000008402,1,2023-12-31 02:14:18
0000009453,0000008402,2,2023-12-31 02:14:13
0000009454,0000008403,1,2019-12-11 09:40:37
0000009455,0000008404,1,2019-07-26 20:58:01
0000009456,0000008405,1,2021-10-28 05:08:57
0000009457,0000008406,1,2023-12-06 00:58:07
0000009458,0000008406,2,2023-12-06 00:59:04
0000009459,0000008407,1,2021-06-18 07:03:46
0000009460,0000008407,2,2021-06-18 07:03:55
0000009461,0000008408,1,2021-03-06 22:08:56
0000009462,0000008409,1,2026-09-30 09:27:58
0000009463,0000008410,1,2026-08-12 10:03:00
0000009464,0000008411,1,2018-06-20 13:55:28
0000009465,0000008411,2,2018-06-20 13:55:06
0000009466,0000008412,1,2023-12-25 09:59:30
0000009467,0000008413,1,2024-09-10 17:10:46
0000009468,0000008414,1,2017-12-04 08:17:35
0000009469,0000008415,1,2019-05-13 04:47:33
0000009470,0000008416,1,2019-02-23 23:06:30
0000009471,0000008417,1,2019-06-11 23:16:17
0000009472,0000008418,1,2018-09-22 16:09:05
0000009473,0000008419,1,2019-07-11 17:08:09
0000009474,0000008420,1,2024-07-21 08:34:12
0000009475,0000008421,1,2023-12-31 13:43:57
0000009476,0000008422,1,2016-07-07 20:54:01
0000009477,0000008423,1,2018-03-16 10:15:01
0000009478,0000008424,1,2018-01-21 07:30:13
0000009479,0000008425,1,2019-01-15 17:46:49
0000009480,0000008426,1,2019-12-16 12:35:50
0000009481,0000008427,1,2020-09-14 18:01:40
0000009482,0000008428,1,2021-05-03 18:56:58
0000009483,0000008429,1,2019-05-03 13:01:16
0000009484,0000008430,1,2018-09-13 06:48:09
0000009485,0000008431,1,2017-01-17 13:51:34
0000009486,0000008432,1,2017-08-15 16:03:27
0000009487,0000008433,1,2019-03-26 03:07:02
0000009488,0000008434,1,2022-04-27 05:38:46
0000009489,0000008435,1,2017-11-23 00:25:15
0000009490,0000008435,2,2017-11-23 00:26:39
0000009491,0000008436,1,2021-01-27 03:02:57
0000009492,0000008436,2,2021-01-27 03:03:19
0000009493,0000008437,1,2016-04-25 20:38:26
0000009494,0000008438,1,2019-04-15 04:53:39
0000009495,0000008438,2,2019-04-15 04:53:05
0000009496,0000008439,1,2017-08-15 10:21:14
0000009497,0000008440,1,2022-05-12 16:18:23
0000009498,0000008440,2,2022-05-12 16:17:48
0000009499,0000008441,1,2021-12-30 17:20:15
0000009500,0000008442,1,2024-11-15 05:32:53
0000009501,0000008443,1,2023-07-31 01:27:18
0000009502,0000008444,1,2022-08-13 12:46:44
0000009503,0000008445,1,2019-01-09 19:30:39
0000009504,0000008446,1,2025-07-05 08:08:06
0000009505,0000008447,1,2024-02-13 15:28:47
0000009506,0000008448,1,2019-11-29 23:36:16
0000009507,0000008449,1,2018-06-22 21:03:04
0000009508,0000008450,1,2018-06-09 10:10:41
0000009509,0000008451,1,2020-10-16 23:20:44
0000009510,0000008452,1,2020-01-26 10:54:09
0000009511,0000008453,1,2020-09-15 15:01:35
0000009512,0000008454,1,2019-09-28 23:08:48
0000009513,0000008455,1,2020-03-03 21:00:47
0000009514,0000008456,1,2018-02-02 10:42:04
0000009515,0000008457,1,2017-09-15 06:25:42
0000009516,0000008458,1,2018-07-04 04:23:15
0000009517,0000008459,1,2019-01-03 01:47:14
0000009518,0000008459,2,2019-01-03 01:48:16
0000009519,0000008460,1,2020-11-13 06:09:12
0000009520,0000008461,1,2018-06-28 02:10:24
0000009521,0000008462,1,2020-07-16 20:06:31
0000009522,0000008463,1,2025-03-07 12:22:10
0000009523,0000008464,1,2024-09-11 18:18:42
0000009524,0000008465,1,2018-11-28 20:58:52
0000009525,0000008466,1,2016-10-07 05:07:01
0000009526,0000008467,1,2018-10-20 21:00:09
0000009527,0000008468,1,2018-03-11 02:06:34
0000009528,0000008468,2,2018-03-11 02:07:21
0000009529,0000008469,1,2019-10-25 08:22:16
0000009530,0000008470,1,2018-09-08 20:52:12
0000009531,0000008470,2,2018-09-08 20:50:42
0000009532,0000008471,1,2018-09-16 14:39:52
0000009533,0000008472,1,2018-07-27 06:23:21
0000009534,0000008473,1,2018-07-26 04:35:53
0000009535,0000008474,1,2018-07-16 15:31:57
0000009536,0000008475,1,2018-09-19 02:13:09
0000009537,0000008476,1,2018-07-27 07:24:47
0000009538,0000008477,1,2018-07-14 01:22:42
0000009539,0000008478,1,2018-07-17 10:06:16
0000009540,0000008479,1,2018-10-02 22:21:41
0000009541,0000008480,1,2018-07-22 09:22:23
0000009542,0000008480,2,2018-07-22 09:22:04
0000009543,0000008481,1,2018-08-03 04:38:08
0000009544,0000008482,1,2023-08-25 12:02:15
0000009545,0000008483,1,2019-10-31 05:26:21
0000009546,0000008484,1,2023-06-05 01:29:10
0000009547,0000008484,2,2023-06-05 01:29:11
0000009548,0000008485,1,2017-08-16 17:22:17
0000009549,0000008486,1,2025-09-04 16:45:29
0000009550,0000008487,1,2022-01-26 20:49:46
0000009551,0000008488,1,2018-03-28 05:10:43
0000009552,0000008488,2,2018-03-28 05:10:27
0000009553,0000008489,1,2023-04-21 23:07:18
0000009554,0000008490,1,2021-08-24 09:26:46
0000009555,0000008491,1,2020-03-26 16:01:12
0000009556,0000008492,1,2024-01-23 12:39:05
0000009557,0000008493,1,2016-04-27 13:30:56
0000009558,0000008493,2,2016-04-27 13:30:23
0000009559,0000008494,1,2019-05-22 16:08:03
0000009560,0000008495,1,2021-07-30 05:16:47
0000009561,0000008496,1,2022-03-14 12:48:36
0000009562,0000008497,1,2020-03-24 21:11:54
0000009563,0000008498,1,2023-06-19 13:32:10
0000009564,0000008499,1,2021-01-27 09:52:53
0000009565,0000008500,1,2019-06-23 07:29:05
0000009566,0000008501,1,2019-07-06 16:21:57
0000009567,0000008502,1,2019-08-02 21:05:12
0000009568,0000008503,1,2025-06-07 05:42:22
0000009569,0000008504,1,2025-09-17 19:40:22
0000009570,0000008505,1,2020-06-18 22:11:05
0000009571,0000008506,1,2017-02-07 15:52:45
0000009572,0000008507,1,2017-04-19 10:29:20
0000009573,0000008508,1,2018-01-17 03:04:59
0000009574,0000008509,1,2022-10-27 10:56:48
0000009575,0000008510,1,2023-06-11 14:18:42
0000009576,0000008510,2,2023-06-11 14:17:44
0000009577,0000008511,1,2019-06-02 04:33:31
0000009578,0000008512,1,2023-11-05 09:03:33
0000009579,0000008513,1,2022-07-14 14:15:28
0000009580,0000008514,1,2024-04-14 14:22:06
0000009581,0000008515,1,2024-09-10 03:11:24
0000009582,0000008515,2,2024-09-10 03:10:47
0000009583,0000008516,1,2017-03-08 11:17:30
0000009584,0000008517,1,2021-06-13 21:43:04
0000009585,0000008518,1,2018-10-05 17:45:56
0000009586,0000008519,1,2016-11-20 18:57:24
0000009587,0000008520,1,2022-06-02 02:01:15
0000009588,0000008521,1,2017-09-02 23:33:33
0000009589,0000008522,1,2019-03-24 11:09:23
0000009590,0000008522,2,2019-03-24 11:10:41
0000009591,0000008523,1,2022-11-20 00:52:50
0000009592,0000008524,1,2024-12-10 23:54:10
0000009593,0000008525,1,2024-04-27 10:01:14
0000009594,0000008526,1,2021-11-18 00:24:46
0000009595,0000008527,1,2021-05-08 07:27:49
0000009596,0000008528,1,2024-11-26 21:53:29
0000009597,0000008528,2,2024-11-26 21:52:53
0000009598,0000008529,1,2023-01-11 18:11:37
0000009599,0000008530,1,2024-07-03 19:34:22
0000009600,0000008531,1,2022-07-03 21:46:01
0000009601,0000008532,1,2024-02-20 19:42:21
0000009602,0000008533,1,2025-01-19 23:36:25
0000009603,0000008534,1,2017-01-18 00:44:40
0000009604,0000008535,1,2016-10-23 17:39:18
0000009605,0000008536,1,2016-02-13 01:38:36
0000009606,0000008537,1,2023-08-18 16:49:01
0000009607,0000008538,1,2015-06-25 08:01:39
0000009608,0000008539,1,2024-04-16 00:04:33
0000009609,0000008540,1,2016-07-27 07:44:49
0000009610,0000008541,1,2017-08-03 12:04:52
0000009611,0000008542,1,2017-02-04 11:20:52
0000009612,0000008543,1,2017-06-02 01:11:21
0000009613,0000008543,2,2017-06-02 01:13:01
0000009614,0000008544,1,2019-09-23 09:15:40
0000009615,0000008545,1,2018-01-28 16:25:31
0000009616,0000008546,1,2022-10-14 04:55:35
0000009617,0000008547,1,2021-04-27 14:30:45
0000009618,0000008548,1,2019-10-01 06:07:48
0000009619,0000008549,1,2022-06-13 05:12:00
0000009620,0000008549,2,2022-06-13 05:11:34
0000009621,0000008550,1,2020-05-20 20:07:00
0000009622,0000008551,1,2019-07-30 04:13:47
0000009623,0000008552,1,2016-04-02 16:19:25
0000009624,0000008553,1,2024-11-10 12:09:17
0000009625,0000008554,1,2025-04-25 17:19:52
0000009626,0000008555,1,2020-01-06 17:54:36
0000009627,0000008555,2,2020-01-06 17:55:23
0000009628,0000008556,1,2018-05-19 15:10:59
0000009629,0000008557,1,2018-02-14 16:06:20
0000009630,0000008558,1,2020-01-22 00:36:32
0000009631,0000008559,1,2021-10-20 13:00:52
0000009632,0000008560,1,2025-05-23 11:33:40
0000009633,0000008561,1,2025-02-09 12:49:52
0000009634,0000008562,1,2025-10-30 12:40:50
0000009635,0000008563,1,2020-06-20 22:20:49
0000009636,0000008564,1,2021-06-18 15:45:59
0000009637,0000008564,2,2021-06-18 15:45:08
0000009638,0000008565,1,2021-12-14 06:18:10
0000009639,0000008566,1,2022-01-29 02:17:50
0000009640,0000008567,1,2021-11-27 09:30:48
0000009641,0000008568,1,2019-06-01 05:11:10
0000009642,0000008569,1,2021-11-19 07:10:04
0000009643,0000008570,1,2022-05-19 20:32:27
0000009644,0000008571,1,2025-09-03 07:44:06
0000009645,0000008571,2,2025-09-03 07:44:17
0000009646,0000008572,1,2020-05-25 10:56:38
0000009647,0000008573,1,2025-10-01 17:02:27
0000009648,0000008574,1,2021-01-27 21:29:31
0000009649,0000008575,1,2025-04-01 20:28:24
0000009650,0000008576,1,2018-05-07 14:34:52
0000009651,0000008577,1,2023-07-02 13:08:40
0000009652,0000008578,1,2017-10-11 16:36:45
0000009653,0000008579,1,2025-08-15 04:15:29
0000009654,0000008579,2,2025-08-15 04:14:43
0000009655,0000008580,1,2024-12-31 14:58:32
0000009656,0000008581,1,2018-09-05 07:42:43
0000009657,0000008582,1,2021-03-03 22:03:22
0000009658,0000008583,1,2024-09-30 06:31:17
0000009659,0000008584,1,2019-07-17 18:52:49
0000009660,0000008585,1,2016-10-20 17:27:28
0000009661,0000008585,2,2016-10-20 17:26:35
0000009662,0000008586,1,2019-06-25 04:04:59
0000009663,0000008586,2,2019-06-25 04:04:38
0000009664,0000008587,1,2018-06-10 02:52:27
0000009665,0000008588,1,2025-02-09 23:47:35
0000009666,0000008589,1,2022-02-24 13:30:49
0000009667,0000008590,1,2023-08-08 20:46:47
0000009668,0000008591,1,2019-05-03 12:59:43
0000009669,0000008592,1,2021-10-23 23:49:14
0000009670,0000008593,1,2024-09-01 16:12:52
0000009671,0000008594,1,2020-06-17 10:55:11
0000009672,0000008595,1,2020-05-30 21:22:04
0000009673,0000008596,1,2022-03-27 19:14:11
0000009674,0000008597,1,2019-11-15 15:49:57
0000009675,0000008598,1,2024-05-13 01:02:08
0000009676,0000008599,1,2021-08-22 13:36:38
0000009677,0000008599,2,2021-08-22 13:36:52
0000009678,0000008600,1,2025-02-16 19:17:28
0000009679,0000008601,1,2022-08-14 01:27:54
0000009680,0000008602,1,2017-10-17 13:18:10
0000009681,0000008603,1,2023-12-26 00:01:37
0000009682,0000008604,1,2022-06-05 03:31:37
0000009683,0000008605,1,2021-01-06 20:04:05
0000009684,0000008606,1,2022-11-07 19:54:03
0000009685,0000008606,2,2022-11-07 19:55:48
0000009686,0000008607,1,2021-06-20 18:51:11
0000009687,0000008607,2,2021-06-20 18:52:05
0000009688,0000008608,1,2025-04-13 10:48:48
0000009689,0000008608,2,2025-04-13 10:48:56
0000009690,0000008609,1,2023-11-23 22:12:14
0000009691,0000008610,1,2019-03-12 19:39:54
0000009692,0000008611,1,2020-03-28 13:17:30
0000009693,0000008611,2,2020-03-28 13:18:08
0000009694,0000008612,1,2021-10-05 15:53:47
0000009695,0000008613,1,2022-11-23 23:27:21
0000009696,0000008614,1,2021-12-14 20:14:31
0000009697,0000008615,1,2026-01-17 12:50:32
0000009698,0000008616,1,2019-01-12 04:57:04
0000009699,0000008617,1,2026-07-10 14:44:02
0000009700,0000008618,1,2015-07-26 19:16:49
0000009701,0000008619,1,2016-08-06 05:03:30
0000009702,0000008620,1,2017-08-31 02:12:08
0000009703,0000008620,2,2017-08-31 02:10:56
0000009704,0000008621,1,2018-05-18 10:10:23
0000009705,0000008621,2,2018-05-18 10:09:05
0000009706,0000008622,1,2018-07-05 22:16:48
0000009707,0000008623,1,2025-04-01 18:22:30
0000009708,0000008624,1,2020-09-02 23:23:58
0000009709,0000008625,1,2017-07-13 04:15:46
0000009710,0000008626,1,2017-02-18 05:52:51
0000009711,0000008627,1,2017-12-02 01:21:07
0000009712,0000008628,1,2025-05-05 08:58:47
0000009713,0000008629,1,2017-06-03 19:16:29
0000009714,0000008630,1,2016-11-04 05:30:39
0000009715,0000008631,1,2024-08-20 21:11:58
0000009716,0000008632,1,2025-06-05 21:23:56
0000009717,0000008633,1,2024-08-27 06:55:50
0000009718,0000008634,1,2023-08-27 15:44:00
0000009719,0000008635,1,2020-07-28 18:55:45
0000009720,0000008636,1,2023-09-19 02:29:01
0000009721,0000008636,2,2023-09-19 02:29:11
0000009722,0000008637,1,2026-06-22 17:30:36
0000009723,0000008638,1,2022-07-24 18:33:32
0000009724,0000008639,1,2024-04-19 11:23:41
0000009725,0000008640,1,2022-01-08 17:11:33
0000009726,0000008641,1,2021-05-06 06:05:44
0000009727,0000008641,2,2021-05-06 06:06:23
0000009728,0000008642,1,2020-11-11 18:21:13
0000009729,0000008643,1,2020-10-01 19:45:59
0000009730,0000008644,1,2020-06-03 14:37:24
0000009731,0000008645,1,2018-03-26 20:20:01
0000009732,0000008646,1,2026-05-14 14:53:34
0000009733,0000008647,1,2016-02-01 11:49:08
0000009734,0000008648,1,2022-11-05 14:49:58
0000009735,0000008648,2,2022-11-05 14:51:14
0000009736,0000008649,1,2021-06-30 15:44:45
0000009737,0000008650,1,2016-12-29 16:17:13
0000009738,0000008651,1,2023-11-20 02:46:22
0000009739,0000008652,1,2020-07-29 05:39:41
0000009740,0000008653,1,2023-08-15 15:06:34
0000009741,0000008654,1,2019-12-09 21:27:18
0000009742,0000008655,1,2023-03-15 22:13:25
0000009743,0000008655,2,2023-03-15 22:13:57
0000009744,0000008656,1,2019-05-19 13:57:13
0000009745,0000008657,1,2019-02-19 06:41:19
0000009746,0000008658,1,2021-09-15 17:45:36
0000009747,0000008659,1,2023-10-17 17:14:50
0000009748,0000008660,1,2021-05-17 12:33:55
0000009749,0000008661,1,2020-09-21 02:12:34
0000009750,0000008661,2,2020-09-21 02:13:40
0000009751,0000008662,1,2016-03-24 12:06:54
0000009752,0000008663,1,2016-04-06 03:34:45
0000009753,0000008664,1,2016-05-13 23:37:55
0000009754,0000008665,1,2019-03-04 05:16:52
0000009755,0000008666,1,2017-02-11 02:37:20
0000009756,0000008667,1,2016-06-20 00:26:14
0000009757,0000008668,1,2023-07-14 10:48:50
0000009758,0000008669,1,2024-10-10 22:57:23
0000009759,0000008670,1,2026-01-23 19:42:27
0000009760,0000008671,1,2020-04-03 16:21:10
0000009761,0000008672,1,2024-03-26 11:09:23
0000009762,0000008672,2,2024-03-26 11:08:53
0000009763,0000008673,1,2018-02-02 10:08:53
0000009764,0000008674,1,2023-01-25 02:16:52
0000009765,0000008675,1,2019-02-17 09:16:02
0000009766,0000008676,1,2017-07-10 10:50:53
0000009767,0000008677,1,2020-04-29 11:20:47
0000009768,0000008677,2,2020-04-29 11:21:05
0000009769,0000008678,1,2020-08-04 12:22:52
0000009770,0000008679,1,2019-01-22 09:03:57
0000009771,0000008680,1,2017-01-01 04:05:52
0000009772,0000008681,1,2021-05-01 23:30:58
0000009773,0000008682,1,2021-12-18 17:34:42
0000009774,0000008683,1,2019-07-23 10:53:29
0000009775,0000008684,1,2018-10-01 13:59:11
0000009776,0000008685,1,2018-11-20 14:06:17
0000009777,0000008686,1,2021-11-18 10:01:16
0000009778,0000008687,1,2023-04-25 00:40:37
0000009779,0000008688,1,2020-12-20 04:59:13
0000009780,0000008689,1,2024-10-28 03:38:07
0000009781,0000008690,1,2019-02-24 08:59:20
0000009782,0000008691,1,2017-03-22 10:46:28
0000009783,0000008692,1,2022-11-29 02:02:24
0000009784,0000008693,1,2026-07-24 05:55:05
0000009785,0000008694,1,2018-09-21 09:23:28
0000009786,0000008694,2,2018-09-21 09:23:29
0000009787,0000008695,1,2024-10-19 16:11:58
0000009788,0000008696,1,2025-05-09 00:12:28
0000009789,0000008697,1,2024-03-22 15:14:13
0000009790,0000008698,1,2025-11-16 05:24:25
0000009791,0000008698,2,2025-11-16 05:24:40
0000009792,0000008699,1,2021-03-22 03:38:25
0000009793,0000008700,1,2016-07-31 04:03:29
0000009794,0000008701,1,2020-02-29 00:06:45
0000009795,0000008702,1,2021-12-18 08:22:29
0000009796,0000008703,1,2024-07-03 16:05:58
0000009797,0000008704,1,2017-09-21 00:45:03
0000009798,0000008705,1,2021-02-13 06:38:03
0000009799,0000008706,1,2025-07-20 19:37:31
0000009800,0000008706,2,2025-07-20 19:37:27
0000009801,0000008707,1,2019-10-09 23:19:32
0000009802,0000008708,1,2016-01-31 06:22:59
0000009803,0000008709,1,2016-12-15 20:16:20
0000009804,0000008710,1,2025-07-22 23:16:40
0000009805,0000008711,1,2026-05-19 04:16:15
0000009806,0000008712,1,2016-12-05 15:07:05
0000009807,0000008713,1,2016-01-25 23:46:54
0000009808,0000008714,1,2020-12-26 03:46:37
0000009809,0000008715,1,2017-12-21 12:21:05
0000009810,0000008716,1,2024-12-11 16:37:10
0000009811,0000008717,1,2016-04-14 04:25:13
0000009812,0000008718,1,2022-05-03 17:21:08
0000009813,0000008719,1,2019-01-26 00:01:20
0000009814,0000008720,1,2020-06-20 11:07:33
0000009815,0000008721,1,2018-04-04 00:31:43
0000009816,0000008722,1,2019-09-22 08:35:07
0000009817,0000008723,1,2020-12-10 04:29:14
0000009818,0000008724,1,2024-12-03 14:03:50
0000009819,0000008724,2,2024-12-03 14:02:45
0000009820,0000008725,1,2018-11-10 07:03:22
0000009821,0000008726,1,2023-12-24 05:00:52
0000009822,0000008727,1,2025-06-28 22:14:13
0000009823,0000008728,1,2018-08-28 14:55:33
0000009824,0000008729,1,2023-09-23 02:17:11
0000009825,0000008730,1,2017-06-16 01:13:28
0000009826,0000008731,1,2020-06-21 13:04:35
0000009827,0000008732,1,2018-02-12 14:02:57
0000009828,0000008733,1,2019-06-04 05:21:44
0000009829,0000008734,1,2020-10-10 23:02:38
0000009830,0000008735,1,2019-01-24 14:58:59
0000009831,0000008736,1,2016-12-24 16:37:11
0000009832,0000008737,1,2023-04-25 13:16:42
0000009833,0000008738,1,2023-10-31 05:39:35
0000009834,0000008739,1,2018-08-30 05:43:47
0000009835,0000008740,1,2019-12-29 20:49:13
0000009836,0000008740,2,2019-12-29 20:49:13
0000009837,0000008741,1,2025-12-22 19:19:37
0000009838,0000008742,1,2024-02-24 07:01:09
0000009839,0000008743,1,2024-07-29 21:03:46
0000009840,0000008744,1,2025-12-02 09:43:07
0000009841,0000008745,1,2020-02-06 16:48:07
0000009842,0000008746,1,2017-07-20 09:35:24
0000009843,0000008747,1,2016-06-17 20:39:14
0000009844,0000008748,1,2019-08-06 18:32:50
0000009845,0000008749,1,2021-11-25 17:52:21
0000009846,0000008750,1,2023-01-19 23:14:32
0000009847,0000008751,1,2016-05-19 22:03:30
0000009848,0000008752,1,2018-05-01 04:01:03
0000009849,0000008753,1,2018-07-13 09:36:41
0000009850,0000008754,1,2016-10-23 07:07:32
0000009851,0000008755,1,2016-10-03 10:14:09
0000009852,0000008756,1,2016-09-29 12:39:23
0000009853,0000008756,2,2016-09-29 12:40:35
0000009854,0000008757,1,2016-10-25 13:43:37
0000009855,0000008758,1,2016-10-27 04:50:44
0000009856,0000008759,1,2023-02-28 22:38:37
0000009857,0000008760,1,2018-06-27 00:59:04
0000009858,0000008761,1,2023-03-18 09:57:57
0000009859,0000008762,1,2022-02-20 21:01:44
0000009860,0000008763,1,2022-12-22 21:47:28
0000009861,0000008764,1,2023-03-04 23:34:14
0000009862,0000008765,1,2026-02-19 14:39:58
0000009863,0000008766,1,2025-03-15 16:43:54
0000009864,0000008767,1,2026-03-08 06:55:04
0000009865,0000008768,1,2024-03-18 16:19:25
0000009866,0000008769,1,2021-05-08 06:37:45
0000009867,0000008770,1,2021-07-27 17:06:47
0000009868,0000008771,1,2018-11-06 20:53:13
0000009869,0000008772,1,2022-11-28 11:30:23
0000009870,0000008773,1,2019-09-08 04:18:21
0000009871,0000008774,1,2016-06-28 11:30:50
0000009872,0000008775,1,2019-10-09 02:53:59
0000009873,0000008775,2,2019-10-09 02:53:32
0000009874,0000008776,1,2016-09-06 04:03:22
0000009875,0000008777,1,2018-06-14 12:50:56
0000009876,0000008778,1,2021-02-19 05:39:26
0000009877,0000008779,1,2020-06-11 20:35:55
0000009878,0000008780,1,2020-08-25 22:07:54
0000009879,0000008781,1,2018-05-27 02:04:48
0000009880,0000008782,1,2021-03-07 14:04:58
0000009881,0000008783,1,2020-02-25 18:49:03
0000009882,0000008784,1,2016-08-25 02:08:50
0000009883,0000008785,1,2020-09-24 07:51:48
0000009884,0000008786,1,2024-04-30 20:00:16
0000009885,0000008787,1,2021-08-17 12:03:25
0000009886,0000008788,1,2019-11-10 14:10:35
0000009887,0000008789,1,2026-03-21 15:55:30
0000009888,0000008790,1,2024-01-02 07:59:25
0000009889,0000008791,1,2019-07-13 21:58:58
0000009890,0000008792,1,2022-05-06 03:19:02
0000009891,0000008793,1,2019-11-08 10:27:49
0000009892,0000008794,1,2022-05-01 21:43:52
0000009893,0000008795,1,2022-03-23 17:42:26
0000009894,0000008796,1,2019-03-20 04:40:02
0000009895,0000008797,1,2018-06-16 03:05:43
0000009896,0000008798,1,2022-11-03 11:53:09
0000009897,0000008799,1,2024-09-20 05:06:58
0000009898,0000008799,2,2024-09-20 05:07:21
0000009899,0000008800,1,2025-01-14 23:58:57
0000009900,0000008801,1,2026-02-14 00:50:01
0000009901,0000008802,1,2021-03-03 01:18:20
0000009902,0000008803,1,2023-02-28 18:12:30
0000009903,0000008804,1,2020-04-02 06:04:22
0000009904,0000008804,2,2020-04-02 06:03:18
0000009905,0000008805,1,2024-02-21 06:12:27
0000009906,0000008806,1,2023-07-18 03:25:43
0000009907,0000008807,1,2024-04-25 21:17:26
0000009908,0000008808,1,2019-09-28 05:51:38
0000009909,0000008809,1,2022-05-01 01:04:22
0000009910,0000008810,1,2020-01-23 13:08:53
0000009911,0000008811,1,2016-06-19 09:53:04
0000009912,0000008812,1,2025-03-13 02:43:10
0000009913,0000008813,1,2017-06-14 11:41:04
0000009914,0000008813,2,2017-06-14 11:41:34
0000009915,0000008814,1,2025-01-07 05:26:00
0000009916,0000008815,1,2016-11-13 19:13:46
0000009917,0000008816,1,2023-01-29 18:06:51
0000009918,0000008817,1,2019-06-25 04:23:01
0000009919,0000008818,1,2020-12-21 07:44:57
0000009920,0000008819,1,2025-11-21 02:58:22
0000009921,0000008819,2,2025-11-21 02:58:52
0000009922,0000008820,1,2025-05-20 06:55:57
0000009923,0000008821,1,2019-12-19 06:51:52
0000009924,0000008822,1,2022-02-01 06:12:18
0000009925,0000008823,1,2025-06-20 04:21:42
0000009926,0000008824,1,2022-12-28 00:09:25
0000009927,0000008825,1,2021-06-26 07:05:48
0000009928,0000008826,1,2020-09-25 02:16:57
0000009929,0000008827,1,2021-03-12 23:21:54
0000009930,0000008827,2,2021-03-12 23:20:51
0000009931,0000008828,1,2018-05-22 01:48:26
0000009932,0000008829,1,2025-08-08 15:03:02
0000009933,0000008830,1,2021-10-18 19:11:03
0000009934,0000008831,1,2019-05-31 08:24:09
0000009935,0000008831,2,2019-05-31 08:24:07
0000009936,0000008832,1,2022-07-13 09:27:46
0000009937,0000008833,1,2020-01-13 09:24:51
0000009938,0000008834,1,2020-09-25 20:32:21
0000009939,0000008835,1,2026-07-27 20:55:05
0000009940,0000008836,1,2022-12-08 02:27:39
0000009941,0000008837,1,2019-05-07 11:35:12
0000009942,0000008838,1,2025-12-06 15:09:17
0000009943,0000008839,1,2019-06-16 19:02:41
0000009944,0000008840,1,2021-02-20 07:09:13
0000009945,0000008841,1,2025-04-21 21:02:37
0000009946,0000008842,1,2021-06-18 07:35:56
0000009947,0000008843,1,2018-02-11 12:12:27
0000009948,0000008843,2,2018-02-11 12:13:35
0000009949,0000008844,1,2019-11-08 17:42:46
0000009950,0000008845,1,2021-04-10 15:34:48
0000009951,0000008846,1,2020-03-01 04:10:02
0000009952,0000008847,1,2024-11-26 13:55:58
0000009953,0000008847,2,2024-11-26 13:57:26
0000009954,0000008848,1,2021-03-21 02:06:45
0000009955,0000008849,1,2025-05-20 14:56:24
0000009956,0000008850,1,2024-09-19 17:12:48
0000009957,0000008850,2,2024-09-19 17:12:36
0000009958,0000008851,1,2020-10-22 07:03:42
0000009959,0000008852,1,2016-10-18 09:30:55
0000009960,0000008853,1,2019-12-19 05:27:33
0000009961,0000008854,1,2019-10-12 01:57:31
0000009962,0000008855,1,2025-02-01 07:58:50
0000009963,0000008856,1,2023-10-24 20:31:20
0000009964,0000008857,1,2019-09-28 10:02:34
0000009965,0000008858,1,2021-10-07 22:24:12
0000009966,0000008859,1,2019-02-20 08:50:24
0000009967,0000008860,1,2017-01-10 12:17:49
0000009968,0000008861,1,2019-12-19 11:57:36
0000009969,0000008862,1,2020-12-05 00:10:40
0000009970,0000008863,1,2020-05-07 17:02:11
0000009971,0000008864,1,2018-08-16 12:49:23
0000009972,0000008865,1,2018-06-15 19:34:45
0000009973,0000008866,1,2016-06-26 23:14:05
0000009974,0000008867,1,2016-05-03 20:26:46
0000009975,0000008868,1,2017-04-01 04:21:57
0000009976,0000008869,1,2020-04-06 09:55:14
0000009977,0000008870,1,2022-08-13 12:43:07
0000009978,0000008870,2,2022-08-13 12:42:30
0000009979,0000008871,1,2022-05-13 03:42:16
0000009980,0000008872,1,2020-09-04 17:56:17
0000009981,0000008873,1,2018-06-18 18:16:19
0000009982,0000008874,1,2025-08-03 05:19:26
0000009983,0000008875,1,2018-09-10 05:35:49
0000009984,0000008876,1,2021-05-28 20:05:51
0000009985,0000008877,1,2026-02-27 23:20:54
0000009986,0000008878,1,2025-03-13 04:11:35
0000009987,0000008878,2,2025-03-13 04:12:31
0000009988,0000008879,1,2023-02-10 13:22:31
0000009989,0000008880,1,2017-03-10 18:40:20
0000009990,0000008881,1,2018-01-29 18:26:29
0000009991,0000008882,1,2016-06-10 06:08:47
0000009992,0000008883,1,2015-10-11 12:15:42
0000009993,0000008884,1,2026-03-08 12:55:04
0000009994,0000008884,2,2026-03-08 12:55:51
0000009995,0000008885,1,2023-01-20 05:57:05
0000009996,0000008885,2,2023-01-20 05:56:42
0000009997,0000008886,1,2024-04-17 00:00:59
0000009998,0000008887,1,2025-08-03 13:14:00
0000009999,0000008888,1,2024-12-24 01:46:15
0000010000,0000008889,1,2021-07-26 06:07:29
0000010001,0000008890,1,2026-08-27 07:32:26
0000010002,0000008891,1,2022-08-02 19:10:30
0000010003,0000008892,1,2025-04-11 16:00:52
0000010004,0000008892,2,2025-04-11 15:59:47
0000010005,0000008893,1,2025-08-22 05:18:50
0000010006,0000008893,2,2025-08-22 05:18:43
0000010007,0000008894,1,2025-06-05 19:39:51
0000010008,0000008895,1,2018-03-12 21:09:48
0000010009,0000008896,1,2025-12-11 14:25:52
0000010010,0000008897,1,2016-05-20 02:50:08
0000010011,0000008898,1,2017-09-16 09:45:27
0000010012,0000008899,1,2020-08-29 22:32:36
0000010013,0000008900,1,2021-09-18 16:01:09
0000010014,0000008901,1,2018-05-14 03:50:04
0000010015,0000008902,1,2016-11-17 12:53:32
0000010016,0000008902,2,2016-11-17 12:54:51
0000010017,0000008903,1,2023-04-06 01:25:13
0000010018,0000008904,1,2016-12-03 15:01:05
0000010019,0000008905,1,2017-08-28 06:50:33
0000010020,0000008906,1,2024-01-18 08:18:08
0000010021,0000008907,1,2017-09-28 11:10:15
0000010022,0000008908,1,2021-04-22 01:55:26
0000010023,0000008909,1,2021-06-29 20:18:30
0000010024,0000008910,1,2020-06-30 05:00:38
0000010025,0000008911,1,2023-07-30 11:46:14
0000010026,0000008912,1,2019-08-17 03:13:07
0000010027,0000008912,2,2019-08-17 03:13:18
0000010028,0000008913,1,2022-05-17 08:29:05
0000010029,0000008914,1,2020-03-23 07:26:43
0000010030,0000008915,1,2016-10-16 23:18:18
0000010031,0000008916,1,2021-11-01 10:44:56
0000010032,0000008916,2,2021-11-01 10:44:54
0000010033,0000008917,1,2022-01-04 04:47:53
0000010034,0000008918,1,2018-08-29 20:04:20
0000010035,0000008919,1,2020-02-17 20:40:41
0000010036,0000008920,1,2019-11-08 16:52:08
0000010037,0000008921,1,2018-08-15 17:06:27
0000010038,0000008922,1,2023-01-30 16:43:46
0000010039,0000008923,1,2021-01-02 01:42:59
0000010040,0000008924,1,2023-02-22 15:31:58
0000010041,0000008925,1,2020-04-20 11:51:54
0000010042,0000008925,2,2020-04-20 11:52:00
0000010043,0000008926,1,2020-01-26 00:59:08
0000010044,0000008927,1,2023-10-31 21:56:27
0000010045,0000008928,1,2021-01-02 03:09:16
0000010046,0000008929,1,2023-03-15 11:17:51
0000010047,0000008930,1,2022-05-16 18:37:50
0000010048,0000008931,1,2019-07-03 01:40:52
0000010049,0000008932,1,2017-12-17 19:36:14
0000010050,0000008933,1,2017-03-15 00:13:47
0000010051,0000008933,2,2017-03-15 00:14:15
0000010052,0000008934,1,2017-01-30 15:37:12
0000010053,0000008935,1,2016-11-14 01:45:55
0000010054,0000008936,1,2018-11-15 17:08:41
0000010055,0000008937,1,2016-05-28 02:29:18
0000010056,0000008938,1,2017-12-02 07:17:27
0000010057,0000008939,1,2018-07-23 11:19:48
0000010058,0000008940,1,2016-12-08 10:18:35
0000010059,0000008941,1,2016-07-22 02:33:55
0000010060,0000008941,2,2016-07-22 02:35:02
0000010061,0000008942,1,2018-10-20 10:12:06
0000010062,0000008943,1,2016-03-23 07:15:13
0000010063,0000008944,1,2015-04-04 14:39:49
0000010064,0000008945,1,2023-08-24 13:52:04
0000010065,0000008946,1,2019-12-31 19:43:32
0000010066,0000008947,1,2024-02-05 22:52:17
0000010067,0000008948,1,2024-10-06 23:24:55
0000010068,0000008949,1,2019-06-09 02:28:06
0000010069,0000008950,1,2020-11-29 06:10:22
0000010070,0000008951,1,2024-09-10 03:09:52
0000010071,0000008952,1,2023-10-25 20:11:09
0000010072,0000008953,1,2025-04-24 13:25:35
0000010073,0000008954,1,2018-04-07 07:12:56
0000010074,0000008955,1,2016-07-13 05:43:15
0000010075,0000008956,1,2025-03-29 12:33:02
0000010076,0000008957,1,2020-12-04 10:42:04
0000010077,0000008958,1,2018-06-18 08:42:34
0000010078,0000008959,1,2020-06-20 07:17:27
0000010079,0000008960,1,2018-05-04 03:31:18
0000010080,0000008961,1,2021-07-24 06:23:39
0000010081,0000008962,1,2024-07-28 20:01:54
0000010082,0000008963,1,2024-02-12 03:08:28
0000010083,0000008964,1,2018-04-18 12:27:45
0000010084,0000008965,1,2022-06-08 10:15:53
0000010085,0000008966,1,2021-11-23 22:54:16
0000010086,0000008967,1,2023-05-23 04:55:51
0000010087,0000008968,1,2021-10-21 15:30:59
0000010088,0000008969,1,2016-01-02 14:37:36
0000010089,0000008970,1,2016-01-15 12:40:08
0000010090,0000008971,1,2017-04-12 06:12:29
0000010091,0000008971,2,2017-04-12 06:12:45
0000010092,0000008972,1,2025-08-06 13:52:24
0000010093,0000008973,1,2026-09-26 18:27:32
0000010094,0000008973,2,2026-09-26 18:27:40
0000010095,0000008974,1,2025-10-15 06:21:13
0000010096,0000008975,1,2023-07-13 05:46:07
0000010097,0000008975,2,2023-07-13 05:44:55
0000010098,0000008976,1,2021-10-24 05:20:38
0000010099,0000008977,1,2024-02-28 21:05:50
0000010100,0000008978,1,2022-10-11 04:22:25
0000010101,0000008979,1,2024-12-14 17:33:10
0000010102,0000008980,1,2024-11-25 17:04:39
0000010103,0000008981,1,2021-01-10 02:22:47
0000010104,0000008982,1,2017-07-15 16:29:57
0000010105,0000008983,1,2024-08-25 13:34:52
0000010106,0000008983,2,2024-08-25 13:33:55
0000010107,0000008984,1,2018-10-28 19:39:02
0000010108,0000008985,1,2020-08-23 13:47:07
0000010109,0000008986,1,2023-08-17 20:45:37
0000010110,0000008987,1,2020-03-26 13:56:52
0000010111,0000008988,1,2017-03-14 11:49:26
0000010112,0000008989,1,2018-01-09 03:25:30
0000010113,0000008990,1,2019-05-20 01:24:51
0000010114,0000008991,1,2018-08-03 20:08:42
0000010115,0000008992,1,2020-04-01 14:39:04
0000010116,0000008993,1,2025-11-19 00:53:10
0000010117,0000008994,1,2022-12-07 18:40:18
0000010118,0000008995,1,2021-07-14 06:33:55
0000010119,0000008996,1,2022-07-10 01:45:44
0000010120,0000008997,1,2019-08-23 08:26:06
0000010121,0000008998,1,2024-05-06 00:00:30
0000010122,0000008999,1,2018-12-27 02:47:08
0000010123,0000009000,1,2015-08-24 21:01:48
0000010124,0000009001,1,2016-09-18 20:55:25
0000010125,0000009002,1,2017-03-22 20:38:19
0000010126,0000009003,1,2017-04-04 01:01:07
0000010127,0000009004,1,2019-03-10 22:55:48
0000010128,0000009005,1,2017-09-24 22:44:55
0000010129,0000009006,1,2017-05-20 04:18:09
0000010130,0000009007,1,2022-12-08 15:26:40
0000010131,0000009008,1,2025-06-18 10:53:29
0000010132,0000009009,1,2020-06-14 22:35:30
0000010133,0000009009,2,2020-06-14 22:35:31
0000010134,0000009010,1,2021-06-23 08:44:31
0000010135,0000009011,1,2018-04-21 08:09:06
0000010136,0000009012,1,2021-07-20 07:21:57
0000010137,0000009013,1,2019-06-14 16:18:24
0000010138,0000009013,2,2019-06-14 16:19:02
0000010139,0000009014,1,2018-02-15 06:11:02
0000010140,0000009015,1,2017-01-06 10:39:52
0000010141,0000009016,1,2019-02-08 07:54:14
0000010142,0000009016,2,2019-02-08 07:55:11
0000010143,0000009017,1,2026-05-29 02:25:12
0000010144,0000009018,1,2021-09-05 18:37:21
0000010145,0000009019,1,2024-03-15 07:38:11
0000010146,0000009020,1,2016-05-10 19:16:34
0000010147,0000009021,1,2019-10-16 05:20:19
0000010148,0000009022,1,2020-07-28 16:13:39
0000010149,0000009023,1,2020-09-05 09:05:50
0000010150,0000009024,1,2018-08-28 00:04:33
0000010151,0000009025,1,2021-12-25 15:11:09
0000010152,0000009026,1,2020-10-16 05:06:24
0000010153,0000009027,1,2025-10-13 05:47:39
0000010154,0000009028,1,2018-03-04 08:17:03
0000010155,0000009029,1,2025-05-07 12:37:05
0000010156,0000009030,1,2023-02-14 00:26:29
0000010157,0000009031,1,2022-07-22 14:20:46
0000010158,0000009032,1,2018-12-30 03:26:59
0000010159,0000009033,1,2016-01-03 21:27:26
0000010160,0000009034,1,2019-09-03 14:38:16
0000010161,0000009035,1,2022-12-21 12:09:11
0000010162,0000009036,1,2019-12-18 05:16:17
0000010163,0000009037,1,2023-04-22 01:38:21
0000010164,0000009038,1,2023-02-07 05:07:39
0000010165,0000009039,1,2024-03-06 08:19:17
0000010166,0000009040,1,2021-02-07 01:32:34
0000010167,0000009041,1,2019-04-12 04:34:41
0000010168,0000009042,1,2024-02-09 03:03:00
0000010169,0000009043,1,2017-11-17 14:13:31
0000010170,0000009044,1,2022-08-28 00:54:59
0000010171,0000009044,2,2022-08-28 00:54:27
0000010172,0000009045,1,2023-06-20 03:01:15
0000010173,0000009046,1,2025-09-29 16:09:32
0000010174,0000009046,2,2025-09-29 16:08:57
0000010175,0000009047,1,2026-03-05 03:27:10
0000010176,0000009048,1,2026-01-04 09:28:58
0000010177,0000009049,1,2018-04-15 03:01:14
0000010178,0000009050,1,2022-02-22 13:02:00
0000010179,0000009051,1,2023-08-26 19:29:50
0000010180,0000009052,1,2016-02-20 01:42:02
0000010181,0000009053,1,2020-03-01 22:14:36
0000010182,0000009054,1,2024-08-11 22:56:37
0000010183,0000009055,1,2019-08-04 05:36:25
0000010184,0000009055,2,2019-08-04 05:35:42
0000010185,0000009056,1,2022-08-16 17:30:04
0000010186,0000009057,1,2017-02-11 16:25:25
0000010187,0000009058,1,2024-11-13 00:31:08
0000010188,0000009059,1,2024-03-13 12:39:22
0000010189,0000009060,1,2020-06-23 07:52:06
0000010190,0000009061,1,2016-10-21 22:27:33
0000010191,0000009062,1,2018-10-05 02:26:01
0000010192,0000009063,1,2021-05-15 08:06:37
0000010193,0000009063,2,2021-05-15 08:06:36
0000010194,0000009064,1,2018-06-24 14:56:26
0000010195,0000009065,1,2020-10-15 05:12:23
0000010196,0000009066,1,2018-10-17 15:01:24
0000010197,0000009067,1,2020-12-04 04:20:34
0000010198,0000009068,1,2019-03-23 22:36:12
0000010199,0000009069,1,2018-09-13 17:23:50
0000010200,0000009070,1,2017-02-03 15:14:28
0000010201,0000009070,2,2017-02-03 15:14:08
0000010202,0000009071,1,2018-04-02 21:59:19
0000010203,0000009072,1,2020-08-16 14:09:43
0000010204,0000009072,2,2020-08-16 14:09:21
0000010205,0000009073,1,2025-04-29 18:52:12
0000010206,0000009073,2,2025-04-29 18:52:00
0000010207,0000009074,1,2026-01-08 17:23:56
0000010208,0000009075,1,2020-04-17 02:05:48
0000010209,0000009076,1,2024-06-27 03:16:11
0000010210,0000009077,1,2020-10-05 06:19:31
0000010211,0000009078,1,2018-07-21 18:13:08
0000010212,0000009079,1,2022-05-10 15:15:17
0000010213,0000009080,1,2024-11-26 07:48:53
0000010214,0000009081,1,2019-02-21 01:10:17
0000010215,0000009082,1,2023-06-03 12:40:45
0000010216,0000009083,1,2021-02-28 08:19:55
0000010217,0000009084,1,2021-05-22 14:10:38
0000010218,0000009085,1,2021-03-02 12:31:28
0000010219,0000009086,1,2023-04-27 15:41:15
0000010220,0000009087,1,2025-10-04 06:56:00
0000010221,0000009088,1,2016-04-26 07:46:20
0000010222,0000009089,1,2016-07-11 05:30:59
0000010223,0000009090,1,2023-01-24 12:13:43
0000010224,0000009091,1,2023-07-20 05:33:12
0000010225,0000009092,1,2023-06-30 21:26:47
0000010226,0000009093,1,2025-01-25 15:55:00
0000010227,0000009094,1,2018-01-03 18:07:23
0000010228,0000009095,1,2023-07-20 12:17:16
0000010229,0000009096,1,2019-03-27 11:55:10
0000010230,0000009097,1,2018-08-06 22:34:52
0000010231,0000009098,1,2025-06-12 10:08:43
0000010232,0000009099,1,2022-01-14 07:29:27
0000010233,0000009100,1,2020-08-03 20:35:38
0000010234,0000009101,1,2025-12-15 12:08:13
0000010235,0000009102,1,2022-08-07 10:01:59
0000010236,0000009103,1,2019-08-04 02:34:26
0000010237,0000009104,1,2026-04-09 09:32:41
0000010238,0000009105,1,2026-01-20 19:31:55
0000010239,0000009106,1,2026-03-24 21:12:48
0000010240,0000009107,1,2021-05-06 00:58:53
0000010241,0000009108,1,2017-03-22 05:00:32
0000010242,0000009108,2,2017-03-22 05:01:19
0000010243,0000009109,1,2016-03-12 05:08:49
0000010244,0000009110,1,2017-06-28 08:58:08
0000010245,0000009111,1,2022-04-27 19:29:06
0000010246,0000009112,1,2022-03-22 18:21:33
0000010247,0000009113,1,2017-08-23 22:42:21
0000010248,0000009114,1,2022-11-19 23:03:09
0000010249,0000009115,1,2019-02-08 07:38:18
0000010250,0000009116,1,2020-09-11 21:26:25
0000010251,0000009116,2,2020-09-11 21:27:57
0000010252,0000009117,1,2019-11-05 20:46:25
0000010253,0000009118,1,2023-11-07 12:18:28
0000010254,0000009119,1,2020-11-23 08:20:10
0000010255,0000009120,1,2023-09-21 00:37:25
0000010256,0000009121,1,2018-08-13 10:08:53
0000010257,0000009122,1,2022-01-13 05:46:52
0000010258,0000009123,1,2020-11-07 04:04:41
0000010259,0000009123,2,2020-11-07 04:06:18
0000010260,0000009124,1,2023-01-23 01:39:47
0000010261,0000009125,1,2016-01-05 07:26:53
0000010262,0000009126,1,2016-03-22 13:59:40
0000010263,0000009127,1,2021-10-01 09:54:20
0000010264,0000009128,1,2016-10-05 20:39:59
0000010265,0000009129,1,2016-03-15 08:02:56
0000010266,0000009130,1,2015-12-26 14:16:46
0000010267,0000009131,1,2016-12-14 08:52:49
0000010268,0000009131,2,2016-12-14 08:52:27
0000010269,0000009132,1,2016-10-21 11:33:50
0000010270,0000009133,1,2016-10-25 13:28:21
0000010271,0000009134,1,2025-12-12 22:40:31
0000010272,0000009135,1,2024-06-09 02:37:40
0000010273,0000009136,1,2021-04-12 11:54:10
0000010274,0000009137,1,2025-01-18 00:18:02
0000010275,0000009138,1,2019-12-08 09:31:58
0000010276,0000009139,1,2020-02-27 12:47:59
0000010277,0000009140,1,2021-05-26 08:05:51
0000010278,0000009141,1,2024-06-24 16:13:40
0000010279,0000009142,1,2022-06-21 13:56:20
0000010280,0000009143,1,2023-03-24 19:57:50
0000010281,0000009144,1,2023-06-17 15:03:24
0000010282,0000009145,1,2019-12-08 17:40:10
0000010283,0000009146,1,2021-10-21 18:30:12
0000010284,0000009147,1,2018-07-09 00:13:52
0000010285,0000009148,1,2017-11-30 17:16:49
0000010286,0000009149,1,2016-06-28 07:46:52
0000010287,0000009150,1,2021-02-13 02:04:13
0000010288,0000009151,1,2022-12-13 05:32:31
0000010289,0000009151,2,2022-12-13 05:32:21
0000010290,0000009152,1,2022-04-13 15:26:44
0000010291,0000009153,1,2025-09-29 20:17:25
0000010292,0000009154,1,2018-09-05 23:34:55
0000010293,0000009155,1,2025-04-06 08:35:38
0000010294,0000009156,1,2021-12-17 17:42:45
0000010295,0000009157,1,2025-01-14 16:05:02
0000010296,0000009158,1,2025-06-13 21:37:58
0000010297,0000009159,1,2025-06-15 09:58:12
0000010298,0000009160,1,2019-01-24 09:04:51
0000010299,0000009161,1,2017-08-12 20:35:50
0000010300,0000009162,1,2022-01-23 05:05:34
0000010301,0000009163,1,2019-05-04 14:35:33
0000010302,0000009164,1,2016-01-12 00:06:17
0000010303,0000009164,2,2016-01-12 00:05:09
0000010304,0000009165,1,2016-04-18 05:29:36
0000010305,0000009166,1,2023-02-07 14:07:19
0000010306,0000009167,1,2018-10-18 13:44:08
0000010307,0000009168,1,2017-07-17 04:42:14
0000010308,0000009169,1,2019-10-22 21:01:48
0000010309,0000009170,1,2021-10-20 20:14:48
0000010310,0000009170,2,2021-10-20 20:14:24
0000010311,0000009171,1,2024-07-24 07:27:25
0000010312,0000009172,1,2024-04-01 08:17:20
0000010313,0000009173,1,2023-08-08 03:43:01
0000010314,0000009174,1,2019-05-23 16:18:24
0000010315,0000009174,2,2019-05-23 16:17:19
0000010316,0000009175,1,2024-02-15 07:00:01
0000010317,0000009176,1,2025-10-01 16:05:19
0000010318,0000009177,1,2020-11-30 15:48:14
0000010319,0000009178,1,2026-08-27 10:16:26
0000010320,0000009179,1,2019-11-17 03:43:37
0000010321,0000009180,1,2024-06-02 16:17:54
0000010322,0000009181,1,2023-03-19 04:01:56
0000010323,0000009182,1,2023-08-06 20:23:14
0000010324,0000009183,1,2026-09-09 01:25:28
0000010325,0000009184,1,2022-02-26 15:46:32
0000010326,0000009184,2,2022-02-26 15:46:32
0000010327,0000009185,1,2017-09-02 00:05:58
0000010328,0000009186,1,2017-07-30 17:09:51
0000010329,0000009187,1,2017-10-14 10:44:11
0000010330,0000009188,1,2017-09-16 23:27:35
0000010331,0000009189,1,2017-08-11 19:42:20
0000010332,0000009190,1,2022-02-06 01:50:13
0000010333,0000009191,1,2024-02-17 07:14:24
0000010334,0000009192,1,2019-11-07 16:09:03
0000010335,0000009192,2,2019-11-07 16:09:16
0000010336,0000009193,1,2017-05-07 09:23:16
0000010337,0000009194,1,2021-03-02 15:58:06
0000010338,0000009195,1,2017-09-13 06:16:56
0000010339,0000009196,1,2021-02-12 11:32:35
0000010340,0000009196,2,2021-02-12 11:31:44
0000010341,0000009197,1,2018-06-21 16:53:20
0000010342,0000009198,1,2016-03-02 05:05:04
0000010343,0000009198,2,2016-03-02 05:03:35
0000010344,0000009199,1,2019-10-29 06:39:25
0000010345,0000009200,1,2019-09-02 15:10:44
0000010346,0000009201,1,2019-12-02 12:39:07
0000010347,0000009202,1,2019-06-18 20:19:31
0000010348,0000009202,2,2019-06-18 20:18:50
0000010349,0000009203,1,2021-02-21 04:36:34
0000010350,0000009204,1,2019-05-09 12:51:43
0000010351,0000009205,1,2018-10-16 23:42:55
0000010352,0000009205,2,2018-10-16 23:43:16
0000010353,0000009206,1,2021-03-26 02:08:08
0000010354,0000009207,1,2020-12-23 15:23:13
0000010355,0000009208,1,2020-07-20 20:06:06
0000010356,0000009208,2,2020-07-20 20:05:58
0000010357,0000009209,1,2023-06-02 04:08:22
0000010358,0000009210,1,2019-01-30 14:59:07
0000010359,0000009211,1,2020-10-03 02:30:52
0000010360,0000009212,1,2018-10-29 19:56:45
0000010361,0000009213,1,2023-05-28 06:41:29
0000010362,0000009214,1,2024-06-01 04:57:00
0000010363,0000009215,1,2018-06-20 20:28:53
0000010364,0000009216,1,2026-05-10 20:13:47
0000010365,0000009217,1,2024-11-20 15:51:29
0000010366,0000009218,1,2016-01-26 07:59:31
0000010367,0000009219,1,2025-07-30 08:58:25
0000010368,0000009220,1,2024-08-22 15:11:47
0000010369,0000009221,1,2018-02-25 22:30:03
0000010370,0000009222,1,2025-06-02 18:46:58
0000010371,0000009223,1,2026-07-15 04:38:22
0000010372,0000009224,1,2026-04-19 03:33:18
0000010373,0000009225,1,2019-10-07 13:11:57
0000010374,0000009226,1,2024-08-26 10:49:00
0000010375,0000009227,1,2026-02-19 18:09:55
0000010376,0000009228,1,2021-03-12 21:04:41
0000010377,0000009229,1,2018-09-24 01:10:42
0000010378,0000009230,1,2019-10-13 07:44:34
0000010379,0000009230,2,2019-10-13 07:44:14
0000010380,0000009231,1,2019-08-12 13:51:53
0000010381,0000009232,1,2017-12-25 17:19:40
0000010382,0000009233,1,2019-11-23 10:10:06
0000010383,0000009234,1,2021-11-29 00:39:59
0000010384,0000009235,1,2016-07-02 22:04:54
0000010385,0000009236,1,2015-01-06 02:30:02
0000010386,0000009237,1,2017-02-26 02:32:17
0000010387,0000009238,1,2018-01-05 00:09:14
0000010388,0000009239,1,2019-07-06 18:38:52
0000010389,0000009240,1,2024-03-30 07:38:52
0000010390,0000009241,1,2024-07-26 15:55:25
0000010391,0000009242,1,2025-06-14 08:43:10
0000010392,0000009243,1,2020-12-08 15:57:13
0000010393,0000009244,1,2018-10-18 03:10:35
0000010394,0000009245,1,2022-12-26 02:21:19
0000010395,0000009246,1,2017-05-10 08:52:37
0000010396,0000009246,2,2017-05-10 08:51:58
0000010397,0000009247,1,2020-07-29 04:13:21
0000010398,0000009248,1,2019-01-17 00:05:48
0000010399,0000009249,1,2019-04-01 16:17:27
0000010400,0000009250,1,2023-03-13 22:11:41
0000010401,0000009251,1,2019-08-11 12:16:09
0000010402,0000009251,2,2019-08-11 12:15:07
0000010403,0000009252,1,2021-08-30 13:32:11
0000010404,0000009253,1,2022-10-29 21:59:26
0000010405,0000009254,1,2018-07-08 15:42:00
0000010406,0000009255,1,2021-09-20 02:37:05
0000010407,0000009256,1,2022-10-18 13:02:25
0000010408,0000009257,1,2025-08-16 22:22:33
0000010409,0000009258,1,2019-11-05 11:37:12
0000010410,0000009259,1,2021-03-20 15:13:24
0000010411,0000009260,1,2020-06-02 13:33:48
0000010412,0000009261,1,2020-11-09 17:56:46
0000010413,0000009262,1,2023-07-21 12:31:36
0000010414,0000009263,1,2024-09-03 05:14:47
0000010415,0000009264,1,2024-07-01 05:59:13
0000010416,0000009265,1,2021-12-09 07:30:43
0000010417,0000009266,1,2022-06-17 09:14:59
0000010418,0000009267,1,2015-03-13 15:04:19
0000010419,0000009267,2,2015-03-13 15:04:02
0000010420,0000009268,1,2017-09-21 12:45:17
0000010421,0000009269,1,2023-07-22 10:23:06
0000010422,0000009270,1,2021-08-08 09:48:15
0000010423,0000009271,1,2022-01-09 22:03:45
0000010424,0000009272,1,2017-07-09 20:37:48
0000010425,0000009273,1,2016-08-02 21:07:51
0000010426,0000009274,1,2023-09-19 11:59:54
0000010427,0000009275,1,2021-04-14 03:24:09
0000010428,0000009276,1,2018-05-12 09:12:38
0000010429,0000009277,1,2019-11-05 17:33:24
0000010430,0000009278,1,2026-03-12 19:49:25
0000010431,0000009279,1,2024-03-26 17:13:56
0000010432,0000009280,1,2018-06-18 14:07:10
0000010433,0000009281,1,2018-04-06 12:09:28
0000010434,0000009282,1,2026-06-14 18:46:00
0000010435,0000009283,1,2017-05-12 08:37:21
0000010436,0000009284,1,2024-04-24 10:59:22
0000010437,0000009285,1,2019-11-20 17:37:29
0000010438,0000009286,1,2017-12-23 11:19:14
0000010439,0000009287,1,2018-08-13 07:46:33
0000010440,0000009288,1,2022-04-22 22:56:37
0000010441,0000009288,2,2022-04-22 22:57:58
0000010442,0000009289,1,2017-06-30 13:37:38
0000010443,0000009289,2,2017-06-30 13:38:11
0000010444,0000009290,1,2026-01-08 04:46:02
0000010445,0000009291,1,2019-08-28 05:41:35
0000010446,0000009292,1,2015-08-31 13:12:46
0000010447,0000009293,1,2025-07-29 21:21:29
0000010448,0000009294,1,2026-06-08 18:51:42
0000010449,0000009295,1,2023-11-10 16:16:11
0000010450,0000009296,1,2022-05-20 22:02:32
0000010451,0000009296,2,2022-05-20 22:01:29
0000010452,0000009297,1,2016-11-03 14:44:36
0000010453,0000009298,1,2023-05-23 02:28:27
0000010454,0000009299,1,2016-08-22 00:25:01
0000010455,0000009300,1,2022-08-02 13:28:06
0000010456,0000009301,1,2024-02-29 19:56:58
0000010457,0000009302,1,2018-05-24 14:14:48
0000010458,0000009303,1,2023-06-27 00:05:31
0000010459,0000009304,1,2019-11-11 22:56:34
0000010460,0000009305,1,2018-04-09 11:42:16
0000010461,0000009305,2,2018-04-09 11:42:39
0000010462,0000009306,1,2019-01-30 23:12:21
0000010463,0000009307,1,2020-02-11 12:39:14
0000010464,0000009307,2,2020-02-11 12:40:07
0000010465,0000009308,1,2019-08-23 19:21:23
0000010466,0000009309,1,2019-08-17 09:57:22
0000010467,0000009310,1,2020-01-01 10:15:57
0000010468,0000009311,1,2020-03-09 21:12:47
0000010469,0000009312,1,2019-02-22 15:28:41
0000010470,0000009313,1,2026-10-04 18:00:17
0000010471,0000009314,1,2022-09-09 13:47:29
0000010472,0000009315,1,2021-08-10 23:55:44
0000010473,0000009316,1,2021-09-06 04:58:42
0000010474,0000009317,1,2022-05-04 20:48:49
0000010475,0000009317,2,2022-05-04 20:48:59
0000010476,0000009318,1,2023-06-12 13:49:35
0000010477,0000009319,1,2018-04-02 08:50:01
0000010478,0000009319,2,2018-04-02 08:50:03
0000010479,0000009320,1,2020-01-03 03:25:21
0000010480,0000009321,1,2026-04-29 06:07:25
0000010481,0000009321,2,2026-04-29 06:08:46
0000010482,0000009322,1,2025-11-08 08:27:16
0000010483,0000009323,1,2021-10-13 19:11:48
0000010484,0000009324,1,2019-11-11 01:10:10
0000010485,0000009325,1,2022-09-07 03:48:48
0000010486,0000009326,1,2016-07-01 21:23:46
0000010487,0000009327,1,2025-12-15 21:52:03
0000010488,0000009328,1,2017-09-14 11:39:33
0000010489,0000009329,1,2024-01-08 20:48:10
0000010490,0000009330,1,2015-07-26 09:25:15
0000010491,0000009331,1,2022-09-23 20:11:06
0000010492,0000009332,1,2020-03-19 17:55:24
0000010493,0000009332,2,2020-03-19 17:54:49
0000010494,0000009333,1,2019-09-03 11:02:19
0000010495,0000009334,1,2021-10-05 09:22:13
0000010496,0000009335,1,2022-05-23 05:51:33
0000010497,0000009335,2,2022-05-23 05:50:38
0000010498,0000009336,1,2019-08-15 02:37:00
0000010499,0000009337,1,2021-02-10 17:27:54
0000010500,0000009337,2,2021-02-10 17:29:17
0000010501,0000009338,1,2020-12-09 22:15:30
0000010502,0000009338,2,2020-12-09 22:15:32
0000010503,0000009339,1,2017-12-08 02:38:38
0000010504,0000009340,1,2017-09-14 23:49:17
0000010505,0000009341,1,2018-09-10 11:36:38
0000010506,0000009342,1,2022-08-22 05:24:58
0000010507,0000009343,1,2016-07-19 06:42:26
0000010508,0000009344,1,2017-03-04 20:02:30
0000010509,0000009345,1,2022-12-30 05:58:14
0000010510,0000009345,2,2022-12-30 05:57:31
0000010511,0000009346,1,2019-11-26 13:34:22
0000010512,0000009347,1,2018-03-04 08:36:21
0000010513,0000009348,1,2021-08-03 19:55:07
0000010514,0000009349,1,2022-06-28 07:41:37
0000010515,0000009349,2,2022-06-28 07:41:38
0000010516,0000009350,1,2023-12-03 17:32:34
0000010517,0000009351,1,2022-03-02 08:52:17
0000010518,0000009352,1,2019-12-03 11:23:02
0000010519,0000009352,2,2019-12-03 11:22:07
0000010520,0000009353,1,2018-10-03 01:30:33
0000010521,0000009354,1,2023-06-08 11:05:05
0000010522,0000009355,1,2022-11-12 19:20:25
0000010523,0000009356,1,2018-12-24 11:25:40
0000010524,0000009357,1,2022-12-23 06:44:03
0000010525,0000009358,1,2025-12-06 06:37:31
0000010526,0000009359,1,2019-10-19 20:53:42
0000010527,0000009360,1,2022-08-25 23:09:00
0000010528,0000009361,1,2018-02-22 05:54:47
0000010529,0000009362,1,2024-07-16 17:16:25
0000010530,0000009363,1,2019-07-17 06:07:13
0000010531,0000009363,2,2019-07-17 06:07:28
0000010532,0000009364,1,2026-03-08 02:37:18
0000010533,0000009365,1,2021-07-01 09:40:39
0000010534,0000009366,1,2021-04-08 13:42:53
0000010535,0000009367,1,2019-08-28 01:57:20
0000010536,0000009368,1,2025-02-17 07:20:28
0000010537,0000009369,1,2019-05-27 20:51:08
0000010538,0000009370,1,2015-06-09 10:41:06
0000010539,0000009371,1,2018-08-10 00:23:04
0000010540,0000009372,1,2021-12-12 04:31:14
0000010541,0000009373,1,2023-05-05 02:59:10
0000010542,0000009374,1,2020-08-29 04:43:20
0000010543,0000009375,1,2020-11-02 20:30:31
0000010544,0000009376,1,2018-11-23 17:15:38
0000010545,0000009377,1,2022-01-07 04:51:19
0000010546,0000009378,1,2021-03-26 00:58:22
0000010547,0000009379,1,2022-02-05 10:09:43
0000010548,0000009380,1,2023-02-12 19:39:59
0000010549,0000009381,1,2017-05-13 06:49:16
0000010550,0000009382,1,2015-04-10 14:10:13
0000010551,0000009383,1,2015-09-09 22:41:59
0000010552,0000009384,1,2018-05-15 18:57:15
0000010553,0000009385,1,2023-02-27 10:33:33
0000010554,0000009386,1,2025-05-02 15:38:18
0000010555,0000009387,1,2025-05-28 03:30:39
0000010556,0000009388,1,2018-07-25 09:54:13
0000010557,0000009389,1,2022-09-15 17:29:34
0000010558,0000009389,2,2022-09-15 17:29:17
0000010559,0000009390,1,2016-09-17 02:03:48
0000010560,0000009391,1,2017-09-22 13:04:27
0000010561,0000009392,1,2026-05-31 11:42:18
0000010562,0000009393,1,2019-07-24 04:38:56
0000010563,0000009393,2,2019-07-24 04:39:03
0000010564,0000009394,1,2019-01-03 10:55:35
0000010565,0000009395,1,2017-10-29 12:26:27
0000010566,0000009396,1,2024-10-28 05:31:14
0000010567,0000009397,1,2018-07-03 19:12:42
0000010568,0000009398,1,2017-09-13 09:31:05
0000010569,0000009399,1,2019-09-30 13:36:34
0000010570,0000009400,1,2017-11-12 20:30:19
0000010571,0000009401,1,2015-11-18 13:36:13
0000010572,0000009402,1,2018-10-13 09:35:38
0000010573,0000009403,1,2016-11-18 12:37:27
0000010574,0000009404,1,2017-08-25 18:26:35
0000010575,0000009405,1,2017-08-05 10:54:46
0000010576,0000009406,1,2019-01-23 21:41:41
0000010577,0000009407,1,2025-12-16 10:04:10
0000010578,0000009408,1,2023-05-23 15:25:58
0000010579,0000009409,1,2018-03-01 18:44:34
0000010580,0000009410,1,2021-12-03 15:08:02
0000010581,0000009411,1,2024-04-12 17:36:46
0000010582,0000009412,1,2020-11-21 16:25:32
0000010583,0000009412,2,2020-11-21 16:24:45
0000010584,0000009413,1,2018-07-26 22:45:15
0000010585,0000009414,1,2019-08-21 04:33:30
0000010586,0000009415,1,2020-01-08 21:02:57
0000010587,0000009416,1,2020-09-03 13:33:18
0000010588,0000009417,1,2026-01-18 20:41:50
0000010589,0000009417,2,2026-01-18 20:41:59
0000010590,0000009418,1,2022-05-04 00:21:13
0000010591,0000009419,1,2019-08-21 20:38:43
0000010592,0000009420,1,2020-08-25 03:44:51
0000010593,0000009421,1,2025-10-06 21:22:33
0000010594,0000009422,1,2016-05-18 05:33:18
0000010595,0000009423,1,2022-05-26 10:53:09
0000010596,0000009424,1,2020-08-15 14:13:28
0000010597,0000009425,1,2016-02-03 19:17:37
0000010598,0000009426,1,2017-01-06 11:47:58
0000010599,0000009426,2,2017-01-06 11:47:51
0000010600,0000009427,1,2018-02-05 23:28:54
0000010601,0000009428,1,2019-02-27 10:01:28
0000010602,0000009429,1,2025-06-13 04:47:26
0000010603,0000009430,1,2019-03-14 13:36:01
0000010604,0000009431,1,2025-12-15 21:53:19
0000010605,0000009432,1,2021-08-02 23:12:59
0000010606,0000009433,1,2016-07-11 23:26:07
0000010607,0000009434,1,2025-05-07 10:28:14
0000010608,0000009435,1,2022-04-29 16:11:13
0000010609,0000009435,2,2022-04-29 16:10:22
0000010610,0000009436,1,2026-04-28 19:16:06
0000010611,0000009437,1,2018-09-22 21:56:18
0000010612,0000009438,1,2019-01-26 17:02:56
0000010613,0000009439,1,2018-10-08 01:41:23
0000010614,0000009439,2,2018-10-08 01:41:28
0000010615,0000009440,1,2016-11-10 02:22:44
0000010616,0000009441,1,2025-12-11 05:00:37
0000010617,0000009442,1,2017-02-28 21:14:00
0000010618,0000009442,2,2017-02-28 21:14:03
0000010619,0000009443,1,2023-06-21 03:28:18
0000010620,0000009444,1,2026-03-09 20:55:10
0000010621,0000009445,1,2015-10-21 15:49:18
0000010622,0000009446,1,2016-02-04 00:11:01
0000010623,0000009447,1,2023-09-21 15:19:58
0000010624,0000009448,1,2021-04-24 19:23:47
0000010625,0000009449,1,2024-03-23 07:26:48
0000010626,0000009450,1,2020-01-09 09:42:18
0000010627,0000009451,1,2018-10-10 12:42:46
0000010628,0000009452,1,2024-06-13 15:10:35
0000010629,0000009453,1,2024-09-09 10:27:20
0000010630,0000009453,2,2024-09-09 10:26:50
0000010631,0000009454,1,2022-02-17 21:17:47
0000010632,0000009455,1,2021-02-02 15:57:19
0000010633,0000009456,1,2021-10-09 14:16:56
0000010634,0000009457,1,2021-11-08 14:02:44
0000010635,0000009458,1,2021-08-16 16:00:43
0000010636,0000009459,1,2021-05-14 02:26:11
0000010637,0000009460,1,2021-03-03 22:53:41
0000010638,0000009461,1,2018-06-12 17:07:31
0000010639,0000009461,2,2018-06-12 17:07:22
0000010640,0000009462,1,2018-06-06 04:33:46
0000010641,0000009463,1,2019-10-02 11:23:54
0000010642,0000009464,1,2020-07-13 04:51:24
0000010643,0000009465,1,2023-09-14 17:34:18
0000010644,0000009465,2,2023-09-14 17:33:41
0000010645,0000009466,1,2022-11-06 23:27:44
0000010646,0000009467,1,2025-03-03 00:55:12
0000010647,0000009467,2,2025-03-03 00:55:23
0000010648,0000009468,1,2021-03-10 11:20:24
0000010649,0000009469,1,2023-04-01 18:40:54
0000010650,0000009470,1,2021-12-13 02:56:29
0000010651,0000009471,1,2024-12-17 03:44:00
0000010652,0000009472,1,2018-01-24 04:09:06
0000010653,0000009473,1,2026-06-13 09:42:01
0000010654,0000009474,1,2018-04-25 19:18:57
0000010655,0000009475,1,2017-07-09 10:16:14
0000010656,0000009476,1,2023-03-12 03:53:29
0000010657,0000009477,1,2024-05-17 00:49:51
0000010658,0000009478,1,2024-09-08 22:34:37
0000010659,0000009479,1,2016-04-28 16:10:38
0000010660,0000009480,1,2025-02-24 07:29:47
0000010661,0000009481,1,2018-09-16 21:54:07
0000010662,0000009482,1,2020-10-18 07:14:51
0000010663,0000009483,1,2022-05-29 05:55:32
0000010664,0000009484,1,2022-07-04 12:30:06
0000010665,0000009485,1,2020-04-15 23:45:52
0000010666,0000009486,1,2023-03-21 10:15:12
0000010667,0000009487,1,2019-02-18 15:22:10
0000010668,0000009487,2,2019-02-18 15:21:18
0000010669,0000009488,1,2022-11-16 14:29:34
0000010670,0000009489,1,2022-09-27 07:57:08
0000010671,0000009490,1,2020-12-21 07:29:08
0000010672,0000009491,1,2025-05-15 06:25:37
0000010673,0000009492,1,2021-08-30 12:22:59
0000010674,0000009493,1,2018-12-26 19:13:36
0000010675,0000009494,1,2024-04-20 09:44:36
0000010676,0000009495,1,2023-03-17 08:15:03
0000010677,0000009496,1,2021-04-28 15:55:38
0000010678,0000009497,1,2023-12-07 22:16:27
0000010679,0000009498,1,2020-04-10 05:39:43
0000010680,0000009498,2,2020-04-10 05:40:26
0000010681,0000009499,1,2021-01-04 05:33:54
0000010682,0000009500,1,2019-11-02 06:47:42
0000010683,0000009501,1,2023-03-08 07:50:14
0000010684,0000009502,1,2021-07-20 21:28:34
0000010685,0000009503,1,2026-03-26 10:27:20
0000010686,0000009504,1,2024-01-12 14:37:17
0000010687,0000009505,1,2026-06-24 05:10:33
0000010688,0000009506,1,2025-02-27 07:28:49
0000010689,0000009507,1,2020-09-28 23:33:46
0000010690,0000009507,2,2020-09-28 23:32:26
0000010691,0000009508,1,2024-11-30 19:42:19
0000010692,0000009509,1,2026-04-10 06:13:06
0000010693,0000009510,1,2021-11-25 06:31:30
0000010694,0000009511,1,2016-11-24 17:06:29
0000010695,0000009512,1,2025-05-01 00:05:13
0000010696,0000009513,1,2019-04-09 01:58:36
0000010697,0000009514,1,2015-09-21 08:45:30
0000010698,0000009515,1,2017-08-13 01:35:14
0000010699,0000009516,1,2021-05-13 23:59:42
0000010700,0000009517,1,2020-11-10 20:37:52
0000010701,0000009518,1,2022-06-24 09:14:31
0000010702,0000009519,1,2023-08-26 20:38:17
0000010703,0000009520,1,2023-04-06 21:20:25
0000010704,0000009520,2,2023-04-06 21:20:43
0000010705,0000009521,1,2016-12-18 12:07:43
0000010706,0000009522,1,2016-07-17 16:32:12
0000010707,0000009523,1,2018-06-16 15:28:34
0000010708,0000009523,2,2018-06-16 15:29:24
0000010709,0000009524,1,2020-05-30 04:27:03
0000010710,0000009525,1,2024-12-07 12:18:47
0000010711,0000009525,2,2024-12-07 12:19:57
0000010712,0000009526,1,2025-09-24 20:44:29
0000010713,0000009527,1,2020-05-08 09:37:09
0000010714,0000009528,1,2024-11-05 18:16:43
0000010715,0000009528,2,2024-11-05 18:18:32
0000010716,0000009529,1,2019-03-12 00:23:22
0000010717,0000009530,1,2026-07-26 01:00:43
0000010718,0000009531,1,2020-02-27 09:14:56
0000010719,0000009532,1,2018-12-03 16:24:24
0000010720,0000009533,1,2023-12-13 07:03:22
0000010721,0000009534,1,2021-02-02 07:02:03
0000010722,0000009535,1,2018-08-29 04:37:33
0000010723,0000009535,2,2018-08-29 04:37:46
0000010724,0000009536,1,2020-10-31 12:27:23
0000010725,0000009537,1,2025-06-03 23:03:53
0000010726,0000009538,1,2018-08-24 07:29:11
0000010727,0000009539,1,2020-05-25 16:40:10
0000010728,0000009540,1,2025-07-13 08:35:13
0000010729,0000009541,1,2022-11-05 02:46:59
0000010730,0000009542,1,2021-10-20 16:29:19
0000010731,0000009543,1,2026-05-14 22:16:29
0000010732,0000009544,1,2024-03-17 23:49:30
0000010733,0000009545,1,2021-07-29 09:06:34
0000010734,0000009546,1,2019-03-16 15:32:45
0000010735,0000009547,1,2026-01-27 17:10:34
0000010736,0000009548,1,2018-10-02 23:02:03
0000010737,0000009549,1,2026-06-19 14:59:36
0000010738,0000009550,1,2022-03-29 22:10:34
0000010739,0000009551,1,2019-02-03 04:30:30
0000010740,0000009552,1,2017-01-03 13:03:59
0000010741,0000009553,1,2018-11-29 07:38:54
0000010742,0000009554,1,2018-11-06 13:53:42
0000010743,0000009555,1,2021-02-28 15:48:41
0000010744,0000009556,1,2016-11-10 07:13:52
0000010745,0000009557,1,2017-01-15 18:17:20
0000010746,0000009558,1,2018-03-04 03:14:22
0000010747,0000009559,1,2017-07-28 17:21:36
0000010748,0000009560,1,2018-04-10 16:58:32
0000010749,0000009561,1,2022-07-11 16:48:14
0000010750,0000009562,1,2018-08-16 23:35:34
0000010751,0000009563,1,2016-06-17 09:18:45
0000010752,0000009564,1,2017-07-27 03:20:22
0000010753,0000009565,1,2023-09-11 20:48:00
0000010754,0000009566,1,2026-08-21 13:24:42
0000010755,0000009567,1,2021-06-21 12:18:09
0000010756,0000009567,2,2021-06-21 12:17:15
0000010757,0000009568,1,2025-09-25 18:41:03
0000010758,0000009569,1,2026-05-04 00:21:49
0000010759,0000009570,1,2016-08-01 06:42:17
0000010760,0000009571,1,2018-08-22 20:29:11
0000010761,0000009572,1,2016-12-10 13:16:46
0000010762,0000009573,1,2016-09-23 11:28:03
0000010763,0000009574,1,2016-08-22 07:51:36
0000010764,0000009575,1,2016-09-08 17:17:07
0000010765,0000009576,1,2016-09-26 21:07:10
0000010766,0000009577,1,2016-10-12 15:03:04
0000010767,0000009578,1,2016-10-17 14:03:12
0000010768,0000009579,1,2016-10-23 15:42:05
0000010769,0000009580,1,2022-12-15 09:33:33
0000010770,0000009581,1,2020-04-12 08:48:12
0000010771,0000009582,1,2018-07-15 18:19:23
0000010772,0000009583,1,2020-03-25 17:21:08
0000010773,0000009584,1,2024-11-24 01:32:09
0000010774,0000009585,1,2026-05-26 19:47:25
0000010775,0000009586,1,2022-07-05 01:09:09
0000010776,0000009587,1,2024-06-27 15:41:37
0000010777,0000009587,2,2024-06-27 15:42:21
0000010778,0000009588,1,2017-09-04 09:43:32
0000010779,0000009589,1,2023-02-11 17:30:41
0000010780,0000009590,1,2022-01-17 22:08:58
0000010781,0000009591,1,2016-09-10 07:09:15
0000010782,0000009592,1,2022-08-20 18:08:52
0000010783,0000009593,1,2019-10-21 15:58:41
0000010784,0000009594,1,2022-08-02 11:02:47
0000010785,0000009595,1,2018-05-10 13:35:51
0000010786,0000009596,1,2016-05-31 04:13:15
0000010787,0000009597,1,2022-08-06 19:43:23
0000010788,0000009598,1,2021-05-25 23:30:20
0000010789,0000009599,1,2019-05-10 04:29:07
0000010790,0000009600,1,2020-11-21 07:33:16
0000010791,0000009601,1,2022-06-27 14:01:45
0000010792,0000009602,1,2023-01-01 23:13:39
0000010793,0000009603,1,2020-05-03 04:27:29
0000010794,0000009604,1,2023-06-27 20:51:22
0000010795,0000009605,1,2022-09-22 16:07:47
0000010796,0000009606,1,2017-02-17 19:19:26
0000010797,0000009607,1,2021-10-12 23:16:08
0000010798,0000009608,1,2021-12-23 20:12:32
0000010799,0000009609,1,2023-09-01 03:00:34
0000010800,0000009610,1,2023-03-28 15:34:18
0000010801,0000009611,1,2019-08-28 04:13:43
0000010802,0000009612,1,2025-11-05 04:59:52
0000010803,0000009612,2,2025-11-05 04:59:43
0000010804,0000009613,1,2025-10-16 13:39:37
0000010805,0000009614,1,2021-04-13 09:54:25
0000010806,0000009615,1,2024-09-15 08:27:31
0000010807,0000009616,1,2025-01-07 12:55:07
0000010808,0000009617,1,2023-07-14 04:30:40
0000010809,0000009618,1,2022-05-08 18:31:10
0000010810,0000009619,1,2023-10-14 15:20:37
0000010811,0000009620,1,2025-07-03 15:10:16
0000010812,0000009621,1,2020-05-30 16:52:33
0000010813,0000009621,2,2020-05-30 16:51:29
0000010814,0000009622,1,2026-05-26 10:54:32
0000010815,0000009623,1,2025-09-02 20:14:46
0000010816,0000009624,1,2018-07-08 19:55:30
0000010817,0000009625,1,2022-09-15 20:08:03
0000010818,0000009626,1,2019-01-22 03:05:48
0000010819,0000009627,1,2021-09-09 16:39:29
0000010820,0000009628,1,2024-11-13 11:20:39
0000010821,0000009628,2,2024-11-13 11:20:14
0000010822,0000009629,1,2022-04-07 05:23:03
0000010823,0000009630,1,2025-12-30 07:03:07
0000010824,0000009630,2,2025-12-30 07:03:27
0000010825,0000009631,1,2018-09-12 01:31:34
0000010826,0000009632,1,2021-04-14 04:04:29
0000010827,0000009633,1,2019-08-25 06:16:35
0000010828,0000009634,1,2017-10-31 14:58:05
0000010829,0000009635,1,2022-07-15 10:05:05
0000010830,0000009636,1,2018-07-28 15:01:09
0000010831,0000009636,2,2018-07-28 15:00:00
0000010832,0000009637,1,2022-01-19 13:27:39
0000010833,0000009638,1,2022-05-01 14:05:35
0000010834,0000009638,2,2022-05-01 14:03:57
0000010835,0000009639,1,2018-10-13 15:39:49
0000010836,0000009639,2,2018-10-13 15:39:34
0000010837,0000009640,1,2017-07-28 08:04:29
0000010838,0000009641,1,2025-12-31 09:55:05
0000010839,0000009642,1,2016-10-21 03:45:20
0000010840,0000009643,1,2022-04-15 02:10:51
0000010841,0000009644,1,2018-11-08 06:44:10
0000010842,0000009645,1,2023-09-15 16:09:33
0000010843,0000009645,2,2023-09-15 16:09:34
0000010844,0000009646,1,2023-03-05 16:58:36
0000010845,0000009647,1,2026-05-23 13:51:35
0000010846,0000009648,1,2019-06-14 14:19:14
0000010847,0000009649,1,2020-06-08 03:16:04
0000010848,0000009650,1,2024-05-27 19:59:30
0000010849,0000009651,1,2018-09-02 19:16:55
0000010850,0000009652,1,2026-05-03 09:17:02
0000010851,0000009653,1,2021-10-26 04:24:09
0000010852,0000009654,1,2023-10-26 04:14:58
0000010853,0000009655,1,2025-11-30 11:16:21
0000010854,0000009656,1,2021-10-25 00:26:41
0000010855,0000009657,1,2021-05-12 02:17:26
0000010856,0000009658,1,2020-07-02 06:52:16
0000010857,0000009659,1,2026-09-29 20:54:58
0000010858,0000009660,1,2020-02-11 05:17:40
0000010859,0000009661,1,2017-05-14 08:43:46
0000010860,0000009662,1,2016-10-28 22:52:03
0000010861,0000009663,1,2023-08-21 07:23:57
0000010862,0000009664,1,2021-02-21 14:15:22
0000010863,0000009665,1,2019-03-29 09:52:48
0000010864,0000009666,1,2023-03-21 08:27:08
0000010865,0000009666,2,2023-03-21 08:26:05
0000010866,0000009667,1,2016-10-06 06:17:18
0000010867,0000009668,1,2021-02-24 16:06:15
0000010868,0000009668,2,2021-02-24 16:06:48
0000010869,0000009669,1,2016-04-09 09:42:34
0000010870,0000009670,1,2023-03-06 09:41:28
0000010871,0000009671,1,2023-05-14 00:23:59
0000010872,0000009672,1,2015-07-02 07:25:26
0000010873,0000009673,1,2018-05-04 14:04:37
0000010874,0000009674,1,2022-07-11 08:28:42
0000010875,0000009675,1,2019-05-02 00:09:44
0000010876,0000009676,1,2015-01-17 03:42:55
0000010877,0000009677,1,2016-09-11 18:00:08
0000010878,0000009677,2,2016-09-11 17:59:55
0000010879,0000009678,1,2021-09-12 09:29:07
0000010880,0000009679,1,2021-06-24 16:08:54
0000010881,0000009680,1,2021-03-04 09:44:32
0000010882,0000009681,1,2024-03-24 01:15:18
0000010883,0000009682,1,2023-09-21 01:56:15
0000010884,0000009683,1,2019-08-27 04:20:00
0000010885,0000009684,1,2025-06-07 08:48:44
0000010886,0000009685,1,2025-04-28 23:05:47
0000010887,0000009685,2,2025-04-28 23:05:01
0000010888,0000009686,1,2020-08-23 04:28:15
0000010889,0000009687,1,2016-09-28 04:49:23
0000010890,0000009688,1,2018-07-13 19:35:28
0000010891,0000009689,1,2019-08-23 09:10:15
0000010892,0000009690,1,2020-02-21 05:33:56
0000010893,0000009691,1,2026-05-17 00:10:11
0000010894,0000009692,1,2018-08-13 10:03:46
0000010895,0000009693,1,2025-10-14 09:48:50
0000010896,0000009694,1,2026-03-24 12:02:42
0000010897,0000009695,1,2025-10-21 10:23:16
0000010898,0000009696,1,2025-06-24 09:37:48
0000010899,0000009697,1,2019-09-14 17:27:19
0000010900,0000009698,1,2026-02-26 12:43:16
0000010901,0000009699,1,2025-07-13 00:29:34
0000010902,0000009700,1,2019-04-09 07:29:06
0000010903,0000009701,1,2023-01-24 16:44:59
0000010904,0000009702,1,2020-02-18 00:05:42
0000010905,0000009703,1,2019-11-08 20:03:13
0000010906,0000009704,1,2018-11-29 15:32:32
0000010907,0000009705,1,2026-02-25 19:27:53
0000010908,0000009706,1,2022-04-19 19:03:43
0000010909,0000009707,1,2020-06-15 11:06:04
0000010910,0000009708,1,2025-06-20 17:00:58
0000010911,0000009709,1,2026-07-02 12:08:09
0000010912,0000009710,1,2021-03-02 21:57:15
0000010913,0000009711,1,2024-10-29 06:16:42
0000010914,0000009712,1,2017-06-21 08:09:34
0000010915,0000009713,1,2020-09-26 09:42:42
0000010916,0000009714,1,2016-09-06 22:42:48
0000010917,0000009715,1,2017-11-20 14:14:47
0000010918,0000009716,1,2025-10-21 20:09:25
0000010919,0000009717,1,2019-03-23 15:03:48
0000010920,0000009718,1,2021-07-23 04:02:33
0000010921,0000009719,1,2023-11-14 05:20:37
0000010922,0000009719,2,2023-11-14 05:21:01
0000010923,0000009720,1,2018-12-28 09:56:22
0000010924,0000009721,1,2024-03-05 08:34:40
0000010925,0000009722,1,2021-03-21 11:14:05
0000010926,0000009722,2,2021-03-21 11:15:24
0000010927,0000009723,1,2018-12-25 16:06:01
0000010928,0000009723,2,2018-12-25 16:06:09
0000010929,0000009724,1,2023-10-14 11:40:17
0000010930,0000009725,1,2018-06-27 10:02:19
0000010931,0000009726,1,2018-10-19 05:34:26
0000010932,0000009727,1,2019-02-06 13:37:53
0000010933,0000009728,1,2020-05-30 08:43:22
0000010934,0000009729,1,2018-10-24 17:59:27
0000010935,0000009730,1,2018-01-23 13:38:58
0000010936,0000009731,1,2022-12-17 05:25:35
0000010937,0000009732,1,2020-07-15 21:29:21
0000010938,0000009733,1,2023-12-05 20:08:43
0000010939,0000009734,1,2021-03-15 01:30:32
0000010940,0000009734,2,2021-03-15 01:29:53
0000010941,0000009735,1,2021-04-28 22:28:38
0000010942,0000009736,1,2022-04-30 04:17:56
0000010943,0000009737,1,2024-04-27 00:29:18
0000010944,0000009738,1,2017-04-23 21:36:00
0000010945,0000009739,1,2016-05-26 19:17:43
0000010946,0000009740,1,2019-06-03 03:09:46
0000010947,0000009741,1,2018-04-01 05:32:06
0000010948,0000009742,1,2018-12-18 20:46:50
0000010949,0000009743,1,2015-07-10 05:10:29
0000010950,0000009744,1,2022-11-28 06:22:31
0000010951,0000009745,1,2022-12-24 19:51:27
0000010952,0000009746,1,2018-11-05 06:57:50
0000010953,0000009747,1,2017-05-27 01:04:36
0000010954,0000009748,1,2022-04-16 03:26:50
0000010955,0000009749,1,2016-05-25 02:30:05
0000010956,0000009749,2,2016-05-25 02:30:27
0000010957,0000009750,1,2023-03-28 09:56:16
0000010958,0000009751,1,2019-12-15 22:03:09
0000010959,0000009752,1,2023-01-16 10:19:21
0000010960,0000009753,1,2020-12-08 10:01:02
0000010961,0000009754,1,2017-11-30 07:06:59
0000010962,0000009755,1,2024-02-22 23:27:49
0000010963,0000009756,1,2024-03-12 06:16:36
0000010964,0000009757,1,2018-08-16 09:04:41
0000010965,0000009758,1,2017-10-14 17:16:46
0000010966,0000009759,1,2019-05-29 05:01:51
0000010967,0000009760,1,2018-10-02 02:25:32
0000010968,0000009761,1,2022-01-26 06:43:42
0000010969,0000009762,1,2019-06-25 17:58:24
0000010970,0000009763,1,2020-05-19 08:52:37
0000010971,0000009764,1,2025-12-27 22:05:15
0000010972,0000009765,1,2020-02-11 08:47:01
0000010973,0000009766,1,2026-04-08 12:23:33
0000010974,0000009767,1,2026-09-19 21:10:26
0000010975,0000009768,1,2017-09-27 02:05:09
0000010976,0000009769,1,2023-01-05 18:10:53
0000010977,0000009769,2,2023-01-05 18:11:53
0000010978,0000009770,1,2021-08-16 19:20:09
0000010979,0000009771,1,2025-10-30 23:06:05
0000010980,0000009772,1,2026-02-16 13:30:46
0000010981,0000009773,1,2018-06-26 15:27:07
0000010982,0000009774,1,2018-10-16 14:59:06
0000010983,0000009775,1,2023-07-12 11:15:52
0000010984,0000009775,2,2023-07-12 11:16:39
0000010985,0000009776,1,2021-07-03 00:48:35
0000010986,0000009777,1,2020-03-14 21:55:56
0000010987,0000009778,1,2016-11-06 15:51:52
0000010988,0000009778,2,2016-11-06 15:51:40
0000010989,0000009779,1,2025-06-25 04:43:51
0000010990,0000009780,1,2025-09-16 11:32:25
0000010991,0000009781,1,2026-04-30 21:12:33
0000010992,0000009782,1,2018-10-09 06:29:23
0000010993,0000009783,1,2016-10-31 04:03:09
0000010994,0000009783,2,2016-10-31 04:04:12
0000010995,0000009784,1,2018-01-09 08:53:40
0000010996,0000009785,1,2015-11-12 10:34:38
0000010997,0000009786,1,2018-12-17 08:18:04
0000010998,0000009786,2,2018-12-17 08:18:57
0000010999,0000009787,1,2016-03-10 18:12:22
0000011000,0000009787,2,2016-03-10 18:11:31
0000011001,0000009788,1,2015-11-13 06:41:38
0000011002,0000009789,1,2021-03-14 15:12:35
0000011003,0000009789,2,2021-03-14 15:11:53
0000011004,0000009790,1,2017-04-01 23:30:22
0000011005,0000009791,1,2017-11-24 20:24:34
0000011006,0000009792,1,2022-04-20 21:26:25
0000011007,0000009793,1,2021-08-24 00:06:56
0000011008,0000009794,1,2025-12-25 18:04:09
0000011009,0000009795,1,2021-03-10 14:56:44
0000011010,0000009796,1,2016-09-15 04:31:51
0000011011,0000009797,1,2020-09-10 09:56:08
0000011012,0000009798,1,2026-01-10 04:23:53
0000011013,0000009799,1,2023-06-20 11:42:54
0000011014,0000009800,1,2019-02-17 08:12:33
0000011015,0000009801,1,2024-06-27 21:18:42
0000011016,0000009802,1,2025-06-14 13:40:03
0000011017,0000009803,1,2024-10-26 13:28:36
0000011018,0000009804,1,2017-12-01 12:30:11
0000011019,0000009805,1,2018-04-23 02:57:18
0000011020,0000009806,1,2020-09-09 20:50:07
0000011021,0000009807,1,2024-01-09 06:36:52
0000011022,0000009807,2,2024-01-09 06:37:40
0000011023,0000009808,1,2019-07-24 04:12:45
0000011024,0000009809,1,2023-12-04 21:47:38
0000011025,0000009810,1,2019-02-20 13:48:46
0000011026,0000009811,1,2023-01-01 10:06:05
0000011027,0000009812,1,2019-06-24 16:52:50
0000011028,0000009813,1,2025-01-29 00:44:03
0000011029,0000009814,1,2020-05-04 01:21:05
0000011030,0000009815,1,2023-10-29 00:43:05
0000011031,0000009816,1,2016-02-07 19:13:57
0000011032,0000009817,1,2023-04-20 19:08:35
0000011033,0000009818,1,2015-12-13 01:22:37
0000011034,0000009819,1,2020-07-03 02:53:32
0000011035,0000009820,1,2026-07-08 20:08:06
0000011036,0000009821,1,2025-12-13 10:55:50
0000011037,0000009822,1,2018-04-13 21:40:48
0000011038,0000009823,1,2023-05-06 17:55:26
0000011039,0000009824,1,2015-12-27 04:02:05
0000011040,0000009825,1,2016-11-14 08:16:54
0000011041,0000009826,1,2018-03-03 11:19:57
0000011042,0000009827,1,2018-08-25 16:04:21
0000011043,0000009828,1,2020-11-20 00:14:36
0000011044,0000009828,2,2020-11-20 00:15:55
0000011045,0000009829,1,2025-04-03 15:30:18
0000011046,0000009830,1,2025-10-15 17:34:53
0000011047,0000009831,1,2023-01-28 09:33:53
0000011048,0000009832,1,2018-03-29 13:03:22
0000011049,0000009833,1,2021-03-20 04:06:07
0000011050,0000009834,1,2018-04-30 03:41:21
0000011051,0000009835,1,2018-05-04 07:06:15
0000011052,0000009836,1,2024-07-31 14:30:37
0000011053,0000009837,1,2020-05-12 02:03:21
0000011054,0000009838,1,2017-02-15 23:28:19
0000011055,0000009838,2,2017-02-15 23:26:53
0000011056,0000009839,1,2021-08-17 18:27:56
0000011057,0000009840,1,2023-01-04 17:38:43
0000011058,0000009841,1,2019-01-05 16:04:48
0000011059,0000009842,1,2018-03-27 08:39:18
0000011060,0000009843,1,2023-02-03 09:28:16
0000011061,0000009844,1,2022-07-18 01:55:17
0000011062,0000009845,1,2024-09-27 02:18:31
0000011063,0000009846,1,2021-07-23 09:24:20
0000011064,0000009847,1,2023-11-02 12:18:39
0000011065,0000009848,1,2020-01-19 13:04:32
0000011066,0000009848,2,2020-01-19 13:05:08
0000011067,0000009849,1,2026-08-10 15:33:21
0000011068,0000009850,1,2019-03-24 23:55:34
0000011069,0000009851,1,2016-10-02 11:25:40
0000011070,0000009852,1,2016-01-06 04:54:16
0000011071,0000009853,1,2021-12-22 06:08:29
0000011072,0000009854,1,2019-06-03 17:00:47
0000011073,0000009854,2,2019-06-03 17:02:02
0000011074,0000009855,1,2022-09-03 08:20:02
0000011075,0000009856,1,2019-02-14 05:41:39
0000011076,0000009857,1,2018-08-20 22:22:15
0000011077,0000009858,1,2022-05-23 14:59:57
0000011078,0000009859,1,2022-02-24 04:05:34
0000011079,0000009860,1,2019-10-19 19:09:13
0000011080,0000009861,1,2019-08-23 07:50:50
0000011081,0000009862,1,2022-05-16 16:53:09
0000011082,0000009863,1,2022-10-09 10:52:48
0000011083,0000009864,1,2021-08-24 18:34:36
0000011084,0000009865,1,2017-09-07 01:14:11
0000011085,0000009865,2,2017-09-07 01:13:34
0000011086,0000009866,1,2015-04-27 08:21:22
0000011087,0000009867,1,2025-10-11 21:17:09
0000011088,0000009868,1,2022-07-31 21:53:48
0000011089,0000009869,1,2020-09-07 14:32:10
0000011090,0000009870,1,2016-08-27 13:32:50
0000011091,0000009871,1,2020-05-07 20:09:24
0000011092,0000009872,1,2022-03-28 00:18:50
0000011093,0000009873,1,2024-10-30 06:01:52
0000011094,0000009874,1,2021-07-21 02:15:58
0000011095,0000009875,1,2020-12-26 02:54:41
0000011096,0000009876,1,2022-04-16 09:49:23
0000011097,0000009877,1,2025-06-18 05:47:29
0000011098,0000009878,1,2020-11-24 02:38:07
0000011099,0000009879,1,2015-05-09 02:39:25
0000011100,0000009880,1,2021-07-16 22:19:24
0000011101,0000009881,1,2017-06-12 03:48:34
0000011102,0000009882,1,2018-07-26 23:29:06
0000011103,0000009883,1,2019-05-06 17:54:49
0000011104,0000009883,2,2019-05-06 17:54:05
0000011105,0000009884,1,2022-12-12 18:59:58
0000011106,0000009885,1,2022-02-28 05:21:34
0000011107,0000009886,1,2020-04-28 14:00:33
0000011108,0000009887,1,2020-08-29 18:55:55
0000011109,0000009888,1,2022-10-20 02:03:08
0000011110,0000009889,1,2025-11-18 02:49:52
0000011111,0000009890,1,2026-01-13 07:45:28
0000011112,0000009891,1,2021-10-07 17:21:10
0000011113,0000009892,1,2024-04-03 22:09:51
0000011114,0000009893,1,2017-08-04 20:00:35
0000011115,0000009894,1,2022-07-07 12:08:43
0000011116,0000009895,1,2024-08-19 20:18:52
0000011117,0000009896,1,2022-02-03 00:46:48
0000011118,0000009897,1,2025-09-08 11:16:53
0000011119,0000009898,1,2025-12-19 14:32:53
0000011120,0000009899,1,2023-09-15 16:18:48
0000011121,0000009900,1,2019-08-07 12:15:37
0000011122,0000009901,1,2022-11-14 06:29:07
0000011123,0000009902,1,2020-03-23 08:42:52
0000011124,0000009903,1,2019-05-16 08:39:46
0000011125,0000009904,1,2022-06-18 12:55:58
0000011126,0000009905,1,2018-05-31 19:31:39
0000011127,0000009906,1,2018-01-11 10:21:03
0000011128,0000009907,1,2018-01-25 12:37:01
0000011129,0000009908,1,2024-11-10 12:46:15
0000011130,0000009909,1,2017-09-26 16:36:04
0000011131,0000009910,1,2018-07-31 06:09:22
0000011132,0000009911,1,2018-04-15 22:08:28
0000011133,0000009912,1,2020-12-17 10:46:51
0000011134,0000009913,1,2017-12-31 12:55:00
0000011135,0000009913,2,2017-12-31 12:55:52
0000011136,0000009914,1,2019-03-14 22:40:53
0000011137,0000009915,1,2015-08-17 06:15:16
0000011138,0000009915,2,2015-08-17 06:15:54
0000011139,0000009916,1,2017-06-26 19:28:18
0000011140,0000009917,1,2018-09-26 12:32:35
0000011141,0000009918,1,2020-12-22 13:11:21
0000011142,0000009919,1,2015-12-30 08:07:18
0000011143,0000009920,1,2017-04-20 16:59:48
0000011144,0000009921,1,2019-11-15 16:52:04
0000011145,0000009921,2,2019-11-15 16:51:57
0000011146,0000009922,1,2018-01-09 06:34:26
0000011147,0000009922,2,2018-01-09 06:34:23
0000011148,0000009923,1,2024-09-24 04:53:10
0000011149,0000009923,2,2024-09-24 04:53:59
0000011150,0000009924,1,2018-05-28 12:03:28
0000011151,0000009925,1,2016-10-13 21:56:35
0000011152,0000009925,2,2016-10-13 21:56:05
0000011153,0000009926,1,2016-11-29 02:18:37
0000011154,0000009927,1,2016-08-12 10:46:01
0000011155,0000009928,1,2025-06-19 21:57:28
0000011156,0000009929,1,2022-10-15 08:57:07
0000011157,0000009930,1,2024-07-04 06:16:07
0000011158,0000009931,1,2026-05-27 07:51:21
0000011159,0000009932,1,2020-01-26 02:44:34
0000011160,0000009933,1,2018-11-18 04:54:05
0000011161,0000009934,1,2021-08-25 15:02:02
0000011162,0000009935,1,2021-04-24 15:36:24
0000011163,0000009936,1,2023-09-15 05:34:07
0000011164,0000009937,1,2022-04-02 00:56:10
0000011165,0000009938,1,2023-10-15 06:53:53
0000011166,0000009939,1,2020-08-11 02:11:44
0000011167,0000009940,1,2020-11-15 18:33:58
0000011168,0000009941,1,2024-11-07 09:48:39
0000011169,0000009941,2,2024-11-07 09:49:52
0000011170,0000009942,1,2019-02-03 13:46:16
0000011171,0000009943,1,2026-09-13 02:55:41
0000011172,0000009944,1,2024-02-25 03:52:20
0000011173,0000009945,1,2025-11-09 03:51:20
0000011174,0000009946,1,2017-04-24 10:52:59
0000011175,0000009947,1,2024-02-14 22:09:26
0000011176,0000009948,1,2019-04-07 09:28:24
0000011177,0000009949,1,2020-07-20 05:24:50
0000011178,0000009950,1,2023-04-19 04:10:59
0000011179,0000009951,1,2016-06-22 16:22:43
0000011180,0000009952,1,2026-03-13 15:19:13
0000011181,0000009953,1,2017-08-21 21:33:07
0000011182,0000009954,1,2023-02-10 18:40:52
0000011183,0000009955,1,2024-07-07 09:28:45
0000011184,0000009956,1,2021-10-30 18:03:31
0000011185,0000009956,2,2021-10-30 18:03:21
0000011186,0000009957,1,2018-11-24 13:35:38
0000011187,0000009957,2,2018-11-24 13:36:24
0000011188,0000009958,1,2025-10-31 04:38:34
0000011189,0000009959,1,2024-09-26 08:14:21
0000011190,0000009960,1,2024-07-30 15:55:59
0000011191,0000009960,2,2024-07-30 15:55:42
0000011192,0000009961,1,2021-10-03 17:05:05
0000011193,0000009962,1,2020-07-04 00:58:35
0000011194,0000009963,1,2016-11-27 18:58:09
0000011195,0000009964,1,2022-10-31 18:47:48
0000011196,0000009965,1,2019-07-03 20:25:19
0000011197,0000009966,1,2024-06-13 17:44:53
0000011198,0000009967,1,2023-06-21 21:23:36
0000011199,0000009968,1,2022-02-16 14:26:27
0000011200,0000009969,1,2023-11-11 22:28:36
0000011201,0000009970,1,2024-07-04 13:52:40
0000011202,0000009971,1,2025-05-14 13:03:19
0000011203,0000009972,1,2018-12-19 04:21:03
0000011204,0000009973,1,2019-09-26 11:40:56
0000011205,0000009974,1,2021-10-29 00:43:25
0000011206,0000009975,1,2019-11-20 22:56:00
0000011207,0000009976,1,2024-01-02 10:28:10
0000011208,0000009976,2,2024-01-02 10:28:00
0000011209,0000009977,1,2023-01-27 18:07:40
0000011210,0000009978,1,2018-05-23 05:20:49
0000011211,0000009979,1,2025-10-01 06:15:52
0000011212,0000009980,1,2016-07-18 13:10:42
0000011213,0000009981,1,2021-03-29 22:41:39
0000011214,0000009982,1,2020-09-23 21:57:32
0000011215,0000009983,1,2020-03-23 20:51:03
0000011216,0000009983,2,2020-03-23 20:51:25
0000011217,0000009984,1,2019-05-15 18:46:39
0000011218,0000009985,1,2021-10-21 23:56:26
0000011219,0000009986,1,2019-06-12 21:55:08
0000011220,0000009987,1,2023-04-30 20:47:41
0000011221,0000009988,1,2018-11-03 04:45:26
0000011222,0000009989,1,2022-02-22 04:16:43
0000011223,0000009989,2,2022-02-22 04:15:22
0000011224,0000009990,1,2017-08-17 10:17:10
0000011225,0000009991,1,2020-11-07 16:51:03
0000011226,0000009992,1,2020-09-03 07:17:31
0000011227,0000009993,1,2024-07-28 02:46:50
0000011228,0000009994,1,2021-01-09 01:44:28
0000011229,0000009995,1,2022-03-10 16:23:34
0000011230,0000009996,1,2018-06-13 18:04:18
0000011231,0000009997,1,2021-04-15 04:58:02
0000011232,0000009998,1,2022-07-02 03:27:51
0000011233,0000009999,1,2022-10-07 05:07:33
0000011234,0000010000,1,2017-06-22 05:25:28
0000011235,0000010001,1,2021-01-21 00:27:25
0000011236,0000010002,1,2017-12-12 22:48:12
0000011237,0000010003,1,2021-04-11 05:03:43
0000011238,0000010004,1,2016-11-09 00:42:28
0000011239,0000010005,1,2019-01-06 00:06:30
0000011240,0000010006,1,2021-04-15 03:30:57
0000011241,0000010007,1,2019-11-13 19:14:29
0000011242,0000010008,1,2020-01-12 11:35:40
0000011243,0000010009,1,2019-01-16 19:00:50
0000011244,0000010010,1,2018-01-01 00:42:16
0000011245,0000010011,1,2026-02-24 21:18:37
0000011246,0000010012,1,2025-12-09 06:47:19
0000011247,0000010013,1,2018-03-16 21:23:05
0000011248,0000010014,1,2022-07-28 14:01:06
0000011249,0000010015,1,2019-07-09 22:11:39
0000011250,0000010016,1,2026-09-21 08:52:22
0000011251,0000010016,2,2026-09-21 08:52:52
0000011252,0000010017,1,2021-04-13 19:59:47
0000011253,0000010017,2,2021-04-13 19:58:52
0000011254,0000010018,1,2022-01-14 23:02:54
0000011255,0000010019,1,2019-07-20 17:39:55
0000011256,0000010020,1,2025-03-19 10:10:05
0000011257,0000010021,1,2017-08-09 21:05:47
0000011258,0000010022,1,2021-03-13 07:48:18
0000011259,0000010022,2,2021-03-13 07:48:24
0000011260,0000010023,1,2020-04-11 04:47:33
0000011261,0000010023,2,2020-04-11 04:47:51
0000011262,0000010024,1,2015-09-29 17:01:22
0000011263,0000010025,1,2018-01-12 14:47:17
0000011264,0000010026,1,2026-06-20 03:22:59
0000011265,0000010027,1,2019-05-20 04:33:05
0000011266,0000010027,2,2019-05-20 04:32:31
0000011267,0000010028,1,2022-11-01 16:54:28
0000011268,0000010029,1,2020-03-09 10:29:15
0000011269,0000010030,1,2025-10-28 23:13:56
0000011270,0000010031,1,2019-10-19 03:39:40
0000011271,0000010032,1,2016-12-27 05:15:11
0000011272,0000010033,1,2022-06-26 12:01:26
0000011273,0000010034,1,2025-03-21 06:39:09
0000011274,0000010035,1,2021-02-05 19:43:41
0000011275,0000010036,1,2019-01-27 14:41:01
0000011276,0000010037,1,2020-03-23 23:21:17
0000011277,0000010038,1,2017-05-03 04:11:35
0000011278,0000010039,1,2019-01-07 01:52:36
0000011279,0000010040,1,2018-12-24 11:06:00
0000011280,0000010041,1,2025-11-01 02:49:49
0000011281,0000010042,1,2025-08-27 17:03:46
0000011282,0000010043,1,2018-05-06 20:00:17
0000011283,0000010044,1,2022-06-18 20:32:15
0000011284,0000010045,1,2026-04-12 05:23:37
0000011285,0000010045,2,2026-04-12 05:23:10
0000011286,0000010046,1,2017-09-13 09:10:30
0000011287,0000010047,1,2024-12-15 14:24:25
0000011288,0000010047,2,2024-12-15 14:23:21
0000011289,0000010048,1,2018-01-25 23:05:12
0000011290,0000010049,1,2022-05-15 20:42:44
0000011291,0000010050,1,2022-09-24 05:09:44
0000011292,0000010051,1,2020-04-07 09:12:08
0000011293,0000010052,1,2019-11-18 02:03:13
0000011294,0000010053,1,2025-12-21 01:08:52
0000011295,0000010054,1,2021-12-31 04:07:40
0000011296,0000010055,1,2018-12-24 20:57:14
0000011297,0000010056,1,2022-02-28 20:18:23
0000011298,0000010057,1,2019-04-05 12:00:50
0000011299,0000010058,1,2021-01-20 12:12:41
0000011300,0000010059,1,2018-09-24 05:09:45
0000011301,0000010060,1,2019-02-27 22:06:38
0000011302,0000010061,1,2022-02-09 07:59:47
0000011303,0000010061,2,2022-02-09 07:58:22
0000011304,0000010062,1,2019-07-14 18:44:21
0000011305,0000010063,1,2018-08-31 23:39:23
0000011306,0000010064,1,2021-04-27 03:06:05
0000011307,0000010065,1,2018-10-19 02:12:51
0000011308,0000010066,1,2017-05-31 00:09:09
0000011309,0000010067,1,2024-07-16 22:48:09
0000011310,0000010067,2,2024-07-16 22:47:54
0000011311,0000010068,1,2025-08-04 23:52:35
0000011312,0000010069,1,2024-11-26 17:14:24
0000011313,0000010070,1,2018-12-12 19:55:38
0000011314,0000010071,1,2024-11-03 07:29:30
0000011315,0000010072,1,2024-09-01 06:11:03
0000011316,0000010073,1,2023-01-05 10:18:32
0000011317,0000010074,1,2020-08-25 19:48:29
0000011318,0000010075,1,2019-05-08 06:29:35
0000011319,0000010076,1,2019-05-12 08:16:04
0000011320,0000010077,1,2019-02-04 18:54:30
0000011321,0000010078,1,2016-07-30 16:20:49
0000011322,0000010079,1,2015-09-18 00:19:26
0000011323,0000010080,1,2016-09-16 23:08:53
0000011324,0000010081,1,2024-01-20 01:07:21
0000011325,0000010081,2,2024-01-20 01:06:46
0000011326,0000010082,1,2019-09-06 20:31:20
0000011327,0000010083,1,2024-11-18 18:23:12
0000011328,0000010084,1,2020-02-29 21:56:20
0000011329,0000010085,1,2020-10-24 04:26:28
0000011330,0000010086,1,2019-08-21 15:33:19
0000011331,0000010087,1,2021-02-02 20:17:02
0000011332,0000010088,1,2023-09-16 23:18:55
0000011333,0000010088,2,2023-09-16 23:18:56
0000011334,0000010089,1,2023-12-29 15:51:02
0000011335,0000010090,1,2022-06-15 16:18:52
0000011336,0000010091,1,2022-07-05 02:33:20
0000011337,0000010092,1,2017-04-01 13:11:31
0000011338,0000010093,1,2026-08-13 22:18:40
0000011339,0000010094,1,2020-05-25 06:11:08
0000011340,0000010095,1,2017-07-19 00:11:13
0000011341,0000010096,1,2025-12-12 01:05:11
0000011342,0000010097,1,2020-11-13 16:16:41
0000011343,0000010098,1,2021-03-20 10:59:41
0000011344,0000010099,1,2020-07-29 16:43:24
0000011345,0000010100,1,2025-12-08 05:16:22
0000011346,0000010101,1,2025-01-22 09:53:04
0000011347,0000010102,1,2021-07-09 07:10:03
0000011348,0000010103,1,2017-02-19 13:12:33
0000011349,0000010103,2,2017-02-19 13:12:02
0000011350,0000010104,1,2022-02-17 05:39:12
0000011351,0000010105,1,2019-01-07 06:39:46
0000011352,0000010105,2,2019-01-07 06:38:40
0000011353,0000010106,1,2020-09-24 03:26:03
0000011354,0000010107,1,2015-11-05 02:47:47
0000011355,0000010108,1,2021-08-21 13:40:33
0000011356,0000010109,1,2016-11-27 09:41:50
0000011357,0000010110,1,2021-05-03 09:23:19
0000011358,0000010111,1,2017-03-08 10:03:45
0000011359,0000010112,1,2018-05-21 04:27:52
0000011360,0000010113,1,2015-11-10 11:46:29
0000011361,0000010114,1,2024-05-24 13:41:13
0000011362,0000010115,1,2016-05-23 00:50:21
0000011363,0000010116,1,2017-07-02 03:52:28
0000011364,0000010116,2,2017-07-02 03:52:45
0000011365,0000010117,1,2019-05-27 16:50:11
0000011366,0000010118,1,2019-08-15 14:22:28
0000011367,0000010119,1,2015-11-04 22:43:51
0000011368,0000010120,1,2025-08-15 14:10:49
0000011369,0000010121,1,2022-01-16 06:09:42
0000011370,0000010122,1,2019-03-12 06:52:15
0000011371,0000010123,1,2023-10-12 02:41:03
0000011372,0000010124,1,2019-10-16 16:04:21
0000011373,0000010125,1,2020-05-25 21:10:00
0000011374,0000010126,1,2019-10-05 02:06:11
0000011375,0000010126,2,2019-10-05 02:07:22
0000011376,0000010127,1,2023-05-08 17:14:49
0000011377,0000010128,1,2016-08-20 15:13:11
0000011378,0000010129,1,2026-04-02 20:09:44
0000011379,0000010130,1,2020-02-09 17:28:53
0000011380,0000010131,1,2024-08-30 06:14:34
0000011381,0000010132,1,2018-07-29 08:06:44
0000011382,0000010133,1,2023-07-04 06:37:54
0000011383,0000010134,1,2023-06-09 00:22:48
0000011384,0000010135,1,2025-05-28 09:09:33
0000011385,0000010136,1,2020-12-30 15:12:23
0000011386,0000010137,1,2018-08-23 06:31:22
0000011387,0000010138,1,2026-06-19 02:13:46
0000011388,0000010139,1,2017-06-02 10:28:33
0000011389,0000010140,1,2018-11-09 16:40:40
0000011390,0000010141,1,2018-09-27 06:24:35
0000011391,0000010141,2,2018-09-27 06:24:58
0000011392,0000010142,1,2021-09-18 01:43:20
0000011393,0000010142,2,2021-09-18 01:43:06
0000011394,0000010143,1,2020-10-09 14:43:16
0000011395,0000010143,2,2020-10-09 14:41:53
0000011396,0000010144,1,2020-06-21 06:59:54
0000011397,0000010144,2,2020-06-21 07:00:17
0000011398,0000010145,1,2023-10-24 03:58:34
0000011399,0000010146,1,2022-04-16 12:52:27
0000011400,0000010147,1,2023-01-29 04:17:01
0000011401,0000010148,1,2017-09-06 17:38:26
0000011402,0000010149,1,2018-12-27 09:47:52
0000011403,0000010150,1,2019-07-06 04:33:15
0000011404,0000010151,1,2015-05-10 03:00:02
0000011405,0000010152,1,2022-02-24 13:53:43
0000011406,0000010153,1,2022-01-07 07:52:18
0000011407,0000010154,1,2018-10-09 19:31:16
0000011408,0000010155,1,2022-10-11 00:34:42
0000011409,0000010156,1,2019-12-26 14:13:31
0000011410,0000010157,1,2023-11-15 19:57:13
0000011411,0000010158,1,2016-10-30 22:59:40
0000011412,0000010159,1,2018-10-15 22:25:01
0000011413,0000010160,1,2017-09-18 10:40:03
0000011414,0000010161,1,2018-08-25 07:48:45
0000011415,0000010161,2,2018-08-25 07:49:51
0000011416,0000010162,1,2016-02-02 09:20:27
0000011417,0000010163,1,2022-02-14 20:18:03
0000011418,0000010163,2,2022-02-14 20:16:36
0000011419,0000010164,1,2019-04-27 00:04:43
0000011420,0000010165,1,2022-10-16 11:19:03
0000011421,0000010165,2,2022-10-16 11:19:01
0000011422,0000010166,1,2017-05-10 07:21:13
0000011423,0000010167,1,2019-07-14 13:01:15
0000011424,0000010168,1,2021-09-04 17:05:56
0000011425,0000010169,1,2026-06-04 21:00:19
0000011426,0000010170,1,2018-04-27 15:17:16
0000011427,0000010171,1,2018-02-27 16:06:55
0000011428,0000010172,1,2016-09-08 21:47:47
0000011429,0000010173,1,2016-04-14 19:32:43
0000011430,0000010174,1,2021-04-26 23:16:55
0000011431,0000010175,1,2019-02-06 18:38:28
0000011432,0000010176,1,2016-05-31 00:37:34
0000011433,0000010177,1,2024-09-21 00:51:34
0000011434,0000010177,2,2024-09-21 00:51:17
0000011435,0000010178,1,2020-02-29 03:33:54
0000011436,0000010179,1,2020-12-27 12:07:44
0000011437,0000010180,1,2026-01-04 19:39:52
0000011438,0000010180,2,2026-01-04 19:39:58
0000011439,0000010181,1,2016-02-07 01:39:05
0000011440,0000010182,1,2019-01-18 07:09:25
0000011441,0000010183,1,2021-12-09 17:35:18
0000011442,0000010184,1,2020-11-21 07:12:00
0000011443,0000010185,1,2016-03-25 17:45:33
0000011444,0000010186,1,2017-11-11 05:00:39
0000011445,0000010186,2,2017-11-11 04:59:17
0000011446,0000010187,1,2017-08-29 13:04:38
0000011447,0000010188,1,2017-02-25 10:11:03
0000011448,0000010189,1,2018-01-01 10:20:05
0000011449,0000010190,1,2018-10-18 02:28:29
0000011450,0000010191,1,2024-12-18 22:49:43
0000011451,0000010192,1,2023-09-01 13:17:42
0000011452,0000010193,1,2017-10-22 01:43:28
0000011453,0000010194,1,2022-10-11 00:35:20
0000011454,0000010194,2,2022-10-11 00:35:04
0000011455,0000010195,1,2023-08-20 21:23:47
0000011456,0000010195,2,2023-08-20 21:24:29
0000011457,0000010196,1,2022-12-30 08:24:55
0000011458,0000010197,1,2024-02-28 17:01:09
0000011459,0000010198,1,2019-11-18 01:26:52
0000011460,0000010199,1,2019-10-26 02:50:40
0000011461,0000010200,1,2018-12-03 03:00:52
0000011462,0000010201,1,2023-01-23 09:57:53
0000011463,0000010202,1,2017-05-10 11:49:13
0000011464,0000010203,1,2018-10-20 10:18:37
0000011465,0000010203,2,2018-10-20 10:17:02
0000011466,0000010204,1,2022-10-24 02:58:39
0000011467,0000010205,1,2018-09-05 10:20:08
0000011468,0000010206,1,2024-12-27 20:55:10
0000011469,0000010207,1,2020-07-29 06:35:21
0000011470,0000010208,1,2019-07-15 15:44:33
0000011471,0000010209,1,2020-03-26 17:29:29
0000011472,0000010210,1,2024-01-14 02:51:59
0000011473,0000010211,1,2024-05-08 23:20:01
0000011474,0000010212,1,2023-02-13 18:14:14
0000011475,0000010213,1,2017-01-06 07:43:55
0000011476,0000010214,1,2023-03-26 15:50:12
0000011477,0000010215,1,2023-04-25 02:26:50
0000011478,0000010216,1,2020-02-04 10:50:49
0000011479,0000010217,1,2024-11-20 17:57:30
0000011480,0000010218,1,2025-10-09 18:28:18
0000011481,0000010219,1,2022-07-11 21:06:11
0000011482,0000010220,1,2020-09-08 19:02:15
0000011483,0000010220,2,2020-09-08 19:02:01
0000011484,0000010221,1,2016-10-13 16:40:34
0000011485,0000010221,2,2016-10-13 16:40:25
0000011486,0000010222,1,2021-06-16 23:39:59
0000011487,0000010223,1,2019-07-06 19:34:48
0000011488,0000010224,1,2018-03-02 05:39:06
0000011489,0000010225,1,2018-03-08 19:20:16
0000011490,0000010226,1,2018-02-09 20:44:02
0000011491,0000010227,1,2018-03-26 08:57:57
0000011492,0000010228,1,2021-10-01 04:19:51
0000011493,0000010229,1,2021-07-22 23:42:58
0000011494,0000010230,1,2018-12-30 02:37:28
0000011495,0000010231,1,2017-01-04 19:52:03
0000011496,0000010232,1,2021-02-17 15:30:18
0000011497,0000010233,1,2018-07-20 06:32:22
0000011498,0000010234,1,2022-10-15 04:26:07
0000011499,0000010235,1,2022-07-20 15:42:04
0000011500,0000010236,1,2020-06-14 06:10:05
0000011501,0000010237,1,2018-05-29 14:10:06
0000011502,0000010238,1,2024-07-03 17:54:21
0000011503,0000010239,1,2024-11-26 18:52:24
0000011504,0000010240,1,2025-07-24 16:39:52
0000011505,0000010241,1,2025-09-20 22:24:04
0000011506,0000010241,2,2025-09-20 22:24:32
0000011507,0000010242,1,2017-05-27 08:05:23
0000011508,0000010242,2,2017-05-27 08:05:30
0000011509,0000010243,1,2017-09-13 15:11:13
0000011510,0000010244,1,2018-08-19 06:30:57
0000011511,0000010244,2,2018-08-19 06:31:15
0000011512,0000010245,1,2019-07-19 11:53:56
0000011513,0000010246,1,2017-09-20 07:57:28
0000011514,0000010247,1,2017-12-14 20:51:28
0000011515,0000010248,1,2017-12-22 20:22:34
0000011516,0000010249,1,2017-11-24 16:49:30
0000011517,0000010250,1,2016-12-31 03:24:00
0000011518,0000010251,1,2017-06-14 10:38:58
0000011519,0000010252,1,2014-12-24 00:06:22
0000011520,0000010253,1,2022-12-01 10:41:36
0000011521,0000010254,1,2017-09-28 18:35:26
0000011522,0000010254,2,2017-09-28 18:35:26
0000011523,0000010255,1,2025-05-18 01:01:07
0000011524,0000010256,1,2021-08-20 14:04:40
0000011525,0000010257,1,2026-07-25 06:40:01
0000011526,0000010258,1,2018-11-11 17:16:44
0000011527,0000010259,1,2016-12-18 21:24:05
0000011528,0000010260,1,2016-06-01 00:12:59
0000011529,0000010261,1,2017-11-27 17:32:47
0000011530,0000010262,1,2018-08-13 13:31:33
0000011531,0000010263,1,2019-07-22 16:57:08
0000011532,0000010264,1,2020-01-26 07:14:21
0000011533,0000010265,1,2019-04-26 08:49:05
0000011534,0000010266,1,2021-06-07 22:13:56
0000011535,0000010267,1,2019-01-19 17:37:31
0000011536,0000010268,1,2025-12-12 00:22:46
0000011537,0000010269,1,2023-10-07 07:20:58
0000011538,0000010270,1,2019-09-05 07:43:44
0000011539,0000010271,1,2025-07-23 13:06:16
0000011540,0000010272,1,2017-01-29 22:18:40
0000011541,0000010273,1,2017-08-04 23:19:08
0000011542,0000010273,2,2017-08-04 23:17:48
0000011543,0000010274,1,2022-09-30 21:43:32
0000011544,0000010275,1,2017-01-14 19:02:41
0000011545,0000010276,1,2023-12-22 06:56:53
0000011546,0000010276,2,2023-12-22 06:56:38
0000011547,0000010277,1,2023-09-24 20:45:33
0000011548,0000010278,1,2025-02-17 03:43:55
0000011549,0000010279,1,2022-08-21 17:05:40
0000011550,0000010280,1,2017-07-15 15:48:27
0000011551,0000010280,2,2017-07-15 15:48:12
0000011552,0000010281,1,2021-05-06 02:38:30
0000011553,0000010282,1,2026-05-14 14:39:46
0000011554,0000010283,1,2024-04-04 15:44:56
0000011555,0000010284,1,2020-07-25 16:44:34
0000011556,0000010285,1,2023-07-25 12:55:41
0000011557,0000010286,1,2021-01-25 11:42:11
0000011558,0000010287,1,2024-07-12 15:42:58
0000011559,0000010288,1,2025-06-12 03:49:38
0000011560,0000010289,1,2023-06-15 16:42:57
0000011561,0000010290,1,2025-09-16 05:32:23
0000011562,0000010291,1,2017-01-28 09:37:05
0000011563,0000010292,1,2023-07-17 20:24:03
0000011564,0000010293,1,2025-04-24 09:13:45
0000011565,0000010294,1,2019-04-30 03:53:12
0000011566,0000010295,1,2024-08-14 09:37:07
0000011567,0000010296,1,2019-06-29 05:27:25
0000011568,0000010297,1,2019-04-27 00:42:05
0000011569,0000010298,1,2025-10-10 09:33:18
0000011570,0000010299,1,2022-03-07 07:47:49
0000011571,0000010300,1,2019-06-26 04:09:31
0000011572,0000010301,1,2019-05-14 03:56:38
0000011573,0000010302,1,2023-09-25 14:42:23
0000011574,0000010303,1,2023-06-28 02:56:46
0000011575,0000010304,1,2020-09-02 11:24:02
0000011576,0000010304,2,2020-09-02 11:25:27
0000011577,0000010305,1,2019-05-25 09:59:28
0000011578,0000010306,1,2024-12-13 00:58:47
0000011579,0000010307,1,2023-03-12 09:20:30
0000011580,0000010308,1,2023-08-15 16:24:24
0000011581,0000010309,1,2019-08-11 05:47:25
0000011582,0000010309,2,2019-08-11 05:47:31
0000011583,0000010310,1,2020-09-08 10:21:33
0000011584,0000010310,2,2020-09-08 10:21:28
0000011585,0000010311,1,2022-08-21 13:37:13
0000011586,0000010312,1,2021-12-07 14:25:18
0000011587,0000010313,1,2019-09-14 11:08:11
0000011588,0000010314,1,2020-06-16 21:49:37
0000011589,0000010315,1,2025-08-27 22:50:14
0000011590,0000010316,1,2021-08-07 05:00:26
0000011591,0000010317,1,2024-06-16 23:07:41
0000011592,0000010318,1,2023-06-26 17:55:26
0000011593,0000010319,1,2019-11-11 08:39:31
0000011594,0000010320,1,2021-08-30 12:55:24
0000011595,0000010321,1,2016-11-02 23:59:52
0000011596,0000010322,1,2026-08-12 08:26:56
0000011597,0000010323,1,2022-12-28 23:04:05
0000011598,0000010324,1,2018-06-08 14:39:36
0000011599,0000010325,1,2017-09-12 04:40:06
0000011600,0000010326,1,2017-11-02 11:08:07
0000011601,0000010327,1,2019-10-17 06:11:44
0000011602,0000010328,1,2021-01-04 21:10:06
0000011603,0000010329,1,2019-03-05 18:26:13
0000011604,0000010330,1,2017-03-20 04:30:57
0000011605,0000010331,1,2018-09-07 18:05:28
0000011606,0000010332,1,2023-10-05 21:37:51
0000011607,0000010333,1,2026-05-24 18:19:54
0000011608,0000010334,1,2021-08-04 09:52:48
0000011609,0000010335,1,2018-01-11 09:51:02
0000011610,0000010336,1,2021-11-10 10:31:15
0000011611,0000010337,1,2019-01-21 21:08:54
0000011612,0000010338,1,2018-01-18 05:31:01
0000011613,0000010339,1,2018-05-04 00:42:45
0000011614,0000010340,1,2021-11-29 02:16:00
0000011615,0000010341,1,2019-01-02 11:22:13
0000011616,0000010341,2,2019-01-02 11:22:13
0000011617,0000010342,1,2022-02-28 15:32:00
0000011618,0000010343,1,2022-03-06 13:24:19
0000011619,0000010344,1,2021-12-14 20:15:14
0000011620,0000010345,1,2022-03-07 22:59:47
0000011621,0000010346,1,2019-06-15 04:50:09
0000011622,0000010347,1,2017-06-26 07:53:37
0000011623,0000010348,1,2015-06-03 20:18:33
0000011624,0000010349,1,2025-04-03 05:41:48
0000011625,0000010350,1,2019-12-10 18:19:54
0000011626,0000010351,1,2025-05-08 14:20:25
0000011627,0000010352,1,2024-05-15 08:52:53
0000011628,0000010353,1,2019-08-09 08:58:51
0000011629,0000010354,1,2018-04-09 12:11:56
0000011630,0000010354,2,2018-04-09 12:11:28
0000011631,0000010355,1,2020-12-15 18:52:34
0000011632,0000010356,1,2017-08-10 02:15:17
0000011633,0000010357,1,2020-04-09 07:53:41
0000011634,0000010358,1,2022-09-04 19:48:04
0000011635,0000010359,1,2021-05-22 00:37:47
0000011636,0000010359,2,2021-05-22 00:38:12
0000011637,0000010360,1,2017-03-10 01:47:07
0000011638,0000010361,1,2022-06-25 00:38:33
0000011639,0000010362,1,2024-08-27 21:14:26
0000011640,0000010363,1,2024-09-01 06:34:34
0000011641,0000010364,1,2024-12-05 08:09:09
0000011642,0000010365,1,2024-07-30 19:38:47
0000011643,0000010366,1,2022-11-24 02:58:47
0000011644,0000010367,1,2017-06-14 20:46:21
0000011645,0000010368,1,2021-11-15 07:04:47
0000011646,0000010368,2,2021-11-15 07:05:13
0000011647,0000010369,1,2018-09-02 11:19:39
0000011648,0000010370,1,2021-10-23 05:56:01
0000011649,0000010371,1,2018-04-14 04:24:18
0000011650,0000010371,2,2018-04-14 04:23:34
0000011651,0000010372,1,2016-07-11 10:57:07
0000011652,0000010373,1,2026-07-09 15:01:41
0000011653,0000010374,1,2018-02-08 02:46:18
0000011654,0000010375,1,2016-12-21 10:04:42
0000011655,0000010376,1,2017-09-28 20:50:58
0000011656,0000010377,1,2016-12-04 19:06:38
0000011657,0000010378,1,2017-05-07 02:13:05
0000011658,0000010379,1,2017-11-21 16:58:07
0000011659,0000010380,1,2019-05-01 17:37:53
0000011660,0000010381,1,2018-02-27 09:43:27
0000011661,0000010382,1,2026-08-07 19:46:46
0000011662,0000010382,2,2026-08-07 19:46:56
0000011663,0000010383,1,2020-06-14 11:55:43
0000011664,0000010384,1,2024-02-11 00:56:53
0000011665,0000010385,1,2023-01-12 01:57:07
0000011666,0000010386,1,2019-09-24 05:32:20
0000011667,0000010387,1,2024-09-13 12:05:14
0000011668,0000010387,2,2024-09-13 12:05:12
0000011669,0000010388,1,2021-10-30 15:26:15
0000011670,0000010389,1,2025-05-02 07:26:19
0000011671,0000010390,1,2022-01-03 15:39:40
0000011672,0000010391,1,2019-10-26 11:02:07
0000011673,0000010392,1,2018-03-11 19:55:42
0000011674,0000010393,1,2019-04-03 22:25:09
0000011675,0000010394,1,2018-03-11 21:30:14
0000011676,0000010395,1,2019-02-19 18:54:29
0000011677,0000010396,1,2024-08-29 06:19:22
0000011678,0000010397,1,2021-03-03 20:49:34
0000011679,0000010397,2,2021-03-03 20:49:37
0000011680,0000010398,1,2023-07-14 15:57:27
0000011681,0000010399,1,2018-11-17 18:53:28
0000011682,0000010399,2,2018-11-17 18:53:16
0000011683,0000010400,1,2025-11-18 08:06:32
0000011684,0000010401,1,2018-11-23 09:36:23
0000011685,0000010402,1,2022-10-24 20:20:49
0000011686,0000010402,2,2022-10-24 20:21:12
0000011687,0000010403,1,2026-04-01 15:44:57
0000011688,0000010404,1,2025-01-01 02:02:39
0000011689,0000010405,1,2018-07-13 16:17:30
0000011690,0000010406,1,2019-03-30 01:26:46
0000011691,0000010407,1,2019-03-26 03:40:47
0000011692,0000010408,1,2018-08-12 06:09:43
0000011693,0000010409,1,2019-03-26 23:38:03
0000011694,0000010410,1,2018-08-08 08:13:09
0000011695,0000010411,1,2018-12-07 16:57:18
0000011696,0000010412,1,2018-07-04 05:05:38
0000011697,0000010413,1,2019-04-15 03:08:29
0000011698,0000010414,1,2019-01-21 13:24:20
0000011699,0000010415,1,2018-10-18 23:18:27
0000011700,0000010415,2,2018-10-18 23:18:45
0000011701,0000010416,1,2018-12-30 16:12:22
0000011702,0000010417,1,2018-04-04 15:54:28
0000011703,0000010418,1,2018-04-09 17:06:41
0000011704,0000010419,1,2020-11-05 11:50:18
0000011705,0000010420,1,2016-10-07 06:25:23
0000011706,0000010420,2,2016-10-07 06:25:43
0000011707,0000010421,1,2016-04-16 01:10:51
0000011708,0000010422,1,2016-09-08 05:51:44
0000011709,0000010422,2,2016-09-08 05:52:33
0000011710,0000010423,1,2026-07-08 11:16:41
0000011711,0000010423,2,2026-07-08 11:17:54
0000011712,0000010424,1,2021-02-21 19:11:43
0000011713,0000010425,1,2019-04-12 15:46:59
0000011714,0000010426,1,2016-02-05 22:54:43
0000011715,0000010427,1,2017-11-18 21:51:01
0000011716,0000010428,1,2024-03-06 04:39:25
0000011717,0000010429,1,2023-09-24 08:50:09
0000011718,0000010430,1,2025-11-01 10:21:47
0000011719,0000010431,1,2021-05-17 00:43:23
0000011720,0000010432,1,2020-04-02 12:24:31
0000011721,0000010433,1,2021-02-24 10:38:48
0000011722,0000010434,1,2024-05-08 15:07:33
0000011723,0000010435,1,2021-01-07 15:06:33
0000011724,0000010436,1,2023-12-10 06:48:37
0000011725,0000010437,1,2018-04-04 09:17:31
0000011726,0000010438,1,2017-10-02 14:20:23
0000011727,0000010439,1,2019-04-14 19:48:44
0000011728,0000010440,1,2016-06-28 18:04:57
0000011729,0000010440,2,2016-06-28 18:06:38
0000011730,0000010441,1,2019-11-24 22:40:09
0000011731,0000010442,1,2018-05-02 14:38:37
0000011732,0000010443,1,2017-03-08 23:39:53
0000011733,0000010444,1,2018-04-06 20:01:03
0000011734,0000010445,1,2025-10-19 04:54:56
0000011735,0000010446,1,2024-08-08 18:40:06
0000011736,0000010447,1,2026-09-28 17:24:18
0000011737,0000010447,2,2026-09-28 17:23:35
0000011738,0000010448,1,2020-10-06 19:32:42
0000011739,0000010449,1,2023-09-24 01:00:48
0000011740,0000010450,1,2019-12-18 05:17:55
0000011741,0000010451,1,2021-07-20 09:46:43
0000011742,0000010452,1,2021-08-29 19:05:05
0000011743,0000010453,1,2021-01-01 18:51:51
0000011744,0000010454,1,2026-07-16 03:35:29
0000011745,0000010455,1,2024-06-13 00:32:02
0000011746,0000010456,1,2026-09-28 07:05:26
0000011747,0000010457,1,2024-11-26 19:01:08
0000011748,0000010458,1,2018-02-12 15:06:20
0000011749,0000010459,1,2021-02-16 01:34:40
0000011750,0000010460,1,2024-07-21 16:55:31
0000011751,0000010461,1,2016-11-18 06:29:50
0000011752,0000010462,1,2019-05-18 01:59:16
0000011753,0000010463,1,2024-08-24 18:32:48
0000011754,0000010464,1,2018-12-12 18:26:02
0000011755,0000010465,1,2021-03-28 04:36:14
0000011756,0000010466,1,2018-12-31 12:54:47
0000011757,0000010467,1,2017-11-11 17:11:22
0000011758,0000010468,1,2025-05-07 17:09:41
0000011759,0000010469,1,2018-04-06 03:32:39
0000011760,0000010470,1,2018-05-12 10:31:05
0000011761,0000010471,1,2019-07-03 13:08:25
0000011762,0000010471,2,2019-07-03 13:07:14
0000011763,0000010472,1,2025-07-23 21:42:03
0000011764,0000010473,1,2025-08-10 09:57:29
0000011765,0000010474,1,2021-05-04 14:42:06
0000011766,0000010475,1,2017-06-12 05:09:16
0000011767,0000010475,2,2017-06-12 05:10:33
0000011768,0000010476,1,2019-12-04 07:36:24
0000011769,0000010477,1,2016-02-19 16:18:12
0000011770,0000010478,1,2024-10-25 03:05:28
0000011771,0000010479,1,2025-12-06 18:17:34
0000011772,0000010480,1,2018-08-16 02:42:03
0000011773,0000010481,1,2023-02-20 19:31:46
0000011774,0000010482,1,2018-08-14 22:57:37
0000011775,0000010483,1,2025-04-24 11:32:32
0000011776,0000010484,1,2021-07-08 16:38:14
0000011777,0000010484,2,2021-07-08 16:38:21
0000011778,0000010485,1,2024-10-17 02:42:28
0000011779,0000010486,1,2026-02-16 10:25:02
0000011780,0000010487,1,2026-07-09 00:38:08
0000011781,0000010488,1,2020-04-18 17:10:42
0000011782,0000010489,1,2026-06-26 02:24:43
0000011783,0000010489,2,2026-06-26 02:25:08
0000011784,0000010490,1,2024-01-16 11:33:20
0000011785,0000010491,1,2024-07-04 08:22:43
0000011786,0000010492,1,2023-11-07 05:36:23
0000011787,0000010493,1,2016-11-22 21:26:13
0000011788,0000010494,1,2016-11-29 02:02:43
0000011789,0000010495,1,2026-01-11 15:56:40
0000011790,0000010496,1,2018-07-14 09:27:58
0000011791,0000010497,1,2025-03-14 02:19:09
0000011792,0000010497,2,2025-03-14 02:19:43
0000011793,0000010498,1,2024-02-29 22:41:29
0000011794,0000010499,1,2021-05-04 11:45:06
0000011795,0000010500,1,2019-03-11 04:46:53
0000011796,0000010501,1,2019-12-25 17:19:18
0000011797,0000010502,1,2020-06-24 01:51:53
0000011798,0000010503,1,2021-08-08 18:08:41
0000011799,0000010504,1,2026-01-25 19:43:26
0000011800,0000010505,1,2017-09-26 01:10:10
0000011801,0000010506,1,2018-04-21 10:57:18
0000011802,0000010507,1,2020-07-26 02:12:21
0000011803,0000010508,1,2018-08-28 17:29:36
0000011804,0000010509,1,2019-10-29 15:25:26
0000011805,0000010510,1,2023-10-26 12:50:05
0000011806,0000010511,1,2020-06-23 02:34:33
0000011807,0000010512,1,2020-07-16 02:14:51
0000011808,0000010513,1,2020-05-03 02:29:54
0000011809,0000010514,1,2022-06-21 00:00:36
0000011810,0000010515,1,2023-02-13 08:47:15
0000011811,0000010516,1,2021-12-25 02:09:44
0000011812,0000010516,2,2021-12-25 02:09:25
0000011813,0000010517,1,2022-11-22 05:38:33
0000011814,0000010518,1,2018-12-10 20:34:11
0000011815,0000010519,1,2025-10-05 15:48:18
0000011816,0000010520,1,2015-08-19 08:39:40
0000011817,0000010520,2,2015-08-19 08:39:36
0000011818,0000010521,1,2026-06-19 14:33:53
0000011819,0000010522,1,2020-08-05 20:27:49
0000011820,0000010523,1,2023-07-20 00:14:42
0000011821,0000010523,2,2023-07-20 00:13:59
0000011822,0000010524,1,2019-02-01 01:33:14
0000011823,0000010525,1,2018-12-30 04:49:36
0000011824,0000010526,1,2017-10-29 14:41:02
0000011825,0000010527,1,2017-01-31 12:22:07
0000011826,0000010528,1,2017-06-12 23:13:13
0000011827,0000010529,1,2019-09-04 00:58:41
0000011828,0000010530,1,2017-03-01 11:23:32
0000011829,0000010531,1,2019-09-02 03:11:31
0000011830,0000010532,1,2019-04-26 13:08:50
0000011831,0000010533,1,2018-06-25 21:04:34
0000011832,0000010534,1,2018-05-25 16:32:38
0000011833,0000010535,1,2017-02-14 11:03:08
0000011834,0000010536,1,2023-12-18 18:37:29
0000011835,0000010537,1,2022-08-27 20:32:18
0000011836,0000010537,2,2022-08-27 20:33:38
0000011837,0000010538,1,2021-07-23 18:52:15
0000011838,0000010539,1,2018-05-13 10:00:59
0000011839,0000010540,1,2017-11-21 12:28:12
0000011840,0000010541,1,2020-04-24 14:23:45
0000011841,0000010542,1,2022-10-24 20:08:00
0000011842,0000010543,1,2025-10-14 05:35:10
0000011843,0000010544,1,2026-07-19 02:51:11
0000011844,0000010545,1,2017-08-03 08:53:06
0000011845,0000010546,1,2019-10-21 21:50:28
0000011846,0000010547,1,2018-04-23 04:50:20
0000011847,0000010547,2,2018-04-23 04:50:09
0000011848,0000010548,1,2017-01-04 23:02:10
0000011849,0000010549,1,2021-10-23 01:49:21
0000011850,0000010550,1,2020-05-14 07:57:28
0000011851,0000010551,1,2026-08-05 13:22:31
0000011852,0000010552,1,2019-06-25 01:11:02
0000011853,0000010553,1,2023-05-03 00:46:28
0000011854,0000010554,1,2018-10-30 05:27:02
0000011855,0000010555,1,2019-05-03 14:01:21
0000011856,0000010556,1,2021-08-25 02:33:01
0000011857,0000010557,1,2022-03-16 23:52:31
0000011858,0000010558,1,2018-03-31 21:36:44
0000011859,0000010558,2,2018-03-31 21:37:28
0000011860,0000010559,1,2020-10-17 09:14:32
0000011861,0000010560,1,2020-10-06 07:07:47
0000011862,0000010561,1,2024-07-08 09:35:24
0000011863,0000010562,1,2022-09-05 22:29:59
0000011864,0000010563,1,2025-07-07 15:52:25
0000011865,0000010564,1,2020-05-24 02:15:30
0000011866,0000010565,1,2020-11-04 22:53:56
0000011867,0000010566,1,2025-02-07 08:02:28
0000011868,0000010566,2,2025-02-07 08:01:19
0000011869,0000010567,1,2017-11-20 00:42:37
0000011870,0000010568,1,2021-03-21 14:50:47
0000011871,0000010569,1,2020-02-24 17:52:00
0000011872,0000010570,1,2018-05-08 17:09:06
0000011873,0000010571,1,2017-07-04 04:54:32
0000011874,0000010572,1,2019-04-13 13:11:27
0000011875,0000010573,1,2020-07-14 17:20:33
0000011876,0000010574,1,2018-09-29 16:14:02
0000011877,0000010575,1,2021-07-28 17:08:17
0000011878,0000010576,1,2019-07-23 16:02:15
0000011879,0000010577,1,2019-09-24 19:22:49
0000011880,0000010578,1,2016-11-17 02:19:53
0000011881,0000010579,1,2019-11-22 15:52:31
0000011882,0000010580,1,2020-01-21 01:52:53
0000011883,0000010581,1,2022-11-27 03:52:22
0000011884,0000010582,1,2021-04-13 10:52:21
0000011885,0000010583,1,2024-12-19 06:38:07
0000011886,0000010584,1,2018-03-14 03:00:25
0000011887,0000010585,1,2019-01-29 18:38:47
0000011888,0000010585,2,2019-01-29 18:38:48
0000011889,0000010586,1,2019-03-20 08:15:49
0000011890,0000010587,1,2024-04-15 10:16:56
0000011891,0000010588,1,2016-06-13 12:26:10
0000011892,0000010589,1,2025-03-01 11:28:23
0000011893,0000010590,1,2025-05-19 18:57:41
0000011894,0000010591,1,2025-08-30 03:57:01
0000011895,0000010592,1,2019-11-23 21:07:09
0000011896,0000010593,1,2016-07-23 07:02:29
0000011897,0000010594,1,2019-12-15 18:11:53
0000011898,0000010595,1,2020-08-23 03:11:48
0000011899,0000010596,1,2019-12-03 16:02:20
0000011900,0000010596,2,2019-12-03 16:01:49
0000011901,0000010597,1,2021-07-05 04:18:40
0000011902,0000010598,1,2020-11-30 03:30:42
0000011903,0000010599,1,2022-08-31 05:54:19
0000011904,0000010600,1,2026-06-15 06:26:04
0000011905,0000010601,1,2019-06-08 05:02:10
0000011906,0000010601,2,2019-06-08 05:01:06
0000011907,0000010602,1,2022-11-11 07:48:48
0000011908,0000010602,2,2022-11-11 07:47:44
0000011909,0000010603,1,2017-08-23 18:02:54
0000011910,0000010604,1,2019-07-30 01:04:44
0000011911,0000010605,1,2022-07-08 21:43:39
0000011912,0000010606,1,2018-09-06 12:52:41
0000011913,0000010607,1,2019-12-24 03:21:51
0000011914,0000010608,1,2020-03-30 15:26:30
0000011915,0000010608,2,2020-03-30 15:25:14
0000011916,0000010609,1,2023-05-20 20:27:49
0000011917,0000010610,1,2022-11-20 04:34:55
0000011918,0000010611,1,2017-10-22 06:05:53
0000011919,0000010611,2,2017-10-22 06:07:38
0000011920,0000010612,1,2020-08-21 11:21:01
0000011921,0000010613,1,2020-08-04 06:52:03
0000011922,0000010614,1,2018-03-14 11:33:06
0000011923,0000010615,1,2025-12-08 12:21:19
0000011924,0000010616,1,2021-02-22 00:36:17
0000011925,0000010617,1,2026-01-19 11:46:29
0000011926,0000010618,1,2023-12-19 15:49:13
0000011927,0000010619,1,2020-01-03 09:34:31
0000011928,0000010620,1,2024-11-21 16:36:03
0000011929,0000010620,2,2024-11-21 16:36:14
0000011930,0000010621,1,2021-12-25 00:54:49
0000011931,0000010622,1,2021-01-20 14:37:02
0000011932,0000010623,1,2018-12-05 06:47:52
0000011933,0000010624,1,2025-03-04 22:42:39
0000011934,0000010625,1,2024-04-13 17:16:38
0000011935,0000010626,1,2021-12-28 03:48:39
0000011936,0000010627,1,2021-02-28 06:25:16
0000011937,0000010628,1,2019-01-28 14:43:23
0000011938,0000010629,1,2016-09-03 03:58:27
0000011939,0000010630,1,2019-11-16 12:35:41
0000011940,0000010631,1,2016-03-10 19:12:54
0000011941,0000010632,1,2021-08-29 21:06:02
0000011942,0000010632,2,2021-08-29 21:06:00
0000011943,0000010633,1,2021-06-30 12:13:45
0000011944,0000010634,1,2023-12-23 01:50:54
0000011945,0000010635,1,2017-07-09 13:07:51
0000011946,0000010636,1,2024-05-27 11:18:24
0000011947,0000010637,1,2018-06-07 18:02:17
0000011948,0000010638,1,2026-01-10 19:22:50
0000011949,0000010639,1,2024-08-26 02:54:28
0000011950,0000010639,2,2024-08-26 02:53:09
0000011951,0000010640,1,2016-09-11 23:23:41
0000011952,0000010640,2,2016-09-11 23:24:28
0000011953,0000010641,1,2020-04-10 10:19:36
0000011954,0000010641,2,2020-04-10 10:19:05
0000011955,0000010642,1,2020-10-19 08:18:02
0000011956,0000010642,2,2020-10-19 08:18:27
0000011957,0000010643,1,2021-09-13 01:40:50
0000011958,0000010644,1,2018-09-02 22:48:33
0000011959,0000010645,1,2022-08-24 10:37:32
0000011960,0000010646,1,2018-11-14 01:00:54
0000011961,0000010647,1,2020-11-10 15:05:33
0000011962,0000010647,2,2020-11-10 15:06:42
0000011963,0000010648,1,2020-02-04 06:58:56
0000011964,0000010649,1,2020-10-22 16:29:56
0000011965,0000010650,1,2026-03-21 01:05:53
0000011966,0000010651,1,2024-04-16 07:45:41
0000011967,0000010652,1,2021-01-04 16:55:01
0000011968,0000010652,2,2021-01-04 16:54:59
0000011969,0000010653,1,2025-11-30 17:36:25
0000011970,0000010654,1,2025-10-05 01:22:00
0000011971,0000010655,1,2020-05-10 03:31:16
0000011972,0000010656,1,2024-08-13 20:40:29
0000011973,0000010657,1,2022-04-24 05:17:51
0000011974,0000010658,1,2026-04-08 17:06:35
0000011975,0000010658,2,2026-04-08 17:07:47
0000011976,0000010659,1,2026-03-20 18:25:24
0000011977,0000010660,1,2022-06-29 14:13:37
0000011978,0000010661,1,2025-01-10 09:08:21
0000011979,0000010661,2,2025-01-10 09:07:31
0000011980,0000010662,1,2021-05-25 08:33:29
0000011981,0000010663,1,2024-01-18 12:09:03
0000011982,0000010663,2,2024-01-18 12:09:26
0000011983,0000010664,1,2023-02-08 15:11:34
0000011984,0000010665,1,2025-10-06 15:14:28
0000011985,0000010666,1,2019-12-20 10:18:13
0000011986,0000010667,1,2019-08-28 15:40:44
0000011987,0000010668,1,2018-09-01 05:07:52
0000011988,0000010669,1,2018-07-24 11:35:53
0000011989,0000010670,1,2024-04-02 06:18:41
0000011990,0000010671,1,2026-06-29 05:53:03
0000011991,0000010672,1,2021-12-07 06:46:42
0000011992,0000010673,1,2021-11-22 08:55:43
0000011993,0000010674,1,2024-09-08 07:02:38
0000011994,0000010675,1,2024-06-12 04:54:24
0000011995,0000010676,1,2026-03-03 10:32:19
0000011996,0000010677,1,2020-09-06 18:21:34
0000011997,0000010678,1,2015-11-16 06:24:18
0000011998,0000010678,2,2015-11-16 06:23:41
0000011999,0000010679,1,2015-09-01 08:08:21
0000012000,0000010680,1,2018-02-15 07:22:30
0000012001,0000010681,1,2024-02-06 02:50:02
0000012002,0000010682,1,2024-01-01 20:14:06
0000012003,0000010682,2,2024-01-01 20:13:31
0000012004,0000010683,1,2018-10-21 04:34:51
0000012005,0000010683,2,2018-10-21 04:35:15
0000012006,0000010684,1,2018-07-03 23:35:57
0000012007,0000010684,2,2018-07-03 23:36:13
0000012008,0000010685,1,2020-11-04 12:29:34
0000012009,0000010686,1,2017-08-06 11:46:15
0000012010,0000010687,1,2018-03-15 05:44:57
0000012011,0000010688,1,2022-06-13 01:02:54
0000012012,0000010689,1,2023-02-11 18:30:00
0000012013,0000010690,1,2017-12-09 07:19:32
0000012014,0000010691,1,2019-02-16 01:25:24
0000012015,0000010692,1,2016-10-23 08:44:00
0000012016,0000010693,1,2024-10-30 14:48:51
0000012017,0000010694,1,2023-04-28 09:34:22
0000012018,0000010695,1,2018-12-19 03:51:17
0000012019,0000010696,1,2018-04-20 23:16:16
0000012020,0000010697,1,2019-04-20 16:19:44
0000012021,0000010698,1,2018-04-30 07:05:40
0000012022,0000010699,1,2018-12-22 06:16:13
0000012023,0000010700,1,2017-07-08 23:34:43
0000012024,0000010701,1,2025-12-06 00:10:36
0000012025,0000010702,1,2016-03-06 14:58:55
0000012026,0000010703,1,2024-11-02 12:50:52
0000012027,0000010704,1,2019-11-07 00:39:42
0000012028,0000010705,1,2019-08-15 21:01:11
0000012029,0000010706,1,2023-12-10 06:07:48
0000012030,0000010707,1,2016-07-20 09:33:02
0000012031,0000010708,1,2018-12-12 23:32:20
0000012032,0000010709,1,2026-01-11 06:43:11
0000012033,0000010710,1,2026-05-27 13:42:21
0000012034,0000010711,1,2022-09-03 02:40:31
0000012035,0000010712,1,2023-07-01 15:22:35
0000012036,0000010713,1,2020-03-30 16:12:46
0000012037,0000010714,1,2019-01-25 12:49:44
0000012038,0000010715,1,2019-01-02 08:21:20
0000012039,0000010716,1,2019-08-29 18:17:06
0000012040,0000010717,1,2023-06-27 16:47:11
0000012041,0000010718,1,2021-06-28 00:20:24
0000012042,0000010719,1,2026-03-27 13:17:13
0000012043,0000010719,2,2026-03-27 13:18:31
0000012044,0000010720,1,2024-09-02 20:42:06
0000012045,0000010720,2,2024-09-02 20:40:51
0000012046,0000010721,1,2020-05-03 18:14:32
0000012047,0000010722,1,2018-09-01 09:03:48
0000012048,0000010723,1,2019-12-29 10:34:14
0000012049,0000010724,1,2019-06-07 20:21:26
0000012050,0000010725,1,2024-03-30 10:08:57
0000012051,0000010726,1,2020-04-22 18:08:10
0000012052,0000010727,1,2015-12-29 10:52:57
0000012053,0000010728,1,2015-10-22 23:04:38
0000012054,0000010729,1,2024-07-22 03:40:11
0000012055,0000010730,1,2021-09-06 00:41:32
0000012056,0000010731,1,2020-06-16 05:27:34
0000012057,0000010732,1,2019-12-21 01:07:42
0000012058,0000010733,1,2022-02-03 12:02:01
0000012059,0000010734,1,2019-04-30 15:42:15
0000012060,0000010735,1,2025-05-20 02:37:43
0000012061,0000010736,1,2021-02-27 01:56:55
0000012062,0000010736,2,2021-02-27 01:57:37
0000012063,0000010737,1,2026-02-15 13:57:52
0000012064,0000010738,1,2025-09-24 02:34:28
0000012065,0000010739,1,2024-04-21 08:26:56
0000012066,0000010740,1,2017-05-19 06:51:54
0000012067,0000010741,1,2021-12-24 21:17:50
0000012068,0000010742,1,2020-05-07 08:40:51
0000012069,0000010743,1,2018-11-25 10:42:28
0000012070,0000010744,1,2018-12-17 04:16:52
0000012071,0000010745,1,2021-05-31 03:12:15
0000012072,0000010746,1,2018-11-17 03:08:29
0000012073,0000010747,1,2018-05-24 04:17:40
0000012074,0000010748,1,2018-02-27 03:32:54
0000012075,0000010749,1,2018-04-08 18:58:33
0000012076,0000010750,1,2018-04-16 23:57:45
0000012077,0000010751,1,2018-04-28 14:48:59
0000012078,0000010752,1,2023-10-01 16:31:33
0000012079,0000010753,1,2020-05-07 00:35:47
0000012080,0000010754,1,2021-12-29 11:02:23
0000012081,0000010755,1,2016-03-11 08:05:02
0000012082,0000010756,1,2019-01-02 02:35:51
0000012083,0000010757,1,2024-06-20 23:42:58
0000012084,0000010758,1,2022-11-25 05:11:40
0000012085,0000010759,1,2023-06-04 23:52:08
0000012086,0000010759,2,2023-06-04 23:53:01
0000012087,0000010760,1,2021-09-10 10:11:46
0000012088,0000010761,1,2025-02-07 07:45:26
0000012089,0000010762,1,2026-09-29 02:43:20
0000012090,0000010763,1,2026-02-26 10:38:10
0000012091,0000010763,2,2026-02-26 10:38:16
0000012092,0000010764,1,2021-08-17 16:29:30
0000012093,0000010765,1,2020-07-28 02:52:19
0000012094,0000010766,1,2023-01-08 15:19:02
0000012095,0000010767,1,2025-12-02 10:12:34
0000012096,0000010768,1,2023-02-27 05:54:20
0000012097,0000010769,1,2021-08-14 05:20:06
0000012098,0000010769,2,2021-08-14 05:19:48
0000012099,0000010770,1,2020-12-22 11:00:21
0000012100,0000010770,2,2020-12-22 11:00:23
0000012101,0000010771,1,2020-11-01 00:54:54
0000012102,0000010772,1,2023-03-07 11:23:22
0000012103,0000010773,1,2021-01-06 08:19:13
0000012104,0000010774,1,2020-06-04 21:47:21
0000012105,0000010775,1,2025-02-08 12:00:35
0000012106,0000010776,1,2017-02-11 10:13:48
0000012107,0000010777,1,2023-09-12 22:34:23
0000012108,0000010778,1,2021-06-03 14:33:55
0000012109,0000010779,1,2022-02-16 04:31:54
0000012110,0000010780,1,2019-11-20 14:29:32
0000012111,0000010781,1,2019-11-18 17:25:39
0000012112,0000010782,1,2017-04-04 19:07:33
0000012113,0000010783,1,2015-10-29 00:53:34
0000012114,0000010784,1,2016-09-16 05:54:58
0000012115,0000010785,1,2022-06-15 03:28:39
0000012116,0000010786,1,2019-06-14 16:10:37
0000012117,0000010786,2,2019-06-14 16:10:56
0000012118,0000010787,1,2019-06-29 19:15:14
0000012119,0000010788,1,2022-06-11 05:08:16
0000012120,0000010789,1,2019-02-24 11:31:12
0000012121,0000010790,1,2020-10-04 01:59:13
0000012122,0000010791,1,2021-08-26 01:27:55
0000012123,0000010792,1,2020-08-23 10:21:49
0000012124,0000010793,1,2016-07-21 04:49:41
0000012125,0000010794,1,2026-01-17 00:38:57
0000012126,0000010795,1,2024-07-26 18:55:49
0000012127,0000010796,1,2022-01-31 18:18:54
0000012128,0000010796,2,2022-01-31 18:17:45
0000012129,0000010797,1,2018-06-12 12:00:26
0000012130,0000010798,1,2024-01-02 03:33:41
0000012131,0000010799,1,2024-06-09 04:30:50
0000012132,0000010800,1,2021-09-25 21:19:57
0000012133,0000010801,1,2015-07-21 13:59:51
0000012134,0000010802,1,2015-11-15 02:51:01
0000012135,0000010803,1,2016-06-29 07:44:22
0000012136,0000010803,2,2016-06-29 07:44:44
0000012137,0000010804,1,2025-09-13 04:43:15
0000012138,0000010805,1,2025-06-01 18:27:44
0000012139,0000010806,1,2025-09-15 14:08:51
0000012140,0000010807,1,2018-01-28 06:34:15
0000012141,0000010808,1,2022-10-07 21:32:14
0000012142,0000010809,1,2026-07-15 15:47:51
0000012143,0000010810,1,2023-12-10 04:44:46
0000012144,0000010811,1,2026-03-10 06:45:48
0000012145,0000010812,1,2021-11-13 00:22:56
0000012146,0000010813,1,2025-11-01 20:50:13
0000012147,0000010814,1,2025-07-13 01:47:26
0000012148,0000010815,1,2019-03-24 04:03:49
0000012149,0000010816,1,2023-09-30 20:22:21
0000012150,0000010817,1,2024-02-16 04:05:56
0000012151,0000010818,1,2021-05-28 15:49:08
0000012152,0000010819,1,2020-07-06 11:55:02
0000012153,0000010820,1,2023-01-15 21:29:47
0000012154,0000010821,1,2019-10-24 10:39:58
0000012155,0000010822,1,2020-08-21 15:00:42
0000012156,0000010823,1,2022-11-02 19:32:58
0000012157,0000010824,1,2026-06-03 12:21:23
0000012158,0000010825,1,2018-07-24 04:41:52
0000012159,0000010826,1,2023-04-14 20:20:18
0000012160,0000010827,1,2024-01-10 08:48:15
0000012161,0000010828,1,2018-01-08 02:51:58
0000012162,0000010828,2,2018-01-08 02:51:39
0000012163,0000010829,1,2021-02-01 01:35:31
0000012164,0000010829,2,2021-02-01 01:35:31
0000012165,0000010830,1,2021-12-22 00:19:11
0000012166,0000010830,2,2021-12-22 00:18:30
0000012167,0000010831,1,2021-01-19 00:39:20
0000012168,0000010832,1,2015-12-25 16:34:07
0000012169,0000010832,2,2015-12-25 16:33:30
0000012170,0000010833,1,2025-09-17 13:48:16
0000012171,0000010834,1,2024-04-30 07:43:16
0000012172,0000010835,1,2019-08-11 13:29:31
0000012173,0000010836,1,2026-05-30 06:27:22
0000012174,0000010836,2,2026-05-30 06:27:23
0000012175,0000010837,1,2024-07-14 05:26:05
0000012176,0000010838,1,2019-02-21 20:55:49
0000012177,0000010839,1,2023-07-18 10:20:24
0000012178,0000010840,1,2017-11-25 13:47:14
0000012179,0000010841,1,2023-02-15 09:25:23
0000012180,0000010842,1,2026-06-25 20:34:19
0000012181,0000010843,1,2025-06-19 04:26:58
0000012182,0000010844,1,2026-09-28 11:31:21
0000012183,0000010845,1,2022-12-14 06:01:22
0000012184,0000010846,1,2022-01-03 09:32:29
0000012185,0000010847,1,2022-04-19 04:23:27
0000012186,0000010848,1,2025-09-13 04:40:49
0000012187,0000010849,1,2023-01-14 21:46:39
0000012188,0000010850,1,2018-12-05 10:12:07
0000012189,0000010850,2,2018-12-05 10:12:06
0000012190,0000010851,1,2017-01-29 19:37:49
0000012191,0000010852,1,2022-06-26 16:18:21
0000012192,0000010853,1,2018-03-05 16:13:21
0000012193,0000010854,1,2023-07-07 16:43:03
0000012194,0000010855,1,2017-12-24 12:54:35
0000012195,0000010855,2,2017-12-24 12:54:51
0000012196,0000010856,1,2019-05-25 15:35:28
0000012197,0000010857,1,2016-05-05 05:46:44
0000012198,0000010858,1,2017-03-25 10:12:56
0000012199,0000010859,1,2015-09-27 11:29:39
0000012200,0000010860,1,2020-07-05 20:54:57
0000012201,0000010861,1,2016-08-22 17:55:45
0000012202,0000010862,1,2017-10-10 21:11:06
0000012203,0000010862,2,2017-10-10 21:11:49
0000012204,0000010863,1,2019-02-25 12:24:20
0000012205,0000010864,1,2018-12-06 22:26:24
0000012206,0000010865,1,2018-06-07 11:28:34
0000012207,0000010866,1,2017-07-23 04:16:18
0000012208,0000010867,1,2017-04-20 20:30:28
0000012209,0000010868,1,2018-05-18 07:17:44
0000012210,0000010869,1,2026-08-03 11:27:52
0000012211,0000010870,1,2020-08-12 13:51:38
0000012212,0000010871,1,2026-02-25 03:32:29
0000012213,0000010872,1,2018-10-06 23:45:02
0000012214,0000010873,1,2020-07-22 02:15:55
0000012215,0000010874,1,2025-04-25 08:56:57
0000012216,0000010874,2,2025-04-25 08:56:27
0000012217,0000010875,1,2025-04-29 01:53:37
0000012218,0000010876,1,2021-01-30 17:07:04
0000012219,0000010877,1,2024-02-17 09:59:13
0000012220,0000010878,1,2018-02-06 00:26:22
0000012221,0000010879,1,2020-11-26 12:50:32
0000012222,0000010880,1,2021-02-08 00:39:49
0000012223,0000010881,1,2025-01-17 09:37:18
0000012224,0000010882,1,2023-07-29 00:40:44
0000012225,0000010883,1,2018-09-01 22:25:25
0000012226,0000010884,1,2020-09-09 21:44:23
0000012227,0000010885,1,2025-12-18 05:41:52
0000012228,0000010886,1,2019-07-12 01:21:45
0000012229,0000010887,1,2020-12-19 01:13:07
0000012230,0000010887,2,2020-12-19 01:13:33
0000012231,0000010888,1,2022-04-11 04:25:24
0000012232,0000010889,1,2022-04-26 03:33:32
0000012233,0000010890,1,2020-05-03 21:31:07
0000012234,0000010891,1,2022-08-09 13:49:32
0000012235,0000010892,1,2022-07-25 22:35:45
0000012236,0000010893,1,2024-09-11 12:45:44
0000012237,0000010894,1,2022-04-18 04:06:52
0000012238,0000010894,2,2022-04-18 04:07:32
0000012239,0000010895,1,2023-06-18 19:16:07
0000012240,0000010896,1,2020-01-30 07:58:35
0000012241,0000010897,1,2020-04-27 01:47:20
0000012242,0000010898,1,2021-03-16 05:06:48
0000012243,0000010899,1,2024-08-09 14:09:52
0000012244,0000010900,1,2016-06-01 21:52:04
0000012245,0000010900,2,2016-06-01 21:52:02
0000012246,0000010901,1,2022-05-04 09:14:37
0000012247,0000010902,1,2024-03-04 22:11:55
0000012248,0000010903,1,2020-04-09 22:23:42
0000012249,0000010903,2,2020-04-09 22:24:05
0000012250,0000010904,1,2024-03-28 16:46:21
0000012251,0000010904,2,2024-03-28 16:46:32
0000012252,0000010905,1,2020-05-27 13:59:33
0000012253,0000010906,1,2021-09-09 01:28:53
0000012254,0000010907,1,2024-11-22 18:29:38
0000012255,0000010908,1,2019-02-20 10:27:04
0000012256,0000010908,2,2019-02-20 10:27:44
0000012257,0000010909,1,2018-12-03 05:38:31
0000012258,0000010910,1,2023-05-23 07:53:44
0000012259,0000010911,1,2022-08-02 00:46:40
0000012260,0000010912,1,2025-05-03 09:52:04
0000012261,0000010913,1,2019-12-08 11:35:52
0000012262,0000010914,1,2016-10-03 23:06:03
0000012263,0000010915,1,2016-01-21 21:01:11
0000012264,0000010916,1,2016-04-23 10:33:19
0000012265,0000010917,1,2016-10-10 15:16:52
0000012266,0000010918,1,2016-09-04 15:41:31
0000012267,0000010919,1,2016-10-31 05:08:18
0000012268,0000010920,1,2016-06-07 11:17:22
0000012269,0000010921,1,2016-03-30 08:26:56
0000012270,0000010922,1,2016-09-13 10:47:14
0000012271,0000010923,1,2016-03-23 06:26:20
0000012272,0000010924,1,2016-08-30 01:35:24
0000012273,0000010924,2,2016-08-30 01:35:15
0000012274,0000010925,1,2016-06-29 13:24:56
0000012275,0000010925,2,2016-06-29 13:24:59
0000012276,0000010926,1,2026-01-26 03:30:44
0000012277,0000010927,1,2018-04-15 10:22:14
0000012278,0000010927,2,2018-04-15 10:22:51
0000012279,0000010928,1,2022-10-22 21:42:44
0000012280,0000010929,1,2020-10-07 11:35:14
0000012281,0000010930,1,2017-03-04 13:29:40
0000012282,0000010930,2,2017-03-04 13:29:34
0000012283,0000010931,1,2025-04-12 05:35:50
0000012284,0000010932,1,2024-09-22 14:26:27
0000012285,0000010933,1,2024-07-26 16:36:23
0000012286,0000010934,1,2026-01-23 10:23:22
0000012287,0000010934,2,2026-01-23 10:23:14
0000012288,0000010935,1,2017-07-17 16:18:10
0000012289,0000010936,1,2020-04-02 20:51:28
0000012290,0000010937,1,2021-02-18 09:21:02
0000012291,0000010938,1,2018-10-09 03:56:18
0000012292,0000010938,2,2018-10-09 03:56:35
0000012293,0000010939,1,2016-12-30 02:11:33
0000012294,0000010940,1,2016-09-04 12:27:42
0000012295,0000010941,1,2016-11-20 21:02:15
0000012296,0000010941,2,2016-11-20 21:03:10
0000012297,0000010942,1,2016-09-24 15:32:48
0000012298,0000010942,2,2016-09-24 15:33:26
0000012299,0000010943,1,2017-02-02 08:59:32
0000012300,0000010944,1,2016-12-12 16:06:33
0000012301,0000010945,1,2017-02-19 07:22:37
0000012302,0000010946,1,2016-11-24 21:46:09
0000012303,0000010947,1,2024-12-03 07:44:01
0000012304,0000010948,1,2017-12-29 13:03:39
0000012305,0000010948,2,2017-12-29 13:03:19
0000012306,0000010949,1,2016-11-30 14:25:19
0000012307,0000010950,1,2019-10-27 13:44:04
0000012308,0000010951,1,2018-06-23 09:36:19
0000012309,0000010952,1,2022-03-11 21:57:34
0000012310,0000010952,2,2022-03-11 21:57:25
0000012311,0000010953,1,2019-04-24 04:38:22
0000012312,0000010954,1,2023-08-01 05:02:44
0000012313,0000010955,1,2018-06-17 07:40:19
0000012314,0000010956,1,2019-02-11 05:26:59
0000012315,0000010957,1,2018-11-29 07:02:25
0000012316,0000010958,1,2025-07-16 15:39:43
0000012317,0000010959,1,2017-07-26 06:21:24
0000012318,0000010960,1,2025-04-09 05:39:47
0000012319,0000010961,1,2019-11-15 07:59:30
0000012320,0000010962,1,2019-07-18 07:26:41
0000012321,0000010963,1,2023-07-23 06:04:38
0000012322,0000010964,1,2026-09-30 09:35:26
0000012323,0000010965,1,2022-10-03 07:20:01
0000012324,0000010966,1,2026-09-12 06:50:14
0000012325,0000010966,2,2026-09-12 06:50:51
0000012326,0000010967,1,2019-11-25 03:20:04
0000012327,0000010968,1,2026-06-29 16:30:30
0000012328,0000010969,1,2021-09-12 08:42:29
0000012329,0000010970,1,2026-03-28 19:59:38
0000012330,0000010971,1,2019-01-04 16:51:26
0000012331,0000010972,1,2018-04-29 09:45:51
0000012332,0000010973,1,2022-11-02 22:37:31
0000012333,0000010974,1,2023-07-10 13:41:03
0000012334,0000010975,1,2021-07-22 03:40:15
0000012335,0000010976,1,2021-09-15 11:55:31
0000012336,0000010976,2,2021-09-15 11:54:30
0000012337,0000010977,1,2025-09-24 19:23:38
0000012338,0000010978,1,2020-10-03 05:08:34
0000012339,0000010979,1,2017-02-21 12:35:22
0000012340,0000010980,1,2017-05-24 16:42:54
0000012341,0000010981,1,2019-05-06 13:54:25
0000012342,0000010982,1,2023-08-26 15:26:44
0000012343,0000010983,1,2020-04-25 01:17:11
0000012344,0000010984,1,2021-08-27 04:57:36
0000012345,0000010985,1,2016-08-14 04:31:13
0000012346,0000010985,2,2016-08-14 04:31:08
0000012347,0000010986,1,2023-01-29 15:29:16
0000012348,0000010987,1,2019-08-03 01:19:44
0000012349,0000010988,1,2021-06-08 10:42:00
0000012350,0000010989,1,2021-07-29 10:57:22
0000012351,0000010990,1,2018-07-31 23:41:07
0000012352,0000010991,1,2016-07-21 15:14:05
0000012353,0000010991,2,2016-07-21 15:14:49
0000012354,0000010992,1,2016-12-22 00:43:22
0000012355,0000010993,1,2026-07-30 00:41:53
0000012356,0000010994,1,2020-05-08 03:26:16
0000012357,0000010995,1,2017-01-15 14:23:42
0000012358,0000010995,2,2017-01-15 14:22:42
0000012359,0000010996,1,2023-04-30 19:28:32
0000012360,0000010997,1,2016-05-30 20:33:40
0000012361,0000010998,1,2023-10-02 21:46:56
0000012362,0000010999,1,2019-02-08 07:23:07
0000012363,0000011000,1,2018-11-08 14:14:02
0000012364,0000011000,2,2018-11-08 14:13:53
0000012365,0000011001,1,2024-06-15 15:43:00
0000012366,0000011002,1,2024-09-01 19:17:40
0000012367,0000011003,1,2022-06-30 17:22:24
0000012368,0000011004,1,2020-05-04 17:56:39
0000012369,0000011005,1,2022-09-30 21:41:54
0000012370,0000011006,1,2018-05-29 06:38:06
0000012371,0000011007,1,2016-08-18 04:56:09
0000012372,0000011007,2,2016-08-18 04:56:34
0000012373,0000011008,1,2015-11-29 13:20:03
0000012374,0000011009,1,2015-12-16 05:25:16
0000012375,0000011010,1,2020-07-19 05:48:01
0000012376,0000011011,1,2015-07-06 20:45:39
0000012377,0000011011,2,2015-07-06 20:45:32
0000012378,0000011012,1,2016-04-13 00:41:08
0000012379,0000011013,1,2021-02-18 14:19:59
0000012380,0000011013,2,2021-02-18 14:18:56
0000012381,0000011014,1,2021-07-19 13:55:37
0000012382,0000011015,1,2015-06-11 00:01:24
0000012383,0000011016,1,2016-01-11 09:26:14
0000012384,0000011017,1,2015-12-18 07:46:02
0000012385,0000011018,1,2016-06-24 22:34:06
0000012386,0000011018,2,2016-06-24 22:32:59
0000012387,0000011019,1,2016-04-08 08:28:56
0000012388,0000011020,1,2016-04-10 02:29:55
0000012389,0000011021,1,2015-07-02 14:08:47
0000012390,0000011022,1,2015-10-06 10:29:22
0000012391,0000011023,1,2024-10-14 03:25:04
0000012392,0000011024,1,2026-03-28 01:15:31
0000012393,0000011025,1,2026-09-13 11:13:18
0000012394,0000011026,1,2026-08-25 21:58:40
0000012395,0000011027,1,2017-08-23 15:40:46
0000012396,0000011028,1,2024-04-14 06:08:05
0000012397,0000011029,1,2024-10-23 09:23:59
0000012398,0000011030,1,2026-09-05 07:30:47
0000012399,0000011031,1,2022-09-14 13:11:00
0000012400,0000011032,1,2022-06-23 02:30:18
0000012401,0000011033,1,2021-03-12 13:22:22
0000012402,0000011034,1,2020-04-19 03:24:10
0000012403,0000011035,1,2023-08-26 16:45:27
0000012404,0000011036,1,2020-07-16 14:30:18
0000012405,0000011037,1,2019-12-19 22:42:36
0000012406,0000011037,2,2019-12-19 22:41:43
0000012407,0000011038,1,2022-06-06 11:35:08
0000012408,0000011039,1,2024-11-16 18:59:37
0000012409,0000011040,1,2018-04-27 01:02:14
0000012410,0000011041,1,2022-05-27 18:09:12
0000012411,0000011042,1,2022-04-29 23:50:54
0000012412,0000011043,1,2020-04-08 10:55:08
0000012413,0000011044,1,2022-10-11 19:43:48
0000012414,0000011045,1,2021-11-18 20:41:21
0000012415,0000011046,1,2024-12-12 08:32:47
0000012416,0000011046,2,2024-12-12 08:33:11
0000012417,0000011047,1,2024-09-19 16:04:40
0000012418,0000011048,1,2017-02-06 01:25:42
0000012419,0000011049,1,2022-07-29 21:49:29
0000012420,0000011050,1,2023-08-02 10:37:45
0000012421,0000011051,1,2023-04-22 17:31:09
0000012422,0000011052,1,2025-03-07 21:04:20
0000012423,0000011052,2,2025-03-07 21:04:07
0000012424,0000011053,1,2015-09-27 23:55:30
0000012425,0000011054,1,2020-09-19 03:04:50
0000012426,0000011055,1,2024-09-21 07:06:46
0000012427,0000011056,1,2017-07-29 03:07:49
0000012428,0000011056,2,2017-07-29 03:08:21
0000012429,0000011057,1,2019-10-11 21:07:40
0000012430,0000011058,1,2026-06-26 04:00:43
0000012431,0000011059,1,2018-11-07 02:51:11
0000012432,0000011060,1,2016-08-31 08:05:32
0000012433,0000011061,1,2016-10-24 01:33:06
0000012434,0000011062,1,2017-10-06 19:26:36
0000012435,0000011063,1,2016-08-10 06:16:15
0000012436,0000011064,1,2017-11-10 17:32:10
0000012437,0000011065,1,2017-08-28 08:03:08
0000012438,0000011066,1,2017-06-22 10:45:27
0000012439,0000011067,1,2017-08-11 05:55:06
0000012440,0000011068,1,2016-05-25 06:11:13
0000012441,0000011069,1,2017-07-14 12:54:11
0000012442,0000011070,1,2019-09-06 22:43:11
0000012443,0000011071,1,2024-12-07 03:52:04
0000012444,0000011072,1,2018-03-10 19:50:31
0000012445,0000011073,1,2018-11-03 13:15:43
0000012446,0000011074,1,2016-03-25 21:10:52
0000012447,0000011075,1,2018-09-20 02:12:39
0000012448,0000011076,1,2018-01-16 11:24:57
0000012449,0000011077,1,2016-10-01 21:48:27
0000012450,0000011078,1,2018-05-24 02:06:31
0000012451,0000011079,1,2018-08-05 21:56:57
0000012452,0000011080,1,2022-10-23 14:37:18
0000012453,0000011081,1,2026-07-16 13:52:43
0000012454,0000011082,1,2017-11-07 10:52:13
0000012455,0000011083,1,2016-05-12 15:35:26
0000012456,0000011084,1,2020-11-07 20:58:25
0000012457,0000011084,2,2020-11-07 20:57:40
0000012458,0000011085,1,2025-08-03 09:42:06
0000012459,0000011085,2,2025-08-03 09:43:26
0000012460,0000011086,1,2018-11-17 20:52:17
0000012461,0000011087,1,2025-07-12 04:00:21
0000012462,0000011088,1,2023-11-21 20:09:56
0000012463,0000011089,1,2025-11-16 10:49:32
0000012464,0000011090,1,2017-04-16 11:05:56
0000012465,0000011091,1,2024-09-14 12:58:56
0000012466,0000011091,2,2024-09-14 12:58:27
0000012467,0000011092,1,2023-07-20 04:41:30
0000012468,0000011093,1,2018-09-24 20:43:14
0000012469,0000011094,1,2020-08-01 16:52:38
0000012470,0000011095,1,2026-03-13 01:02:59
0000012471,0000011096,1,2020-05-20 19:26:56
0000012472,0000011097,1,2019-05-06 03:15:04
0000012473,0000011098,1,2020-03-03 03:16:12
0000012474,0000011099,1,2019-04-18 01:41:29
0000012475,0000011100,1,2026-08-25 18:32:57
0000012476,0000011101,1,2021-10-31 23:38:47
0000012477,0000011102,1,2019-02-10 19:11:39
0000012478,0000011103,1,2023-07-08 03:18:43
0000012479,0000011104,1,2023-08-12 16:05:35
0000012480,0000011105,1,2018-10-18 05:09:54
0000012481,0000011106,1,2026-05-31 02:02:54
0000012482,0000011107,1,2026-06-28 13:50:55
0000012483,0000011108,1,2026-09-29 04:45:46
0000012484,0000011109,1,2016-05-09 01:53:51
0000012485,0000011110,1,2017-12-18 22:48:20
0000012486,0000011110,2,2017-12-18 22:49:23
0000012487,0000011111,1,2025-05-18 01:30:58
0000012488,0000011112,1,2024-10-18 00:39:34
0000012489,0000011113,1,2022-10-15 03:23:34
0000012490,0000011114,1,2020-06-18 00:52:29
0000012491,0000011115,1,2020-07-15 03:27:19
0000012492,0000011116,1,2018-06-08 10:02:30
0000012493,0000011117,1,2023-01-10 02:17:04
0000012494,0000011118,1,2021-12-21 08:36:50
0000012495,0000011119,1,2021-12-16 08:25:20
0000012496,0000011120,1,2020-09-08 14:03:02
0000012497,0000011121,1,2026-09-11 20:50:17
0000012498,0000011122,1,2023-04-05 13:18:35
0000012499,0000011123,1,2021-11-12 00:46:25
0000012500,0000011124,1,2019-11-12 07:54:29
0000012501,0000011125,1,2022-06-09 03:07:06
0000012502,0000011125,2,2022-06-09 03:07:16
0000012503,0000011126,1,2021-02-14 06:07:10
0000012504,0000011127,1,2021-03-19 14:23:45
0000012505,0000011128,1,2019-04-01 19:48:54
0000012506,0000011129,1,2023-10-12 22:39:08
0000012507,0000011130,1,2017-09-08 22:02:24
0000012508,0000011131,1,2018-03-07 03:48:56
0000012509,0000011131,2,2018-03-07 03:50:22
0000012510,0000011132,1,2017-07-22 12:44:58
0000012511,0000011133,1,2018-10-05 08:47:43
0000012512,0000011134,1,2023-04-01 07:38:31
0000012513,0000011135,1,2024-01-03 04:31:40
0000012514,0000011136,1,2018-01-22 21:06:36
0000012515,0000011137,1,2023-11-13 23:47:22
0000012516,0000011138,1,2017-12-25 00:38:36
0000012517,0000011139,1,2021-02-16 19:34:06
0000012518,0000011140,1,2026-01-30 11:45:38
0000012519,0000011141,1,2017-04-01 05:18:25
0000012520,0000011142,1,2025-11-06 22:31:28
0000012521,0000011142,2,2025-11-06 22:32:48
0000012522,0000011143,1,2025-04-23 06:19:41
0000012523,0000011144,1,2020-09-27 13:31:28
0000012524,0000011145,1,2022-06-13 06:32:49
0000012525,0000011146,1,2018-08-31 08:21:16
0000012526,0000011147,1,2020-03-02 12:57:45
0000012527,0000011148,1,2022-12-01 08:25:18
0000012528,0000011149,1,2022-01-15 02:29:39
0000012529,0000011150,1,2020-09-15 16:02:53
0000012530,0000011151,1,2016-01-27 14:06:37
0000012531,0000011152,1,2017-05-21 07:07:04
0000012532,0000011153,1,2018-09-08 01:04:45
0000012533,0000011153,2,2018-09-08 01:04:34
0000012534,0000011154,1,2024-09-16 18:18:06
0000012535,0000011155,1,2020-02-25 20:26:53
0000012536,0000011155,2,2020-02-25 20:26:42
0000012537,0000011156,1,2025-08-21 17:09:48
0000012538,0000011157,1,2026-05-10 04:38:47
0000012539,0000011157,2,2026-05-10 04:38:02
0000012540,0000011158,1,2023-11-09 16:08:30
0000012541,0000011158,2,2023-11-09 16:09:53
0000012542,0000011159,1,2023-03-28 01:45:33
0000012543,0000011160,1,2021-06-29 11:47:52
0000012544,0000011161,1,2020-02-22 07:39:28
0000012545,0000011162,1,2020-07-06 18:05:29
0000012546,0000011163,1,2023-08-04 14:11:35
0000012547,0000011164,1,2019-05-02 06:54:53
0000012548,0000011165,1,2022-02-04 23:11:37
0000012549,0000011166,1,2024-03-25 07:35:11
0000012550,0000011167,1,2023-10-07 20:56:50
0000012551,0000011167,2,2023-10-07 20:57:53
0000012552,0000011168,1,2025-12-25 08:50:37
0000012553,0000011169,1,2026-07-09 15:30:04
0000012554,0000011170,1,2020-09-13 07:56:34
0000012555,0000011171,1,2025-07-01 17:50:06
0000012556,0000011172,1,2022-11-28 01:50:28
0000012557,0000011173,1,2020-02-12 16:10:16
0000012558,0000011174,1,2021-09-05 22:15:45
0000012559,0000011175,1,2020-06-11 02:49:46
0000012560,0000011176,1,2020-12-12 11:44:43
0000012561,0000011177,1,2023-09-07 08:16:50
0000012562,0000011177,2,2023-09-07 08:16:30
0000012563,0000011178,1,2020-05-16 17:10:05
0000012564,0000011179,1,2025-02-17 04:04:32
0000012565,0000011180,1,2025-08-10 04:41:39
0000012566,0000011181,1,2016-10-10 09:30:55
0000012567,0000011182,1,2025-04-30 21:02:57
0000012568,0000011183,1,2018-12-18 05:13:31
0000012569,0000011184,1,2018-02-02 22:21:29
0000012570,0000011185,1,2018-01-19 14:17:52
0000012571,0000011185,2,2018-01-19 14:19:22
0000012572,0000011186,1,2017-10-08 08:21:03
0000012573,0000011187,1,2022-05-30 13:23:35
0000012574,0000011188,1,2016-01-07 19:40:43
0000012575,0000011189,1,2016-04-03 17:40:51
0000012576,0000011189,2,2016-04-03 17:39:49
0000012577,0000011190,1,2025-05-27 15:32:39
0000012578,0000011191,1,2015-04-12 20:38:15
0000012579,0000011192,1,2023-12-15 00:37:38
0000012580,0000011193,1,2017-11-07 19:09:49
0000012581,0000011194,1,2015-04-27 01:35:58
0000012582,0000011195,1,2018-09-21 15:46:00
0000012583,0000011195,2,2018-09-21 15:47:24
0000012584,0000011196,1,2020-01-26 10:00:49
0000012585,0000011196,2,2020-01-26 10:00:32
0000012586,0000011197,1,2017-07-20 03:20:15
0000012587,0000011198,1,2018-04-30 09:55:55
0000012588,0000011199,1,2020-12-02 06:06:00
0000012589,0000011200,1,2022-05-19 08:42:01
0000012590,0000011201,1,2017-12-28 20:00:33
0000012591,0000011202,1,2020-04-18 12:02:55
0000012592,0000011203,1,2017-11-09 06:51:50
0000012593,0000011204,1,2024-12-31 02:00:50
0000012594,0000011205,1,2015-01-02 06:37:50
0000012595,0000011206,1,2014-12-05 05:55:04
0000012596,0000011207,1,2014-12-10 07:42:09
0000012597,0000011208,1,2014-11-11 13:13:26
0000012598,0000011209,1,2015-01-21 16:06:25
0000012599,0000011209,2,2015-01-21 16:06:30
0000012600,0000011210,1,2014-12-26 23:46:24
0000012601,0000011211,1,2015-01-11 02:28:25
0000012602,0000011212,1,2015-01-18 08:22:29
0000012603,0000011213,1,2021-04-05 00:49:40
0000012604,0000011214,1,2019-09-29 11:17:10
0000012605,0000011214,2,2019-09-29 11:16:21
0000012606,0000011215,1,2021-06-01 13:37:13
0000012607,0000011216,1,2020-02-28 19:56:34
0000012608,0000011217,1,2021-01-09 23:11:09
0000012609,0000011218,1,2024-09-30 07:34:43
0000012610,0000011219,1,2019-02-25 18:56:37
0000012611,0000011220,1,2019-09-17 14:36:51
0000012612,0000011221,1,2019-04-23 20:52:45
0000012613,0000011222,1,2020-05-29 17:10:22
0000012614,0000011223,1,2018-05-09 08:59:12
0000012615,0000011224,1,2018-10-19 21:57:39
0000012616,0000011225,1,2021-04-19 03:24:58
0000012617,0000011226,1,2018-12-12 15:40:16
0000012618,0000011227,1,2021-06-20 21:22:12
0000012619,0000011228,1,2018-04-08 05:19:23
0000012620,0000011229,1,2023-08-06 12:24:49
0000012621,0000011230,1,2023-10-28 21:48:45
0000012622,0000011231,1,2021-04-03 19:53:00
0000012623,0000011232,1,2023-09-21 08:12:04
0000012624,0000011233,1,2019-09-21 11:40:32
0000012625,0000011234,1,2018-04-18 23:57:37
0000012626,0000011235,1,2023-04-06 07:19:31
0000012627,0000011236,1,2022-08-06 03:25:10
0000012628,0000011237,1,2022-09-10 04:52:10
0000012629,0000011237,2,2022-09-10 04:51:13
0000012630,0000011238,1,2025-02-26 16:35:18
0000012631,0000011239,1,2016-09-10 13:08:57
0000012632,0000011240,1,2017-03-29 19:09:04
0000012633,0000011241,1,2022-07-18 19:30:13
0000012634,0000011241,2,2022-07-18 19:30:17
0000012635,0000011242,1,2018-07-17 19:27:43
0000012636,0000011243,1,2023-01-26 13:21:56
0000012637,0000011243,2,2023-01-26 13:21:54
0000012638,0000011244,1,2024-04-06 22:37:23
0000012639,0000011245,1,2020-05-04 09:01:25
0000012640,0000011246,1,2023-06-01 09:43:40
0000012641,0000011247,1,2019-03-14 13:07:05
0000012642,0000011248,1,2024-05-18 00:29:18
0000012643,0000011249,1,2024-09-12 02:06:22
0000012644,0000011250,1,2017-03-29 18:32:22
0000012645,0000011251,1,2017-10-25 11:07:46
0000012646,0000011252,1,2024-04-22 01:21:34
0000012647,0000011253,1,2025-08-15 21:48:51
0000012648,0000011254,1,2025-11-03 16:31:20
0000012649,0000011255,1,2026-05-01 22:33:57
0000012650,0000011256,1,2020-07-01 20:52:42
0000012651,0000011257,1,2018-02-22 21:59:27
0000012652,0000011258,1,2016-02-13 12:36:59
0000012653,0000011259,1,2017-02-14 09:21:14
0000012654,0000011260,1,2018-05-03 04:53:43
0000012655,0000011261,1,2018-08-16 15:02:15
0000012656,0000011262,1,2018-03-11 20:48:46
0000012657,0000011263,1,2018-07-20 17:08:10
0000012658,0000011264,1,2018-04-10 12:42:45
0000012659,0000011265,1,2018-07-31 20:07:34
0000012660,0000011266,1,2017-03-23 04:44:19
0000012661,0000011267,1,2023-02-10 09:39:58
0000012662,0000011268,1,2017-01-14 22:45:29
0000012663,0000011269,1,2018-05-19 14:12:22
0000012664,0000011270,1,2023-02-01 06:19:20
0000012665,0000011271,1,2026-09-30 21:05:00
0000012666,0000011272,1,2019-08-29 05:57:07
0000012667,0000011273,1,2019-12-26 23:23:27
0000012668,0000011274,1,2020-09-12 01:34:08
0000012669,0000011274,2,2020-09-12 01:32:53
0000012670,0000011275,1,2022-12-05 22:18:53
0000012671,0000011276,1,2022-01-28 22:39:16
0000012672,0000011277,1,2018-07-31 10:42:54
0000012673,0000011278,1,2020-04-28 13:01:40
0000012674,0000011279,1,2022-08-29 09:52:17
0000012675,0000011280,1,2020-06-28 09:58:31
0000012676,0000011281,1,2022-10-30 03:54:14
0000012677,0000011282,1,2017-11-13 06:07:17
0000012678,0000011283,1,2017-08-06 12:18:39
0000012679,0000011284,1,2018-07-10 20:31:16
0000012680,0000011284,2,2018-07-10 20:32:39
0000012681,0000011285,1,2021-11-08 14:03:08
0000012682,0000011286,1,2025-05-11 16:19:03
0000012683,0000011287,1,2015-10-17 01:18:46
0000012684,0000011288,1,2026-01-20 06:26:29
0000012685,0000011289,1,2020-08-15 01:59:49
0000012686,0000011290,1,2017-05-20 02:44:01
0000012687,0000011291,1,2019-08-13 03:29:18
0000012688,0000011292,1,2020-06-24 07:30:45
0000012689,0000011293,1,2018-01-29 17:30:02
0000012690,0000011294,1,2019-03-19 23:52:00
0000012691,0000011295,1,2018-03-21 19:51:13
0000012692,0000011296,1,2023-04-06 21:33:01
0000012693,0000011297,1,2021-08-08 15:01:19
0000012694,0000011298,1,2024-07-01 13:56:51
0000012695,0000011299,1,2025-02-10 19:02:29
0000012696,0000011300,1,2016-02-06 23:29:24
0000012697,0000011301,1,2024-02-19 07:07:33
0000012698,0000011302,1,2021-01-30 00:10:20
0000012699,0000011303,1,2020-08-21 12:37:06
0000012700,0000011304,1,2023-05-27 13:53:31
0000012701,0000011305,1,2022-03-02 10:28:54
0000012702,0000011306,1,2021-06-11 07:41:59
0000012703,0000011307,1,2019-09-16 15:37:33
0000012704,0000011308,1,2020-12-30 11:24:56
0000012705,0000011309,1,2019-01-22 12:57:22
0000012706,0000011310,1,2019-01-23 22:41:58
0000012707,0000011311,1,2022-09-28 07:54:47
0000012708,0000011312,1,2025-03-05 10:05:57
0000012709,0000011313,1,2017-09-13 05:55:07
0000012710,0000011314,1,2020-12-29 09:58:39
0000012711,0000011315,1,2019-03-19 19:05:31
0000012712,0000011316,1,2019-08-05 16:31:32
0000012713,0000011317,1,2018-05-01 02:42:46
0000012714,0000011318,1,2024-02-08 12:41:22
0000012715,0000011319,1,2021-06-11 00:54:59
0000012716,0000011320,1,2025-11-12 01:18:27
0000012717,0000011321,1,2018-08-21 19:41:24
0000012718,0000011322,1,2026-07-25 22:32:47
0000012719,0000011323,1,2024-02-12 17:05:14
0000012720,0000011323,2,2024-02-12 17:04:35
0000012721,0000011324,1,2025-11-02 13:08:58
0000012722,0000011325,1,2017-08-04 11:19:51
0000012723,0000011326,1,2023-07-16 15:14:14
0000012724,0000011327,1,2025-12-30 12:51:52
0000012725,0000011328,1,2021-12-25 18:58:57
0000012726,0000011329,1,2021-10-31 10:37:53
0000012727,0000011330,1,2025-01-13 12:56:07
0000012728,0000011331,1,2019-12-22 01:00:24
0000012729,0000011332,1,2026-10-05 01:52:56
0000012730,0000011333,1,2021-06-27 16:18:59
0000012731,0000011334,1,2020-10-10 12:15:12
0000012732,0000011335,1,2022-09-23 18:21:17
0000012733,0000011336,1,2020-03-18 20:12:02
0000012734,0000011337,1,2020-12-08 15:24:17
0000012735,0000011338,1,2022-06-22 14:30:14
0000012736,0000011339,1,2020-07-16 05:12:51
0000012737,0000011340,1,2018-11-16 19:27:24
0000012738,0000011341,1,2019-08-25 01:40:42
0000012739,0000011342,1,2023-04-30 16:03:03
0000012740,0000011343,1,2022-08-15 21:55:43
0000012741,0000011344,1,2026-05-11 20:01:33
0000012742,0000011345,1,2023-01-20 21:11:04
0000012743,0000011345,2,2023-01-20 21:11:44
0000012744,0000011346,1,2019-01-17 20:17:13
0000012745,0000011347,1,2024-01-20 18:18:53
0000012746,0000011348,1,2022-11-28 05:57:45
0000012747,0000011349,1,2018-11-12 12:36:48
0000012748,0000011350,1,2018-02-10 04:45:52
0000012749,0000011350,2,2018-02-10 04:46:29
0000012750,0000011351,1,2026-02-28 07:23:07
0000012751,0000011352,1,2021-11-19 22:12:55
0000012752,0000011353,1,2024-09-16 01:40:24
0000012753,0000011354,1,2023-07-30 02:22:53
0000012754,0000011355,1,2020-10-17 23:47:42
0000012755,0000011355,2,2020-10-17 23:48:22
0000012756,0000011356,1,2023-10-10 18:44:24
0000012757,0000011357,1,2019-06-09 20:14:11
0000012758,0000011358,1,2020-12-22 17:06:19
0000012759,0000011359,1,2019-04-25 22:54:22
0000012760,0000011360,1,2024-04-02 22:30:34
0000012761,0000011361,1,2017-05-12 00:05:41
0000012762,0000011362,1,2018-08-22 07:26:47
0000012763,0000011363,1,2022-09-25 23:27:45
0000012764,0000011364,1,2024-07-17 20:39:56
0000012765,0000011365,1,2021-10-31 08:56:30
0000012766,0000011366,1,2024-07-27 11:54:04
0000012767,0000011366,2,2024-07-27 11:54:35
0000012768,0000011367,1,2018-01-15 08:29:15
0000012769,0000011368,1,2021-10-12 11:20:26
0000012770,0000011369,1,2018-12-11 21:43:47
0000012771,0000011369,2,2018-12-11 21:43:37
0000012772,0000011370,1,2016-09-20 06:46:57
0000012773,0000011371,1,2023-10-05 14:10:27
0000012774,0000011372,1,2025-03-12 06:31:25
0000012775,0000011373,1,2018-04-01 11:34:30
0000012776,0000011374,1,2026-10-06 06:42:20
0000012777,0000011375,1,2021-06-19 01:10:12
0000012778,0000011376,1,2019-09-09 21:29:17
0000012779,0000011376,2,2019-09-09 21:27:55
0000012780,0000011377,1,2015-07-17 01:59:47
0000012781,0000011378,1,2022-02-07 15:42:42
0000012782,0000011379,1,2026-04-14 13:17:17
0000012783,0000011380,1,2019-05-07 14:28:58
0000012784,0000011381,1,2026-03-31 21:50:35
0000012785,0000011382,1,2026-06-01 22:15:14
0000012786,0000011383,1,2026-01-21 12:38:36
0000012787,0000011384,1,2022-04-09 12:51:31
0000012788,0000011385,1,2019-06-25 19:13:31
0000012789,0000011386,1,2021-12-07 22:20:11
0000012790,0000011387,1,2015-06-04 02:36:40
0000012791,0000011388,1,2018-02-08 09:13:33
0000012792,0000011389,1,2016-04-29 07:00:30
0000012793,0000011390,1,2024-05-24 02:26:32
0000012794,0000011391,1,2024-12-23 19:21:00
0000012795,0000011392,1,2025-01-11 18:58:30
0000012796,0000011393,1,2015-08-24 17:06:01
0000012797,0000011394,1,2018-10-12 02:38:18
0000012798,0000011395,1,2019-11-22 09:50:48
0000012799,0000011396,1,2020-09-13 00:25:55
0000012800,0000011397,1,2019-04-25 03:30:37
0000012801,0000011398,1,2018-03-04 00:45:33
0000012802,0000011399,1,2016-07-14 05:30:08
0000012803,0000011400,1,2015-10-10 05:26:17
0000012804,0000011401,1,2015-10-24 13:11:27
0000012805,0000011402,1,2025-11-07 05:53:40
0000012806,0000011403,1,2020-05-19 10:25:23
0000012807,0000011404,1,2024-11-28 01:25:51
0000012808,0000011405,1,2022-10-08 08:50:12
0000012809,0000011406,1,2023-05-04 15:50:23
0000012810,0000011406,2,2023-05-04 15:50:08
0000012811,0000011407,1,2016-02-14 16:46:49
0000012812,0000011407,2,2016-02-14 16:48:04
0000012813,0000011408,1,2023-08-26 10:51:37
0000012814,0000011409,1,2025-07-02 04:24:53
0000012815,0000011410,1,2022-08-04 17:22:56
0000012816,0000011411,1,2022-10-02 17:10:13
0000012817,0000011412,1,2024-10-21 13:20:52
0000012818,0000011413,1,2026-01-25 03:46:10
0000012819,0000011414,1,2018-04-07 11:07:52
0000012820,0000011414,2,2018-04-07 11:06:53
0000012821,0000011415,1,2024-05-24 02:50:44
0000012822,0000011416,1,2023-05-04 14:04:06
0000012823,0000011416,2,2023-05-04 14:04:17
0000012824,0000011417,1,2018-08-03 19:44:23
0000012825,0000011418,1,2017-09-05 12:04:51
0000012826,0000011419,1,2022-07-01 01:13:05
0000012827,0000011420,1,2023-03-21 10:13:34
0000012828,0000011421,1,2018-07-04 20:09:22
0000012829,0000011422,1,2016-10-12 14:06:22
0000012830,0000011423,1,2017-08-03 03:23:30
0000012831,0000011424,1,2023-06-26 17:07:17
0000012832,0000011424,2,2023-06-26 17:05:50
0000012833,0000011425,1,2018-05-24 18:43:29
0000012834,0000011426,1,2017-02-16 12:01:05
0000012835,0000011426,2,2017-02-16 11:59:49
0000012836,0000011427,1,2017-10-05 08:20:28
0000012837,0000011428,1,2017-02-07 15:31:17
0000012838,0000011429,1,2016-10-29 12:52:00
0000012839,0000011430,1,2018-03-24 00:28:04
0000012840,0000011431,1,2022-05-23 10:44:38
0000012841,0000011432,1,2022-10-27 07:01:33
0000012842,0000011433,1,2018-09-11 00:31:18
0000012843,0000011434,1,2023-12-17 17:55:52
0000012844,0000011435,1,2020-08-17 15:38:31
0000012845,0000011436,1,2023-01-31 18:14:13
0000012846,0000011437,1,2018-01-24 19:27:32
0000012847,0000011438,1,2025-05-14 02:09:27
0000012848,0000011439,1,2019-09-21 08:35:21
0000012849,0000011440,1,2015-05-19 00:47:42
0000012850,0000011441,1,2017-09-22 12:20:06
0000012851,0000011442,1,2015-08-22 04:16:08
0000012852,0000011443,1,2015-10-18 18:17:13
0000012853,0000011444,1,2018-04-28 15:19:35
0000012854,0000011445,1,2016-10-07 10:17:08
0000012855,0000011446,1,2015-09-28 14:38:00
0000012856,0000011447,1,2021-11-06 14:17:47
0000012857,0000011448,1,2018-11-18 10:22:00
0000012858,0000011449,1,2025-06-12 01:25:09
0000012859,0000011450,1,2016-09-25 10:20:42
0000012860,0000011451,1,2025-06-12 23:06:55
0000012861,0000011452,1,2017-05-01 03:20:11
0000012862,0000011453,1,2020-03-01 15:43:45
0000012863,0000011454,1,2019-04-01 20:24:29
0000012864,0000011455,1,2015-03-06 17:44:18
0000012865,0000011456,1,2015-02-16 16:23:39
0000012866,0000011457,1,2015-05-06 07:56:14
0000012867,0000011458,1,2014-12-22 12:26:37
0000012868,0000011459,1,2015-01-04 19:19:34
0000012869,0000011460,1,2015-03-26 22:14:24
0000012870,0000011461,1,2015-02-01 16:20:28
0000012871,0000011462,1,2015-03-21 23:09:14
0000012872,0000011463,1,2020-03-22 20:57:11
0000012873,0000011464,1,2019-03-07 21:00:56
0000012874,0000011465,1,2018-11-28 08:38:53
0000012875,0000011466,1,2022-05-11 08:27:13
0000012876,0000011467,1,2018-07-05 07:18:53
0000012877,0000011468,1,2026-01-03 17:05:40
0000012878,0000011469,1,2018-04-27 04:14:54
0000012879,0000011470,1,2024-06-21 07:22:07
0000012880,0000011471,1,2023-07-17 06:37:50
0000012881,0000011472,1,2022-11-07 20:17:14
0000012882,0000011472,2,2022-11-07 20:17:43
0000012883,0000011473,1,2023-10-23 09:49:08
0000012884,0000011474,1,2025-07-22 02:38:52
0000012885,0000011475,1,2022-10-20 08:10:31
0000012886,0000011476,1,2022-12-27 07:59:21
0000012887,0000011477,1,2021-11-21 12:40:23
0000012888,0000011477,2,2021-11-21 12:39:33
0000012889,0000011478,1,2019-04-06 19:40:11
0000012890,0000011479,1,2024-10-02 22:17:15
0000012891,0000011480,1,2019-09-12 20:00:12
0000012892,0000011481,1,2022-08-26 11:02:42
0000012893,0000011482,1,2025-08-19 13:29:13
0000012894,0000011483,1,2016-12-08 09:48:34
0000012895,0000011483,2,2016-12-08 09:48:45
0000012896,0000011484,1,2019-05-23 23:37:23
0000012897,0000011485,1,2025-05-09 18:28:05
0000012898,0000011486,1,2017-02-18 20:02:21
0000012899,0000011487,1,2023-05-12 02:13:51
0000012900,0000011488,1,2026-04-20 13:23:06
0000012901,0000011489,1,2024-06-27 13:10:34
0000012902,0000011490,1,2026-05-27 15:15:10
0000012903,0000011491,1,2024-05-22 02:09:16
0000012904,0000011492,1,2018-08-17 06:36:34
0000012905,0000011493,1,2019-02-14 00:41:30
0000012906,0000011494,1,2021-10-30 12:55:26
0000012907,0000011495,1,2017-08-06 14:27:16
0000012908,0000011496,1,2023-06-03 10:19:58
0000012909,0000011497,1,2026-06-01 02:16:46
0000012910,0000011497,2,2026-06-01 02:15:57
0000012911,0000011498,1,2020-07-12 05:29:03
0000012912,0000011499,1,2024-03-28 02:02:28
0000012913,0000011500,1,2022-04-26 02:58:41
0000012914,0000011501,1,2018-08-01 09:18:39
0000012915,0000011502,1,2025-03-31 22:41:02
0000012916,0000011503,1,2023-10-01 00:44:37
0000012917,0000011504,1,2019-05-02 17:31:54
0000012918,0000011505,1,2021-07-18 18:55:10
0000012919,0000011506,1,2025-03-16 14:41:12
0000012920,0000011507,1,2020-05-12 03:54:46
0000012921,0000011508,1,2024-05-17 09:47:07
0000012922,0000011509,1,2023-11-20 22:45:41
0000012923,0000011510,1,2016-12-21 14:59:04
0000012924,0000011511,1,2021-01-06 16:36:56
0000012925,0000011512,1,2017-04-25 02:16:47
0000012926,0000011513,1,2026-03-17 23:19:45
0000012927,0000011514,1,2026-10-03 11:32:06
0000012928,0000011515,1,2020-01-09 12:03:34
0000012929,0000011516,1,2015-12-09 22:19:59
0000012930,0000011517,1,2024-04-13 07:28:25
0000012931,0000011518,1,2026-04-08 19:42:49
0000012932,0000011519,1,2017-01-19 01:33:41
0000012933,0000011520,1,2020-07-11 21:07:56
0000012934,0000011521,1,2025-10-09 20:06:14
0000012935,0000011522,1,2018-12-19 11:07:16
0000012936,0000011523,1,2026-09-10 15:44:11
0000012937,0000011524,1,2024-07-01 15:53:23
0000012938,0000011525,1,2016-12-29 01:09:03
0000012939,0000011526,1,2017-06-09 03:14:24
0000012940,0000011527,1,2019-11-27 03:12:58
0000012941,0000011528,1,2020-12-23 11:18:59
0000012942,0000011529,1,2019-11-22 01:21:24
0000012943,0000011530,1,2019-06-01 00:56:28
0000012944,0000011531,1,2021-01-06 23:13:19
0000012945,0000011532,1,2026-03-10 16:38:25
0000012946,0000011533,1,2026-05-16 13:47:46
0000012947,0000011533,2,2026-05-16 13:46:55
0000012948,0000011534,1,2021-08-18 10:36:23
0000012949,0000011535,1,2018-02-26 06:11:39
0000012950,0000011536,1,2024-07-16 22:56:48
0000012951,0000011537,1,2018-12-15 17:03:07
0000012952,0000011538,1,2022-11-15 01:14:14
0000012953,0000011539,1,2025-10-21 21:18:46
0000012954,0000011540,1,2018-06-04 17:16:49
0000012955,0000011541,1,2025-11-08 06:23:42
0000012956,0000011542,1,2024-06-21 07:00:43
0000012957,0000011543,1,2023-07-18 17:00:17
0000012958,0000011544,1,2025-06-15 22:38:45
0000012959,0000011545,1,2024-08-02 03:50:49
0000012960,0000011546,1,2024-11-07 21:32:41
0000012961,0000011547,1,2016-10-16 00:43:25
0000012962,0000011548,1,2017-08-07 15:30:53
0000012963,0000011549,1,2016-05-19 17:29:49
0000012964,0000011550,1,2025-08-04 11:47:45
0000012965,0000011551,1,2022-05-16 10:40:28
0000012966,0000011552,1,2019-06-28 15:32:55
0000012967,0000011553,1,2025-10-05 21:11:51
0000012968,0000011553,2,2025-10-05 21:12:04
0000012969,0000011554,1,2021-11-01 03:06:14
0000012970,0000011555,1,2018-03-13 01:32:31
0000012971,0000011556,1,2015-07-14 04:37:19
0000012972,0000011557,1,2019-08-21 18:23:15
0000012973,0000011558,1,2016-07-19 00:46:30
0000012974,0000011559,1,2016-10-19 08:37:30
0000012975,0000011560,1,2017-10-03 06:39:22
0000012976,0000011561,1,2025-10-26 01:02:28
0000012977,0000011562,1,2016-12-14 18:29:52
0000012978,0000011563,1,2022-02-19 16:30:03
0000012979,0000011564,1,2024-05-21 11:23:30
0000012980,0000011565,1,2023-04-17 11:10:49
0000012981,0000011566,1,2022-09-21 00:10:52
0000012982,0000011567,1,2025-09-24 14:07:42
0000012983,0000011568,1,2025-02-23 05:28:54
0000012984,0000011569,1,2020-09-09 18:58:36
0000012985,0000011570,1,2025-04-18 09:04:27
0000012986,0000011571,1,2026-07-03 17:35:46
0000012987,0000011572,1,2020-10-28 07:36:40
0000012988,0000011573,1,2019-04-29 06:03:28
0000012989,0000011574,1,2017-04-21 07:20:30
0000012990,0000011575,1,2020-12-31 18:15:19
0000012991,0000011576,1,2019-07-11 13:17:20
0000012992,0000011577,1,2024-04-29 10:19:35
0000012993,0000011578,1,2019-04-10 05:54:04
0000012994,0000011579,1,2017-11-14 21:44:21
0000012995,0000011580,1,2023-04-23 02:03:50
0000012996,0000011581,1,2022-02-05 03:46:02
0000012997,0000011582,1,2024-03-21 12:01:30
0000012998,0000011583,1,2022-09-30 00:42:40
0000012999,0000011584,1,2019-05-18 20:59:50
0000013000,0000011584,2,2019-05-18 21:00:38
0000013001,0000011585,1,2021-11-23 16:51:11
0000013002,0000011586,1,2017-03-29 09:43:52
0000013003,0000011586,2,2017-03-29 09:43:52
0000013004,0000011587,1,2022-05-05 23:17:38
0000013005,0000011588,1,2022-03-29 07:27:32
0000013006,0000011589,1,2017-12-07 02:32:51
0000013007,0000011590,1,2018-11-12 18:18:50
0000013008,0000011590,2,2018-11-12 18:19:44
0000013009,0000011591,1,2020-10-24 18:20:30
0000013010,0000011592,1,2020-11-25 21:09:37
0000013011,0000011593,1,2019-09-19 05:37:01
0000013012,0000011594,1,2017-04-20 03:28:50
0000013013,0000011595,1,2017-03-31 04:51:46
0000013014,0000011596,1,2019-11-27 21:18:01
0000013015,0000011597,1,2022-09-03 08:32:35
0000013016,0000011598,1,2020-02-09 19:00:07
0000013017,0000011599,1,2023-08-10 05:52:28
0000013018,0000011600,1,2023-09-11 17:49:48
0000013019,0000011601,1,2019-07-11 19:03:22
0000013020,0000011602,1,2015-03-14 04:23:17
0000013021,0000011603,1,2021-07-28 07:43:22
0000013022,0000011604,1,2025-06-01 03:32:45
0000013023,0000011604,2,2025-06-01 03:31:21
0000013024,0000011605,1,2025-06-25 03:53:30
0000013025,0000011605,2,2025-06-25 03:53:28
0000013026,0000011606,1,2021-04-09 03:19:10
0000013027,0000011607,1,2021-06-11 01:53:07
0000013028,0000011608,1,2024-09-22 11:53:39
0000013029,0000011609,1,2023-04-04 18:09:49
0000013030,0000011609,2,2023-04-04 18:09:27
0000013031,0000011610,1,2017-08-06 08:36:33
0000013032,0000011611,1,2022-12-25 08:21:07
0000013033,0000011612,1,2021-08-23 10:09:28
0000013034,0000011613,1,2017-12-06 08:07:33
0000013035,0000011614,1,2020-02-28 23:11:28
0000013036,0000011615,1,2024-11-06 00:59:11
0000013037,0000011616,1,2019-04-16 14:06:38
0000013038,0000011617,1,2016-01-05 09:39:11
0000013039,0000011618,1,2018-10-08 19:02:17
0000013040,0000011618,2,2018-10-08 19:02:19
0000013041,0000011619,1,2018-11-25 19:58:11
0000013042,0000011620,1,2022-10-01 16:32:25
0000013043,0000011621,1,2020-09-18 19:44:14
0000013044,0000011622,1,2017-03-13 09:52:34
0000013045,0000011623,1,2016-03-09 22:37:00
0000013046,0000011624,1,2017-03-05 20:43:47
0000013047,0000011625,1,2016-07-26 16:43:29
0000013048,0000011625,2,2016-07-26 16:42:45
0000013049,0000011626,1,2016-01-17 16:22:25
0000013050,0000011627,1,2018-02-07 23:37:46
0000013051,0000011627,2,2018-02-07 23:37:39
0000013052,0000011628,1,2026-01-19 18:26:25
0000013053,0000011629,1,2017-09-05 13:28:08
0000013054,0000011630,1,2020-12-12 10:21:45
0000013055,0000011631,1,2016-07-04 23:04:35
0000013056,0000011632,1,2016-06-06 10:32:42
0000013057,0000011633,1,2015-10-31 18:30:41
0000013058,0000011634,1,2020-12-15 13:56:43
0000013059,0000011635,1,2019-10-04 20:28:44
0000013060,0000011636,1,2025-06-13 06:03:52
0000013061,0000011637,1,2020-09-01 06:00:27
0000013062,0000011638,1,2024-03-26 20:41:53
0000013063,0000011639,1,2020-02-04 00:24:43
0000013064,0000011640,1,2020-02-08 10:10:18
0000013065,0000011641,1,2024-12-17 00:53:50
0000013066,0000011642,1,2020-05-11 21:27:23
0000013067,0000011643,1,2019-11-19 01:38:35
0000013068,0000011644,1,2016-10-28 00:25:39
0000013069,0000011645,1,2017-08-24 09:05:02
0000013070,0000011645,2,2017-08-24 09:06:06
0000013071,0000011646,1,2021-09-01 04:51:16
0000013072,0000011647,1,2020-07-21 22:36:48
0000013073,0000011648,1,2023-06-28 10:14:49
0000013074,0000011649,1,2021-07-02 12:31:25
0000013075,0000011650,1,2018-08-27 14:42:05
0000013076,0000011651,1,2016-06-29 11:18:30
0000013077,0000011651,2,2016-06-29 11:18:11
0000013078,0000011652,1,2016-09-27 23:51:24
0000013079,0000011652,2,2016-09-27 23:50:54
0000013080,0000011653,1,2021-08-14 02:59:33
0000013081,0000011654,1,2023-05-01 04:30:06
0000013082,0000011654,2,2023-05-01 04:30:06
0000013083,0000011655,1,2025-06-12 03:08:47
0000013084,0000011656,1,2023-11-04 06:46:53
0000013085,0000011657,1,2020-09-16 06:11:16
0000013086,0000011658,1,2023-02-13 21:27:58
0000013087,0000011659,1,2015-12-04 03:09:50
0000013088,0000011660,1,2016-02-12 07:17:33
0000013089,0000011661,1,2024-07-16 21:54:23
0000013090,0000011662,1,2022-02-16 19:29:19
0000013091,0000011662,2,2022-02-16 19:29:18
0000013092,0000011663,1,2025-04-06 14:14:02
0000013093,0000011664,1,2024-10-12 03:45:29
0000013094,0000011665,1,2020-08-23 16:37:29
0000013095,0000011666,1,2025-12-11 22:06:50
0000013096,0000011667,1,2019-05-19 10:29:29
0000013097,0000011668,1,2025-03-07 10:10:18
0000013098,0000011669,1,2016-05-05 14:16:21
0000013099,0000011670,1,2016-06-24 00:32:06
0000013100,0000011671,1,2016-08-12 10:53:46
0000013101,0000011672,1,2024-05-18 09:39:31
0000013102,0000011673,1,2026-03-02 08:20:02
0000013103,0000011674,1,2024-04-24 00:15:43
0000013104,0000011674,2,2024-04-24 00:16:17
0000013105,0000011675,1,2021-08-24 13:55:12
0000013106,0000011676,1,2018-01-05 02:34:56
0000013107,0000011677,1,2018-01-29 02:26:21
0000013108,0000011677,2,2018-01-29 02:27:17
0000013109,0000011678,1,2023-09-11 18:22:51
0000013110,0000011679,1,2016-04-09 14:05:33
0000013111,0000011680,1,2018-10-28 02:13:56
0000013112,0000011681,1,2024-01-16 00:37:56
0000013113,0000011682,1,2025-06-07 23:59:54
0000013114,0000011683,1,2019-01-05 14:31:19
0000013115,0000011684,1,2026-08-15 16:10:13
0000013116,0000011685,1,2018-03-13 00:52:21
0000013117,0000011686,1,2025-05-15 11:32:18
0000013118,0000011687,1,2021-11-16 03:58:35
0000013119,0000011688,1,2026-04-28 11:04:24
0000013120,0000011688,2,2026-04-28 11:03:04
0000013121,0000011689,1,2022-01-25 19:44:59
0000013122,0000011690,1,2021-05-05 06:16:49
0000013123,0000011691,1,2025-08-01 16:10:45
0000013124,0000011692,1,2024-10-13 06:46:04
0000013125,0000011693,1,2019-11-28 04:46:19
0000013126,0000011694,1,2024-02-21 22:39:46
0000013127,0000011695,1,2015-11-02 16:47:59
0000013128,0000011696,1,2020-01-18 22:10:39
0000013129,0000011697,1,2017-09-13 13:18:41
0000013130,0000011698,1,2025-08-25 10:19:50
0000013131,0000011699,1,2025-08-09 01:50:29
0000013132,0000011700,1,2019-11-02 18:44:31
0000013133,0000011701,1,2017-12-08 01:37:51
0000013134,0000011702,1,2024-04-29 09:38:59
0000013135,0000011703,1,2019-03-16 15:28:44
0000013136,0000011704,1,2019-04-04 08:07:35
0000013137,0000011705,1,2023-02-20 03:03:24
0000013138,0000011706,1,2022-12-04 06:35:06
0000013139,0000011707,1,2018-06-17 20:01:42
0000013140,0000011707,2,2018-06-17 20:02:11
0000013141,0000011708,1,2023-11-20 23:33:37
0000013142,0000011709,1,2020-12-14 14:11:24
0000013143,0000011710,1,2023-09-04 16:02:02
0000013144,0000011710,2,2023-09-04 16:02:51
0000013145,0000011711,1,2017-10-05 16:18:21
0000013146,0000011712,1,2025-10-18 14:37:15
0000013147,0000011713,1,2015-09-26 21:34:13
0000013148,0000011714,1,2017-08-04 18:30:39
0000013149,0000011714,2,2017-08-04 18:31:05
0000013150,0000011715,1,2019-05-03 12:26:37
0000013151,0000011716,1,2018-09-29 01:32:27
0000013152,0000011717,1,2015-02-18 16:26:33
0000013153,0000011717,2,2015-02-18 16:26:33
0000013154,0000011718,1,2020-12-26 17:51:12
0000013155,0000011719,1,2018-09-10 19:17:58
0000013156,0000011720,1,2017-09-20 15:33:52
0000013157,0000011721,1,2022-03-07 06:24:25
0000013158,0000011722,1,2019-06-11 07:02:14
0000013159,0000011722,2,2019-06-11 07:01:35
0000013160,0000011723,1,2022-01-15 10:14:08
0000013161,0000011724,1,2019-10-03 15:02:47
0000013162,0000011725,1,2016-08-18 01:19:56
0000013163,0000011726,1,2017-05-10 11:57:59
0000013164,0000011727,1,2018-01-20 06:40:53
0000013165,0000011727,2,2018-01-20 06:40:24
0000013166,0000011728,1,2019-08-03 05:53:15
0000013167,0000011729,1,2020-03-09 20:44:51
0000013168,0000011730,1,2019-08-02 11:51:55
0000013169,0000011731,1,2017-04-20 01:55:03
0000013170,0000011732,1,2018-10-11 12:44:46
0000013171,0000011733,1,2025-08-29 23:12:20
0000013172,0000011734,1,2016-02-03 05:49:38
0000013173,0000011735,1,2023-09-25 23:20:07
0000013174,0000011736,1,2024-02-17 08:50:55
0000013175,0000011737,1,2021-04-27 00:54:51
0000013176,0000011738,1,2018-07-09 16:05:57
0000013177,0000011739,1,2018-11-05 19:31:14
0000013178,0000011740,1,2021-05-09 11:51:51
0000013179,0000011741,1,2017-12-13 08:14:18
0000013180,0000011741,2,2017-12-13 08:14:07
0000013181,0000011742,1,2018-05-10 20:48:26
0000013182,0000011742,2,2018-05-10 20:47:19
0000013183,0000011743,1,2019-06-07 02:39:21
0000013184,0000011744,1,2023-01-20 20:36:10
0000013185,0000011745,1,2016-03-06 00:34:30
0000013186,0000011746,1,2018-06-01 06:07:56
0000013187,0000011747,1,2018-03-16 08:53:13
0000013188,0000011747,2,2018-03-16 08:51:41
0000013189,0000011748,1,2016-11-13 17:05:49
0000013190,0000011749,1,2018-05-03 22:24:50
0000013191,0000011750,1,2020-03-13 05:02:13
0000013192,0000011751,1,2018-11-09 09:58:22
0000013193,0000011752,1,2015-08-14 18:46:26
0000013194,0000011753,1,2016-11-29 03:49:06
0000013195,0000011754,1,2015-08-17 19:12:14
0000013196,0000011755,1,2015-05-03 18:53:14
0000013197,0000011756,1,2017-03-21 03:52:07
0000013198,0000011757,1,2018-08-05 08:13:43
0000013199,0000011758,1,2026-02-14 22:36:34
0000013200,0000011759,1,2017-07-08 07:56:35
0000013201,0000011760,1,2022-06-02 23:02:51
0000013202,0000011761,1,2025-06-12 18:02:16
0000013203,0000011762,1,2021-11-05 18:33:20
0000013204,0000011763,1,2023-06-12 03:09:13
0000013205,0000011764,1,2020-12-07 12:51:10
0000013206,0000011765,1,2024-03-23 01:15:18
0000013207,0000011766,1,2025-02-17 19:00:03
0000013208,0000011767,1,2023-04-04 17:30:27
0000013209,0000011768,1,2017-04-16 22:24:50
0000013210,0000011769,1,2020-05-28 15:07:45
0000013211,0000011770,1,2021-06-05 18:40:21
0000013212,0000011771,1,2023-04-11 21:34:57
0000013213,0000011772,1,2016-09-01 03:35:43
0000013214,0000011773,1,2021-11-06 12:22:52
0000013215,0000011774,1,2022-03-29 01:20:18
0000013216,0000011775,1,2016-12-18 15:40:55
0000013217,0000011776,1,2017-02-15 02:20:51
0000013218,0000011777,1,2015-09-22 13:21:09
0000013219,0000011778,1,2017-11-22 04:39:35
0000013220,0000011779,1,2017-05-05 20:45:10
0000013221,0000011780,1,2019-12-16 00:52:22
0000013222,0000011781,1,2017-01-11 08:18:35
0000013223,0000011782,1,2019-09-06 18:34:29
0000013224,0000011782,2,2019-09-06 18:34:12
0000013225,0000011783,1,2019-10-02 10:31:31
0000013226,0000011784,1,2020-06-23 14:14:03
0000013227,0000011785,1,2022-11-12 12:57:42
0000013228,0000011786,1,2022-11-11 10:50:01
0000013229,0000011787,1,2019-09-26 16:30:39
0000013230,0000011788,1,2016-09-13 14:27:53
0000013231,0000011789,1,2016-12-13 12:46:11
0000013232,0000011790,1,2017-01-14 03:50:09
0000013233,0000011791,1,2017-04-17 06:51:04
0000013234,0000011792,1,2017-09-08 05:38:04
0000013235,0000011793,1,2017-05-26 06:26:40
0000013236,0000011794,1,2015-10-07 01:04:07
0000013237,0000011795,1,2016-09-19 08:02:14
0000013238,0000011796,1,2018-07-01 23:11:20
0000013239,0000011797,1,2022-03-21 20:40:09
0000013240,0000011798,1,2025-08-03 21:49:10
0000013241,0000011799,1,2022-03-12 19:43:02
0000013242,0000011800,1,2023-08-28 07:35:26
0000013243,0000011800,2,2023-08-28 07:35:37
0000013244,0000011801,1,2019-02-20 02:52:55
0000013245,0000011802,1,2026-03-23 23:52:42
0000013246,0000011803,1,2023-05-09 23:05:34
0000013247,0000011804,1,2020-12-22 12:23:52
0000013248,0000011805,1,2024-04-27 13:55:34
0000013249,0000011806,1,2022-01-08 08:07:54
0000013250,0000011807,1,2024-01-06 04:43:51
0000013251,0000011808,1,2024-11-04 17:27:15
0000013252,0000011809,1,2019-12-30 00:49:32
0000013253,0000011810,1,2023-02-21 07:11:38
0000013254,0000011810,2,2023-02-21 07:12:24
0000013255,0000011811,1,2019-12-29 06:20:50
0000013256,0000011812,1,2025-06-15 04:36:24
0000013257,0000011812,2,2025-06-15 04:36:03
0000013258,0000011813,1,2020-07-29 01:45:26
0000013259,0000011814,1,2023-10-12 21:44:53
0000013260,0000011815,1,2018-11-18 18:09:36
0000013261,0000011816,1,2021-02-14 18:06:09
0000013262,0000011817,1,2024-02-14 23:27:07
0000013263,0000011818,1,2024-10-04 10:17:30
0000013264,0000011819,1,2016-05-23 08:36:21
0000013265,0000011819,2,2016-05-23 08:36:30
0000013266,0000011820,1,2019-12-01 17:34:27
0000013267,0000011821,1,2018-04-18 08:29:59
0000013268,0000011822,1,2024-04-01 17:47:36
0000013269,0000011823,1,2017-09-28 16:43:51
0000013270,0000011823,2,2017-09-28 16:45:01
0000013271,0000011824,1,2018-08-27 02:15:27
0000013272,0000011825,1,2023-07-19 08:56:47
0000013273,0000011826,1,2018-11-07 09:34:32
0000013274,0000011827,1,2015-07-16 04:19:25
0000013275,0000011828,1,2015-11-05 07:13:02
0000013276,0000011829,1,2017-09-23 20:31:11
0000013277,0000011830,1,2017-07-04 13:32:53
0000013278,0000011831,1,2022-02-05 00:47:56
0000013279,0000011832,1,2022-07-25 16:23:19
0000013280,0000011833,1,2021-10-11 12:59:53
0000013281,0000011833,2,2021-10-11 12:59:22
0000013282,0000011834,1,2023-03-09 02:14:00
0000013283,0000011835,1,2015-12-18 17:52:40
0000013284,0000011836,1,2021-04-28 19:35:29
0000013285,0000011836,2,2021-04-28 19:34:42
0000013286,0000011837,1,2021-05-09 23:51:18
0000013287,0000011837,2,2021-05-09 23:51:34
0000013288,0000011838,1,2023-02-27 22:58:11
0000013289,0000011839,1,2025-03-28 22:54:08
0000013290,0000011840,1,2019-11-06 02:12:13
0000013291,0000011841,1,2021-06-01 11:53:29
0000013292,0000011842,1,2021-08-14 05:42:02
0000013293,0000011843,1,2024-03-22 01:49:36
0000013294,0000011844,1,2019-06-01 08:14:03
0000013295,0000011845,1,2025-09-04 12:33:07
0000013296,0000011846,1,2021-10-14 20:26:58
0000013297,0000011847,1,2022-06-11 18:16:47
0000013298,0000011848,1,2017-05-16 20:43:31
0000013299,0000011848,2,2017-05-16 20:44:07
0000013300,0000011849,1,2020-04-30 05:40:22
0000013301,0000011850,1,2021-04-29 11:49:12
0000013302,0000011851,1,2018-08-03 00:20:58
0000013303,0000011851,2,2018-08-03 00:21:35
0000013304,0000011852,1,2017-11-11 00:56:07
0000013305,0000011853,1,2019-07-21 08:14:34
0000013306,0000011854,1,2025-04-09 17:02:27
0000013307,0000011855,1,2015-03-03 05:12:09
0000013308,0000011856,1,2019-05-28 05:48:31
0000013309,0000011856,2,2019-05-28 05:48:48
0000013310,0000011857,1,2024-08-13 20:18:53
0000013311,0000011858,1,2024-07-10 20:47:05
0000013312,0000011859,1,2025-08-23 13:18:02
0000013313,0000011859,2,2025-08-23 13:16:53
0000013314,0000011860,1,2023-01-17 05:13:19
0000013315,0000011861,1,2019-04-22 12:56:41
0000013316,0000011862,1,2019-08-26 20:12:12
0000013317,0000011863,1,2022-05-02 10:14:17
0000013318,0000011864,1,2018-11-11 13:33:07
0000013319,0000011865,1,2026-01-08 20:49:57
0000013320,0000011866,1,2019-04-22 20:05:07
0000013321,0000011867,1,2026-03-12 23:09:20
0000013322,0000011867,2,2026-03-12 23:10:35
0000013323,0000011868,1,2021-10-09 12:45:51
0000013324,0000011869,1,2017-10-07 02:31:06
0000013325,0000011870,1,2022-05-19 20:07:35
0000013326,0000011871,1,2020-07-24 13:25:04
0000013327,0000011872,1,2026-06-24 15:55:27
0000013328,0000011873,1,2026-06-08 20:31:14
0000013329,0000011874,1,2024-03-31 05:46:45
0000013330,0000011874,2,2024-03-31 05:46:28
0000013331,0000011875,1,2019-06-23 10:55:48
0000013332,0000011876,1,2022-06-03 20:49:19
0000013333,0000011876,2,2022-06-03 20:49:39
0000013334,0000011877,1,2023-07-16 13:34:54
0000013335,0000011877,2,2023-07-16 13:34:54
0000013336,0000011878,1,2022-12-18 20:35:33
0000013337,0000011879,1,2021-08-16 08:08:50
0000013338,0000011880,1,2019-02-22 05:39:38
0000013339,0000011881,1,2023-09-19 15:59:35
0000013340,0000011882,1,2023-09-26 15:15:09
0000013341,0000011883,1,2024-04-08 15:27:44
0000013342,0000011884,1,2026-01-05 19:47:23
0000013343,0000011885,1,2023-12-12 00:21:54
0000013344,0000011885,2,2023-12-12 00:21:45
0000013345,0000011886,1,2026-06-21 16:13:44
0000013346,0000011887,1,2022-05-24 15:56:24
0000013347,0000011888,1,2016-10-29 12:18:37
0000013348,0000011889,1,2019-11-11 19:36:58
0000013349,0000011889,2,2019-11-11 19:36:57
0000013350,0000011890,1,2022-06-18 11:13:37
0000013351,0000011891,1,2025-12-14 20:25:50
0000013352,0000011892,1,2023-11-11 10:50:44
0000013353,0000011893,1,2016-05-24 07:02:43
0000013354,0000011893,2,2016-05-24 07:01:59
0000013355,0000011894,1,2024-11-22 18:01:43
0000013356,0000011895,1,2021-05-02 08:30:25
0000013357,0000011896,1,2021-04-21 21:34:51
0000013358,0000011897,1,2020-06-29 19:54:24
0000013359,0000011898,1,2017-03-23 06:02:09
0000013360,0000011899,1,2021-07-06 19:24:17
0000013361,0000011900,1,2017-12-20 21:07:44
0000013362,0000011901,1,2019-09-04 06:07:40
0000013363,0000011902,1,2025-12-01 00:14:50
0000013364,0000011903,1,2023-11-01 10:07:40
0000013365,0000011903,2,2023-11-01 10:08:53
0000013366,0000011904,1,2022-01-04 23:12:17
0000013367,0000011905,1,2023-12-16 17:35:06
0000013368,0000011906,1,2020-03-02 12:14:30
0000013369,0000011907,1,2018-12-12 10:22:55
0000013370,0000011908,1,2022-03-15 15:56:20
0000013371,0000011909,1,2019-01-23 03:50:05
0000013372,0000011910,1,2021-01-22 01:08:46
0000013373,0000011911,1,2020-08-14 17:24:55
0000013374,0000011912,1,2019-10-07 05:44:35
0000013375,0000011913,1,2026-06-01 01:44:20
0000013376,0000011914,1,2019-02-09 02:28:53
0000013377,0000011915,1,2022-08-03 03:04:40
0000013378,0000011916,1,2019-12-20 18:09:11
0000013379,0000011917,1,2024-11-09 13:24:41
0000013380,0000011917,2,2024-11-09 13:24:03
0000013381,0000011918,1,2020-07-12 02:55:34
0000013382,0000011919,1,2025-01-25 02:40:23
0000013383,0000011920,1,2021-10-23 04:03:27
0000013384,0000011921,1,2022-10-18 04:21:56
0000013385,0000011922,1,2022-08-23 07:10:27
0000013386,0000011923,1,2024-01-31 16:47:08
0000013387,0000011924,1,2024-06-14 02:15:29
0000013388,0000011925,1,2017-02-09 16:13:12
0000013389,0000011926,1,2026-05-06 01:05:05
0000013390,0000011927,1,2022-03-27 07:46:18
0000013391,0000011928,1,2024-08-11 04:15:38
0000013392,0000011929,1,2017-10-08 05:46:22
0000013393,0000011930,1,2021-05-05 17:28:13
0000013394,0000011930,2,2021-05-05 17:27:57
0000013395,0000011931,1,2018-12-03 12:50:12
0000013396,0000011932,1,2019-06-30 17:17:38
0000013397,0000011933,1,2019-03-10 13:17:12
0000013398,0000011934,1,2022-09-24 16:20:52
0000013399,0000011935,1,2022-09-22 09:24:56
0000013400,0000011936,1,2018-04-23 01:55:23
0000013401,0000011937,1,2021-06-02 23:21:17
0000013402,0000011938,1,2021-03-30 05:33:06
0000013403,0000011939,1,2018-10-11 08:20:27
0000013404,0000011940,1,2020-07-09 07:21:07
0000013405,0000011941,1,2015-12-15 22:15:35
0000013406,0000011942,1,2020-09-02 06:06:49
0000013407,0000011943,1,2021-12-10 09:51:56
0000013408,0000011943,2,2021-12-10 09:50:57
0000013409,0000011944,1,2023-05-20 08:46:17
0000013410,0000011945,1,2017-11-19 07:22:03
0000013411,0000011946,1,2023-01-31 09:46:31
0000013412,0000011947,1,2023-11-10 18:49:29
0000013413,0000011948,1,2026-02-24 10:44:57
0000013414,0000011949,1,2021-05-16 01:45:17
0000013415,0000011950,1,2023-08-07 06:28:10
0000013416,0000011951,1,2017-03-20 15:09:55
0000013417,0000011952,1,2024-09-27 04:15:11
0000013418,0000011953,1,2024-06-05 18:17:04
0000013419,0000011954,1,2020-09-21 20:33:49
0000013420,0000011955,1,2026-07-24 07:27:48
0000013421,0000011956,1,2026-04-05 14:58:49
0000013422,0000011957,1,2021-09-16 08:43:04
0000013423,0000011958,1,2019-02-11 02:30:53
0000013424,0000011959,1,2019-09-03 01:49:34
0000013425,0000011960,1,2022-03-04 13:59:23
0000013426,0000011961,1,2024-09-03 22:22:59
0000013427,0000011962,1,2022-10-28 10:45:13
0000013428,0000011963,1,2020-12-05 08:43:04
0000013429,0000011964,1,2024-01-06 03:59:30
0000013430,0000011965,1,2021-04-14 00:53:43
0000013431,0000011966,1,2022-08-28 02:57:02
0000013432,0000011967,1,2018-02-01 09:45:00
0000013433,0000011968,1,2019-08-17 05:25:34
0000013434,0000011968,2,2019-08-17 05:24:27
0000013435,0000011969,1,2016-09-29 20:08:29
0000013436,0000011970,1,2017-05-01 00:13:19
0000013437,0000011971,1,2019-11-19 22:03:53
0000013438,0000011972,1,2016-11-25 07:56:03
0000013439,0000011973,1,2018-09-20 18:19:26
0000013440,0000011974,1,2024-12-24 15:13:32
0000013441,0000011975,1,2022-07-23 15:27:31
0000013442,0000011976,1,2022-09-16 03:14:38
0000013443,0000011977,1,2019-07-27 21:08:27
0000013444,0000011978,1,2026-09-26 07:04:24
0000013445,0000011978,2,2026-09-26 07:04:55
0000013446,0000011979,1,2018-05-19 19:04:03
0000013447,0000011980,1,2026-09-29 01:51:07
0000013448,0000011981,1,2019-05-01 03:19:39
0000013449,0000011982,1,2020-04-14 08:48:42
0000013450,0000011983,1,2019-05-18 12:46:05
0000013451,0000011984,1,2019-07-02 19:04:12
0000013452,0000011985,1,2024-04-27 10:07:49
0000013453,0000011986,1,2022-01-08 17:15:21
0000013454,0000011987,1,2018-05-27 23:10:51
0000013455,0000011988,1,2024-01-14 00:58:11
0000013456,0000011989,1,2026-06-25 23:24:48
0000013457,0000011990,1,2019-09-25 13:55:21
0000013458,0000011991,1,2022-11-27 13:53:00
0000013459,0000011991,2,2022-11-27 13:53:25
0000013460,0000011992,1,2023-08-17 15:10:36
0000013461,0000011993,1,2025-03-08 16:32:35
0000013462,0000011994,1,2017-11-25 08:01:00
0000013463,0000011995,1,2020-01-10 06:27:08
0000013464,0000011995,2,2020-01-10 06:26:21
0000013465,0000011996,1,2025-01-02 07:46:52
0000013466,0000011997,1,2018-07-17 08:44:41
0000013467,0000011997,2,2018-07-17 08:44:32
0000013468,0000011998,1,2021-10-08 12:30:35
0000013469,0000011998,2,2021-10-08 12:29:48
0000013470,0000011999,1,2023-08-09 05:23:29
0000013471,0000012000,1,2024-02-29 12:35:51
0000013472,0000012000,2,2024-02-29 12:36:38
0000013473,0000012001,1,2023-12-26 10:56:19
0000013474,0000012001,2,2023-12-26 10:57:00
0000013475,0000012002,1,2020-01-03 23:43:53
0000013476,0000012003,1,2021-06-07 10:02:37
0000013477,0000012004,1,2020-08-26 03:39:27
0000013478,0000012004,2,2020-08-26 03:38:58
0000013479,0000012005,1,2026-07-21 17:10:43
0000013480,0000012006,1,2024-10-19 11:16:47
0000013481,0000012007,1,2025-04-28 03:14:38
0000013482,0000012008,1,2018-07-19 21:53:37
0000013483,0000012009,1,2025-12-03 21:23:55
0000013484,0000012010,1,2024-09-14 04:50:38
0000013485,0000012011,1,2021-06-11 09:38:58
0000013486,0000012012,1,2025-09-08 00:40:41
0000013487,0000012013,1,2024-09-30 23:24:55
0000013488,0000012014,1,2025-12-03 10:25:15
0000013489,0000012015,1,2022-05-24 00:41:44
0000013490,0000012016,1,2021-04-19 16:08:28
0000013491,0000012016,2,2021-04-19 16:08:06
0000013492,0000012017,1,2021-12-01 05:27:41
0000013493,0000012018,1,2025-03-25 09:39:18
0000013494,0000012019,1,2024-09-17 17:55:32
0000013495,0000012020,1,2020-11-02 07:17:56
0000013496,0000012020,2,2020-11-02 07:18:13
0000013497,0000012021,1,2026-03-18 08:00:34
0000013498,0000012022,1,2021-07-09 03:58:45
0000013499,0000012023,1,2019-04-18 22:47:42
0000013500,0000012024,1,2019-07-14 01:48:37
0000013501,0000012024,2,2019-07-14 01:48:00
0000013502,0000012025,1,2025-02-18 20:42:03
0000013503,0000012026,1,2017-11-17 21:48:41
0000013504,0000012027,1,2021-12-31 00:11:03
0000013505,0000012028,1,2017-07-22 04:34:40
0000013506,0000012029,1,2020-08-11 04:20:17
0000013507,0000012030,1,2019-10-14 01:16:40
0000013508,0000012031,1,2020-08-03 21:36:32
0000013509,0000012032,1,2019-03-24 19:55:48
0000013510,0000012033,1,2018-03-05 18:36:11
0000013511,0000012034,1,2017-03-12 07:20:42
0000013512,0000012035,1,2024-01-05 21:17:34
0000013513,0000012036,1,2019-01-17 18:47:46
0000013514,0000012036,2,2019-01-17 18:48:18
0000013515,0000012037,1,2019-09-20 05:52:12
0000013516,0000012038,1,2024-07-30 20:59:46
0000013517,0000012039,1,2020-05-16 19:51:56
0000013518,0000012040,1,2020-04-12 13:19:57
0000013519,0000012041,1,2017-03-24 00:56:29
0000013520,0000012042,1,2023-09-15 08:29:10
0000013521,0000012043,1,2017-06-23 23:36:47
0000013522,0000012044,1,2017-09-10 20:58:43
0000013523,0000012045,1,2024-11-17 20:58:59
0000013524,0000012046,1,2019-02-03 10:00:04
0000013525,0000012047,1,2022-05-24 08:28:18
0000013526,0000012048,1,2016-12-22 10:36:05
0000013527,0000012049,1,2015-08-07 19:06:19
0000013528,0000012050,1,2020-09-17 06:33:26
0000013529,0000012051,1,2020-03-23 08:03:39
0000013530,0000012052,1,2021-05-24 14:21:31
0000013531,0000012052,2,2021-05-24 14:22:59
0000013532,0000012053,1,2019-06-25 23:29:33
0000013533,0000012054,1,2020-02-16 17:35:20
0000013534,0000012054,2,2020-02-16 17:35:44
0000013535,0000012055,1,2022-12-25 12:50:51
0000013536,0000012056,1,2018-04-08 12:13:50
0000013537,0000012057,1,2019-12-09 16:37:46
0000013538,0000012058,1,2018-09-05 11:40:05
0000013539,0000012059,1,2017-01-28 02:31:53
0000013540,0000012060,1,2017-01-24 00:14:46
0000013541,0000012061,1,2026-09-04 08:03:50
0000013542,0000012062,1,2025-06-12 10:32:16
0000013543,0000012063,1,2018-04-27 03:15:06
0000013544,0000012064,1,2023-03-07 09:11:42
0000013545,0000012065,1,2023-11-04 23:41:09
0000013546,0000012066,1,2019-12-20 05:43:15
0000013547,0000012067,1,2025-02-22 06:39:33
0000013548,0000012067,2,2025-02-22 06:40:11
0000013549,0000012068,1,2023-09-04 12:24:07
0000013550,0000012069,1,2017-11-24 00:45:48
0000013551,0000012069,2,2017-11-24 00:46:13
0000013552,0000012070,1,2022-08-02 13:13:50
0000013553,0000012071,1,2023-09-27 15:02:53
0000013554,0000012072,1,2017-08-03 20:23:50
0000013555,0000012073,1,2016-05-11 03:19:11
0000013556,0000012074,1,2018-03-31 22:01:15
0000013557,0000012075,1,2019-02-04 01:40:12
0000013558,0000012076,1,2020-02-09 03:44:51
0000013559,0000012077,1,2018-12-04 08:08:37
0000013560,0000012078,1,2018-08-06 12:23:10
0000013561,0000012078,2,2018-08-06 12:22:31
0000013562,0000012079,1,2017-07-22 19:02:37
0000013563,0000012079,2,2017-07-22 19:02:33
0000013564,0000012080,1,2019-05-31 03:18:29
0000013565,0000012081,1,2019-09-16 13:02:39
0000013566,0000012082,1,2018-07-14 05:16:16
0000013567,0000012083,1,2024-12-16 07:59:34
0000013568,0000012084,1,2023-10-15 06:49:10
0000013569,0000012085,1,2021-10-07 01:02:44
0000013570,0000012086,1,2017-08-02 02:19:42
0000013571,0000012087,1,2017-11-13 13:06:02
0000013572,0000012088,1,2019-01-23 11:16:35
0000013573,0000012089,1,2020-04-10 00:41:53
0000013574,0000012090,1,2020-12-16 02:23:15
0000013575,0000012091,1,2017-10-08 20:20:01
0000013576,0000012092,1,2023-09-22 06:00:18
0000013577,0000012093,1,2025-08-10 23:15:43
0000013578,0000012094,1,2025-04-18 11:21:09
0000013579,0000012095,1,2020-05-04 02:47:22
0000013580,0000012095,2,2020-05-04 02:48:27
0000013581,0000012096,1,2018-08-26 05:29:37
0000013582,0000012097,1,2017-09-23 12:32:25
0000013583,0000012098,1,2021-05-24 14:08:20
0000013584,0000012099,1,2015-04-28 20:04:53
0000013585,0000012100,1,2015-04-24 12:43:30
0000013586,0000012101,1,2016-04-22 19:55:03
0000013587,0000012102,1,2015-07-17 15:07:57
0000013588,0000012103,1,2016-03-12 21:22:40
0000013589,0000012103,2,2016-03-12 21:22:33
0000013590,0000012104,1,2023-09-25 00:04:02
0000013591,0000012105,1,2017-05-02 08:20:57
0000013592,0000012106,1,2017-01-26 13:14:31
0000013593,0000012107,1,2017-08-01 20:39:16
0000013594,0000012108,1,2017-03-02 12:55:37
0000013595,0000012108,2,2017-03-02 12:55:46
0000013596,0000012109,1,2017-08-09 18:27:33
0000013597,0000012110,1,2022-03-13 15:52:20
0000013598,0000012111,1,2019-02-08 13:08:37
0000013599,0000012112,1,2023-07-02 18:22:30
0000013600,0000012113,1,2020-11-29 22:25:00
0000013601,0000012114,1,2024-07-21 02:52:26
0000013602,0000012115,1,2023-10-04 06:01:43
0000013603,0000012116,1,2023-12-01 15:18:06
0000013604,0000012116,2,2023-12-01 15:18:20
0000013605,0000012117,1,2025-02-20 04:09:20
0000013606,0000012118,1,2017-12-20 06:31:01
0000013607,0000012119,1,2020-10-14 01:02:11
0000013608,0000012120,1,2019-02-09 18:26:47
0000013609,0000012121,1,2026-01-13 10:58:14
0000013610,0000012122,1,2022-04-28 16:30:47
0000013611,0000012123,1,2021-06-16 21:37:31
0000013612,0000012124,1,2022-11-07 03:58:33
0000013613,0000012124,2,2022-11-07 03:59:39
0000013614,0000012125,1,2017-04-17 04:59:44
0000013615,0000012125,2,2017-04-17 05:00:01
0000013616,0000012126,1,2018-09-28 19:09:42
0000013617,0000012127,1,2017-11-18 13:49:28
0000013618,0000012128,1,2019-12-29 20:26:18
0000013619,0000012128,2,2019-12-29 20:25:47
0000013620,0000012129,1,2015-12-18 23:37:39
0000013621,0000012130,1,2016-04-08 00:46:29
0000013622,0000012131,1,2020-02-24 09:16:28
0000013623,0000012132,1,2019-07-30 21:38:11
0000013624,0000012133,1,2019-08-11 23:53:14
0000013625,0000012134,1,2018-06-27 06:56:25
0000013626,0000012135,1,2022-01-27 12:24:39
0000013627,0000012136,1,2021-01-28 01:03:22
0000013628,0000012137,1,2020-02-07 19:19:09
0000013629,0000012138,1,2025-04-17 09:47:21
0000013630,0000012139,1,2021-02-26 12:06:47
0000013631,0000012140,1,2025-04-14 20:47:05
0000013632,0000012141,1,2019-07-06 06:25:40
0000013633,0000012142,1,2021-08-15 08:40:06
0000013634,0000012143,1,2015-10-29 18:28:35
0000013635,0000012144,1,2019-07-11 12:19:22
0000013636,0000012145,1,2022-12-06 07:22:11
0000013637,0000012146,1,2021-05-10 04:29:25
0000013638,0000012147,1,2016-10-27 23:53:06
0000013639,0000012148,1,2015-02-17 03:11:34
0000013640,0000012149,1,2018-08-14 15:44:20
0000013641,0000012150,1,2022-06-02 08:36:02
0000013642,0000012151,1,2016-11-27 16:58:40
0000013643,0000012151,2,2016-11-27 17:00:16
0000013644,0000012152,1,2023-07-10 00:28:41
0000013645,0000012153,1,2024-10-16 20:20:51
0000013646,0000012154,1,2020-05-30 00:09:46
0000013647,0000012155,1,2024-07-21 10:31:20
0000013648,0000012156,1,2019-06-13 07:50:21
0000013649,0000012157,1,2026-08-11 12:44:21
0000013650,0000012158,1,2022-11-11 06:48:28
0000013651,0000012159,1,2025-04-05 08:19:37
0000013652,0000012160,1,2022-02-09 00:05:19
0000013653,0000012161,1,2021-11-09 05:14:59
0000013654,0000012162,1,2019-09-13 03:54:50
0000013655,0000012163,1,2019-03-15 15:59:11
0000013656,0000012164,1,2021-02-28 10:24:22
0000013657,0000012165,1,2023-07-23 01:13:45
0000013658,0000012166,1,2019-11-15 07:31:24
0000013659,0000012167,1,2022-02-26 14:38:33
0000013660,0000012168,1,2019-09-08 09:14:31
0000013661,0000012169,1,2019-05-23 00:01:08
0000013662,0000012170,1,2017-12-25 06:23:42
0000013663,0000012171,1,2022-05-05 20:08:59
0000013664,0000012172,1,2021-07-29 17:51:23
0000013665,0000012172,2,2021-07-29 17:51:22
0000013666,0000012173,1,2019-03-02 04:57:32
0000013667,0000012174,1,2022-08-21 03:00:20
0000013668,0000012175,1,2025-05-02 11:36:16
0000013669,0000012176,1,2016-02-19 23:14:19
0000013670,0000012177,1,2023-02-16 07:42:47
0000013671,0000012177,2,2023-02-16 07:41:46
0000013672,0000012178,1,2018-12-09 20:02:22
0000013673,0000012179,1,2020-01-23 01:44:19
0000013674,0000012180,1,2015-05-10 17:27:37
0000013675,0000012181,1,2018-08-28 09:38:23
0000013676,0000012182,1,2019-04-05 18:14:43
0000013677,0000012183,1,2018-05-05 20:50:54
0000013678,0000012184,1,2020-09-24 23:10:44
0000013679,0000012185,1,2024-10-23 20:50:19
0000013680,0000012186,1,2016-06-29 11:39:58
0000013681,0000012187,1,2024-04-20 10:14:25
0000013682,0000012188,1,2019-06-18 06:46:30
0000013683,0000012189,1,2018-03-24 20:21:49
0000013684,0000012190,1,2022-04-16 02:42:34
0000013685,0000012191,1,2021-06-25 18:38:09
0000013686,0000012192,1,2019-01-23 23:39:18
0000013687,0000012193,1,2018-11-29 22:35:27
0000013688,0000012194,1,2020-07-01 00:14:07
0000013689,0000012194,2,2020-07-01 00:13:56
0000013690,0000012195,1,2025-06-29 07:43:16
0000013691,0000012196,1,2019-02-05 11:58:05
0000013692,0000012197,1,2017-06-08 05:27:57
0000013693,0000012197,2,2017-06-08 05:26:57
0000013694,0000012198,1,2021-01-10 23:50:09
0000013695,0000012199,1,2024-10-14 14:42:03
0000013696,0000012200,1,2022-12-10 21:04:24
0000013697,0000012201,1,2019-07-08 06:57:52
0000013698,0000012202,1,2017-09-03 02:25:21
0000013699,0000012203,1,2022-09-24 05:30:52
0000013700,0000012203,2,2022-09-24 05:32:05
0000013701,0000012204,1,2024-11-14 17:52:05
0000013702,0000012205,1,2015-05-21 09:44:39
0000013703,0000012206,1,2015-07-23 09:07:22
0000013704,0000012207,1,2018-03-01 08:22:57
0000013705,0000012208,1,2017-02-27 08:36:49
0000013706,0000012209,1,2017-12-15 22:45:42
0000013707,0000012209,2,2017-12-15 22:46:14
0000013708,0000012210,1,2021-11-11 14:16:07
0000013709,0000012211,1,2025-12-10 20:02:02
0000013710,0000012212,1,2025-08-28 08:19:44
0000013711,0000012212,2,2025-08-28 08:19:54
0000013712,0000012213,1,2017-06-23 22:01:09
0000013713,0000012214,1,2018-11-22 16:18:56
0000013714,0000012215,1,2021-11-08 13:12:48
0000013715,0000012216,1,2022-04-02 11:35:13
0000013716,0000012217,1,2025-04-14 08:10:25
0000013717,0000012218,1,2022-06-21 23:26:47
0000013718,0000012219,1,2018-10-16 00:01:41
0000013719,0000012220,1,2016-11-20 18:55:09
0000013720,0000012221,1,2018-10-29 23:54:19
0000013721,0000012222,1,2020-08-11 11:59:28
0000013722,0000012223,1,2018-01-11 17:50:04
0000013723,0000012224,1,2018-10-17 14:48:41
0000013724,0000012225,1,2017-05-26 10:00:21
0000013725,0000012226,1,2019-04-21 23:18:42
0000013726,0000012226,2,2019-04-21 23:19:33
0000013727,0000012227,1,2023-10-31 13:47:28
0000013728,0000012228,1,2024-03-22 11:24:55
0000013729,0000012229,1,2024-04-05 19:52:37
0000013730,0000012230,1,2020-04-11 07:01:45
0000013731,0000012230,2,2020-04-11 07:00:46
0000013732,0000012231,1,2017-10-24 14:34:17
0000013733,0000012232,1,2024-09-17 06:04:50
0000013734,0000012233,1,2025-08-16 18:03:51
0000013735,0000012234,1,2026-05-23 16:13:14
0000013736,0000012235,1,2015-11-21 03:12:02
0000013737,0000012236,1,2017-05-09 16:59:37
0000013738,0000012236,2,2017-05-09 16:59:42
0000013739,0000012237,1,2026-08-07 21:31:57
0000013740,0000012238,1,2019-11-05 13:45:40
0000013741,0000012239,1,2023-09-20 13:24:14
0000013742,0000012240,1,2017-01-03 20:57:15
0000013743,0000012241,1,2025-09-10 03:45:41
0000013744,0000012242,1,2026-01-12 15:47:50
0000013745,0000012243,1,2019-08-26 14:45:49
0000013746,0000012243,2,2019-08-26 14:45:48
0000013747,0000012244,1,2017-09-04 20:58:33
0000013748,0000012245,1,2024-11-25 09:10:51
0000013749,0000012246,1,2019-02-26 22:59:08
0000013750,0000012247,1,2021-08-02 05:36:47
0000013751,0000012248,1,2015-10-15 19:12:53
0000013752,0000012249,1,2017-12-02 01:11:10
0000013753,0000012250,1,2021-06-17 12:19:02
0000013754,0000012251,1,2016-05-11 00:30:18
0000013755,0000012252,1,2019-07-25 22:58:17
0000013756,0000012253,1,2018-06-30 12:59:37
0000013757,0000012254,1,2022-02-14 00:25:16
0000013758,0000012255,1,2017-09-08 06:13:18
0000013759,0000012256,1,2021-05-19 04:12:43
0000013760,0000012257,1,2019-06-03 20:11:19
0000013761,0000012258,1,2023-01-11 04:12:08
0000013762,0000012259,1,2016-10-19 19:16:34
0000013763,0000012260,1,2022-05-11 20:19:47
0000013764,0000012261,1,2025-01-03 06:47:16
0000013765,0000012262,1,2023-08-03 03:37:25
0000013766,0000012263,1,2017-07-19 02:43:53
0000013767,0000012264,1,2024-04-01 08:11:10
0000013768,0000012265,1,2017-12-15 22:02:54
0000013769,0000012266,1,2017-01-26 02:14:55
0000013770,0000012267,1,2015-07-11 06:57:00
0000013771,0000012268,1,2025-08-28 21:36:50
0000013772,0000012269,1,2022-10-18 19:05:12
0000013773,0000012270,1,2026-08-29 18:22:03
0000013774,0000012271,1,2021-09-23 19:34:00
0000013775,0000012271,2,2021-09-23 19:34:23
0000013776,0000012272,1,2020-10-30 04:17:23
0000013777,0000012273,1,2022-01-26 00:39:44
0000013778,0000012273,2,2022-01-26 00:39:26
0000013779,0000012274,1,2017-10-12 00:15:33
0000013780,0000012275,1,2020-06-11 21:25:56
0000013781,0000012275,2,2020-06-11 21:25:53
0000013782,0000012276,1,2020-06-07 11:00:30
0000013783,0000012277,1,2018-08-16 12:38:52
0000013784,0000012278,1,2022-04-25 17:12:29
0000013785,0000012279,1,2019-10-04 03:39:19
0000013786,0000012279,2,2019-10-04 03:40:56
0000013787,0000012280,1,2018-09-14 08:14:51
0000013788,0000012281,1,2018-11-26 05:36:02
0000013789,0000012282,1,2020-05-23 18:59:11
0000013790,0000012283,1,2016-07-11 06:22:41
0000013791,0000012284,1,2019-08-03 02:00:07
0000013792,0000012285,1,2023-11-12 13:28:53
0000013793,0000012286,1,2025-10-29 00:56:18
0000013794,0000012287,1,2018-05-21 22:45:21
0000013795,0000012288,1,2024-09-30 03:40:49
0000013796,0000012288,2,2024-09-30 03:41:12
0000013797,0000012289,1,2024-04-13 00:28:04
0000013798,0000012289,2,2024-04-13 00:27:27
0000013799,0000012290,1,2020-05-31 19:15:58
0000013800,0000012291,1,2023-04-01 20:01:52
0000013801,0000012291,2,2023-04-01 20:01:53
0000013802,0000012292,1,2021-11-19 12:53:06
0000013803,0000012293,1,2023-01-11 18:35:31
0000013804,0000012294,1,2024-02-28 04:34:59
0000013805,0000012295,1,2023-08-22 16:39:21
0000013806,0000012295,2,2023-08-22 16:39:45
0000013807,0000012296,1,2019-10-06 17:14:06
0000013808,0000012297,1,2023-11-30 01:34:12
0000013809,0000012298,1,2023-06-22 11:38:56
0000013810,0000012299,1,2021-12-11 12:41:15
0000013811,0000012299,2,2021-12-11 12:40:24
0000013812,0000012300,1,2024-03-21 22:01:01
0000013813,0000012301,1,2019-11-19 18:47:38
0000013814,0000012302,1,2023-07-24 14:35:30
0000013815,0000012303,1,2021-08-24 15:04:12
0000013816,0000012304,1,2015-11-21 04:11:19
0000013817,0000012305,1,2018-05-31 10:20:01
0000013818,0000012306,1,2024-12-05 12:35:46
0000013819,0000012307,1,2022-06-07 10:59:37
0000013820,0000012308,1,2021-03-20 05:47:59
0000013821,0000012309,1,2015-08-06 17:08:23
0000013822,0000012310,1,2018-03-22 00:46:25
0000013823,0000012311,1,2018-04-29 09:08:42
0000013824,0000012312,1,2024-06-06 02:08:03
0000013825,0000012313,1,2026-08-20 13:39:11
0000013826,0000012314,1,2020-07-17 09:19:09
0000013827,0000012315,1,2023-04-18 08:22:28
0000013828,0000012316,1,2017-01-29 12:28:12
0000013829,0000012317,1,2024-11-06 13:30:57
0000013830,0000012318,1,2019-02-19 00:36:54
0000013831,0000012319,1,2024-11-17 16:33:24
0000013832,0000012319,2,2024-11-17 16:34:33
0000013833,0000012320,1,2025-06-16 00:39:50
0000013834,0000012321,1,2019-09-26 15:42:24
0000013835,0000012322,1,2023-10-12 07:26:32
0000013836,0000012323,1,2017-10-13 09:40:17
0000013837,0000012324,1,2018-09-04 08:17:39
0000013838,0000012324,2,2018-09-04 08:17:09
0000013839,0000012325,1,2018-02-19 12:05:07
0000013840,0000012326,1,2018-01-19 17:54:08
0000013841,0000012327,1,2017-10-18 23:03:03
0000013842,0000012328,1,2023-12-13 23:58:01
0000013843,0000012328,2,2023-12-13 23:59:28
0000013844,0000012329,1,2025-03-05 20:40:35
0000013845,0000012329,2,2025-03-05 20:41:14
0000013846,0000012330,1,2017-05-03 13:36:07
0000013847,0000012331,1,2018-10-21 16:25:33
0000013848,0000012332,1,2019-09-27 02:36:21
0000013849,0000012333,1,2022-04-19 09:35:34
0000013850,0000012334,1,2020-02-25 21:15:09
0000013851,0000012335,1,2026-06-15 11:55:55
0000013852,0000012336,1,2023-11-12 09:49:16
0000013853,0000012337,1,2024-02-18 12:20:09
0000013854,0000012338,1,2025-03-20 11:15:57
0000013855,0000012339,1,2021-06-23 22:22:15
0000013856,0000012340,1,2024-09-26 15:14:37
0000013857,0000012341,1,2023-09-26 18:39:02
0000013858,0000012342,1,2018-09-24 03:52:26
0000013859,0000012343,1,2016-11-13 05:22:54
0000013860,0000012344,1,2021-09-11 03:22:37
0000013861,0000012345,1,2022-11-21 08:20:22
0000013862,0000012346,1,2015-10-25 03:31:10
0000013863,0000012347,1,2025-12-27 20:39:44
0000013864,0000012348,1,2026-03-22 22:39:53
0000013865,0000012349,1,2025-12-02 05:27:09
0000013866,0000012350,1,2025-10-04 04:17:11
0000013867,0000012351,1,2025-11-14 11:46:12
0000013868,0000012352,1,2025-09-22 20:53:14
0000013869,0000012353,1,2021-05-30 01:34:07
0000013870,0000012354,1,2026-01-12 18:40:11
0000013871,0000012355,1,2023-10-31 12:47:51
0000013872,0000012356,1,2018-05-28 22:38:17
0000013873,0000012357,1,2017-12-20 14:09:54
0000013874,0000012357,2,2017-12-20 14:10:52
0000013875,0000012358,1,2021-08-28 23:07:50
0000013876,0000012359,1,2019-12-12 17:41:54
0000013877,0000012360,1,2020-12-03 08:22:47
0000013878,0000012361,1,2018-08-07 05:20:31
0000013879,0000012362,1,2020-11-28 02:43:48
0000013880,0000012363,1,2026-09-12 19:44:43
0000013881,0000012364,1,2023-05-04 17:58:19
0000013882,0000012365,1,2025-09-14 21:12:45
0000013883,0000012366,1,2026-04-08 16:53:41
0000013884,0000012367,1,2015-07-30 19:10:23
0000013885,0000012368,1,2018-08-30 07:51:30
0000013886,0000012369,1,2022-04-01 09:01:31
0000013887,0000012370,1,2020-09-08 10:56:49
0000013888,0000012370,2,2020-09-08 10:56:21
0000013889,0000012371,1,2017-01-04 11:03:02
0000013890,0000012372,1,2018-02-24 15:27:32
0000013891,0000012373,1,2026-07-13 02:45:01
0000013892,0000012374,1,2023-08-29 10:53:22
0000013893,0000012375,1,2023-07-17 22:54:41
0000013894,0000012376,1,2017-03-19 15:59:52
0000013895,0000012377,1,2025-10-29 00:12:43
0000013896,0000012378,1,2015-10-21 09:55:39
0000013897,0000012378,2,2015-10-21 09:54:58
0000013898,0000012379,1,2017-11-14 04:15:18
0000013899,0000012380,1,2023-07-16 01:29:31
0000013900,0000012381,1,2020-05-15 17:47:22
0000013901,0000012382,1,2024-04-29 09:19:55
0000013902,0000012383,1,2020-03-01 18:40:22
0000013903,0000012384,1,2019-01-23 05:01:04
0000013904,0000012385,1,2018-06-22 19:32:42
0000013905,0000012386,1,2021-06-24 20:43:11
0000013906,0000012387,1,2020-03-04 12:57:15
0000013907,0000012388,1,2019-08-04 13:46:51
0000013908,0000012389,1,2025-09-11 22:21:50
0000013909,0000012390,1,2026-08-22 12:07:45
0000013910,0000012390,2,2026-08-22 12:08:50
0000013911,0000012391,1,2020-09-19 12:18:14
0000013912,0000012392,1,2018-11-09 12:12:57
0000013913,0000012393,1,2018-12-21 12:08:20
0000013914,0000012394,1,2018-08-19 00:04:27
0000013915,0000012394,2,2018-08-19 00:04:47
0000013916,0000012395,1,2019-02-28 20:16:07
0000013917,0000012396,1,2020-08-10 23:05:58
0000013918,0000012397,1,2016-11-04 08:15:48
0000013919,0000012398,1,2017-05-05 08:50:57
0000013920,0000012399,1,2016-12-12 06:43:52
0000013921,0000012400,1,2017-05-08 18:00:13
0000013922,0000012400,2,2017-05-08 18:01:05
0000013923,0000012401,1,2016-08-20 00:42:03
0000013924,0000012402,1,2015-04-25 12:37:05
0000013925,0000012402,2,2015-04-25 12:37:48
0000013926,0000012403,1,2015-11-28 21:17:23
0000013927,0000012404,1,2017-08-15 20:23:58
0000013928,0000012405,1,2020-08-22 21:14:45
0000013929,0000012406,1,2023-09-14 18:43:50
0000013930,0000012406,2,2023-09-14 18:45:11
0000013931,0000012407,1,2018-11-30 06:18:06
0000013932,0000012408,1,2018-09-15 17:41:39
0000013933,0000012409,1,2020-08-24 02:55:29
0000013934,0000012410,1,2017-06-25 06:47:57
0000013935,0000012411,1,2022-09-02 01:12:44
0000013936,0000012412,1,2024-01-27 18:02:11
0000013937,0000012413,1,2020-10-28 18:33:23
0000013938,0000012414,1,2024-10-15 04:40:19
0000013939,0000012415,1,2019-11-25 00:50:31
0000013940,0000012416,1,2026-03-07 17:31:59
0000013941,0000012417,1,2025-08-23 09:29:02
0000013942,0000012417,2,2025-08-23 09:28:44
0000013943,0000012418,1,2025-03-21 14:47:45
0000013944,0000012419,1,2022-11-30 09:44:39
0000013945,0000012420,1,2024-11-20 01:01:10
0000013946,0000012421,1,2021-08-03 06:29:28
0000013947,0000012422,1,2018-06-03 11:06:02
0000013948,0000012423,1,2025-08-08 03:54:10
0000013949,0000012424,1,2020-08-12 07:14:37
0000013950,0000012425,1,2022-04-28 09:13:44
0000013951,0000012426,1,2025-03-28 08:32:52
0000013952,0000012427,1,2019-06-17 00:14:39
0000013953,0000012427,2,2019-06-17 00:14:31
0000013954,0000012428,1,2022-05-05 07:14:38
0000013955,0000012429,1,2025-05-02 21:08:16
0000013956,0000012430,1,2025-05-16 23:28:49
0000013957,0000012431,1,2019-05-01 03:32:48
0000013958,0000012432,1,2023-12-21 18:40:24
0000013959,0000012433,1,2022-05-30 09:25:37
0000013960,0000012434,1,2015-06-02 02:20:01
0000013961,0000012435,1,2015-01-27 09:44:54
0000013962,0000012435,2,2015-01-27 09:44:33
0000013963,0000012436,1,2024-12-17 03:35:48
0000013964,0000012437,1,2016-11-05 07:17:44
0000013965,0000012438,1,2025-02-17 05:43:32
0000013966,0000012439,1,2018-03-03 04:14:46
0000013967,0000012440,1,2018-12-23 00:58:23
0000013968,0000012441,1,2020-08-14 17:19:05
0000013969,0000012442,1,2022-10-17 14:55:20
0000013970,0000012443,1,2019-07-01 19:56:39
0000013971,0000012444,1,2024-11-17 02:14:19
0000013972,0000012445,1,2022-06-16 18:49:10
0000013973,0000012446,1,2020-03-23 21:57:23
0000013974,0000012447,1,2020-04-30 14:22:11
0000013975,0000012448,1,2022-07-28 03:33:22
0000013976,0000012449,1,2021-12-22 22:03:28
0000013977,0000012450,1,2022-01-16 02:46:40
0000013978,0000012451,1,2022-11-08 02:02:49
0000013979,0000012452,1,2023-09-30 16:52:15
0000013980,0000012453,1,2023-03-12 15:22:56
0000013981,0000012454,1,2019-05-13 08:52:32
0000013982,0000012455,1,2019-02-13 18:08:46
0000013983,0000012455,2,2019-02-13 18:09:03
0000013984,0000012456,1,2020-12-05 15:08:36
0000013985,0000012457,1,2021-03-20 12:38:13
0000013986,0000012458,1,2026-07-26 16:31:39
0000013987,0000012459,1,2021-05-01 01:48:08
0000013988,0000012460,1,2020-04-27 12:45:17
0000013989,0000012461,1,2017-02-09 06:25:07
0000013990,0000012462,1,2022-01-14 18:51:47
0000013991,0000012463,1,2024-08-07 04:36:33
0000013992,0000012464,1,2017-11-18 06:56:53
0000013993,0000012465,1,2021-07-02 15:59:16
0000013994,0000012466,1,2020-06-18 14:15:18
0000013995,0000012467,1,2019-04-10 09:24:11
0000013996,0000012467,2,2019-04-10 09:24:30
0000013997,0000012468,1,2020-02-18 10:37:25
0000013998,0000012469,1,2020-07-16 21:32:58
0000013999,0000012470,1,2026-09-25 01:30:06
0000014000,0000012471,1,2020-07-05 16:13:59
0000014001,0000012472,1,2020-08-24 14:12:15
0000014002,0000012473,1,2023-08-20 06:30:44
0000014003,0000012474,1,2020-11-05 06:54:17
0000014004,0000012475,1,2019-01-09 22:23:23
0000014005,0000012476,1,2025-04-24 12:33:50
0000014006,0000012477,1,2022-07-23 11:53:21
0000014007,0000012478,1,2023-01-17 03:57:34
0000014008,0000012479,1,2021-07-16 14:51:45
0000014009,0000012480,1,2023-09-13 09:37:10
0000014010,0000012481,1,2025-01-11 18:55:03
0000014011,0000012482,1,2019-08-22 14:38:20
0000014012,0000012483,1,2020-12-19 08:50:50
0000014013,0000012483,2,2020-12-19 08:51:09
0000014014,0000012484,1,2024-09-08 03:25:15
0000014015,0000012485,1,2023-05-08 03:11:29
0000014016,0000012486,1,2017-07-19 04:08:59
0000014017,0000012487,1,2022-10-17 19:54:04
0000014018,0000012488,1,2020-02-25 01:47:27
0000014019,0000012488,2,2020-02-25 01:47:32
0000014020,0000012489,1,2026-05-09 10:27:30
0000014021,0000012490,1,2026-09-04 23:29:16
0000014022,0000012491,1,2018-02-13 10:55:43
0000014023,0000012492,1,2026-08-31 22:08:59
0000014024,0000012493,1,2021-09-22 13:52:10
0000014025,0000012494,1,2022-08-20 06:20:53
0000014026,0000012495,1,2017-05-30 20:14:22
0000014027,0000012496,1,2016-09-29 06:17:46
0000014028,0000012497,1,2019-02-23 12:48:20
0000014029,0000012498,1,2019-05-23 09:48:03
0000014030,0000012499,1,2026-06-17 07:15:26
0000014031,0000012500,1,2024-02-07 20:50:49
0000014032,0000012501,1,2018-07-05 03:57:26
0000014033,0000012501,2,2018-07-05 03:57:45
0000014034,0000012502,1,2026-04-03 15:08:49
0000014035,0000012503,1,2023-11-07 21:41:54
0000014036,0000012504,1,2021-04-28 06:21:32
0000014037,0000012505,1,2020-06-09 07:46:25
0000014038,0000012506,1,2019-01-02 20:32:51
0000014039,0000012507,1,2023-01-03 23:21:42
0000014040,0000012508,1,2025-05-26 13:19:55
0000014041,0000012509,1,2019-05-03 19:51:29
0000014042,0000012510,1,2019-03-25 14:23:08
0000014043,0000012510,2,2019-03-25 14:23:20
0000014044,0000012511,1,2023-09-25 20:14:27
0000014045,0000012512,1,2024-09-28 01:57:20
0000014046,0000012513,1,2024-09-06 10:59:43
0000014047,0000012514,1,2018-01-17 04:28:56
0000014048,0000012515,1,2019-06-20 11:36:03
0000014049,0000012516,1,2018-08-18 01:03:48
0000014050,0000012517,1,2019-05-19 14:31:22
0000014051,0000012518,1,2016-06-14 04:26:28
0000014052,0000012519,1,2017-06-27 16:06:34
0000014053,0000012519,2,2017-06-27 16:06:27
0000014054,0000012520,1,2016-01-24 09:16:26
0000014055,0000012521,1,2016-05-07 05:33:39
0000014056,0000012522,1,2018-08-25 15:32:36
0000014057,0000012523,1,2016-03-31 08:08:26
0000014058,0000012523,2,2016-03-31 08:07:06
0000014059,0000012524,1,2015-06-03 11:15:51
0000014060,0000012525,1,2018-09-20 06:31:11
0000014061,0000012526,1,2022-10-05 23:09:58
0000014062,0000012527,1,2022-03-20 00:30:11
0000014063,0000012528,1,2026-06-23 19:39:34
0000014064,0000012529,1,2025-12-06 07:05:51
0000014065,0000012529,2,2025-12-06 07:06:26
0000014066,0000012530,1,2020-08-02 21:09:04
0000014067,0000012531,1,2021-03-26 23:30:22
0000014068,0000012532,1,2022-07-03 09:41:16
0000014069,0000012533,1,2019-10-26 16:59:31
0000014070,0000012534,1,2022-03-01 22:15:22
0000014071,0000012535,1,2024-01-19 01:35:05
0000014072,0000012536,1,2015-02-20 10:59:46
0000014073,0000012536,2,2015-02-20 11:00:39
0000014074,0000012537,1,2016-02-17 14:41:40
0000014075,0000012538,1,2016-02-28 18:41:22
0000014076,0000012539,1,2019-08-06 06:41:26
0000014077,0000012540,1,2025-11-11 05:42:02
0000014078,0000012540,2,2025-11-11 05:41:47
0000014079,0000012541,1,2016-07-07 12:07:33
0000014080,0000012542,1,2021-11-14 13:32:18
0000014081,0000012543,1,2024-01-29 07:34:04
0000014082,0000012544,1,2026-03-24 03:23:51
0000014083,0000012545,1,2023-06-14 13:32:33
0000014084,0000012546,1,2018-09-15 15:23:01
0000014085,0000012547,1,2025-10-01 02:36:24
0000014086,0000012548,1,2019-04-27 15:30:04
0000014087,0000012549,1,2018-04-29 04:25:45
0000014088,0000012550,1,2020-01-30 00:03:16
0000014089,0000012551,1,2018-04-07 02:42:53
0000014090,0000012552,1,2019-05-12 18:51:57
0000014091,0000012553,1,2020-05-19 01:46:13
0000014092,0000012554,1,2022-11-12 23:23:52
0000014093,0000012554,2,2022-11-12 23:23:44
0000014094,0000012555,1,2018-08-13 15:25:34
0000014095,0000012556,1,2018-06-21 03:06:59
0000014096,0000012557,1,2024-12-05 02:50:21
0000014097,0000012558,1,2019-02-23 11:08:07
0000014098,0000012559,1,2022-10-30 11:34:19
0000014099,0000012559,2,2022-10-30 11:34:59
0000014100,0000012560,1,2020-10-02 07:47:46
0000014101,0000012561,1,2022-10-12 15:02:10
0000014102,0000012562,1,2022-09-08 23:13:16
0000014103,0000012563,1,2018-06-14 21:35:49
0000014104,0000012564,1,2019-09-11 23:53:24
0000014105,0000012565,1,2019-08-20 08:55:56
0000014106,0000012566,1,2019-04-17 15:08:52
0000014107,0000012567,1,2017-08-12 16:46:43
0000014108,0000012567,2,2017-08-12 16:45:52
0000014109,0000012568,1,2018-04-16 17:35:19
0000014110,0000012569,1,2016-06-15 21:09:52
0000014111,0000012570,1,2020-12-03 16:32:13
0000014112,0000012571,1,2020-09-30 14:26:14
0000014113,0000012572,1,2016-07-19 00:41:09
0000014114,0000012573,1,2021-06-16 16:33:01
0000014115,0000012574,1,2018-01-28 11:35:35
0000014116,0000012575,1,2018-11-21 07:50:51
0000014117,0000012575,2,2018-11-21 07:51:03
0000014118,0000012576,1,2019-01-20 20:20:12
0000014119,0000012577,1,2021-07-21 16:20:34
0000014120,0000012578,1,2017-12-07 03:24:56
0000014121,0000012579,1,2018-01-23 15:40:36
0000014122,0000012580,1,2017-11-11 16:43:44
0000014123,0000012581,1,2020-07-03 10:08:02
0000014124,0000012582,1,2020-09-10 14:48:21
0000014125,0000012583,1,2022-04-06 18:23:19
0000014126,0000012584,1,2017-08-13 11:13:17
0000014127,0000012585,1,2018-01-09 16:38:09
0000014128,0000012586,1,2022-11-16 04:09:11
0000014129,0000012587,1,2018-12-29 05:32:10
0000014130,0000012588,1,2025-03-29 01:58:39
0000014131,0000012589,1,2023-07-08 17:31:42
0000014132,0000012590,1,2020-01-10 05:58:55
0000014133,0000012590,2,2020-01-10 05:58:24
0000014134,0000012591,1,2022-07-31 08:50:45
0000014135,0000012592,1,2018-12-01 23:57:29
0000014136,0000012593,1,2017-02-25 14:21:33
0000014137,0000012594,1,2018-02-21 13:33:06
0000014138,0000012595,1,2022-11-24 23:05:15
0000014139,0000012596,1,2017-12-21 01:40:09
0000014140,0000012597,1,2018-11-17 02:56:32
0000014141,0000012598,1,2017-09-28 15:41:37
0000014142,0000012599,1,2015-01-20 23:26:52
0000014143,0000012600,1,2015-02-21 23:57:36
0000014144,0000012601,1,2025-08-15 13:59:57
0000014145,0000012602,1,2022-01-14 17:21:54
0000014146,0000012602,2,2022-01-14 17:22:26
0000014147,0000012603,1,2020-04-27 09:02:18
0000014148,0000012604,1,2019-08-24 08:06:02
0000014149,0000012605,1,2019-11-16 21:06:53
0000014150,0000012606,1,2021-04-08 00:48:50
0000014151,0000012607,1,2022-10-20 16:31:48
0000014152,0000012608,1,2022-04-08 21:40:36
0000014153,0000012609,1,2020-08-16 04:39:47
0000014154,0000012610,1,2023-02-23 09:33:00
0000014155,0000012610,2,2023-02-23 09:33:01
0000014156,0000012611,1,2026-04-21 15:52:06
0000014157,0000012611,2,2026-04-21 15:51:28
0000014158,0000012612,1,2024-09-24 05:52:52
0000014159,0000012613,1,2018-06-12 02:37:42
0000014160,0000012614,1,2026-07-28 16:59:08
0000014161,0000012615,1,2025-05-20 04:16:13
0000014162,0000012616,1,2026-04-10 20:24:11
0000014163,0000012616,2,2026-04-10 20:25:09
0000014164,0000012617,1,2018-03-19 07:33:07
0000014165,0000012618,1,2023-12-24 00:04:27
0000014166,0000012619,1,2024-11-08 16:13:19
0000014167,0000012620,1,2016-12-27 23:04:16
0000014168,0000012621,1,2022-08-30 09:16:46
0000014169,0000012622,1,2019-09-10 04:19:29
0000014170,0000012622,2,2019-09-10 04:18:32
0000014171,0000012623,1,2022-10-23 01:47:56
0000014172,0000012624,1,2025-05-02 07:01:08
0000014173,0000012625,1,2017-05-25 19:54:52
0000014174,0000012625,2,2017-05-25 19:54:40
0000014175,0000012626,1,2023-11-05 16:52:17
0000014176,0000012627,1,2023-10-05 13:40:44
0000014177,0000012628,1,2022-11-09 08:30:54
0000014178,0000012629,1,2024-11-29 12:12:31
0000014179,0000012630,1,2018-01-16 15:48:17
0000014180,0000012631,1,2017-03-06 11:22:46
0000014181,0000012632,1,2026-06-08 22:35:54
0000014182,0000012633,1,2017-11-16 07:36:11
0000014183,0000012634,1,2024-01-11 13:34:42
0000014184,0000012635,1,2024-11-04 15:14:35
0000014185,0000012636,1,2023-07-17 03:40:12
0000014186,0000012637,1,2017-03-30 12:51:28
0000014187,0000012638,1,2018-05-20 10:05:38
0000014188,0000012639,1,2025-11-30 03:44:40
0000014189,0000012640,1,2017-06-15 02:38:52
0000014190,0000012641,1,2019-07-16 18:45:47
0000014191,0000012642,1,2025-05-21 05:43:34
0000014192,0000012643,1,2023-01-11 03:51:39
0000014193,0000012644,1,2018-09-22 05:47:12
0000014194,0000012645,1,2018-05-14 22:18:34
0000014195,0000012646,1,2020-09-13 17:08:56
0000014196,0000012647,1,2020-04-08 21:48:39
0000014197,0000012648,1,2022-12-28 21:17:13
0000014198,0000012649,1,2026-06-21 01:17:17
0000014199,0000012650,1,2023-05-17 14:05:03
0000014200,0000012651,1,2023-06-24 15:00:31
0000014201,0000012652,1,2021-11-06 13:03:34
0000014202,0000012653,1,2020-09-30 16:15:46
0000014203,0000012654,1,2024-11-04 23:37:40
0000014204,0000012655,1,2025-09-23 23:58:25
0000014205,0000012656,1,2021-12-25 04:52:36
0000014206,0000012657,1,2020-05-31 06:19:18
0000014207,0000012658,1,2025-01-01 05:34:52
0000014208,0000012659,1,2016-02-22 00:34:23
0000014209,0000012660,1,2018-11-10 07:03:14
0000014210,0000012661,1,2015-09-17 01:46:55
0000014211,0000012662,1,2023-05-01 10:33:07
0000014212,0000012663,1,2018-08-08 10:09:55
0000014213,0000012664,1,2019-04-11 11:22:26
0000014214,0000012665,1,2019-08-20 19:34:53
0000014215,0000012666,1,2020-02-06 16:26:26
0000014216,0000012667,1,2016-12-25 22:47:40
0000014217,0000012668,1,2015-08-07 12:49:01
0000014218,0000012669,1,2023-10-04 12:38:37
0000014219,0000012670,1,2022-06-20 05:55:36
0000014220,0000012671,1,2018-06-24 01:14:45
0000014221,0000012672,1,2017-06-03 17:30:02
0000014222,0000012673,1,2026-03-21 02:01:12
0000014223,0000012674,1,2019-10-18 19:09:33
0000014224,0000012675,1,2023-03-01 20:35:34
0000014225,0000012676,1,2025-04-08 05:09:49
0000014226,0000012677,1,2022-05-29 04:53:28
0000014227,0000012678,1,2021-03-08 04:17:32
0000014228,0000012679,1,2018-02-25 21:34:35
0000014229,0000012680,1,2026-06-03 03:59:13
0000014230,0000012681,1,2017-11-21 13:21:20
0000014231,0000012682,1,2023-06-22 13:40:19
0000014232,0000012683,1,2024-11-29 22:00:33
0000014233,0000012684,1,2018-01-02 16:28:35
0000014234,0000012685,1,2019-05-02 12:30:49
0000014235,0000012686,1,2022-05-18 23:07:43
0000014236,0000012687,1,2021-06-05 12:20:06
0000014237,0000012688,1,2019-09-23 10:37:26
0000014238,0000012688,2,2019-09-23 10:37:17
0000014239,0000012689,1,2022-04-01 02:57:36
0000014240,0000012690,1,2026-04-25 14:47:12
0000014241,0000012691,1,2019-01-13 00:54:33
0000014242,0000012691,2,2019-01-13 00:55:09
0000014243,0000012692,1,2025-10-02 04:24:09
0000014244,0000012693,1,2019-02-18 14:15:29
0000014245,0000012694,1,2026-08-24 00:17:11
0000014246,0000012695,1,2026-09-15 20:22:15
0000014247,0000012696,1,2024-02-29 10:21:45
0000014248,0000012696,2,2024-02-29 10:21:48
0000014249,0000012697,1,2017-09-16 22:02:40
0000014250,0000012698,1,2017-08-20 08:08:53
0000014251,0000012699,1,2016-08-22 01:59:04
0000014252,0000012700,1,2018-10-11 12:11:50
0000014253,0000012701,1,2018-03-10 22:06:23
0000014254,0000012702,1,2018-03-20 17:34:03
0000014255,0000012703,1,2020-10-28 05:13:10
0000014256,0000012704,1,2022-02-12 18:28:49
0000014257,0000012705,1,2018-12-26 21:17:23
0000014258,0000012706,1,2019-01-27 12:05:57
0000014259,0000012707,1,2020-10-16 16:45:45
0000014260,0000012708,1,2016-10-11 15:41:57
0000014261,0000012709,1,2024-08-16 10:20:27
0000014262,0000012710,1,2020-06-16 20:10:46
0000014263,0000012711,1,2017-03-11 21:16:44
0000014264,0000012711,2,2017-03-11 21:16:01
0000014265,0000012712,1,2022-05-16 08:03:19
0000014266,0000012713,1,2016-02-28 00:35:54
0000014267,0000012714,1,2024-02-27 20:02:25
0000014268,0000012715,1,2017-07-13 01:01:41
0000014269,0000012716,1,2020-08-25 09:39:26
0000014270,0000012717,1,2018-08-17 02:29:46
0000014271,0000012718,1,2022-12-11 05:47:25
0000014272,0000012719,1,2023-11-01 05:35:50
0000014273,0000012719,2,2023-11-01 05:36:56
0000014274,0000012720,1,2019-04-03 22:22:14
0000014275,0000012721,1,2022-10-21 18:46:31
0000014276,0000012722,1,2019-06-30 18:51:05
0000014277,0000012723,1,2026-09-07 06:36:23
0000014278,0000012724,1,2018-07-17 08:43:26
0000014279,0000012724,2,2018-07-17 08:44:07
0000014280,0000012725,1,2025-03-12 12:21:13
0000014281,0000012726,1,2019-05-03 21:30:14
0000014282,0000012727,1,2018-03-03 22:13:25
0000014283,0000012728,1,2023-08-21 13:28:20
0000014284,0000012729,1,2016-07-10 13:39:29
0000014285,0000012729,2,2016-07-10 13:39:32
0000014286,0000012730,1,2023-10-22 14:59:13
0000014287,0000012731,1,2018-12-09 19:50:49
0000014288,0000012732,1,2022-12-10 00:22:57
0000014289,0000012733,1,2025-02-13 04:37:30
0000014290,0000012734,1,2018-12-29 14:29:59
0000014291,0000012735,1,2018-10-26 05:19:58
0000014292,0000012736,1,2026-06-29 03:02:36
0000014293,0000012736,2,2026-06-29 03:01:05
0000014294,0000012737,1,2018-10-06 07:33:09
0000014295,0000012738,1,2019-12-28 19:14:31
0000014296,0000012739,1,2016-03-29 08:11:36
0000014297,0000012740,1,2020-01-30 11:17:46
0000014298,0000012740,2,2020-01-30 11:18:38
0000014299,0000012741,1,2019-06-14 15:58:22
0000014300,0000012742,1,2016-03-22 01:01:32
0000014301,0000012742,2,2016-03-22 01:01:33
0000014302,0000012743,1,2018-05-14 08:33:38
0000014303,0000012744,1,2017-08-05 23:14:05
0000014304,0000012745,1,2017-01-11 12:31:31
0000014305,0000012746,1,2020-03-03 00:47:15
0000014306,0000012747,1,2020-12-22 20:18:21
0000014307,0000012748,1,2026-01-30 09:32:38
0000014308,0000012749,1,2018-12-17 05:12:37
0000014309,0000012749,2,2018-12-17 05:13:09
0000014310,0000012750,1,2024-01-20 21:40:18
0000014311,0000012751,1,2018-02-11 04:07:50
0000014312,0000012752,1,2015-12-16 11:41:00
0000014313,0000012753,1,2022-05-25 01:30:30
0000014314,0000012754,1,2025-08-23 16:46:29
0000014315,0000012755,1,2019-06-19 18:31:14
0000014316,0000012756,1,2026-08-09 02:55:46
0000014317,0000012757,1,2026-05-26 13:26:53
0000014318,0000012758,1,2023-05-15 06:41:34
0000014319,0000012759,1,2015-12-06 17:42:32
0000014320,0000012760,1,2022-06-21 23:35:06
0000014321,0000012761,1,2025-04-24 15:21:05
0000014322,0000012762,1,2020-09-08 05:29:05
0000014323,0000012763,1,2018-10-28 00:24:47
0000014324,0000012764,1,2018-11-08 21:50:13
0000014325,0000012765,1,2018-11-30 04:35:31
0000014326,0000012766,1,2017-12-16 06:26:27
0000014327,0000012767,1,2018-06-27 04:42:29
0000014328,0000012768,1,2017-11-17 21:30:58
0000014329,0000012769,1,2019-02-02 22:15:36
0000014330,0000012770,1,2024-09-13 16:24:59
0000014331,0000012771,1,2018-03-31 00:19:46
0000014332,0000012772,1,2021-01-20 20:09:37
0000014333,0000012773,1,2021-01-21 11:52:06
0000014334,0000012774,1,2021-02-17 08:42:09
0000014335,0000012775,1,2018-12-16 20:25:53
0000014336,0000012775,2,2018-12-16 20:24:40
0000014337,0000012776,1,2021-06-02 05:59:13
0000014338,0000012777,1,2018-12-29 20:35:55
0000014339,0000012777,2,2018-12-29 20:37:14
0000014340,0000012778,1,2024-07-30 16:49:13
0000014341,0000012779,1,2023-07-03 10:43:07
0000014342,0000012780,1,2021-11-14 00:40:19
0000014343,0000012781,1,2022-03-05 10:17:04
0000014344,0000012781,2,2022-03-05 10:16:34
0000014345,0000012782,1,2020-07-01 21:48:30
0000014346,0000012783,1,2025-08-17 10:11:01
0000014347,0000012784,1,2016-10-26 18:23:10
0000014348,0000012785,1,2019-06-20 02:41:02
0000014349,0000012786,1,2021-09-05 08:12:04
0000014350,0000012787,1,2020-12-21 01:15:03
0000014351,0000012788,1,2017-03-12 02:16:00
0000014352,0000012789,1,2019-05-18 13:27:59
0000014353,0000012790,1,2016-09-05 10:43:45
0000014354,0000012790,2,2016-09-05 10:43:15
0000014355,0000012791,1,2018-12-02 14:06:36
0000014356,0000012791,2,2018-12-02 14:07:05
0000014357,0000012792,1,2020-11-30 22:31:24
0000014358,0000012793,1,2016-11-18 03:52:28
0000014359,0000012794,1,2016-08-17 09:14:29
0000014360,0000012795,1,2021-08-29 10:18:54
0000014361,0000012795,2,2021-08-29 10:19:32
0000014362,0000012796,1,2021-01-10 12:39:48
0000014363,0000012797,1,2025-02-12 07:38:22
0000014364,0000012798,1,2024-03-01 06:24:05
0000014365,0000012799,1,2026-01-29 19:07:10
0000014366,0000012800,1,2017-08-12 09:33:48
0000014367,0000012801,1,2024-03-27 10:29:09
0000014368,0000012802,1,2017-06-19 09:31:28
0000014369,0000012803,1,2015-08-27 17:00:43
0000014370,0000012804,1,2023-09-14 21:31:48
0000014371,0000012805,1,2021-08-30 12:07:57
0000014372,0000012806,1,2021-08-25 08:50:28
0000014373,0000012807,1,2016-08-07 13:39:32
0000014374,0000012808,1,2020-06-21 16:56:41
0000014375,0000012809,1,2023-06-27 20:33:02
0000014376,0000012809,2,2023-06-27 20:31:40
0000014377,0000012810,1,2021-08-19 17:45:28
0000014378,0000012811,1,2025-01-04 18:08:13
0000014379,0000012812,1,2020-07-15 07:03:59
0000014380,0000012813,1,2019-03-09 18:56:44
0000014381,0000012813,2,2019-03-09 18:57:09
0000014382,0000012814,1,2026-05-12 17:17:47
0000014383,0000012815,1,2018-03-08 10:33:39
0000014384,0000012815,2,2018-03-08 10:33:33
0000014385,0000012816,1,2025-11-04 00:53:29
0000014386,0000012817,1,2025-11-26 00:30:33
0000014387,0000012818,1,2020-09-28 09:53:48
0000014388,0000012819,1,2021-07-01 13:18:24
0000014389,0000012820,1,2021-04-26 07:52:36
0000014390,0000012821,1,2025-04-21 11:45:43
0000014391,0000012822,1,2026-06-18 19:44:26
0000014392,0000012823,1,2024-10-04 20:38:31
0000014393,0000012824,1,2017-12-07 07:13:17
0000014394,0000012825,1,2026-05-14 21:54:53
0000014395,0000012826,1,2021-04-14 19:44:59
0000014396,0000012827,1,2020-11-30 06:04:32
0000014397,0000012828,1,2020-11-11 08:24:09
0000014398,0000012829,1,2017-10-07 06:15:52
0000014399,0000012830,1,2016-08-22 07:29:52
0000014400,0000012831,1,2016-02-28 10:20:13
0000014401,0000012832,1,2019-04-09 08:38:39
0000014402,0000012833,1,2016-05-24 02:37:51
0000014403,0000012834,1,2016-02-17 03:31:53
0000014404,0000012835,1,2018-08-15 10:10:25
0000014405,0000012836,1,2022-04-23 06:15:11
0000014406,0000012837,1,2022-09-30 21:43:57
0000014407,0000012838,1,2017-10-26 00:39:59
0000014408,0000012839,1,2018-02-28 01:58:56
0000014409,0000012840,1,2019-09-20 08:00:14
0000014410,0000012841,1,2022-09-05 08:26:05
0000014411,0000012842,1,2024-04-26 01:25:12
0000014412,0000012843,1,2019-11-03 19:17:56
0000014413,0000012844,1,2017-08-07 03:32:19
0000014414,0000012845,1,2019-05-24 14:44:28
0000014415,0000012846,1,2026-07-07 03:34:15
0000014416,0000012847,1,2015-12-23 18:42:58
0000014417,0000012848,1,2018-01-04 04:03:10
0000014418,0000012849,1,2026-06-16 21:23:17
0000014419,0000012850,1,2019-08-16 08:56:26
0000014420,0000012851,1,2019-01-12 21:09:33
0000014421,0000012852,1,2019-10-18 20:46:20
0000014422,0000012853,1,2025-03-19 01:59:51
0000014423,0000012854,1,2018-06-16 08:53:23
0000014424,0000012855,1,2023-02-10 15:17:43
0000014425,0000012856,1,2017-12-26 21:43:20
0000014426,0000012856,2,2017-12-26 21:44:22
0000014427,0000012857,1,2023-01-18 08:28:42
0000014428,0000012858,1,2018-12-21 00:06:03
0000014429,0000012859,1,2023-10-09 08:22:15
0000014430,0000012860,1,2021-06-30 11:06:23
0000014431,0000012861,1,2020-08-22 01:22:47
0000014432,0000012862,1,2019-02-07 23:30:29
0000014433,0000012863,1,2021-09-27 16:08:20
0000014434,0000012864,1,2019-09-22 14:50:09
0000014435,0000012864,2,2019-09-22 14:50:18
0000014436,0000012865,1,2017-12-02 16:56:20
0000014437,0000012866,1,2021-01-17 02:40:33
0000014438,0000012866,2,2021-01-17 02:39:30
0000014439,0000012867,1,2026-07-27 03:21:26
0000014440,0000012868,1,2025-01-06 14:18:44
0000014441,0000012869,1,2024-02-10 17:03:25
0000014442,0000012870,1,2019-10-28 01:04:55
0000014443,0000012871,1,2018-04-29 03:06:22
0000014444,0000012872,1,2019-08-11 12:14:44
0000014445,0000012873,1,2025-08-06 05:44:16
0000014446,0000012874,1,2024-04-03 21:48:02
0000014447,0000012875,1,2019-09-20 14:48:27
0000014448,0000012876,1,2018-04-17 13:16:29
0000014449,0000012877,1,2024-12-09 12:01:49
0000014450,0000012877,2,2024-12-09 12:01:41
0000014451,0000012878,1,2018-05-06 18:35:56
0000014452,0000012879,1,2017-04-10 23:53:56
0000014453,0000012880,1,2026-03-30 10:21:43
0000014454,0000012880,2,2026-03-30 10:21:53
0000014455,0000012881,1,2016-06-03 13:26:49
0000014456,0000012882,1,2021-04-25 19:33:30
0000014457,0000012883,1,2021-07-01 03:01:35
0000014458,0000012884,1,2017-06-04 17:06:03
0000014459,0000012885,1,2018-12-14 20:39:38
0000014460,0000012886,1,2019-09-03 20:38:58
0000014461,0000012887,1,2018-06-22 15:39:43
0000014462,0000012888,1,2018-12-25 18:57:21
0000014463,0000012889,1,2018-10-07 22:56:28
0000014464,0000012890,1,2017-03-01 15:52:03
0000014465,0000012891,1,2021-05-21 04:51:13
0000014466,0000012892,1,2025-03-10 08:31:34
0000014467,0000012893,1,2026-02-18 02:53:04
0000014468,0000012894,1,2020-08-25 15:15:09
0000014469,0000012895,1,2024-07-04 21:36:59
0000014470,0000012896,1,2025-03-24 15:33:35
0000014471,0000012897,1,2024-08-20 21:21:17
0000014472,0000012898,1,2024-02-09 15:51:19
0000014473,0000012898,2,2024-02-09 15:51:43
0000014474,0000012899,1,2021-06-03 12:04:17
0000014475,0000012900,1,2022-05-30 05:03:12
0000014476,0000012901,1,2023-08-26 15:05:37
0000014477,0000012902,1,2025-10-19 13:30:32
0000014478,0000012902,2,2025-10-19 13:31:35
0000014479,0000012903,1,2022-08-25 14:37:49
0000014480,0000012904,1,2020-03-18 20:49:33
0000014481,0000012905,1,2018-12-29 14:59:14
0000014482,0000012906,1,2018-12-28 14:28:15
0000014483,0000012907,1,2023-04-21 02:18:13
0000014484,0000012907,2,2023-04-21 02:18:13
0000014485,0000012908,1,2018-08-29 14:15:43
0000014486,0000012909,1,2025-05-05 22:17:48
0000014487,0000012910,1,2017-07-29 09:35:30
0000014488,0000012911,1,2016-12-23 05:26:18
0000014489,0000012912,1,2025-02-25 17:59:34
0000014490,0000012913,1,2022-05-14 00:02:20
0000014491,0000012914,1,2025-01-12 16:16:55
0000014492,0000012915,1,2019-11-10 05:24:41
0000014493,0000012915,2,2019-11-10 05:24:16
0000014494,0000012916,1,2017-10-19 23:25:19
0000014495,0000012917,1,2021-05-23 23:34:56
0000014496,0000012918,1,2022-05-12 08:59:21
0000014497,0000012919,1,2020-12-25 12:39:26
0000014498,0000012920,1,2019-04-18 11:07:18
0000014499,0000012921,1,2023-01-07 05:16:24
0000014500,0000012922,1,2026-04-14 09:23:46
0000014501,0000012923,1,2019-12-24 00:35:45
0000014502,0000012924,1,2021-07-19 18:02:57
0000014503,0000012925,1,2026-07-18 23:32:08
0000014504,0000012926,1,2021-11-06 02:13:54
0000014505,0000012927,1,2023-10-18 11:31:09
0000014506,0000012928,1,2018-07-25 21:46:57
0000014507,0000012929,1,2019-10-07 22:44:17
0000014508,0000012929,2,2019-10-07 22:44:07
0000014509,0000012930,1,2020-04-16 00:59:21
0000014510,0000012931,1,2019-05-04 07:12:24
0000014511,0000012932,1,2022-10-14 00:20:57
0000014512,0000012933,1,2018-10-07 12:06:26
0000014513,0000012934,1,2019-12-18 05:01:29
0000014514,0000012935,1,2021-05-15 17:26:41
0000014515,0000012935,2,2021-05-15 17:25:28
0000014516,0000012936,1,2019-12-06 01:24:13
0000014517,0000012937,1,2022-10-13 00:50:31
0000014518,0000012938,1,2019-08-30 00:30:56
0000014519,0000012939,1,2018-12-18 06:40:21
0000014520,0000012939,2,2018-12-18 06:39:26
0000014521,0000012940,1,2022-08-14 11:02:39
0000014522,0000012941,1,2015-08-22 19:54:45
0000014523,0000012941,2,2015-08-22 19:55:49
0000014524,0000012942,1,2021-11-13 01:20:49
0000014525,0000012943,1,2023-10-10 12:37:12
0000014526,0000012944,1,2022-03-20 02:45:12
0000014527,0000012944,2,2022-03-20 02:45:41
0000014528,0000012945,1,2016-12-07 08:16:20
0000014529,0000012946,1,2021-08-22 03:13:48
0000014530,0000012946,2,2021-08-22 03:13:15
0000014531,0000012947,1,2019-09-03 12:13:28
0000014532,0000012948,1,2018-08-22 20:09:26
0000014533,0000012948,2,2018-08-22 20:10:33
0000014534,0000012949,1,2023-01-28 21:28:35
0000014535,0000012949,2,2023-01-28 21:28:59
0000014536,0000012950,1,2019-11-06 01:24:54
0000014537,0000012951,1,2019-03-07 11:35:43
0000014538,0000012952,1,2018-01-17 23:58:33
0000014539,0000012953,1,2018-09-19 06:13:10
0000014540,0000012954,1,2020-09-19 02:17:52
0000014541,0000012955,1,2020-11-20 16:11:16
0000014542,0000012955,2,2020-11-20 16:11:41
0000014543,0000012956,1,2017-02-03 09:12:26
0000014544,0000012957,1,2020-07-17 22:23:23
0000014545,0000012958,1,2024-03-13 09:49:48
0000014546,0000012959,1,2024-06-08 05:56:49
0000014547,0000012960,1,2018-07-24 05:30:12
0000014548,0000012961,1,2026-05-06 17:08:33
0000014549,0000012962,1,2020-05-19 19:53:29
0000014550,0000012963,1,2021-05-04 07:02:19
0000014551,0000012964,1,2021-09-18 20:17:58
0000014552,0000012965,1,2021-09-19 23:05:41
0000014553,0000012966,1,2024-10-01 16:33:27
0000014554,0000012967,1,2026-06-30 08:05:19
0000014555,0000012968,1,2024-12-31 20:57:50
0000014556,0000012969,1,2020-01-05 21:06:39
0000014557,0000012970,1,2024-07-08 01:10:22
0000014558,0000012971,1,2018-05-30 05:11:29
0000014559,0000012972,1,2023-02-17 09:59:16
0000014560,0000012973,1,2021-12-11 15:32:54
0000014561,0000012974,1,2019-05-31 23:47:29
0000014562,0000012975,1,2020-05-01 19:58:50
0000014563,0000012976,1,2021-01-09 14:09:35
0000014564,0000012977,1,2020-05-23 13:31:18
0000014565,0000012977,2,2020-05-23 13:30:41
0000014566,0000012978,1,2022-03-16 23:33:36
0000014567,0000012979,1,2023-05-02 11:46:43
0000014568,0000012980,1,2019-11-09 11:51:30
0000014569,0000012980,2,2019-11-09 11:49:55
0000014570,0000012981,1,2020-11-27 01:25:45
0000014571,0000012982,1,2024-07-29 13:40:58
0000014572,0000012983,1,2019-09-15 19:37:33
0000014573,0000012984,1,2024-10-07 14:01:45
0000014574,0000012985,1,2025-01-30 20:24:29
0000014575,0000012986,1,2025-07-24 09:32:32
0000014576,0000012987,1,2026-01-17 03:29:54
0000014577,0000012987,2,2026-01-17 03:30:58
0000014578,0000012988,1,2026-03-27 00:19:18
0000014579,0000012988,2,2026-03-27 00:18:51
0000014580,0000012989,1,2022-01-06 05:11:14
0000014581,0000012990,1,2019-11-11 09:53:48
0000014582,0000012991,1,2023-06-25 18:44:22
0000014583,0000012992,1,2016-11-25 21:58:58
0000014584,0000012993,1,2023-02-28 20:17:23
0000014585,0000012994,1,2026-03-17 17:15:27
0000014586,0000012995,1,2023-10-30 10:40:17
0000014587,0000012996,1,2025-01-10 02:18:43
0000014588,0000012997,1,2023-10-13 11:16:40
0000014589,0000012998,1,2021-11-11 21:10:43
0000014590,0000012999,1,2022-08-31 11:49:38
0000014591,0000013000,1,2021-09-29 10:16:56
0000014592,0000013001,1,2020-06-11 13:00:56
0000014593,0000013002,1,2019-07-01 17:52:32
0000014594,0000013002,2,2019-07-01 17:53:46
0000014595,0000013003,1,2021-05-10 18:22:00
0000014596,0000013003,2,2021-05-10 18:22:25
0000014597,0000013004,1,2024-07-21 03:55:37
0000014598,0000013005,1,2025-02-19 23:13:05
0000014599,0000013006,1,2022-02-22 09:01:01
0000014600,0000013007,1,2017-12-05 16:29:20
0000014601,0000013008,1,2024-10-26 01:04:45
0000014602,0000013009,1,2015-12-13 17:16:44
0000014603,0000013009,2,2015-12-13 17:17:59
0000014604,0000013010,1,2018-06-02 05:00:00
0000014605,0000013011,1,2016-05-31 06:55:47
0000014606,0000013012,1,2025-08-07 23:39:43
0000014607,0000013013,1,2023-09-18 15:30:43
0000014608,0000013014,1,2022-02-11 06:10:34
0000014609,0000013015,1,2018-11-07 13:17:33
0000014610,0000013016,1,2026-05-25 15:04:45
0000014611,0000013017,1,2019-09-07 08:38:19
0000014612,0000013018,1,2017-09-19 01:07:58
0000014613,0000013018,2,2017-09-19 01:08:30
0000014614,0000013019,1,2022-05-18 21:10:38
0000014615,0000013019,2,2022-05-18 21:10:04
0000014616,0000013020,1,2026-07-12 11:19:04
0000014617,0000013020,2,2026-07-12 11:19:09
0000014618,0000013021,1,2021-11-14 01:28:40
0000014619,0000013022,1,2020-08-01 19:20:36
0000014620,0000013023,1,2024-06-07 00:26:58
0000014621,0000013024,1,2022-11-18 13:07:46
0000014622,0000013025,1,2026-01-22 12:34:50
0000014623,0000013026,1,2021-10-11 05:29:04
0000014624,0000013027,1,2024-05-07 02:22:13
0000014625,0000013028,1,2025-12-08 19:16:00
0000014626,0000013029,1,2021-10-30 12:59:23
0000014627,0000013029,2,2021-10-30 13:00:21
0000014628,0000013030,1,2019-09-24 15:11:44
0000014629,0000013031,1,2022-10-18 06:39:38
0000014630,0000013032,1,2024-10-20 01:25:35
0000014631,0000013033,1,2023-03-25 23:31:05
0000014632,0000013034,1,2022-05-29 15:08:26
0000014633,0000013035,1,2024-08-27 21:49:05
0000014634,0000013036,1,2019-04-12 04:38:30
0000014635,0000013037,1,2022-02-13 00:10:34
0000014636,0000013038,1,2021-05-06 00:37:00
0000014637,0000013039,1,2024-02-12 01:37:31
0000014638,0000013040,1,2018-04-20 11:36:37
0000014639,0000013041,1,2024-07-29 07:52:53
0000014640,0000013042,1,2021-05-07 01:20:04
0000014641,0000013043,1,2020-10-13 06:08:56
0000014642,0000013044,1,2024-04-08 19:39:47
0000014643,0000013045,1,2017-03-29 04:31:21
0000014644,0000013046,1,2021-12-01 23:35:04
0000014645,0000013047,1,2019-02-21 12:20:39
0000014646,0000013047,2,2019-02-21 12:21:02
0000014647,0000013048,1,2018-11-08 18:39:04
0000014648,0000013049,1,2022-09-27 03:20:05
0000014649,0000013050,1,2019-12-02 03:25:06
0000014650,0000013051,1,2024-03-08 08:45:19
0000014651,0000013052,1,2021-01-27 03:38:29
0000014652,0000013053,1,2023-11-01 19:33:22
0000014653,0000013054,1,2022-08-12 05:50:09
0000014654,0000013055,1,2025-07-22 12:48:35
0000014655,0000013056,1,2025-11-06 00:10:58
0000014656,0000013057,1,2021-02-21 17:26:36
0000014657,0000013058,1,2021-09-19 00:57:40
0000014658,0000013059,1,2018-07-25 19:45:33
0000014659,0000013060,1,2026-02-26 03:47:34
0000014660,0000013061,1,2023-10-01 04:11:26
0000014661,0000013062,1,2016-09-02 12:30:43
0000014662,0000013063,1,2016-01-13 17:58:06
0000014663,0000013064,1,2024-02-28 00:36:52
0000014664,0000013065,1,2023-05-11 03:08:21
0000014665,0000013065,2,2023-05-11 03:08:20
0000014666,0000013066,1,2018-07-03 05:09:21
0000014667,0000013067,1,2024-11-26 16:32:36
0000014668,0000013068,1,2022-07-23 19:25:45
0000014669,0000013069,1,2025-11-30 07:42:20
0000014670,0000013070,1,2022-03-28 20:06:34
0000014671,0000013071,1,2025-06-20 20:37:53
0000014672,0000013072,1,2025-06-01 23:25:36
0000014673,0000013073,1,2026-01-18 00:31:41
0000014674,0000013074,1,2025-05-23 16:21:43
0000014675,0000013075,1,2019-11-24 13:22:48
0000014676,0000013076,1,2024-02-23 02:46:12
0000014677,0000013077,1,2024-03-21 05:50:16
0000014678,0000013078,1,2023-07-21 06:46:50
0000014679,0000013079,1,2024-02-03 01:11:58
0000014680,0000013080,1,2015-06-18 22:21:47
0000014681,0000013081,1,2021-11-13 02:58:18
0000014682,0000013082,1,2015-06-14 20:31:01
0000014683,0000013083,1,2026-03-28 17:49:07
0000014684,0000013084,1,2021-06-28 20:02:30
0000014685,0000013085,1,2016-04-18 01:07:54
0000014686,0000013086,1,2016-10-10 06:19:13
0000014687,0000013087,1,2018-12-04 13:26:52
0000014688,0000013088,1,2023-12-19 19:24:41
0000014689,0000013089,1,2016-12-19 17:37:32
0000014690,0000013090,1,2023-02-03 19:04:35
0000014691,0000013091,1,2021-01-21 23:19:32
0000014692,0000013091,2,2021-01-21 23:19:33
0000014693,0000013092,1,2019-03-27 15:01:49
0000014694,0000013093,1,2017-09-03 13:08:01
0000014695,0000013094,1,2020-05-02 23:22:21
0000014696,0000013095,1,2019-07-17 21:30:17
0000014697,0000013096,1,2017-09-03 22:36:17
0000014698,0000013097,1,2016-10-11 05:06:39
0000014699,0000013098,1,2019-12-20 11:31:42
0000014700,0000013099,1,2018-09-01 04:26:50
0000014701,0000013099,2,2018-09-01 04:25:23
0000014702,0000013100,1,2021-02-26 06:42:47
0000014703,0000013101,1,2019-12-16 14:52:00
0000014704,0000013102,1,2021-11-19 20:36:21
0000014705,0000013103,1,2018-12-04 21:22:16
0000014706,0000013104,1,2020-06-29 01:37:07
0000014707,0000013105,1,2019-11-27 15:53:07
0000014708,0000013106,1,2021-10-27 17:31:53
0000014709,0000013107,1,2015-09-19 02:21:35
0000014710,0000013108,1,2019-05-05 09:36:38
0000014711,0000013109,1,2022-07-17 03:23:54
0000014712,0000013110,1,2024-05-07 17:55:38
0000014713,0000013111,1,2022-01-17 18:17:26
0000014714,0000013112,1,2020-10-10 18:09:09
0000014715,0000013113,1,2018-03-07 22:39:06
0000014716,0000013114,1,2018-08-20 01:33:13
0000014717,0000013114,2,2018-08-20 01:32:50
0000014718,0000013115,1,2019-07-16 03:22:36
0000014719,0000013115,2,2019-07-16 03:22:03
0000014720,0000013116,1,2018-06-01 21:38:33
0000014721,0000013117,1,2026-05-28 02:41:56
0000014722,0000013118,1,2016-12-17 19:01:24
0000014723,0000013119,1,2026-08-06 21:24:54
0000014724,0000013120,1,2016-04-27 13:54:21
0000014725,0000013121,1,2024-08-20 06:06:21
0000014726,0000013122,1,2019-10-02 08:58:08
0000014727,0000013122,2,2019-10-02 08:58:53
0000014728,0000013123,1,2017-08-03 05:06:21
0000014729,0000013124,1,2017-07-10 05:28:09
0000014730,0000013125,1,2025-05-07 01:27:59
0000014731,0000013126,1,2016-03-26 13:12:46
0000014732,0000013126,2,2016-03-26 13:11:21
0000014733,0000013127,1,2022-07-17 00:16:23
0000014734,0000013128,1,2019-09-30 10:11:28
0000014735,0000013129,1,2020-02-27 11:14:06
0000014736,0000013130,1,2019-02-24 08:40:49
0000014737,0000013131,1,2022-04-07 23:13:34
0000014738,0000013132,1,2022-05-30 20:25:31
0000014739,0000013133,1,2019-05-20 15:37:09
0000014740,0000013133,2,2019-05-20 15:35:59
0000014741,0000013134,1,2022-07-16 08:32:19
0000014742,0000013135,1,2020-03-04 04:22:18
0000014743,0000013136,1,2023-09-20 06:20:47
0000014744,0000013137,1,2023-06-02 00:39:16
0000014745,0000013138,1,2022-01-01 18:46:50
0000014746,0000013139,1,2020-09-03 04:44:40
0000014747,0000013140,1,2026-01-27 03:17:11
0000014748,0000013141,1,2017-11-12 22:33:07
0000014749,0000013142,1,2017-03-28 07:54:32
0000014750,0000013143,1,2019-01-04 16:47:16
0000014751,0000013144,1,2020-01-02 10:53:34
0000014752,0000013145,1,2025-10-02 03:59:32
0000014753,0000013146,1,2023-11-29 13:33:10
0000014754,0000013147,1,2020-06-24 04:00:28
0000014755,0000013148,1,2016-03-11 21:25:52
0000014756,0000013149,1,2020-09-14 18:24:05
0000014757,0000013150,1,2017-04-18 04:59:53
0000014758,0000013151,1,2021-01-03 02:56:43
0000014759,0000013152,1,2019-06-18 08:39:41
0000014760,0000013153,1,2021-05-14 02:53:06
0000014761,0000013154,1,2023-07-29 22:42:46
0000014762,0000013155,1,2016-09-17 10:16:31
0000014763,0000013156,1,2019-06-28 22:32:07
0000014764,0000013157,1,2023-01-25 00:54:00
0000014765,0000013158,1,2024-06-05 03:29:18
0000014766,0000013159,1,2025-01-05 14:49:44
0000014767,0000013159,2,2025-01-05 14:50:36
0000014768,0000013160,1,2020-06-29 09:16:32
0000014769,0000013161,1,2020-10-04 04:56:41
0000014770,0000013162,1,2021-12-06 07:16:51
0000014771,0000013163,1,2023-07-06 13:47:30
0000014772,0000013164,1,2026-01-02 19:55:01
0000014773,0000013164,2,2026-01-02 19:54:38
0000014774,0000013165,1,2022-12-06 12:04:43
0000014775,0000013166,1,2021-04-07 19:08:04
0000014776,0000013167,1,2019-11-25 16:06:27
0000014777,0000013168,1,2025-04-15 14:56:45
0000014778,0000013169,1,2017-12-03 21:11:10
0000014779,0000013170,1,2024-05-23 22:37:36
0000014780,0000013171,1,2017-07-22 12:26:57
0000014781,0000013172,1,2019-04-24 23:26:37
0000014782,0000013173,1,2016-04-05 09:54:59
0000014783,0000013174,1,2017-04-12 19:00:15
0000014784,0000013175,1,2017-09-30 00:02:43
0000014785,0000013176,1,2018-05-18 16:24:13
0000014786,0000013177,1,2025-05-14 02:03:20
0000014787,0000013178,1,2019-07-19 13:41:44
0000014788,0000013179,1,2026-03-27 15:29:02
0000014789,0000013180,1,2024-02-18 14:38:09
0000014790,0000013181,1,2016-12-17 07:01:57
0000014791,0000013182,1,2024-04-07 09:24:05
0000014792,0000013183,1,2024-06-25 01:39:31
0000014793,0000013183,2,2024-06-25 01:40:12
0000014794,0000013184,1,2019-08-23 21:18:28
0000014795,0000013185,1,2017-10-06 01:41:12
0000014796,0000013186,1,2020-01-06 08:48:22
0000014797,0000013187,1,2017-05-30 04:44:36
0000014798,0000013188,1,2024-05-07 02:24:10
0000014799,0000013189,1,2024-02-24 03:31:51
0000014800,0000013190,1,2019-05-05 17:58:52
0000014801,0000013191,1,2021-08-01 00:45:51
0000014802,0000013192,1,2017-11-09 17:43:37
0000014803,0000013193,1,2018-07-31 14:26:39
0000014804,0000013193,2,2018-07-31 14:27:05
0000014805,0000013194,1,2024-10-11 10:03:29
0000014806,0000013195,1,2021-10-12 12:21:58
0000014807,0000013196,1,2022-03-25 10:14:48
0000014808,0000013197,1,2021-11-22 17:28:57
0000014809,0000013198,1,2021-08-27 11:53:40
0000014810,0000013199,1,2024-10-31 00:53:59
0000014811,0000013200,1,2022-02-22 14:44:10
0000014812,0000013201,1,2025-07-28 22:19:25
0000014813,0000013202,1,2020-04-28 04:06:03
0000014814,0000013202,2,2020-04-28 04:05:41
0000014815,0000013203,1,2026-10-01 01:47:21
0000014816,0000013204,1,2021-04-25 12:49:34
0000014817,0000013205,1,2017-08-22 13:17:07
0000014818,0000013206,1,2017-05-07 21:09:32
0000014819,0000013207,1,2019-06-25 23:03:45
0000014820,0000013208,1,2018-04-15 15:58:50
0000014821,0000013209,1,2020-06-14 18:51:16
0000014822,0000013210,1,2021-12-02 13:02:08
0000014823,0000013211,1,2022-08-29 09:05:32
0000014824,0000013212,1,2015-10-16 20:14:13
0000014825,0000013212,2,2015-10-16 20:13:48
0000014826,0000013213,1,2022-12-20 21:30:57
0000014827,0000013213,2,2022-12-20 21:32:30
0000014828,0000013214,1,2019-07-09 19:05:19
0000014829,0000013215,1,2021-06-24 22:09:50
0000014830,0000013216,1,2024-04-19 22:49:28
0000014831,0000013217,1,2022-05-30 14:53:56
0000014832,0000013218,1,2015-09-06 22:54:54
0000014833,0000013219,1,2023-06-24 14:36:03
0000014834,0000013220,1,2018-03-17 22:18:30
0000014835,0000013221,1,2024-06-30 05:26:10
0000014836,0000013222,1,2016-11-27 19:45:30
0000014837,0000013223,1,2019-10-19 16:29:45
0000014838,0000013224,1,2022-04-12 05:54:08
0000014839,0000013225,1,2017-07-03 16:35:20
0000014840,0000013226,1,2017-04-03 13:20:46
0000014841,0000013227,1,2017-10-09 21:32:40
0000014842,0000013227,2,2017-10-09 21:33:40
0000014843,0000013228,1,2016-12-14 09:08:00
0000014844,0000013229,1,2018-05-17 09:54:06
0000014845,0000013230,1,2018-04-09 19:14:45
0000014846,0000013231,1,2017-09-21 02:02:55
0000014847,0000013232,1,2017-02-28 21:00:23
0000014848,0000013233,1,2017-11-11 14:11:16
0000014849,0000013234,1,2016-08-22 02:25:15
0000014850,0000013235,1,2017-10-04 04:49:51
0000014851,0000013236,1,2017-05-04 23:47:21
0000014852,0000013237,1,2016-12-16 22:39:51
0000014853,0000013238,1,2016-10-05 09:30:08
0000014854,0000013239,1,2026-02-13 02:18:08
0000014855,0000013240,1,2020-03-05 01:55:45
0000014856,0000013241,1,2020-10-18 13:17:53
0000014857,0000013242,1,2023-02-02 06:05:06
0000014858,0000013242,2,2023-02-02 06:05:07
0000014859,0000013243,1,2017-06-25 13:11:17
0000014860,0000013244,1,2020-04-27 01:19:53
0000014861,0000013245,1,2016-03-26 18:48:31
0000014862,0000013246,1,2023-02-08 23:23:14
0000014863,0000013246,2,2023-02-08 23:22:36
0000014864,0000013247,1,2018-02-05 05:55:22
0000014865,0000013248,1,2019-10-20 23:21:29
0000014866,0000013248,2,2019-10-20 23:21:31
0000014867,0000013249,1,2018-07-31 09:28:31
0000014868,0000013249,2,2018-07-31 09:27:43
0000014869,0000013250,1,2025-06-17 11:41:49
0000014870,0000013251,1,2021-10-26 22:50:29
0000014871,0000013252,1,2017-02-21 21:45:48
0000014872,0000013253,1,2023-12-06 08:26:40
0000014873,0000013254,1,2024-08-16 23:50:56
0000014874,0000013254,2,2024-08-16 23:51:40
0000014875,0000013255,1,2017-09-12 11:51:19
0000014876,0000013256,1,2024-08-19 14:40:43
0000014877,0000013257,1,2021-11-20 10:48:07
0000014878,0000013258,1,2024-12-11 04:11:27
0000014879,0000013259,1,2021-10-05 01:20:00
0000014880,0000013260,1,2023-11-08 21:54:39
0000014881,0000013261,1,2023-07-07 01:16:05
0000014882,0000013262,1,2022-05-23 09:57:16
0000014883,0000013263,1,2018-10-24 18:25:51
0000014884,0000013263,2,2018-10-24 18:27:15
0000014885,0000013264,1,2024-10-06 20:46:52
0000014886,0000013265,1,2021-08-04 14:57:14
0000014887,0000013266,1,2025-11-02 17:05:02
0000014888,0000013267,1,2025-04-06 23:54:31
0000014889,0000013268,1,2016-01-17 15:56:33
0000014890,0000013269,1,2015-07-19 04:44:58
0000014891,0000013270,1,2017-12-21 02:28:11
0000014892,0000013271,1,2019-02-20 23:49:02
0000014893,0000013272,1,2017-12-16 05:39:10
0000014894,0000013272,2,2017-12-16 05:39:00
0000014895,0000013273,1,2018-09-10 09:40:17
0000014896,0000013274,1,2025-01-02 06:23:55
0000014897,0000013275,1,2019-04-25 18:34:10
0000014898,0000013276,1,2023-10-30 13:31:29
0000014899,0000013277,1,2022-08-09 20:40:04
0000014900,0000013278,1,2016-09-03 06:11:44
0000014901,0000013279,1,2026-05-30 21:58:04
0000014902,0000013280,1,2021-09-07 03:54:31
0000014903,0000013281,1,2021-02-06 12:58:29
0000014904,0000013282,1,2022-11-17 02:56:40
0000014905,0000013283,1,2019-08-07 22:07:53
0000014906,0000013284,1,2018-07-25 18:34:59
0000014907,0000013284,2,2018-07-25 18:35:29
0000014908,0000013285,1,2016-03-29 12:01:05
0000014909,0000013286,1,2018-03-09 09:26:46
0000014910,0000013287,1,2016-01-29 14:10:44
0000014911,0000013288,1,2022-10-28 23:08:58
0000014912,0000013289,1,2017-10-04 02:24:52
0000014913,0000013290,1,2015-04-30 22:40:25
0000014914,0000013291,1,2019-04-13 08:11:58
0000014915,0000013292,1,2016-10-08 20:13:03
0000014916,0000013293,1,2024-07-10 23:41:37
0000014917,0000013293,2,2024-07-10 23:41:21
0000014918,0000013294,1,2015-06-12 13:50:11
0000014919,0000013295,1,2014-11-16 09:30:35
0000014920,0000013296,1,2021-10-11 07:10:12
0000014921,0000013297,1,2025-08-23 11:27:32
0000014922,0000013298,1,2021-11-19 20:31:42
0000014923,0000013299,1,2021-12-04 04:51:20
0000014924,0000013300,1,2025-03-07 18:51:50
0000014925,0000013301,1,2016-06-03 22:55:18
0000014926,0000013302,1,2019-12-28 17:22:27
0000014927,0000013303,1,2016-06-12 19:57:24
0000014928,0000013304,1,2016-11-09 01:06:34
0000014929,0000013304,2,2016-11-09 01:06:09
0000014930,0000013305,1,2017-09-05 19:44:51
0000014931,0000013306,1,2022-10-09 13:24:02
0000014932,0000013307,1,2019-08-04 02:27:06
0000014933,0000013308,1,2016-04-02 09:55:01
0000014934,0000013309,1,2024-03-21 07:13:47
0000014935,0000013310,1,2024-10-08 06:40:48
0000014936,0000013311,1,2022-05-11 10:45:49
0000014937,0000013312,1,2020-06-11 01:38:49
0000014938,0000013313,1,2020-02-14 06:48:23
0000014939,0000013314,1,2019-04-01 14:59:33
0000014940,0000013315,1,2026-02-20 11:05:48
0000014941,0000013316,1,2021-05-16 05:20:35
0000014942,0000013316,2,2021-05-16 05:21:38
0000014943,0000013317,1,2021-08-15 08:18:27
0000014944,0000013318,1,2016-11-05 11:48:00
0000014945,0000013319,1,2017-12-27 09:56:33
0000014946,0000013320,1,2018-06-16 02:30:16
0000014947,0000013321,1,2022-05-09 23:46:01
0000014948,0000013322,1,2021-05-15 20:54:36
0000014949,0000013323,1,2018-10-25 05:09:33
0000014950,0000013324,1,2018-06-27 02:31:13
0000014951,0000013325,1,2023-09-02 01:01:20
0000014952,0000013326,1,2019-10-06 04:57:50
0000014953,0000013327,1,2017-07-13 06:51:42
0000014954,0000013328,1,2018-04-15 08:51:51
0000014955,0000013329,1,2026-08-07 23:46:44
0000014956,0000013330,1,2019-04-21 20:14:50
0000014957,0000013331,1,2025-11-26 03:18:52
0000014958,0000013332,1,2023-10-18 05:59:45
0000014959,0000013333,1,2025-07-31 18:47:55
0000014960,0000013334,1,2022-12-23 06:40:50
0000014961,0000013335,1,2025-10-26 22:57:14
0000014962,0000013336,1,2024-06-06 09:38:22
0000014963,0000013337,1,2025-11-02 20:09:37
0000014964,0000013338,1,2022-10-17 13:11:18
0000014965,0000013339,1,2018-09-04 08:58:12
0000014966,0000013340,1,2021-07-18 12:21:38
0000014967,0000013341,1,2026-05-14 14:29:24
0000014968,0000013341,2,2026-05-14 14:28:18
0000014969,0000013342,1,2017-04-08 11:40:08
0000014970,0000013343,1,2022-07-29 10:52:16
0000014971,0000013344,1,2018-04-27 03:07:33
0000014972,0000013345,1,2020-09-11 00:58:14
0000014973,0000013346,1,2021-09-23 13:26:18
0000014974,0000013347,1,2024-11-01 11:53:14
0000014975,0000013348,1,2026-08-16 19:19:22
0000014976,0000013349,1,2019-01-09 08:08:52
0000014977,0000013350,1,2024-07-28 20:43:32
0000014978,0000013351,1,2018-08-20 02:13:30
0000014979,0000013352,1,2026-05-13 06:04:58
0000014980,0000013353,1,2020-01-13 07:16:21
0000014981,0000013353,2,2020-01-13 07:15:15
0000014982,0000013354,1,2021-01-28 08:46:31
0000014983,0000013354,2,2021-01-28 08:47:00
0000014984,0000013355,1,2022-09-04 13:38:56
0000014985,0000013356,1,2022-04-20 08:17:32
0000014986,0000013357,1,2026-03-17 04:03:44
0000014987,0000013358,1,2024-04-21 14:32:27
0000014988,0000013359,1,2022-12-06 06:11:39
0000014989,0000013360,1,2020-08-16 01:26:37
0000014990,0000013361,1,2020-11-14 07:35:58
0000014991,0000013362,1,2019-09-06 15:43:44
0000014992,0000013363,1,2026-06-04 16:12:54
0000014993,0000013364,1,2024-03-14 16:03:25
0000014994,0000013365,1,2017-09-16 10:00:47
0000014995,0000013366,1,2023-02-19 04:24:40
0000014996,0000013367,1,2017-11-13 10:56:26
0000014997,0000013368,1,2018-11-21 07:54:00
0000014998,0000013369,1,2017-07-18 20:58:14
0000014999,0000013369,2,2017-07-18 20:57:59
0000015000,0000013370,1,2024-05-22 12:46:01
0000015001,0000013371,1,2015-08-14 23:42:52
0000015002,0000013372,1,2016-01-02 15:26:07
0000015003,0000013373,1,2017-03-15 21:20:34
0000015004,0000013374,1,2020-12-26 02:02:42
0000015005,0000013375,1,2026-06-29 08:08:24
0000015006,0000013375,2,2026-06-29 08:08:43
0000015007,0000013376,1,2016-09-10 20:31:24
0000015008,0000013377,1,2016-07-05 15:57:38
0000015009,0000013378,1,2024-02-25 23:30:57
0000015010,0000013379,1,2020-10-09 12:57:45
0000015011,0000013380,1,2020-10-15 06:32:12
0000015012,0000013380,2,2020-10-15 06:31:45
0000015013,0000013381,1,2019-09-09 00:43:57
0000015014,0000013382,1,2022-11-09 17:59:51
0000015015,0000013383,1,2024-06-08 10:26:51
0000015016,0000013384,1,2024-01-30 17:51:34
0000015017,0000013385,1,2020-08-28 08:54:32
0000015018,0000013386,1,2021-08-09 10:40:59
0000015019,0000013387,1,2023-09-22 16:53:33
0000015020,0000013388,1,2025-07-03 01:40:48
0000015021,0000013388,2,2025-07-03 01:41:59
0000015022,0000013389,1,2026-09-22 14:20:48
0000015023,0000013390,1,2017-03-23 02:51:11
0000015024,0000013391,1,2026-06-05 11:56:37
0000015025,0000013392,1,2025-08-25 21:48:31
0000015026,0000013392,2,2025-08-25 21:48:28
0000015027,0000013393,1,2020-08-21 17:04:54
0000015028,0000013394,1,2019-08-12 17:53:11
0000015029,0000013395,1,2024-08-19 15:55:57
0000015030,0000013396,1,2020-09-28 02:28:58
0000015031,0000013397,1,2022-07-15 19:08:07
0000015032,0000013398,1,2018-04-04 07:08:50
0000015033,0000013399,1,2017-06-28 17:11:33
0000015034,0000013400,1,2017-02-08 05:56:36
0000015035,0000013401,1,2018-11-25 12:27:36
0000015036,0000013402,1,2022-08-22 00:21:22
0000015037,0000013403,1,2021-10-02 11:21:44
0000015038,0000013403,2,2021-10-02 11:22:39
0000015039,0000013404,1,2021-09-03 13:45:24
0000015040,0000013405,1,2021-09-22 09:11:13
0000015041,0000013406,1,2021-01-18 05:58:38
0000015042,0000013406,2,2021-01-18 05:58:39
0000015043,0000013407,1,2021-01-10 06:32:07
0000015044,0000013408,1,2022-03-16 20:39:15
0000015045,0000013409,1,2021-05-13 02:22:44
0000015046,0000013410,1,2018-10-24 17:17:42
0000015047,0000013411,1,2020-12-23 00:38:52
0000015048,0000013412,1,2018-04-08 18:11:00
0000015049,0000013413,1,2016-02-01 13:26:52
0000015050,0000013414,1,2016-08-19 12:58:21
0000015051,0000013414,2,2016-08-19 12:57:56
0000015052,0000013415,1,2016-07-05 23:29:48
0000015053,0000013416,1,2016-03-20 13:26:48
0000015054,0000013417,1,2016-05-02 22:59:00
0000015055,0000013418,1,2020-09-18 01:52:58
0000015056,0000013419,1,2022-08-05 11:23:49
0000015057,0000013420,1,2020-01-13 15:19:15
0000015058,0000013421,1,2016-03-08 12:06:11
0000015059,0000013422,1,2022-05-24 17:34:24
0000015060,0000013423,1,2026-02-06 10:27:13
0000015061,0000013424,1,2026-02-04 17:10:53
0000015062,0000013425,1,2023-03-21 12:29:20
0000015063,0000013425,2,2023-03-21 12:29:09
0000015064,0000013426,1,2019-06-10 13:50:22
0000015065,0000013427,1,2025-07-17 01:39:45
0000015066,0000013428,1,2021-12-01 15:08:29
0000015067,0000013429,1,2018-09-11 22:53:30
0000015068,0000013430,1,2023-06-28 07:35:21
0000015069,0000013430,2,2023-06-28 07:35:13
0000015070,0000013431,1,2021-06-18 23:19:33
0000015071,0000013432,1,2016-08-01 21:18:20
0000015072,0000013433,1,2023-09-27 23:05:52
0000015073,0000013434,1,2023-05-01 18:46:43
0000015074,0000013435,1,2024-02-25 04:02:12
0000015075,0000013436,1,2017-04-29 20:43:52
0000015076,0000013437,1,2026-04-27 07:40:54
0000015077,0000013438,1,2016-12-16 11:00:47
0000015078,0000013439,1,2022-01-25 12:45:36
0000015079,0000013440,1,2025-08-11 18:23:12
0000015080,0000013441,1,2021-10-30 14:26:17
