user_id,customer_unique_id,created_at
0000000001,CUST-0000000001,2015-03-10 04:03:12
0000000002,CUST-0000000002,2017-12-28 03:43:54
0000000003,CUST-0000000003,2017-07-15 16:21:18
0000000004,CUST-0000000004,2014-11-10 15:23:12
0000000005,CUST-0000000005,2016-11-19 03:43:16
0000000006,CUST-0000000006,2018-07-13 16:43:37
0000000007,CUST-0000000007,2014-10-28 02:31:56
0000000008,CUST-0000000008,2016-03-25 23:08:40
0000000009,CUST-0000000009,2014-11-02 23:35:39
0000000010,CUST-0000000010,2014-12-07 11:48:24
0000000011,CUST-0000000011,2017-01-01 14:36:21
0000000012,CUST-0000000012,2016-07-21 23:24:19
0000000013,CUST-0000000013,2017-05-22 20:26:19
0000000014,CUST-0000000014,2017-11-30 22:50:40
0000000015,CUST-0000000015,2014-12-13 19:33:01
0000000016,CUST-0000000016,2015-12-19 06:30:16
0000000017,CUST-0000000017,2015-10-01 19:18:34
0000000018,CUST-0000000018,2017-06-06 02:06:32
0000000019,CUST-0000000019,2018-01-20 17:18:16
0000000020,CUST-0000000020,2014-10-10 11:20:57
0000000021,CUST-0000000021,2017-07-06 02:19:52
0000000022,CUST-0000000022,2018-05-17 22:58:39
0000000023,CUST-0000000023,2016-12-02 02:34:47
0000000024,CUST-0000000024,2017-05-30 17:13:13
0000000025,CUST-0000000025,2015-01-29 15:41:38
0000000026,CUST-0000000026,2017-09-15 19:31:32
0000000027,CUST-0000000027,2017-03-18 16:50:37
0000000028,CUST-0000000028,2018-04-01 08:36:22
0000000029,CUST-0000000029,2016-08-24 00:04:42
0000000030,CUST-0000000030,2017-11-26 06:54:50
0000000031,CUST-0000000031,2015-07-11 19:44:26
0000000032,CUST-0000000032,2017-09-24 02:29:41
0000000033,CUST-0000000033,2017-06-08 09:40:14
0000000034,CUST-0000000034,2018-05-12 19:34:28
0000000035,CUST-0000000035,2016-09-13 10:22:33
0000000036,CUST-0000000036,2015-01-11 20:11:32
0000000037,CUST-0000000037,2016-11-06 07:24:45
0000000038,CUST-0000000038,2015-03-20 15:25:18
0000000039,CUST-0000000039,2017-11-13 16:05:12
0000000040,CUST-0000000040,2016-05-12 04:38:24
0000000041,CUST-0000000041,2016-10-07 07:38:55
0000000042,CUST-0000000042,2017-06-12 05:54:59
0000000043,CUST-0000000043,2017-04-11 05:47:46
0000000044,CUST-0000000044,2017-08-27 16:45:32
0000000045,CUST-0000000045,2017-07-10 00:51:41
0000000046,CUST-0000000046,2016-10-20 23:21:20
0000000047,CUST-0000000047,2015-07-08 09:39:55
0000000048,CUST-0000000048,2015-05-17 18:37:13
0000000049,CUST-0000000049,2018-07-11 15:52:34
0000000050,CUST-0000000050,2015-04-12 11:25:45
0000000051,CUST-0000000051,2015-01-13 14:52:08
0000000052,CUST-0000000052,2016-05-31 13:48:15
0000000053,CUST-0000000053,2017-08-05 15:39:06
0000000054,CUST-0000000054,2015-01-29 03:05:14
0000000055,CUST-0000000055,2015-01-01 11:18:07
0000000056,CUST-0000000056,2018-07-07 08:54:52
0000000057,CUST-0000000057,2014-11-13 13:58:48
0000000058,CUST-0000000058,2016-05-22 07:58:03
0000000059,CUST-0000000059,2016-04-16 22:18:21
0000000060,CUST-0000000060,2015-11-07 17:38:37
0000000061,CUST-0000000061,2017-03-03 08:32:15
0000000062,CUST-0000000062,2017-12-30 05:29:29
0000000063,CUST-0000000063,2018-05-31 15:06:17
0000000064,CUST-0000000064,2017-08-12 15:17:49
0000000065,CUST-0000000065,2015-10-03 19:53:02
0000000066,CUST-0000000066,2017-11-05 17:01:01
0000000067,CUST-0000000067,2018-04-21 23:24:06
0000000068,CUST-0000000068,2017-08-02 16:33:18
0000000069,CUST-0000000069,2016-05-29 09:11:05
0000000070,CUST-0000000070,2015-02-16 02:29:53
0000000071,CUST-0000000071,2017-08-27 00:44:31
0000000072,CUST-0000000072,2016-03-01 09:19:46
0000000073,CUST-0000000073,2015-07-12 00:56:05
0000000074,CUST-0000000074,2015-06-15 22:50:13
0000000075,CUST-0000000075,2014-12-08 21:51:37
0000000076,CUST-0000000076,2015-12-08 23:34:34
0000000077,CUST-0000000077,2016-05-05 13:11:12
0000000078,CUST-0000000078,2015-11-06 23:40:56
0000000079,CUST-0000000079,2016-03-02 20:44:51
0000000080,CUST-0000000080,2016-10-13 09:24:22
0000000081,CUST-0000000081,2018-04-17 08:47:15
0000000082,CUST-0000000082,2017-07-13 14:43:25
0000000083,CUST-0000000083,2016-05-21 20:02:20
0000000084,CUST-0000000084,2017-05-13 08:23:37
0000000085,CUST-0000000085,2015-10-08 06:44:27
0000000086,CUST-0000000086,2018-03-18 07:04:03
0000000087,CUST-0000000087,2017-01-28 00:30:54
0000000088,CUST-0000000088,2015-09-02 10:38:10
0000000089,CUST-0000000089,2016-02-21 17:25:46
0000000090,CUST-0000000090,2016-02-04 04:09:13
0000000091,CUST-0000000091,2018-04-18 09:02:10
0000000092,CUST-0000000092,2015-11-04 13:50:56
0000000093,CUST-0000000093,2017-04-16 02:57:21
0000000094,CUST-0000000094,2014-11-28 21:37:12
0000000095,CUST-0000000095,2017-02-26 10:17:36
0000000096,CUST-0000000096,2017-04-16 22:45:27
0000000097,CUST-0000000097,2017-11-04 11:11:59
0000000098,CUST-0000000098,2016-04-26 02:55:43
0000000099,CUST-0000000099,2018-08-18 03:19:30
0000000100,CUST-0000000100,2017-03-19 06:36:28
0000000101,CUST-0000000101,2017-11-14 12:00:28
0000000102,CUST-0000000102,2016-12-16 04:13:14
0000000103,CUST-0000000103,2015-04-13 18:08:58
0000000104,CUST-0000000104,2015-09-11 04:46:12
0000000105,CUST-0000000105,2015-09-04 14:51:16
0000000106,CUST-0000000106,2016-03-08 04:16:36
0000000107,CUST-0000000107,2016-06-11 17:34:02
0000000108,CUST-0000000108,2018-05-20 10:03:28
0000000109,CUST-0000000109,2018-10-04 10:17:52
0000000110,CUST-0000000110,2016-03-21 11:42:56
0000000111,CUST-0000000111,2016-12-27 17:13:13
0000000112,CUST-0000000112,2018-03-18 16:01:51
0000000113,CUST-0000000113,2018-05-09 17:05:37
0000000114,CUST-0000000114,2016-12-30 22:49:15
0000000115,CUST-0000000115,2018-03-18 16:09:13
0000000116,CUST-0000000116,2018-07-07 11:48:36
0000000117,CUST-0000000117,2017-05-27 19:20:21
0000000118,CUST-0000000118,2017-06-21 16:47:23
0000000119,CUST-0000000119,2014-12-22 19:54:03
0000000120,CUST-0000000120,2014-11-26 09:06:20
0000000121,CUST-0000000121,2017-06-11 13:53:06
0000000122,CUST-0000000122,2015-08-07 01:47:08
0000000123,CUST-0000000123,2015-05-15 12:49:39
0000000124,CUST-0000000124,2018-01-13 03:16:53
0000000125,CUST-0000000125,2018-01-12 19:38:21
0000000126,CUST-0000000126,2017-12-25 08:12:51
0000000127,CUST-0000000127,2015-10-07 04:29:59
0000000128,CUST-0000000128,2015-06-30 13:52:21
0000000129,CUST-0000000129,2016-02-17 00:54:40
0000000130,CUST-0000000130,2016-01-05 04:13:40
0000000131,CUST-0000000131,2015-06-25 05:37:33
0000000132,CUST-0000000132,2017-06-13 13:12:17
0000000133,CUST-0000000133,2017-09-16 04:26:51
0000000134,CUST-0000000134,2015-03-05 23:16:59
0000000135,CUST-0000000135,2015-08-10 07:28:16
0000000136,CUST-0000000136,2015-06-07 00:06:11
0000000137,CUST-0000000137,2018-01-13 00:32:27
0000000138,CUST-0000000138,2017-04-14 01:54:28
0000000139,CUST-0000000139,2016-02-07 16:19:16
0000000140,CUST-0000000140,2016-03-15 23:25:23
0000000141,CUST-0000000141,2016-01-09 16:08:58
0000000142,CUST-0000000142,2016-08-20 21:45:01
0000000143,CUST-0000000143,2015-02-07 23:41:56
0000000144,CUST-0000000144,2016-06-10 03:27:43
0000000145,CUST-0000000145,2018-05-25 03:19:17
0000000146,CUST-0000000146,2016-09-06 04:44:14
0000000147,CUST-0000000147,2016-10-19 03:46:19
0000000148,CUST-0000000148,2017-03-18 20:54:08
0000000149,CUST-0000000149,2018-08-11 06:34:07
0000000150,CUST-0000000150,2017-10-03 05:12:56
0000000151,CUST-0000000151,2017-11-21 13:28:23
0000000152,CUST-0000000152,2014-12-29 02:58:13
0000000153,CUST-0000000153,2017-07-25 18:39:14
0000000154,CUST-0000000154,2018-07-08 08:01:43
0000000155,CUST-0000000155,2017-02-24 11:56:47
0000000156,CUST-0000000156,2016-08-22 19:23:26
0000000157,CUST-0000000157,2016-07-18 01:32:24
0000000158,CUST-0000000158,2017-01-06 20:57:45
0000000159,CUST-0000000159,2016-12-13 06:15:27
0000000160,CUST-0000000160,2017-05-29 15:51:44
0000000161,CUST-0000000161,2016-11-26 06:07:17
0000000162,CUST-0000000162,2017-06-13 03:44:34
0000000163,CUST-0000000163,2015-05-25 05:33:56
0000000164,CUST-0000000164,2014-12-15 20:33:09
0000000165,CUST-0000000165,2017-03-26 21:31:58
0000000166,CUST-0000000166,2018-05-05 23:28:17
0000000167,CUST-0000000167,2015-12-18 05:29:33
0000000168,CUST-0000000168,2015-12-11 23:31:29
0000000169,CUST-0000000169,2016-09-24 13:34:30
0000000170,CUST-0000000170,2017-03-07 09:10:29
0000000171,CUST-0000000171,2016-10-23 11:17:42
0000000172,CUST-0000000172,2017-01-13 20:20:59
0000000173,CUST-0000000173,2015-12-03 13:10:25
0000000174,CUST-0000000174,2016-11-09 17:42:16
0000000175,CUST-0000000175,2018-05-04 10:46:10
0000000176,CUST-0000000176,2015-01-23 12:15:40
0000000177,CUST-0000000177,2016-04-13 22:13:51
0000000178,CUST-0000000178,2016-09-16 20:46:06
0000000179,CUST-0000000179,2017-05-15 01:53:59
0000000180,CUST-0000000180,2017-03-30 16:21:33
0000000181,CUST-0000000181,2016-07-20 18:16:39
0000000182,CUST-0000000182,2016-09-02 08:10:30
0000000183,CUST-0000000183,2014-10-26 17:04:47
0000000184,CUST-0000000184,2017-06-10 10:57:52
0000000185,CUST-0000000185,2018-06-03 04:02:10
0000000186,CUST-0000000186,2017-02-20 15:37:41
0000000187,CUST-0000000187,2015-11-02 13:07:45
0000000188,CUST-0000000188,2016-08-01 17:07:01
0000000189,CUST-0000000189,2015-07-06 12:06:23
0000000190,CUST-0000000190,2014-11-15 17:25:22
0000000191,CUST-0000000191,2017-08-27 01:31:32
0000000192,CUST-0000000192,2018-07-27 23:33:10
0000000193,CUST-0000000193,2015-02-05 12:05:06
0000000194,CUST-0000000194,2016-08-09 12:20:38
0000000195,CUST-0000000195,2018-04-23 15:27:20
0000000196,CUST-0000000196,2016-12-07 10:45:50
0000000197,CUST-0000000197,2017-03-26 23:16:56
0000000198,CUST-0000000198,2018-08-07 05:11:54
0000000199,CUST-0000000199,2017-06-13 23:29:22
0000000200,CUST-0000000200,2015-05-19 05:35:11
0000000201,CUST-0000000201,2017-05-16 04:07:49
0000000202,CUST-0000000202,2017-04-24 16:14:53
0000000203,CUST-0000000203,2016-03-28 06:17:10
0000000204,CUST-0000000204,2017-11-21 23:13:04
0000000205,CUST-0000000205,2017-12-29 08:37:09
0000000206,CUST-0000000206,2018-05-28 11:15:39
0000000207,CUST-0000000207,2018-01-26 11:32:33
0000000208,CUST-0000000208,2018-01-28 18:51:48
0000000209,CUST-0000000209,2016-12-18 08:12:32
0000000210,CUST-0000000210,2015-03-19 20:03:19
0000000211,CUST-0000000211,2015-04-30 19:25:24
0000000212,CUST-0000000212,2015-03-06 20:59:58
0000000213,CUST-0000000213,2018-05-13 02:10:52
0000000214,CUST-0000000214,2016-12-25 08:48:05
0000000215,CUST-0000000215,2017-02-22 13:59:11
0000000216,CUST-0000000216,2016-12-08 21:01:58
0000000217,CUST-0000000217,2015-12-24 18:44:26
0000000218,CUST-0000000218,2017-07-26 21:14:20
0000000219,CUST-0000000219,2015-12-31 21:45:17
0000000220,CUST-0000000220,2018-03-03 15:41:22
0000000221,CUST-0000000221,2018-07-09 14:35:05
0000000222,CUST-0000000222,2018-01-19 03:31:12
0000000223,CUST-0000000223,2017-08-28 21:56:06
0000000224,CUST-0000000224,2016-12-07 22:19:16
0000000225,CUST-0000000225,2017-02-03 17:17:25
0000000226,CUST-0000000226,2014-11-30 22:54:38
0000000227,CUST-0000000227,2015-11-01 22:54:07
0000000228,CUST-0000000228,2016-04-19 11:25:16
0000000229,CUST-0000000229,2016-06-21 18:16:14
0000000230,CUST-0000000230,2015-11-12 07:32:56
0000000231,CUST-0000000231,2017-09-11 08:58:31
0000000232,CUST-0000000232,2014-11-26 17:48:14
0000000233,CUST-0000000233,2015-07-23 19:46:37
0000000234,CUST-0000000234,2017-02-22 01:31:53
0000000235,CUST-0000000235,2015-08-15 09:53:21
0000000236,CUST-0000000236,2015-03-13 08:28:38
0000000237,CUST-0000000237,2014-12-14 05:00:18
0000000238,CUST-0000000238,2018-04-09 23:44:58
0000000239,CUST-0000000239,2016-07-18 18:02:10
0000000240,CUST-0000000240,2018-09-21 10:51:50
0000000241,CUST-0000000241,2017-03-30 07:01:12
0000000242,CUST-0000000242,2015-05-07 23:15:19
0000000243,CUST-0000000243,2017-12-26 17:23:00
0000000244,CUST-0000000244,2016-08-15 08:34:30
0000000245,CUST-0000000245,2017-04-22 23:47:59
0000000246,CUST-0000000246,2015-03-11 10:44:31
0000000247,CUST-0000000247,2015-10-24 13:10:19
0000000248,CUST-0000000248,2015-07-03 17:47:51
0000000249,CUST-0000000249,2015-08-22 16:50:04
0000000250,CUST-0000000250,2018-10-03 07:56:00
0000000251,CUST-0000000251,2015-09-27 02:11:37
0000000252,CUST-0000000252,2015-03-06 23:30:56
0000000253,CUST-0000000253,2014-12-11 19:38:07
0000000254,CUST-0000000254,2018-10-02 00:49:39
0000000255,CUST-0000000255,2016-03-10 12:36:11
0000000256,CUST-0000000256,2018-08-05 15:15:50
0000000257,CUST-0000000257,2018-03-17 21:37:29
0000000258,CUST-0000000258,2016-07-08 15:58:55
0000000259,CUST-0000000259,2015-12-13 10:31:54
0000000260,CUST-0000000260,2017-12-20 18:58:41
0000000261,CUST-0000000261,2015-08-28 18:02:42
0000000262,CUST-0000000262,2014-11-13 15:09:28
0000000263,CUST-0000000263,2017-06-03 08:12:16
0000000264,CUST-0000000264,2016-08-05 08:50:31
0000000265,CUST-0000000265,2018-06-26 09:46:27
0000000266,CUST-0000000266,2017-01-27 00:33:29
0000000267,CUST-0000000267,2016-02-02 08:49:57
0000000268,CUST-0000000268,2016-08-21 16:58:32
0000000269,CUST-0000000269,2018-03-22 17:05:37
0000000270,CUST-0000000270,2015-08-14 08:03:22
0000000271,CUST-0000000271,2017-02-12 05:32:56
0000000272,CUST-0000000272,2015-12-22 20:02:53
0000000273,CUST-0000000273,2017-10-28 05:05:44
0000000274,CUST-0000000274,2018-05-10 01:45:58
0000000275,CUST-0000000275,2018-05-23 05:29:55
0000000276,CUST-0000000276,2015-01-28 17:45:44
0000000277,CUST-0000000277,2015-10-08 10:26:16
0000000278,CUST-0000000278,2018-03-26 19:05:32
0000000279,CUST-0000000279,2016-03-13 20:34:15
0000000280,CUST-0000000280,2018-04-01 14:45:20
0000000281,CUST-0000000281,2015-08-08 03:28:19
0000000282,CUST-0000000282,2015-09-23 20:31:00
0000000283,CUST-0000000283,2015-06-25 05:14:59
0000000284,CUST-0000000284,2015-08-12 08:45:19
0000000285,CUST-0000000285,2015-12-19 12:35:32
0000000286,CUST-0000000286,2018-05-07 12:24:02
0000000287,CUST-0000000287,2014-12-17 21:19:51
0000000288,CUST-0000000288,2017-11-28 13:50:07
0000000289,CUST-0000000289,2018-09-29 11:13:25
0000000290,CUST-0000000290,2018-04-14 06:49:21
0000000291,CUST-0000000291,2018-04-09 12:53:08
0000000292,CUST-0000000292,2015-08-21 08:50:16
0000000293,CUST-0000000293,2018-06-02 06:05:16
0000000294,CUST-0000000294,2016-01-22 02:48:02
0000000295,CUST-0000000295,2015-04-08 18:03:05
0000000296,CUST-0000000296,2016-11-23 15:40:41
0000000297,CUST-0000000297,2014-11-16 23:02:35
0000000298,CUST-0000000298,2015-06-15 19:51:56
0000000299,CUST-0000000299,2014-11-21 02:31:04
0000000300,CUST-0000000300,2016-04-03 21:46:12
0000000301,CUST-0000000301,2016-10-03 19:32:53
0000000302,CUST-0000000302,2015-02-01 12:55:31
0000000303,CUST-0000000303,2018-03-22 09:25:13
0000000304,CUST-0000000304,2014-11-25 18:13:17
0000000305,CUST-0000000305,2016-06-10 03:07:33
0000000306,CUST-0000000306,2016-11-06 16:34:41
0000000307,CUST-0000000307,2014-10-15 04:11:24
0000000308,CUST-0000000308,2015-11-18 06:21:05
0000000309,CUST-0000000309,2017-09-23 23:19:08
0000000310,CUST-0000000310,2016-04-02 21:33:41
0000000311,CUST-0000000311,2017-03-18 02:16:40
0000000312,CUST-0000000312,2017-04-20 17:49:17
0000000313,CUST-0000000313,2015-04-30 21:29:14
0000000314,CUST-0000000314,2016-06-05 21:42:54
0000000315,CUST-0000000315,2017-09-21 11:27:12
0000000316,CUST-0000000316,2016-08-14 20:26:47
0000000317,CUST-0000000317,2017-07-15 10:38:04
0000000318,CUST-0000000318,2018-02-20 20:51:06
0000000319,CUST-0000000319,2016-05-22 03:43:43
0000000320,CUST-0000000320,2016-04-01 09:34:07
0000000321,CUST-0000000321,2017-06-11 07:38:29
0000000322,CUST-0000000322,2018-06-10 20:45:20
0000000323,CUST-0000000323,2017-02-24 20:51:09
0000000324,CUST-0000000324,2015-02-04 04:37:11
0000000325,CUST-0000000325,2016-01-11 05:10:34
0000000326,CUST-0000000326,2015-07-06 00:05:24
0000000327,CUST-0000000327,2016-12-17 10:19:31
0000000328,CUST-0000000328,2018-07-07 03:37:31
0000000329,CUST-0000000329,2016-04-19 16:37:16
0000000330,CUST-0000000330,2015-02-16 10:59:26
0000000331,CUST-0000000331,2014-11-07 08:31:29
0000000332,CUST-0000000332,2015-06-12 08:14:07
0000000333,CUST-0000000333,2016-02-04 02:34:43
0000000334,CUST-0000000334,2018-03-12 11:24:31
0000000335,CUST-0000000335,2015-03-06 05:12:04
0000000336,CUST-0000000336,2016-06-18 22:25:50
0000000337,CUST-0000000337,2017-12-27 04:29:02
0000000338,CUST-0000000338,2017-05-20 10:05:02
0000000339,CUST-0000000339,2017-08-15 18:51:02
0000000340,CUST-0000000340,2015-12-31 14:02:58
0000000341,CUST-0000000341,2016-08-08 20:41:38
0000000342,CUST-0000000342,2018-09-11 09:32:45
0000000343,CUST-0000000343,2016-07-16 18:26:42
0000000344,CUST-0000000344,2015-03-08 19:32:08
0000000345,CUST-0000000345,2018-05-01 18:36:57
0000000346,CUST-0000000346,2017-01-12 15:55:42
0000000347,CUST-0000000347,2016-05-03 04:13:22
0000000348,CUST-0000000348,2018-02-07 00:27:40
0000000349,CUST-0000000349,2017-11-02 13:32:21
0000000350,CUST-0000000350,2018-08-10 12:11:50
0000000351,CUST-0000000351,2017-04-19 20:59:42
0000000352,CUST-0000000352,2017-06-29 18:31:32
0000000353,CUST-0000000353,2017-05-27 01:40:26
0000000354,CUST-0000000354,2018-07-29 20:07:45
0000000355,CUST-0000000355,2016-06-09 11:38:54
0000000356,CUST-0000000356,2017-10-07 08:07:33
0000000357,CUST-0000000357,2017-01-11 11:54:59
0000000358,CUST-0000000358,2017-09-04 19:53:58
0000000359,CUST-0000000359,2015-09-26 12:36:46
0000000360,CUST-0000000360,2018-03-11 07:28:15
0000000361,CUST-0000000361,2014-10-13 10:11:17
0000000362,CUST-0000000362,2015-11-10 15:02:20
0000000363,CUST-0000000363,2016-05-02 04:45:32
0000000364,CUST-0000000364,2016-12-27 16:29:03
0000000365,CUST-0000000365,2018-01-04 21:17:18
0000000366,CUST-0000000366,2016-04-02 16:58:06
0000000367,CUST-0000000367,2016-03-28 11:13:30
0000000368,CUST-0000000368,2018-04-07 05:44:18
0000000369,CUST-0000000369,2016-10-11 14:25:36
0000000370,CUST-0000000370,2016-03-07 03:42:37
0000000371,CUST-0000000371,2017-07-11 04:45:33
0000000372,CUST-0000000372,2018-05-30 07:11:59
0000000373,CUST-0000000373,2016-03-09 01:50:37
0000000374,CUST-0000000374,2017-03-15 16:14:19
0000000375,CUST-0000000375,2018-06-07 03:11:37
0000000376,CUST-0000000376,2016-11-04 20:35:41
0000000377,CUST-0000000377,2018-08-10 10:13:42
0000000378,CUST-0000000378,2018-03-18 09:01:27
0000000379,CUST-0000000379,2017-07-17 20:57:37
0000000380,CUST-0000000380,2017-06-12 21:34:22
0000000381,CUST-0000000381,2015-08-13 06:51:12
0000000382,CUST-0000000382,2017-06-20 21:54:21
0000000383,CUST-0000000383,2018-01-15 12:24:23
0000000384,CUST-0000000384,2018-05-14 13:36:07
0000000385,CUST-0000000385,2017-10-18 20:27:39
0000000386,CUST-0000000386,2018-10-06 20:51:22
0000000387,CUST-0000000387,2015-12-28 05:07:14
0000000388,CUST-0000000388,2015-03-17 03:13:49
0000000389,CUST-0000000389,2018-10-07 01:45:10
0000000390,CUST-0000000390,2018-03-16 17:27:27
0000000391,CUST-0000000391,2018-08-02 10:44:14
0000000392,CUST-0000000392,2016-11-08 06:11:36
0000000393,CUST-0000000393,2015-09-15 03:23:23
0000000394,CUST-0000000394,2017-09-15 14:54:05
0000000395,CUST-0000000395,2016-05-17 03:11:25
0000000396,CUST-0000000396,2015-03-12 10:37:28
0000000397,CUST-0000000397,2017-09-26 13:30:30
0000000398,CUST-0000000398,2016-04-22 16:55:56
0000000399,CUST-0000000399,2015-08-11 02:14:39
0000000400,CUST-0000000400,2016-02-07 10:52:51
0000000401,CUST-0000000401,2015-12-16 20:47:50
0000000402,CUST-0000000402,2018-01-24 01:33:13
0000000403,CUST-0000000403,2015-06-09 09:23:21
0000000404,CUST-0000000404,2017-03-23 18:55:16
0000000405,CUST-0000000405,2015-08-06 21:24:21
0000000406,CUST-0000000406,2017-03-03 19:30:06
0000000407,CUST-0000000407,2017-03-24 14:40:18
0000000408,CUST-0000000408,2018-07-01 17:18:07
0000000409,CUST-0000000409,2017-03-14 17:53:57
0000000410,CUST-0000000410,2016-04-15 11:40:56
0000000411,CUST-0000000411,2016-04-18 07:41:47
0000000412,CUST-0000000412,2014-10-17 18:27:06
0000000413,CUST-0000000413,2018-06-13 09:05:01
0000000414,CUST-0000000414,2016-09-15 16:54:06
0000000415,CUST-0000000415,2016-11-03 05:57:12
0000000416,CUST-0000000416,2016-08-09 01:48:27
0000000417,CUST-0000000417,2016-02-12 04:49:02
0000000418,CUST-0000000418,2014-12-23 18:57:21
0000000419,CUST-0000000419,2017-03-21 09:30:29
0000000420,CUST-0000000420,2015-01-26 11:38:08
0000000421,CUST-0000000421,2015-07-03 20:49:38
0000000422,CUST-0000000422,2017-10-26 23:56:34
0000000423,CUST-0000000423,2014-12-17 12:13:12
0000000424,CUST-0000000424,2017-01-19 15:18:32
0000000425,CUST-0000000425,2015-04-17 02:35:34
0000000426,CUST-0000000426,2014-12-15 13:53:46
0000000427,CUST-0000000427,2017-08-25 12:28:34
0000000428,CUST-0000000428,2016-01-15 12:06:38
0000000429,CUST-0000000429,2016-01-11 03:12:19
0000000430,CUST-0000000430,2018-07-24 19:26:03
0000000431,CUST-0000000431,2015-04-05 09:03:33
0000000432,CUST-0000000432,2017-11-01 02:22:37
0000000433,CUST-0000000433,2016-03-20 18:56:35
0000000434,CUST-0000000434,2017-09-19 06:00:11
0000000435,CUST-0000000435,2018-01-14 07:41:21
0000000436,CUST-0000000436,2015-02-09 00:43:07
0000000437,CUST-0000000437,2016-02-11 05:34:30
0000000438,CUST-0000000438,2016-06-04 03:49:11
0000000439,CUST-0000000439,2015-12-25 07:13:57
0000000440,CUST-0000000440,2018-07-21 19:57:25
0000000441,CUST-0000000441,2015-01-03 03:14:25
0000000442,CUST-0000000442,2018-03-16 09:19:00
0000000443,CUST-0000000443,2018-07-21 10:34:45
0000000444,CUST-0000000444,2015-01-20 23:33:49
0000000445,CUST-0000000445,2016-03-19 09:53:49
0000000446,CUST-0000000446,2018-02-20 04:49:28
0000000447,CUST-0000000447,2017-10-03 22:15:27
0000000448,CUST-0000000448,2016-01-24 17:46:19
0000000449,CUST-0000000449,2015-02-06 11:26:27
0000000450,CUST-0000000450,2015-01-19 23:21:10
0000000451,CUST-0000000451,2015-12-09 17:05:10
0000000452,CUST-0000000452,2015-12-06 08:06:30
0000000453,CUST-0000000453,2016-12-31 04:19:19
0000000454,CUST-0000000454,2018-04-06 21:59:54
0000000455,CUST-0000000455,2017-07-10 16:32:46
0000000456,CUST-0000000456,2018-03-24 23:59:24
0000000457,CUST-0000000457,2015-09-14 19:00:17
0000000458,CUST-0000000458,2016-01-05 05:06:48
0000000459,CUST-0000000459,2016-06-13 01:41:34
0000000460,CUST-0000000460,2015-06-29 17:34:58
0000000461,CUST-0000000461,2016-03-26 04:51:21
0000000462,CUST-0000000462,2017-08-06 22:43:30
0000000463,CUST-0000000463,2015-07-04 20:46:34
0000000464,CUST-0000000464,2015-11-04 03:52:35
0000000465,CUST-0000000465,2017-08-26 09:43:13
0000000466,CUST-0000000466,2017-12-14 02:15:30
0000000467,CUST-0000000467,2015-08-16 08:10:00
0000000468,CUST-0000000468,2014-11-20 01:42:37
0000000469,CUST-0000000469,2015-04-18 16:07:53
0000000470,CUST-0000000470,2015-11-22 04:20:43
0000000471,CUST-0000000471,2015-08-27 09:37:14
0000000472,CUST-0000000472,2018-09-28 12:02:07
0000000473,CUST-0000000473,2016-12-18 21:43:54
0000000474,CUST-0000000474,2017-09-28 18:57:16
0000000475,CUST-0000000475,2016-10-24 08:03:12
0000000476,CUST-0000000476,2016-04-10 08:45:02
0000000477,CUST-0000000477,2016-08-10 09:20:31
0000000478,CUST-0000000478,2016-01-17 01:35:47
0000000479,CUST-0000000479,2017-08-04 22:55:11
0000000480,CUST-0000000480,2014-12-04 05:35:52
0000000481,CUST-0000000481,2017-10-10 09:10:18
0000000482,CUST-0000000482,2015-03-06 22:30:48
0000000483,CUST-0000000483,2014-12-05 10:58:18
0000000484,CUST-0000000484,2016-02-12 05:41:29
0000000485,CUST-0000000485,2015-03-21 05:14:44
0000000486,CUST-0000000486,2015-07-25 21:43:24
0000000487,CUST-0000000487,2017-11-14 06:41:56
0000000488,CUST-0000000488,2017-02-21 02:27:09
0000000489,CUST-0000000489,2018-03-19 10:22:53
0000000490,CUST-0000000490,2014-11-19 21:16:08
0000000491,CUST-0000000491,2014-10-12 23:19:55
0000000492,CUST-0000000492,2016-01-31 16:51:06
0000000493,CUST-0000000493,2017-03-14 05:05:50
0000000494,CUST-0000000494,2015-07-06 21:04:37
0000000495,CUST-0000000495,2018-01-08 16:55:09
0000000496,CUST-0000000496,2016-01-23 13:03:48
0000000497,CUST-0000000497,2018-07-14 07:31:42
0000000498,CUST-0000000498,2018-07-20 23:36:43
0000000499,CUST-0000000499,2016-08-29 23:47:58
0000000500,CUST-0000000500,2015-11-16 09:09:35
0000000501,CUST-0000000501,2016-01-26 21:59:55
0000000502,CUST-0000000502,2015-11-21 23:25:41
0000000503,CUST-0000000503,2017-11-21 13:11:17
0000000504,CUST-0000000504,2015-02-22 14:57:37
0000000505,CUST-0000000505,2015-07-23 21:34:00
0000000506,CUST-0000000506,2018-06-17 06:03:22
0000000507,CUST-0000000507,2015-01-23 10:19:12
0000000508,CUST-0000000508,2015-04-12 18:35:52
0000000509,CUST-0000000509,2017-06-26 13:46:12
0000000510,CUST-0000000510,2017-08-21 19:01:52
0000000511,CUST-0000000511,2017-10-11 17:19:33
0000000512,CUST-0000000512,2015-11-05 15:18:59
0000000513,CUST-0000000513,2015-06-21 20:58:33
0000000514,CUST-0000000514,2018-04-21 10:18:48
0000000515,CUST-0000000515,2014-10-18 00:15:32
0000000516,CUST-0000000516,2017-11-27 15:30:46
0000000517,CUST-0000000517,2017-08-18 15:02:42
0000000518,CUST-0000000518,2015-07-14 12:32:15
0000000519,CUST-0000000519,2016-11-15 20:02:45
0000000520,CUST-0000000520,2017-04-19 08:04:27
0000000521,CUST-0000000521,2016-08-13 14:35:13
0000000522,CUST-0000000522,2017-09-06 01:13:25
0000000523,CUST-0000000523,2017-03-23 14:32:34
0000000524,CUST-0000000524,2015-09-10 10:21:29
0000000525,CUST-0000000525,2015-05-17 07:04:56
0000000526,CUST-0000000526,2016-06-28 18:25:53
0000000527,CUST-0000000527,2014-11-18 16:07:14
0000000528,CUST-0000000528,2014-12-23 08:22:17
0000000529,CUST-0000000529,2018-04-02 14:31:28
0000000530,CUST-0000000530,2016-02-07 11:25:39
0000000531,CUST-0000000531,2015-12-23 07:16:10
0000000532,CUST-0000000532,2017-08-12 08:20:42
0000000533,CUST-0000000533,2015-05-01 00:14:28
0000000534,CUST-0000000534,2015-07-16 04:40:09
0000000535,CUST-0000000535,2016-03-17 04:22:56
0000000536,CUST-0000000536,2017-09-21 19:58:21
0000000537,CUST-0000000537,2017-08-04 15:15:31
0000000538,CUST-0000000538,2018-03-19 09:49:42
0000000539,CUST-0000000539,2016-02-14 00:21:16
0000000540,CUST-0000000540,2014-11-25 05:56:49
0000000541,CUST-0000000541,2016-02-07 22:55:57
0000000542,CUST-0000000542,2016-10-20 22:02:54
0000000543,CUST-0000000543,2016-04-07 02:51:17
0000000544,CUST-0000000544,2018-05-16 02:52:49
0000000545,CUST-0000000545,2017-04-02 16:11:53
0000000546,CUST-0000000546,2018-01-26 08:32:33
0000000547,CUST-0000000547,2016-07-18 03:45:01
0000000548,CUST-0000000548,2018-03-11 09:33:20
0000000549,CUST-0000000549,2017-05-21 10:20:47
0000000550,CUST-0000000550,2015-09-12 16:11:46
0000000551,CUST-0000000551,2016-10-28 17:32:11
0000000552,CUST-0000000552,2016-09-20 15:00:28
0000000553,CUST-0000000553,2018-10-09 19:03:12
0000000554,CUST-0000000554,2014-12-01 17:54:38
0000000555,CUST-0000000555,2018-09-25 19:57:35
0000000556,CUST-0000000556,2015-02-25 14:11:21
0000000557,CUST-0000000557,2016-05-28 22:46:02
0000000558,CUST-0000000558,2015-02-19 19:22:02
0000000559,CUST-0000000559,2018-01-03 10:32:37
0000000560,CUST-0000000560,2016-12-22 00:42:22
0000000561,CUST-0000000561,2017-04-06 04:33:09
0000000562,CUST-0000000562,2017-12-05 00:32:10
0000000563,CUST-0000000563,2016-03-04 01:09:19
0000000564,CUST-0000000564,2018-06-17 09:42:11
0000000565,CUST-0000000565,2018-02-02 09:03:51
0000000566,CUST-0000000566,2015-11-07 07:35:21
0000000567,CUST-0000000567,2015-09-10 18:57:58
0000000568,CUST-0000000568,2018-02-20 08:35:28
0000000569,CUST-0000000569,2014-11-30 21:42:26
0000000570,CUST-0000000570,2015-12-21 03:19:40
0000000571,CUST-0000000571,2016-04-24 07:01:32
0000000572,CUST-0000000572,2018-07-21 17:40:09
0000000573,CUST-0000000573,2015-10-18 05:38:39
0000000574,CUST-0000000574,2015-09-26 13:21:58
0000000575,CUST-0000000575,2015-04-18 08:41:38
0000000576,CUST-0000000576,2015-09-06 05:36:42
0000000577,CUST-0000000577,2018-03-26 19:02:56
0000000578,CUST-0000000578,2017-10-09 01:08:19
0000000579,CUST-0000000579,2018-03-21 01:09:30
0000000580,CUST-0000000580,2018-09-13 07:35:59
0000000581,CUST-0000000581,2015-04-25 09:40:40
0000000582,CUST-0000000582,2018-05-03 07:51:38
0000000583,CUST-0000000583,2015-10-17 14:01:46
0000000584,CUST-0000000584,2018-03-07 23:15:05
0000000585,CUST-0000000585,2015-09-09 14:37:12
0000000586,CUST-0000000586,2015-05-12 08:45:51
0000000587,CUST-0000000587,2018-10-09 01:15:43
0000000588,CUST-0000000588,2017-07-27 11:27:55
0000000589,CUST-0000000589,2018-03-30 01:22:26
0000000590,CUST-0000000590,2017-06-19 09:19:46
0000000591,CUST-0000000591,2018-05-04 11:49:18
0000000592,CUST-0000000592,2018-05-02 02:02:09
0000000593,CUST-0000000593,2015-02-11 21:55:44
0000000594,CUST-0000000594,2017-11-30 01:50:21
0000000595,CUST-0000000595,2016-05-08 10:33:02
0000000596,CUST-0000000596,2015-09-13 14:32:02
0000000597,CUST-0000000597,2016-01-14 14:23:35
0000000598,CUST-0000000598,2017-04-12 15:39:29
0000000599,CUST-0000000599,2016-12-22 12:32:37
0000000600,CUST-0000000600,2016-04-20 01:38:02
0000000601,CUST-0000000601,2018-02-21 01:59:08
0000000602,CUST-0000000602,2017-01-23 16:23:10
0000000603,CUST-0000000603,2015-10-04 07:42:50
0000000604,CUST-0000000604,2016-08-29 21:13:35
0000000605,CUST-0000000605,2017-03-07 07:18:25
0000000606,CUST-0000000606,2015-01-21 13:06:54
0000000607,CUST-0000000607,2017-01-01 17:38:45
0000000608,CUST-0000000608,2017-05-21 19:16:31
0000000609,CUST-0000000609,2018-09-02 12:37:33
0000000610,CUST-0000000610,2016-08-08 01:04:22
0000000611,CUST-0000000611,2018-04-13 13:54:56
0000000612,CUST-0000000612,2016-04-03 19:44:31
0000000613,CUST-0000000613,2015-07-08 19:42:36
0000000614,CUST-0000000614,2016-12-28 02:28:08
0000000615,CUST-0000000615,2018-08-10 11:36:11
0000000616,CUST-0000000616,2017-12-02 06:50:32
0000000617,CUST-0000000617,2015-05-05 22:27:44
0000000618,CUST-0000000618,2015-12-16 22:01:00
0000000619,CUST-0000000619,2017-09-09 08:14:18
0000000620,CUST-0000000620,2016-06-16 08:06:10
0000000621,CUST-0000000621,2016-04-23 22:27:59
0000000622,CUST-0000000622,2016-05-17 14:44:26
0000000623,CUST-0000000623,2016-03-29 16:38:06
0000000624,CUST-0000000624,2015-11-17 22:57:40
0000000625,CUST-0000000625,2016-05-27 10:43:10
0000000626,CUST-0000000626,2017-10-06 21:18:55
0000000627,CUST-0000000627,2017-10-08 16:31:04
0000000628,CUST-0000000628,2018-01-29 03:19:12
0000000629,CUST-0000000629,2017-10-25 12:12:14
0000000630,CUST-0000000630,2017-10-08 01:52:05
0000000631,CUST-0000000631,2017-08-20 00:07:43
0000000632,CUST-0000000632,2017-06-09 07:53:46
0000000633,CUST-0000000633,2017-05-26 19:55:41
0000000634,CUST-0000000634,2018-06-19 23:47:06
0000000635,CUST-0000000635,2015-01-12 21:02:51
0000000636,CUST-0000000636,2016-06-08 06:29:23
0000000637,CUST-0000000637,2018-07-28 03:23:26
0000000638,CUST-0000000638,2016-05-17 20:02:31
0000000639,CUST-0000000639,2018-02-02 09:59:28
0000000640,CUST-0000000640,2016-01-23 22:01:09
0000000641,CUST-0000000641,2015-10-29 20:56:25
0000000642,CUST-0000000642,2016-01-05 06:33:00
0000000643,CUST-0000000643,2018-02-09 00:52:23
0000000644,CUST-0000000644,2016-11-25 12:43:49
0000000645,CUST-0000000645,2014-11-26 10:15:13
0000000646,CUST-0000000646,2015-12-07 20:01:28
0000000647,CUST-0000000647,2017-10-15 07:03:50
0000000648,CUST-0000000648,2016-01-27 05:39:26
0000000649,CUST-0000000649,2015-11-07 10:53:55
0000000650,CUST-0000000650,2017-12-08 10:12:40
0000000651,CUST-0000000651,2015-07-28 22:03:08
0000000652,CUST-0000000652,2017-01-16 11:27:02
0000000653,CUST-0000000653,2015-12-27 08:39:08
0000000654,CUST-0000000654,2017-10-16 04:05:10
0000000655,CUST-0000000655,2018-04-03 16:09:26
0000000656,CUST-0000000656,2018-03-22 18:47:32
0000000657,CUST-0000000657,2016-03-13 14:06:41
0000000658,CUST-0000000658,2014-12-02 21:38:14
0000000659,CUST-0000000659,2015-11-08 23:59:34
0000000660,CUST-0000000660,2015-03-11 07:38:24
0000000661,CUST-0000000661,2017-03-22 19:22:46
0000000662,CUST-0000000662,2018-02-17 00:33:19
0000000663,CUST-0000000663,2017-12-24 10:18:48
0000000664,CUST-0000000664,2015-05-03 12:19:59
0000000665,CUST-0000000665,2016-02-18 01:50:13
0000000666,CUST-0000000666,2015-04-26 12:56:52
0000000667,CUST-0000000667,2014-12-08 23:27:45
0000000668,CUST-0000000668,2016-09-25 14:16:30
0000000669,CUST-0000000669,2018-05-29 17:18:23
0000000670,CUST-0000000670,2016-10-26 22:00:25
0000000671,CUST-0000000671,2017-01-29 19:23:48
0000000672,CUST-0000000672,2014-11-18 21:30:59
0000000673,CUST-0000000673,2014-10-13 20:54:20
0000000674,CUST-0000000674,2018-05-20 21:46:55
0000000675,CUST-0000000675,2017-12-13 05:25:58
0000000676,CUST-0000000676,2017-08-14 11:31:37
0000000677,CUST-0000000677,2015-07-04 00:17:44
0000000678,CUST-0000000678,2018-06-04 13:26:34
0000000679,CUST-0000000679,2017-06-15 15:43:05
0000000680,CUST-0000000680,2015-01-22 06:18:49
0000000681,CUST-0000000681,2018-01-07 00:25:20
0000000682,CUST-0000000682,2018-01-01 23:23:00
0000000683,CUST-0000000683,2017-09-24 15:27:55
0000000684,CUST-0000000684,2018-08-02 01:22:43
0000000685,CUST-0000000685,2017-12-23 19:09:57
0000000686,CUST-0000000686,2016-02-15 22:57:42
0000000687,CUST-0000000687,2016-02-22 16:31:51
0000000688,CUST-0000000688,2018-07-29 21:45:33
0000000689,CUST-0000000689,2015-02-03 10:37:20
0000000690,CUST-0000000690,2018-01-23 18:24:29
0000000691,CUST-0000000691,2015-04-27 10:13:47
0000000692,CUST-0000000692,2015-05-22 06:21:26
0000000693,CUST-0000000693,2016-01-20 06:34:59
0000000694,CUST-0000000694,2015-03-14 06:05:26
0000000695,CUST-0000000695,2016-03-03 14:31:04
0000000696,CUST-0000000696,2016-02-11 09:33:42
0000000697,CUST-0000000697,2018-03-24 19:20:37
0000000698,CUST-0000000698,2016-11-22 09:50:32
0000000699,CUST-0000000699,2015-01-02 21:26:05
0000000700,CUST-0000000700,2016-06-19 03:33:25
0000000701,CUST-0000000701,2018-08-22 22:33:05
0000000702,CUST-0000000702,2014-10-20 04:22:05
0000000703,CUST-0000000703,2017-02-13 17:00:04
0000000704,CUST-0000000704,2018-05-11 10:05:44
0000000705,CUST-0000000705,2017-04-15 06:28:41
0000000706,CUST-0000000706,2015-05-09 14:17:43
0000000707,CUST-0000000707,2018-05-13 02:33:49
0000000708,CUST-0000000708,2015-01-17 14:13:01
0000000709,CUST-0000000709,2015-11-19 17:51:54
0000000710,CUST-0000000710,2015-09-29 08:13:22
0000000711,CUST-0000000711,2016-11-26 11:01:32
0000000712,CUST-0000000712,2017-10-13 20:11:16
0000000713,CUST-0000000713,2016-01-17 03:05:23
0000000714,CUST-0000000714,2017-09-09 00:55:24
0000000715,CUST-0000000715,2016-11-14 02:02:27
0000000716,CUST-0000000716,2017-08-02 23:48:21
0000000717,CUST-0000000717,2018-07-26 05:09:18
0000000718,CUST-0000000718,2017-01-18 03:32:32
0000000719,CUST-0000000719,2016-05-20 12:16:56
0000000720,CUST-0000000720,2016-11-21 02:18:06
0000000721,CUST-0000000721,2016-04-24 08:52:14
0000000722,CUST-0000000722,2017-10-07 03:14:43
0000000723,CUST-0000000723,2015-03-09 09:51:53
0000000724,CUST-0000000724,2015-08-24 08:34:45
0000000725,CUST-0000000725,2015-04-21 13:10:35
0000000726,CUST-0000000726,2017-09-08 04:06:09
0000000727,CUST-0000000727,2016-11-24 22:27:27
0000000728,CUST-0000000728,2015-10-05 06:24:13
0000000729,CUST-0000000729,2016-06-03 07:14:10
0000000730,CUST-0000000730,2016-12-11 08:17:35
0000000731,CUST-0000000731,2016-08-31 08:02:02
0000000732,CUST-0000000732,2017-07-24 22:11:19
0000000733,CUST-0000000733,2015-03-25 13:03:21
0000000734,CUST-0000000734,2018-08-05 20:42:16
0000000735,CUST-0000000735,2016-02-29 16:41:46
0000000736,CUST-0000000736,2015-05-22 05:42:30
0000000737,CUST-0000000737,2016-03-06 10:09:51
0000000738,CUST-0000000738,2016-12-08 15:48:37
0000000739,CUST-0000000739,2016-02-19 18:21:28
0000000740,CUST-0000000740,2016-03-27 18:01:58
0000000741,CUST-0000000741,2014-11-20 14:48:16
0000000742,CUST-0000000742,2017-06-07 23:34:47
0000000743,CUST-0000000743,2017-12-30 14:45:31
0000000744,CUST-0000000744,2016-05-20 09:49:21
0000000745,CUST-0000000745,2017-10-16 23:35:57
0000000746,CUST-0000000746,2015-09-30 04:08:04
0000000747,CUST-0000000747,2015-12-13 15:23:54
0000000748,CUST-0000000748,2015-12-18 19:10:33
0000000749,CUST-0000000749,2016-03-28 22:36:29
0000000750,CUST-0000000750,2018-02-28 05:59:56
0000000751,CUST-0000000751,2015-12-28 05:28:46
0000000752,CUST-0000000752,2017-09-17 02:17:30
0000000753,CUST-0000000753,2016-12-10 17:42:00
0000000754,CUST-0000000754,2017-04-25 08:15:24
0000000755,CUST-0000000755,2017-12-10 12:51:24
0000000756,CUST-0000000756,2017-10-01 06:23:04
0000000757,CUST-0000000757,2018-07-17 11:31:40
0000000758,CUST-0000000758,2018-02-03 00:54:26
0000000759,CUST-0000000759,2018-10-01 19:53:04
0000000760,CUST-0000000760,2018-07-19 05:04:34
0000000761,CUST-0000000761,2016-04-09 13:00:44
0000000762,CUST-0000000762,2015-07-03 19:10:00
0000000763,CUST-0000000763,2018-04-21 19:36:10
0000000764,CUST-0000000764,2015-01-13 13:08:45
0000000765,CUST-0000000765,2018-09-15 10:21:49
0000000766,CUST-0000000766,2017-07-25 16:10:24
0000000767,CUST-0000000767,2017-12-19 07:33:54
0000000768,CUST-0000000768,2016-06-23 23:15:29
0000000769,CUST-0000000769,2018-07-15 10:59:42
0000000770,CUST-0000000770,2017-11-28 09:33:49
0000000771,CUST-0000000771,2016-01-06 23:28:33
0000000772,CUST-0000000772,2016-01-04 02:25:45
0000000773,CUST-0000000773,2016-09-05 18:39:37
0000000774,CUST-0000000774,2017-03-30 13:08:58
0000000775,CUST-0000000775,2018-03-30 21:48:00
0000000776,CUST-0000000776,2014-12-06 13:11:56
0000000777,CUST-0000000777,2015-11-13 10:14:45
0000000778,CUST-0000000778,2017-07-20 05:37:37
0000000779,CUST-0000000779,2016-06-07 16:45:57
0000000780,CUST-0000000780,2018-09-04 17:27:31
0000000781,CUST-0000000781,2017-10-22 11:05:35
0000000782,CUST-0000000782,2014-11-18 05:10:59
0000000783,CUST-0000000783,2018-01-16 02:51:42
0000000784,CUST-0000000784,2016-01-22 15:42:04
0000000785,CUST-0000000785,2015-01-27 18:41:42
0000000786,CUST-0000000786,2015-01-11 00:22:26
0000000787,CUST-0000000787,2018-08-11 03:18:18
0000000788,CUST-0000000788,2015-12-10 20:45:41
0000000789,CUST-0000000789,2017-10-23 19:33:22
0000000790,CUST-0000000790,2015-12-12 17:17:01
0000000791,CUST-0000000791,2015-11-21 08:17:05
0000000792,CUST-0000000792,2015-11-10 04:56:54
0000000793,CUST-0000000793,2018-04-24 11:56:46
0000000794,CUST-0000000794,2016-03-18 21:51:34
0000000795,CUST-0000000795,2016-02-08 13:22:41
0000000796,CUST-0000000796,2018-02-07 05:13:11
0000000797,CUST-0000000797,2018-05-30 13:14:32
0000000798,CUST-0000000798,2017-06-20 15:27:46
0000000799,CUST-0000000799,2017-12-12 16:33:09
0000000800,CUST-0000000800,2018-08-10 03:37:35
0000000801,CUST-0000000801,2017-12-01 11:01:22
0000000802,CUST-0000000802,2016-01-09 18:22:44
0000000803,CUST-0000000803,2018-08-06 15:40:14
0000000804,CUST-0000000804,2015-08-26 11:02:00
0000000805,CUST-0000000805,2015-01-27 20:09:45
0000000806,CUST-0000000806,2015-04-25 12:50:37
0000000807,CUST-0000000807,2016-09-19 12:42:07
0000000808,CUST-0000000808,2017-05-20 08:32:32
0000000809,CUST-0000000809,2018-08-30 19:36:11
0000000810,CUST-0000000810,2016-12-30 13:45:10
0000000811,CUST-0000000811,2016-11-20 18:05:07
0000000812,CUST-0000000812,2016-09-25 15:52:26
0000000813,CUST-0000000813,2017-02-08 20:52:52
0000000814,CUST-0000000814,2015-07-13 03:26:56
0000000815,CUST-0000000815,2015-12-11 10:55:09
0000000816,CUST-0000000816,2015-04-03 18:47:42
0000000817,CUST-0000000817,2015-11-05 07:18:19
0000000818,CUST-0000000818,2016-05-01 14:56:13
0000000819,CUST-0000000819,2016-06-17 09:43:07
0000000820,CUST-0000000820,2017-12-06 06:59:14
0000000821,CUST-0000000821,2016-03-03 17:40:20
0000000822,CUST-0000000822,2017-11-17 09:55:44
0000000823,CUST-0000000823,2015-01-30 20:03:02
0000000824,CUST-0000000824,2017-01-05 21:54:12
0000000825,CUST-0000000825,2016-07-19 05:07:03
0000000826,CUST-0000000826,2015-12-28 03:17:09
0000000827,CUST-0000000827,2016-05-26 07:56:14
0000000828,CUST-0000000828,2017-03-26 16:00:02
0000000829,CUST-0000000829,2017-03-20 05:16:33
0000000830,CUST-0000000830,2014-11-25 08:43:34
0000000831,CUST-0000000831,2017-01-31 03:17:09
0000000832,CUST-0000000832,2016-04-24 22:59:12
0000000833,CUST-0000000833,2018-03-18 05:50:16
0000000834,CUST-0000000834,2018-06-25 23:21:06
0000000835,CUST-0000000835,2015-11-17 23:38:09
0000000836,CUST-0000000836,2017-04-24 06:18:58
0000000837,CUST-0000000837,2016-06-13 13:23:02
0000000838,CUST-0000000838,2018-04-10 16:50:10
0000000839,CUST-0000000839,2018-06-30 14:36:04
0000000840,CUST-0000000840,2018-09-11 19:08:42
0000000841,CUST-0000000841,2017-09-14 09:41:31
0000000842,CUST-0000000842,2017-03-09 06:53:40
0000000843,CUST-0000000843,2018-08-12 10:33:56
0000000844,CUST-0000000844,2018-04-17 00:22:32
0000000845,CUST-0000000845,2014-10-10 13:57:45
0000000846,CUST-0000000846,2016-02-18 12:53:59
0000000847,CUST-0000000847,2018-01-12 20:22:22
0000000848,CUST-0000000848,2017-04-24 04:15:14
0000000849,CUST-0000000849,2015-05-03 09:36:11
0000000850,CUST-0000000850,2018-06-23 06:52:42
0000000851,CUST-0000000851,2018-07-28 17:07:16
0000000852,CUST-0000000852,2014-10-18 20:25:12
0000000853,CUST-0000000853,2017-03-07 06:34:38
0000000854,CUST-0000000854,2015-07-02 00:09:00
0000000855,CUST-0000000855,2014-12-14 04:26:29
0000000856,CUST-0000000856,2018-04-26 16:45:23
0000000857,CUST-0000000857,2016-12-13 20:43:20
0000000858,CUST-0000000858,2015-03-01 10:18:07
0000000859,CUST-0000000859,2015-09-15 21:55:43
0000000860,CUST-0000000860,2017-10-10 08:44:27
0000000861,CUST-0000000861,2017-11-10 14:08:41
0000000862,CUST-0000000862,2016-09-17 18:39:54
0000000863,CUST-0000000863,2018-04-02 01:28:20
0000000864,CUST-0000000864,2017-02-21 17:02:50
0000000865,CUST-0000000865,2017-05-18 19:02:42
0000000866,CUST-0000000866,2015-09-07 02:47:11
0000000867,CUST-0000000867,2015-06-28 02:58:37
0000000868,CUST-0000000868,2016-06-09 10:50:13
0000000869,CUST-0000000869,2017-08-03 06:44:19
0000000870,CUST-0000000870,2016-07-23 04:14:53
0000000871,CUST-0000000871,2014-11-25 14:22:53
0000000872,CUST-0000000872,2018-09-11 06:56:48
0000000873,CUST-0000000873,2018-08-16 07:37:04
0000000874,CUST-0000000874,2018-04-16 10:57:21
0000000875,CUST-0000000875,2017-11-03 05:32:58
0000000876,CUST-0000000876,2017-08-23 10:44:04
0000000877,CUST-0000000877,2018-03-13 22:57:09
0000000878,CUST-0000000878,2017-06-22 02:12:36
0000000879,CUST-0000000879,2017-04-09 23:36:14
0000000880,CUST-0000000880,2017-02-27 06:59:52
0000000881,CUST-0000000881,2015-06-24 12:20:53
0000000882,CUST-0000000882,2014-10-14 14:12:46
0000000883,CUST-0000000883,2018-01-18 06:18:33
0000000884,CUST-0000000884,2015-08-26 01:42:46
0000000885,CUST-0000000885,2018-02-18 22:29:05
0000000886,CUST-0000000886,2016-01-17 09:23:13
0000000887,CUST-0000000887,2014-10-24 01:50:08
0000000888,CUST-0000000888,2017-11-01 22:56:05
0000000889,CUST-0000000889,2014-10-20 16:04:30
0000000890,CUST-0000000890,2018-09-26 08:55:54
0000000891,CUST-0000000891,2017-04-13 13:33:35
0000000892,CUST-0000000892,2015-10-21 15:21:15
0000000893,CUST-0000000893,2015-11-17 13:10:18
0000000894,CUST-0000000894,2016-11-16 11:27:42
0000000895,CUST-0000000895,2016-07-26 01:21:01
0000000896,CUST-0000000896,2016-06-03 14:38:11
0000000897,CUST-0000000897,2015-10-25 22:13:26
0000000898,CUST-0000000898,2014-11-11 12:34:12
0000000899,CUST-0000000899,2018-04-20 01:20:45
0000000900,CUST-0000000900,2015-11-09 19:41:22
0000000901,CUST-0000000901,2015-03-18 05:49:35
0000000902,CUST-0000000902,2018-06-09 13:34:47
0000000903,CUST-0000000903,2015-07-25 00:11:23
0000000904,CUST-0000000904,2016-10-22 10:53:36
0000000905,CUST-0000000905,2018-03-08 11:56:11
0000000906,CUST-0000000906,2018-04-04 02:15:51
0000000907,CUST-0000000907,2016-04-09 02:50:33
0000000908,CUST-0000000908,2015-07-01 18:09:42
0000000909,CUST-0000000909,2015-12-09 04:37:42
0000000910,CUST-0000000910,2018-08-04 05:42:37
0000000911,CUST-0000000911,2016-09-13 20:49:02
0000000912,CUST-0000000912,2018-02-10 13:31:28
0000000913,CUST-0000000913,2017-12-21 05:10:30
0000000914,CUST-0000000914,2017-03-08 07:50:56
0000000915,CUST-0000000915,2016-06-06 17:31:08
0000000916,CUST-0000000916,2015-12-11 23:10:22
0000000917,CUST-0000000917,2016-08-07 08:28:36
0000000918,CUST-0000000918,2017-11-04 00:54:11
0000000919,CUST-0000000919,2015-04-21 19:43:39
0000000920,CUST-0000000920,2018-04-19 19:25:32
0000000921,CUST-0000000921,2016-11-12 15:54:40
0000000922,CUST-0000000922,2018-04-06 04:10:26
0000000923,CUST-0000000923,2017-11-28 11:10:12
0000000924,CUST-0000000924,2017-02-06 14:11:50
0000000925,CUST-0000000925,2016-08-31 04:24:15
0000000926,CUST-0000000926,2018-02-16 09:48:16
0000000927,CUST-0000000927,2016-01-22 01:03:08
0000000928,CUST-0000000928,2015-08-30 23:43:20
0000000929,CUST-0000000929,2015-03-17 18:13:12
0000000930,CUST-0000000930,2015-08-30 16:26:50
0000000931,CUST-0000000931,2015-02-10 06:05:39
0000000932,CUST-0000000932,2016-10-20 23:01:04
0000000933,CUST-0000000933,2017-02-01 03:15:59
0000000934,CUST-0000000934,2015-08-27 10:10:29
0000000935,CUST-0000000935,2015-03-19 09:30:57
0000000936,CUST-0000000936,2015-05-12 17:20:59
0000000937,CUST-0000000937,2016-06-15 20:14:08
0000000938,CUST-0000000938,2015-01-02 04:29:36
0000000939,CUST-0000000939,2018-01-27 16:50:46
0000000940,CUST-0000000940,2017-07-13 00:43:12
0000000941,CUST-0000000941,2017-07-14 08:31:44
0000000942,CUST-0000000942,2018-02-24 10:05:52
0000000943,CUST-0000000943,2015-01-27 20:35:48
0000000944,CUST-0000000944,2018-05-29 04:38:22
0000000945,CUST-0000000945,2014-12-15 20:23:35
0000000946,CUST-0000000946,2016-06-28 09:58:38
0000000947,CUST-0000000947,2018-07-05 10:07:09
0000000948,CUST-0000000948,2017-07-04 15:25:50
0000000949,CUST-0000000949,2016-12-04 11:18:57
0000000950,CUST-0000000950,2016-02-13 08:40:42
0000000951,CUST-0000000951,2018-05-13 21:50:38
0000000952,CUST-0000000952,2018-08-02 13:44:25
0000000953,CUST-0000000953,2018-06-05 16:05:23
0000000954,CUST-0000000954,2015-08-21 01:54:02
0000000955,CUST-0000000955,2016-03-25 13:58:41
0000000956,CUST-0000000956,2016-11-13 23:41:57
0000000957,CUST-0000000957,2018-09-14 21:40:10
0000000958,CUST-0000000958,2016-04-12 06:46:09
0000000959,CUST-0000000959,2018-06-08 04:38:55
0000000960,CUST-0000000960,2017-02-20 13:25:43
0000000961,CUST-0000000961,2015-12-06 20:22:08
0000000962,CUST-0000000962,2014-11-17 17:01:03
0000000963,CUST-0000000963,2018-03-09 16:32:26
0000000964,CUST-0000000964,2016-02-27 22:42:58
0000000965,CUST-0000000965,2016-07-12 06:42:29
0000000966,CUST-0000000966,2015-08-30 04:11:38
0000000967,CUST-0000000967,2015-03-27 21:19:27
0000000968,CUST-0000000968,2017-08-28 07:12:09
0000000969,CUST-0000000969,2017-10-18 12:22:20
0000000970,CUST-0000000970,2017-10-14 09:31:53
0000000971,CUST-0000000971,2016-09-12 13:33:24
0000000972,CUST-0000000972,2018-02-09 05:15:31
0000000973,CUST-0000000973,2015-03-17 08:54:13
0000000974,CUST-0000000974,2015-03-30 10:11:49
0000000975,CUST-0000000975,2016-02-19 22:23:14
0000000976,CUST-0000000976,2015-12-23 18:53:32
0000000977,CUST-0000000977,2016-02-12 09:46:11
0000000978,CUST-0000000978,2016-03-28 08:32:01
0000000979,CUST-0000000979,2016-09-03 09:16:01
0000000980,CUST-0000000980,2017-02-12 16:11:02
0000000981,CUST-0000000981,2016-03-01 18:39:03
0000000982,CUST-0000000982,2017-03-29 13:55:18
0000000983,CUST-0000000983,2017-04-14 23:29:47
0000000984,CUST-0000000984,2017-03-22 08:17:30
0000000985,CUST-0000000985,2016-11-25 07:09:34
0000000986,CUST-0000000986,2015-09-23 09:30:27
0000000987,CUST-0000000987,2015-07-10 23:51:32
0000000988,CUST-0000000988,2017-07-02 07:38:28
0000000989,CUST-0000000989,2016-05-14 15:12:27
0000000990,CUST-0000000990,2015-07-15 04:40:22
0000000991,CUST-0000000991,2014-11-25 19:34:24
0000000992,CUST-0000000992,2017-11-29 12:01:26
0000000993,CUST-0000000993,2015-10-11 14:04:10
0000000994,CUST-0000000994,2018-08-05 21:58:04
0000000995,CUST-0000000995,2018-05-20 14:02:59
0000000996,CUST-0000000996,2015-01-28 19:05:33
0000000997,CUST-0000000997,2018-02-25 04:42:06
0000000998,CUST-0000000998,2017-01-13 15:44:09
0000000999,CUST-0000000999,2017-03-24 07:20:37
0000001000,CUST-0000001000,2016-07-14 22:01:18
0000001001,CUST-0000001001,2017-02-27 23:31:51
0000001002,CUST-0000001002,2016-07-31 22:19:10
0000001003,CUST-0000001003,2018-03-28 14:19:43
0000001004,CUST-0000001004,2017-03-28 22:52:04
0000001005,CUST-0000001005,2016-09-14 02:47:11
0000001006,CUST-0000001006,2017-05-10 07:33:00
0000001007,CUST-0000001007,2016-07-19 01:22:31
0000001008,CUST-0000001008,2016-12-09 16:54:09
0000001009,CUST-0000001009,2017-10-25 00:39:27
0000001010,CUST-0000001010,2015-10-11 14:13:49
0000001011,CUST-0000001011,2014-12-22 09:56:55
0000001012,CUST-0000001012,2016-08-01 11:13:32
0000001013,CUST-0000001013,2018-07-02 13:44:25
0000001014,CUST-0000001014,2017-08-26 03:19:38
0000001015,CUST-0000001015,2014-12-17 02:18:00
0000001016,CUST-0000001016,2015-04-09 07:32:27
0000001017,CUST-0000001017,2016-10-09 11:46:24
0000001018,CUST-0000001018,2015-02-16 22:42:57
0000001019,CUST-0000001019,2016-06-20 10:58:42
0000001020,CUST-0000001020,2015-05-30 11:48:33
0000001021,CUST-0000001021,2016-08-17 18:36:21
0000001022,CUST-0000001022,2018-06-09 05:00:29
0000001023,CUST-0000001023,2016-12-05 04:53:18
0000001024,CUST-0000001024,2015-11-08 15:06:20
0000001025,CUST-0000001025,2017-08-14 19:38:08
0000001026,CUST-0000001026,2018-05-19 07:00:26
0000001027,CUST-0000001027,2016-05-20 17:00:20
0000001028,CUST-0000001028,2017-05-26 15:26:16
0000001029,CUST-0000001029,2016-01-28 02:54:47
0000001030,CUST-0000001030,2017-11-24 17:32:56
0000001031,CUST-0000001031,2015-06-09 19:33:31
0000001032,CUST-0000001032,2016-03-25 10:18:42
0000001033,CUST-0000001033,2018-09-13 18:13:47
0000001034,CUST-0000001034,2015-03-07 21:25:10
0000001035,CUST-0000001035,2016-04-29 09:17:37
0000001036,CUST-0000001036,2015-02-14 14:01:46
0000001037,CUST-0000001037,2015-02-26 05:23:03
0000001038,CUST-0000001038,2018-02-12 03:21:38
0000001039,CUST-0000001039,2014-11-23 11:00:12
0000001040,CUST-0000001040,2017-10-30 17:54:11
0000001041,CUST-0000001041,2016-05-10 06:12:45
0000001042,CUST-0000001042,2016-01-17 06:37:33
0000001043,CUST-0000001043,2017-09-30 06:59:10
0000001044,CUST-0000001044,2015-03-16 06:02:54
0000001045,CUST-0000001045,2018-05-31 12:27:26
0000001046,CUST-0000001046,2018-09-25 21:12:22
0000001047,CUST-0000001047,2016-01-18 17:13:47
0000001048,CUST-0000001048,2016-09-30 14:30:28
0000001049,CUST-0000001049,2015-05-26 04:28:28
0000001050,CUST-0000001050,2018-10-03 23:13:53
0000001051,CUST-0000001051,2017-06-18 22:05:29
0000001052,CUST-0000001052,2016-10-26 15:34:47
0000001053,CUST-0000001053,2018-01-21 18:07:44
0000001054,CUST-0000001054,2017-05-29 07:42:20
0000001055,CUST-0000001055,2017-07-15 09:22:47
0000001056,CUST-0000001056,2015-03-01 12:29:47
0000001057,CUST-0000001057,2017-07-09 09:25:59
0000001058,CUST-0000001058,2018-04-10 12:23:15
0000001059,CUST-0000001059,2015-07-16 00:03:40
0000001060,CUST-0000001060,2015-11-10 21:54:15
0000001061,CUST-0000001061,2015-10-03 16:46:12
0000001062,CUST-0000001062,2017-07-18 18:11:54
0000001063,CUST-0000001063,2017-12-15 01:15:01
0000001064,CUST-0000001064,2017-03-28 20:53:51
0000001065,CUST-0000001065,2017-07-06 01:54:49
0000001066,CUST-0000001066,2015-09-13 14:16:57
0000001067,CUST-0000001067,2015-10-24 10:18:18
0000001068,CUST-0000001068,2014-10-17 11:04:15
0000001069,CUST-0000001069,2017-07-20 07:07:24
0000001070,CUST-0000001070,2014-12-20 05:22:26
0000001071,CUST-0000001071,2018-03-27 12:56:47
0000001072,CUST-0000001072,2018-02-11 18:45:59
0000001073,CUST-0000001073,2018-02-08 08:46:09
0000001074,CUST-0000001074,2018-02-06 04:14:46
0000001075,CUST-0000001075,2017-03-28 03:26:33
0000001076,CUST-0000001076,2018-03-20 11:50:28
0000001077,CUST-0000001077,2018-06-01 18:53:33
0000001078,CUST-0000001078,2018-09-29 20:11:48
0000001079,CUST-0000001079,2018-07-30 03:04:50
0000001080,CUST-0000001080,2017-05-19 10:56:40
0000001081,CUST-0000001081,2015-05-17 19:35:44
0000001082,CUST-0000001082,2017-06-11 01:20:14
0000001083,CUST-0000001083,2018-01-08 21:55:24
0000001084,CUST-0000001084,2018-04-22 09:15:15
0000001085,CUST-0000001085,2018-05-18 22:55:18
0000001086,CUST-0000001086,2015-05-22 09:00:40
0000001087,CUST-0000001087,2018-05-27 11:59:29
0000001088,CUST-0000001088,2017-07-04 09:57:47
0000001089,CUST-0000001089,2016-08-25 03:49:22
0000001090,CUST-0000001090,2015-06-22 17:49:35
0000001091,CUST-0000001091,2015-05-14 03:36:24
0000001092,CUST-0000001092,2016-02-06 21:33:55
0000001093,CUST-0000001093,2017-12-21 13:47:30
0000001094,CUST-0000001094,2014-10-23 16:40:03
0000001095,CUST-0000001095,2016-05-16 18:57:15
0000001096,CUST-0000001096,2017-01-22 14:48:02
0000001097,CUST-0000001097,2018-05-05 08:44:22
0000001098,CUST-0000001098,2018-04-19 10:24:27
0000001099,CUST-0000001099,2016-01-31 18:07:28
0000001100,CUST-0000001100,2016-05-22 19:27:15
0000001101,CUST-0000001101,2015-05-15 16:20:05
0000001102,CUST-0000001102,2018-06-27 15:23:27
0000001103,CUST-0000001103,2015-10-01 04:17:28
0000001104,CUST-0000001104,2017-04-15 07:45:26
0000001105,CUST-0000001105,2018-09-27 22:24:38
0000001106,CUST-0000001106,2016-10-23 06:46:40
0000001107,CUST-0000001107,2016-06-20 04:30:32
0000001108,CUST-0000001108,2015-10-07 09:48:41
0000001109,CUST-0000001109,2016-10-04 07:13:33
0000001110,CUST-0000001110,2018-01-09 14:21:53
0000001111,CUST-0000001111,2015-09-09 18:02:35
0000001112,CUST-0000001112,2018-02-27 03:55:39
0000001113,CUST-0000001113,2014-12-08 08:36:39
0000001114,CUST-0000001114,2017-03-11 17:41:31
0000001115,CUST-0000001115,2017-04-18 09:00:21
0000001116,CUST-0000001116,2014-11-04 18:17:21
0000001117,CUST-0000001117,2017-12-14 15:31:16
0000001118,CUST-0000001118,2014-11-06 23:03:29
0000001119,CUST-0000001119,2015-11-30 15:32:57
0000001120,CUST-0000001120,2016-09-25 10:12:53
0000001121,CUST-0000001121,2018-07-18 00:01:10
0000001122,CUST-0000001122,2017-01-24 04:03:38
0000001123,CUST-0000001123,2017-06-09 23:40:29
0000001124,CUST-0000001124,2018-01-15 22:55:17
0000001125,CUST-0000001125,2016-02-11 07:21:16
0000001126,CUST-0000001126,2016-06-05 20:02:34
0000001127,CUST-0000001127,2018-08-26 06:04:40
0000001128,CUST-0000001128,2015-08-07 02:12:48
0000001129,CUST-0000001129,2015-08-15 14:12:30
0000001130,CUST-0000001130,2014-10-20 09:46:34
0000001131,CUST-0000001131,2015-10-13 08:40:23
0000001132,CUST-0000001132,2017-03-20 04:50:28
0000001133,CUST-0000001133,2017-08-05 19:27:50
0000001134,CUST-0000001134,2016-12-14 03:01:51
0000001135,CUST-0000001135,2016-10-11 07:59:01
0000001136,CUST-0000001136,2015-10-05 23:55:55
0000001137,CUST-0000001137,2017-04-07 07:25:28
0000001138,CUST-0000001138,2016-05-04 13:25:18
0000001139,CUST-0000001139,2017-09-18 20:44:26
0000001140,CUST-0000001140,2018-08-27 11:17:33
0000001141,CUST-0000001141,2018-05-20 05:13:31
0000001142,CUST-0000001142,2018-09-15 21:57:54
0000001143,CUST-0000001143,2015-02-28 01:35:33
0000001144,CUST-0000001144,2017-04-09 05:11:35
0000001145,CUST-0000001145,2015-09-25 12:19:13
0000001146,CUST-0000001146,2016-02-02 05:37:32
0000001147,CUST-0000001147,2015-04-03 19:47:32
0000001148,CUST-0000001148,2018-03-13 19:49:47
0000001149,CUST-0000001149,2017-07-07 00:52:25
0000001150,CUST-0000001150,2016-01-06 06:10:24
0000001151,CUST-0000001151,2016-10-08 02:46:39
0000001152,CUST-0000001152,2018-07-13 22:00:33
0000001153,CUST-0000001153,2017-12-06 10:58:46
0000001154,CUST-0000001154,2018-10-05 05:24:42
0000001155,CUST-0000001155,2017-03-18 05:16:01
0000001156,CUST-0000001156,2016-05-24 17:31:23
0000001157,CUST-0000001157,2015-10-02 19:26:02
0000001158,CUST-0000001158,2014-10-31 03:10:36
0000001159,CUST-0000001159,2018-02-26 02:10:08
0000001160,CUST-0000001160,2016-03-11 05:14:52
0000001161,CUST-0000001161,2018-06-17 05:01:01
0000001162,CUST-0000001162,2014-11-14 15:27:47
0000001163,CUST-0000001163,2015-01-21 21:10:32
0000001164,CUST-0000001164,2016-09-21 05:08:37
0000001165,CUST-0000001165,2015-08-01 15:09:50
0000001166,CUST-0000001166,2015-10-25 10:54:17
0000001167,CUST-0000001167,2015-03-04 01:10:09
0000001168,CUST-0000001168,2016-05-25 05:42:32
0000001169,CUST-0000001169,2016-07-11 22:32:19
0000001170,CUST-0000001170,2015-08-21 22:01:49
0000001171,CUST-0000001171,2016-09-09 23:32:37
0000001172,CUST-0000001172,2018-03-10 02:49:58
0000001173,CUST-0000001173,2017-01-14 06:50:07
0000001174,CUST-0000001174,2015-08-12 17:36:53
0000001175,CUST-0000001175,2017-01-15 00:18:31
0000001176,CUST-0000001176,2017-01-03 14:13:22
0000001177,CUST-0000001177,2015-12-16 05:28:05
0000001178,CUST-0000001178,2017-12-03 16:51:40
0000001179,CUST-0000001179,2015-12-17 18:47:52
0000001180,CUST-0000001180,2017-06-07 07:36:10
0000001181,CUST-0000001181,2015-12-23 03:25:35
0000001182,CUST-0000001182,2018-05-23 10:11:55
0000001183,CUST-0000001183,2018-01-29 20:42:25
0000001184,CUST-0000001184,2016-07-10 14:53:32
0000001185,CUST-0000001185,2015-12-08 16:23:14
0000001186,CUST-0000001186,2016-08-31 05:45:36
0000001187,CUST-0000001187,2016-10-25 16:57:43
0000001188,CUST-0000001188,2016-07-19 15:46:09
0000001189,CUST-0000001189,2014-11-01 17:20:19
0000001190,CUST-0000001190,2015-09-19 05:40:13
0000001191,CUST-0000001191,2016-12-23 20:41:15
0000001192,CUST-0000001192,2014-12-09 15:23:53
0000001193,CUST-0000001193,2018-04-21 05:09:37
0000001194,CUST-0000001194,2017-02-06 16:26:08
0000001195,CUST-0000001195,2018-04-03 15:36:08
0000001196,CUST-0000001196,2016-10-24 15:15:32
0000001197,CUST-0000001197,2018-09-19 20:25:19
0000001198,CUST-0000001198,2018-09-10 05:28:47
0000001199,CUST-0000001199,2017-04-19 18:57:28
0000001200,CUST-0000001200,2017-07-19 06:49:56
0000001201,CUST-0000001201,2014-12-18 21:00:07
0000001202,CUST-0000001202,2017-01-19 18:16:49
0000001203,CUST-0000001203,2015-11-03 12:13:37
0000001204,CUST-0000001204,2015-09-03 21:39:33
0000001205,CUST-0000001205,2018-04-09 23:39:07
0000001206,CUST-0000001206,2017-08-02 08:06:53
0000001207,CUST-0000001207,2015-02-27 14:24:39
0000001208,CUST-0000001208,2017-04-09 23:58:54
0000001209,CUST-0000001209,2018-10-01 15:05:36
0000001210,CUST-0000001210,2016-09-03 18:53:41
0000001211,CUST-0000001211,2017-09-10 22:26:15
0000001212,CUST-0000001212,2016-04-27 08:24:33
0000001213,CUST-0000001213,2015-03-26 21:00:19
0000001214,CUST-0000001214,2018-04-01 00:56:00
0000001215,CUST-0000001215,2018-08-19 04:45:11
0000001216,CUST-0000001216,2017-09-08 19:29:38
0000001217,CUST-0000001217,2017-03-25 03:01:14
0000001218,CUST-0000001218,2018-04-02 02:49:02
0000001219,CUST-0000001219,2016-06-14 02:40:43
0000001220,CUST-0000001220,2018-09-19 06:30:19
0000001221,CUST-0000001221,2017-11-19 18:59:46
0000001222,CUST-0000001222,2017-07-24 13:17:06
0000001223,CUST-0000001223,2018-04-22 04:36:31
0000001224,CUST-0000001224,2018-04-04 12:41:25
0000001225,CUST-0000001225,2017-10-20 07:12:16
0000001226,CUST-0000001226,2015-06-06 09:53:28
0000001227,CUST-0000001227,2018-08-01 18:37:04
0000001228,CUST-0000001228,2017-10-06 11:44:54
0000001229,CUST-0000001229,2018-05-14 07:50:04
0000001230,CUST-0000001230,2018-09-20 11:35:58
0000001231,CUST-0000001231,2016-08-11 10:19:33
0000001232,CUST-0000001232,2016-12-28 11:39:18
0000001233,CUST-0000001233,2018-01-28 16:29:07
0000001234,CUST-0000001234,2015-03-01 20:57:45
0000001235,CUST-0000001235,2018-05-20 17:06:29
0000001236,CUST-0000001236,2015-08-27 11:24:08
0000001237,CUST-0000001237,2018-08-11 08:09:22
0000001238,CUST-0000001238,2016-12-17 15:51:45
0000001239,CUST-0000001239,2016-09-14 19:34:18
0000001240,CUST-0000001240,2018-02-25 01:44:51
0000001241,CUST-0000001241,2017-04-05 06:12:06
0000001242,CUST-0000001242,2015-11-06 19:12:32
0000001243,CUST-0000001243,2014-10-14 03:00:52
0000001244,CUST-0000001244,2016-01-01 02:11:39
0000001245,CUST-0000001245,2016-02-24 14:01:10
0000001246,CUST-0000001246,2015-12-11 03:50:49
0000001247,CUST-0000001247,2016-07-12 06:50:35
0000001248,CUST-0000001248,2014-12-04 11:10:58
0000001249,CUST-0000001249,2018-02-26 08:45:31
0000001250,CUST-0000001250,2016-10-14 15:42:34
0000001251,CUST-0000001251,2016-09-12 03:33:40
0000001252,CUST-0000001252,2015-10-21 22:06:59
0000001253,CUST-0000001253,2018-02-24 07:59:40
0000001254,CUST-0000001254,2015-07-19 09:41:28
0000001255,CUST-0000001255,2017-03-24 08:14:43
0000001256,CUST-0000001256,2015-12-30 07:29:22
0000001257,CUST-0000001257,2015-12-14 22:39:02
0000001258,CUST-0000001258,2017-10-26 11:28:22
0000001259,CUST-0000001259,2018-09-13 17:16:46
0000001260,CUST-0000001260,2017-10-25 00:21:15
0000001261,CUST-0000001261,2018-07-09 00:37:59
0000001262,CUST-0000001262,2017-01-24 12:13:17
0000001263,CUST-0000001263,2016-09-23 16:42:09
0000001264,CUST-0000001264,2018-02-21 09:49:41
0000001265,CUST-0000001265,2015-01-28 05:09:24
0000001266,CUST-0000001266,2018-04-10 07:03:27
0000001267,CUST-0000001267,2017-04-14 12:42:03
0000001268,CUST-0000001268,2017-09-14 01:29:47
0000001269,CUST-0000001269,2018-02-26 00:18:12
0000001270,CUST-0000001270,2018-09-08 16:31:28
0000001271,CUST-0000001271,2015-01-26 00:01:24
0000001272,CUST-0000001272,2018-04-16 09:51:17
0000001273,CUST-0000001273,2016-05-27 14:31:52
0000001274,CUST-0000001274,2015-06-05 11:18:48
0000001275,CUST-0000001275,2017-05-15 04:56:25
0000001276,CUST-0000001276,2017-12-30 19:10:18
0000001277,CUST-0000001277,2016-02-27 15:18:36
0000001278,CUST-0000001278,2015-04-29 11:00:34
0000001279,CUST-0000001279,2016-03-06 18:51:36
0000001280,CUST-0000001280,2017-04-04 23:39:41
0000001281,CUST-0000001281,2015-08-08 17:31:46
0000001282,CUST-0000001282,2015-08-15 18:02:00
0000001283,CUST-0000001283,2018-09-26 17:39:24
0000001284,CUST-0000001284,2017-11-30 21:59:00
0000001285,CUST-0000001285,2015-12-09 16:09:31
0000001286,CUST-0000001286,2017-02-02 14:43:46
0000001287,CUST-0000001287,2015-09-16 09:28:34
0000001288,CUST-0000001288,2015-02-01 08:45:46
0000001289,CUST-0000001289,2015-06-22 17:56:53
0000001290,CUST-0000001290,2017-03-08 16:38:30
0000001291,CUST-0000001291,2018-09-21 05:45:50
0000001292,CUST-0000001292,2015-02-04 05:30:44
0000001293,CUST-0000001293,2016-08-29 17:10:33
0000001294,CUST-0000001294,2014-11-10 11:47:57
0000001295,CUST-0000001295,2017-06-22 03:30:53
0000001296,CUST-0000001296,2018-03-08 06:20:06
0000001297,CUST-0000001297,2018-08-10 06:20:15
0000001298,CUST-0000001298,2017-09-04 09:11:35
0000001299,CUST-0000001299,2018-04-16 21:11:38
0000001300,CUST-0000001300,2016-11-11 06:44:48
0000001301,CUST-0000001301,2015-07-29 17:14:53
0000001302,CUST-0000001302,2018-05-25 15:58:44
0000001303,CUST-0000001303,2018-03-17 04:17:36
0000001304,CUST-0000001304,2016-08-01 13:01:51
0000001305,CUST-0000001305,2018-05-09 19:27:27
0000001306,CUST-0000001306,2017-04-19 23:47:00
0000001307,CUST-0000001307,2016-11-23 02:09:44
0000001308,CUST-0000001308,2017-06-14 17:58:11
0000001309,CUST-0000001309,2016-06-09 21:46:40
0000001310,CUST-0000001310,2018-07-29 18:04:49
0000001311,CUST-0000001311,2018-08-17 07:08:32
0000001312,CUST-0000001312,2016-05-12 15:32:25
0000001313,CUST-0000001313,2015-04-28 13:23:16
0000001314,CUST-0000001314,2017-06-21 03:20:57
0000001315,CUST-0000001315,2018-06-15 02:47:21
0000001316,CUST-0000001316,2017-03-10 01:35:30
0000001317,CUST-0000001317,2018-01-17 22:04:05
0000001318,CUST-0000001318,2015-09-22 07:29:42
0000001319,CUST-0000001319,2016-04-14 11:01:17
0000001320,CUST-0000001320,2016-12-25 19:42:44
0000001321,CUST-0000001321,2017-03-16 02:51:22
0000001322,CUST-0000001322,2018-01-31 13:33:29
0000001323,CUST-0000001323,2018-08-01 09:50:28
0000001324,CUST-0000001324,2017-08-14 13:48:39
0000001325,CUST-0000001325,2017-04-20 21:30:58
0000001326,CUST-0000001326,2014-12-21 10:27:52
0000001327,CUST-0000001327,2017-11-11 13:52:56
0000001328,CUST-0000001328,2017-03-14 09:59:25
0000001329,CUST-0000001329,2018-07-22 22:24:41
0000001330,CUST-0000001330,2017-04-16 06:30:33
0000001331,CUST-0000001331,2016-06-25 02:07:58
0000001332,CUST-0000001332,2015-12-31 04:37:55
0000001333,CUST-0000001333,2015-02-07 01:24:06
0000001334,CUST-0000001334,2018-06-07 09:25:54
0000001335,CUST-0000001335,2015-05-29 08:32:42
0000001336,CUST-0000001336,2017-06-11 07:25:44
0000001337,CUST-0000001337,2018-08-20 11:53:20
0000001338,CUST-0000001338,2015-04-15 01:08:03
0000001339,CUST-0000001339,2016-08-25 21:12:53
0000001340,CUST-0000001340,2015-08-09 18:19:54
0000001341,CUST-0000001341,2015-05-15 17:11:49
0000001342,CUST-0000001342,2016-12-05 08:51:00
0000001343,CUST-0000001343,2014-11-20 08:46:34
0000001344,CUST-0000001344,2016-04-03 15:14:59
0000001345,CUST-0000001345,2017-03-01 12:26:10
0000001346,CUST-0000001346,2015-07-18 17:59:35
0000001347,CUST-0000001347,2015-08-31 17:06:25
0000001348,CUST-0000001348,2016-05-09 00:52:16
0000001349,CUST-0000001349,2016-07-08 20:16:39
0000001350,CUST-0000001350,2018-07-09 02:41:06
0000001351,CUST-0000001351,2016-02-05 04:54:03
0000001352,CUST-0000001352,2016-08-24 11:40:00
0000001353,CUST-0000001353,2017-03-04 11:45:10
0000001354,CUST-0000001354,2017-08-04 15:40:31
0000001355,CUST-0000001355,2017-02-27 09:58:13
0000001356,CUST-0000001356,2017-12-25 03:29:39
0000001357,CUST-0000001357,2016-09-13 07:23:46
0000001358,CUST-0000001358,2014-10-24 04:22:00
0000001359,CUST-0000001359,2017-03-18 04:14:24
0000001360,CUST-0000001360,2018-05-10 11:54:35
0000001361,CUST-0000001361,2014-10-26 18:58:47
0000001362,CUST-0000001362,2017-05-24 04:59:00
0000001363,CUST-0000001363,2017-04-14 17:06:58
0000001364,CUST-0000001364,2017-08-29 23:06:40
0000001365,CUST-0000001365,2014-10-16 06:29:05
0000001366,CUST-0000001366,2017-02-02 08:26:34
0000001367,CUST-0000001367,2018-02-21 10:27:33
0000001368,CUST-0000001368,2016-03-02 11:36:39
0000001369,CUST-0000001369,2016-01-23 17:48:37
0000001370,CUST-0000001370,2015-08-15 11:46:01
0000001371,CUST-0000001371,2018-06-20 09:46:08
0000001372,CUST-0000001372,2015-04-08 04:00:59
0000001373,CUST-0000001373,2014-10-27 12:08:04
0000001374,CUST-0000001374,2015-10-08 14:24:02
0000001375,CUST-0000001375,2016-09-04 12:04:10
0000001376,CUST-0000001376,2018-09-12 01:18:48
0000001377,CUST-0000001377,2017-03-09 10:58:33
0000001378,CUST-0000001378,2018-08-01 09:55:11
0000001379,CUST-0000001379,2018-04-19 02:47:10
0000001380,CUST-0000001380,2018-09-09 19:43:21
0000001381,CUST-0000001381,2016-12-16 15:28:45
0000001382,CUST-0000001382,2016-08-29 10:36:13
0000001383,CUST-0000001383,2016-01-24 10:21:19
0000001384,CUST-0000001384,2016-03-27 08:09:28
0000001385,CUST-0000001385,2015-03-03 11:18:32
0000001386,CUST-0000001386,2018-04-21 05:08:44
0000001387,CUST-0000001387,2018-07-27 11:42:12
0000001388,CUST-0000001388,2015-08-15 17:47:38
0000001389,CUST-0000001389,2018-03-08 15:29:57
0000001390,CUST-0000001390,2015-11-10 04:25:22
0000001391,CUST-0000001391,2018-07-22 15:26:38
0000001392,CUST-0000001392,2016-07-14 00:20:13
0000001393,CUST-0000001393,2014-12-24 09:52:14
0000001394,CUST-0000001394,2017-08-04 12:01:16
0000001395,CUST-0000001395,2016-02-19 02:26:28
0000001396,CUST-0000001396,2017-08-27 03:25:00
0000001397,CUST-0000001397,2016-11-02 22:53:40
0000001398,CUST-0000001398,2016-05-20 21:16:47
0000001399,CUST-0000001399,2015-08-17 19:41:52
0000001400,CUST-0000001400,2018-03-13 07:52:49
0000001401,CUST-0000001401,2016-12-02 20:57:32
0000001402,CUST-0000001402,2018-04-05 22:23:19
0000001403,CUST-0000001403,2018-01-02 18:37:50
0000001404,CUST-0000001404,2015-12-20 04:16:14
0000001405,CUST-0000001405,2015-10-19 02:50:49
0000001406,CUST-0000001406,2015-08-24 15:51:10
0000001407,CUST-0000001407,2016-05-24 07:47:00
0000001408,CUST-0000001408,2017-09-03 16:05:44
0000001409,CUST-0000001409,2016-09-14 09:14:20
0000001410,CUST-0000001410,2014-11-15 09:12:46
0000001411,CUST-0000001411,2015-05-03 05:34:39
0000001412,CUST-0000001412,2016-04-14 23:12:35
0000001413,CUST-0000001413,2017-09-07 23:51:05
0000001414,CUST-0000001414,2015-06-26 13:20:05
0000001415,CUST-0000001415,2016-04-14 01:37:13
0000001416,CUST-0000001416,2017-03-28 20:24:33
0000001417,CUST-0000001417,2018-04-12 04:13:58
0000001418,CUST-0000001418,2017-09-24 11:33:35
0000001419,CUST-0000001419,2017-07-21 23:13:36
0000001420,CUST-0000001420,2017-10-10 10:09:24
0000001421,CUST-0000001421,2017-02-12 09:26:34
0000001422,CUST-0000001422,2017-10-25 01:20:14
0000001423,CUST-0000001423,2017-08-11 12:27:30
0000001424,CUST-0000001424,2017-04-29 07:56:47
0000001425,CUST-0000001425,2015-11-16 23:58:08
0000001426,CUST-0000001426,2018-09-23 05:46:47
0000001427,CUST-0000001427,2016-02-26 19:54:27
0000001428,CUST-0000001428,2016-09-05 21:52:46
0000001429,CUST-0000001429,2015-06-13 01:02:22
0000001430,CUST-0000001430,2018-01-16 12:07:46
0000001431,CUST-0000001431,2016-10-31 16:42:04
0000001432,CUST-0000001432,2015-01-30 05:22:11
0000001433,CUST-0000001433,2018-04-28 06:43:15
0000001434,CUST-0000001434,2017-05-26 05:36:43
0000001435,CUST-0000001435,2016-11-03 03:38:15
0000001436,CUST-0000001436,2016-12-27 04:51:41
0000001437,CUST-0000001437,2016-10-29 17:46:43
0000001438,CUST-0000001438,2018-05-04 23:30:17
0000001439,CUST-0000001439,2018-07-11 07:41:26
0000001440,CUST-0000001440,2018-07-30 09:30:12
0000001441,CUST-0000001441,2016-03-01 03:00:31
0000001442,CUST-0000001442,2014-12-04 16:33:17
0000001443,CUST-0000001443,2017-01-27 15:28:23
0000001444,CUST-0000001444,2018-02-23 06:30:40
0000001445,CUST-0000001445,2018-09-25 12:16:26
0000001446,CUST-0000001446,2016-09-18 01:49:23
0000001447,CUST-0000001447,2018-08-22 19:45:39
0000001448,CUST-0000001448,2016-04-08 11:49:10
0000001449,CUST-0000001449,2018-04-20 19:28:41
0000001450,CUST-0000001450,2015-03-23 17:57:57
0000001451,CUST-0000001451,2018-07-18 02:47:11
0000001452,CUST-0000001452,2018-08-25 06:41:48
0000001453,CUST-0000001453,2015-07-28 09:30:06
0000001454,CUST-0000001454,2016-09-03 20:52:28
0000001455,CUST-0000001455,2017-03-22 18:15:40
0000001456,CUST-0000001456,2016-06-13 23:55:42
0000001457,CUST-0000001457,2017-07-06 00:39:28
0000001458,CUST-0000001458,2016-11-06 12:24:02
0000001459,CUST-0000001459,2017-10-26 14:12:06
0000001460,CUST-0000001460,2015-03-26 17:42:51
0000001461,CUST-0000001461,2014-12-28 17:01:00
0000001462,CUST-0000001462,2016-06-11 00:51:08
0000001463,CUST-0000001463,2016-08-25 22:06:16
0000001464,CUST-0000001464,2017-08-03 04:01:40
0000001465,CUST-0000001465,2016-07-10 20:01:38
0000001466,CUST-0000001466,2015-01-18 23:03:04
0000001467,CUST-0000001467,2017-02-26 00:07:17
0000001468,CUST-0000001468,2015-04-21 08:09:45
0000001469,CUST-0000001469,2014-12-08 03:18:43
0000001470,CUST-0000001470,2016-02-15 07:16:26
0000001471,CUST-0000001471,2018-08-07 07:32:12
0000001472,CUST-0000001472,2016-03-09 18:12:44
0000001473,CUST-0000001473,2014-12-13 14:47:40
0000001474,CUST-0000001474,2015-10-05 04:24:17
0000001475,CUST-0000001475,2016-09-25 14:32:34
0000001476,CUST-0000001476,2017-04-20 21:06:37
0000001477,CUST-0000001477,2017-05-30 17:34:14
0000001478,CUST-0000001478,2016-03-15 17:53:51
0000001479,CUST-0000001479,2014-11-28 16:11:24
0000001480,CUST-0000001480,2017-12-10 18:59:50
0000001481,CUST-0000001481,2017-01-19 05:45:49
0000001482,CUST-0000001482,2017-12-13 22:06:59
0000001483,CUST-0000001483,2017-08-02 21:14:05
0000001484,CUST-0000001484,2017-04-26 13:15:31
0000001485,CUST-0000001485,2015-06-25 18:14:39
0000001486,CUST-0000001486,2016-11-07 08:11:08
0000001487,CUST-0000001487,2017-03-19 22:09:35
0000001488,CUST-0000001488,2017-08-21 13:14:12
0000001489,CUST-0000001489,2018-06-17 16:15:41
0000001490,CUST-0000001490,2014-11-27 23:41:42
0000001491,CUST-0000001491,2015-09-05 10:06:09
0000001492,CUST-0000001492,2018-01-11 19:01:32
0000001493,CUST-0000001493,2017-05-28 21:19:25
0000001494,CUST-0000001494,2017-09-02 17:24:51
0000001495,CUST-0000001495,2015-07-06 15:38:48
0000001496,CUST-0000001496,2016-06-28 21:53:40
0000001497,CUST-0000001497,2016-11-10 10:01:22
0000001498,CUST-0000001498,2017-11-09 06:30:35
0000001499,CUST-0000001499,2017-09-08 03:57:29
0000001500,CUST-0000001500,2018-03-13 10:55:29
0000001501,CUST-0000001501,2015-05-09 05:43:15
0000001502,CUST-0000001502,2017-06-28 09:34:12
0000001503,CUST-0000001503,2017-01-20 12:09:01
0000001504,CUST-0000001504,2015-02-25 05:05:40
0000001505,CUST-0000001505,2017-08-08 09:19:05
0000001506,CUST-0000001506,2017-07-26 22:29:04
0000001507,CUST-0000001507,2017-05-30 05:50:26
0000001508,CUST-0000001508,2018-03-16 02:02:35
0000001509,CUST-0000001509,2018-02-24 17:10:45
0000001510,CUST-0000001510,2015-06-20 10:52:51
0000001511,CUST-0000001511,2014-11-27 00:47:44
0000001512,CUST-0000001512,2017-09-27 11:41:49
0000001513,CUST-0000001513,2014-12-22 09:25:51
0000001514,CUST-0000001514,2015-10-23 02:11:41
0000001515,CUST-0000001515,2015-10-02 17:54:48
0000001516,CUST-0000001516,2015-11-23 03:11:38
0000001517,CUST-0000001517,2016-02-29 16:25:51
0000001518,CUST-0000001518,2018-09-26 22:42:28
0000001519,CUST-0000001519,2016-12-18 15:33:07
0000001520,CUST-0000001520,2015-07-01 11:53:30
0000001521,CUST-0000001521,2017-12-10 07:30:19
0000001522,CUST-0000001522,2015-10-13 21:54:55
0000001523,CUST-0000001523,2016-12-08 11:28:51
0000001524,CUST-0000001524,2016-10-12 00:59:37
0000001525,CUST-0000001525,2016-07-14 07:13:55
0000001526,CUST-0000001526,2017-10-16 18:26:54
0000001527,CUST-0000001527,2018-02-05 17:48:28
0000001528,CUST-0000001528,2015-12-06 13:06:07
0000001529,CUST-0000001529,2016-03-18 00:35:16
0000001530,CUST-0000001530,2016-10-13 13:07:17
0000001531,CUST-0000001531,2016-02-17 00:34:37
0000001532,CUST-0000001532,2018-06-06 21:42:25
0000001533,CUST-0000001533,2015-11-12 05:30:41
0000001534,CUST-0000001534,2018-08-09 18:06:55
0000001535,CUST-0000001535,2016-02-19 01:14:45
0000001536,CUST-0000001536,2016-10-25 08:06:29
0000001537,CUST-0000001537,2018-01-07 21:57:51
0000001538,CUST-0000001538,2016-02-04 17:56:32
0000001539,CUST-0000001539,2015-01-28 02:59:32
0000001540,CUST-0000001540,2017-07-03 09:07:35
0000001541,CUST-0000001541,2016-12-07 15:21:55
0000001542,CUST-0000001542,2017-08-30 06:37:57
0000001543,CUST-0000001543,2017-06-09 05:53:38
0000001544,CUST-0000001544,2016-03-28 07:49:19
0000001545,CUST-0000001545,2016-01-15 19:59:05
0000001546,CUST-0000001546,2016-09-21 15:31:44
0000001547,CUST-0000001547,2018-02-05 20:02:30
0000001548,CUST-0000001548,2015-09-02 03:01:14
0000001549,CUST-0000001549,2018-09-05 07:14:01
0000001550,CUST-0000001550,2017-11-02 13:38:02
0000001551,CUST-0000001551,2015-03-19 23:05:40
0000001552,CUST-0000001552,2016-02-07 17:02:22
0000001553,CUST-0000001553,2018-10-09 02:43:33
0000001554,CUST-0000001554,2018-06-10 14:56:28
0000001555,CUST-0000001555,2017-05-31 14:14:40
0000001556,CUST-0000001556,2017-03-23 05:06:47
0000001557,CUST-0000001557,2015-03-15 04:16:13
0000001558,CUST-0000001558,2017-11-29 02:33:47
0000001559,CUST-0000001559,2016-08-19 09:18:02
0000001560,CUST-0000001560,2017-07-06 19:02:09
0000001561,CUST-0000001561,2014-11-03 15:44:45
0000001562,CUST-0000001562,2017-03-15 10:02:38
0000001563,CUST-0000001563,2018-09-13 03:40:55
0000001564,CUST-0000001564,2014-10-19 17:45:45
0000001565,CUST-0000001565,2016-07-25 01:27:05
0000001566,CUST-0000001566,2015-01-08 00:56:00
0000001567,CUST-0000001567,2016-10-05 12:31:35
0000001568,CUST-0000001568,2017-04-19 05:50:49
0000001569,CUST-0000001569,2015-12-21 03:14:08
0000001570,CUST-0000001570,2016-12-30 11:08:06
0000001571,CUST-0000001571,2015-03-10 06:46:44
0000001572,CUST-0000001572,2016-12-17 00:34:47
0000001573,CUST-0000001573,2015-12-08 23:23:08
0000001574,CUST-0000001574,2018-04-01 03:17:47
0000001575,CUST-0000001575,2018-01-10 14:01:34
0000001576,CUST-0000001576,2018-08-17 18:00:14
0000001577,CUST-0000001577,2016-04-21 23:35:20
0000001578,CUST-0000001578,2017-05-28 00:45:22
0000001579,CUST-0000001579,2015-04-04 20:57:06
0000001580,CUST-0000001580,2016-09-23 08:32:43
0000001581,CUST-0000001581,2015-10-03 21:04:45
0000001582,CUST-0000001582,2018-03-09 21:59:39
0000001583,CUST-0000001583,2016-03-11 22:31:48
0000001584,CUST-0000001584,2016-10-28 17:21:12
0000001585,CUST-0000001585,2015-07-31 09:10:31
0000001586,CUST-0000001586,2015-01-23 16:27:39
0000001587,CUST-0000001587,2018-09-26 22:11:40
0000001588,CUST-0000001588,2015-05-27 06:31:46
0000001589,CUST-0000001589,2016-07-05 20:53:55
0000001590,CUST-0000001590,2016-11-05 06:39:44
0000001591,CUST-0000001591,2014-10-22 15:40:08
0000001592,CUST-0000001592,2016-10-20 23:33:53
0000001593,CUST-0000001593,2015-08-26 02:09:12
0000001594,CUST-0000001594,2015-10-22 00:27:28
0000001595,CUST-0000001595,2015-03-16 22:36:18
0000001596,CUST-0000001596,2016-11-01 03:31:49
0000001597,CUST-0000001597,2015-10-05 04:22:45
0000001598,CUST-0000001598,2015-06-19 18:52:39
0000001599,CUST-0000001599,2015-05-23 05:39:09
0000001600,CUST-0000001600,2016-11-16 08:57:52
0000001601,CUST-0000001601,2016-01-30 21:31:21
0000001602,CUST-0000001602,2015-09-17 23:25:05
0000001603,CUST-0000001603,2016-04-05 07:12:37
0000001604,CUST-0000001604,2015-05-10 14:09:21
0000001605,CUST-0000001605,2017-09-19 03:14:49
0000001606,CUST-0000001606,2016-10-19 19:34:45
0000001607,CUST-0000001607,2017-07-27 03:35:30
0000001608,CUST-0000001608,2014-10-11 11:39:43
0000001609,CUST-0000001609,2015-07-28 23:19:01
0000001610,CUST-0000001610,2017-02-22 00:10:21
0000001611,CUST-0000001611,2017-11-24 05:09:28
0000001612,CUST-0000001612,2016-08-28 10:07:29
0000001613,CUST-0000001613,2014-11-14 16:21:08
0000001614,CUST-0000001614,2017-11-01 09:20:19
0000001615,CUST-0000001615,2017-03-05 20:45:25
0000001616,CUST-0000001616,2016-07-23 07:21:33
0000001617,CUST-0000001617,2016-02-22 17:25:59
0000001618,CUST-0000001618,2016-08-06 06:42:59
0000001619,CUST-0000001619,2017-12-21 16:05:36
0000001620,CUST-0000001620,2017-12-01 12:25:41
0000001621,CUST-0000001621,2017-02-19 18:24:29
0000001622,CUST-0000001622,2015-08-26 05:51:55
0000001623,CUST-0000001623,2016-06-22 18:51:41
0000001624,CUST-0000001624,2018-03-11 08:30:26
0000001625,CUST-0000001625,2017-07-07 22:52:30
0000001626,CUST-0000001626,2016-04-02 08:39:11
0000001627,CUST-0000001627,2017-03-01 23:11:45
0000001628,CUST-0000001628,2016-05-08 10:55:02
0000001629,CUST-0000001629,2016-07-08 04:33:07
0000001630,CUST-0000001630,2016-03-27 16:09:41
0000001631,CUST-0000001631,2015-10-20 07:29:49
0000001632,CUST-0000001632,2015-08-02 07:05:06
0000001633,CUST-0000001633,2017-07-29 14:18:08
0000001634,CUST-0000001634,2015-11-15 15:43:14
0000001635,CUST-0000001635,2015-07-20 07:12:07
0000001636,CUST-0000001636,2016-01-17 11:30:46
0000001637,CUST-0000001637,2016-11-30 03:16:29
0000001638,CUST-0000001638,2017-01-18 02:24:13
0000001639,CUST-0000001639,2017-02-23 11:02:26
0000001640,CUST-0000001640,2017-11-19 20:26:58
0000001641,CUST-0000001641,2018-02-19 05:20:21
0000001642,CUST-0000001642,2018-01-05 13:52:11
0000001643,CUST-0000001643,2015-06-27 13:11:38
0000001644,CUST-0000001644,2015-04-10 10:55:35
0000001645,CUST-0000001645,2015-04-15 21:29:34
0000001646,CUST-0000001646,2017-09-11 18:41:35
0000001647,CUST-0000001647,2018-06-25 23:38:38
0000001648,CUST-0000001648,2015-02-03 16:40:42
0000001649,CUST-0000001649,2014-11-16 09:50:26
0000001650,CUST-0000001650,2016-10-30 09:31:26
0000001651,CUST-0000001651,2015-01-14 11:36:01
0000001652,CUST-0000001652,2018-03-04 08:50:45
0000001653,CUST-0000001653,2017-11-28 20:49:21
0000001654,CUST-0000001654,2018-09-20 00:29:22
0000001655,CUST-0000001655,2015-05-04 04:26:27
0000001656,CUST-0000001656,2017-09-24 03:20:19
0000001657,CUST-0000001657,2017-09-10 17:19:56
0000001658,CUST-0000001658,2018-04-30 06:24:09
0000001659,CUST-0000001659,2017-09-19 06:48:36
0000001660,CUST-0000001660,2015-05-27 15:00:38
0000001661,CUST-0000001661,2016-11-02 08:45:58
0000001662,CUST-0000001662,2018-06-03 17:58:59
0000001663,CUST-0000001663,2018-09-15 03:12:44
0000001664,CUST-0000001664,2015-12-21 10:55:53
0000001665,CUST-0000001665,2015-06-25 06:12:34
0000001666,CUST-0000001666,2016-03-27 05:33:32
0000001667,CUST-0000001667,2016-12-30 13:53:18
0000001668,CUST-0000001668,2016-07-30 17:11:43
0000001669,CUST-0000001669,2018-08-26 18:06:25
0000001670,CUST-0000001670,2016-05-06 15:50:30
0000001671,CUST-0000001671,2016-12-16 17:21:22
0000001672,CUST-0000001672,2017-01-17 22:59:33
0000001673,CUST-0000001673,2015-10-21 10:15:48
0000001674,CUST-0000001674,2016-09-13 20:34:58
0000001675,CUST-0000001675,2016-12-10 08:29:57
0000001676,CUST-0000001676,2018-01-22 11:43:03
0000001677,CUST-0000001677,2016-08-14 05:24:05
0000001678,CUST-0000001678,2016-04-02 14:11:02
0000001679,CUST-0000001679,2016-09-24 02:08:56
0000001680,CUST-0000001680,2015-08-16 05:19:12
0000001681,CUST-0000001681,2017-02-11 02:12:18
0000001682,CUST-0000001682,2017-02-06 09:30:08
0000001683,CUST-0000001683,2018-08-11 23:43:31
0000001684,CUST-0000001684,2015-08-29 05:42:55
0000001685,CUST-0000001685,2017-03-05 05:55:51
0000001686,CUST-0000001686,2016-12-10 20:07:07
0000001687,CUST-0000001687,2015-04-01 15:48:39
0000001688,CUST-0000001688,2015-11-27 02:02:01
0000001689,CUST-0000001689,2015-11-04 05:56:54
0000001690,CUST-0000001690,2018-04-26 15:01:25
0000001691,CUST-0000001691,2015-10-31 15:09:32
0000001692,CUST-0000001692,2017-08-11 16:19:45
0000001693,CUST-0000001693,2017-07-01 08:42:40
0000001694,CUST-0000001694,2017-12-01 05:00:45
0000001695,CUST-0000001695,2015-09-09 02:28:27
0000001696,CUST-0000001696,2017-08-08 08:21:21
0000001697,CUST-0000001697,2015-07-06 13:24:09
0000001698,CUST-0000001698,2015-05-14 09:19:50
0000001699,CUST-0000001699,2016-07-27 04:20:19
0000001700,CUST-0000001700,2018-02-21 01:31:00
0000001701,CUST-0000001701,2017-08-26 20:45:38
0000001702,CUST-0000001702,2015-02-21 22:47:46
0000001703,CUST-0000001703,2018-09-14 07:52:47
0000001704,CUST-0000001704,2016-01-07 17:28:57
0000001705,CUST-0000001705,2015-04-20 01:49:17
0000001706,CUST-0000001706,2017-01-26 16:12:14
0000001707,CUST-0000001707,2016-05-26 13:34:26
0000001708,CUST-0000001708,2017-04-19 16:38:10
0000001709,CUST-0000001709,2018-04-16 08:32:56
0000001710,CUST-0000001710,2018-05-29 14:28:26
0000001711,CUST-0000001711,2015-07-16 01:36:11
0000001712,CUST-0000001712,2016-02-01 07:22:48
0000001713,CUST-0000001713,2017-09-19 08:32:58
0000001714,CUST-0000001714,2015-08-13 15:51:01
0000001715,CUST-0000001715,2017-03-02 13:15:14
0000001716,CUST-0000001716,2016-12-22 23:16:36
0000001717,CUST-0000001717,2017-12-11 18:00:16
0000001718,CUST-0000001718,2016-11-05 18:26:08
0000001719,CUST-0000001719,2017-08-14 14:25:50
0000001720,CUST-0000001720,2017-05-06 20:02:28
0000001721,CUST-0000001721,2016-12-12 13:35:32
0000001722,CUST-0000001722,2017-07-04 23:19:07
0000001723,CUST-0000001723,2018-10-08 18:22:07
0000001724,CUST-0000001724,2016-06-30 11:01:36
0000001725,CUST-0000001725,2018-09-06 01:07:56
0000001726,CUST-0000001726,2014-12-16 02:35:50
0000001727,CUST-0000001727,2016-05-28 13:01:00
0000001728,CUST-0000001728,2015-03-19 22:23:03
0000001729,CUST-0000001729,2018-08-15 13:50:03
0000001730,CUST-0000001730,2016-03-22 13:49:47
0000001731,CUST-0000001731,2017-07-23 22:20:41
0000001732,CUST-0000001732,2018-05-21 18:16:47
0000001733,CUST-0000001733,2014-11-10 18:48:49
0000001734,CUST-0000001734,2017-02-22 21:53:10
0000001735,CUST-0000001735,2017-08-28 17:33:15
0000001736,CUST-0000001736,2016-08-29 01:35:50
0000001737,CUST-0000001737,2017-06-28 16:11:23
0000001738,CUST-0000001738,2018-01-12 22:02:05
0000001739,CUST-0000001739,2014-10-20 19:07:15
0000001740,CUST-0000001740,2017-04-19 13:01:16
0000001741,CUST-0000001741,2018-02-04 00:52:40
0000001742,CUST-0000001742,2015-01-17 07:09:17
0000001743,CUST-0000001743,2017-12-12 10:56:06
0000001744,CUST-0000001744,2015-06-28 19:18:56
0000001745,CUST-0000001745,2016-12-24 08:52:19
0000001746,CUST-0000001746,2016-08-06 20:08:07
0000001747,CUST-0000001747,2015-11-30 05:17:38
0000001748,CUST-0000001748,2017-07-05 09:33:22
0000001749,CUST-0000001749,2018-08-14 07:00:45
0000001750,CUST-0000001750,2016-02-01 22:23:15
0000001751,CUST-0000001751,2015-12-26 02:43:57
0000001752,CUST-0000001752,2015-10-09 22:02:17
0000001753,CUST-0000001753,2018-04-06 17:49:42
0000001754,CUST-0000001754,2017-01-06 11:48:08
0000001755,CUST-0000001755,2015-01-07 23:59:51
0000001756,CUST-0000001756,2017-02-20 23:15:01
0000001757,CUST-0000001757,2016-09-02 08:56:35
0000001758,CUST-0000001758,2017-05-10 04:31:49
0000001759,CUST-0000001759,2015-11-28 20:39:37
0000001760,CUST-0000001760,2016-05-17 22:52:07
0000001761,CUST-0000001761,2018-01-31 13:09:20
0000001762,CUST-0000001762,2017-03-20 03:54:45
0000001763,CUST-0000001763,2014-12-03 15:24:38
0000001764,CUST-0000001764,2017-06-24 08:01:33
0000001765,CUST-0000001765,2016-08-16 07:23:46
0000001766,CUST-0000001766,2017-06-01 16:43:48
0000001767,CUST-0000001767,2017-03-16 03:54:35
0000001768,CUST-0000001768,2016-05-01 21:06:14
0000001769,CUST-0000001769,2017-12-06 13:59:53
0000001770,CUST-0000001770,2017-08-15 17:53:44
0000001771,CUST-0000001771,2016-09-06 05:15:41
0000001772,CUST-0000001772,2017-01-04 12:51:43
0000001773,CUST-0000001773,2017-06-24 13:48:54
0000001774,CUST-0000001774,2018-08-29 17:52:30
0000001775,CUST-0000001775,2016-09-19 09:27:40
0000001776,CUST-0000001776,2015-06-28 23:29:02
0000001777,CUST-0000001777,2018-04-08 05:46:48
0000001778,CUST-0000001778,2017-09-24 08:20:27
0000001779,CUST-0000001779,2015-07-25 23:50:02
0000001780,CUST-0000001780,2018-09-04 07:06:49
0000001781,CUST-0000001781,2017-04-06 06:30:26
0000001782,CUST-0000001782,2015-10-13 06:48:05
0000001783,CUST-0000001783,2017-03-31 18:41:12
0000001784,CUST-0000001784,2018-07-02 17:04:41
0000001785,CUST-0000001785,2014-10-16 04:00:01
0000001786,CUST-0000001786,2016-03-10 19:15:23
0000001787,CUST-0000001787,2015-05-18 21:01:30
0000001788,CUST-0000001788,2018-01-24 01:19:33
0000001789,CUST-0000001789,2015-05-21 15:00:55
0000001790,CUST-0000001790,2018-09-07 07:50:55
0000001791,CUST-0000001791,2016-07-20 08:54:06
0000001792,CUST-0000001792,2016-04-23 09:12:30
0000001793,CUST-0000001793,2016-03-05 04:44:53
0000001794,CUST-0000001794,2015-03-09 03:41:15
0000001795,CUST-0000001795,2015-06-02 10:42:08
0000001796,CUST-0000001796,2017-01-12 18:26:56
0000001797,CUST-0000001797,2014-10-14 20:26:48
0000001798,CUST-0000001798,2016-11-24 22:18:57
0000001799,CUST-0000001799,2016-04-25 17:44:59
0000001800,CUST-0000001800,2016-04-22 23:07:37
0000001801,CUST-0000001801,2018-04-02 22:27:34
0000001802,CUST-0000001802,2018-07-16 01:36:08
0000001803,CUST-0000001803,2017-09-06 15:13:57
0000001804,CUST-0000001804,2017-08-04 00:01:14
0000001805,CUST-0000001805,2017-04-14 17:34:23
0000001806,CUST-0000001806,2015-01-01 17:58:01
0000001807,CUST-0000001807,2015-03-26 11:53:19
0000001808,CUST-0000001808,2018-08-25 15:47:48
0000001809,CUST-0000001809,2017-04-30 03:52:38
0000001810,CUST-0000001810,2016-06-16 14:33:29
0000001811,CUST-0000001811,2016-06-13 17:13:39
0000001812,CUST-0000001812,2017-06-14 17:42:49
0000001813,CUST-0000001813,2017-05-29 22:13:48
0000001814,CUST-0000001814,2018-09-22 05:27:46
0000001815,CUST-0000001815,2018-10-05 17:09:22
0000001816,CUST-0000001816,2016-09-18 13:00:25
0000001817,CUST-0000001817,2016-12-02 03:38:23
0000001818,CUST-0000001818,2017-04-10 21:36:14
0000001819,CUST-0000001819,2016-03-07 22:04:11
0000001820,CUST-0000001820,2014-11-28 10:19:44
0000001821,CUST-0000001821,2017-02-15 23:47:34
0000001822,CUST-0000001822,2015-01-14 11:53:29
0000001823,CUST-0000001823,2014-10-30 05:39:04
0000001824,CUST-0000001824,2016-11-27 11:38:56
0000001825,CUST-0000001825,2017-11-23 14:13:42
0000001826,CUST-0000001826,2016-08-03 06:47:33
0000001827,CUST-0000001827,2016-12-09 15:22:38
0000001828,CUST-0000001828,2017-05-14 15:08:19
0000001829,CUST-0000001829,2015-11-24 21:59:17
0000001830,CUST-0000001830,2017-10-05 15:12:51
0000001831,CUST-0000001831,2016-11-18 00:05:58
0000001832,CUST-0000001832,2017-12-11 12:06:23
0000001833,CUST-0000001833,2018-07-10 10:21:28
0000001834,CUST-0000001834,2017-01-02 21:30:49
0000001835,CUST-0000001835,2017-06-27 21:06:04
0000001836,CUST-0000001836,2018-07-18 08:04:31
0000001837,CUST-0000001837,2016-05-12 01:44:20
0000001838,CUST-0000001838,2015-05-29 01:51:50
0000001839,CUST-0000001839,2016-08-04 20:24:59
0000001840,CUST-0000001840,2018-03-20 04:43:43
0000001841,CUST-0000001841,2015-01-03 09:21:37
0000001842,CUST-0000001842,2016-09-29 03:33:13
0000001843,CUST-0000001843,2018-02-03 00:07:16
0000001844,CUST-0000001844,2017-10-08 04:07:39
0000001845,CUST-0000001845,2018-04-22 12:58:15
0000001846,CUST-0000001846,2018-06-02 05:54:31
0000001847,CUST-0000001847,2018-08-09 12:23:08
0000001848,CUST-0000001848,2017-09-15 22:36:45
0000001849,CUST-0000001849,2017-08-28 01:31:40
0000001850,CUST-0000001850,2018-01-08 03:29:39
0000001851,CUST-0000001851,2015-04-09 01:10:57
0000001852,CUST-0000001852,2018-06-19 10:55:48
0000001853,CUST-0000001853,2016-11-12 15:00:05
0000001854,CUST-0000001854,2017-03-05 11:55:59
0000001855,CUST-0000001855,2015-10-30 21:57:04
0000001856,CUST-0000001856,2016-11-25 11:35:21
0000001857,CUST-0000001857,2015-07-05 02:52:13
0000001858,CUST-0000001858,2015-09-09 19:42:30
0000001859,CUST-0000001859,2015-09-04 23:57:12
0000001860,CUST-0000001860,2017-01-09 15:17:52
0000001861,CUST-0000001861,2015-09-26 03:53:30
0000001862,CUST-0000001862,2017-09-25 23:36:38
0000001863,CUST-0000001863,2015-07-16 06:49:42
0000001864,CUST-0000001864,2015-10-25 10:39:25
0000001865,CUST-0000001865,2014-10-23 15:17:59
0000001866,CUST-0000001866,2015-07-17 06:42:44
0000001867,CUST-0000001867,2014-12-09 14:22:16
0000001868,CUST-0000001868,2015-07-21 00:06:09
0000001869,CUST-0000001869,2016-06-15 03:53:38
0000001870,CUST-0000001870,2017-12-12 23:35:29
0000001871,CUST-0000001871,2015-03-19 05:18:45
0000001872,CUST-0000001872,2016-05-05 16:52:42
0000001873,CUST-0000001873,2016-03-14 19:05:18
0000001874,CUST-0000001874,2017-02-28 05:07:21
0000001875,CUST-0000001875,2016-02-13 19:16:54
0000001876,CUST-0000001876,2016-02-06 14:13:16
0000001877,CUST-0000001877,2016-04-25 04:51:36
0000001878,CUST-0000001878,2018-02-27 09:44:44
0000001879,CUST-0000001879,2017-06-02 10:17:48
0000001880,CUST-0000001880,2015-10-23 00:07:21
0000001881,CUST-0000001881,2017-09-21 03:56:56
0000001882,CUST-0000001882,2015-06-27 07:15:44
0000001883,CUST-0000001883,2016-02-17 08:46:50
0000001884,CUST-0000001884,2018-03-12 20:34:36
0000001885,CUST-0000001885,2017-08-16 17:00:21
0000001886,CUST-0000001886,2017-07-14 07:48:39
0000001887,CUST-0000001887,2015-06-24 14:53:46
0000001888,CUST-0000001888,2017-05-15 21:47:03
0000001889,CUST-0000001889,2015-09-27 06:04:53
0000001890,CUST-0000001890,2018-04-11 18:20:21
0000001891,CUST-0000001891,2018-03-24 22:50:09
0000001892,CUST-0000001892,2017-10-07 07:07:51
0000001893,CUST-0000001893,2016-03-10 02:13:51
0000001894,CUST-0000001894,2018-08-06 04:17:30
0000001895,CUST-0000001895,2018-09-24 06:14:22
0000001896,CUST-0000001896,2014-12-08 15:18:16
0000001897,CUST-0000001897,2017-08-02 02:39:56
0000001898,CUST-0000001898,2017-04-12 18:56:31
0000001899,CUST-0000001899,2016-04-03 15:28:10
0000001900,CUST-0000001900,2018-08-29 07:08:45
0000001901,CUST-0000001901,2014-11-17 04:36:57
0000001902,CUST-0000001902,2018-01-06 01:55:24
0000001903,CUST-0000001903,2015-12-03 22:05:47
0000001904,CUST-0000001904,2017-04-26 09:30:28
0000001905,CUST-0000001905,2014-11-08 23:09:54
0000001906,CUST-0000001906,2018-08-03 00:25:11
0000001907,CUST-0000001907,2018-04-23 06:55:58
0000001908,CUST-0000001908,2017-12-07 12:51:52
0000001909,CUST-0000001909,2015-09-18 05:23:11
0000001910,CUST-0000001910,2017-02-25 18:15:21
0000001911,CUST-0000001911,2015-05-31 01:46:43
0000001912,CUST-0000001912,2016-09-29 18:46:58
0000001913,CUST-0000001913,2016-06-16 05:26:05
0000001914,CUST-0000001914,2015-07-16 13:39:54
0000001915,CUST-0000001915,2016-06-21 21:55:18
0000001916,CUST-0000001916,2018-05-30 02:12:37
0000001917,CUST-0000001917,2016-07-29 09:12:16
0000001918,CUST-0000001918,2015-09-14 17:14:41
0000001919,CUST-0000001919,2016-08-26 06:50:00
0000001920,CUST-0000001920,2017-10-25 18:59:43
0000001921,CUST-0000001921,2016-06-02 04:45:06
0000001922,CUST-0000001922,2016-03-07 01:29:04
0000001923,CUST-0000001923,2016-07-06 08:20:25
0000001924,CUST-0000001924,2017-09-12 00:50:49
0000001925,CUST-0000001925,2015-11-24 20:57:39
0000001926,CUST-0000001926,2016-09-15 08:47:26
0000001927,CUST-0000001927,2016-02-29 22:12:46
0000001928,CUST-0000001928,2017-06-07 07:27:02
0000001929,CUST-0000001929,2015-06-25 11:28:17
0000001930,CUST-0000001930,2018-04-08 03:26:36
0000001931,CUST-0000001931,2015-05-16 07:13:53
0000001932,CUST-0000001932,2018-07-21 14:48:20
0000001933,CUST-0000001933,2015-05-05 18:22:56
0000001934,CUST-0000001934,2018-09-18 06:43:45
0000001935,CUST-0000001935,2015-06-27 03:53:11
0000001936,CUST-0000001936,2017-03-08 21:42:08
0000001937,CUST-0000001937,2018-01-08 02:06:34
0000001938,CUST-0000001938,2018-01-30 19:08:58
0000001939,CUST-0000001939,2017-07-04 08:25:23
0000001940,CUST-0000001940,2016-06-27 07:05:20
0000001941,CUST-0000001941,2015-05-16 21:55:00
0000001942,CUST-0000001942,2018-04-04 09:17:22
0000001943,CUST-0000001943,2016-11-17 08:39:09
0000001944,CUST-0000001944,2015-11-11 03:29:40
0000001945,CUST-0000001945,2018-07-15 07:01:28
0000001946,CUST-0000001946,2018-05-14 11:39:52
0000001947,CUST-0000001947,2017-07-19 09:14:55
0000001948,CUST-0000001948,2016-05-23 20:26:20
0000001949,CUST-0000001949,2017-01-25 20:11:23
0000001950,CUST-0000001950,2016-02-06 20:02:07
0000001951,CUST-0000001951,2016-03-29 00:39:26
0000001952,CUST-0000001952,2017-03-03 20:54:06
0000001953,CUST-0000001953,2015-04-10 20:51:06
0000001954,CUST-0000001954,2017-12-16 19:29:18
0000001955,CUST-0000001955,2015-07-31 22:31:45
0000001956,CUST-0000001956,2018-03-02 06:44:02
0000001957,CUST-0000001957,2016-05-12 14:43:00
0000001958,CUST-0000001958,2018-08-08 23:22:19
0000001959,CUST-0000001959,2017-01-14 20:26:57
0000001960,CUST-0000001960,2017-03-05 00:06:42
0000001961,CUST-0000001961,2014-11-16 20:37:01
0000001962,CUST-0000001962,2016-05-03 09:41:10
0000001963,CUST-0000001963,2016-05-20 03:34:38
0000001964,CUST-0000001964,2017-04-11 14:30:54
0000001965,CUST-0000001965,2015-12-02 09:53:58
0000001966,CUST-0000001966,2016-02-03 08:08:45
0000001967,CUST-0000001967,2018-02-12 14:05:49
0000001968,CUST-0000001968,2016-09-01 19:13:01
0000001969,CUST-0000001969,2017-10-12 22:55:14
0000001970,CUST-0000001970,2017-04-04 00:36:44
0000001971,CUST-0000001971,2016-04-03 05:05:14
0000001972,CUST-0000001972,2016-11-03 00:42:30
0000001973,CUST-0000001973,2017-11-14 20:35:10
0000001974,CUST-0000001974,2018-05-25 07:06:34
0000001975,CUST-0000001975,2018-04-10 04:49:48
0000001976,CUST-0000001976,2016-11-02 14:36:40
0000001977,CUST-0000001977,2017-11-07 03:42:04
0000001978,CUST-0000001978,2015-09-17 20:52:41
0000001979,CUST-0000001979,2017-01-19 09:38:01
0000001980,CUST-0000001980,2016-05-09 10:01:36
0000001981,CUST-0000001981,2016-07-16 17:07:36
0000001982,CUST-0000001982,2017-09-22 02:44:13
0000001983,CUST-0000001983,2016-01-07 21:26:40
0000001984,CUST-0000001984,2017-04-23 18:54:42
0000001985,CUST-0000001985,2017-06-18 15:30:39
0000001986,CUST-0000001986,2015-07-25 16:22:15
0000001987,CUST-0000001987,2016-07-02 18:52:11
0000001988,CUST-0000001988,2016-08-30 19:41:00
0000001989,CUST-0000001989,2017-10-05 08:09:08
0000001990,CUST-0000001990,2018-09-09 12:11:55
0000001991,CUST-0000001991,2016-07-02 20:43:56
0000001992,CUST-0000001992,2016-12-08 20:40:31
0000001993,CUST-0000001993,2017-11-19 04:37:09
0000001994,CUST-0000001994,2015-01-22 19:44:38
0000001995,CUST-0000001995,2015-05-18 12:17:45
0000001996,CUST-0000001996,2016-04-06 14:13:03
0000001997,CUST-0000001997,2015-04-03 16:47:57
0000001998,CUST-0000001998,2018-01-17 11:39:18
0000001999,CUST-0000001999,2016-07-15 23:25:51
0000002000,CUST-0000002000,2015-01-20 13:07:12
0000002001,CUST-0000002001,2017-10-31 10:10:47
0000002002,CUST-0000002002,2017-10-01 19:03:47
0000002003,CUST-0000002003,2014-12-10 19:23:42
0000002004,CUST-0000002004,2015-09-17 20:50:51
0000002005,CUST-0000002005,2014-12-08 11:56:15
0000002006,CUST-0000002006,2015-07-19 06:15:25
0000002007,CUST-0000002007,2017-07-09 18:22:03
0000002008,CUST-0000002008,2016-01-15 10:27:37
0000002009,CUST-0000002009,2017-01-20 22:52:09
0000002010,CUST-0000002010,2015-07-06 08:35:35
0000002011,CUST-0000002011,2018-04-12 11:50:30
0000002012,CUST-0000002012,2017-07-23 06:19:02
0000002013,CUST-0000002013,2016-05-20 16:17:12
0000002014,CUST-0000002014,2016-10-15 06:27:22
0000002015,CUST-0000002015,2016-02-04 00:14:41
0000002016,CUST-0000002016,2018-01-02 12:02:50
0000002017,CUST-0000002017,2017-03-16 10:52:24
0000002018,CUST-0000002018,2015-09-27 23:01:00
0000002019,CUST-0000002019,2015-12-16 04:41:34
0000002020,CUST-0000002020,2018-01-04 00:13:40
0000002021,CUST-0000002021,2016-09-07 23:16:16
0000002022,CUST-0000002022,2017-08-09 00:12:10
0000002023,CUST-0000002023,2015-03-22 23:02:49
0000002024,CUST-0000002024,2017-03-06 18:55:32
0000002025,CUST-0000002025,2015-03-14 16:03:31
0000002026,CUST-0000002026,2016-09-14 10:28:57
0000002027,CUST-0000002027,2017-10-20 19:46:59
0000002028,CUST-0000002028,2018-01-24 07:17:18
0000002029,CUST-0000002029,2018-04-08 18:55:03
0000002030,CUST-0000002030,2015-09-03 16:51:50
0000002031,CUST-0000002031,2016-02-17 14:42:36
0000002032,CUST-0000002032,2016-08-24 05:38:04
0000002033,CUST-0000002033,2018-03-14 14:17:25
0000002034,CUST-0000002034,2015-08-10 23:51:44
0000002035,CUST-0000002035,2017-10-21 05:39:01
0000002036,CUST-0000002036,2015-03-08 11:02:20
0000002037,CUST-0000002037,2016-12-23 20:14:28
0000002038,CUST-0000002038,2016-01-12 23:28:09
0000002039,CUST-0000002039,2018-08-30 20:47:27
0000002040,CUST-0000002040,2015-07-15 18:08:09
0000002041,CUST-0000002041,2016-04-21 02:32:39
0000002042,CUST-0000002042,2015-01-13 21:41:45
0000002043,CUST-0000002043,2018-01-15 05:26:01
0000002044,CUST-0000002044,2015-09-13 06:51:39
0000002045,CUST-0000002045,2017-04-14 20:10:41
0000002046,CUST-0000002046,2014-10-27 13:33:04
0000002047,CUST-0000002047,2017-03-19 10:59:57
0000002048,CUST-0000002048,2017-11-10 07:38:51
0000002049,CUST-0000002049,2015-03-03 21:00:53
0000002050,CUST-0000002050,2018-06-15 22:17:06
0000002051,CUST-0000002051,2017-08-05 21:36:29
0000002052,CUST-0000002052,2017-12-16 14:29:02
0000002053,CUST-0000002053,2018-02-14 04:06:13
0000002054,CUST-0000002054,2018-02-04 22:28:58
0000002055,CUST-0000002055,2015-04-13 07:47:41
0000002056,CUST-0000002056,2016-05-09 13:50:44
0000002057,CUST-0000002057,2015-01-26 06:30:40
0000002058,CUST-0000002058,2017-10-14 03:39:27
0000002059,CUST-0000002059,2016-11-18 00:19:05
0000002060,CUST-0000002060,2014-11-05 13:21:07
0000002061,CUST-0000002061,2018-01-20 21:14:35
0000002062,CUST-0000002062,2017-06-28 16:31:11
0000002063,CUST-0000002063,2016-05-24 13:04:16
0000002064,CUST-0000002064,2018-08-15 09:26:34
0000002065,CUST-0000002065,2016-01-27 01:57:33
0000002066,CUST-0000002066,2017-03-19 02:11:44
0000002067,CUST-0000002067,2016-06-17 08:18:30
0000002068,CUST-0000002068,2015-10-18 23:40:09
0000002069,CUST-0000002069,2014-12-08 23:00:02
0000002070,CUST-0000002070,2018-08-04 09:05:28
0000002071,CUST-0000002071,2016-09-15 15:24:28
0000002072,CUST-0000002072,2017-05-23 09:08:55
0000002073,CUST-0000002073,2016-03-08 15:48:29
0000002074,CUST-0000002074,2018-07-22 07:32:40
0000002075,CUST-0000002075,2016-05-25 18:47:49
0000002076,CUST-0000002076,2018-03-02 12:28:40
0000002077,CUST-0000002077,2016-11-28 02:54:07
0000002078,CUST-0000002078,2016-07-11 06:22:15
0000002079,CUST-0000002079,2015-08-09 15:50:28
0000002080,CUST-0000002080,2018-02-05 20:26:05
0000002081,CUST-0000002081,2018-05-01 12:51:39
0000002082,CUST-0000002082,2018-08-05 02:05:47
0000002083,CUST-0000002083,2016-12-02 22:49:20
0000002084,CUST-0000002084,2018-06-28 16:16:20
0000002085,CUST-0000002085,2015-06-28 08:35:26
0000002086,CUST-0000002086,2016-12-30 06:16:00
0000002087,CUST-0000002087,2016-07-23 22:04:03
0000002088,CUST-0000002088,2018-03-14 14:57:35
0000002089,CUST-0000002089,2016-01-20 10:26:12
0000002090,CUST-0000002090,2016-12-18 15:54:24
0000002091,CUST-0000002091,2015-07-04 20:41:49
0000002092,CUST-0000002092,2015-09-28 06:14:42
0000002093,CUST-0000002093,2017-11-19 00:59:55
0000002094,CUST-0000002094,2018-02-22 03:02:24
0000002095,CUST-0000002095,2018-05-18 19:54:06
0000002096,CUST-0000002096,2015-11-06 18:40:58
0000002097,CUST-0000002097,2018-08-18 09:26:53
0000002098,CUST-0000002098,2018-04-05 23:35:28
0000002099,CUST-0000002099,2015-05-30 15:25:05
0000002100,CUST-0000002100,2017-06-27 04:17:35
0000002101,CUST-0000002101,2016-01-15 10:20:39
0000002102,CUST-0000002102,2016-03-11 21:09:17
0000002103,CUST-0000002103,2017-04-15 22:16:30
0000002104,CUST-0000002104,2016-04-13 00:25:22
0000002105,CUST-0000002105,2015-03-29 14:48:17
0000002106,CUST-0000002106,2017-04-13 19:27:53
0000002107,CUST-0000002107,2016-07-22 17:27:32
0000002108,CUST-0000002108,2015-04-12 02:18:31
0000002109,CUST-0000002109,2018-02-20 21:21:13
0000002110,CUST-0000002110,2016-02-09 14:50:29
0000002111,CUST-0000002111,2016-12-21 20:15:14
0000002112,CUST-0000002112,2017-11-04 13:07:07
0000002113,CUST-0000002113,2017-04-21 04:32:07
0000002114,CUST-0000002114,2014-11-12 10:31:39
0000002115,CUST-0000002115,2015-06-10 19:35:48
0000002116,CUST-0000002116,2016-04-16 09:51:43
0000002117,CUST-0000002117,2014-11-08 21:10:53
0000002118,CUST-0000002118,2014-11-29 03:17:15
0000002119,CUST-0000002119,2015-06-01 06:34:29
0000002120,CUST-0000002120,2016-10-20 04:07:42
0000002121,CUST-0000002121,2015-06-07 19:34:52
0000002122,CUST-0000002122,2018-03-19 18:44:18
0000002123,CUST-0000002123,2018-07-01 00:54:07
0000002124,CUST-0000002124,2017-02-16 13:42:07
0000002125,CUST-0000002125,2017-11-12 00:31:21
0000002126,CUST-0000002126,2017-01-16 11:36:43
0000002127,CUST-0000002127,2017-05-31 13:27:14
0000002128,CUST-0000002128,2015-03-22 06:42:39
0000002129,CUST-0000002129,2016-07-19 23:01:59
0000002130,CUST-0000002130,2017-02-14 06:35:29
0000002131,CUST-0000002131,2018-03-11 02:52:43
0000002132,CUST-0000002132,2018-04-03 13:33:45
0000002133,CUST-0000002133,2015-10-06 00:32:47
0000002134,CUST-0000002134,2017-10-20 21:02:18
0000002135,CUST-0000002135,2015-03-12 15:28:24
0000002136,CUST-0000002136,2017-11-06 01:56:48
0000002137,CUST-0000002137,2014-11-13 21:26:07
0000002138,CUST-0000002138,2016-09-15 09:38:18
0000002139,CUST-0000002139,2015-01-03 20:17:51
0000002140,CUST-0000002140,2018-08-06 15:37:40
0000002141,CUST-0000002141,2016-11-15 05:18:09
0000002142,CUST-0000002142,2017-09-08 05:36:46
0000002143,CUST-0000002143,2016-07-16 07:30:37
0000002144,CUST-0000002144,2018-08-08 06:58:37
0000002145,CUST-0000002145,2017-05-22 01:31:06
0000002146,CUST-0000002146,2016-08-09 22:10:07
0000002147,CUST-0000002147,2017-04-11 22:43:25
0000002148,CUST-0000002148,2018-07-28 23:05:48
0000002149,CUST-0000002149,2016-05-22 12:34:24
0000002150,CUST-0000002150,2015-01-06 13:05:15
0000002151,CUST-0000002151,2015-10-17 07:39:19
0000002152,CUST-0000002152,2018-09-08 23:22:00
0000002153,CUST-0000002153,2016-08-10 22:38:59
0000002154,CUST-0000002154,2017-01-03 17:31:17
0000002155,CUST-0000002155,2017-05-08 13:43:13
0000002156,CUST-0000002156,2015-06-02 19:40:37
0000002157,CUST-0000002157,2018-01-12 07:25:03
0000002158,CUST-0000002158,2015-02-24 20:00:51
0000002159,CUST-0000002159,2015-08-06 07:38:56
0000002160,CUST-0000002160,2018-02-12 00:32:33
0000002161,CUST-0000002161,2018-09-06 02:17:41
0000002162,CUST-0000002162,2016-08-09 04:25:51
0000002163,CUST-0000002163,2017-02-25 02:14:48
0000002164,CUST-0000002164,2015-09-08 23:21:24
0000002165,CUST-0000002165,2016-06-25 21:26:02
0000002166,CUST-0000002166,2018-10-02 13:28:24
0000002167,CUST-0000002167,2016-11-30 00:42:41
0000002168,CUST-0000002168,2018-04-04 02:41:16
0000002169,CUST-0000002169,2018-10-06 16:16:31
0000002170,CUST-0000002170,2018-09-09 13:22:20
0000002171,CUST-0000002171,2015-09-01 05:07:38
0000002172,CUST-0000002172,2016-08-05 22:05:51
0000002173,CUST-0000002173,2015-09-30 15:46:53
0000002174,CUST-0000002174,2018-05-04 20:43:45
0000002175,CUST-0000002175,2018-01-23 00:48:39
0000002176,CUST-0000002176,2016-08-22 00:32:05
0000002177,CUST-0000002177,2015-07-27 13:25:05
0000002178,CUST-0000002178,2018-02-10 16:46:07
0000002179,CUST-0000002179,2016-01-14 10:48:21
0000002180,CUST-0000002180,2017-03-14 03:20:45
0000002181,CUST-0000002181,2017-10-12 05:55:27
0000002182,CUST-0000002182,2014-10-22 09:37:26
0000002183,CUST-0000002183,2018-03-08 20:09:15
0000002184,CUST-0000002184,2018-01-24 13:22:05
0000002185,CUST-0000002185,2017-07-17 12:27:29
0000002186,CUST-0000002186,2016-03-13 06:15:02
0000002187,CUST-0000002187,2017-03-15 00:11:02
0000002188,CUST-0000002188,2014-11-29 09:31:56
0000002189,CUST-0000002189,2016-06-02 02:38:21
0000002190,CUST-0000002190,2016-01-27 02:23:59
0000002191,CUST-0000002191,2018-04-05 04:13:46
0000002192,CUST-0000002192,2016-03-04 03:58:34
0000002193,CUST-0000002193,2016-09-27 08:16:47
0000002194,CUST-0000002194,2015-06-12 11:25:44
0000002195,CUST-0000002195,2015-12-12 20:53:55
0000002196,CUST-0000002196,2016-06-15 21:35:38
0000002197,CUST-0000002197,2017-03-17 17:11:34
0000002198,CUST-0000002198,2017-07-30 02:34:29
0000002199,CUST-0000002199,2017-11-29 12:48:30
0000002200,CUST-0000002200,2018-05-22 17:02:57
0000002201,CUST-0000002201,2015-11-01 08:48:33
0000002202,CUST-0000002202,2018-07-22 15:37:44
0000002203,CUST-0000002203,2015-09-15 11:03:18
0000002204,CUST-0000002204,2016-12-01 12:09:37
0000002205,CUST-0000002205,2016-10-18 02:54:53
0000002206,CUST-0000002206,2018-09-20 21:37:45
0000002207,CUST-0000002207,2016-01-03 22:53:56
0000002208,CUST-0000002208,2018-03-29 21:52:57
0000002209,CUST-0000002209,2014-10-28 16:12:31
0000002210,CUST-0000002210,2017-10-30 23:04:39
0000002211,CUST-0000002211,2017-01-02 09:45:33
0000002212,CUST-0000002212,2017-11-20 15:12:26
0000002213,CUST-0000002213,2016-11-18 07:48:47
0000002214,CUST-0000002214,2018-07-12 17:55:28
0000002215,CUST-0000002215,2015-03-01 01:01:16
0000002216,CUST-0000002216,2018-10-03 10:06:03
0000002217,CUST-0000002217,2017-07-27 15:35:52
0000002218,CUST-0000002218,2018-05-15 19:45:40
0000002219,CUST-0000002219,2018-07-08 13:09:22
0000002220,CUST-0000002220,2016-06-27 17:43:38
0000002221,CUST-0000002221,2016-02-02 18:14:21
0000002222,CUST-0000002222,2017-07-06 00:44:48
0000002223,CUST-0000002223,2016-11-24 11:56:43
0000002224,CUST-0000002224,2017-05-05 04:44:00
0000002225,CUST-0000002225,2016-03-13 19:33:36
0000002226,CUST-0000002226,2015-04-03 06:48:00
0000002227,CUST-0000002227,2017-01-17 12:03:08
0000002228,CUST-0000002228,2015-07-27 01:27:01
0000002229,CUST-0000002229,2017-05-30 00:30:27
0000002230,CUST-0000002230,2018-01-04 22:26:15
0000002231,CUST-0000002231,2016-12-16 20:35:33
0000002232,CUST-0000002232,2017-06-04 15:15:29
0000002233,CUST-0000002233,2016-03-16 13:28:22
0000002234,CUST-0000002234,2014-11-16 21:41:37
0000002235,CUST-0000002235,2015-09-08 00:13:22
0000002236,CUST-0000002236,2018-03-21 23:33:28
0000002237,CUST-0000002237,2018-10-01 13:19:37
0000002238,CUST-0000002238,2016-11-28 20:02:00
0000002239,CUST-0000002239,2014-10-29 03:25:46
0000002240,CUST-0000002240,2018-05-25 19:56:00
0000002241,CUST-0000002241,2015-02-01 03:29:39
0000002242,CUST-0000002242,2015-09-07 07:46:56
0000002243,CUST-0000002243,2015-01-22 05:39:40
0000002244,CUST-0000002244,2017-03-18 17:44:28
0000002245,CUST-0000002245,2016-05-29 13:06:13
0000002246,CUST-0000002246,2015-04-04 00:28:29
0000002247,CUST-0000002247,2018-06-28 10:05:06
0000002248,CUST-0000002248,2018-01-15 15:58:48
0000002249,CUST-0000002249,2017-05-28 13:34:40
0000002250,CUST-0000002250,2015-12-14 03:24:20
0000002251,CUST-0000002251,2016-07-21 07:10:26
0000002252,CUST-0000002252,2015-05-07 19:33:40
0000002253,CUST-0000002253,2014-12-09 00:50:03
0000002254,CUST-0000002254,2015-07-05 19:19:44
0000002255,CUST-0000002255,2017-04-18 09:01:38
0000002256,CUST-0000002256,2017-12-05 20:39:41
0000002257,CUST-0000002257,2016-06-02 17:43:32
0000002258,CUST-0000002258,2018-07-18 13:57:02
0000002259,CUST-0000002259,2017-05-06 10:56:27
0000002260,CUST-0000002260,2016-11-04 00:18:38
0000002261,CUST-0000002261,2018-04-11 10:45:34
0000002262,CUST-0000002262,2016-11-05 23:49:52
0000002263,CUST-0000002263,2018-03-16 18:44:21
0000002264,CUST-0000002264,2015-04-13 14:50:20
0000002265,CUST-0000002265,2017-06-06 04:52:40
0000002266,CUST-0000002266,2016-09-23 19:21:21
0000002267,CUST-0000002267,2017-08-21 01:15:52
0000002268,CUST-0000002268,2016-07-01 01:01:08
0000002269,CUST-0000002269,2015-12-22 12:02:41
0000002270,CUST-0000002270,2015-03-18 12:12:55
0000002271,CUST-0000002271,2016-07-27 14:04:40
0000002272,CUST-0000002272,2017-03-14 04:36:17
0000002273,CUST-0000002273,2016-09-12 00:48:20
0000002274,CUST-0000002274,2016-12-17 13:30:55
0000002275,CUST-0000002275,2018-02-20 08:43:15
0000002276,CUST-0000002276,2015-02-15 19:49:23
0000002277,CUST-0000002277,2016-06-11 04:14:09
0000002278,CUST-0000002278,2016-03-26 20:37:41
0000002279,CUST-0000002279,2018-08-09 19:26:53
0000002280,CUST-0000002280,2018-02-05 02:53:27
0000002281,CUST-0000002281,2016-09-27 23:57:17
0000002282,CUST-0000002282,2014-12-16 23:41:00
0000002283,CUST-0000002283,2014-11-23 19:15:41
0000002284,CUST-0000002284,2016-04-12 16:51:00
0000002285,CUST-0000002285,2016-06-29 06:51:20
0000002286,CUST-0000002286,2016-09-17 11:51:01
0000002287,CUST-0000002287,2016-01-23 06:29:14
0000002288,CUST-0000002288,2016-12-24 16:51:41
0000002289,CUST-0000002289,2015-05-21 10:57:48
0000002290,CUST-0000002290,2017-08-30 13:45:56
0000002291,CUST-0000002291,2015-05-28 23:28:45
0000002292,CUST-0000002292,2017-06-16 05:24:05
0000002293,CUST-0000002293,2018-10-07 10:27:40
0000002294,CUST-0000002294,2017-07-02 15:24:33
0000002295,CUST-0000002295,2018-04-05 01:46:56
0000002296,CUST-0000002296,2016-08-04 22:06:18
0000002297,CUST-0000002297,2018-03-21 00:30:55
0000002298,CUST-0000002298,2015-08-23 20:23:49
0000002299,CUST-0000002299,2016-07-07 17:25:14
0000002300,CUST-0000002300,2017-12-16 07:38:21
0000002301,CUST-0000002301,2014-10-12 18:30:31
0000002302,CUST-0000002302,2017-10-09 12:52:45
0000002303,CUST-0000002303,2015-04-23 12:17:21
0000002304,CUST-0000002304,2015-03-18 17:25:55
0000002305,CUST-0000002305,2017-06-13 00:13:47
0000002306,CUST-0000002306,2017-07-16 14:01:50
0000002307,CUST-0000002307,2015-01-19 14:32:16
0000002308,CUST-0000002308,2016-09-29 11:35:36
0000002309,CUST-0000002309,2016-05-16 09:44:43
0000002310,CUST-0000002310,2015-07-17 13:41:19
0000002311,CUST-0000002311,2017-05-08 06:08:35
0000002312,CUST-0000002312,2018-05-17 22:40:25
0000002313,CUST-0000002313,2016-05-12 22:35:04
0000002314,CUST-0000002314,2015-08-07 19:02:59
0000002315,CUST-0000002315,2016-05-19 17:51:37
0000002316,CUST-0000002316,2015-02-19 19:49:54
0000002317,CUST-0000002317,2015-03-29 13:54:59
0000002318,CUST-0000002318,2015-11-25 21:03:08
0000002319,CUST-0000002319,2017-12-17 01:39:47
0000002320,CUST-0000002320,2016-10-19 00:51:22
0000002321,CUST-0000002321,2016-05-31 20:26:05
0000002322,CUST-0000002322,2017-01-14 03:14:28
0000002323,CUST-0000002323,2017-05-01 12:02:15
0000002324,CUST-0000002324,2016-10-17 11:27:32
0000002325,CUST-0000002325,2015-08-09 15:31:58
0000002326,CUST-0000002326,2017-07-10 11:41:26
0000002327,CUST-0000002327,2017-10-07 13:23:55
0000002328,CUST-0000002328,2017-06-16 02:51:11
0000002329,CUST-0000002329,2016-06-14 23:56:14
0000002330,CUST-0000002330,2017-02-18 08:03:40
0000002331,CUST-0000002331,2017-01-22 22:16:54
0000002332,CUST-0000002332,2017-03-05 08:14:36
0000002333,CUST-0000002333,2015-06-12 11:56:56
0000002334,CUST-0000002334,2018-03-19 09:04:20
0000002335,CUST-0000002335,2015-07-28 16:13:18
0000002336,CUST-0000002336,2018-02-16 17:25:49
0000002337,CUST-0000002337,2017-03-01 22:56:54
0000002338,CUST-0000002338,2017-01-29 10:07:36
0000002339,CUST-0000002339,2017-12-10 22:14:36
0000002340,CUST-0000002340,2018-02-16 07:25:43
0000002341,CUST-0000002341,2015-04-02 17:09:41
0000002342,CUST-0000002342,2016-07-19 14:07:21
0000002343,CUST-0000002343,2015-09-25 20:03:05
0000002344,CUST-0000002344,2017-02-09 06:41:00
0000002345,CUST-0000002345,2018-08-02 09:03:12
0000002346,CUST-0000002346,2017-09-29 09:39:10
0000002347,CUST-0000002347,2018-09-01 10:58:06
0000002348,CUST-0000002348,2014-10-15 05:07:43
0000002349,CUST-0000002349,2015-02-08 03:15:53
0000002350,CUST-0000002350,2018-07-25 10:59:56
0000002351,CUST-0000002351,2015-08-21 22:11:28
0000002352,CUST-0000002352,2017-08-24 04:51:35
0000002353,CUST-0000002353,2017-07-25 07:26:32
0000002354,CUST-0000002354,2017-08-31 09:14:04
0000002355,CUST-0000002355,2015-05-10 22:12:28
0000002356,CUST-0000002356,2017-03-19 23:21:56
0000002357,CUST-0000002357,2017-10-20 08:24:15
0000002358,CUST-0000002358,2018-07-06 04:37:33
0000002359,CUST-0000002359,2016-03-23 05:56:10
0000002360,CUST-0000002360,2018-03-15 17:20:27
0000002361,CUST-0000002361,2015-04-14 21:52:17
0000002362,CUST-0000002362,2015-10-06 16:02:44
0000002363,CUST-0000002363,2017-11-25 11:31:44
0000002364,CUST-0000002364,2014-10-11 09:16:26
0000002365,CUST-0000002365,2015-04-04 06:49:52
0000002366,CUST-0000002366,2018-04-16 01:42:59
0000002367,CUST-0000002367,2015-05-01 01:49:13
0000002368,CUST-0000002368,2015-03-31 08:12:41
0000002369,CUST-0000002369,2018-02-27 17:59:08
0000002370,CUST-0000002370,2016-01-05 14:07:11
0000002371,CUST-0000002371,2016-10-01 10:31:54
0000002372,CUST-0000002372,2014-12-06 09:29:26
0000002373,CUST-0000002373,2018-10-06 19:38:43
0000002374,CUST-0000002374,2017-02-14 10:59:49
0000002375,CUST-0000002375,2016-03-02 00:45:27
0000002376,CUST-0000002376,2015-12-05 12:43:11
0000002377,CUST-0000002377,2015-03-20 23:57:16
0000002378,CUST-0000002378,2016-02-11 11:36:39
0000002379,CUST-0000002379,2018-09-04 15:13:55
0000002380,CUST-0000002380,2015-05-20 04:52:20
0000002381,CUST-0000002381,2018-05-16 11:44:41
0000002382,CUST-0000002382,2015-06-16 11:34:07
0000002383,CUST-0000002383,2015-01-18 06:32:57
0000002384,CUST-0000002384,2018-03-25 07:04:57
0000002385,CUST-0000002385,2014-10-28 05:43:02
0000002386,CUST-0000002386,2016-09-07 10:46:46
0000002387,CUST-0000002387,2016-07-09 10:50:53
0000002388,CUST-0000002388,2016-08-03 11:15:41
0000002389,CUST-0000002389,2017-05-27 11:25:14
0000002390,CUST-0000002390,2018-02-08 21:41:31
0000002391,CUST-0000002391,2015-01-30 06:33:51
0000002392,CUST-0000002392,2017-09-30 00:37:22
0000002393,CUST-0000002393,2017-11-09 22:16:21
0000002394,CUST-0000002394,2017-11-29 14:47:28
0000002395,CUST-0000002395,2018-02-24 20:00:30
0000002396,CUST-0000002396,2014-11-30 06:07:12
0000002397,CUST-0000002397,2015-10-01 12:15:26
0000002398,CUST-0000002398,2016-12-10 06:32:02
0000002399,CUST-0000002399,2016-06-06 22:25:33
0000002400,CUST-0000002400,2016-03-17 15:52:46
0000002401,CUST-0000002401,2014-12-31 07:25:18
0000002402,CUST-0000002402,2017-10-12 14:28:40
0000002403,CUST-0000002403,2018-03-01 00:01:47
0000002404,CUST-0000002404,2018-03-20 19:40:52
0000002405,CUST-0000002405,2016-08-11 03:27:28
0000002406,CUST-0000002406,2018-09-27 23:06:45
0000002407,CUST-0000002407,2016-10-18 21:36:20
0000002408,CUST-0000002408,2014-12-26 00:36:20
0000002409,CUST-0000002409,2015-07-20 03:25:47
0000002410,CUST-0000002410,2015-05-25 09:56:00
0000002411,CUST-0000002411,2017-12-21 22:28:36
0000002412,CUST-0000002412,2015-08-15 00:08:24
0000002413,CUST-0000002413,2015-12-02 07:02:47
0000002414,CUST-0000002414,2015-07-07 19:31:51
0000002415,CUST-0000002415,2017-02-23 11:30:23
0000002416,CUST-0000002416,2018-08-06 05:58:19
0000002417,CUST-0000002417,2018-09-02 19:49:10
0000002418,CUST-0000002418,2016-10-05 18:56:08
0000002419,CUST-0000002419,2015-01-15 01:29:53
0000002420,CUST-0000002420,2018-03-06 20:08:46
0000002421,CUST-0000002421,2016-04-07 13:29:29
0000002422,CUST-0000002422,2018-07-07 12:33:28
0000002423,CUST-0000002423,2018-09-04 13:00:49
0000002424,CUST-0000002424,2016-04-25 19:42:37
0000002425,CUST-0000002425,2015-10-18 17:11:19
0000002426,CUST-0000002426,2018-08-07 04:06:50
0000002427,CUST-0000002427,2018-07-04 08:24:27
0000002428,CUST-0000002428,2018-01-13 21:53:53
0000002429,CUST-0000002429,2016-09-03 06:00:05
0000002430,CUST-0000002430,2018-01-24 04:15:13
0000002431,CUST-0000002431,2017-10-04 04:32:48
0000002432,CUST-0000002432,2016-01-30 14:09:20
0000002433,CUST-0000002433,2015-10-11 08:12:00
0000002434,CUST-0000002434,2018-01-02 10:27:59
0000002435,CUST-0000002435,2018-04-05 02:28:31
0000002436,CUST-0000002436,2015-04-24 12:36:57
0000002437,CUST-0000002437,2014-12-14 12:36:27
0000002438,CUST-0000002438,2018-06-19 12:13:58
0000002439,CUST-0000002439,2016-09-20 23:15:06
0000002440,CUST-0000002440,2016-03-09 04:20:08
0000002441,CUST-0000002441,2015-05-23 07:23:50
0000002442,CUST-0000002442,2017-09-05 04:32:39
0000002443,CUST-0000002443,2014-11-30 07:19:10
0000002444,CUST-0000002444,2016-10-17 06:20:18
0000002445,CUST-0000002445,2017-01-06 06:36:34
0000002446,CUST-0000002446,2016-01-25 18:38:10
0000002447,CUST-0000002447,2016-08-19 18:04:45
0000002448,CUST-0000002448,2017-01-12 08:10:23
0000002449,CUST-0000002449,2014-11-27 01:20:40
0000002450,CUST-0000002450,2015-10-17 08:31:04
0000002451,CUST-0000002451,2015-09-29 21:38:35
0000002452,CUST-0000002452,2015-04-20 22:23:38
0000002453,CUST-0000002453,2015-06-14 01:52:09
0000002454,CUST-0000002454,2018-01-01 10:53:41
0000002455,CUST-0000002455,2017-04-20 11:58:07
0000002456,CUST-0000002456,2016-05-21 18:04:16
0000002457,CUST-0000002457,2015-03-12 01:04:50
0000002458,CUST-0000002458,2018-04-25 21:02:55
0000002459,CUST-0000002459,2018-03-08 16:12:45
0000002460,CUST-0000002460,2015-12-11 19:36:17
0000002461,CUST-0000002461,2014-12-31 14:21:56
0000002462,CUST-0000002462,2015-07-23 17:16:08
0000002463,CUST-0000002463,2017-05-29 15:31:54
0000002464,CUST-0000002464,2015-12-16 04:28:44
0000002465,CUST-0000002465,2018-01-05 10:53:54
0000002466,CUST-0000002466,2016-04-22 02:52:17
0000002467,CUST-0000002467,2017-08-07 12:51:38
0000002468,CUST-0000002468,2016-03-31 08:58:04
0000002469,CUST-0000002469,2018-03-16 13:49:45
0000002470,CUST-0000002470,2016-02-17 17:42:01
0000002471,CUST-0000002471,2016-06-22 00:10:14
0000002472,CUST-0000002472,2015-11-07 02:59:35
0000002473,CUST-0000002473,2014-10-27 15:00:29
0000002474,CUST-0000002474,2015-04-12 16:48:52
0000002475,CUST-0000002475,2018-07-14 13:35:29
0000002476,CUST-0000002476,2017-12-21 17:43:00
0000002477,CUST-0000002477,2015-12-02 03:43:48
0000002478,CUST-0000002478,2015-06-15 11:32:28
0000002479,CUST-0000002479,2016-07-08 09:28:15
0000002480,CUST-0000002480,2014-10-23 08:38:01
0000002481,CUST-0000002481,2016-03-25 09:40:49
0000002482,CUST-0000002482,2018-03-07 13:58:18
0000002483,CUST-0000002483,2017-08-09 21:30:17
0000002484,CUST-0000002484,2016-07-03 10:20:19
0000002485,CUST-0000002485,2015-05-19 00:27:12
0000002486,CUST-0000002486,2017-09-23 19:50:27
0000002487,CUST-0000002487,2018-07-21 09:32:16
0000002488,CUST-0000002488,2017-03-16 02:24:48
0000002489,CUST-0000002489,2015-08-09 07:49:52
0000002490,CUST-0000002490,2015-09-07 23:25:11
0000002491,CUST-0000002491,2017-12-18 10:05:13
0000002492,CUST-0000002492,2017-08-16 06:40:29
0000002493,CUST-0000002493,2017-09-25 10:32:40
0000002494,CUST-0000002494,2018-07-29 07:00:20
0000002495,CUST-0000002495,2016-02-10 00:26:12
0000002496,CUST-0000002496,2017-12-03 01:16:46
0000002497,CUST-0000002497,2018-05-19 20:47:53
0000002498,CUST-0000002498,2016-02-08 22:01:27
0000002499,CUST-0000002499,2015-12-31 08:51:42
0000002500,CUST-0000002500,2018-08-17 16:47:55
0000002501,CUST-0000002501,2017-11-15 03:24:18
0000002502,CUST-0000002502,2015-12-01 17:12:26
0000002503,CUST-0000002503,2016-12-31 10:10:12
0000002504,CUST-0000002504,2015-07-31 06:05:13
0000002505,CUST-0000002505,2016-06-28 01:57:30
0000002506,CUST-0000002506,2017-02-16 04:47:48
0000002507,CUST-0000002507,2016-11-07 06:35:35
0000002508,CUST-0000002508,2017-01-23 16:14:28
0000002509,CUST-0000002509,2018-01-15 17:07:26
0000002510,CUST-0000002510,2014-12-23 04:52:35
0000002511,CUST-0000002511,2018-03-06 20:56:02
0000002512,CUST-0000002512,2014-10-31 10:23:45
0000002513,CUST-0000002513,2018-01-23 07:47:15
0000002514,CUST-0000002514,2018-08-22 18:36:40
0000002515,CUST-0000002515,2015-07-26 01:11:03
0000002516,CUST-0000002516,2016-07-05 20:47:58
0000002517,CUST-0000002517,2015-11-30 15:54:44
0000002518,CUST-0000002518,2017-07-08 20:54:06
0000002519,CUST-0000002519,2018-09-20 06:07:22
0000002520,CUST-0000002520,2016-10-04 11:58:23
0000002521,CUST-0000002521,2018-10-05 02:13:10
0000002522,CUST-0000002522,2017-06-06 21:37:03
0000002523,CUST-0000002523,2018-02-08 14:47:20
0000002524,CUST-0000002524,2016-08-13 20:40:11
0000002525,CUST-0000002525,2015-04-23 01:37:42
0000002526,CUST-0000002526,2015-09-14 15:28:59
0000002527,CUST-0000002527,2018-07-18 01:50:40
0000002528,CUST-0000002528,2016-05-03 04:19:23
0000002529,CUST-0000002529,2016-12-27 03:21:59
0000002530,CUST-0000002530,2018-09-02 06:53:07
0000002531,CUST-0000002531,2016-06-16 14:58:05
0000002532,CUST-0000002532,2018-06-22 03:28:36
0000002533,CUST-0000002533,2017-12-28 19:37:37
0000002534,CUST-0000002534,2017-12-08 14:14:19
0000002535,CUST-0000002535,2015-12-27 09:32:31
0000002536,CUST-0000002536,2016-10-05 23:11:55
0000002537,CUST-0000002537,2018-09-22 10:43:41
0000002538,CUST-0000002538,2015-08-20 05:04:43
0000002539,CUST-0000002539,2014-12-03 15:14:36
0000002540,CUST-0000002540,2017-03-01 14:28:31
0000002541,CUST-0000002541,2017-04-16 15:31:38
0000002542,CUST-0000002542,2018-01-21 20:26:44
0000002543,CUST-0000002543,2017-08-25 04:37:46
0000002544,CUST-0000002544,2018-01-26 01:04:08
0000002545,CUST-0000002545,2017-04-28 11:21:41
0000002546,CUST-0000002546,2015-02-06 06:28:12
0000002547,CUST-0000002547,2018-03-04 22:38:51
0000002548,CUST-0000002548,2017-01-14 17:54:23
0000002549,CUST-0000002549,2016-01-08 14:55:17
0000002550,CUST-0000002550,2014-12-18 04:35:43
0000002551,CUST-0000002551,2017-12-01 04:44:02
0000002552,CUST-0000002552,2016-02-13 17:00:21
0000002553,CUST-0000002553,2016-06-16 03:57:47
0000002554,CUST-0000002554,2017-01-06 09:53:55
0000002555,CUST-0000002555,2016-06-03 13:46:38
0000002556,CUST-0000002556,2016-11-20 23:11:58
0000002557,CUST-0000002557,2015-07-20 06:15:53
0000002558,CUST-0000002558,2015-03-03 03:12:06
0000002559,CUST-0000002559,2015-10-18 05:20:35
0000002560,CUST-0000002560,2018-05-30 19:13:56
0000002561,CUST-0000002561,2016-10-28 03:34:49
0000002562,CUST-0000002562,2017-11-14 13:30:36
0000002563,CUST-0000002563,2018-04-24 06:47:23
0000002564,CUST-0000002564,2015-05-07 19:13:11
0000002565,CUST-0000002565,2015-12-27 05:10:48
0000002566,CUST-0000002566,2014-11-08 07:20:29
0000002567,CUST-0000002567,2018-08-04 00:28:50
0000002568,CUST-0000002568,2015-06-20 16:59:22
0000002569,CUST-0000002569,2015-03-29 14:07:29
0000002570,CUST-0000002570,2015-03-17 16:59:25
0000002571,CUST-0000002571,2017-08-14 15:55:50
0000002572,CUST-0000002572,2015-08-23 19:14:29
0000002573,CUST-0000002573,2016-02-24 04:04:33
0000002574,CUST-0000002574,2015-09-04 18:38:26
0000002575,CUST-0000002575,2017-07-02 01:28:04
0000002576,CUST-0000002576,2017-10-02 10:26:30
0000002577,CUST-0000002577,2015-01-08 10:40:25
0000002578,CUST-0000002578,2018-02-03 14:13:30
0000002579,CUST-0000002579,2017-04-26 14:30:20
0000002580,CUST-0000002580,2017-05-24 21:02:48
0000002581,CUST-0000002581,2016-06-29 10:51:24
0000002582,CUST-0000002582,2017-07-21 07:11:43
0000002583,CUST-0000002583,2015-04-19 19:35:42
0000002584,CUST-0000002584,2018-08-22 00:22:19
0000002585,CUST-0000002585,2018-09-08 11:31:10
0000002586,CUST-0000002586,2016-09-15 02:35:41
0000002587,CUST-0000002587,2016-07-04 08:55:21
0000002588,CUST-0000002588,2018-02-09 10:03:13
0000002589,CUST-0000002589,2017-05-22 20:05:26
0000002590,CUST-0000002590,2015-09-17 02:46:48
0000002591,CUST-0000002591,2016-11-09 13:11:24
0000002592,CUST-0000002592,2017-11-29 10:45:49
0000002593,CUST-0000002593,2016-05-27 16:50:30
0000002594,CUST-0000002594,2018-08-15 16:46:23
0000002595,CUST-0000002595,2015-10-17 23:20:45
0000002596,CUST-0000002596,2017-09-24 16:06:13
0000002597,CUST-0000002597,2015-12-14 11:48:28
0000002598,CUST-0000002598,2016-07-24 19:13:36
0000002599,CUST-0000002599,2018-07-08 16:20:11
0000002600,CUST-0000002600,2017-12-19 17:24:43
0000002601,CUST-0000002601,2016-02-08 15:12:11
0000002602,CUST-0000002602,2015-01-03 01:05:59
0000002603,CUST-0000002603,2018-06-14 12:10:57
0000002604,CUST-0000002604,2016-10-29 00:55:29
0000002605,CUST-0000002605,2017-04-30 00:19:17
0000002606,CUST-0000002606,2015-12-21 12:20:33
0000002607,CUST-0000002607,2015-06-26 01:00:20
0000002608,CUST-0000002608,2016-07-07 04:44:30
0000002609,CUST-0000002609,2014-10-24 06:24:37
0000002610,CUST-0000002610,2016-01-06 03:52:53
0000002611,CUST-0000002611,2017-11-21 22:27:23
0000002612,CUST-0000002612,2015-09-04 14:42:52
0000002613,CUST-0000002613,2018-03-11 15:28:03
0000002614,CUST-0000002614,2017-09-21 01:04:38
0000002615,CUST-0000002615,2014-12-20 14:28:23
0000002616,CUST-0000002616,2018-05-16 16:24:18
0000002617,CUST-0000002617,2018-04-28 14:33:56
0000002618,CUST-0000002618,2018-08-03 10:36:08
0000002619,CUST-0000002619,2017-05-08 10:10:55
0000002620,CUST-0000002620,2015-09-30 08:05:36
0000002621,CUST-0000002621,2018-06-07 05:41:23
0000002622,CUST-0000002622,2015-09-28 03:10:04
0000002623,CUST-0000002623,2015-02-25 12:03:21
0000002624,CUST-0000002624,2015-06-23 17:48:47
0000002625,CUST-0000002625,2016-09-25 15:01:44
0000002626,CUST-0000002626,2015-06-09 01:41:29
0000002627,CUST-0000002627,2016-09-09 10:53:48
0000002628,CUST-0000002628,2017-10-19 05:42:42
0000002629,CUST-0000002629,2017-10-20 00:14:19
0000002630,CUST-0000002630,2018-07-18 05:36:20
0000002631,CUST-0000002631,2017-07-04 14:44:20
0000002632,CUST-0000002632,2017-05-25 07:01:03
0000002633,CUST-0000002633,2016-07-24 05:56:32
0000002634,CUST-0000002634,2018-02-01 04:35:57
0000002635,CUST-0000002635,2015-07-10 02:05:40
0000002636,CUST-0000002636,2018-02-10 05:11:36
0000002637,CUST-0000002637,2015-06-23 13:31:58
0000002638,CUST-0000002638,2016-08-14 06:38:08
0000002639,CUST-0000002639,2017-06-21 14:35:31
0000002640,CUST-0000002640,2017-05-12 13:56:53
0000002641,CUST-0000002641,2015-04-17 15:30:00
0000002642,CUST-0000002642,2017-09-13 06:03:06
0000002643,CUST-0000002643,2016-11-29 12:54:41
0000002644,CUST-0000002644,2018-03-18 21:11:09
0000002645,CUST-0000002645,2016-09-03 09:09:01
0000002646,CUST-0000002646,2015-12-17 19:51:07
0000002647,CUST-0000002647,2018-09-24 11:00:50
0000002648,CUST-0000002648,2016-10-14 03:28:07
0000002649,CUST-0000002649,2015-11-10 12:08:38
0000002650,CUST-0000002650,2016-12-22 15:55:10
0000002651,CUST-0000002651,2018-09-03 18:29:33
0000002652,CUST-0000002652,2016-09-05 02:55:05
0000002653,CUST-0000002653,2017-10-21 06:41:00
0000002654,CUST-0000002654,2015-10-13 06:40:32
0000002655,CUST-0000002655,2017-10-05 23:31:28
0000002656,CUST-0000002656,2017-11-11 08:56:42
0000002657,CUST-0000002657,2016-07-24 06:11:53
0000002658,CUST-0000002658,2017-04-20 12:28:37
0000002659,CUST-0000002659,2018-06-29 03:04:22
0000002660,CUST-0000002660,2015-10-02 22:32:38
0000002661,CUST-0000002661,2016-03-04 03:24:34
0000002662,CUST-0000002662,2015-10-22 05:13:37
0000002663,CUST-0000002663,2018-06-19 17:15:28
0000002664,CUST-0000002664,2017-07-19 19:08:27
0000002665,CUST-0000002665,2016-05-25 03:16:53
0000002666,CUST-0000002666,2014-12-31 04:03:11
0000002667,CUST-0000002667,2015-03-03 22:28:20
0000002668,CUST-0000002668,2016-05-01 10:54:38
0000002669,CUST-0000002669,2016-08-04 12:42:19
0000002670,CUST-0000002670,2016-03-12 06:30:19
0000002671,CUST-0000002671,2017-10-06 22:42:26
0000002672,CUST-0000002672,2016-11-12 03:38:38
0000002673,CUST-0000002673,2014-11-11 06:39:13
0000002674,CUST-0000002674,2017-04-10 02:49:53
0000002675,CUST-0000002675,2016-11-01 15:35:51
0000002676,CUST-0000002676,2016-04-04 20:45:46
0000002677,CUST-0000002677,2015-10-08 13:27:40
0000002678,CUST-0000002678,2017-03-13 17:01:30
0000002679,CUST-0000002679,2018-06-02 23:46:08
0000002680,CUST-0000002680,2015-04-07 11:23:39
0000002681,CUST-0000002681,2016-07-31 10:08:27
0000002682,CUST-0000002682,2018-08-04 21:10:25
0000002683,CUST-0000002683,2017-01-23 17:47:38
0000002684,CUST-0000002684,2016-03-20 18:23:36
0000002685,CUST-0000002685,2015-02-13 12:47:39
0000002686,CUST-0000002686,2014-12-18 14:06:56
0000002687,CUST-0000002687,2015-11-11 13:34:19
0000002688,CUST-0000002688,2018-09-17 18:49:27
0000002689,CUST-0000002689,2016-05-15 01:12:40
0000002690,CUST-0000002690,2016-04-13 09:43:17
0000002691,CUST-0000002691,2014-11-04 04:22:40
0000002692,CUST-0000002692,2016-05-31 14:56:20
0000002693,CUST-0000002693,2016-12-05 07:56:17
0000002694,CUST-0000002694,2014-11-13 18:45:06
0000002695,CUST-0000002695,2015-07-28 05:01:34
0000002696,CUST-0000002696,2014-11-06 02:49:50
0000002697,CUST-0000002697,2018-05-20 14:38:39
0000002698,CUST-0000002698,2014-12-31 20:37:51
0000002699,CUST-0000002699,2016-03-04 03:17:33
0000002700,CUST-0000002700,2015-05-08 09:33:15
0000002701,CUST-0000002701,2017-08-13 21:31:50
0000002702,CUST-0000002702,2016-12-09 11:00:47
0000002703,CUST-0000002703,2016-04-02 00:58:30
0000002704,CUST-0000002704,2018-10-05 13:23:36
0000002705,CUST-0000002705,2015-01-30 08:55:59
0000002706,CUST-0000002706,2016-06-13 17:09:57
0000002707,CUST-0000002707,2015-01-20 08:04:30
0000002708,CUST-0000002708,2016-08-23 23:41:01
0000002709,CUST-0000002709,2016-04-03 01:41:19
0000002710,CUST-0000002710,2015-11-24 22:54:17
0000002711,CUST-0000002711,2015-05-28 15:05:44
0000002712,CUST-0000002712,2015-01-26 00:42:01
0000002713,CUST-0000002713,2015-03-27 10:02:04
0000002714,CUST-0000002714,2015-05-30 14:00:46
0000002715,CUST-0000002715,2015-08-25 01:12:17
0000002716,CUST-0000002716,2016-05-30 07:05:09
0000002717,CUST-0000002717,2016-12-11 21:39:29
0000002718,CUST-0000002718,2018-04-26 06:30:15
0000002719,CUST-0000002719,2017-07-26 14:50:54
0000002720,CUST-0000002720,2018-09-21 06:38:58
0000002721,CUST-0000002721,2016-09-01 11:35:13
0000002722,CUST-0000002722,2014-11-09 15:28:14
0000002723,CUST-0000002723,2014-12-18 00:35:32
0000002724,CUST-0000002724,2015-11-14 13:27:03
0000002725,CUST-0000002725,2017-06-24 15:34:44
0000002726,CUST-0000002726,2016-09-06 21:10:15
0000002727,CUST-0000002727,2018-06-28 09:20:29
0000002728,CUST-0000002728,2018-09-17 13:58:29
0000002729,CUST-0000002729,2015-06-23 21:57:42
0000002730,CUST-0000002730,2014-10-16 18:02:17
0000002731,CUST-0000002731,2017-05-22 09:16:38
0000002732,CUST-0000002732,2015-05-13 08:59:37
0000002733,CUST-0000002733,2018-05-26 10:32:37
0000002734,CUST-0000002734,2017-01-23 23:44:27
0000002735,CUST-0000002735,2015-08-11 02:34:29
0000002736,CUST-0000002736,2017-08-17 18:48:29
0000002737,CUST-0000002737,2015-02-28 11:54:50
0000002738,CUST-0000002738,2015-11-12 06:39:00
0000002739,CUST-0000002739,2018-01-26 20:41:39
0000002740,CUST-0000002740,2016-04-04 22:24:59
0000002741,CUST-0000002741,2017-11-30 23:43:31
0000002742,CUST-0000002742,2017-01-18 17:52:03
0000002743,CUST-0000002743,2016-12-27 08:12:41
0000002744,CUST-0000002744,2018-06-25 18:03:58
0000002745,CUST-0000002745,2016-06-03 03:08:13
0000002746,CUST-0000002746,2015-06-18 07:13:08
0000002747,CUST-0000002747,2017-02-15 11:18:19
0000002748,CUST-0000002748,2016-01-03 15:42:05
0000002749,CUST-0000002749,2017-01-02 02:23:29
0000002750,CUST-0000002750,2016-02-17 22:55:58
0000002751,CUST-0000002751,2015-10-03 21:35:37
0000002752,CUST-0000002752,2017-05-04 01:20:54
0000002753,CUST-0000002753,2018-03-28 11:41:08
0000002754,CUST-0000002754,2016-07-16 01:42:26
0000002755,CUST-0000002755,2018-09-14 11:20:26
0000002756,CUST-0000002756,2017-10-10 02:57:53
0000002757,CUST-0000002757,2015-11-22 13:32:05
0000002758,CUST-0000002758,2017-11-21 22:08:22
0000002759,CUST-0000002759,2017-08-18 08:37:08
0000002760,CUST-0000002760,2015-05-20 17:03:17
0000002761,CUST-0000002761,2015-12-14 18:28:03
0000002762,CUST-0000002762,2018-07-17 04:16:38
0000002763,CUST-0000002763,2017-07-11 02:52:16
0000002764,CUST-0000002764,2016-08-02 13:47:00
0000002765,CUST-0000002765,2016-07-14 08:46:24
0000002766,CUST-0000002766,2017-12-13 00:39:31
0000002767,CUST-0000002767,2014-10-14 10:08:25
0000002768,CUST-0000002768,2016-04-14 02:18:46
0000002769,CUST-0000002769,2016-05-30 17:41:30
0000002770,CUST-0000002770,2017-05-19 11:53:43
0000002771,CUST-0000002771,2018-09-12 05:01:10
0000002772,CUST-0000002772,2015-08-29 16:19:35
0000002773,CUST-0000002773,2016-12-01 01:53:13
0000002774,CUST-0000002774,2016-05-04 00:18:16
0000002775,CUST-0000002775,2017-04-13 00:17:30
0000002776,CUST-0000002776,2015-06-26 01:35:41
0000002777,CUST-0000002777,2015-03-11 01:02:56
0000002778,CUST-0000002778,2016-03-11 13:30:31
0000002779,CUST-0000002779,2015-04-12 19:25:19
0000002780,CUST-0000002780,2017-04-30 09:57:09
0000002781,CUST-0000002781,2015-08-26 22:01:35
0000002782,CUST-0000002782,2018-01-28 20:17:44
0000002783,CUST-0000002783,2016-06-30 05:42:45
0000002784,CUST-0000002784,2017-01-03 14:49:58
0000002785,CUST-0000002785,2017-01-13 19:43:29
0000002786,CUST-0000002786,2017-02-10 16:20:39
0000002787,CUST-0000002787,2018-01-14 07:09:47
0000002788,CUST-0000002788,2014-12-15 00:09:32
0000002789,CUST-0000002789,2015-07-26 02:15:05
0000002790,CUST-0000002790,2017-01-29 02:43:57
0000002791,CUST-0000002791,2018-06-16 13:40:01
0000002792,CUST-0000002792,2016-12-25 16:45:23
0000002793,CUST-0000002793,2016-08-05 04:28:49
0000002794,CUST-0000002794,2017-04-17 22:50:08
0000002795,CUST-0000002795,2017-09-24 08:50:35
0000002796,CUST-0000002796,2018-09-27 23:23:19
0000002797,CUST-0000002797,2017-07-22 06:54:18
0000002798,CUST-0000002798,2016-12-19 08:44:26
0000002799,CUST-0000002799,2017-04-29 06:01:11
0000002800,CUST-0000002800,2015-10-10 12:18:41
0000002801,CUST-0000002801,2014-12-05 06:38:22
0000002802,CUST-0000002802,2017-10-16 18:47:47
0000002803,CUST-0000002803,2017-02-08 18:00:33
0000002804,CUST-0000002804,2016-08-04 02:05:46
0000002805,CUST-0000002805,2018-01-28 01:04:20
0000002806,CUST-0000002806,2014-12-30 05:38:00
0000002807,CUST-0000002807,2016-01-04 16:21:43
0000002808,CUST-0000002808,2018-08-13 16:07:38
0000002809,CUST-0000002809,2016-08-25 01:15:28
0000002810,CUST-0000002810,2014-10-20 10:49:55
0000002811,CUST-0000002811,2016-02-13 13:21:20
0000002812,CUST-0000002812,2016-05-12 05:49:18
0000002813,CUST-0000002813,2015-03-20 14:41:32
0000002814,CUST-0000002814,2015-02-25 21:20:34
0000002815,CUST-0000002815,2015-06-25 20:46:47
0000002816,CUST-0000002816,2017-01-05 00:31:02
0000002817,CUST-0000002817,2017-07-23 04:38:39
0000002818,CUST-0000002818,2015-09-13 21:19:31
0000002819,CUST-0000002819,2018-09-06 00:08:55
0000002820,CUST-0000002820,2015-06-16 19:20:06
0000002821,CUST-0000002821,2018-05-31 18:41:31
0000002822,CUST-0000002822,2018-06-13 12:00:31
0000002823,CUST-0000002823,2014-11-10 09:17:58
0000002824,CUST-0000002824,2015-11-19 15:35:48
0000002825,CUST-0000002825,2017-11-28 07:19:48
0000002826,CUST-0000002826,2016-08-14 14:35:30
0000002827,CUST-0000002827,2016-04-02 18:26:36
0000002828,CUST-0000002828,2016-01-03 12:49:05
0000002829,CUST-0000002829,2018-06-24 14:04:08
0000002830,CUST-0000002830,2016-10-08 02:35:44
0000002831,CUST-0000002831,2017-11-28 06:22:33
0000002832,CUST-0000002832,2015-11-25 21:26:05
0000002833,CUST-0000002833,2017-08-22 07:20:22
0000002834,CUST-0000002834,2018-06-01 16:28:47
0000002835,CUST-0000002835,2018-07-08 22:39:14
0000002836,CUST-0000002836,2015-11-25 23:24:37
0000002837,CUST-0000002837,2014-11-19 12:06:58
0000002838,CUST-0000002838,2015-07-02 15:46:28
0000002839,CUST-0000002839,2018-02-27 07:38:11
0000002840,CUST-0000002840,2017-02-05 11:34:11
0000002841,CUST-0000002841,2015-12-24 23:18:34
0000002842,CUST-0000002842,2018-10-07 06:08:16
0000002843,CUST-0000002843,2016-02-23 06:57:42
0000002844,CUST-0000002844,2018-03-26 20:31:01
0000002845,CUST-0000002845,2017-04-10 19:01:48
0000002846,CUST-0000002846,2015-03-06 18:55:57
0000002847,CUST-0000002847,2015-02-23 08:00:07
0000002848,CUST-0000002848,2016-01-29 10:39:03
0000002849,CUST-0000002849,2017-10-02 21:29:39
0000002850,CUST-0000002850,2016-08-19 13:10:23
0000002851,CUST-0000002851,2017-06-14 04:51:40
0000002852,CUST-0000002852,2017-12-03 06:14:07
0000002853,CUST-0000002853,2015-09-25 22:51:12
0000002854,CUST-0000002854,2015-04-04 16:12:29
0000002855,CUST-0000002855,2016-10-17 21:13:59
0000002856,CUST-0000002856,2016-07-02 20:01:20
0000002857,CUST-0000002857,2015-10-30 00:49:55
0000002858,CUST-0000002858,2015-06-12 14:31:57
0000002859,CUST-0000002859,2017-11-27 20:38:47
0000002860,CUST-0000002860,2016-03-22 21:20:26
0000002861,CUST-0000002861,2015-06-20 20:12:03
0000002862,CUST-0000002862,2017-03-26 18:37:07
0000002863,CUST-0000002863,2016-05-31 17:52:14
0000002864,CUST-0000002864,2017-09-13 12:19:04
0000002865,CUST-0000002865,2017-10-25 23:57:51
0000002866,CUST-0000002866,2014-12-14 11:35:19
0000002867,CUST-0000002867,2017-01-10 13:23:07
0000002868,CUST-0000002868,2017-01-10 02:19:34
0000002869,CUST-0000002869,2017-07-02 23:35:57
0000002870,CUST-0000002870,2016-12-14 22:51:25
0000002871,CUST-0000002871,2017-12-22 08:27:04
0000002872,CUST-0000002872,2017-06-22 15:24:37
0000002873,CUST-0000002873,2018-05-27 15:43:43
0000002874,CUST-0000002874,2015-12-23 18:25:26
0000002875,CUST-0000002875,2015-01-08 05:21:47
0000002876,CUST-0000002876,2015-08-10 03:13:49
0000002877,CUST-0000002877,2018-04-07 13:41:11
0000002878,CUST-0000002878,2015-10-05 09:00:32
0000002879,CUST-0000002879,2017-02-02 10:37:05
0000002880,CUST-0000002880,2015-09-20 10:19:10
0000002881,CUST-0000002881,2016-05-23 02:19:01
0000002882,CUST-0000002882,2017-11-13 06:01:43
0000002883,CUST-0000002883,2015-02-25 10:26:15
0000002884,CUST-0000002884,2017-03-28 17:27:30
0000002885,CUST-0000002885,2015-06-16 04:33:53
0000002886,CUST-0000002886,2015-07-20 23:30:47
0000002887,CUST-0000002887,2018-01-30 21:50:14
0000002888,CUST-0000002888,2017-12-28 11:24:44
0000002889,CUST-0000002889,2018-08-05 04:53:39
0000002890,CUST-0000002890,2017-04-07 22:20:41
0000002891,CUST-0000002891,2016-04-26 15:24:52
0000002892,CUST-0000002892,2018-03-31 17:16:14
0000002893,CUST-0000002893,2017-03-27 10:41:44
0000002894,CUST-0000002894,2016-07-22 13:07:30
0000002895,CUST-0000002895,2018-02-26 20:00:35
0000002896,CUST-0000002896,2016-08-23 07:56:37
0000002897,CUST-0000002897,2015-03-10 06:39:07
0000002898,CUST-0000002898,2018-10-04 06:30:48
0000002899,CUST-0000002899,2017-02-26 09:18:50
0000002900,CUST-0000002900,2017-05-10 13:09:02
0000002901,CUST-0000002901,2016-09-04 17:33:23
0000002902,CUST-0000002902,2014-11-30 00:17:38
0000002903,CUST-0000002903,2016-04-20 18:02:32
0000002904,CUST-0000002904,2014-11-09 19:14:10
0000002905,CUST-0000002905,2017-01-08 07:30:17
0000002906,CUST-0000002906,2017-06-28 15:46:11
0000002907,CUST-0000002907,2018-03-24 01:39:02
0000002908,CUST-0000002908,2016-06-29 23:23:09
0000002909,CUST-0000002909,2017-05-27 02:37:30
0000002910,CUST-0000002910,2018-09-14 14:43:05
0000002911,CUST-0000002911,2018-06-20 06:44:10
0000002912,CUST-0000002912,2014-12-27 11:53:07
0000002913,CUST-0000002913,2018-03-27 10:31:55
0000002914,CUST-0000002914,2018-03-12 11:28:12
0000002915,CUST-0000002915,2017-08-14 18:54:26
0000002916,CUST-0000002916,2017-03-19 01:21:36
0000002917,CUST-0000002917,2017-09-27 06:24:41
0000002918,CUST-0000002918,2018-03-28 22:21:11
0000002919,CUST-0000002919,2017-05-03 19:26:56
0000002920,CUST-0000002920,2016-09-25 06:36:34
0000002921,CUST-0000002921,2017-11-19 08:51:24
0000002922,CUST-0000002922,2015-12-19 14:33:13
0000002923,CUST-0000002923,2015-07-02 18:38:28
0000002924,CUST-0000002924,2015-07-03 12:59:01
0000002925,CUST-0000002925,2017-10-11 22:38:24
0000002926,CUST-0000002926,2016-11-23 06:27:53
0000002927,CUST-0000002927,2015-03-10 18:36:04
0000002928,CUST-0000002928,2017-05-17 14:43:15
0000002929,CUST-0000002929,2016-12-28 08:29:42
0000002930,CUST-0000002930,2017-05-16 05:36:37
0000002931,CUST-0000002931,2017-02-07 03:45:34
0000002932,CUST-0000002932,2016-12-15 09:52:59
0000002933,CUST-0000002933,2015-06-19 23:15:43
0000002934,CUST-0000002934,2018-03-16 14:19:56
0000002935,CUST-0000002935,2016-02-12 04:45:44
0000002936,CUST-0000002936,2018-10-01 03:28:26
0000002937,CUST-0000002937,2015-08-28 05:05:41
0000002938,CUST-0000002938,2018-02-10 04:47:57
0000002939,CUST-0000002939,2015-06-15 10:50:39
0000002940,CUST-0000002940,2015-07-13 23:02:26
0000002941,CUST-0000002941,2017-09-13 21:46:01
0000002942,CUST-0000002942,2015-01-11 03:59:56
0000002943,CUST-0000002943,2015-04-18 14:55:39
0000002944,CUST-0000002944,2015-05-30 04:02:20
0000002945,CUST-0000002945,2016-10-23 20:47:50
0000002946,CUST-0000002946,2015-08-04 21:54:17
0000002947,CUST-0000002947,2017-04-01 07:50:38
0000002948,CUST-0000002948,2015-08-13 19:51:39
0000002949,CUST-0000002949,2018-05-17 15:48:26
0000002950,CUST-0000002950,2015-07-13 23:49:40
0000002951,CUST-0000002951,2015-02-04 05:52:54
0000002952,CUST-0000002952,2018-05-14 22:36:15
0000002953,CUST-0000002953,2018-02-02 07:18:09
0000002954,CUST-0000002954,2016-12-25 07:11:24
0000002955,CUST-0000002955,2017-08-15 19:47:23
0000002956,CUST-0000002956,2014-11-02 03:08:45
0000002957,CUST-0000002957,2014-10-26 03:33:33
0000002958,CUST-0000002958,2016-03-03 00:09:24
0000002959,CUST-0000002959,2018-02-07 04:49:29
0000002960,CUST-0000002960,2016-01-08 13:51:21
0000002961,CUST-0000002961,2015-09-01 02:54:05
0000002962,CUST-0000002962,2015-07-15 10:25:21
0000002963,CUST-0000002963,2018-02-08 12:40:59
0000002964,CUST-0000002964,2018-04-24 12:12:56
0000002965,CUST-0000002965,2017-11-01 11:45:59
0000002966,CUST-0000002966,2016-10-04 15:30:26
0000002967,CUST-0000002967,2016-09-13 03:51:29
0000002968,CUST-0000002968,2015-12-11 10:47:09
0000002969,CUST-0000002969,2015-02-09 13:09:58
0000002970,CUST-0000002970,2016-02-07 00:49:16
0000002971,CUST-0000002971,2017-10-06 09:29:27
0000002972,CUST-0000002972,2015-03-13 14:59:42
0000002973,CUST-0000002973,2016-01-18 04:56:10
0000002974,CUST-0000002974,2015-12-17 04:03:11
0000002975,CUST-0000002975,2017-12-27 08:21:03
0000002976,CUST-0000002976,2018-09-13 19:31:01
0000002977,CUST-0000002977,2018-08-05 00:02:48
0000002978,CUST-0000002978,2017-06-29 13:34:53
0000002979,CUST-0000002979,2016-10-29 01:04:53
0000002980,CUST-0000002980,2018-09-24 15:53:56
0000002981,CUST-0000002981,2015-11-01 08:44:51
0000002982,CUST-0000002982,2017-02-02 03:43:32
0000002983,CUST-0000002983,2015-02-04 09:33:44
0000002984,CUST-0000002984,2018-08-24 14:02:11
0000002985,CUST-0000002985,2017-07-12 22:35:38
0000002986,CUST-0000002986,2016-07-07 21:42:33
0000002987,CUST-0000002987,2015-06-14 20:49:54
0000002988,CUST-0000002988,2017-09-22 20:58:06
0000002989,CUST-0000002989,2016-08-28 02:25:39
0000002990,CUST-0000002990,2017-06-18 16:28:10
0000002991,CUST-0000002991,2016-07-14 11:35:26
0000002992,CUST-0000002992,2017-12-27 13:01:26
0000002993,CUST-0000002993,2016-03-12 18:09:51
0000002994,CUST-0000002994,2015-10-17 10:16:00
0000002995,CUST-0000002995,2017-05-14 06:20:20
0000002996,CUST-0000002996,2018-08-05 09:58:21
0000002997,CUST-0000002997,2016-12-08 19:27:48
0000002998,CUST-0000002998,2017-11-07 13:25:55
0000002999,CUST-0000002999,2017-07-13 23:55:35
0000003000,CUST-0000003000,2018-04-23 11:43:45
0000003001,CUST-0000003001,2015-05-19 15:50:27
0000003002,CUST-0000003002,2018-01-14 00:57:45
0000003003,CUST-0000003003,2016-10-04 08:45:54
0000003004,CUST-0000003004,2016-10-13 01:12:07
0000003005,CUST-0000003005,2015-06-27 05:42:44
0000003006,CUST-0000003006,2017-12-04 01:38:29
0000003007,CUST-0000003007,2017-08-02 13:36:17
0000003008,CUST-0000003008,2018-06-12 23:31:29
0000003009,CUST-0000003009,2016-11-11 13:42:38
0000003010,CUST-0000003010,2017-07-02 00:01:01
0000003011,CUST-0000003011,2017-06-17 03:00:58
0000003012,CUST-0000003012,2017-03-05 12:04:10
0000003013,CUST-0000003013,2017-05-26 16:09:47
0000003014,CUST-0000003014,2016-10-17 07:07:45
0000003015,CUST-0000003015,2016-11-03 06:26:12
0000003016,CUST-0000003016,2015-09-01 03:09:03
0000003017,CUST-0000003017,2016-07-31 17:25:12
0000003018,CUST-0000003018,2017-12-04 07:13:27
0000003019,CUST-0000003019,2018-05-16 05:01:35
0000003020,CUST-0000003020,2015-12-25 03:03:02
0000003021,CUST-0000003021,2015-05-17 11:20:37
0000003022,CUST-0000003022,2017-05-26 16:30:48
0000003023,CUST-0000003023,2017-08-11 05:12:49
0000003024,CUST-0000003024,2018-01-23 17:25:50
0000003025,CUST-0000003025,2016-11-10 07:39:25
0000003026,CUST-0000003026,2017-03-26 01:06:15
0000003027,CUST-0000003027,2016-05-10 16:12:22
0000003028,CUST-0000003028,2017-05-18 17:48:15
0000003029,CUST-0000003029,2015-11-27 10:41:10
0000003030,CUST-0000003030,2015-07-14 10:29:05
0000003031,CUST-0000003031,2016-06-28 22:46:22
0000003032,CUST-0000003032,2017-12-21 01:58:28
0000003033,CUST-0000003033,2016-12-24 00:47:35
0000003034,CUST-0000003034,2015-07-19 04:00:50
0000003035,CUST-0000003035,2017-09-23 05:21:52
0000003036,CUST-0000003036,2017-03-01 12:33:25
0000003037,CUST-0000003037,2014-11-10 23:51:49
0000003038,CUST-0000003038,2017-02-17 16:29:07
0000003039,CUST-0000003039,2015-08-04 09:49:13
0000003040,CUST-0000003040,2018-09-15 14:23:49
0000003041,CUST-0000003041,2015-11-09 15:31:21
0000003042,CUST-0000003042,2017-12-30 05:31:03
0000003043,CUST-0000003043,2015-09-23 07:24:38
0000003044,CUST-0000003044,2014-11-24 19:40:12
0000003045,CUST-0000003045,2016-08-20 00:19:03
0000003046,CUST-0000003046,2018-08-21 20:28:20
0000003047,CUST-0000003047,2018-02-19 06:50:14
0000003048,CUST-0000003048,2015-08-12 07:50:00
0000003049,CUST-0000003049,2016-02-09 12:33:37
0000003050,CUST-0000003050,2017-05-05 23:13:51
0000003051,CUST-0000003051,2017-04-01 08:48:38
0000003052,CUST-0000003052,2016-12-02 06:57:05
0000003053,CUST-0000003053,2017-09-01 01:31:53
0000003054,CUST-0000003054,2017-03-11 16:17:18
0000003055,CUST-0000003055,2018-04-06 22:08:37
0000003056,CUST-0000003056,2016-04-30 03:24:03
0000003057,CUST-0000003057,2018-02-20 03:06:05
0000003058,CUST-0000003058,2016-02-07 01:31:03
0000003059,CUST-0000003059,2016-10-09 23:26:01
0000003060,CUST-0000003060,2017-05-21 21:03:45
0000003061,CUST-0000003061,2018-03-30 17:02:38
0000003062,CUST-0000003062,2018-10-01 07:22:08
0000003063,CUST-0000003063,2016-02-02 13:59:24
0000003064,CUST-0000003064,2016-05-19 03:52:38
0000003065,CUST-0000003065,2015-10-09 20:32:44
0000003066,CUST-0000003066,2015-03-11 16:37:37
0000003067,CUST-0000003067,2015-12-18 10:38:57
0000003068,CUST-0000003068,2015-05-24 02:14:18
0000003069,CUST-0000003069,2017-03-18 05:07:36
0000003070,CUST-0000003070,2016-01-12 07:53:11
0000003071,CUST-0000003071,2018-02-05 21:06:12
0000003072,CUST-0000003072,2016-10-23 14:31:06
0000003073,CUST-0000003073,2017-04-13 00:35:07
0000003074,CUST-0000003074,2018-01-22 03:12:46
0000003075,CUST-0000003075,2016-05-30 01:49:22
0000003076,CUST-0000003076,2018-05-21 14:27:11
0000003077,CUST-0000003077,2018-01-07 14:36:42
0000003078,CUST-0000003078,2017-02-25 18:28:52
0000003079,CUST-0000003079,2016-02-16 20:45:28
0000003080,CUST-0000003080,2014-10-15 18:23:58
0000003081,CUST-0000003081,2018-04-05 18:01:01
0000003082,CUST-0000003082,2015-06-15 06:03:36
0000003083,CUST-0000003083,2015-09-17 14:14:25
0000003084,CUST-0000003084,2017-03-15 07:35:24
0000003085,CUST-0000003085,2015-02-27 07:12:51
0000003086,CUST-0000003086,2018-04-09 02:07:10
0000003087,CUST-0000003087,2015-10-28 21:40:12
0000003088,CUST-0000003088,2015-10-17 01:37:59
0000003089,CUST-0000003089,2016-11-22 19:47:51
0000003090,CUST-0000003090,2015-03-22 16:08:48
0000003091,CUST-0000003091,2015-11-26 02:59:53
0000003092,CUST-0000003092,2016-10-28 08:01:13
0000003093,CUST-0000003093,2014-12-28 08:54:08
0000003094,CUST-0000003094,2018-03-30 20:18:18
0000003095,CUST-0000003095,2016-07-01 17:41:17
0000003096,CUST-0000003096,2016-06-24 08:35:57
0000003097,CUST-0000003097,2018-04-13 23:50:18
0000003098,CUST-0000003098,2015-11-20 18:44:46
0000003099,CUST-0000003099,2017-09-21 20:02:08
0000003100,CUST-0000003100,2017-12-02 15:47:43
0000003101,CUST-0000003101,2015-08-26 13:26:52
0000003102,CUST-0000003102,2018-01-27 16:02:58
0000003103,CUST-0000003103,2016-07-20 12:46:35
0000003104,CUST-0000003104,2015-10-29 15:36:08
0000003105,CUST-0000003105,2017-04-21 09:49:19
0000003106,CUST-0000003106,2015-04-06 08:28:48
0000003107,CUST-0000003107,2018-09-03 04:29:46
0000003108,CUST-0000003108,2015-04-07 01:18:55
0000003109,CUST-0000003109,2017-07-01 06:52:56
0000003110,CUST-0000003110,2018-07-16 00:29:47
0000003111,CUST-0000003111,2017-04-26 20:54:23
0000003112,CUST-0000003112,2016-06-26 18:03:36
0000003113,CUST-0000003113,2016-09-28 23:31:04
0000003114,CUST-0000003114,2016-12-02 02:23:16
0000003115,CUST-0000003115,2015-01-14 09:44:43
0000003116,CUST-0000003116,2015-01-24 12:51:31
0000003117,CUST-0000003117,2017-06-04 05:36:58
0000003118,CUST-0000003118,2015-02-15 14:52:24
0000003119,CUST-0000003119,2017-01-22 11:37:08
0000003120,CUST-0000003120,2015-10-16 09:47:56
0000003121,CUST-0000003121,2015-08-05 01:39:47
0000003122,CUST-0000003122,2018-06-02 15:21:14
0000003123,CUST-0000003123,2014-11-28 23:09:25
0000003124,CUST-0000003124,2015-01-31 06:44:07
0000003125,CUST-0000003125,2017-12-28 16:53:36
0000003126,CUST-0000003126,2018-05-01 03:39:41
0000003127,CUST-0000003127,2017-09-26 16:46:27
0000003128,CUST-0000003128,2015-01-11 12:31:21
0000003129,CUST-0000003129,2015-10-23 07:00:23
0000003130,CUST-0000003130,2017-04-26 23:00:27
0000003131,CUST-0000003131,2016-11-04 13:00:55
0000003132,CUST-0000003132,2016-02-12 06:47:21
0000003133,CUST-0000003133,2018-04-15 11:33:30
0000003134,CUST-0000003134,2016-05-21 09:22:08
0000003135,CUST-0000003135,2015-10-29 04:18:55
0000003136,CUST-0000003136,2018-04-21 21:58:22
0000003137,CUST-0000003137,2015-04-22 21:45:43
0000003138,CUST-0000003138,2015-04-28 21:29:15
0000003139,CUST-0000003139,2017-10-20 07:50:21
0000003140,CUST-0000003140,2015-12-16 12:31:49
0000003141,CUST-0000003141,2016-07-11 10:50:30
0000003142,CUST-0000003142,2017-05-05 04:49:28
0000003143,CUST-0000003143,2015-05-17 22:11:45
0000003144,CUST-0000003144,2017-03-04 22:53:26
0000003145,CUST-0000003145,2015-11-07 07:23:43
0000003146,CUST-0000003146,2015-01-18 21:18:30
0000003147,CUST-0000003147,2016-06-26 05:21:17
0000003148,CUST-0000003148,2016-05-17 05:08:34
0000003149,CUST-0000003149,2017-11-23 03:33:58
0000003150,CUST-0000003150,2014-12-18 16:45:59
0000003151,CUST-0000003151,2016-10-30 21:39:29
0000003152,CUST-0000003152,2017-03-27 11:34:14
0000003153,CUST-0000003153,2018-09-27 04:46:01
0000003154,CUST-0000003154,2017-07-30 11:16:30
0000003155,CUST-0000003155,2017-03-31 00:18:35
0000003156,CUST-0000003156,2015-10-07 05:19:22
0000003157,CUST-0000003157,2018-05-08 08:52:07
0000003158,CUST-0000003158,2017-05-27 10:13:27
0000003159,CUST-0000003159,2018-03-22 08:33:24
0000003160,CUST-0000003160,2015-09-09 07:10:19
0000003161,CUST-0000003161,2016-06-11 00:19:44
0000003162,CUST-0000003162,2016-05-15 17:33:15
0000003163,CUST-0000003163,2016-10-15 04:42:40
0000003164,CUST-0000003164,2018-06-28 17:15:13
0000003165,CUST-0000003165,2018-03-10 06:33:52
0000003166,CUST-0000003166,2016-09-29 09:26:58
0000003167,CUST-0000003167,2015-12-24 02:50:56
0000003168,CUST-0000003168,2016-07-11 03:52:45
0000003169,CUST-0000003169,2016-01-01 07:33:13
0000003170,CUST-0000003170,2017-03-02 01:41:39
0000003171,CUST-0000003171,2018-05-22 10:59:34
0000003172,CUST-0000003172,2017-02-09 04:01:16
0000003173,CUST-0000003173,2015-04-06 03:43:24
0000003174,CUST-0000003174,2015-10-16 15:20:46
0000003175,CUST-0000003175,2016-08-05 11:24:10
0000003176,CUST-0000003176,2017-07-23 13:44:27
0000003177,CUST-0000003177,2015-09-27 08:00:21
0000003178,CUST-0000003178,2016-11-03 20:59:43
0000003179,CUST-0000003179,2016-12-03 21:47:01
0000003180,CUST-0000003180,2017-04-16 01:48:57
0000003181,CUST-0000003181,2015-11-23 05:42:42
0000003182,CUST-0000003182,2015-02-12 01:56:42
0000003183,CUST-0000003183,2015-04-10 21:51:18
0000003184,CUST-0000003184,2016-01-09 04:31:24
0000003185,CUST-0000003185,2016-10-11 18:48:55
0000003186,CUST-0000003186,2015-03-25 11:24:35
0000003187,CUST-0000003187,2017-10-30 21:42:48
0000003188,CUST-0000003188,2016-06-13 03:45:47
0000003189,CUST-0000003189,2018-04-11 20:53:49
0000003190,CUST-0000003190,2014-11-11 01:43:27
0000003191,CUST-0000003191,2015-12-21 02:47:54
0000003192,CUST-0000003192,2016-08-04 08:04:32
0000003193,CUST-0000003193,2018-05-05 17:07:10
0000003194,CUST-0000003194,2018-07-09 11:18:14
0000003195,CUST-0000003195,2016-11-09 15:19:54
0000003196,CUST-0000003196,2016-01-27 10:08:17
0000003197,CUST-0000003197,2016-12-18 20:18:12
0000003198,CUST-0000003198,2014-10-30 06:38:00
0000003199,CUST-0000003199,2016-10-06 09:24:03
0000003200,CUST-0000003200,2017-01-05 14:11:07
0000003201,CUST-0000003201,2018-09-22 17:07:22
0000003202,CUST-0000003202,2016-09-27 21:05:29
0000003203,CUST-0000003203,2018-08-05 20:28:35
0000003204,CUST-0000003204,2015-12-04 02:20:37
0000003205,CUST-0000003205,2018-02-04 17:26:00
0000003206,CUST-0000003206,2014-10-24 06:33:46
0000003207,CUST-0000003207,2015-02-24 06:12:58
0000003208,CUST-0000003208,2017-09-26 08:32:41
0000003209,CUST-0000003209,2015-09-21 03:38:11
0000003210,CUST-0000003210,2017-02-09 20:07:29
0000003211,CUST-0000003211,2017-01-17 15:59:29
0000003212,CUST-0000003212,2015-01-10 18:44:29
0000003213,CUST-0000003213,2015-12-31 12:47:58
0000003214,CUST-0000003214,2016-12-23 11:19:29
0000003215,CUST-0000003215,2015-12-03 06:31:12
0000003216,CUST-0000003216,2018-08-15 23:24:39
0000003217,CUST-0000003217,2017-10-03 21:02:27
0000003218,CUST-0000003218,2017-06-01 17:29:11
0000003219,CUST-0000003219,2017-10-31 20:44:51
0000003220,CUST-0000003220,2018-04-02 02:22:55
0000003221,CUST-0000003221,2015-02-09 22:58:16
0000003222,CUST-0000003222,2015-11-25 06:50:18
0000003223,CUST-0000003223,2014-12-28 18:50:15
0000003224,CUST-0000003224,2016-02-15 13:30:18
0000003225,CUST-0000003225,2015-12-05 15:49:31
0000003226,CUST-0000003226,2017-05-17 20:27:45
0000003227,CUST-0000003227,2017-08-17 12:22:47
0000003228,CUST-0000003228,2015-05-19 15:21:45
0000003229,CUST-0000003229,2016-03-16 04:32:11
0000003230,CUST-0000003230,2017-08-01 10:00:14
0000003231,CUST-0000003231,2016-03-18 00:35:49
0000003232,CUST-0000003232,2018-04-18 09:29:51
0000003233,CUST-0000003233,2017-07-26 19:03:49
0000003234,CUST-0000003234,2015-02-11 12:19:54
0000003235,CUST-0000003235,2016-08-13 17:53:28
0000003236,CUST-0000003236,2018-09-01 10:07:49
0000003237,CUST-0000003237,2016-01-21 12:29:38
0000003238,CUST-0000003238,2017-10-10 20:25:30
0000003239,CUST-0000003239,2017-02-01 01:12:43
0000003240,CUST-0000003240,2015-10-02 11:47:11
0000003241,CUST-0000003241,2015-11-21 02:35:51
0000003242,CUST-0000003242,2017-09-03 11:45:46
0000003243,CUST-0000003243,2018-08-26 02:53:35
0000003244,CUST-0000003244,2015-05-08 23:36:43
0000003245,CUST-0000003245,2015-03-03 18:20:22
0000003246,CUST-0000003246,2016-02-10 01:46:32
0000003247,CUST-0000003247,2017-09-07 15:22:52
0000003248,CUST-0000003248,2016-07-06 18:31:12
0000003249,CUST-0000003249,2015-10-05 02:37:09
0000003250,CUST-0000003250,2018-04-11 17:21:32
0000003251,CUST-0000003251,2017-03-15 13:00:35
0000003252,CUST-0000003252,2016-08-06 08:55:13
0000003253,CUST-0000003253,2015-12-29 09:38:49
0000003254,CUST-0000003254,2015-02-16 08:43:02
0000003255,CUST-0000003255,2017-06-05 17:20:16
0000003256,CUST-0000003256,2017-12-06 00:49:12
0000003257,CUST-0000003257,2015-06-05 16:12:26
0000003258,CUST-0000003258,2018-05-07 11:32:41
0000003259,CUST-0000003259,2018-06-10 22:38:45
0000003260,CUST-0000003260,2015-07-28 10:06:46
0000003261,CUST-0000003261,2016-11-05 08:53:23
0000003262,CUST-0000003262,2018-07-26 09:28:28
0000003263,CUST-0000003263,2016-05-29 02:49:56
0000003264,CUST-0000003264,2018-04-15 19:56:17
0000003265,CUST-0000003265,2016-07-09 15:31:27
0000003266,CUST-0000003266,2016-02-19 16:20:09
0000003267,CUST-0000003267,2015-01-09 00:00:07
0000003268,CUST-0000003268,2016-09-06 04:50:54
0000003269,CUST-0000003269,2017-03-23 05:58:25
0000003270,CUST-0000003270,2015-07-21 06:46:10
0000003271,CUST-0000003271,2017-01-01 10:07:49
0000003272,CUST-0000003272,2018-06-19 12:54:32
0000003273,CUST-0000003273,2015-10-16 14:08:47
0000003274,CUST-0000003274,2015-09-05 21:30:34
0000003275,CUST-0000003275,2017-01-28 04:40:03
0000003276,CUST-0000003276,2017-07-04 18:22:12
0000003277,CUST-0000003277,2015-12-27 17:26:32
0000003278,CUST-0000003278,2017-08-19 13:20:33
0000003279,CUST-0000003279,2015-10-11 02:51:33
0000003280,CUST-0000003280,2016-01-12 20:02:19
0000003281,CUST-0000003281,2014-10-25 02:45:58
0000003282,CUST-0000003282,2016-08-29 16:46:26
0000003283,CUST-0000003283,2017-01-10 19:23:14
0000003284,CUST-0000003284,2017-09-03 19:24:04
0000003285,CUST-0000003285,2018-01-22 22:05:21
0000003286,CUST-0000003286,2018-03-13 22:08:46
0000003287,CUST-0000003287,2018-06-02 18:45:03
0000003288,CUST-0000003288,2017-02-12 03:18:05
0000003289,CUST-0000003289,2017-05-17 03:03:10
0000003290,CUST-0000003290,2018-07-22 06:54:38
0000003291,CUST-0000003291,2016-04-01 16:03:16
0000003292,CUST-0000003292,2017-01-22 11:51:08
0000003293,CUST-0000003293,2017-12-24 14:48:15
0000003294,CUST-0000003294,2014-12-08 02:59:12
0000003295,CUST-0000003295,2014-11-17 13:55:27
0000003296,CUST-0000003296,2015-01-18 09:06:15
0000003297,CUST-0000003297,2017-12-02 03:02:53
0000003298,CUST-0000003298,2015-02-16 13:52:22
0000003299,CUST-0000003299,2018-10-02 00:24:17
0000003300,CUST-0000003300,2018-01-11 20:04:15
0000003301,CUST-0000003301,2017-11-20 05:18:26
0000003302,CUST-0000003302,2015-04-28 17:57:43
0000003303,CUST-0000003303,2015-08-27 16:51:36
0000003304,CUST-0000003304,2016-11-23 06:46:54
0000003305,CUST-0000003305,2018-09-07 13:50:20
0000003306,CUST-0000003306,2017-10-19 06:37:25
0000003307,CUST-0000003307,2016-03-30 14:31:55
0000003308,CUST-0000003308,2016-04-30 14:16:38
0000003309,CUST-0000003309,2016-08-04 11:59:12
0000003310,CUST-0000003310,2016-08-20 12:39:19
0000003311,CUST-0000003311,2017-12-31 21:32:19
0000003312,CUST-0000003312,2015-08-28 13:54:54
0000003313,CUST-0000003313,2018-09-08 07:48:11
0000003314,CUST-0000003314,2017-05-02 18:58:15
0000003315,CUST-0000003315,2015-07-31 10:33:10
0000003316,CUST-0000003316,2017-04-26 16:44:00
0000003317,CUST-0000003317,2015-08-18 08:42:54
0000003318,CUST-0000003318,2015-03-10 02:02:58
0000003319,CUST-0000003319,2015-11-29 18:49:33
0000003320,CUST-0000003320,2015-10-29 05:59:54
0000003321,CUST-0000003321,2017-11-28 08:56:14
0000003322,CUST-0000003322,2016-05-18 19:29:06
0000003323,CUST-0000003323,2017-03-18 11:47:40
0000003324,CUST-0000003324,2018-04-26 17:23:16
0000003325,CUST-0000003325,2015-12-14 22:40:12
0000003326,CUST-0000003326,2014-10-25 23:09:36
0000003327,CUST-0000003327,2015-04-25 22:31:49
0000003328,CUST-0000003328,2015-05-03 14:47:29
0000003329,CUST-0000003329,2016-04-20 19:16:27
0000003330,CUST-0000003330,2018-06-29 20:35:50
0000003331,CUST-0000003331,2018-02-26 14:25:04
0000003332,CUST-0000003332,2017-10-21 10:13:22
0000003333,CUST-0000003333,2015-09-27 07:49:36
0000003334,CUST-0000003334,2018-08-02 09:59:51
0000003335,CUST-0000003335,2015-09-02 00:10:56
0000003336,CUST-0000003336,2016-09-02 19:11:12
0000003337,CUST-0000003337,2017-03-30 15:10:34
0000003338,CUST-0000003338,2016-01-21 09:43:58
0000003339,CUST-0000003339,2016-07-22 10:52:59
0000003340,CUST-0000003340,2014-10-15 19:19:21
0000003341,CUST-0000003341,2016-10-08 11:41:11
0000003342,CUST-0000003342,2018-04-10 05:46:43
0000003343,CUST-0000003343,2017-07-21 22:06:45
0000003344,CUST-0000003344,2017-02-26 14:23:49
0000003345,CUST-0000003345,2015-05-15 18:22:54
0000003346,CUST-0000003346,2016-11-14 07:30:01
0000003347,CUST-0000003347,2015-11-15 23:27:02
0000003348,CUST-0000003348,2016-01-28 00:40:56
0000003349,CUST-0000003349,2015-02-19 07:39:17
0000003350,CUST-0000003350,2018-03-15 12:14:37
0000003351,CUST-0000003351,2016-10-31 07:39:51
0000003352,CUST-0000003352,2016-11-26 23:25:38
0000003353,CUST-0000003353,2014-11-18 19:32:07
0000003354,CUST-0000003354,2016-07-10 09:16:05
0000003355,CUST-0000003355,2015-02-20 23:04:43
0000003356,CUST-0000003356,2016-02-25 07:47:28
0000003357,CUST-0000003357,2015-10-07 13:21:06
0000003358,CUST-0000003358,2015-12-17 03:33:28
0000003359,CUST-0000003359,2017-09-08 14:56:50
0000003360,CUST-0000003360,2017-05-12 14:34:47
0000003361,CUST-0000003361,2018-01-28 20:14:32
0000003362,CUST-0000003362,2016-07-07 01:21:00
0000003363,CUST-0000003363,2018-08-31 02:50:01
0000003364,CUST-0000003364,2015-07-21 01:13:03
0000003365,CUST-0000003365,2016-07-17 05:40:59
0000003366,CUST-0000003366,2015-01-17 20:00:47
0000003367,CUST-0000003367,2016-09-16 12:57:47
0000003368,CUST-0000003368,2016-03-23 04:39:48
0000003369,CUST-0000003369,2017-06-24 12:34:33
0000003370,CUST-0000003370,2018-05-10 09:54:25
0000003371,CUST-0000003371,2016-05-07 14:45:08
0000003372,CUST-0000003372,2017-09-03 00:24:02
0000003373,CUST-0000003373,2016-11-07 06:36:26
0000003374,CUST-0000003374,2017-12-24 18:26:38
0000003375,CUST-0000003375,2018-01-24 04:40:32
0000003376,CUST-0000003376,2015-04-05 23:56:42
0000003377,CUST-0000003377,2018-03-02 21:19:13
0000003378,CUST-0000003378,2016-07-24 11:35:42
0000003379,CUST-0000003379,2017-03-15 10:25:40
0000003380,CUST-0000003380,2014-12-01 19:22:52
0000003381,CUST-0000003381,2015-11-28 00:39:57
0000003382,CUST-0000003382,2015-09-04 23:35:43
0000003383,CUST-0000003383,2018-03-19 19:33:13
0000003384,CUST-0000003384,2017-11-04 01:00:57
0000003385,CUST-0000003385,2018-06-09 03:32:52
0000003386,CUST-0000003386,2015-09-26 07:32:19
0000003387,CUST-0000003387,2015-12-04 17:32:15
0000003388,CUST-0000003388,2016-05-29 17:35:29
0000003389,CUST-0000003389,2016-09-05 00:05:38
0000003390,CUST-0000003390,2015-03-16 15:08:50
0000003391,CUST-0000003391,2018-07-16 10:15:54
0000003392,CUST-0000003392,2018-07-10 08:14:06
0000003393,CUST-0000003393,2015-04-29 15:38:02
0000003394,CUST-0000003394,2015-08-01 01:12:30
0000003395,CUST-0000003395,2016-07-18 19:50:11
0000003396,CUST-0000003396,2016-11-28 08:58:42
0000003397,CUST-0000003397,2017-12-26 06:20:36
0000003398,CUST-0000003398,2015-09-08 18:34:12
0000003399,CUST-0000003399,2017-12-24 21:58:19
0000003400,CUST-0000003400,2015-12-13 10:51:05
0000003401,CUST-0000003401,2016-11-16 09:14:15
0000003402,CUST-0000003402,2018-04-26 11:04:39
0000003403,CUST-0000003403,2016-09-17 18:41:09
0000003404,CUST-0000003404,2016-11-01 14:57:25
0000003405,CUST-0000003405,2016-07-28 09:13:29
0000003406,CUST-0000003406,2018-02-15 20:17:33
0000003407,CUST-0000003407,2016-08-06 10:11:15
0000003408,CUST-0000003408,2018-04-29 23:16:01
0000003409,CUST-0000003409,2017-07-04 06:26:45
0000003410,CUST-0000003410,2016-11-12 04:14:05
0000003411,CUST-0000003411,2015-10-13 01:34:20
0000003412,CUST-0000003412,2017-11-11 17:36:32
0000003413,CUST-0000003413,2018-06-27 17:37:34
0000003414,CUST-0000003414,2016-06-05 12:25:50
0000003415,CUST-0000003415,2017-04-08 00:54:01
0000003416,CUST-0000003416,2016-05-04 13:47:50
0000003417,CUST-0000003417,2018-08-01 22:44:53
0000003418,CUST-0000003418,2017-12-18 13:41:55
0000003419,CUST-0000003419,2015-01-06 03:06:33
0000003420,CUST-0000003420,2016-06-28 19:38:51
0000003421,CUST-0000003421,2017-06-22 07:00:43
0000003422,CUST-0000003422,2017-07-25 22:27:22
0000003423,CUST-0000003423,2016-08-27 20:36:26
0000003424,CUST-0000003424,2016-07-15 22:16:52
0000003425,CUST-0000003425,2015-06-01 11:07:25
0000003426,CUST-0000003426,2018-08-03 13:55:40
0000003427,CUST-0000003427,2016-11-11 08:56:06
0000003428,CUST-0000003428,2015-10-21 00:14:06
0000003429,CUST-0000003429,2018-08-09 17:27:51
0000003430,CUST-0000003430,2018-07-15 08:19:34
0000003431,CUST-0000003431,2018-05-09 17:29:44
0000003432,CUST-0000003432,2017-08-08 21:32:57
0000003433,CUST-0000003433,2015-11-11 18:05:51
0000003434,CUST-0000003434,2017-01-13 20:39:28
0000003435,CUST-0000003435,2016-02-12 21:01:25
0000003436,CUST-0000003436,2016-05-18 00:18:13
0000003437,CUST-0000003437,2015-09-26 20:16:08
0000003438,CUST-0000003438,2017-10-08 19:11:24
0000003439,CUST-0000003439,2014-10-30 23:53:14
0000003440,CUST-0000003440,2016-07-16 10:01:40
0000003441,CUST-0000003441,2016-02-27 11:38:02
0000003442,CUST-0000003442,2016-07-01 20:47:42
0000003443,CUST-0000003443,2018-06-27 08:22:01
0000003444,CUST-0000003444,2017-08-22 00:29:15
0000003445,CUST-0000003445,2016-07-17 19:28:31
0000003446,CUST-0000003446,2016-11-21 16:13:03
0000003447,CUST-0000003447,2017-04-09 19:21:08
0000003448,CUST-0000003448,2018-03-28 13:17:18
0000003449,CUST-0000003449,2015-01-08 04:48:52
0000003450,CUST-0000003450,2017-07-02 05:26:21
0000003451,CUST-0000003451,2015-07-19 23:34:21
0000003452,CUST-0000003452,2016-11-05 19:29:52
0000003453,CUST-0000003453,2015-05-21 23:31:02
0000003454,CUST-0000003454,2017-09-29 10:53:14
0000003455,CUST-0000003455,2016-10-31 21:53:32
0000003456,CUST-0000003456,2017-02-01 23:46:47
0000003457,CUST-0000003457,2017-09-13 23:07:57
0000003458,CUST-0000003458,2015-11-12 18:02:14
0000003459,CUST-0000003459,2017-07-10 18:52:44
0000003460,CUST-0000003460,2015-03-07 10:48:25
0000003461,CUST-0000003461,2018-09-20 21:53:47
0000003462,CUST-0000003462,2016-02-04 15:07:01
0000003463,CUST-0000003463,2016-07-01 13:54:22
0000003464,CUST-0000003464,2015-06-11 05:35:57
0000003465,CUST-0000003465,2018-03-18 12:05:27
0000003466,CUST-0000003466,2017-04-28 17:53:21
0000003467,CUST-0000003467,2018-09-16 23:05:17
0000003468,CUST-0000003468,2017-07-21 12:00:48
0000003469,CUST-0000003469,2015-04-26 15:11:30
0000003470,CUST-0000003470,2015-06-09 00:43:25
0000003471,CUST-0000003471,2017-01-31 16:55:44
0000003472,CUST-0000003472,2017-12-20 22:01:53
0000003473,CUST-0000003473,2017-01-31 05:18:10
0000003474,CUST-0000003474,2017-03-07 06:24:33
0000003475,CUST-0000003475,2015-07-28 08:10:43
0000003476,CUST-0000003476,2014-12-09 20:55:09
0000003477,CUST-0000003477,2015-08-24 08:05:54
0000003478,CUST-0000003478,2017-07-13 08:57:59
0000003479,CUST-0000003479,2017-10-04 08:22:26
0000003480,CUST-0000003480,2017-12-01 10:40:19
0000003481,CUST-0000003481,2017-06-25 12:37:41
0000003482,CUST-0000003482,2018-01-25 09:02:56
0000003483,CUST-0000003483,2018-06-21 21:23:58
0000003484,CUST-0000003484,2018-05-01 21:37:01
0000003485,CUST-0000003485,2016-12-22 08:28:03
0000003486,CUST-0000003486,2016-11-01 00:46:34
0000003487,CUST-0000003487,2015-05-07 09:14:42
0000003488,CUST-0000003488,2016-07-28 15:44:14
0000003489,CUST-0000003489,2018-09-04 15:40:37
0000003490,CUST-0000003490,2018-10-08 16:40:57
0000003491,CUST-0000003491,2017-02-24 05:36:04
0000003492,CUST-0000003492,2015-06-08 16:12:58
0000003493,CUST-0000003493,2014-12-05 07:51:21
0000003494,CUST-0000003494,2018-02-28 01:36:24
0000003495,CUST-0000003495,2018-06-29 07:53:03
0000003496,CUST-0000003496,2015-10-04 21:37:23
0000003497,CUST-0000003497,2016-08-10 08:51:00
0000003498,CUST-0000003498,2016-05-31 21:41:43
0000003499,CUST-0000003499,2016-08-22 17:25:35
0000003500,CUST-0000003500,2014-12-31 10:34:21
0000003501,CUST-0000003501,2016-03-15 07:40:27
0000003502,CUST-0000003502,2018-06-30 14:34:33
0000003503,CUST-0000003503,2016-10-30 10:20:31
0000003504,CUST-0000003504,2016-08-07 17:30:20
0000003505,CUST-0000003505,2015-08-17 12:17:33
0000003506,CUST-0000003506,2018-07-08 12:46:58
0000003507,CUST-0000003507,2015-12-13 01:46:38
0000003508,CUST-0000003508,2018-09-06 01:10:43
0000003509,CUST-0000003509,2017-06-05 17:06:07
0000003510,CUST-0000003510,2016-08-25 18:01:37
0000003511,CUST-0000003511,2016-06-10 03:55:20
0000003512,CUST-0000003512,2017-12-19 09:33:42
0000003513,CUST-0000003513,2018-08-22 23:57:49
0000003514,CUST-0000003514,2015-08-03 18:03:28
0000003515,CUST-0000003515,2018-09-12 07:21:42
0000003516,CUST-0000003516,2015-01-04 02:09:50
0000003517,CUST-0000003517,2017-02-20 08:08:01
0000003518,CUST-0000003518,2015-04-22 08:13:45
0000003519,CUST-0000003519,2017-12-01 18:38:26
0000003520,CUST-0000003520,2015-11-06 22:03:01
0000003521,CUST-0000003521,2015-03-25 14:43:01
0000003522,CUST-0000003522,2017-05-16 01:21:36
0000003523,CUST-0000003523,2018-07-22 13:33:15
0000003524,CUST-0000003524,2015-11-12 20:31:46
0000003525,CUST-0000003525,2016-11-19 02:31:42
0000003526,CUST-0000003526,2015-07-11 04:37:37
0000003527,CUST-0000003527,2016-02-12 14:13:57
0000003528,CUST-0000003528,2017-01-27 05:39:14
0000003529,CUST-0000003529,2014-11-18 20:13:07
0000003530,CUST-0000003530,2016-03-08 08:32:43
0000003531,CUST-0000003531,2018-05-12 04:00:01
0000003532,CUST-0000003532,2015-05-21 09:02:56
0000003533,CUST-0000003533,2018-08-20 09:36:02
0000003534,CUST-0000003534,2017-01-02 13:46:33
0000003535,CUST-0000003535,2017-02-24 02:18:28
0000003536,CUST-0000003536,2017-03-13 03:23:40
0000003537,CUST-0000003537,2018-02-24 20:28:30
0000003538,CUST-0000003538,2017-11-23 11:27:49
0000003539,CUST-0000003539,2016-03-31 01:24:13
0000003540,CUST-0000003540,2018-07-04 14:04:05
0000003541,CUST-0000003541,2017-08-30 03:48:25
0000003542,CUST-0000003542,2017-01-03 17:15:02
0000003543,CUST-0000003543,2018-06-20 16:33:56
0000003544,CUST-0000003544,2016-04-01 09:40:02
0000003545,CUST-0000003545,2018-04-10 06:45:56
0000003546,CUST-0000003546,2016-08-11 00:36:57
0000003547,CUST-0000003547,2016-10-27 17:48:02
0000003548,CUST-0000003548,2015-03-01 12:05:53
0000003549,CUST-0000003549,2016-08-05 10:30:30
0000003550,CUST-0000003550,2015-08-17 13:47:00
0000003551,CUST-0000003551,2018-10-01 02:36:53
0000003552,CUST-0000003552,2017-08-22 01:20:46
0000003553,CUST-0000003553,2015-07-22 15:24:19
0000003554,CUST-0000003554,2018-04-16 12:59:09
0000003555,CUST-0000003555,2015-01-19 20:33:29
0000003556,CUST-0000003556,2015-08-04 03:57:53
0000003557,CUST-0000003557,2018-06-18 11:19:38
0000003558,CUST-0000003558,2016-08-10 04:03:56
0000003559,CUST-0000003559,2016-05-17 05:38:06
0000003560,CUST-0000003560,2016-12-04 08:52:09
0000003561,CUST-0000003561,2018-01-28 17:32:04
0000003562,CUST-0000003562,2016-02-04 08:20:14
0000003563,CUST-0000003563,2016-07-26 21:23:17
0000003564,CUST-0000003564,2016-07-11 07:35:45
0000003565,CUST-0000003565,2015-01-21 22:52:44
0000003566,CUST-0000003566,2016-07-17 21:14:00
0000003567,CUST-0000003567,2016-08-03 01:57:04
0000003568,CUST-0000003568,2018-02-24 02:00:59
0000003569,CUST-0000003569,2015-06-29 16:44:10
0000003570,CUST-0000003570,2017-06-23 00:02:38
0000003571,CUST-0000003571,2015-01-15 13:40:13
0000003572,CUST-0000003572,2014-12-29 07:56:20
0000003573,CUST-0000003573,2015-04-02 08:55:14
0000003574,CUST-0000003574,2015-05-18 05:02:33
0000003575,CUST-0000003575,2018-04-25 19:09:39
0000003576,CUST-0000003576,2018-08-11 05:39:47
0000003577,CUST-0000003577,2016-12-30 22:46:48
0000003578,CUST-0000003578,2018-09-09 08:52:37
0000003579,CUST-0000003579,2015-01-30 06:32:31
0000003580,CUST-0000003580,2017-10-16 13:51:17
0000003581,CUST-0000003581,2017-01-06 06:44:09
0000003582,CUST-0000003582,2014-12-09 18:56:28
0000003583,CUST-0000003583,2018-02-14 02:42:29
0000003584,CUST-0000003584,2016-05-20 09:22:31
0000003585,CUST-0000003585,2016-11-25 11:33:04
0000003586,CUST-0000003586,2016-01-27 19:19:12
0000003587,CUST-0000003587,2014-10-10 09:42:03
0000003588,CUST-0000003588,2018-02-13 15:01:01
0000003589,CUST-0000003589,2017-12-15 06:55:37
0000003590,CUST-0000003590,2015-05-26 13:04:15
0000003591,CUST-0000003591,2018-05-31 17:27:26
0000003592,CUST-0000003592,2017-07-19 19:12:47
0000003593,CUST-0000003593,2016-05-10 03:47:21
0000003594,CUST-0000003594,2018-08-08 00:31:29
0000003595,CUST-0000003595,2015-12-04 05:19:16
0000003596,CUST-0000003596,2018-02-25 01:25:53
0000003597,CUST-0000003597,2016-05-18 12:51:27
0000003598,CUST-0000003598,2018-09-26 02:19:55
0000003599,CUST-0000003599,2017-12-31 19:50:04
0000003600,CUST-0000003600,2017-11-22 22:44:41
0000003601,CUST-0000003601,2018-09-02 13:13:55
0000003602,CUST-0000003602,2015-04-22 11:03:10
0000003603,CUST-0000003603,2014-11-26 01:44:06
0000003604,CUST-0000003604,2016-03-28 04:54:07
0000003605,CUST-0000003605,2017-11-29 23:49:06
0000003606,CUST-0000003606,2015-01-07 09:53:34
0000003607,CUST-0000003607,2015-05-17 04:04:21
0000003608,CUST-0000003608,2014-12-25 11:07:28
0000003609,CUST-0000003609,2017-05-07 13:36:36
0000003610,CUST-0000003610,2016-08-03 03:37:33
0000003611,CUST-0000003611,2018-08-08 19:54:03
0000003612,CUST-0000003612,2018-03-19 11:59:08
0000003613,CUST-0000003613,2015-11-18 00:07:50
0000003614,CUST-0000003614,2016-10-05 00:13:15
0000003615,CUST-0000003615,2016-12-03 05:54:49
0000003616,CUST-0000003616,2018-01-10 20:07:20
0000003617,CUST-0000003617,2016-03-20 23:35:24
0000003618,CUST-0000003618,2018-07-06 03:52:40
0000003619,CUST-0000003619,2015-12-07 15:51:09
0000003620,CUST-0000003620,2016-07-08 01:28:12
0000003621,CUST-0000003621,2015-10-17 21:23:32
0000003622,CUST-0000003622,2016-10-05 19:25:46
0000003623,CUST-0000003623,2018-01-14 06:29:02
0000003624,CUST-0000003624,2015-01-25 13:16:11
0000003625,CUST-0000003625,2016-04-11 18:03:21
0000003626,CUST-0000003626,2016-04-03 21:34:08
0000003627,CUST-0000003627,2016-11-30 17:01:47
0000003628,CUST-0000003628,2016-12-13 03:47:21
0000003629,CUST-0000003629,2018-07-22 03:58:10
0000003630,CUST-0000003630,2018-06-07 00:16:57
0000003631,CUST-0000003631,2018-01-16 18:28:50
0000003632,CUST-0000003632,2017-05-23 20:50:05
0000003633,CUST-0000003633,2015-09-28 18:53:52
0000003634,CUST-0000003634,2015-11-25 23:44:13
0000003635,CUST-0000003635,2015-02-26 00:08:53
0000003636,CUST-0000003636,2017-03-22 11:22:57
0000003637,CUST-0000003637,2018-07-13 16:27:11
0000003638,CUST-0000003638,2015-08-03 03:58:23
0000003639,CUST-0000003639,2017-05-17 12:24:40
0000003640,CUST-0000003640,2016-03-07 22:03:45
0000003641,CUST-0000003641,2016-12-03 15:10:09
0000003642,CUST-0000003642,2017-01-20 01:25:04
0000003643,CUST-0000003643,2016-02-29 14:07:26
0000003644,CUST-0000003644,2017-12-09 06:56:41
0000003645,CUST-0000003645,2018-01-16 20:10:56
0000003646,CUST-0000003646,2014-12-10 14:17:37
0000003647,CUST-0000003647,2018-02-08 10:22:01
0000003648,CUST-0000003648,2017-04-09 17:33:06
0000003649,CUST-0000003649,2018-08-02 21:18:18
0000003650,CUST-0000003650,2016-06-20 04:08:02
0000003651,CUST-0000003651,2016-06-05 11:15:23
0000003652,CUST-0000003652,2018-03-03 20:03:42
0000003653,CUST-0000003653,2016-04-26 14:45:13
0000003654,CUST-0000003654,2015-09-27 23:37:59
0000003655,CUST-0000003655,2015-01-04 00:09:32
0000003656,CUST-0000003656,2016-05-15 00:14:27
0000003657,CUST-0000003657,2017-06-21 23:31:34
0000003658,CUST-0000003658,2014-12-20 14:57:58
0000003659,CUST-0000003659,2014-11-18 08:53:27
0000003660,CUST-0000003660,2017-09-28 06:41:25
0000003661,CUST-0000003661,2016-07-11 03:47:35
0000003662,CUST-0000003662,2016-11-11 03:55:31
0000003663,CUST-0000003663,2015-07-01 07:36:05
0000003664,CUST-0000003664,2016-03-17 15:53:22
0000003665,CUST-0000003665,2016-08-17 06:38:17
0000003666,CUST-0000003666,2015-07-14 13:45:35
0000003667,CUST-0000003667,2016-01-30 03:05:46
0000003668,CUST-0000003668,2015-08-21 04:35:05
0000003669,CUST-0000003669,2016-03-24 01:58:16
0000003670,CUST-0000003670,2017-11-02 19:56:02
0000003671,CUST-0000003671,2017-12-05 05:46:51
0000003672,CUST-0000003672,2017-02-20 09:25:06
0000003673,CUST-0000003673,2016-01-08 14:52:03
0000003674,CUST-0000003674,2016-04-21 05:39:58
0000003675,CUST-0000003675,2016-03-26 20:01:44
0000003676,CUST-0000003676,2016-04-18 00:07:52
0000003677,CUST-0000003677,2015-04-29 18:42:44
0000003678,CUST-0000003678,2017-11-26 14:31:22
0000003679,CUST-0000003679,2014-10-22 23:26:37
0000003680,CUST-0000003680,2015-02-26 18:47:06
0000003681,CUST-0000003681,2017-08-23 02:42:14
0000003682,CUST-0000003682,2017-12-18 16:58:27
0000003683,CUST-0000003683,2017-04-20 04:51:42
0000003684,CUST-0000003684,2015-04-25 20:15:24
0000003685,CUST-0000003685,2017-10-25 01:26:05
0000003686,CUST-0000003686,2018-06-12 10:22:33
0000003687,CUST-0000003687,2015-02-20 10:41:32
0000003688,CUST-0000003688,2016-12-08 02:27:10
0000003689,CUST-0000003689,2018-08-13 06:25:48
0000003690,CUST-0000003690,2014-10-30 22:29:32
0000003691,CUST-0000003691,2014-12-28 06:16:03
0000003692,CUST-0000003692,2015-02-20 16:46:26
0000003693,CUST-0000003693,2016-08-15 22:24:38
0000003694,CUST-0000003694,2016-10-24 07:41:20
0000003695,CUST-0000003695,2016-04-13 15:25:41
0000003696,CUST-0000003696,2014-12-25 13:42:57
0000003697,CUST-0000003697,2016-09-26 18:58:03
0000003698,CUST-0000003698,2017-10-24 10:18:45
0000003699,CUST-0000003699,2016-09-04 08:51:54
0000003700,CUST-0000003700,2018-02-13 03:17:45
0000003701,CUST-0000003701,2016-06-21 15:26:52
0000003702,CUST-0000003702,2018-06-24 23:59:46
0000003703,CUST-0000003703,2014-11-20 19:21:53
0000003704,CUST-0000003704,2017-12-11 23:54:27
0000003705,CUST-0000003705,2018-09-22 12:11:42
0000003706,CUST-0000003706,2015-07-21 18:49:29
0000003707,CUST-0000003707,2017-03-11 17:07:46
0000003708,CUST-0000003708,2017-10-17 21:15:29
0000003709,CUST-0000003709,2014-12-12 17:16:25
0000003710,CUST-0000003710,2015-12-22 12:13:53
0000003711,CUST-0000003711,2015-04-16 06:35:14
0000003712,CUST-0000003712,2016-02-19 12:02:18
0000003713,CUST-0000003713,2017-06-14 10:06:30
0000003714,CUST-0000003714,2015-05-25 15:50:11
0000003715,CUST-0000003715,2018-02-24 05:34:39
0000003716,CUST-0000003716,2016-06-28 04:19:35
0000003717,CUST-0000003717,2014-11-03 08:44:16
0000003718,CUST-0000003718,2015-11-13 01:06:05
0000003719,CUST-0000003719,2014-10-23 04:45:09
0000003720,CUST-0000003720,2015-03-18 23:37:06
0000003721,CUST-0000003721,2018-03-08 04:44:07
0000003722,CUST-0000003722,2016-01-07 19:49:32
0000003723,CUST-0000003723,2016-07-22 15:09:11
0000003724,CUST-0000003724,2015-11-23 14:36:44
0000003725,CUST-0000003725,2018-04-29 19:02:15
0000003726,CUST-0000003726,2018-05-07 06:14:19
0000003727,CUST-0000003727,2014-11-21 19:23:30
0000003728,CUST-0000003728,2018-04-30 08:01:04
0000003729,CUST-0000003729,2017-08-06 05:48:05
0000003730,CUST-0000003730,2017-02-16 04:36:56
0000003731,CUST-0000003731,2016-08-25 01:03:28
0000003732,CUST-0000003732,2017-04-07 15:56:01
0000003733,CUST-0000003733,2015-01-15 19:32:58
0000003734,CUST-0000003734,2017-10-19 07:01:20
0000003735,CUST-0000003735,2017-05-06 12:02:11
0000003736,CUST-0000003736,2015-09-08 12:32:20
0000003737,CUST-0000003737,2017-05-06 01:31:13
0000003738,CUST-0000003738,2015-07-12 16:22:45
0000003739,CUST-0000003739,2016-10-03 21:15:17
0000003740,CUST-0000003740,2015-10-25 14:14:05
0000003741,CUST-0000003741,2015-11-20 09:37:55
0000003742,CUST-0000003742,2015-04-11 02:34:07
0000003743,CUST-0000003743,2017-11-12 08:42:26
0000003744,CUST-0000003744,2018-08-21 23:09:45
0000003745,CUST-0000003745,2018-01-19 01:43:06
0000003746,CUST-0000003746,2015-12-11 18:09:38
0000003747,CUST-0000003747,2016-10-11 15:26:53
0000003748,CUST-0000003748,2018-07-23 19:41:28
0000003749,CUST-0000003749,2017-08-12 16:38:24
0000003750,CUST-0000003750,2018-01-18 23:09:07
0000003751,CUST-0000003751,2015-01-27 22:36:35
0000003752,CUST-0000003752,2016-11-07 11:48:14
0000003753,CUST-0000003753,2017-02-01 18:42:43
0000003754,CUST-0000003754,2015-08-21 08:09:53
0000003755,CUST-0000003755,2017-12-20 02:14:47
0000003756,CUST-0000003756,2016-07-24 23:40:11
0000003757,CUST-0000003757,2015-05-09 22:54:24
0000003758,CUST-0000003758,2014-10-15 10:46:17
0000003759,CUST-0000003759,2018-07-19 04:56:01
0000003760,CUST-0000003760,2015-11-24 19:54:46
0000003761,CUST-0000003761,2017-09-18 13:11:37
0000003762,CUST-0000003762,2017-10-29 10:21:31
0000003763,CUST-0000003763,2015-07-04 07:17:30
0000003764,CUST-0000003764,2015-09-06 01:24:43
0000003765,CUST-0000003765,2014-10-22 00:58:47
0000003766,CUST-0000003766,2015-09-02 21:38:21
0000003767,CUST-0000003767,2017-06-19 09:32:19
0000003768,CUST-0000003768,2018-04-14 06:45:32
0000003769,CUST-0000003769,2018-02-14 04:14:29
0000003770,CUST-0000003770,2015-04-20 03:08:33
0000003771,CUST-0000003771,2015-08-28 19:50:38
0000003772,CUST-0000003772,2018-02-12 20:50:09
0000003773,CUST-0000003773,2017-06-18 15:41:37
0000003774,CUST-0000003774,2016-01-22 03:05:51
0000003775,CUST-0000003775,2015-12-08 17:26:41
0000003776,CUST-0000003776,2018-02-22 08:42:29
0000003777,CUST-0000003777,2017-03-31 09:35:37
0000003778,CUST-0000003778,2017-05-03 18:54:17
0000003779,CUST-0000003779,2017-12-02 08:13:54
0000003780,CUST-0000003780,2016-07-24 00:57:00
0000003781,CUST-0000003781,2017-09-20 20:52:27
0000003782,CUST-0000003782,2018-09-12 12:34:28
0000003783,CUST-0000003783,2018-01-02 09:01:22
0000003784,CUST-0000003784,2018-05-28 09:59:19
0000003785,CUST-0000003785,2017-07-25 01:06:53
0000003786,CUST-0000003786,2015-04-12 23:42:19
0000003787,CUST-0000003787,2017-09-23 05:10:30
0000003788,CUST-0000003788,2018-02-21 07:42:11
0000003789,CUST-0000003789,2017-06-15 15:35:46
0000003790,CUST-0000003790,2016-07-20 20:29:00
0000003791,CUST-0000003791,2015-10-16 00:37:07
0000003792,CUST-0000003792,2016-06-19 09:17:47
0000003793,CUST-0000003793,2015-11-15 15:40:56
0000003794,CUST-0000003794,2018-01-16 01:24:18
0000003795,CUST-0000003795,2016-01-29 14:33:01
0000003796,CUST-0000003796,2018-09-30 18:40:23
0000003797,CUST-0000003797,2017-05-09 02:53:36
0000003798,CUST-0000003798,2014-10-31 13:48:28
0000003799,CUST-0000003799,2016-08-09 01:07:49
0000003800,CUST-0000003800,2017-04-29 06:23:16
0000003801,CUST-0000003801,2015-12-21 16:27:34
0000003802,CUST-0000003802,2017-08-29 10:33:39
0000003803,CUST-0000003803,2017-06-24 00:15:10
0000003804,CUST-0000003804,2017-12-02 18:04:42
0000003805,CUST-0000003805,2017-04-11 04:34:36
0000003806,CUST-0000003806,2016-08-01 19:18:37
0000003807,CUST-0000003807,2017-04-28 01:04:10
0000003808,CUST-0000003808,2015-09-22 04:07:56
0000003809,CUST-0000003809,2018-08-31 08:45:29
0000003810,CUST-0000003810,2016-01-16 20:46:05
0000003811,CUST-0000003811,2016-05-16 20:58:27
0000003812,CUST-0000003812,2014-11-13 17:19:47
0000003813,CUST-0000003813,2015-12-19 00:16:56
0000003814,CUST-0000003814,2015-02-20 16:16:06
0000003815,CUST-0000003815,2017-01-06 04:16:46
0000003816,CUST-0000003816,2017-11-11 15:23:06
0000003817,CUST-0000003817,2018-01-26 22:40:52
0000003818,CUST-0000003818,2015-08-07 10:59:09
0000003819,CUST-0000003819,2017-10-19 22:46:27
0000003820,CUST-0000003820,2015-09-26 07:21:15
0000003821,CUST-0000003821,2015-07-22 20:11:58
0000003822,CUST-0000003822,2015-03-14 16:36:54
0000003823,CUST-0000003823,2016-11-09 18:50:49
0000003824,CUST-0000003824,2018-05-13 00:04:25
0000003825,CUST-0000003825,2017-05-06 13:54:06
0000003826,CUST-0000003826,2016-09-26 11:02:51
0000003827,CUST-0000003827,2014-10-16 06:43:32
0000003828,CUST-0000003828,2017-05-31 06:17:00
0000003829,CUST-0000003829,2015-02-17 20:12:15
0000003830,CUST-0000003830,2017-12-10 19:42:08
0000003831,CUST-0000003831,2016-03-13 02:18:00
0000003832,CUST-0000003832,2014-12-11 17:11:56
0000003833,CUST-0000003833,2015-10-25 22:59:33
0000003834,CUST-0000003834,2017-06-16 09:56:17
0000003835,CUST-0000003835,2015-04-28 14:55:19
0000003836,CUST-0000003836,2016-12-30 16:04:46
0000003837,CUST-0000003837,2016-04-08 21:20:05
0000003838,CUST-0000003838,2017-09-08 11:11:22
0000003839,CUST-0000003839,2018-06-07 06:46:06
0000003840,CUST-0000003840,2016-09-09 16:08:24
0000003841,CUST-0000003841,2016-11-22 03:09:03
0000003842,CUST-0000003842,2016-11-07 20:18:55
0000003843,CUST-0000003843,2016-10-06 07:38:37
0000003844,CUST-0000003844,2018-01-04 17:56:01
0000003845,CUST-0000003845,2018-01-17 05:26:28
0000003846,CUST-0000003846,2015-12-26 06:26:02
0000003847,CUST-0000003847,2018-07-29 08:29:09
0000003848,CUST-0000003848,2015-09-23 21:15:54
0000003849,CUST-0000003849,2017-05-13 01:14:20
0000003850,CUST-0000003850,2014-12-11 04:30:25
0000003851,CUST-0000003851,2017-04-06 16:55:14
0000003852,CUST-0000003852,2016-08-11 19:40:25
0000003853,CUST-0000003853,2017-01-28 05:14:44
0000003854,CUST-0000003854,2017-02-24 01:05:47
0000003855,CUST-0000003855,2015-03-31 16:23:42
0000003856,CUST-0000003856,2015-10-28 20:14:48
0000003857,CUST-0000003857,2018-04-28 13:33:17
0000003858,CUST-0000003858,2015-06-11 18:33:41
0000003859,CUST-0000003859,2015-03-13 01:20:26
0000003860,CUST-0000003860,2015-08-03 21:00:29
0000003861,CUST-0000003861,2018-10-08 08:24:52
0000003862,CUST-0000003862,2016-02-21 13:52:35
0000003863,CUST-0000003863,2017-06-01 16:05:03
0000003864,CUST-0000003864,2015-04-29 12:15:47
0000003865,CUST-0000003865,2016-05-01 23:46:19
0000003866,CUST-0000003866,2017-12-07 03:18:52
0000003867,CUST-0000003867,2017-08-16 06:46:04
0000003868,CUST-0000003868,2015-06-02 02:22:40
0000003869,CUST-0000003869,2017-01-28 19:58:41
0000003870,CUST-0000003870,2016-04-17 07:34:06
0000003871,CUST-0000003871,2015-01-18 17:04:36
0000003872,CUST-0000003872,2015-04-26 00:50:42
0000003873,CUST-0000003873,2017-05-22 09:53:58
0000003874,CUST-0000003874,2017-05-05 17:58:37
0000003875,CUST-0000003875,2015-12-18 20:50:51
0000003876,CUST-0000003876,2016-04-16 19:44:43
0000003877,CUST-0000003877,2016-10-13 01:34:48
0000003878,CUST-0000003878,2017-12-07 08:43:43
0000003879,CUST-0000003879,2017-04-14 08:05:36
0000003880,CUST-0000003880,2015-10-23 14:46:15
0000003881,CUST-0000003881,2018-03-14 12:56:58
0000003882,CUST-0000003882,2015-12-11 16:27:07
0000003883,CUST-0000003883,2016-08-19 15:33:09
0000003884,CUST-0000003884,2017-08-01 17:21:53
0000003885,CUST-0000003885,2016-03-12 15:40:01
0000003886,CUST-0000003886,2016-11-16 01:36:43
0000003887,CUST-0000003887,2015-03-12 20:29:57
0000003888,CUST-0000003888,2018-01-31 11:25:37
0000003889,CUST-0000003889,2015-01-24 14:36:12
0000003890,CUST-0000003890,2015-11-19 11:25:29
0000003891,CUST-0000003891,2017-11-01 21:20:24
0000003892,CUST-0000003892,2018-05-22 06:42:44
0000003893,CUST-0000003893,2016-08-12 23:48:50
0000003894,CUST-0000003894,2016-10-10 12:14:05
0000003895,CUST-0000003895,2015-01-26 17:55:47
0000003896,CUST-0000003896,2015-06-04 07:25:39
0000003897,CUST-0000003897,2015-06-17 08:00:36
0000003898,CUST-0000003898,2017-03-16 20:59:21
0000003899,CUST-0000003899,2018-07-15 20:28:52
0000003900,CUST-0000003900,2017-07-30 17:24:12
0000003901,CUST-0000003901,2015-09-28 00:15:05
0000003902,CUST-0000003902,2016-06-13 04:46:50
0000003903,CUST-0000003903,2017-10-30 04:00:39
0000003904,CUST-0000003904,2015-01-10 23:29:10
0000003905,CUST-0000003905,2016-12-14 13:00:15
0000003906,CUST-0000003906,2018-02-16 10:21:28
0000003907,CUST-0000003907,2015-07-04 14:05:12
0000003908,CUST-0000003908,2016-11-04 05:56:41
0000003909,CUST-0000003909,2017-07-22 15:22:17
0000003910,CUST-0000003910,2016-06-28 01:32:50
0000003911,CUST-0000003911,2017-03-29 15:28:06
0000003912,CUST-0000003912,2016-06-14 04:47:42
0000003913,CUST-0000003913,2014-12-08 22:30:33
0000003914,CUST-0000003914,2017-01-23 05:12:33
0000003915,CUST-0000003915,2016-05-10 06:31:20
0000003916,CUST-0000003916,2017-09-05 01:38:04
0000003917,CUST-0000003917,2018-01-30 17:05:26
0000003918,CUST-0000003918,2014-12-04 14:06:19
0000003919,CUST-0000003919,2015-09-29 14:31:40
0000003920,CUST-0000003920,2017-01-16 21:43:39
0000003921,CUST-0000003921,2016-01-24 23:40:57
0000003922,CUST-0000003922,2015-12-25 17:52:45
0000003923,CUST-0000003923,2016-09-24 18:06:14
0000003924,CUST-0000003924,2016-12-18 05:23:13
0000003925,CUST-0000003925,2016-11-12 05:30:40
0000003926,CUST-0000003926,2015-05-29 14:13:00
0000003927,CUST-0000003927,2018-09-23 22:47:22
0000003928,CUST-0000003928,2018-04-13 06:51:36
0000003929,CUST-0000003929,2017-02-26 05:26:23
0000003930,CUST-0000003930,2018-09-26 22:00:37
0000003931,CUST-0000003931,2017-03-13 01:07:39
0000003932,CUST-0000003932,2014-11-28 11:03:31
0000003933,CUST-0000003933,2016-05-18 19:19:46
0000003934,CUST-0000003934,2016-01-06 22:40:19
0000003935,CUST-0000003935,2016-03-05 18:54:28
0000003936,CUST-0000003936,2016-03-29 10:16:33
0000003937,CUST-0000003937,2014-11-01 10:56:28
0000003938,CUST-0000003938,2017-09-24 04:40:11
0000003939,CUST-0000003939,2018-05-24 16:57:51
0000003940,CUST-0000003940,2015-09-01 19:11:49
0000003941,CUST-0000003941,2015-10-15 04:40:43
0000003942,CUST-0000003942,2018-06-18 22:47:00
0000003943,CUST-0000003943,2016-08-02 20:13:23
0000003944,CUST-0000003944,2018-03-28 23:54:30
0000003945,CUST-0000003945,2017-07-16 00:08:17
0000003946,CUST-0000003946,2017-03-02 12:56:32
0000003947,CUST-0000003947,2018-05-21 21:40:08
0000003948,CUST-0000003948,2014-12-10 13:11:43
0000003949,CUST-0000003949,2017-03-22 21:08:24
0000003950,CUST-0000003950,2018-08-12 03:21:29
0000003951,CUST-0000003951,2015-03-23 11:00:55
0000003952,CUST-0000003952,2015-09-06 15:02:59
0000003953,CUST-0000003953,2016-09-19 20:51:03
0000003954,CUST-0000003954,2015-11-20 04:38:40
0000003955,CUST-0000003955,2017-08-04 07:48:20
0000003956,CUST-0000003956,2017-06-27 21:55:16
0000003957,CUST-0000003957,2016-04-23 00:30:06
0000003958,CUST-0000003958,2016-07-20 20:13:40
0000003959,CUST-0000003959,2016-03-13 00:39:19
0000003960,CUST-0000003960,2018-10-02 16:21:28
0000003961,CUST-0000003961,2018-02-04 21:09:16
0000003962,CUST-0000003962,2016-05-19 09:31:05
0000003963,CUST-0000003963,2016-07-08 14:35:45
0000003964,CUST-0000003964,2015-09-23 12:49:38
0000003965,CUST-0000003965,2017-05-11 23:47:26
0000003966,CUST-0000003966,2018-02-21 18:57:49
0000003967,CUST-0000003967,2017-10-03 04:18:32
0000003968,CUST-0000003968,2016-08-30 09:11:25
0000003969,CUST-0000003969,2016-09-29 20:06:55
0000003970,CUST-0000003970,2016-11-19 20:58:43
0000003971,CUST-0000003971,2016-02-07 17:46:18
0000003972,CUST-0000003972,2018-04-10 17:40:38
0000003973,CUST-0000003973,2017-09-11 07:17:57
0000003974,CUST-0000003974,2018-03-31 02:43:49
0000003975,CUST-0000003975,2016-11-24 11:12:43
0000003976,CUST-0000003976,2017-08-28 15:01:33
0000003977,CUST-0000003977,2018-03-24 13:59:53
0000003978,CUST-0000003978,2015-10-19 00:58:27
0000003979,CUST-0000003979,2018-02-09 01:38:25
0000003980,CUST-0000003980,2016-05-07 11:07:29
0000003981,CUST-0000003981,2017-04-11 13:13:08
0000003982,CUST-0000003982,2017-11-22 17:48:00
0000003983,CUST-0000003983,2014-12-14 12:13:13
0000003984,CUST-0000003984,2015-04-08 06:39:31
0000003985,CUST-0000003985,2015-11-02 12:29:20
0000003986,CUST-0000003986,2015-06-17 10:40:49
0000003987,CUST-0000003987,2015-12-28 01:51:32
0000003988,CUST-0000003988,2016-10-21 21:38:45
0000003989,CUST-0000003989,2016-08-12 22:32:16
0000003990,CUST-0000003990,2017-03-25 16:08:31
0000003991,CUST-0000003991,2015-05-29 23:34:23
0000003992,CUST-0000003992,2015-03-05 22:42:35
0000003993,CUST-0000003993,2016-01-26 19:06:49
0000003994,CUST-0000003994,2015-10-13 13:32:22
0000003995,CUST-0000003995,2016-02-10 08:03:40
0000003996,CUST-0000003996,2018-04-14 12:48:24
0000003997,CUST-0000003997,2018-08-10 11:26:26
0000003998,CUST-0000003998,2016-06-27 13:08:32
0000003999,CUST-0000003999,2017-02-20 14:21:56
0000004000,CUST-0000004000,2018-07-25 09:00:58
0000004001,CUST-0000004001,2016-11-21 21:39:00
0000004002,CUST-0000004002,2015-04-02 17:48:44
0000004003,CUST-0000004003,2018-02-16 14:15:46
0000004004,CUST-0000004004,2017-06-13 00:47:27
0000004005,CUST-0000004005,2017-07-26 11:42:10
0000004006,CUST-0000004006,2016-11-09 00:50:05
0000004007,CUST-0000004007,2016-02-25 01:03:20
0000004008,CUST-0000004008,2016-01-29 03:06:06
0000004009,CUST-0000004009,2017-06-07 14:31:54
0000004010,CUST-0000004010,2018-01-22 06:49:49
0000004011,CUST-0000004011,2015-01-02 03:43:48
0000004012,CUST-0000004012,2016-11-24 18:23:14
0000004013,CUST-0000004013,2018-02-08 01:05:27
0000004014,CUST-0000004014,2015-10-04 23:30:05
0000004015,CUST-0000004015,2017-06-30 09:15:32
0000004016,CUST-0000004016,2014-11-26 00:15:48
0000004017,CUST-0000004017,2016-02-01 06:43:29
0000004018,CUST-0000004018,2017-05-24 03:00:40
0000004019,CUST-0000004019,2018-07-16 20:03:17
0000004020,CUST-0000004020,2016-09-29 05:47:14
0000004021,CUST-0000004021,2017-07-18 00:46:35
0000004022,CUST-0000004022,2018-10-03 08:54:49
0000004023,CUST-0000004023,2018-06-08 06:33:13
0000004024,CUST-0000004024,2018-08-18 04:16:37
0000004025,CUST-0000004025,2017-02-18 04:39:40
0000004026,CUST-0000004026,2018-06-18 10:57:26
0000004027,CUST-0000004027,2018-06-17 12:37:08
0000004028,CUST-0000004028,2017-08-17 21:22:07
0000004029,CUST-0000004029,2017-06-12 19:09:38
0000004030,CUST-0000004030,2016-01-18 05:17:29
0000004031,CUST-0000004031,2015-06-26 12:55:35
0000004032,CUST-0000004032,2016-11-19 12:19:21
0000004033,CUST-0000004033,2015-12-17 16:30:38
0000004034,CUST-0000004034,2015-11-25 20:11:07
0000004035,CUST-0000004035,2017-02-26 14:49:35
0000004036,CUST-0000004036,2015-06-08 13:08:51
0000004037,CUST-0000004037,2018-06-05 18:29:16
0000004038,CUST-0000004038,2015-07-21 06:33:02
0000004039,CUST-0000004039,2018-01-24 07:53:39
0000004040,CUST-0000004040,2015-06-26 09:02:27
0000004041,CUST-0000004041,2015-09-14 11:18:23
0000004042,CUST-0000004042,2017-08-31 20:31:17
0000004043,CUST-0000004043,2017-11-28 12:00:39
0000004044,CUST-0000004044,2017-11-26 05:34:19
0000004045,CUST-0000004045,2017-03-09 13:23:30
0000004046,CUST-0000004046,2016-11-14 10:18:02
0000004047,CUST-0000004047,2016-10-16 12:56:55
0000004048,CUST-0000004048,2018-01-31 15:26:09
0000004049,CUST-0000004049,2015-08-19 22:18:35
0000004050,CUST-0000004050,2016-02-12 03:13:58
0000004051,CUST-0000004051,2018-04-01 22:46:57
0000004052,CUST-0000004052,2018-07-28 19:03:37
0000004053,CUST-0000004053,2015-06-04 02:51:00
0000004054,CUST-0000004054,2017-10-20 01:35:29
0000004055,CUST-0000004055,2017-05-30 18:11:46
0000004056,CUST-0000004056,2015-01-15 08:35:59
0000004057,CUST-0000004057,2016-04-01 18:55:22
0000004058,CUST-0000004058,2018-01-06 00:17:15
0000004059,CUST-0000004059,2017-09-24 10:42:08
0000004060,CUST-0000004060,2017-12-09 15:02:16
0000004061,CUST-0000004061,2017-04-30 16:51:39
0000004062,CUST-0000004062,2015-11-13 03:22:59
0000004063,CUST-0000004063,2015-01-19 03:12:55
0000004064,CUST-0000004064,2016-04-27 14:41:11
0000004065,CUST-0000004065,2015-08-29 20:35:01
0000004066,CUST-0000004066,2018-02-02 19:34:47
0000004067,CUST-0000004067,2017-05-30 23:39:47
0000004068,CUST-0000004068,2017-07-03 17:01:43
0000004069,CUST-0000004069,2017-08-18 18:44:20
0000004070,CUST-0000004070,2016-12-03 11:56:13
0000004071,CUST-0000004071,2018-10-05 01:58:12
0000004072,CUST-0000004072,2017-04-23 23:16:14
0000004073,CUST-0000004073,2016-09-17 14:58:01
0000004074,CUST-0000004074,2017-05-13 09:13:06
0000004075,CUST-0000004075,2017-12-04 03:11:45
0000004076,CUST-0000004076,2018-06-28 09:05:10
0000004077,CUST-0000004077,2017-06-14 08:08:53
0000004078,CUST-0000004078,2017-09-20 06:45:30
0000004079,CUST-0000004079,2016-01-10 21:31:09
0000004080,CUST-0000004080,2017-08-17 19:57:03
0000004081,CUST-0000004081,2015-12-09 22:24:48
0000004082,CUST-0000004082,2015-07-09 14:47:51
0000004083,CUST-0000004083,2016-10-20 22:26:35
0000004084,CUST-0000004084,2017-02-23 07:50:55
0000004085,CUST-0000004085,2016-05-16 02:47:47
0000004086,CUST-0000004086,2016-03-12 04:00:48
0000004087,CUST-0000004087,2017-05-24 03:00:37
0000004088,CUST-0000004088,2016-07-16 01:34:26
0000004089,CUST-0000004089,2016-11-13 18:34:31
0000004090,CUST-0000004090,2017-12-29 01:58:16
0000004091,CUST-0000004091,2017-12-19 16:33:17
0000004092,CUST-0000004092,2016-10-10 15:53:49
0000004093,CUST-0000004093,2018-04-22 19:01:31
0000004094,CUST-0000004094,2018-09-05 22:55:28
0000004095,CUST-0000004095,2015-07-04 11:38:20
0000004096,CUST-0000004096,2014-10-24 19:13:27
0000004097,CUST-0000004097,2017-10-13 14:24:57
0000004098,CUST-0000004098,2018-02-25 20:52:54
0000004099,CUST-0000004099,2017-01-24 02:30:20
0000004100,CUST-0000004100,2015-05-16 08:03:33
0000004101,CUST-0000004101,2016-06-08 07:23:38
0000004102,CUST-0000004102,2016-02-29 01:55:38
0000004103,CUST-0000004103,2017-06-19 16:24:52
0000004104,CUST-0000004104,2018-02-24 06:41:48
0000004105,CUST-0000004105,2016-03-24 13:47:02
0000004106,CUST-0000004106,2016-01-03 08:37:11
0000004107,CUST-0000004107,2018-06-14 12:38:23
0000004108,CUST-0000004108,2018-08-13 18:54:03
0000004109,CUST-0000004109,2016-10-13 05:26:01
0000004110,CUST-0000004110,2016-07-29 06:33:03
0000004111,CUST-0000004111,2015-02-11 06:38:12
0000004112,CUST-0000004112,2018-05-30 04:24:56
0000004113,CUST-0000004113,2015-05-17 08:01:12
0000004114,CUST-0000004114,2015-08-28 02:26:53
0000004115,CUST-0000004115,2018-01-04 18:11:22
0000004116,CUST-0000004116,2017-03-20 21:25:58
0000004117,CUST-0000004117,2018-03-18 03:49:46
0000004118,CUST-0000004118,2015-06-10 13:10:50
0000004119,CUST-0000004119,2016-09-15 14:36:35
0000004120,CUST-0000004120,2015-12-29 12:59:42
0000004121,CUST-0000004121,2015-09-07 04:45:33
0000004122,CUST-0000004122,2015-12-22 16:25:30
0000004123,CUST-0000004123,2016-09-06 14:04:36
0000004124,CUST-0000004124,2018-04-28 22:16:08
0000004125,CUST-0000004125,2017-12-09 13:53:27
0000004126,CUST-0000004126,2015-08-02 15:18:00
0000004127,CUST-0000004127,2014-12-20 01:22:04
0000004128,CUST-0000004128,2016-12-21 23:21:08
0000004129,CUST-0000004129,2016-12-04 12:04:08
0000004130,CUST-0000004130,2015-06-02 10:04:36
0000004131,CUST-0000004131,2016-07-06 21:30:49
0000004132,CUST-0000004132,2015-07-29 06:00:53
0000004133,CUST-0000004133,2018-04-23 16:02:16
0000004134,CUST-0000004134,2016-01-25 20:28:53
0000004135,CUST-0000004135,2017-08-13 12:44:01
0000004136,CUST-0000004136,2015-06-24 05:07:24
0000004137,CUST-0000004137,2016-06-06 06:47:18
0000004138,CUST-0000004138,2016-12-14 00:36:12
0000004139,CUST-0000004139,2018-06-08 02:27:21
0000004140,CUST-0000004140,2016-10-25 10:08:11
0000004141,CUST-0000004141,2018-03-05 19:05:56
0000004142,CUST-0000004142,2016-09-12 16:19:19
0000004143,CUST-0000004143,2015-12-15 23:05:20
0000004144,CUST-0000004144,2017-09-18 10:54:24
0000004145,CUST-0000004145,2016-06-18 10:25:24
0000004146,CUST-0000004146,2016-06-09 05:55:21
0000004147,CUST-0000004147,2017-06-24 12:26:25
0000004148,CUST-0000004148,2017-12-18 09:06:02
0000004149,CUST-0000004149,2016-04-12 08:57:39
0000004150,CUST-0000004150,2015-04-10 12:23:52
0000004151,CUST-0000004151,2017-05-16 20:46:40
0000004152,CUST-0000004152,2017-04-26 23:01:30
0000004153,CUST-0000004153,2017-11-05 10:35:50
0000004154,CUST-0000004154,2015-05-15 12:17:08
0000004155,CUST-0000004155,2015-10-23 12:13:30
0000004156,CUST-0000004156,2014-12-29 07:10:28
0000004157,CUST-0000004157,2015-11-14 12:23:55
0000004158,CUST-0000004158,2016-04-23 23:32:56
0000004159,CUST-0000004159,2015-06-14 06:29:27
0000004160,CUST-0000004160,2017-11-16 20:46:07
0000004161,CUST-0000004161,2017-07-23 18:41:10
0000004162,CUST-0000004162,2015-07-09 04:24:19
0000004163,CUST-0000004163,2018-02-04 05:54:31
0000004164,CUST-0000004164,2018-07-14 05:32:22
0000004165,CUST-0000004165,2014-11-24 19:45:01
0000004166,CUST-0000004166,2015-05-16 03:42:20
0000004167,CUST-0000004167,2014-11-18 23:16:29
0000004168,CUST-0000004168,2015-08-20 23:50:03
0000004169,CUST-0000004169,2018-06-05 18:50:14
0000004170,CUST-0000004170,2016-10-04 14:39:35
0000004171,CUST-0000004171,2015-09-23 09:07:40
0000004172,CUST-0000004172,2016-07-23 06:20:26
0000004173,CUST-0000004173,2017-12-28 11:24:03
0000004174,CUST-0000004174,2015-10-06 15:26:02
0000004175,CUST-0000004175,2018-01-07 22:32:23
0000004176,CUST-0000004176,2018-05-09 01:26:45
0000004177,CUST-0000004177,2017-07-19 01:18:11
0000004178,CUST-0000004178,2016-11-03 10:04:02
0000004179,CUST-0000004179,2015-06-12 06:28:35
0000004180,CUST-0000004180,2015-09-06 06:09:45
0000004181,CUST-0000004181,2015-11-18 00:46:37
0000004182,CUST-0000004182,2015-02-15 08:27:21
0000004183,CUST-0000004183,2014-12-28 02:56:40
0000004184,CUST-0000004184,2016-10-31 00:14:56
0000004185,CUST-0000004185,2015-01-30 21:02:22
0000004186,CUST-0000004186,2014-10-28 15:05:42
0000004187,CUST-0000004187,2018-05-13 22:14:30
0000004188,CUST-0000004188,2017-11-10 13:29:59
0000004189,CUST-0000004189,2016-12-08 22:17:39
0000004190,CUST-0000004190,2018-02-27 03:37:21
0000004191,CUST-0000004191,2015-05-19 00:21:26
0000004192,CUST-0000004192,2016-01-07 08:38:30
0000004193,CUST-0000004193,2017-04-23 04:53:24
0000004194,CUST-0000004194,2014-10-18 07:14:06
0000004195,CUST-0000004195,2016-04-19 02:17:54
0000004196,CUST-0000004196,2017-11-13 16:03:53
0000004197,CUST-0000004197,2017-01-21 22:04:32
0000004198,CUST-0000004198,2015-10-10 18:20:43
0000004199,CUST-0000004199,2018-06-21 15:43:41
0000004200,CUST-0000004200,2014-10-27 15:12:00
0000004201,CUST-0000004201,2018-07-10 04:41:46
0000004202,CUST-0000004202,2015-09-21 03:10:35
0000004203,CUST-0000004203,2015-10-14 16:13:27
0000004204,CUST-0000004204,2017-03-12 20:40:32
0000004205,CUST-0000004205,2015-01-18 18:02:36
0000004206,CUST-0000004206,2017-01-19 11:07:14
0000004207,CUST-0000004207,2018-07-09 00:45:27
0000004208,CUST-0000004208,2016-11-25 16:34:25
0000004209,CUST-0000004209,2014-12-19 08:26:51
0000004210,CUST-0000004210,2015-02-02 03:05:52
0000004211,CUST-0000004211,2016-01-08 15:25:11
0000004212,CUST-0000004212,2018-01-19 07:45:29
0000004213,CUST-0000004213,2017-07-06 01:24:50
0000004214,CUST-0000004214,2015-11-30 03:04:34
0000004215,CUST-0000004215,2015-10-03 20:13:33
0000004216,CUST-0000004216,2014-12-22 01:27:29
0000004217,CUST-0000004217,2015-10-01 23:12:46
0000004218,CUST-0000004218,2018-08-03 13:10:08
0000004219,CUST-0000004219,2017-06-14 21:14:44
0000004220,CUST-0000004220,2016-06-21 08:17:51
0000004221,CUST-0000004221,2018-06-20 17:02:55
0000004222,CUST-0000004222,2016-10-04 23:37:30
0000004223,CUST-0000004223,2018-07-28 16:23:25
0000004224,CUST-0000004224,2018-03-07 01:08:20
0000004225,CUST-0000004225,2018-08-26 22:31:14
0000004226,CUST-0000004226,2016-07-07 03:50:47
0000004227,CUST-0000004227,2017-03-16 03:27:02
0000004228,CUST-0000004228,2015-11-06 15:14:05
0000004229,CUST-0000004229,2017-02-01 18:06:56
0000004230,CUST-0000004230,2018-09-07 04:16:37
0000004231,CUST-0000004231,2014-11-20 10:23:10
0000004232,CUST-0000004232,2016-03-04 08:53:37
0000004233,CUST-0000004233,2015-02-01 09:20:02
0000004234,CUST-0000004234,2017-04-23 08:17:09
0000004235,CUST-0000004235,2017-03-10 19:12:06
0000004236,CUST-0000004236,2017-02-26 08:55:20
0000004237,CUST-0000004237,2016-10-08 13:47:50
0000004238,CUST-0000004238,2017-11-03 16:53:00
0000004239,CUST-0000004239,2017-06-01 16:45:31
0000004240,CUST-0000004240,2016-10-14 13:53:02
0000004241,CUST-0000004241,2017-01-02 03:19:41
0000004242,CUST-0000004242,2016-11-19 09:23:14
0000004243,CUST-0000004243,2016-08-24 00:25:17
0000004244,CUST-0000004244,2018-06-23 01:12:11
0000004245,CUST-0000004245,2014-12-27 11:15:39
0000004246,CUST-0000004246,2016-09-21 07:17:16
0000004247,CUST-0000004247,2014-12-06 11:23:02
0000004248,CUST-0000004248,2016-06-15 03:06:16
0000004249,CUST-0000004249,2016-07-09 19:17:43
0000004250,CUST-0000004250,2017-09-30 06:58:20
0000004251,CUST-0000004251,2014-11-19 07:30:34
0000004252,CUST-0000004252,2015-06-28 22:57:14
0000004253,CUST-0000004253,2017-02-13 04:47:17
0000004254,CUST-0000004254,2015-08-08 14:13:06
0000004255,CUST-0000004255,2016-08-01 10:50:13
0000004256,CUST-0000004256,2015-08-15 12:48:09
0000004257,CUST-0000004257,2017-05-07 00:53:12
0000004258,CUST-0000004258,2015-05-23 15:50:24
0000004259,CUST-0000004259,2017-12-24 23:01:08
0000004260,CUST-0000004260,2016-10-01 03:47:31
0000004261,CUST-0000004261,2014-12-05 14:21:14
0000004262,CUST-0000004262,2014-12-16 21:16:50
0000004263,CUST-0000004263,2017-11-25 08:50:23
0000004264,CUST-0000004264,2017-04-20 12:14:16
0000004265,CUST-0000004265,2014-10-17 10:28:55
0000004266,CUST-0000004266,2014-12-11 10:11:21
0000004267,CUST-0000004267,2016-02-08 14:06:25
0000004268,CUST-0000004268,2018-03-20 02:56:26
0000004269,CUST-0000004269,2016-10-22 00:14:18
0000004270,CUST-0000004270,2014-12-19 23:10:18
0000004271,CUST-0000004271,2015-04-09 07:39:10
0000004272,CUST-0000004272,2015-03-11 16:37:54
0000004273,CUST-0000004273,2018-04-29 12:33:02
0000004274,CUST-0000004274,2016-08-24 00:03:05
0000004275,CUST-0000004275,2016-09-30 12:58:43
0000004276,CUST-0000004276,2016-10-10 06:36:31
0000004277,CUST-0000004277,2018-06-26 17:20:30
0000004278,CUST-0000004278,2017-09-10 10:01:05
0000004279,CUST-0000004279,2014-12-08 16:31:29
0000004280,CUST-0000004280,2016-02-16 05:29:18
0000004281,CUST-0000004281,2016-10-28 06:33:11
0000004282,CUST-0000004282,2017-06-16 07:38:06
0000004283,CUST-0000004283,2017-08-31 06:05:34
0000004284,CUST-0000004284,2015-05-19 10:18:14
0000004285,CUST-0000004285,2018-08-21 01:42:50
0000004286,CUST-0000004286,2016-11-11 19:42:17
0000004287,CUST-0000004287,2017-01-26 12:12:22
0000004288,CUST-0000004288,2014-12-23 14:19:16
0000004289,CUST-0000004289,2017-01-16 08:13:37
0000004290,CUST-0000004290,2018-03-06 17:43:51
0000004291,CUST-0000004291,2017-02-11 22:01:08
0000004292,CUST-0000004292,2018-08-02 16:04:43
0000004293,CUST-0000004293,2015-04-18 02:44:39
0000004294,CUST-0000004294,2015-04-09 08:35:52
0000004295,CUST-0000004295,2015-07-20 07:44:47
0000004296,CUST-0000004296,2016-04-24 19:54:01
0000004297,CUST-0000004297,2017-02-17 01:25:48
0000004298,CUST-0000004298,2016-05-08 21:27:45
0000004299,CUST-0000004299,2015-01-10 05:47:25
0000004300,CUST-0000004300,2017-12-25 13:15:37
0000004301,CUST-0000004301,2015-09-04 12:25:49
0000004302,CUST-0000004302,2014-10-25 11:06:08
0000004303,CUST-0000004303,2018-09-25 21:07:45
0000004304,CUST-0000004304,2016-06-27 23:47:17
0000004305,CUST-0000004305,2017-04-07 02:39:51
0000004306,CUST-0000004306,2015-04-26 21:55:13
0000004307,CUST-0000004307,2015-12-23 09:54:58
0000004308,CUST-0000004308,2017-06-06 09:00:43
0000004309,CUST-0000004309,2015-06-17 02:53:19
0000004310,CUST-0000004310,2017-09-01 14:06:32
0000004311,CUST-0000004311,2014-10-21 17:49:58
0000004312,CUST-0000004312,2016-05-14 04:26:22
0000004313,CUST-0000004313,2017-03-27 06:12:06
0000004314,CUST-0000004314,2018-03-01 22:00:14
0000004315,CUST-0000004315,2014-10-19 09:24:07
0000004316,CUST-0000004316,2018-01-03 07:27:43
0000004317,CUST-0000004317,2018-09-10 16:47:07
0000004318,CUST-0000004318,2015-01-23 00:14:40
0000004319,CUST-0000004319,2016-09-25 09:40:54
0000004320,CUST-0000004320,2017-01-01 15:12:27
0000004321,CUST-0000004321,2016-09-07 17:15:06
0000004322,CUST-0000004322,2018-01-25 00:18:23
0000004323,CUST-0000004323,2018-05-18 17:52:37
0000004324,CUST-0000004324,2015-12-18 17:45:17
0000004325,CUST-0000004325,2018-09-29 15:41:48
0000004326,CUST-0000004326,2015-02-26 19:09:28
0000004327,CUST-0000004327,2015-07-01 01:21:45
0000004328,CUST-0000004328,2017-05-01 08:59:57
0000004329,CUST-0000004329,2017-06-01 00:43:17
0000004330,CUST-0000004330,2015-12-03 09:34:11
0000004331,CUST-0000004331,2016-12-24 13:31:37
0000004332,CUST-0000004332,2015-07-31 14:17:51
0000004333,CUST-0000004333,2016-10-30 16:33:34
0000004334,CUST-0000004334,2014-10-11 03:14:24
0000004335,CUST-0000004335,2015-02-02 07:24:11
0000004336,CUST-0000004336,2015-05-30 22:22:53
0000004337,CUST-0000004337,2018-01-01 15:42:52
0000004338,CUST-0000004338,2015-02-06 18:00:08
0000004339,CUST-0000004339,2017-11-18 03:40:19
0000004340,CUST-0000004340,2015-07-26 01:30:34
0000004341,CUST-0000004341,2017-01-23 09:51:16
0000004342,CUST-0000004342,2018-03-31 14:13:28
0000004343,CUST-0000004343,2015-05-26 07:43:25
0000004344,CUST-0000004344,2017-02-27 06:52:01
0000004345,CUST-0000004345,2015-03-02 18:00:17
0000004346,CUST-0000004346,2015-01-01 09:57:48
0000004347,CUST-0000004347,2015-10-22 10:49:57
0000004348,CUST-0000004348,2017-05-22 06:42:09
0000004349,CUST-0000004349,2017-12-27 09:38:53
0000004350,CUST-0000004350,2018-04-16 00:52:32
0000004351,CUST-0000004351,2014-12-22 11:57:43
0000004352,CUST-0000004352,2016-01-11 15:52:49
0000004353,CUST-0000004353,2016-04-26 04:38:02
0000004354,CUST-0000004354,2015-08-25 03:53:10
0000004355,CUST-0000004355,2016-11-13 08:59:43
0000004356,CUST-0000004356,2017-12-29 02:30:40
0000004357,CUST-0000004357,2015-07-31 01:50:24
0000004358,CUST-0000004358,2015-12-12 06:35:15
0000004359,CUST-0000004359,2015-05-24 21:58:44
0000004360,CUST-0000004360,2014-11-29 21:51:50
0000004361,CUST-0000004361,2017-01-02 16:49:09
0000004362,CUST-0000004362,2018-04-20 03:15:40
0000004363,CUST-0000004363,2017-05-13 06:54:09
0000004364,CUST-0000004364,2016-07-28 09:43:22
0000004365,CUST-0000004365,2015-08-13 15:14:00
0000004366,CUST-0000004366,2014-11-26 00:16:17
0000004367,CUST-0000004367,2015-04-04 18:28:09
0000004368,CUST-0000004368,2018-07-12 21:24:30
0000004369,CUST-0000004369,2016-11-08 18:43:53
0000004370,CUST-0000004370,2016-02-01 06:01:58
0000004371,CUST-0000004371,2017-07-15 06:41:32
0000004372,CUST-0000004372,2017-08-24 12:07:13
0000004373,CUST-0000004373,2015-11-20 13:20:31
0000004374,CUST-0000004374,2015-03-08 08:19:31
0000004375,CUST-0000004375,2015-03-14 05:05:07
0000004376,CUST-0000004376,2017-09-28 04:39:21
0000004377,CUST-0000004377,2016-11-15 12:51:25
0000004378,CUST-0000004378,2017-06-26 17:38:47
0000004379,CUST-0000004379,2017-12-19 15:38:34
0000004380,CUST-0000004380,2015-04-21 17:10:48
0000004381,CUST-0000004381,2015-06-18 20:22:23
0000004382,CUST-0000004382,2015-05-17 05:33:51
0000004383,CUST-0000004383,2015-08-26 09:28:38
0000004384,CUST-0000004384,2015-09-18 17:02:00
0000004385,CUST-0000004385,2017-01-11 11:02:53
0000004386,CUST-0000004386,2014-12-01 20:27:43
0000004387,CUST-0000004387,2016-10-10 00:35:49
0000004388,CUST-0000004388,2015-08-08 05:19:41
0000004389,CUST-0000004389,2015-09-29 22:03:15
0000004390,CUST-0000004390,2017-05-09 23:13:48
0000004391,CUST-0000004391,2016-10-16 03:38:44
0000004392,CUST-0000004392,2015-11-10 18:59:50
0000004393,CUST-0000004393,2018-09-01 08:56:58
0000004394,CUST-0000004394,2018-04-15 08:21:27
0000004395,CUST-0000004395,2018-03-16 19:49:23
0000004396,CUST-0000004396,2016-02-22 15:19:18
0000004397,CUST-0000004397,2016-01-02 17:58:47
0000004398,CUST-0000004398,2018-03-27 18:14:49
0000004399,CUST-0000004399,2015-04-04 05:34:51
0000004400,CUST-0000004400,2017-02-20 00:10:38
0000004401,CUST-0000004401,2015-09-11 21:39:22
0000004402,CUST-0000004402,2016-01-18 23:08:29
0000004403,CUST-0000004403,2018-09-24 00:12:27
0000004404,CUST-0000004404,2017-02-14 11:14:49
0000004405,CUST-0000004405,2017-01-07 10:21:53
0000004406,CUST-0000004406,2014-11-26 20:06:50
0000004407,CUST-0000004407,2017-05-06 01:56:16
0000004408,CUST-0000004408,2017-03-09 22:49:55
0000004409,CUST-0000004409,2017-10-31 04:07:24
0000004410,CUST-0000004410,2017-04-14 02:46:11
0000004411,CUST-0000004411,2017-11-15 13:08:29
0000004412,CUST-0000004412,2016-04-28 17:00:52
0000004413,CUST-0000004413,2016-08-09 17:59:23
0000004414,CUST-0000004414,2016-07-10 16:14:09
0000004415,CUST-0000004415,2018-01-05 21:45:55
0000004416,CUST-0000004416,2016-11-26 06:52:26
0000004417,CUST-0000004417,2016-05-07 16:06:29
0000004418,CUST-0000004418,2018-07-18 22:23:01
0000004419,CUST-0000004419,2016-09-30 07:11:11
0000004420,CUST-0000004420,2016-04-06 11:44:11
0000004421,CUST-0000004421,2015-12-17 11:38:51
0000004422,CUST-0000004422,2017-06-20 18:04:46
0000004423,CUST-0000004423,2018-09-25 20:21:26
0000004424,CUST-0000004424,2018-07-19 12:22:10
0000004425,CUST-0000004425,2015-12-26 05:56:59
0000004426,CUST-0000004426,2015-08-10 00:56:21
0000004427,CUST-0000004427,2018-04-08 05:44:23
0000004428,CUST-0000004428,2016-05-18 07:06:57
0000004429,CUST-0000004429,2016-09-24 01:04:22
0000004430,CUST-0000004430,2018-05-27 17:04:41
0000004431,CUST-0000004431,2015-01-10 14:18:15
0000004432,CUST-0000004432,2017-09-05 22:57:54
0000004433,CUST-0000004433,2018-06-17 16:18:18
0000004434,CUST-0000004434,2015-09-23 02:55:18
0000004435,CUST-0000004435,2018-03-19 09:59:22
0000004436,CUST-0000004436,2018-05-17 21:16:47
0000004437,CUST-0000004437,2018-03-30 16:22:42
0000004438,CUST-0000004438,2016-01-24 16:59:31
0000004439,CUST-0000004439,2015-01-16 07:29:13
0000004440,CUST-0000004440,2016-03-28 18:22:45
0000004441,CUST-0000004441,2018-06-10 22:28:26
0000004442,CUST-0000004442,2015-04-20 22:07:30
0000004443,CUST-0000004443,2017-11-09 09:16:54
0000004444,CUST-0000004444,2018-01-05 16:33:46
0000004445,CUST-0000004445,2014-10-16 08:43:44
0000004446,CUST-0000004446,2017-11-25 17:13:59
0000004447,CUST-0000004447,2017-01-09 00:06:29
0000004448,CUST-0000004448,2017-04-04 02:09:06
0000004449,CUST-0000004449,2018-04-04 13:37:53
0000004450,CUST-0000004450,2016-07-10 06:14:16
0000004451,CUST-0000004451,2017-09-05 13:16:07
0000004452,CUST-0000004452,2017-04-12 13:14:44
0000004453,CUST-0000004453,2018-05-04 03:49:55
0000004454,CUST-0000004454,2017-02-16 20:40:00
0000004455,CUST-0000004455,2016-08-25 08:39:07
0000004456,CUST-0000004456,2018-01-31 14:51:00
0000004457,CUST-0000004457,2017-10-10 21:21:31
0000004458,CUST-0000004458,2015-04-22 19:14:06
0000004459,CUST-0000004459,2018-06-06 16:55:11
0000004460,CUST-0000004460,2015-10-22 08:01:07
0000004461,CUST-0000004461,2018-07-02 12:21:52
0000004462,CUST-0000004462,2015-12-14 03:20:31
0000004463,CUST-0000004463,2017-06-08 17:25:04
0000004464,CUST-0000004464,2018-07-04 23:08:41
0000004465,CUST-0000004465,2015-06-18 14:10:20
0000004466,CUST-0000004466,2017-12-12 02:19:30
0000004467,CUST-0000004467,2016-04-26 03:02:27
0000004468,CUST-0000004468,2017-09-13 02:57:48
0000004469,CUST-0000004469,2018-06-24 06:49:02
0000004470,CUST-0000004470,2018-02-20 06:17:09
0000004471,CUST-0000004471,2016-09-08 01:20:08
0000004472,CUST-0000004472,2017-11-08 01:10:49
0000004473,CUST-0000004473,2017-07-10 17:46:47
0000004474,CUST-0000004474,2015-11-12 11:43:32
0000004475,CUST-0000004475,2016-01-10 22:09:57
0000004476,CUST-0000004476,2016-05-03 00:34:39
0000004477,CUST-0000004477,2015-05-19 09:55:29
0000004478,CUST-0000004478,2015-07-31 02:01:37
0000004479,CUST-0000004479,2018-01-09 19:19:25
0000004480,CUST-0000004480,2015-04-24 15:15:38
0000004481,CUST-0000004481,2018-04-25 06:14:27
0000004482,CUST-0000004482,2016-08-23 11:18:57
0000004483,CUST-0000004483,2018-01-15 10:06:02
0000004484,CUST-0000004484,2016-11-20 05:44:00
0000004485,CUST-0000004485,2014-12-13 13:11:56
0000004486,CUST-0000004486,2016-12-02 02:46:07
0000004487,CUST-0000004487,2016-06-03 16:40:26
0000004488,CUST-0000004488,2016-01-30 21:26:39
0000004489,CUST-0000004489,2017-08-07 22:43:31
0000004490,CUST-0000004490,2017-04-06 01:23:06
0000004491,CUST-0000004491,2017-03-09 05:13:29
0000004492,CUST-0000004492,2014-12-26 22:08:47
0000004493,CUST-0000004493,2015-04-29 10:21:06
0000004494,CUST-0000004494,2016-05-03 06:06:04
0000004495,CUST-0000004495,2017-08-17 09:35:32
0000004496,CUST-0000004496,2017-09-18 16:20:28
0000004497,CUST-0000004497,2015-01-29 07:57:20
0000004498,CUST-0000004498,2014-12-22 08:25:30
0000004499,CUST-0000004499,2015-01-17 06:34:49
0000004500,CUST-0000004500,2014-12-08 02:25:57
0000004501,CUST-0000004501,2017-01-10 13:00:03
0000004502,CUST-0000004502,2015-05-02 12:02:41
0000004503,CUST-0000004503,2018-03-03 01:50:22
0000004504,CUST-0000004504,2017-06-15 01:47:43
0000004505,CUST-0000004505,2017-09-18 23:46:03
0000004506,CUST-0000004506,2016-11-20 01:02:14
0000004507,CUST-0000004507,2016-05-07 05:02:48
0000004508,CUST-0000004508,2017-01-21 18:27:39
0000004509,CUST-0000004509,2015-08-15 08:54:31
0000004510,CUST-0000004510,2018-06-20 06:20:41
0000004511,CUST-0000004511,2017-11-21 08:20:01
0000004512,CUST-0000004512,2016-09-03 19:53:11
0000004513,CUST-0000004513,2015-06-16 21:27:42
0000004514,CUST-0000004514,2014-10-23 21:15:43
0000004515,CUST-0000004515,2015-07-01 00:12:53
0000004516,CUST-0000004516,2017-11-24 19:09:45
0000004517,CUST-0000004517,2018-05-21 18:16:52
0000004518,CUST-0000004518,2016-05-25 17:50:37
0000004519,CUST-0000004519,2018-06-14 11:16:18
0000004520,CUST-0000004520,2018-03-07 15:03:32
0000004521,CUST-0000004521,2018-09-14 17:44:34
0000004522,CUST-0000004522,2017-02-25 23:34:41
0000004523,CUST-0000004523,2014-12-17 01:54:05
0000004524,CUST-0000004524,2016-10-28 13:03:18
0000004525,CUST-0000004525,2018-04-27 15:20:29
0000004526,CUST-0000004526,2016-05-31 08:42:04
0000004527,CUST-0000004527,2018-02-13 02:36:44
0000004528,CUST-0000004528,2017-09-21 04:47:42
0000004529,CUST-0000004529,2016-09-05 14:22:43
0000004530,CUST-0000004530,2018-04-26 05:17:27
0000004531,CUST-0000004531,2017-07-07 02:07:41
0000004532,CUST-0000004532,2016-05-28 09:07:05
0000004533,CUST-0000004533,2018-01-08 17:34:25
0000004534,CUST-0000004534,2018-02-25 17:45:44
0000004535,CUST-0000004535,2015-05-18 03:17:38
0000004536,CUST-0000004536,2016-06-01 05:27:28
0000004537,CUST-0000004537,2016-02-19 07:30:11
0000004538,CUST-0000004538,2015-05-13 18:57:47
0000004539,CUST-0000004539,2018-09-22 01:17:11
0000004540,CUST-0000004540,2018-09-02 07:56:13
0000004541,CUST-0000004541,2016-12-13 04:38:08
0000004542,CUST-0000004542,2015-08-26 18:44:42
0000004543,CUST-0000004543,2015-09-29 00:07:13
0000004544,CUST-0000004544,2015-01-24 02:26:35
0000004545,CUST-0000004545,2015-12-15 02:51:42
0000004546,CUST-0000004546,2015-12-06 02:40:51
0000004547,CUST-0000004547,2016-11-20 00:22:13
0000004548,CUST-0000004548,2018-08-07 08:11:20
0000004549,CUST-0000004549,2015-01-14 03:55:10
0000004550,CUST-0000004550,2016-11-06 04:35:33
0000004551,CUST-0000004551,2015-07-05 22:59:13
0000004552,CUST-0000004552,2018-06-20 13:26:25
0000004553,CUST-0000004553,2014-11-04 14:29:28
0000004554,CUST-0000004554,2015-12-19 12:56:41
0000004555,CUST-0000004555,2014-10-10 02:41:17
0000004556,CUST-0000004556,2016-07-12 03:05:27
0000004557,CUST-0000004557,2018-01-08 14:04:49
0000004558,CUST-0000004558,2015-08-14 11:06:06
0000004559,CUST-0000004559,2015-09-25 19:31:01
0000004560,CUST-0000004560,2014-10-22 21:12:45
0000004561,CUST-0000004561,2015-08-11 23:42:30
0000004562,CUST-0000004562,2018-08-08 15:06:43
0000004563,CUST-0000004563,2016-06-22 01:15:00
0000004564,CUST-0000004564,2015-09-08 19:59:35
0000004565,CUST-0000004565,2015-07-14 22:29:36
0000004566,CUST-0000004566,2016-04-15 05:58:01
0000004567,CUST-0000004567,2016-09-01 13:09:55
0000004568,CUST-0000004568,2015-06-21 14:51:22
0000004569,CUST-0000004569,2016-07-28 09:08:52
0000004570,CUST-0000004570,2016-10-15 18:50:27
0000004571,CUST-0000004571,2018-03-30 04:58:24
0000004572,CUST-0000004572,2016-12-31 09:54:27
0000004573,CUST-0000004573,2017-01-21 00:30:51
0000004574,CUST-0000004574,2017-01-01 22:09:03
0000004575,CUST-0000004575,2018-05-18 21:06:49
0000004576,CUST-0000004576,2015-11-11 18:26:23
0000004577,CUST-0000004577,2015-12-28 10:18:20
0000004578,CUST-0000004578,2018-03-09 07:40:12
0000004579,CUST-0000004579,2018-09-12 12:44:55
0000004580,CUST-0000004580,2016-10-05 22:56:49
0000004581,CUST-0000004581,2015-07-14 10:41:49
0000004582,CUST-0000004582,2017-12-28 08:59:22
0000004583,CUST-0000004583,2018-05-17 07:21:18
0000004584,CUST-0000004584,2015-08-11 22:16:42
0000004585,CUST-0000004585,2015-11-29 07:09:22
0000004586,CUST-0000004586,2014-10-25 00:18:37
0000004587,CUST-0000004587,2017-01-15 20:21:40
0000004588,CUST-0000004588,2016-02-20 18:32:42
0000004589,CUST-0000004589,2015-06-13 04:58:23
0000004590,CUST-0000004590,2018-06-11 05:40:58
0000004591,CUST-0000004591,2016-10-07 18:19:52
0000004592,CUST-0000004592,2017-08-07 15:12:21
0000004593,CUST-0000004593,2017-04-12 21:44:22
0000004594,CUST-0000004594,2016-07-02 10:15:36
0000004595,CUST-0000004595,2016-12-31 08:19:59
0000004596,CUST-0000004596,2016-12-17 05:04:44
0000004597,CUST-0000004597,2017-01-03 15:45:25
0000004598,CUST-0000004598,2015-09-23 12:32:10
0000004599,CUST-0000004599,2015-02-18 13:24:29
0000004600,CUST-0000004600,2018-05-24 21:13:20
0000004601,CUST-0000004601,2017-10-11 17:39:12
0000004602,CUST-0000004602,2014-11-30 08:46:34
0000004603,CUST-0000004603,2016-12-21 16:27:33
0000004604,CUST-0000004604,2016-07-07 07:00:15
0000004605,CUST-0000004605,2016-08-27 04:00:31
0000004606,CUST-0000004606,2017-05-14 17:31:38
0000004607,CUST-0000004607,2015-03-24 17:05:24
0000004608,CUST-0000004608,2014-11-16 06:45:03
0000004609,CUST-0000004609,2017-12-28 18:35:02
0000004610,CUST-0000004610,2017-03-26 12:26:30
0000004611,CUST-0000004611,2017-04-22 00:07:51
0000004612,CUST-0000004612,2017-08-20 05:46:16
0000004613,CUST-0000004613,2016-05-19 18:20:26
0000004614,CUST-0000004614,2015-10-07 11:25:21
0000004615,CUST-0000004615,2015-11-02 19:35:51
0000004616,CUST-0000004616,2015-02-14 23:17:49
0000004617,CUST-0000004617,2016-07-19 07:22:03
0000004618,CUST-0000004618,2016-02-22 05:44:29
0000004619,CUST-0000004619,2017-06-14 07:33:15
0000004620,CUST-0000004620,2015-11-19 10:20:22
0000004621,CUST-0000004621,2015-03-26 03:17:16
0000004622,CUST-0000004622,2016-08-05 15:00:08
0000004623,CUST-0000004623,2015-11-01 09:58:49
0000004624,CUST-0000004624,2015-10-13 23:08:37
0000004625,CUST-0000004625,2017-11-10 20:55:58
0000004626,CUST-0000004626,2015-03-21 00:04:00
0000004627,CUST-0000004627,2015-01-27 02:11:21
0000004628,CUST-0000004628,2016-04-17 09:32:00
0000004629,CUST-0000004629,2018-05-14 00:52:13
0000004630,CUST-0000004630,2016-05-11 12:42:43
0000004631,CUST-0000004631,2016-10-30 09:41:15
0000004632,CUST-0000004632,2018-05-24 23:22:59
0000004633,CUST-0000004633,2017-05-28 23:59:07
0000004634,CUST-0000004634,2016-05-21 15:47:28
0000004635,CUST-0000004635,2018-02-02 18:11:25
0000004636,CUST-0000004636,2015-08-14 20:06:44
0000004637,CUST-0000004637,2016-10-09 23:47:45
0000004638,CUST-0000004638,2015-09-14 00:07:49
0000004639,CUST-0000004639,2014-10-11 04:56:48
0000004640,CUST-0000004640,2014-11-30 06:08:40
0000004641,CUST-0000004641,2016-01-17 09:07:26
0000004642,CUST-0000004642,2015-08-17 08:23:12
0000004643,CUST-0000004643,2016-10-13 09:21:11
0000004644,CUST-0000004644,2015-11-04 14:57:35
0000004645,CUST-0000004645,2015-11-19 11:37:34
0000004646,CUST-0000004646,2015-01-04 18:36:38
0000004647,CUST-0000004647,2017-08-03 16:59:21
0000004648,CUST-0000004648,2015-04-30 01:53:33
0000004649,CUST-0000004649,2016-02-19 20:50:24
0000004650,CUST-0000004650,2018-08-10 07:17:48
0000004651,CUST-0000004651,2016-12-04 17:43:21
0000004652,CUST-0000004652,2016-04-16 04:55:07
0000004653,CUST-0000004653,2016-02-20 09:35:13
0000004654,CUST-0000004654,2016-04-29 18:48:52
0000004655,CUST-0000004655,2017-07-24 21:08:55
0000004656,CUST-0000004656,2016-07-21 22:07:32
0000004657,CUST-0000004657,2015-08-22 01:52:06
0000004658,CUST-0000004658,2016-03-12 11:28:20
0000004659,CUST-0000004659,2017-11-23 22:12:09
0000004660,CUST-0000004660,2017-10-04 21:50:54
0000004661,CUST-0000004661,2018-04-02 03:03:41
0000004662,CUST-0000004662,2015-01-02 23:49:07
0000004663,CUST-0000004663,2015-05-23 11:17:16
0000004664,CUST-0000004664,2015-01-20 07:18:09
0000004665,CUST-0000004665,2018-06-27 18:53:31
0000004666,CUST-0000004666,2014-10-25 18:05:31
0000004667,CUST-0000004667,2018-08-06 17:15:02
0000004668,CUST-0000004668,2015-01-23 16:31:36
0000004669,CUST-0000004669,2017-01-16 02:33:13
0000004670,CUST-0000004670,2017-12-16 14:01:07
0000004671,CUST-0000004671,2015-06-26 04:17:03
0000004672,CUST-0000004672,2015-07-15 21:12:29
0000004673,CUST-0000004673,2016-03-01 08:15:41
0000004674,CUST-0000004674,2015-10-21 11:40:56
0000004675,CUST-0000004675,2017-05-05 19:55:53
0000004676,CUST-0000004676,2018-10-05 00:10:26
0000004677,CUST-0000004677,2017-06-08 04:28:46
0000004678,CUST-0000004678,2016-04-12 22:06:35
0000004679,CUST-0000004679,2017-10-13 20:27:18
0000004680,CUST-0000004680,2015-07-18 21:48:59
0000004681,CUST-0000004681,2016-06-20 14:50:59
0000004682,CUST-0000004682,2015-01-13 17:38:00
0000004683,CUST-0000004683,2016-10-13 23:34:36
0000004684,CUST-0000004684,2018-10-05 23:07:34
0000004685,CUST-0000004685,2018-06-06 05:44:43
0000004686,CUST-0000004686,2017-02-15 04:24:08
0000004687,CUST-0000004687,2016-04-26 04:01:23
0000004688,CUST-0000004688,2016-04-23 15:39:17
0000004689,CUST-0000004689,2017-10-09 16:41:39
0000004690,CUST-0000004690,2018-01-05 06:06:53
0000004691,CUST-0000004691,2018-05-15 14:25:39
0000004692,CUST-0000004692,2016-11-21 15:14:19
0000004693,CUST-0000004693,2014-12-13 07:26:00
0000004694,CUST-0000004694,2015-01-20 06:43:39
0000004695,CUST-0000004695,2018-08-10 22:42:46
0000004696,CUST-0000004696,2017-11-27 02:01:04
0000004697,CUST-0000004697,2016-12-14 08:31:51
0000004698,CUST-0000004698,2014-11-03 06:04:05
0000004699,CUST-0000004699,2017-06-05 18:54:24
0000004700,CUST-0000004700,2017-07-09 13:46:06
0000004701,CUST-0000004701,2016-09-07 04:51:22
0000004702,CUST-0000004702,2018-08-09 16:02:12
0000004703,CUST-0000004703,2016-09-24 05:41:44
0000004704,CUST-0000004704,2017-02-24 03:22:18
0000004705,CUST-0000004705,2016-07-14 08:58:30
0000004706,CUST-0000004706,2014-11-17 13:13:29
0000004707,CUST-0000004707,2017-10-21 16:32:31
0000004708,CUST-0000004708,2016-11-24 19:17:42
0000004709,CUST-0000004709,2017-04-07 15:10:40
0000004710,CUST-0000004710,2016-12-23 05:24:50
0000004711,CUST-0000004711,2018-01-21 09:31:42
0000004712,CUST-0000004712,2017-10-31 21:13:16
0000004713,CUST-0000004713,2017-05-23 16:17:26
0000004714,CUST-0000004714,2018-01-04 14:37:51
0000004715,CUST-0000004715,2015-11-07 00:39:34
0000004716,CUST-0000004716,2015-09-16 04:23:45
0000004717,CUST-0000004717,2017-03-10 00:54:58
0000004718,CUST-0000004718,2014-11-16 01:45:20
0000004719,CUST-0000004719,2015-06-16 21:29:31
0000004720,CUST-0000004720,2016-06-05 00:48:08
0000004721,CUST-0000004721,2015-12-09 04:10:40
0000004722,CUST-0000004722,2018-06-26 16:38:24
0000004723,CUST-0000004723,2017-10-22 14:09:19
0000004724,CUST-0000004724,2015-12-30 04:22:06
0000004725,CUST-0000004725,2017-03-04 20:55:27
0000004726,CUST-0000004726,2015-12-18 20:44:46
0000004727,CUST-0000004727,2016-07-17 09:51:17
0000004728,CUST-0000004728,2017-09-15 04:44:23
0000004729,CUST-0000004729,2016-08-11 09:16:20
0000004730,CUST-0000004730,2017-07-21 20:41:55
0000004731,CUST-0000004731,2014-12-01 11:45:24
0000004732,CUST-0000004732,2017-12-25 23:16:03
0000004733,CUST-0000004733,2016-05-05 22:16:44
0000004734,CUST-0000004734,2016-09-11 21:46:08
0000004735,CUST-0000004735,2017-06-05 15:05:05
0000004736,CUST-0000004736,2016-02-20 12:23:44
0000004737,CUST-0000004737,2016-11-14 23:06:41
0000004738,CUST-0000004738,2015-11-22 00:38:46
0000004739,CUST-0000004739,2015-08-11 10:47:03
0000004740,CUST-0000004740,2017-04-10 16:33:35
0000004741,CUST-0000004741,2015-03-04 10:15:45
0000004742,CUST-0000004742,2015-10-23 15:41:56
0000004743,CUST-0000004743,2017-05-01 17:08:14
0000004744,CUST-0000004744,2015-12-01 09:06:50
0000004745,CUST-0000004745,2015-03-04 19:53:19
0000004746,CUST-0000004746,2017-09-19 10:17:08
0000004747,CUST-0000004747,2015-06-16 08:13:39
0000004748,CUST-0000004748,2016-10-02 17:55:58
0000004749,CUST-0000004749,2018-07-03 06:00:07
0000004750,CUST-0000004750,2017-03-11 19:09:47
0000004751,CUST-0000004751,2015-07-05 14:25:35
0000004752,CUST-0000004752,2015-01-12 10:23:22
0000004753,CUST-0000004753,2016-04-07 17:17:13
0000004754,CUST-0000004754,2014-12-12 21:28:18
0000004755,CUST-0000004755,2016-06-02 23:29:54
0000004756,CUST-0000004756,2017-07-26 15:04:58
0000004757,CUST-0000004757,2015-06-28 04:55:03
0000004758,CUST-0000004758,2015-03-24 12:05:40
0000004759,CUST-0000004759,2016-03-10 07:46:58
0000004760,CUST-0000004760,2016-10-16 10:38:00
0000004761,CUST-0000004761,2018-08-29 01:36:06
0000004762,CUST-0000004762,2018-03-24 09:18:11
0000004763,CUST-0000004763,2016-07-22 06:38:01
0000004764,CUST-0000004764,2015-08-09 14:28:26
0000004765,CUST-0000004765,2015-11-20 17:36:45
0000004766,CUST-0000004766,2016-05-25 12:43:38
0000004767,CUST-0000004767,2016-03-18 04:31:31
0000004768,CUST-0000004768,2015-02-11 07:54:21
0000004769,CUST-0000004769,2016-12-08 08:26:50
0000004770,CUST-0000004770,2016-08-06 12:11:23
0000004771,CUST-0000004771,2018-09-21 10:54:23
0000004772,CUST-0000004772,2015-06-06 01:16:57
0000004773,CUST-0000004773,2015-01-09 09:56:16
0000004774,CUST-0000004774,2016-03-13 04:21:30
0000004775,CUST-0000004775,2016-09-15 14:12:04
0000004776,CUST-0000004776,2017-07-20 05:35:37
0000004777,CUST-0000004777,2017-08-12 11:39:26
0000004778,CUST-0000004778,2016-03-09 14:03:14
0000004779,CUST-0000004779,2017-09-29 13:47:40
0000004780,CUST-0000004780,2015-01-06 08:36:43
0000004781,CUST-0000004781,2017-05-04 08:07:04
0000004782,CUST-0000004782,2018-06-05 23:44:11
0000004783,CUST-0000004783,2014-10-14 04:18:02
0000004784,CUST-0000004784,2018-06-16 16:12:50
0000004785,CUST-0000004785,2015-02-08 13:15:03
0000004786,CUST-0000004786,2015-06-08 11:32:17
0000004787,CUST-0000004787,2016-02-11 03:14:47
0000004788,CUST-0000004788,2016-02-03 00:20:40
0000004789,CUST-0000004789,2018-01-19 14:14:21
0000004790,CUST-0000004790,2017-05-16 15:49:18
0000004791,CUST-0000004791,2015-10-28 09:40:53
0000004792,CUST-0000004792,2016-02-14 15:51:52
0000004793,CUST-0000004793,2017-07-16 13:25:13
0000004794,CUST-0000004794,2017-09-05 00:12:32
0000004795,CUST-0000004795,2015-05-13 08:06:42
0000004796,CUST-0000004796,2017-02-01 17:38:14
0000004797,CUST-0000004797,2016-12-21 01:13:53
0000004798,CUST-0000004798,2015-09-08 12:52:03
0000004799,CUST-0000004799,2016-10-21 00:55:50
0000004800,CUST-0000004800,2018-03-01 00:03:17
0000004801,CUST-0000004801,2016-04-08 19:20:50
0000004802,CUST-0000004802,2017-02-01 16:10:23
0000004803,CUST-0000004803,2015-12-16 04:10:00
0000004804,CUST-0000004804,2017-05-26 10:29:47
0000004805,CUST-0000004805,2018-02-15 21:51:20
0000004806,CUST-0000004806,2015-03-06 20:31:21
0000004807,CUST-0000004807,2017-04-05 12:56:23
0000004808,CUST-0000004808,2015-07-26 19:23:33
0000004809,CUST-0000004809,2016-08-04 15:52:06
0000004810,CUST-0000004810,2017-02-03 18:25:17
0000004811,CUST-0000004811,2017-04-17 21:52:44
0000004812,CUST-0000004812,2017-10-04 12:20:26
0000004813,CUST-0000004813,2018-04-30 05:09:20
0000004814,CUST-0000004814,2015-09-13 20:29:25
0000004815,CUST-0000004815,2015-03-10 01:02:11
0000004816,CUST-0000004816,2016-10-21 04:07:31
0000004817,CUST-0000004817,2018-08-04 11:44:33
0000004818,CUST-0000004818,2015-02-01 17:05:18
0000004819,CUST-0000004819,2016-09-08 07:05:26
0000004820,CUST-0000004820,2018-10-09 19:07:38
0000004821,CUST-0000004821,2014-11-03 17:20:02
0000004822,CUST-0000004822,2016-04-27 14:00:39
0000004823,CUST-0000004823,2016-11-22 00:24:19
0000004824,CUST-0000004824,2015-05-28 14:33:13
0000004825,CUST-0000004825,2016-04-18 22:17:16
0000004826,CUST-0000004826,2016-07-03 12:57:01
0000004827,CUST-0000004827,2018-09-07 12:06:30
0000004828,CUST-0000004828,2017-11-06 10:07:12
0000004829,CUST-0000004829,2018-09-25 18:01:00
0000004830,CUST-0000004830,2015-04-22 22:48:57
0000004831,CUST-0000004831,2016-10-24 02:59:17
0000004832,CUST-0000004832,2016-12-28 14:07:52
0000004833,CUST-0000004833,2018-02-23 10:30:51
0000004834,CUST-0000004834,2016-02-14 03:45:56
0000004835,CUST-0000004835,2015-08-07 01:17:12
0000004836,CUST-0000004836,2017-08-28 19:30:19
0000004837,CUST-0000004837,2016-07-14 17:17:13
0000004838,CUST-0000004838,2016-12-09 10:34:50
0000004839,CUST-0000004839,2016-10-15 00:26:04
0000004840,CUST-0000004840,2018-08-18 22:52:17
0000004841,CUST-0000004841,2016-11-07 17:38:15
0000004842,CUST-0000004842,2018-07-06 19:09:55
0000004843,CUST-0000004843,2018-09-06 10:25:20
0000004844,CUST-0000004844,2015-07-10 08:54:32
0000004845,CUST-0000004845,2016-11-05 23:07:38
0000004846,CUST-0000004846,2014-10-27 10:01:49
0000004847,CUST-0000004847,2016-11-21 20:05:51
0000004848,CUST-0000004848,2018-08-23 14:47:13
0000004849,CUST-0000004849,2014-11-14 23:38:48
0000004850,CUST-0000004850,2017-11-06 11:04:58
0000004851,CUST-0000004851,2016-01-21 01:23:50
0000004852,CUST-0000004852,2017-02-09 23:24:16
0000004853,CUST-0000004853,2016-07-09 09:01:17
0000004854,CUST-0000004854,2017-04-25 12:59:48
0000004855,CUST-0000004855,2018-03-10 10:58:50
0000004856,CUST-0000004856,2018-02-15 14:29:26
0000004857,CUST-0000004857,2015-04-05 19:51:49
0000004858,CUST-0000004858,2016-08-20 09:11:20
0000004859,CUST-0000004859,2016-09-12 15:59:25
0000004860,CUST-0000004860,2018-01-22 16:04:11
0000004861,CUST-0000004861,2016-01-13 10:11:52
0000004862,CUST-0000004862,2015-03-27 20:32:13
0000004863,CUST-0000004863,2015-02-12 08:01:37
0000004864,CUST-0000004864,2017-10-21 13:55:55
0000004865,CUST-0000004865,2016-04-05 03:11:17
0000004866,CUST-0000004866,2018-03-09 13:28:13
0000004867,CUST-0000004867,2015-06-07 10:24:21
0000004868,CUST-0000004868,2017-05-07 21:39:39
0000004869,CUST-0000004869,2015-09-14 07:00:09
0000004870,CUST-0000004870,2017-01-08 06:19:16
0000004871,CUST-0000004871,2017-10-26 15:50:59
0000004872,CUST-0000004872,2017-03-10 05:38:25
0000004873,CUST-0000004873,2017-08-10 19:25:08
0000004874,CUST-0000004874,2018-09-21 20:57:30
0000004875,CUST-0000004875,2015-04-01 13:10:51
0000004876,CUST-0000004876,2014-11-12 00:28:55
0000004877,CUST-0000004877,2017-12-04 14:14:47
0000004878,CUST-0000004878,2014-11-22 06:42:40
0000004879,CUST-0000004879,2016-03-29 09:00:34
0000004880,CUST-0000004880,2016-05-13 15:58:56
0000004881,CUST-0000004881,2016-08-12 19:34:01
0000004882,CUST-0000004882,2018-05-13 07:19:38
0000004883,CUST-0000004883,2014-10-18 21:58:26
0000004884,CUST-0000004884,2018-05-08 14:26:53
0000004885,CUST-0000004885,2016-01-23 16:23:26
0000004886,CUST-0000004886,2015-08-31 19:26:33
0000004887,CUST-0000004887,2015-02-08 11:36:38
0000004888,CUST-0000004888,2015-10-04 02:07:24
0000004889,CUST-0000004889,2018-02-26 12:52:28
0000004890,CUST-0000004890,2018-08-26 13:44:50
0000004891,CUST-0000004891,2016-08-22 12:51:36
0000004892,CUST-0000004892,2017-12-24 14:56:31
0000004893,CUST-0000004893,2017-12-17 12:15:56
0000004894,CUST-0000004894,2016-11-18 01:34:10
0000004895,CUST-0000004895,2015-10-21 10:31:31
0000004896,CUST-0000004896,2016-07-23 04:56:58
0000004897,CUST-0000004897,2018-06-30 19:25:13
0000004898,CUST-0000004898,2018-07-16 16:06:42
0000004899,CUST-0000004899,2017-03-14 07:11:50
0000004900,CUST-0000004900,2015-05-24 05:38:43
0000004901,CUST-0000004901,2016-01-05 10:23:30
0000004902,CUST-0000004902,2016-12-02 06:20:21
0000004903,CUST-0000004903,2017-02-09 21:34:40
0000004904,CUST-0000004904,2015-03-07 03:06:22
0000004905,CUST-0000004905,2017-07-23 14:33:20
0000004906,CUST-0000004906,2015-09-30 17:56:37
0000004907,CUST-0000004907,2017-09-19 04:12:27
0000004908,CUST-0000004908,2017-03-09 07:01:29
0000004909,CUST-0000004909,2017-04-16 00:40:09
0000004910,CUST-0000004910,2016-07-01 01:07:42
0000004911,CUST-0000004911,2016-05-02 06:03:27
0000004912,CUST-0000004912,2018-05-04 14:07:01
0000004913,CUST-0000004913,2017-06-23 04:15:31
0000004914,CUST-0000004914,2015-09-10 05:41:08
0000004915,CUST-0000004915,2016-02-09 03:07:14
0000004916,CUST-0000004916,2015-05-22 23:11:11
0000004917,CUST-0000004917,2015-06-03 00:25:22
0000004918,CUST-0000004918,2015-03-14 13:02:18
0000004919,CUST-0000004919,2016-02-16 15:44:09
0000004920,CUST-0000004920,2015-02-12 01:01:27
0000004921,CUST-0000004921,2016-07-19 15:04:51
0000004922,CUST-0000004922,2018-04-26 10:57:34
0000004923,CUST-0000004923,2018-01-19 18:03:30
0000004924,CUST-0000004924,2016-02-05 03:51:19
0000004925,CUST-0000004925,2017-04-29 05:54:56
0000004926,CUST-0000004926,2014-11-02 18:13:54
0000004927,CUST-0000004927,2016-04-14 02:42:25
0000004928,CUST-0000004928,2016-12-28 23:50:06
0000004929,CUST-0000004929,2017-05-07 00:16:15
0000004930,CUST-0000004930,2016-08-08 03:47:46
0000004931,CUST-0000004931,2015-10-15 08:04:12
0000004932,CUST-0000004932,2018-08-10 08:53:52
0000004933,CUST-0000004933,2018-08-08 02:19:02
0000004934,CUST-0000004934,2014-10-17 15:56:08
0000004935,CUST-0000004935,2016-05-30 10:12:01
0000004936,CUST-0000004936,2017-01-27 02:32:17
0000004937,CUST-0000004937,2016-04-29 05:15:39
0000004938,CUST-0000004938,2016-07-12 01:59:44
0000004939,CUST-0000004939,2015-04-03 12:18:14
0000004940,CUST-0000004940,2018-05-30 18:01:52
0000004941,CUST-0000004941,2018-03-22 15:46:14
0000004942,CUST-0000004942,2018-03-12 03:29:59
0000004943,CUST-0000004943,2015-12-28 19:46:54
0000004944,CUST-0000004944,2015-08-25 19:11:00
0000004945,CUST-0000004945,2014-11-15 11:44:58
0000004946,CUST-0000004946,2014-11-02 08:06:55
0000004947,CUST-0000004947,2015-12-16 13:06:58
0000004948,CUST-0000004948,2015-08-12 07:48:04
0000004949,CUST-0000004949,2015-11-13 11:55:22
0000004950,CUST-0000004950,2015-04-18 13:03:05
0000004951,CUST-0000004951,2016-04-07 05:34:55
0000004952,CUST-0000004952,2015-05-17 22:02:57
0000004953,CUST-0000004953,2015-06-05 12:36:34
0000004954,CUST-0000004954,2015-02-04 01:57:48
0000004955,CUST-0000004955,2017-08-06 08:47:22
0000004956,CUST-0000004956,2016-10-30 00:05:02
0000004957,CUST-0000004957,2016-05-23 06:21:59
0000004958,CUST-0000004958,2018-04-04 06:53:55
0000004959,CUST-0000004959,2017-06-20 17:50:35
0000004960,CUST-0000004960,2014-12-25 11:16:09
0000004961,CUST-0000004961,2017-09-25 01:15:46
0000004962,CUST-0000004962,2017-12-20 12:27:56
0000004963,CUST-0000004963,2015-07-21 13:15:28
0000004964,CUST-0000004964,2016-07-22 10:45:16
0000004965,CUST-0000004965,2017-07-11 18:57:12
0000004966,CUST-0000004966,2018-01-21 21:13:34
0000004967,CUST-0000004967,2015-01-27 23:10:45
0000004968,CUST-0000004968,2018-06-28 03:53:32
0000004969,CUST-0000004969,2017-04-25 14:44:44
0000004970,CUST-0000004970,2017-08-03 05:04:35
0000004971,CUST-0000004971,2018-08-02 20:18:20
0000004972,CUST-0000004972,2015-07-19 11:04:59
0000004973,CUST-0000004973,2016-01-31 22:29:58
0000004974,CUST-0000004974,2016-05-24 20:09:59
0000004975,CUST-0000004975,2016-04-08 02:27:41
0000004976,CUST-0000004976,2018-05-10 16:21:09
0000004977,CUST-0000004977,2017-08-31 16:10:30
0000004978,CUST-0000004978,2017-07-09 07:36:16
0000004979,CUST-0000004979,2015-07-20 09:42:21
0000004980,CUST-0000004980,2018-08-07 16:00:22
0000004981,CUST-0000004981,2015-02-16 18:29:05
0000004982,CUST-0000004982,2015-09-05 03:40:53
0000004983,CUST-0000004983,2017-03-14 17:55:07
0000004984,CUST-0000004984,2016-09-09 15:30:58
0000004985,CUST-0000004985,2017-07-23 01:12:47
0000004986,CUST-0000004986,2018-06-07 23:28:13
0000004987,CUST-0000004987,2018-04-07 03:38:10
0000004988,CUST-0000004988,2016-01-10 07:29:03
0000004989,CUST-0000004989,2017-07-26 17:40:54
0000004990,CUST-0000004990,2015-10-03 21:08:34
0000004991,CUST-0000004991,2017-03-01 13:30:36
0000004992,CUST-0000004992,2018-03-26 14:14:29
0000004993,CUST-0000004993,2018-01-22 10:52:12
0000004994,CUST-0000004994,2016-05-23 11:57:33
0000004995,CUST-0000004995,2016-03-31 05:47:08
0000004996,CUST-0000004996,2015-10-05 03:35:38
0000004997,CUST-0000004997,2017-03-20 11:43:03
0000004998,CUST-0000004998,2018-08-02 11:27:14
0000004999,CUST-0000004999,2016-06-02 17:38:04
0000005000,CUST-0000005000,2018-07-02 04:15:41
