user_id,customer_unique_id,created_at
0000000001,-1561157155080843775,2026-10-04 20:05:13.126027
0000000002,8521926455257312101,2026-10-04 20:05:13.126420
0000000003,-7597138873722634493,2026-10-04 20:05:13.126764
0000000004,6345607032567433344,2026-10-04 20:05:13.127117
0000000005,3125063720128998718,2026-10-04 20:05:13.127441
0000000006,4323069417234627744,2026-10-04 20:05:13.127746
0000000007,-7737677146961308840,2026-10-04 20:05:13.128041
0000000008,-5569182847834569537,2026-10-04 20:05:13.128344
0000000009,6472530329101429258,2026-10-04 20:05:13.128731
0000000010,1612249186602106460,2026-10-04 20:05:13.129019
0000000011,-6628305315677450509,2026-10-04 20:05:13.129343
0000000012,-4811315888409531798,2026-10-04 20:05:13.129638
0000000013,-2285393705297184063,2026-10-04 20:05:13.129934
0000000014,-6351827913112158816,2026-10-04 20:05:13.130235
0000000015,-8617727017995529214,2026-10-04 20:05:13.130558
0000000016,-1226804426600584014,2026-10-04 20:05:13.130853
0000000017,-8385200077697150453,2026-10-04 20:05:13.131156
0000000018,8984104414634765526,2026-10-04 20:05:13.131449
0000000019,712602194751871899,2026-10-04 20:05:13.131899
0000000020,-7081271904007251724,2026-10-04 20:05:13.132158
0000000021,1875982320961782661,2026-10-04 20:05:13.132401
0000000022,-9011691552350570893,2026-10-04 20:05:13.132713
0000000023,-4945395128462181826,2026-10-04 20:05:13.133291
0000000024,126817986675788500,2026-10-04 20:05:13.133628
0000000025,-6658436305164420143,2026-10-04 20:05:13.134118
0000000026,7975076758266764957,2026-10-04 20:05:13.134378
0000000027,1098293864880210250,2026-10-04 20:05:13.134693
0000000028,-2310310179417489879,2026-10-04 20:05:13.134916
0000000029,-5603983608568379205,2026-10-04 20:05:13.135134
0000000030,1686758506250635459,2026-10-04 20:05:13.135417
0000000031,-6035146039213931577,2026-10-04 20:05:13.135670
0000000032,6286466152561418254,2026-10-04 20:05:13.136002
0000000033,-629757553234340329,2026-10-04 20:05:13.136305
0000000034,1391485169289270447,2026-10-04 20:05:13.136567
0000000035,-6465015055278070409,2026-10-04 20:05:13.136860
0000000036,-3260947873700925554,2026-10-04 20:05:13.137176
0000000037,-8425234382063666065,2026-10-04 20:05:13.137448
0000000038,9132747641094012371,2026-10-04 20:05:13.137791
0000000039,2734711954685704658,2026-10-04 20:05:13.138097
0000000040,-3956724846906616086,2026-10-04 20:05:13.138394
0000000041,5186596491419840660,2026-10-04 20:05:13.138682
0000000042,-7421415546223071291,2026-10-04 20:05:13.138991
0000000043,-6571506302673250117,2026-10-04 20:05:13.139222
0000000044,6873151975136454908,2026-10-04 20:05:13.139549
0000000045,-3635434288972716784,2026-10-04 20:05:13.139798
0000000046,7788152747844934621,2026-10-04 20:05:13.140248
0000000047,8609226638302475679,2026-10-04 20:05:13.140583
0000000048,2050124409490440138,2026-10-04 20:05:13.140888
0000000049,6408188541954971692,2026-10-04 20:05:13.141368
0000000050,-9136355845432033723,2026-10-04 20:05:13.141967
0000000051,6935649853399714170,2026-10-04 20:05:13.142372
0000000052,7827651249926799751,2026-10-04 20:05:13.142646
0000000053,-1017919708454028068,2026-10-04 20:05:13.142881
0000000054,-190361784906707225,2026-10-04 20:05:13.143107
0000000055,-808621998875022691,2026-10-04 20:05:13.143462
0000000056,5703663820476747795,2026-10-04 20:05:13.143799
0000000057,1544001351173021767,2026-10-04 20:05:13.144094
0000000058,4224353558770852957,2026-10-04 20:05:13.144371
0000000059,-1021605472597549443,2026-10-04 20:05:13.144599
0000000060,-368752921932065460,2026-10-04 20:05:13.144826
0000000061,-8970309199144882068,2026-10-04 20:05:13.145115
0000000062,2146469246597399873,2026-10-04 20:05:13.145348
0000000063,4855368475990152237,2026-10-04 20:05:13.145648
0000000064,-7934486706419982709,2026-10-04 20:05:13.145865
0000000065,-8714435377500765709,2026-10-04 20:05:13.146184
0000000066,-6637377093502082866,2026-10-04 20:05:13.146419
0000000067,-3395686384181378201,2026-10-04 20:05:13.146732
0000000068,43902016527584627,2026-10-04 20:05:13.147016
0000000069,-4734531148459516237,2026-10-04 20:05:13.147315
0000000070,-3095005824794047873,2026-10-04 20:05:13.147615
0000000071,-8606145488648331876,2026-10-04 20:05:13.147871
0000000072,6910290819746360724,2026-10-04 20:05:13.148124
0000000073,7901131951910362866,2026-10-04 20:05:13.148411
0000000074,-717804178212269116,2026-10-04 20:05:13.148724
0000000075,-6007795754765288190,2026-10-04 20:05:13.149067
0000000076,7622399396031656726,2026-10-04 20:05:13.149326
0000000077,2101917904684222260,2026-10-04 20:05:13.149611
0000000078,7953757262304235089,2026-10-04 20:05:13.150026
0000000079,-5214196176577937700,2026-10-04 20:05:13.150787
0000000080,3042703044434530832,2026-10-04 20:05:13.151248
0000000081,1387501299122304060,2026-10-04 20:05:13.151552
0000000082,8557489336877579079,2026-10-04 20:05:13.151851
0000000083,6467897578197079054,2026-10-04 20:05:13.152096
0000000084,7445657948701312772,2026-10-04 20:05:13.152386
0000000085,-5805477658876897897,2026-10-04 20:05:13.152758
0000000086,8415428885501583728,2026-10-04 20:05:13.153138
0000000087,765392165995224091,2026-10-04 20:05:13.153501
0000000088,6850970122179291220,2026-10-04 20:05:13.153754
0000000089,-4803600412160874381,2026-10-04 20:05:13.154009
0000000090,-4487088957064096462,2026-10-04 20:05:13.154358
0000000091,1113096523410459,2026-10-04 20:05:13.154781
0000000092,6538270160653259733,2026-10-04 20:05:13.155097
0000000093,8036288627808236372,2026-10-04 20:05:13.155410
0000000094,2310808684396562788,2026-10-04 20:05:13.155721
0000000095,7838905166530359157,2026-10-04 20:05:13.155957
0000000096,-6019918641514867727,2026-10-04 20:05:13.156200
0000000097,1215479068593815263,2026-10-04 20:05:13.156519
0000000098,2186064459466212518,2026-10-04 20:05:13.156825
0000000099,-1882623941947419432,2026-10-04 20:05:13.157065
0000000100,362491554295632983,2026-10-04 20:05:13.157400
0000000101,-7733322484733038324,2026-10-04 20:05:13.157790
0000000102,3096503012766758189,2026-10-04 20:05:13.158079
0000000103,-6849895872561302214,2026-10-04 20:05:13.158385
0000000104,288976708227955790,2026-10-04 20:05:13.158703
0000000105,-4755180846867153843,2026-10-04 20:05:13.158941
0000000106,-1829582659613597064,2026-10-04 20:05:13.159237
0000000107,1122767518241546310,2026-10-04 20:05:13.159572
0000000108,5082405248129669041,2026-10-04 20:05:13.159874
0000000109,-5136919886162754025,2026-10-04 20:05:13.160122
0000000110,-8769151284582283663,2026-10-04 20:05:13.160458
0000000111,4072519371496121519,2026-10-04 20:05:13.160882
0000000112,7972958595442178246,2026-10-04 20:05:13.161133
0000000113,-5445447138789840330,2026-10-04 20:05:13.161370
0000000114,7103945495331096368,2026-10-04 20:05:13.161599
0000000115,4072119340759796942,2026-10-04 20:05:13.161835
0000000116,-8282730173201070900,2026-10-04 20:05:13.162092
0000000117,456349812669529798,2026-10-04 20:05:13.162312
0000000118,-1879463803250456209,2026-10-04 20:05:13.162560
0000000119,1302476839882183725,2026-10-04 20:05:13.162893
0000000120,-7274388557715858088,2026-10-04 20:05:13.163199
0000000121,2052734812201859877,2026-10-04 20:05:13.163567
0000000122,7993585356122052497,2026-10-04 20:05:13.163867
0000000123,3167833267626516811,2026-10-04 20:05:13.164166
0000000124,4238166772797414877,2026-10-04 20:05:13.164429
0000000125,7453064916267554378,2026-10-04 20:05:13.164812
0000000126,-4684645315009684687,2026-10-04 20:05:13.165062
0000000127,4893759210138610601,2026-10-04 20:05:13.165375
0000000128,-8470761224594506159,2026-10-04 20:05:13.165669
0000000129,5147388877096429161,2026-10-04 20:05:13.165896
0000000130,-4432562122862998019,2026-10-04 20:05:13.166124
0000000131,6853774386486302606,2026-10-04 20:05:13.166431
0000000132,3951354511195515733,2026-10-04 20:05:13.166819
0000000133,-1107488150325604330,2026-10-04 20:05:13.167070
0000000134,8324518832919552315,2026-10-04 20:05:13.167359
0000000135,-6769984728577439772,2026-10-04 20:05:13.167708
0000000136,-3646868458167264481,2026-10-04 20:05:13.168015
0000000137,4380182530084169026,2026-10-04 20:05:13.168268
0000000138,5337571691122407050,2026-10-04 20:05:13.168646
0000000139,7212431446895775501,2026-10-04 20:05:13.169044
0000000140,8465456000346743940,2026-10-04 20:05:13.169281
0000000141,-6184805228773586753,2026-10-04 20:05:13.169573
0000000142,1443179785057909059,2026-10-04 20:05:13.169821
0000000143,-3480450619704676845,2026-10-04 20:05:13.170076
0000000144,-9170106169970711110,2026-10-04 20:05:13.170372
0000000145,-5554857783086768991,2026-10-04 20:05:13.170629
0000000146,-2317958620476088282,2026-10-04 20:05:13.170906
0000000147,7577519717968053340,2026-10-04 20:05:13.171151
0000000148,4776867254174876012,2026-10-04 20:05:13.171440
0000000149,9218439124281975733,2026-10-04 20:05:13.171799
0000000150,-1379151513523030235,2026-10-04 20:05:13.172120
0000000151,1609493163599169493,2026-10-04 20:05:13.172578
0000000152,942817466412185143,2026-10-04 20:05:13.172872
0000000153,-5229662167164932990,2026-10-04 20:05:13.173099
0000000154,-5529578385334967454,2026-10-04 20:05:13.173518
0000000155,6278403609313888580,2026-10-04 20:05:13.174193
0000000156,4722688462861889536,2026-10-04 20:05:13.174625
0000000157,9216083398195266248,2026-10-04 20:05:13.174887
0000000158,1940745094153815133,2026-10-04 20:05:13.175119
0000000159,-5067615487967051750,2026-10-04 20:05:13.175369
0000000160,883006148180477138,2026-10-04 20:05:13.175718
0000000161,-5350998760638186347,2026-10-04 20:05:13.176018
0000000162,-6761965143214949050,2026-10-04 20:05:13.176322
0000000163,-2167717617390047991,2026-10-04 20:05:13.176633
0000000164,9057467629823591830,2026-10-04 20:05:13.176934
0000000165,-5329038821430291044,2026-10-04 20:05:13.177236
0000000166,846067001246235534,2026-10-04 20:05:13.177460
0000000167,1262488093929120137,2026-10-04 20:05:13.177835
0000000168,9077748723543187970,2026-10-04 20:05:13.178076
0000000169,-3230741870369766173,2026-10-04 20:05:13.178369
0000000170,6828113601200787454,2026-10-04 20:05:13.178718
0000000171,-5465879964083571876,2026-10-04 20:05:13.178980
0000000172,-8086611346084021017,2026-10-04 20:05:13.179326
0000000173,1309740795705063368,2026-10-04 20:05:13.179629
0000000174,-5060935113097644363,2026-10-04 20:05:13.179923
0000000175,70285197090285941,2026-10-04 20:05:13.180223
0000000176,1071609512603484917,2026-10-04 20:05:13.180575
0000000177,2171256960287335347,2026-10-04 20:05:13.180902
0000000178,-6619666270431841366,2026-10-04 20:05:13.181213
0000000179,-6588504810630627843,2026-10-04 20:05:13.181556
0000000180,-9195877040683622595,2026-10-04 20:05:13.181787
0000000181,4156682930343423696,2026-10-04 20:05:13.182083
0000000182,6919207672784410522,2026-10-04 20:05:13.182306
0000000183,6442442554470808987,2026-10-04 20:05:13.182652
0000000184,-6082944178310645814,2026-10-04 20:05:13.182876
0000000185,8445702456881379047,2026-10-04 20:05:13.183121
0000000186,-8283716719138319034,2026-10-04 20:05:13.183449
0000000187,2049837208354388506,2026-10-04 20:05:13.183785
0000000188,-2647950496289788772,2026-10-04 20:05:13.184047
0000000189,-5309485693021305220,2026-10-04 20:05:13.184362
0000000190,-5313174864202084552,2026-10-04 20:05:13.184717
0000000191,4621249712099792234,2026-10-04 20:05:13.185031
0000000192,2666480383306225795,2026-10-04 20:05:13.185374
0000000193,5317653179972717889,2026-10-04 20:05:13.185701
0000000194,-3568912327915510762,2026-10-04 20:05:13.185997
0000000195,-4171842220981137581,2026-10-04 20:05:13.186217
0000000196,528111164545149233,2026-10-04 20:05:13.186433
0000000197,-8713264382706925020,2026-10-04 20:05:13.186826
0000000198,-8988065395555398714,2026-10-04 20:05:13.187069
0000000199,4074317035307431939,2026-10-04 20:05:13.187317
0000000200,-3249205850610546520,2026-10-04 20:05:13.187629
0000000201,-4907515378051731180,2026-10-04 20:05:13.187903
0000000202,-4082070425612156417,2026-10-04 20:05:13.188164
0000000203,1998160429406095258,2026-10-04 20:05:13.188421
0000000204,8993406152130863365,2026-10-04 20:05:13.188812
0000000205,-4156034989734908058,2026-10-04 20:05:13.189108
0000000206,8571025706549576549,2026-10-04 20:05:13.189402
0000000207,5591856313805523228,2026-10-04 20:05:13.189808
0000000208,2813503833094905782,2026-10-04 20:05:13.190121
0000000209,-765606444912990949,2026-10-04 20:05:13.190359
0000000210,-791299205128342538,2026-10-04 20:05:13.190789
0000000211,760543429339301402,2026-10-04 20:05:13.191118
0000000212,-8225364818631030368,2026-10-04 20:05:13.191454
0000000213,-8374861425172698234,2026-10-04 20:05:13.191725
0000000214,-1745740406620549491,2026-10-04 20:05:13.191970
0000000215,7428107478153620928,2026-10-04 20:05:13.192263
0000000216,8693116622935690957,2026-10-04 20:05:13.192526
0000000217,9026887542609813766,2026-10-04 20:05:13.192897
0000000218,-6323871674066525443,2026-10-04 20:05:13.193140
0000000219,-7184974862781063112,2026-10-04 20:05:13.193493
0000000220,-3640575075476924185,2026-10-04 20:05:13.193858
0000000221,-4867871117312044692,2026-10-04 20:05:13.194173
0000000222,3268559922872498978,2026-10-04 20:05:13.194477
0000000223,-275389045311353620,2026-10-04 20:05:13.194960
0000000224,-8523914061091483222,2026-10-04 20:05:13.195260
0000000225,-8264037002569254648,2026-10-04 20:05:13.195607
0000000226,-5639741677929979715,2026-10-04 20:05:13.195836
0000000227,5864942864357325390,2026-10-04 20:05:13.196136
0000000228,8974076273517671288,2026-10-04 20:05:13.196430
0000000229,878183192258871300,2026-10-04 20:05:13.196734
0000000230,-3877556483980489544,2026-10-04 20:05:13.197011
0000000231,7175335962258202681,2026-10-04 20:05:13.197305
0000000232,-4167574148235573652,2026-10-04 20:05:13.197604
0000000233,-7358851071861819683,2026-10-04 20:05:13.197888
0000000234,3654830959898036583,2026-10-04 20:05:13.198194
0000000235,-8922000206425504332,2026-10-04 20:05:13.198513
0000000236,-4537531991646913793,2026-10-04 20:05:13.198777
0000000237,3785128872633642736,2026-10-04 20:05:13.199120
0000000238,8008575592535029608,2026-10-04 20:05:13.199421
0000000239,-2022653347112829348,2026-10-04 20:05:13.199813
0000000240,-8686005101389117134,2026-10-04 20:05:13.200111
0000000241,4429433504017185242,2026-10-04 20:05:13.200411
0000000242,-2693726461573154676,2026-10-04 20:05:13.200696
0000000243,-8790356879381372884,2026-10-04 20:05:13.201036
0000000244,1280015750610874822,2026-10-04 20:05:13.201265
0000000245,-8867348808827022246,2026-10-04 20:05:13.201657
0000000246,2614926043331597766,2026-10-04 20:05:13.201916
0000000247,2443422281066120038,2026-10-04 20:05:13.202173
0000000248,-9148710724540820757,2026-10-04 20:05:13.202414
0000000249,168302659734966631,2026-10-04 20:05:13.202727
0000000250,-7737751718564678203,2026-10-04 20:05:13.203005
0000000251,-7543942299475371038,2026-10-04 20:05:13.203264
0000000252,-90532796222707450,2026-10-04 20:05:13.203516
0000000253,-1467941743024035437,2026-10-04 20:05:13.203810
0000000254,-5448865364587836933,2026-10-04 20:05:13.204030
0000000255,4121186080588930104,2026-10-04 20:05:13.204370
0000000256,5622057567524307663,2026-10-04 20:05:13.204633
0000000257,-3793529363777252546,2026-10-04 20:05:13.204894
0000000258,-8143153487068013912,2026-10-04 20:05:13.205235
0000000259,1644992534672100027,2026-10-04 20:05:13.205482
0000000260,-842286735520725251,2026-10-04 20:05:13.205798
0000000261,-2466428669821528471,2026-10-04 20:05:13.206050
0000000262,-3329162781420050718,2026-10-04 20:05:13.206390
0000000263,-1230542484841607724,2026-10-04 20:05:13.206656
0000000264,-8893164619298059876,2026-10-04 20:05:13.206882
0000000265,-1086478894229092388,2026-10-04 20:05:13.207142
0000000266,-8964737827499861739,2026-10-04 20:05:13.207440
0000000267,-8684744003181246532,2026-10-04 20:05:13.207671
0000000268,8923999438623985791,2026-10-04 20:05:13.207936
0000000269,2647193295222406186,2026-10-04 20:05:13.208188
0000000270,3512651454031956602,2026-10-04 20:05:13.208580
0000000271,8016178150245322162,2026-10-04 20:05:13.208885
0000000272,-7577045790318111392,2026-10-04 20:05:13.209214
0000000273,-4819589184309579614,2026-10-04 20:05:13.209580
0000000274,-3239207927286364700,2026-10-04 20:05:13.209986
0000000275,-1031495853541422626,2026-10-04 20:05:13.210390
0000000276,2683921948048278848,2026-10-04 20:05:13.210764
0000000277,7982734932073984597,2026-10-04 20:05:13.211064
0000000278,5284868141871815779,2026-10-04 20:05:13.211405
0000000279,-3217246886742242906,2026-10-04 20:05:13.211645
0000000280,20155834604705823,2026-10-04 20:05:13.211940
0000000281,1673340112786198035,2026-10-04 20:05:13.212176
0000000282,1457515042322012417,2026-10-04 20:05:13.212495
0000000283,-5850087071548062933,2026-10-04 20:05:13.212756
0000000284,-4364904686437540337,2026-10-04 20:05:13.212979
0000000285,84523931164254460,2026-10-04 20:05:13.213362
0000000286,-3432153459889579227,2026-10-04 20:05:13.213793
0000000287,2207841808511755020,2026-10-04 20:05:13.214517
0000000288,3159269204462147782,2026-10-04 20:05:13.215032
0000000289,7541728037770600545,2026-10-04 20:05:13.215401
0000000290,2889757648243535801,2026-10-04 20:05:13.215666
0000000291,-1326720502553551427,2026-10-04 20:05:13.215962
0000000292,7259965988347962306,2026-10-04 20:05:13.216272
0000000293,-3190383088869211822,2026-10-04 20:05:13.216557
0000000294,-6568952711583617081,2026-10-04 20:05:13.216816
0000000295,-2347723959953473781,2026-10-04 20:05:13.217062
0000000296,-214786260813874475,2026-10-04 20:05:13.217388
0000000297,-3460593921013743431,2026-10-04 20:05:13.217700
0000000298,7687482779815564115,2026-10-04 20:05:13.217980
0000000299,6279359475176184774,2026-10-04 20:05:13.218227
0000000300,6538600620749021402,2026-10-04 20:05:13.218468
0000000301,5134626352896960834,2026-10-04 20:05:13.218790
0000000302,-6848266830712551147,2026-10-04 20:05:13.219055
0000000303,-1230691726952156519,2026-10-04 20:05:13.219425
0000000304,1321396612399403393,2026-10-04 20:05:13.219726
0000000305,6939448864000698056,2026-10-04 20:05:13.220022
0000000306,-7237167472602141770,2026-10-04 20:05:13.220325
0000000307,1612786901347476548,2026-10-04 20:05:13.220665
0000000308,-3546991491367640661,2026-10-04 20:05:13.220906
0000000309,7095640817777765413,2026-10-04 20:05:13.221215
0000000310,4069805081905210994,2026-10-04 20:05:13.221575
0000000311,-7047076357580075874,2026-10-04 20:05:13.221880
0000000312,4085335152905227308,2026-10-04 20:05:13.222131
0000000313,-7773044948221269662,2026-10-04 20:05:13.222428
0000000314,5047222725478711159,2026-10-04 20:05:13.222773
0000000315,6404221582788691757,2026-10-04 20:05:13.223069
0000000316,1358280837314804006,2026-10-04 20:05:13.223384
0000000317,7765271367062551947,2026-10-04 20:05:13.223703
0000000318,-4186576405695344423,2026-10-04 20:05:13.223963
0000000319,-6001381537139028055,2026-10-04 20:05:13.224285
0000000320,203222894976237759,2026-10-04 20:05:13.224800
0000000321,8210216434996410492,2026-10-04 20:05:13.225048
0000000322,-6882149741967644043,2026-10-04 20:05:13.225347
0000000323,7494658998985655605,2026-10-04 20:05:13.225795
0000000324,-2492327329374234236,2026-10-04 20:05:13.226091
0000000325,-4016042830899236944,2026-10-04 20:05:13.226344
0000000326,7147390820614144281,2026-10-04 20:05:13.226693
0000000327,3003762813344947533,2026-10-04 20:05:13.226981
0000000328,8364440073189689882,2026-10-04 20:05:13.227224
0000000329,2164608360435572363,2026-10-04 20:05:13.227587
0000000330,299789457614193871,2026-10-04 20:05:13.227849
0000000331,2000680627942143280,2026-10-04 20:05:13.228151
0000000332,-4929906815488749494,2026-10-04 20:05:13.228486
0000000333,1149951019472603512,2026-10-04 20:05:13.228791
0000000334,4357810432084854928,2026-10-04 20:05:13.229086
0000000335,-5497629311909357053,2026-10-04 20:05:13.229343
0000000336,-9105254070185147481,2026-10-04 20:05:13.229613
0000000337,2354341522034490631,2026-10-04 20:05:13.229876
0000000338,6550922225998452207,2026-10-04 20:05:13.230106
0000000339,5511162087315666764,2026-10-04 20:05:13.230392
0000000340,-7863681302431217397,2026-10-04 20:05:13.230645
0000000341,4106671731353753662,2026-10-04 20:05:13.230864
0000000342,6479376937184033227,2026-10-04 20:05:13.231108
0000000343,-7893046359137441909,2026-10-04 20:05:13.231339
0000000344,5293765298389527118,2026-10-04 20:05:13.231680
0000000345,1261505517618787250,2026-10-04 20:05:13.231932
0000000346,7767486695380292292,2026-10-04 20:05:13.232231
0000000347,5383347963143611677,2026-10-04 20:05:13.232628
0000000348,-6555005503560879516,2026-10-04 20:05:13.232931
0000000349,-1711198436637984369,2026-10-04 20:05:13.233164
0000000350,-4792552614405986813,2026-10-04 20:05:13.233476
0000000351,7409639437268146554,2026-10-04 20:05:13.233781
0000000352,-7305390929120580072,2026-10-04 20:05:13.234345
0000000353,-9042817439569057943,2026-10-04 20:05:13.234908
0000000354,-8424402162846674922,2026-10-04 20:05:13.235430
0000000355,-5420480164917029229,2026-10-04 20:05:13.235902
0000000356,942218305172822630,2026-10-04 20:05:13.236154
0000000357,-7687500600364229541,2026-10-04 20:05:13.236737
0000000358,8118939819175972031,2026-10-04 20:05:13.237073
0000000359,1324828581410390139,2026-10-04 20:05:13.237362
0000000360,1509167238673711704,2026-10-04 20:05:13.237934
0000000361,5386769350839247617,2026-10-04 20:05:13.238836
0000000362,2951549591509741595,2026-10-04 20:05:13.239120
0000000363,4343023746239155094,2026-10-04 20:05:13.239387
0000000364,1703496875851896625,2026-10-04 20:05:13.239704
0000000365,-2828725194347936492,2026-10-04 20:05:13.239952
0000000366,4590254871406021868,2026-10-04 20:05:13.240293
0000000367,-6106030471310344300,2026-10-04 20:05:13.240747
0000000368,-8247204579356655743,2026-10-04 20:05:13.241054
0000000369,4787087881056661159,2026-10-04 20:05:13.241506
0000000370,4171504053002810416,2026-10-04 20:05:13.242135
0000000371,-3518175596467892561,2026-10-04 20:05:13.242377
0000000372,-3833801636676013241,2026-10-04 20:05:13.242872
0000000373,-2961622338642366348,2026-10-04 20:05:13.243118
0000000374,-5281872718348275874,2026-10-04 20:05:13.243443
0000000375,8936049248161306541,2026-10-04 20:05:13.243751
0000000376,7081236613487503545,2026-10-04 20:05:13.244001
0000000377,7310634898760969978,2026-10-04 20:05:13.244337
0000000378,-8704958041324086139,2026-10-04 20:05:13.244853
0000000379,-3669298082520764713,2026-10-04 20:05:13.245104
0000000380,-5511963928197903587,2026-10-04 20:05:13.245353
0000000381,-8701644264544833843,2026-10-04 20:05:13.245671
0000000382,5927778509551099525,2026-10-04 20:05:13.245898
0000000383,5553087541615372987,2026-10-04 20:05:13.246201
0000000384,-3388932469946277854,2026-10-04 20:05:13.246439
0000000385,787832544749958857,2026-10-04 20:05:13.246704
0000000386,4010890715951834200,2026-10-04 20:05:13.246963
0000000387,1264531364258726164,2026-10-04 20:05:13.247259
0000000388,-2208483140321693604,2026-10-04 20:05:13.247633
0000000389,-6329690693732486552,2026-10-04 20:05:13.247897
0000000390,-7521887227328515593,2026-10-04 20:05:13.248239
0000000391,-1510979840336733969,2026-10-04 20:05:13.248565
0000000392,1005888884175526411,2026-10-04 20:05:13.248867
0000000393,-493267543525055464,2026-10-04 20:05:13.249104
0000000394,-2700618452264032965,2026-10-04 20:05:13.249329
0000000395,3815282942321267485,2026-10-04 20:05:13.249851
0000000396,-5604089541710073586,2026-10-04 20:05:13.250100
0000000397,-5011767801493533456,2026-10-04 20:05:13.250412
0000000398,-6586186978369118522,2026-10-04 20:05:13.250730
0000000399,-4460517780058841331,2026-10-04 20:05:13.250979
0000000400,-4541276758169797051,2026-10-04 20:05:13.251287
0000000401,157186304112005285,2026-10-04 20:05:13.251637
0000000402,-6818383150338696058,2026-10-04 20:05:13.251866
0000000403,6270769282486973630,2026-10-04 20:05:13.252210
0000000404,-4347819838862056500,2026-10-04 20:05:13.252557
0000000405,-7864187349684946546,2026-10-04 20:05:13.252980
0000000406,-7353827807194695129,2026-10-04 20:05:13.253278
0000000407,5065061112100824665,2026-10-04 20:05:13.253556
0000000408,6196065626463779553,2026-10-04 20:05:13.253909
0000000409,-1530283194187565816,2026-10-04 20:05:13.254197
0000000410,671781497930049691,2026-10-04 20:05:13.254925
0000000411,6311369775515143623,2026-10-04 20:05:13.255240
0000000412,-8484844670025743437,2026-10-04 20:05:13.255498
0000000413,6474848583216733624,2026-10-04 20:05:13.255833
0000000414,-2520324207630447150,2026-10-04 20:05:13.256084
0000000415,-2906948224322730089,2026-10-04 20:05:13.256341
0000000416,845260586349192255,2026-10-04 20:05:13.256661
0000000417,-1045569174218705910,2026-10-04 20:05:13.256903
0000000418,4079238982331974189,2026-10-04 20:05:13.257186
0000000419,-4872863022173242404,2026-10-04 20:05:13.257494
0000000420,5620267228542566077,2026-10-04 20:05:13.257905
0000000421,1421354292318708929,2026-10-04 20:05:13.258258
0000000422,1546456512363932205,2026-10-04 20:05:13.258913
0000000423,3832049763701447771,2026-10-04 20:05:13.259265
0000000424,7082826843973231978,2026-10-04 20:05:13.259505
0000000425,4441608612108020116,2026-10-04 20:05:13.259980
0000000426,1481872011538954880,2026-10-04 20:05:13.260261
0000000427,-7495568440542041073,2026-10-04 20:05:13.260598
0000000428,1271835282473865007,2026-10-04 20:05:13.260927
0000000429,-4168927868860284881,2026-10-04 20:05:13.261247
0000000430,6975982119098966616,2026-10-04 20:05:13.261597
0000000431,3228442376568601068,2026-10-04 20:05:13.261999
0000000432,6781271422514584457,2026-10-04 20:05:13.262227
0000000433,3791367815419917291,2026-10-04 20:05:13.262543
0000000434,-5811993910945704306,2026-10-04 20:05:13.262856
0000000435,6328605971538533067,2026-10-04 20:05:13.263201
0000000436,3161871478232670909,2026-10-04 20:05:13.263530
0000000437,2766013986460842728,2026-10-04 20:05:13.263957
0000000438,6673699761161363640,2026-10-04 20:05:13.264208
0000000439,2894953152686174331,2026-10-04 20:05:13.264517
0000000440,7752164315357836702,2026-10-04 20:05:13.264747
0000000441,3306015001967886659,2026-10-04 20:05:13.265000
0000000442,4497115168428319662,2026-10-04 20:05:13.265263
0000000443,-6260893738239985399,2026-10-04 20:05:13.265597
0000000444,8299642726287020259,2026-10-04 20:05:13.265825
0000000445,6755920555312788199,2026-10-04 20:05:13.266151
0000000446,357428700410936585,2026-10-04 20:05:13.266470
0000000447,408198396661637214,2026-10-04 20:05:13.266707
0000000448,6649770801905847319,2026-10-04 20:05:13.266951
0000000449,5877257382350552079,2026-10-04 20:05:13.267283
0000000450,-6628172873199891527,2026-10-04 20:05:13.267593
0000000451,-6118835342435804542,2026-10-04 20:05:13.267939
0000000452,7364721456022861580,2026-10-04 20:05:13.268249
0000000453,6581182755138038803,2026-10-04 20:05:13.268486
0000000454,7157198209786627449,2026-10-04 20:05:13.268902
0000000455,4376351162831889689,2026-10-04 20:05:13.269166
0000000456,-6505940773189539932,2026-10-04 20:05:13.269402
0000000457,-3693900798604187915,2026-10-04 20:05:13.269728
0000000458,-7447880651604981038,2026-10-04 20:05:13.270030
0000000459,-6702939939889133511,2026-10-04 20:05:13.270346
0000000460,-6662679956156367297,2026-10-04 20:05:13.270789
0000000461,-7485826969473478764,2026-10-04 20:05:13.271022
0000000462,7155113867758850876,2026-10-04 20:05:13.271317
0000000463,4102403388081746834,2026-10-04 20:05:13.271642
0000000464,4379478737835467653,2026-10-04 20:05:13.271896
0000000465,4988519297482899403,2026-10-04 20:05:13.272258
0000000466,-4050646274961840020,2026-10-04 20:05:13.272565
0000000467,3101724008853906688,2026-10-04 20:05:13.272928
0000000468,-9008958812193659882,2026-10-04 20:05:13.273193
0000000469,-5123851545957738235,2026-10-04 20:05:13.273452
0000000470,7004313243298056787,2026-10-04 20:05:13.273766
0000000471,3355887217755335188,2026-10-04 20:05:13.274090
0000000472,6116551893162641731,2026-10-04 20:05:13.274645
0000000473,8060773678681581933,2026-10-04 20:05:13.275342
0000000474,6921565969096695022,2026-10-04 20:05:13.276029
0000000475,-8152747186203042369,2026-10-04 20:05:13.276542
0000000476,7333036271752169396,2026-10-04 20:05:13.276954
0000000477,-7173994992539357493,2026-10-04 20:05:13.277256
0000000478,-4443295066913020134,2026-10-04 20:05:13.277524
0000000479,2179304190042489385,2026-10-04 20:05:13.277798
0000000480,-5726074275947338948,2026-10-04 20:05:13.278105
0000000481,6872563245433951418,2026-10-04 20:05:13.278433
0000000482,4434783172634298506,2026-10-04 20:05:13.278975
0000000483,-7001459882460724264,2026-10-04 20:05:13.279222
0000000484,2003969574049859653,2026-10-04 20:05:13.279553
0000000485,-6411777685183223724,2026-10-04 20:05:13.279843
0000000486,-3083339568445691704,2026-10-04 20:05:13.280112
0000000487,8494848424258096547,2026-10-04 20:05:13.280377
0000000488,5805490810417363950,2026-10-04 20:05:13.280691
0000000489,-3351132845296206925,2026-10-04 20:05:13.281028
0000000490,-4750767335524832868,2026-10-04 20:05:13.281331
0000000491,-4918289942863198927,2026-10-04 20:05:13.281652
0000000492,-403192705645845497,2026-10-04 20:05:13.281889
0000000493,4457537019904361394,2026-10-04 20:05:13.282114
0000000494,-8528672866762558397,2026-10-04 20:05:13.282366
0000000495,6843315271025887801,2026-10-04 20:05:13.282682
0000000496,-8792551650950517938,2026-10-04 20:05:13.283002
0000000497,-8430266308825344443,2026-10-04 20:05:13.283240
0000000498,9012157737610925234,2026-10-04 20:05:13.283594
0000000499,-6266022543094766947,2026-10-04 20:05:13.283900
0000000500,8522682450534246008,2026-10-04 20:05:13.284210
0000000501,-671527487682894400,2026-10-04 20:05:13.284439
0000000502,-894590853947098651,2026-10-04 20:05:13.284835
0000000503,-3105803026623893479,2026-10-04 20:05:13.285130
0000000504,4951984470746213307,2026-10-04 20:05:13.285391
0000000505,-5724655369068726738,2026-10-04 20:05:13.285773
0000000506,-3564068294134259505,2026-10-04 20:05:13.286011
0000000507,8790909311398574759,2026-10-04 20:05:13.286308
0000000508,-4106610654517150409,2026-10-04 20:05:13.286621
0000000509,-8601680148990994283,2026-10-04 20:05:13.286982
0000000510,7747436706198861877,2026-10-04 20:05:13.287277
0000000511,7801929743463892013,2026-10-04 20:05:13.287517
0000000512,4696218027748284745,2026-10-04 20:05:13.287946
0000000513,1140395139586295294,2026-10-04 20:05:13.288206
0000000514,7700230975828879518,2026-10-04 20:05:13.288525
0000000515,-4348072897229076070,2026-10-04 20:05:13.288778
0000000516,-3834883663031101008,2026-10-04 20:05:13.289080
0000000517,1610048882371585580,2026-10-04 20:05:13.289382
0000000518,-172219614010685544,2026-10-04 20:05:13.289798
0000000519,6842639025682126880,2026-10-04 20:05:13.290110
0000000520,-7823244645918086992,2026-10-04 20:05:13.290361
0000000521,3520021208969290525,2026-10-04 20:05:13.290615
0000000522,8016849946751099675,2026-10-04 20:05:13.290948
0000000523,-241383330779477383,2026-10-04 20:05:13.291212
0000000524,-8348180388562957193,2026-10-04 20:05:13.291459
0000000525,1642575247744849377,2026-10-04 20:05:13.291900
0000000526,-6705765421648133991,2026-10-04 20:05:13.292141
0000000527,8915108175683481203,2026-10-04 20:05:13.292395
0000000528,8106686351843275344,2026-10-04 20:05:13.292639
0000000529,-4990175749652329520,2026-10-04 20:05:13.292867
0000000530,-9128252122399808429,2026-10-04 20:05:13.293154
0000000531,-1922508335604081071,2026-10-04 20:05:13.293400
0000000532,-304806321150800806,2026-10-04 20:05:13.293713
0000000533,-208811058749499755,2026-10-04 20:05:13.294023
0000000534,-8561283194049813996,2026-10-04 20:05:13.294315
0000000535,199943647569009073,2026-10-04 20:05:13.294774
0000000536,5001753872679885106,2026-10-04 20:05:13.295156
0000000537,-4971611237201905274,2026-10-04 20:05:13.295461
0000000538,-8367360397249062220,2026-10-04 20:05:13.295902
0000000539,-3862362209872754092,2026-10-04 20:05:13.296186
0000000540,-1157881143343486639,2026-10-04 20:05:13.296423
0000000541,-3034905207562853011,2026-10-04 20:05:13.296740
0000000542,8362881373616919515,2026-10-04 20:05:13.297101
0000000543,-5809158978559190124,2026-10-04 20:05:13.297337
0000000544,5284342921022068253,2026-10-04 20:05:13.297807
0000000545,1673940829093127952,2026-10-04 20:05:13.298107
0000000546,1350986372813314149,2026-10-04 20:05:13.298353
0000000547,2712718190856618773,2026-10-04 20:05:13.298731
0000000548,8750218993184205426,2026-10-04 20:05:13.299060
0000000549,-6754981851557655409,2026-10-04 20:05:13.299373
0000000550,-6757888645597193298,2026-10-04 20:05:13.299852
0000000551,5455107097162374836,2026-10-04 20:05:13.300166
0000000552,1303703452347214404,2026-10-04 20:05:13.300477
0000000553,-4298839916527636942,2026-10-04 20:05:13.300765
0000000554,1602440955515435407,2026-10-04 20:05:13.301064
0000000555,-8743252986207099897,2026-10-04 20:05:13.301358
0000000556,4374795813156488989,2026-10-04 20:05:13.301869
0000000557,7488629310891377384,2026-10-04 20:05:13.302113
0000000558,7674161936607861679,2026-10-04 20:05:13.302356
0000000559,1329972836249570132,2026-10-04 20:05:13.302710
0000000560,1418273756074165286,2026-10-04 20:05:13.303020
0000000561,-2359642127266100625,2026-10-04 20:05:13.303295
0000000562,-7875780138778341724,2026-10-04 20:05:13.303679
0000000563,5472856824420129142,2026-10-04 20:05:13.303977
0000000564,1584535416488627945,2026-10-04 20:05:13.304284
0000000565,7865882082370851330,2026-10-04 20:05:13.304647
0000000566,-3688484221534029236,2026-10-04 20:05:13.304902
0000000567,-3050660441686926206,2026-10-04 20:05:13.305134
0000000568,9139995661874882014,2026-10-04 20:05:13.305564
0000000569,-5187356861304630093,2026-10-04 20:05:13.305864
0000000570,-2845875523543747379,2026-10-04 20:05:13.306162
0000000571,520524476999849333,2026-10-04 20:05:13.306468
0000000572,-1485946650291521086,2026-10-04 20:05:13.306808
0000000573,8309304891412958489,2026-10-04 20:05:13.307123
0000000574,7034607295891524545,2026-10-04 20:05:13.307537
0000000575,-8873539234837357274,2026-10-04 20:05:13.307878
0000000576,-4101121972746197830,2026-10-04 20:05:13.308188
0000000577,-9036820419527357627,2026-10-04 20:05:13.308450
0000000578,-1448520977797601409,2026-10-04 20:05:13.308863
0000000579,2309721697488415429,2026-10-04 20:05:13.309155
0000000580,8947225237468073740,2026-10-04 20:05:13.309539
0000000581,-604092253708047690,2026-10-04 20:05:13.309855
0000000582,7538527187232040158,2026-10-04 20:05:13.310100
0000000583,-5960189932839334610,2026-10-04 20:05:13.310418
0000000584,-6354678101811701754,2026-10-04 20:05:13.310790
0000000585,-1179242832474262287,2026-10-04 20:05:13.311050
0000000586,4948952738289499682,2026-10-04 20:05:13.311320
0000000587,4300353380519388619,2026-10-04 20:05:13.311583
0000000588,-2276341407801678825,2026-10-04 20:05:13.312029
0000000589,-696931300648637478,2026-10-04 20:05:13.312353
0000000590,6184523367481490908,2026-10-04 20:05:13.312810
0000000591,6794641223427165576,2026-10-04 20:05:13.313052
0000000592,-1075359536743831566,2026-10-04 20:05:13.313349
0000000593,5721102861732452082,2026-10-04 20:05:13.313668
0000000594,-8080895159658901858,2026-10-04 20:05:13.313926
0000000595,5378411501868830085,2026-10-04 20:05:13.314232
0000000596,4591187203908252347,2026-10-04 20:05:13.314571
0000000597,-3661640391430877509,2026-10-04 20:05:13.314994
0000000598,8313017202743163880,2026-10-04 20:05:13.315618
0000000599,-5449785877718436501,2026-10-04 20:05:13.315864
0000000600,84730268418861564,2026-10-04 20:05:13.316167
0000000601,-6427058370777256274,2026-10-04 20:05:13.316466
0000000602,-6957279561869262398,2026-10-04 20:05:13.316976
0000000603,3562361411025902422,2026-10-04 20:05:13.317291
0000000604,-5057460276200172476,2026-10-04 20:05:13.317656
0000000605,8802584721741148962,2026-10-04 20:05:13.317971
0000000606,-3634387712893384509,2026-10-04 20:05:13.318207
0000000607,9030468770031677191,2026-10-04 20:05:13.318516
0000000608,3322950242348183958,2026-10-04 20:05:13.319015
0000000609,-6754740138860189604,2026-10-04 20:05:13.319323
0000000610,-3900569977025672147,2026-10-04 20:05:13.319835
0000000611,8563445832334382804,2026-10-04 20:05:13.320145
0000000612,-6449938602626783111,2026-10-04 20:05:13.320396
0000000613,-9196093016548917814,2026-10-04 20:05:13.320935
0000000614,-4789024829704269660,2026-10-04 20:05:13.321185
0000000615,-6120609500668936498,2026-10-04 20:05:13.321497
0000000616,8090102018235839339,2026-10-04 20:05:13.321980
0000000617,-4909904380610837693,2026-10-04 20:05:13.322282
0000000618,-515146211866474842,2026-10-04 20:05:13.322587
0000000619,4533873187779489580,2026-10-04 20:05:13.322939
0000000620,3368960266121374348,2026-10-04 20:05:13.323191
0000000621,-3907623085362860364,2026-10-04 20:05:13.323441
0000000622,2556955747792844885,2026-10-04 20:05:13.323976
0000000623,-501728032901642474,2026-10-04 20:05:13.324282
0000000624,-7148209438441286026,2026-10-04 20:05:13.324598
0000000625,4102389449740078842,2026-10-04 20:05:13.324901
0000000626,-2258774983597753695,2026-10-04 20:05:13.325241
0000000627,-5090562056913014000,2026-10-04 20:05:13.325549
0000000628,3610837807581808150,2026-10-04 20:05:13.325841
0000000629,5669719803870956288,2026-10-04 20:05:13.326167
0000000630,2044294594205053561,2026-10-04 20:05:13.326461
0000000631,-1196653548818010907,2026-10-04 20:05:13.326772
0000000632,2320306521298483774,2026-10-04 20:05:13.327031
0000000633,-3187034022860263865,2026-10-04 20:05:13.327339
0000000634,8253932368532206258,2026-10-04 20:05:13.327572
0000000635,-9103281640474692965,2026-10-04 20:05:13.327793
0000000636,-4825437568130969591,2026-10-04 20:05:13.328086
0000000637,7194330258473648743,2026-10-04 20:05:13.328332
0000000638,-276807006390388123,2026-10-04 20:05:13.328649
0000000639,5241271013587466154,2026-10-04 20:05:13.328878
0000000640,6400644474739148595,2026-10-04 20:05:13.329127
0000000641,-7196535100775246563,2026-10-04 20:05:13.329467
0000000642,3948509580491048646,2026-10-04 20:05:13.329780
0000000643,-1804794909412771497,2026-10-04 20:05:13.330047
0000000644,5207744529376929843,2026-10-04 20:05:13.330290
0000000645,-5551770521067299704,2026-10-04 20:05:13.330718
0000000646,-6457066271708484665,2026-10-04 20:05:13.331020
0000000647,-2105632970898912984,2026-10-04 20:05:13.331312
0000000648,-6782059892300104488,2026-10-04 20:05:13.331563
0000000649,-1689886411983981576,2026-10-04 20:05:13.331797
0000000650,6188385021420322329,2026-10-04 20:05:13.332146
0000000651,-509113416334447641,2026-10-04 20:05:13.332382
0000000652,-7350107288003585458,2026-10-04 20:05:13.332834
0000000653,-5383889638710463232,2026-10-04 20:05:13.333065
0000000654,3491660204763188469,2026-10-04 20:05:13.333357
0000000655,2060070147706943731,2026-10-04 20:05:13.333668
0000000656,8664708082980378318,2026-10-04 20:05:13.333982
0000000657,2760305391924250704,2026-10-04 20:05:13.334322
0000000658,8316053722542406319,2026-10-04 20:05:13.334608
0000000659,-6547171799170256495,2026-10-04 20:05:13.334946
0000000660,-5277002029318003813,2026-10-04 20:05:13.335307
0000000661,-2818599235802923681,2026-10-04 20:05:13.335676
0000000662,-5826099681174539396,2026-10-04 20:05:13.335944
0000000663,-7597436618910741037,2026-10-04 20:05:13.336226
0000000664,2755506302087513347,2026-10-04 20:05:13.336564
0000000665,-2635696528483863375,2026-10-04 20:05:13.336969
0000000666,6896700094964538308,2026-10-04 20:05:13.337202
0000000667,6460589842807726779,2026-10-04 20:05:13.337557
0000000668,4529221265963420335,2026-10-04 20:05:13.337846
0000000669,-8573171097408767331,2026-10-04 20:05:13.338132
0000000670,-181669248898045631,2026-10-04 20:05:13.338923
0000000671,4589308138451977301,2026-10-04 20:05:13.339243
0000000672,-3734496861199490402,2026-10-04 20:05:13.339807
0000000673,444912649981059818,2026-10-04 20:05:13.340277
0000000674,-4709783418241904687,2026-10-04 20:05:13.340698
0000000675,-5437473862293455531,2026-10-04 20:05:13.341230
0000000676,2222556098883591111,2026-10-04 20:05:13.341771
0000000677,-6017690279999067991,2026-10-04 20:05:13.342058
0000000678,6951028648671223170,2026-10-04 20:05:13.342360
0000000679,5132088857799138147,2026-10-04 20:05:13.342622
0000000680,2233023389972496277,2026-10-04 20:05:13.342889
0000000681,8914800523613316557,2026-10-04 20:05:13.343233
0000000682,9012127527780151968,2026-10-04 20:05:13.343498
0000000683,9124355944038308983,2026-10-04 20:05:13.343808
0000000684,5308122581824896838,2026-10-04 20:05:13.344144
0000000685,4010557334224570287,2026-10-04 20:05:13.344449
0000000686,4165114816231446455,2026-10-04 20:05:13.344690
0000000687,-3386919375095593111,2026-10-04 20:05:13.344989
0000000688,5327997644837094404,2026-10-04 20:05:13.345351
0000000689,8205133570112995954,2026-10-04 20:05:13.345600
0000000690,7537872434501956083,2026-10-04 20:05:13.345920
0000000691,7799439678770492970,2026-10-04 20:05:13.346243
0000000692,4314470287303555114,2026-10-04 20:05:13.346476
0000000693,6747529753137034697,2026-10-04 20:05:13.346913
0000000694,-2000503528384955190,2026-10-04 20:05:13.347178
0000000695,-4702531304106856175,2026-10-04 20:05:13.347483
0000000696,6090663628191257895,2026-10-04 20:05:13.347747
0000000697,7123716395925473598,2026-10-04 20:05:13.348081
0000000698,83546411672559829,2026-10-04 20:05:13.348326
0000000699,-3847866985036241287,2026-10-04 20:05:13.348687
0000000700,-4905219210071968961,2026-10-04 20:05:13.349008
0000000701,6737648847227390184,2026-10-04 20:05:13.349254
0000000702,-6889593717156917812,2026-10-04 20:05:13.349737
0000000703,-2363679130864159071,2026-10-04 20:05:13.350140
0000000704,8965466879250949905,2026-10-04 20:05:13.350430
0000000705,-5445269366622411440,2026-10-04 20:05:13.350876
0000000706,-4718363501835709205,2026-10-04 20:05:13.351118
0000000707,-5207530475382339208,2026-10-04 20:05:13.351453
0000000708,2264447359629156140,2026-10-04 20:05:13.351764
0000000709,-4248827897200220804,2026-10-04 20:05:13.352104
0000000710,7584826731323579476,2026-10-04 20:05:13.352426
0000000711,-4756671737820959572,2026-10-04 20:05:13.352923
0000000712,-2294367807642911953,2026-10-04 20:05:13.353251
0000000713,3609711995587069785,2026-10-04 20:05:13.353602
0000000714,4702092402808521064,2026-10-04 20:05:13.353858
0000000715,-5631412898719382765,2026-10-04 20:05:13.354168
0000000716,-7223282134666916885,2026-10-04 20:05:13.354462
0000000717,4453121153414052855,2026-10-04 20:05:13.354934
0000000718,397349763519778926,2026-10-04 20:05:13.355191
0000000719,6698541971014458753,2026-10-04 20:05:13.355487
0000000720,4003475224344039650,2026-10-04 20:05:13.355918
0000000721,1775540865175196478,2026-10-04 20:05:13.356240
0000000722,-7248689356670084058,2026-10-04 20:05:13.356607
0000000723,-5333449381763340564,2026-10-04 20:05:13.356941
0000000724,-8785626150930832290,2026-10-04 20:05:13.357250
0000000725,-7771420371611293333,2026-10-04 20:05:13.357599
0000000726,-7123593351984352189,2026-10-04 20:05:13.357879
0000000727,-2669198303514068456,2026-10-04 20:05:13.358125
0000000728,-2484550977365726892,2026-10-04 20:05:13.358413
0000000729,-6859876338904047770,2026-10-04 20:05:13.358678
0000000730,5106801077618787061,2026-10-04 20:05:13.358982
0000000731,-5934083990973274383,2026-10-04 20:05:13.359289
0000000732,577513801363147594,2026-10-04 20:05:13.359555
0000000733,-89173548658699191,2026-10-04 20:05:13.359791
0000000734,3206898910656175141,2026-10-04 20:05:13.360095
0000000735,-2806413709107019824,2026-10-04 20:05:13.360410
0000000736,-7094225831808128754,2026-10-04 20:05:13.360682
0000000737,-132098548881218241,2026-10-04 20:05:13.360976
0000000738,-6923728146450486199,2026-10-04 20:05:13.361235
0000000739,-6367595915755079218,2026-10-04 20:05:13.361545
0000000740,2261459849552891404,2026-10-04 20:05:13.361796
0000000741,5933725475115399321,2026-10-04 20:05:13.362072
0000000742,874579424692800832,2026-10-04 20:05:13.362384
0000000743,-4114533405460681310,2026-10-04 20:05:13.362627
0000000744,-1232091701068959743,2026-10-04 20:05:13.362861
0000000745,-7601442083304597160,2026-10-04 20:05:13.363203
0000000746,2360551115149580469,2026-10-04 20:05:13.363447
0000000747,-935157177263189399,2026-10-04 20:05:13.363687
0000000748,2572137619030910348,2026-10-04 20:05:13.363932
0000000749,3378433261403010289,2026-10-04 20:05:13.364194
0000000750,3576545870638481796,2026-10-04 20:05:13.364419
0000000751,5067339960388307964,2026-10-04 20:05:13.364721
0000000752,-1637837244383701677,2026-10-04 20:05:13.364960
0000000753,-2201947040848141987,2026-10-04 20:05:13.365291
0000000754,4818390915077982500,2026-10-04 20:05:13.365563
0000000755,-3285142304471917699,2026-10-04 20:05:13.365830
0000000756,5775601237194345165,2026-10-04 20:05:13.366143
0000000757,6952718705808610909,2026-10-04 20:05:13.366430
0000000758,2355006971934131589,2026-10-04 20:05:13.366685
0000000759,4276032382951700248,2026-10-04 20:05:13.367003
0000000760,9010712268222443873,2026-10-04 20:05:13.367353
0000000761,4865314553159394196,2026-10-04 20:05:13.367662
0000000762,-2490871368885088116,2026-10-04 20:05:13.367921
0000000763,2511181274309686013,2026-10-04 20:05:13.368259
0000000764,7545505052139263904,2026-10-04 20:05:13.368525
0000000765,8279710257547688303,2026-10-04 20:05:13.368829
0000000766,2420744598163270980,2026-10-04 20:05:13.369144
0000000767,-4301319456745780201,2026-10-04 20:05:13.369510
0000000768,-7460621978204146231,2026-10-04 20:05:13.369766
0000000769,9100484213288605351,2026-10-04 20:05:13.370041
0000000770,9088164159339628970,2026-10-04 20:05:13.370323
0000000771,-4923380300061417177,2026-10-04 20:05:13.370808
0000000772,8278915441803512853,2026-10-04 20:05:13.371116
0000000773,6086001034565789220,2026-10-04 20:05:13.371372
0000000774,-6392520162197358066,2026-10-04 20:05:13.371714
0000000775,-5451928978722100313,2026-10-04 20:05:13.372017
0000000776,-6716236847072065986,2026-10-04 20:05:13.372355
0000000777,-7773567175071030230,2026-10-04 20:05:13.372732
0000000778,4233981371347258379,2026-10-04 20:05:13.373111
0000000779,-8101601313524110801,2026-10-04 20:05:13.373378
0000000780,8422260758942573319,2026-10-04 20:05:13.373696
0000000781,-6156579677659001702,2026-10-04 20:05:13.373929
0000000782,-2383757388478140207,2026-10-04 20:05:13.374191
0000000783,1873429363153332721,2026-10-04 20:05:13.374514
0000000784,7291193803548258554,2026-10-04 20:05:13.374768
0000000785,5212506670973298973,2026-10-04 20:05:13.375100
0000000786,8057276560363564783,2026-10-04 20:05:13.375325
0000000787,5041956395041552186,2026-10-04 20:05:13.375640
0000000788,-969673197160093338,2026-10-04 20:05:13.376041
0000000789,7690135556843725203,2026-10-04 20:05:13.376379
0000000790,-1350158192132499758,2026-10-04 20:05:13.376624
0000000791,7624535864284146846,2026-10-04 20:05:13.376899
0000000792,5309126704438300221,2026-10-04 20:05:13.377278
0000000793,-3757163577762732172,2026-10-04 20:05:13.377664
0000000794,3421912481799532249,2026-10-04 20:05:13.377891
0000000795,-9188192900797481593,2026-10-04 20:05:13.378219
0000000796,1889718496829551708,2026-10-04 20:05:13.378554
0000000797,558413990684797975,2026-10-04 20:05:13.378787
0000000798,2253827493433437421,2026-10-04 20:05:13.379166
0000000799,3485920111028270817,2026-10-04 20:05:13.379403
0000000800,-2022315771163559538,2026-10-04 20:05:13.379719
0000000801,-1863488739195546246,2026-10-04 20:05:13.379972
0000000802,4233187313355083858,2026-10-04 20:05:13.380207
0000000803,-6089544255149300961,2026-10-04 20:05:13.380712
0000000804,1582184010021852846,2026-10-04 20:05:13.381029
0000000805,-7881882655922423700,2026-10-04 20:05:13.381372
0000000806,-77889383247679908,2026-10-04 20:05:13.381727
0000000807,-3435101760369831174,2026-10-04 20:05:13.381962
0000000808,-2481338284330192359,2026-10-04 20:05:13.382265
0000000809,1954525595028920079,2026-10-04 20:05:13.382652
0000000810,-4763427370358275570,2026-10-04 20:05:13.382957
0000000811,-7889162916249906751,2026-10-04 20:05:13.383303
0000000812,-6476083232393654968,2026-10-04 20:05:13.383563
0000000813,-3347120239520439737,2026-10-04 20:05:13.383873
0000000814,-8786619303580259335,2026-10-04 20:05:13.384129
0000000815,4856482393792514416,2026-10-04 20:05:13.384355
0000000816,-4355844057136269358,2026-10-04 20:05:13.384682
0000000817,4801661674223203761,2026-10-04 20:05:13.384985
0000000818,8617568507270198821,2026-10-04 20:05:13.385323
0000000819,-1130385966723898468,2026-10-04 20:05:13.385645
0000000820,-7180168674000474098,2026-10-04 20:05:13.385878
0000000821,5284969428405482270,2026-10-04 20:05:13.386103
0000000822,4280896754343093733,2026-10-04 20:05:13.386432
0000000823,-3080444785791337424,2026-10-04 20:05:13.386793
0000000824,-6822851162721487846,2026-10-04 20:05:13.387024
0000000825,2467529216183189656,2026-10-04 20:05:13.387287
0000000826,-6056266859552787061,2026-10-04 20:05:13.387589
0000000827,259301338125555154,2026-10-04 20:05:13.387891
0000000828,6092252645959246598,2026-10-04 20:05:13.388138
0000000829,5392486921285381378,2026-10-04 20:05:13.388384
0000000830,8271009735422487670,2026-10-04 20:05:13.388728
0000000831,4583728382600471625,2026-10-04 20:05:13.389036
0000000832,-8032048372032356058,2026-10-04 20:05:13.389320
0000000833,-3495161524625142045,2026-10-04 20:05:13.389647
0000000834,-7001432290942964366,2026-10-04 20:05:13.389939
0000000835,-4251094677244184266,2026-10-04 20:05:13.390235
0000000836,1782805543352745094,2026-10-04 20:05:13.390509
0000000837,-2452954071342758231,2026-10-04 20:05:13.390835
0000000838,-1818387677899161620,2026-10-04 20:05:13.391157
0000000839,7090415272086754412,2026-10-04 20:05:13.391502
0000000840,4585445992639047046,2026-10-04 20:05:13.391770
0000000841,-6581913805794038746,2026-10-04 20:05:13.392046
0000000842,1851464445569071468,2026-10-04 20:05:13.392288
0000000843,829798639620053605,2026-10-04 20:05:13.392594
0000000844,-3183538894412180627,2026-10-04 20:05:13.392827
0000000845,1500444584182525803,2026-10-04 20:05:13.393152
0000000846,4532053841340896034,2026-10-04 20:05:13.393759
0000000847,691726724915382518,2026-10-04 20:05:13.394252
0000000848,4636736929565341587,2026-10-04 20:05:13.394573
0000000849,-6725498891304904691,2026-10-04 20:05:13.394876
0000000850,-2524263252797493089,2026-10-04 20:05:13.395286
0000000851,8279829856993104513,2026-10-04 20:05:13.395728
0000000852,-1432887295257043208,2026-10-04 20:05:13.396104
0000000853,-781504178525875217,2026-10-04 20:05:13.396461
0000000854,-4270767560742468147,2026-10-04 20:05:13.397012
0000000855,6529571437534458044,2026-10-04 20:05:13.397593
0000000856,-481304514663523795,2026-10-04 20:05:13.397834
0000000857,4176226643612667583,2026-10-04 20:05:13.398136
0000000858,7508225088618056555,2026-10-04 20:05:13.398407
0000000859,-9077079844556974949,2026-10-04 20:05:13.398736
0000000860,1427480115891728645,2026-10-04 20:05:13.399043
0000000861,-8581382770721700432,2026-10-04 20:05:13.399565
0000000862,1775897214227445006,2026-10-04 20:05:13.399806
0000000863,1336980754196491804,2026-10-04 20:05:13.400129
0000000864,-6502483655173245191,2026-10-04 20:05:13.400479
0000000865,-6505118611674168777,2026-10-04 20:05:13.400790
0000000866,4697558685125118818,2026-10-04 20:05:13.401087
0000000867,7574954398676028071,2026-10-04 20:05:13.401385
0000000868,-5139991711331580199,2026-10-04 20:05:13.401734
0000000869,3102304567875140572,2026-10-04 20:05:13.401979
0000000870,-2925284168803177195,2026-10-04 20:05:13.402314
0000000871,-2396122387486488225,2026-10-04 20:05:13.402632
0000000872,-7214268702932675428,2026-10-04 20:05:13.402877
0000000873,-2068435853015464844,2026-10-04 20:05:13.403170
0000000874,2465811402702548966,2026-10-04 20:05:13.403464
0000000875,555150347519648860,2026-10-04 20:05:13.403830
0000000876,4915191529012014895,2026-10-04 20:05:13.404135
0000000877,8086009594512457871,2026-10-04 20:05:13.404360
0000000878,-3676988354249911796,2026-10-04 20:05:13.404907
0000000879,8884129643797720810,2026-10-04 20:05:13.405238
0000000880,-8463222124038863691,2026-10-04 20:05:13.405509
0000000881,1404689184348690354,2026-10-04 20:05:13.406068
0000000882,90151898527589368,2026-10-04 20:05:13.406371
0000000883,-218358211939867882,2026-10-04 20:05:13.406700
0000000884,2113873406666456090,2026-10-04 20:05:13.407197
0000000885,2010582129518309201,2026-10-04 20:05:13.407814
0000000886,-5024768776723887453,2026-10-04 20:05:13.408263
0000000887,-1527908198543255228,2026-10-04 20:05:13.408660
0000000888,-8230458164837592847,2026-10-04 20:05:13.408971
0000000889,1899063170877120812,2026-10-04 20:05:13.409279
0000000890,-7302724939584314932,2026-10-04 20:05:13.409536
0000000891,-2703203406280516734,2026-10-04 20:05:13.410051
0000000892,-7257623357086545842,2026-10-04 20:05:13.410354
0000000893,8502189458828469472,2026-10-04 20:05:13.410673
0000000894,1821817469865258028,2026-10-04 20:05:13.410985
0000000895,2735299081314664900,2026-10-04 20:05:13.411266
0000000896,-1515718570220024661,2026-10-04 20:05:13.411507
0000000897,-4748580426979888899,2026-10-04 20:05:13.411732
0000000898,118709660130009727,2026-10-04 20:05:13.412065
0000000899,-1131063978037439539,2026-10-04 20:05:13.412365
0000000900,5552091790873902643,2026-10-04 20:05:13.412680
0000000901,-3685781287642067428,2026-10-04 20:05:13.412941
0000000902,5748718708238023805,2026-10-04 20:05:13.413231
0000000903,-6338913669688004647,2026-10-04 20:05:13.413564
0000000904,-546652442534725674,2026-10-04 20:05:13.413869
0000000905,1448836196242276262,2026-10-04 20:05:13.414137
0000000906,-8447898298421668945,2026-10-04 20:05:13.414392
0000000907,4157467532293661329,2026-10-04 20:05:13.414760
0000000908,4809358937990920456,2026-10-04 20:05:13.415035
0000000909,1725319973171984888,2026-10-04 20:05:13.415331
0000000910,-1269883242594342596,2026-10-04 20:05:13.415661
0000000911,-8736770528908363658,2026-10-04 20:05:13.415883
0000000912,-4908338140448887318,2026-10-04 20:05:13.416272
0000000913,3864043857698869085,2026-10-04 20:05:13.416874
0000000914,2973585976280624969,2026-10-04 20:05:13.417193
0000000915,7523427209307361926,2026-10-04 20:05:13.417512
0000000916,-2911036639001938673,2026-10-04 20:05:13.418200
0000000917,-4623387346311095836,2026-10-04 20:05:13.418910
0000000918,6958676313282971217,2026-10-04 20:05:13.419426
0000000919,4499506617893969514,2026-10-04 20:05:13.419826
0000000920,-624238621920453393,2026-10-04 20:05:13.420224
0000000921,1900137698735961899,2026-10-04 20:05:13.420475
0000000922,-7126461406792598835,2026-10-04 20:05:13.421042
0000000923,-7987295421068570200,2026-10-04 20:05:13.421310
0000000924,8986860879676629050,2026-10-04 20:05:13.421674
0000000925,1253774236538554900,2026-10-04 20:05:13.421936
0000000926,8239783656519133719,2026-10-04 20:05:13.422176
0000000927,3729456548043845889,2026-10-04 20:05:13.422514
0000000928,-74139166596272014,2026-10-04 20:05:13.422816
0000000929,-5704681667606583754,2026-10-04 20:05:13.423147
0000000930,2139087359146441703,2026-10-04 20:05:13.423463
0000000931,-2824230048564979527,2026-10-04 20:05:13.423781
0000000932,-22315808936222311,2026-10-04 20:05:13.424092
0000000933,5115896692307331613,2026-10-04 20:05:13.424563
0000000934,-1078176520821816461,2026-10-04 20:05:13.424885
0000000935,1219009993496611057,2026-10-04 20:05:13.425236
0000000936,-1187220895474593948,2026-10-04 20:05:13.425501
0000000937,-4958736991837354167,2026-10-04 20:05:13.425806
0000000938,-7052640602922181335,2026-10-04 20:05:13.426057
0000000939,8888723631887806954,2026-10-04 20:05:13.426353
0000000940,-2637736977846629824,2026-10-04 20:05:13.426612
0000000941,-3611463545528368293,2026-10-04 20:05:13.426943
0000000942,-5021254173442586373,2026-10-04 20:05:13.427281
0000000943,3518880303193391623,2026-10-04 20:05:13.427607
0000000944,1616113310145191411,2026-10-04 20:05:13.427855
0000000945,1309363171581290559,2026-10-04 20:05:13.428146
0000000946,430884267560719620,2026-10-04 20:05:13.428519
0000000947,2002911549455427253,2026-10-04 20:05:13.428780
0000000948,-6067512099766326809,2026-10-04 20:05:13.429006
0000000949,3678345001880730782,2026-10-04 20:05:13.429286
0000000950,-1625253010631616509,2026-10-04 20:05:13.429585
0000000951,3410278770822242639,2026-10-04 20:05:13.429888
0000000952,6185585830731769480,2026-10-04 20:05:13.430179
0000000953,-7664738501339699368,2026-10-04 20:05:13.430605
0000000954,-2876012245198200766,2026-10-04 20:05:13.430858
0000000955,-6520351798897943209,2026-10-04 20:05:13.431176
0000000956,-3945016854416455236,2026-10-04 20:05:13.431507
0000000957,2807163957237201382,2026-10-04 20:05:13.431812
0000000958,-8267555538877752393,2026-10-04 20:05:13.432073
0000000959,-334114565509039566,2026-10-04 20:05:13.432370
0000000960,-3329466709351607751,2026-10-04 20:05:13.432697
0000000961,4106171232002497751,2026-10-04 20:05:13.433015
0000000962,-5939281552632668124,2026-10-04 20:05:13.433321
0000000963,5640009252476733534,2026-10-04 20:05:13.433617
0000000964,1090975088775938071,2026-10-04 20:05:13.433943
0000000965,-3783932019566127564,2026-10-04 20:05:13.434260
0000000966,-795619877713362723,2026-10-04 20:05:13.434770
0000000967,4769394274400814295,2026-10-04 20:05:13.435074
0000000968,615861550673514737,2026-10-04 20:05:13.435377
0000000969,-8577392203610107831,2026-10-04 20:05:13.435833
0000000970,5355395336432168391,2026-10-04 20:05:13.436071
0000000971,-8544130884492951401,2026-10-04 20:05:13.436403
0000000972,6730938212093888139,2026-10-04 20:05:13.436941
0000000973,-4300413045405430364,2026-10-04 20:05:13.437272
0000000974,-8445051575606651534,2026-10-04 20:05:13.437785
0000000975,4459053519886843765,2026-10-04 20:05:13.438086
0000000976,7479250326241178543,2026-10-04 20:05:13.438346
0000000977,3203115525673151529,2026-10-04 20:05:13.438733
0000000978,-1727382358882651997,2026-10-04 20:05:13.439039
0000000979,2815432483090406945,2026-10-04 20:05:13.439358
0000000980,-7292993584765764210,2026-10-04 20:05:13.439861
0000000981,-2432536152930529818,2026-10-04 20:05:13.440203
0000000982,5010690382174796079,2026-10-04 20:05:13.440461
0000000983,538836637556674585,2026-10-04 20:05:13.440885
0000000984,2210648877264338720,2026-10-04 20:05:13.441238
0000000985,2017442779920667602,2026-10-04 20:05:13.441975
0000000986,-6049114156418714148,2026-10-04 20:05:13.442311
0000000987,-5166808207147106510,2026-10-04 20:05:13.442667
0000000988,1144787741581943115,2026-10-04 20:05:13.443026
0000000989,-813544733131500920,2026-10-04 20:05:13.443289
0000000990,-2839839864737271611,2026-10-04 20:05:13.443603
0000000991,5730306376740075715,2026-10-04 20:05:13.443864
0000000992,1340635321155964217,2026-10-04 20:05:13.444204
0000000993,4603810137704903391,2026-10-04 20:05:13.444440
0000000994,7502124209412430028,2026-10-04 20:05:13.444907
0000000995,4930437910523269522,2026-10-04 20:05:13.445221
0000000996,2094497670291813716,2026-10-04 20:05:13.445470
0000000997,4213175895238136712,2026-10-04 20:05:13.445776
0000000998,-4302627677688190361,2026-10-04 20:05:13.446068
0000000999,845859960448679433,2026-10-04 20:05:13.446378
0000001000,5531906918766381905,2026-10-04 20:05:13.446691
0000001001,1290067215818117087,2026-10-04 20:05:13.446951
0000001002,-7310388688614456491,2026-10-04 20:05:13.447248
0000001003,-7321904322147963680,2026-10-04 20:05:13.447648
0000001004,8443470314777408465,2026-10-04 20:05:13.447968
0000001005,3340771894534999557,2026-10-04 20:05:13.448258
0000001006,7057138566428916254,2026-10-04 20:05:13.448535
0000001007,1314576855650894186,2026-10-04 20:05:13.448950
0000001008,-3881826581556694837,2026-10-04 20:05:13.449187
0000001009,-5245977710643696507,2026-10-04 20:05:13.449493
0000001010,5681563640589417685,2026-10-04 20:05:13.449802
0000001011,-174341601977136065,2026-10-04 20:05:13.450174
0000001012,-502876003420955963,2026-10-04 20:05:13.450436
0000001013,6179205382025590249,2026-10-04 20:05:13.450908
0000001014,-8491859415161346190,2026-10-04 20:05:13.451186
0000001015,8530289015608425876,2026-10-04 20:05:13.451503
0000001016,7734956625644865365,2026-10-04 20:05:13.451815
0000001017,-1699781606009499558,2026-10-04 20:05:13.452153
0000001018,-6340845367715234713,2026-10-04 20:05:13.452462
0000001019,983522547143663607,2026-10-04 20:05:13.452815
0000001020,6346596716026129053,2026-10-04 20:05:13.453118
0000001021,-7042262442475198807,2026-10-04 20:05:13.453434
0000001022,8362140147038171133,2026-10-04 20:05:13.453740
0000001023,6188020822215539241,2026-10-04 20:05:13.454035
0000001024,4341415097774095758,2026-10-04 20:05:13.454381
0000001025,-2901859151944472772,2026-10-04 20:05:13.454624
0000001026,-3400151210656763146,2026-10-04 20:05:13.454851
0000001027,-6725676119262724961,2026-10-04 20:05:13.455149
0000001028,1735538659329125380,2026-10-04 20:05:13.455477
0000001029,-4620601500439042706,2026-10-04 20:05:13.455725
0000001030,-6840367326222245865,2026-10-04 20:05:13.456051
0000001031,-3815474766526772341,2026-10-04 20:05:13.456314
0000001032,-5453686430971355764,2026-10-04 20:05:13.456790
0000001033,-7800131172083693021,2026-10-04 20:05:13.457248
0000001034,-269065969417331380,2026-10-04 20:05:13.457566
0000001035,-4337674947108549140,2026-10-04 20:05:13.457878
0000001036,-345340015136340839,2026-10-04 20:05:13.458108
0000001037,6209055214460629449,2026-10-04 20:05:13.458443
0000001038,-6692323267349524283,2026-10-04 20:05:13.458684
0000001039,-3847247046245389787,2026-10-04 20:05:13.458905
0000001040,698066413565217354,2026-10-04 20:05:13.459233
0000001041,-1311243561219871087,2026-10-04 20:05:13.459453
0000001042,-5719595800826552134,2026-10-04 20:05:13.459771
0000001043,2582040324827737142,2026-10-04 20:05:13.460073
0000001044,-83039934427575880,2026-10-04 20:05:13.460362
0000001045,-262420189458335776,2026-10-04 20:05:13.460755
0000001046,4218962775091748623,2026-10-04 20:05:13.461079
0000001047,-4257574837911810367,2026-10-04 20:05:13.461334
0000001048,8081187931355382071,2026-10-04 20:05:13.461616
0000001049,8168322555149811534,2026-10-04 20:05:13.461913
0000001050,414739094680021434,2026-10-04 20:05:13.462159
0000001051,5704307136604855837,2026-10-04 20:05:13.462585
0000001052,5726212174965278872,2026-10-04 20:05:13.462827
0000001053,3733126090320638,2026-10-04 20:05:13.463076
0000001054,-914646301781186556,2026-10-04 20:05:13.463368
0000001055,8978739380216114594,2026-10-04 20:05:13.463775
0000001056,-7708827965127132582,2026-10-04 20:05:13.464075
0000001057,2557754837906631433,2026-10-04 20:05:13.464303
0000001058,-2302170525979715542,2026-10-04 20:05:13.464651
0000001059,-546490442531836680,2026-10-04 20:05:13.464886
0000001060,5982983400041862181,2026-10-04 20:05:13.465135
0000001061,7399641134020341367,2026-10-04 20:05:13.465442
0000001062,116250522351681010,2026-10-04 20:05:13.465876
0000001063,5784279708554879940,2026-10-04 20:05:13.466123
0000001064,1424777729372953499,2026-10-04 20:05:13.466470
0000001065,-4849727756401362118,2026-10-04 20:05:13.466749
0000001066,7375543324525040072,2026-10-04 20:05:13.466978
0000001067,4350663852615987148,2026-10-04 20:05:13.467232
0000001068,-4853939116398542074,2026-10-04 20:05:13.467463
0000001069,2776881430072327416,2026-10-04 20:05:13.467838
0000001070,6568124891195395493,2026-10-04 20:05:13.468081
0000001071,3984598799895236828,2026-10-04 20:05:13.468370
0000001072,-3797705529723767435,2026-10-04 20:05:13.468654
0000001073,1333941218715524227,2026-10-04 20:05:13.468947
0000001074,1848976193436841384,2026-10-04 20:05:13.469175
0000001075,-5112221249854804307,2026-10-04 20:05:13.469430
0000001076,-5677760583674188923,2026-10-04 20:05:13.469813
0000001077,8975364773712479094,2026-10-04 20:05:13.470119
0000001078,-1531265784053070191,2026-10-04 20:05:13.470378
0000001079,578004995492224345,2026-10-04 20:05:13.470736
0000001080,1126639669429929359,2026-10-04 20:05:13.470964
0000001081,798160981099590684,2026-10-04 20:05:13.471301
0000001082,-8453113491738080379,2026-10-04 20:05:13.471626
0000001083,8370184744657604750,2026-10-04 20:05:13.471933
0000001084,465717231307075606,2026-10-04 20:05:13.472156
0000001085,3027801050165692536,2026-10-04 20:05:13.472452
0000001086,-8391450158749512825,2026-10-04 20:05:13.472727
0000001087,-4841744236992153228,2026-10-04 20:05:13.472954
0000001088,6276977734513939953,2026-10-04 20:05:13.473210
0000001089,-8626466004740882150,2026-10-04 20:05:13.473671
0000001090,-1158497654693810192,2026-10-04 20:05:13.473906
0000001091,-3702737136240570197,2026-10-04 20:05:13.474262
0000001092,-7941805092218560130,2026-10-04 20:05:13.474769
0000001093,-4278204621523069656,2026-10-04 20:05:13.475069
0000001094,443764931897743550,2026-10-04 20:05:13.475325
0000001095,2834295174740915056,2026-10-04 20:05:13.475727
0000001096,-8525611301149554112,2026-10-04 20:05:13.476019
0000001097,-3577173400171637121,2026-10-04 20:05:13.476313
0000001098,-8003598118598705017,2026-10-04 20:05:13.476714
0000001099,-4492054038262348040,2026-10-04 20:05:13.477082
0000001100,7705819669833778017,2026-10-04 20:05:13.477642
0000001101,-2387349959891881732,2026-10-04 20:05:13.477878
0000001102,988572408640440731,2026-10-04 20:05:13.478119
0000001103,5635152852395262237,2026-10-04 20:05:13.478345
0000001104,-3999789836063610536,2026-10-04 20:05:13.478723
0000001105,6241052575165969434,2026-10-04 20:05:13.479037
0000001106,4871692269036203093,2026-10-04 20:05:13.479279
0000001107,-6775714049188622413,2026-10-04 20:05:13.479715
0000001108,2158407447267168082,2026-10-04 20:05:13.480187
0000001109,-4169025612295485655,2026-10-04 20:05:13.480468
0000001110,-464863474791155027,2026-10-04 20:05:13.480855
0000001111,827178559205703043,2026-10-04 20:05:13.481088
0000001112,-6662637829781925830,2026-10-04 20:05:13.481324
0000001113,-7780862215754681053,2026-10-04 20:05:13.481630
0000001114,3038429621996998484,2026-10-04 20:05:13.481943
0000001115,-7654584118808356966,2026-10-04 20:05:13.482246
0000001116,-8044431278968059634,2026-10-04 20:05:13.482599
0000001117,-8111221000098250864,2026-10-04 20:05:13.482987
0000001118,-2315481358795940644,2026-10-04 20:05:13.483289
0000001119,8736032790613693548,2026-10-04 20:05:13.483632
0000001120,-9055007210977128884,2026-10-04 20:05:13.483885
0000001121,5366068381209299261,2026-10-04 20:05:13.484133
0000001122,-4346911391445730538,2026-10-04 20:05:13.484377
0000001123,-6072415010018894630,2026-10-04 20:05:13.484853
0000001124,353038006127750245,2026-10-04 20:05:13.485120
0000001125,2294330546692638418,2026-10-04 20:05:13.485356
0000001126,4403222869201388726,2026-10-04 20:05:13.485697
0000001127,-1553738546898028482,2026-10-04 20:05:13.486016
0000001128,3355946283905868688,2026-10-04 20:05:13.486309
0000001129,1564165135372738023,2026-10-04 20:05:13.486592
0000001130,2318927350826817076,2026-10-04 20:05:13.487030
0000001131,-6861697767120642319,2026-10-04 20:05:13.487325
0000001132,-7224750761998696612,2026-10-04 20:05:13.487675
0000001133,3168323293906577906,2026-10-04 20:05:13.487928
0000001134,-5005392606707995358,2026-10-04 20:05:13.488224
0000001135,2427165610276651622,2026-10-04 20:05:13.488616
0000001136,-2395708149222251677,2026-10-04 20:05:13.488865
0000001137,-6787712591872852574,2026-10-04 20:05:13.489113
0000001138,8316224270155664168,2026-10-04 20:05:13.489333
0000001139,-6046684494945505142,2026-10-04 20:05:13.489729
0000001140,-7366067915734164793,2026-10-04 20:05:13.490053
0000001141,-454035494596282290,2026-10-04 20:05:13.490403
0000001142,1865045582843908611,2026-10-04 20:05:13.490698
0000001143,-4934416615335134836,2026-10-04 20:05:13.490928
0000001144,7459084590960934906,2026-10-04 20:05:13.491230
0000001145,6660680771848417816,2026-10-04 20:05:13.491551
0000001146,-7116799574939146144,2026-10-04 20:05:13.491910
0000001147,2886403109048789386,2026-10-04 20:05:13.492170
0000001148,-7252481247591405706,2026-10-04 20:05:13.492571
0000001149,-4503833269921042221,2026-10-04 20:05:13.492881
0000001150,-454934443907161057,2026-10-04 20:05:13.493173
0000001151,-6701855388495419032,2026-10-04 20:05:13.493463
0000001152,-498359437586535767,2026-10-04 20:05:13.493895
0000001153,-738860754657048776,2026-10-04 20:05:13.494196
0000001154,7308928930018892865,2026-10-04 20:05:13.494517
0000001155,-647140297069216921,2026-10-04 20:05:13.494823
0000001156,-1422525068235747598,2026-10-04 20:05:13.495130
0000001157,5582851988628445829,2026-10-04 20:05:13.495420
0000001158,-7800045140376544067,2026-10-04 20:05:13.495786
0000001159,6999204015579570420,2026-10-04 20:05:13.496096
0000001160,-6880794777444716111,2026-10-04 20:05:13.496351
0000001161,-4375203736023589916,2026-10-04 20:05:13.496689
0000001162,-5059714559271872952,2026-10-04 20:05:13.496930
0000001163,8579184901536325511,2026-10-04 20:05:13.497246
0000001164,-2346657097637962412,2026-10-04 20:05:13.497690
0000001165,-2950408508843596691,2026-10-04 20:05:13.498107
0000001166,-1717830538218267907,2026-10-04 20:05:13.498409
0000001167,-389540180022647085,2026-10-04 20:05:13.498781
0000001168,8525890187099325009,2026-10-04 20:05:13.499082
0000001169,-2563380706232427922,2026-10-04 20:05:13.499385
0000001170,-6703520669116166647,2026-10-04 20:05:13.499928
0000001171,-7729296763109477643,2026-10-04 20:05:13.500233
0000001172,-1577326539627114962,2026-10-04 20:05:13.500635
0000001173,-7128680454110707958,2026-10-04 20:05:13.500945
0000001174,-7379755772872322483,2026-10-04 20:05:13.501197
0000001175,311263041220240083,2026-10-04 20:05:13.501503
0000001176,-3876701127614770936,2026-10-04 20:05:13.501807
0000001177,5903958917763197165,2026-10-04 20:05:13.502161
0000001178,-6790450570263688969,2026-10-04 20:05:13.502435
0000001179,-5991449503190462927,2026-10-04 20:05:13.502832
0000001180,-1908965193934717275,2026-10-04 20:05:13.503129
0000001181,729763399095151619,2026-10-04 20:05:13.503427
0000001182,890467713741564038,2026-10-04 20:05:13.503663
0000001183,2564990005979032091,2026-10-04 20:05:13.503955
0000001184,-1474437329512017827,2026-10-04 20:05:13.504236
0000001185,-8540468746879623397,2026-10-04 20:05:13.504536
0000001186,-6655477193589626418,2026-10-04 20:05:13.504805
0000001187,-5659947154697962569,2026-10-04 20:05:13.505143
0000001188,-7824644211452549775,2026-10-04 20:05:13.505438
0000001189,-5665533787284245216,2026-10-04 20:05:13.505754
0000001190,-550659012035800747,2026-10-04 20:05:13.506060
0000001191,-8174624851528516065,2026-10-04 20:05:13.506378
0000001192,-5923436194530456568,2026-10-04 20:05:13.506703
0000001193,8258012007519558537,2026-10-04 20:05:13.507024
0000001194,-2393897186697924665,2026-10-04 20:05:13.507285
0000001195,6492684827942457059,2026-10-04 20:05:13.507593
0000001196,-5136125126673871435,2026-10-04 20:05:13.507842
0000001197,7371912271056711292,2026-10-04 20:05:13.508145
0000001198,-9666909021798152,2026-10-04 20:05:13.508526
0000001199,-3980257738374103190,2026-10-04 20:05:13.508758
0000001200,-498962064791731468,2026-10-04 20:05:13.509095
0000001201,3219286493095424144,2026-10-04 20:05:13.509405
0000001202,3400050008663216958,2026-10-04 20:05:13.509712
0000001203,-2381549998874606948,2026-10-04 20:05:13.509961
0000001204,-784648034922240108,2026-10-04 20:05:13.510254
0000001205,1472580285782744368,2026-10-04 20:05:13.510657
0000001206,-8375131822410191022,2026-10-04 20:05:13.510885
0000001207,7453526141183055518,2026-10-04 20:05:13.511214
0000001208,5372177316579991517,2026-10-04 20:05:13.511463
0000001209,3439278944344865536,2026-10-04 20:05:13.511722
0000001210,3020315337798782064,2026-10-04 20:05:13.512025
0000001211,6697177261891655126,2026-10-04 20:05:13.512249
0000001212,-3392118041305005811,2026-10-04 20:05:13.512586
0000001213,-2848190736306087462,2026-10-04 20:05:13.512816
0000001214,7942137936600922231,2026-10-04 20:05:13.513063
0000001215,2310678611541812188,2026-10-04 20:05:13.513394
0000001216,8309428831415546983,2026-10-04 20:05:13.513722
0000001217,616876692742187387,2026-10-04 20:05:13.514030
0000001218,-6034451716887716387,2026-10-04 20:05:13.514322
0000001219,3002211615590199149,2026-10-04 20:05:13.514616
0000001220,-8664820972345298924,2026-10-04 20:05:13.514867
0000001221,3181096146212956848,2026-10-04 20:05:13.515184
0000001222,-1622064074290022356,2026-10-04 20:05:13.515446
0000001223,1847782058438626235,2026-10-04 20:05:13.515751
0000001224,-4697775190243083749,2026-10-04 20:05:13.516064
0000001225,-428637796005153808,2026-10-04 20:05:13.516364
0000001226,7098870909785895610,2026-10-04 20:05:13.516654
0000001227,8339555607987906854,2026-10-04 20:05:13.516908
0000001228,-4522409533775713251,2026-10-04 20:05:13.517263
0000001229,1778638641912404782,2026-10-04 20:05:13.517854
0000001230,6929438656625604313,2026-10-04 20:05:13.518555
0000001231,8500878195796828868,2026-10-04 20:05:13.519108
0000001232,5598600187994362340,2026-10-04 20:05:13.519690
0000001233,-5575779615431941493,2026-10-04 20:05:13.520056
0000001234,-1419696949198430270,2026-10-04 20:05:13.520311
0000001235,5288402458179749457,2026-10-04 20:05:13.520586
0000001236,2283014840162903147,2026-10-04 20:05:13.520905
0000001237,6985656196770411955,2026-10-04 20:05:13.521135
0000001238,-3971659817434583778,2026-10-04 20:05:13.521370
0000001239,1879433392482773819,2026-10-04 20:05:13.521901
0000001240,-2768369264899295086,2026-10-04 20:05:13.522214
0000001241,7970259425933320688,2026-10-04 20:05:13.522470
0000001242,-6739092727549481402,2026-10-04 20:05:13.522843
0000001243,2432260594078773372,2026-10-04 20:05:13.523084
0000001244,-2978727346765940998,2026-10-04 20:05:13.523331
0000001245,-7674299562886109186,2026-10-04 20:05:13.523747
0000001246,-8707741743398782393,2026-10-04 20:05:13.523993
0000001247,1509497276558369939,2026-10-04 20:05:13.524289
0000001248,4839065682415830876,2026-10-04 20:05:13.524579
0000001249,-8220555718583080227,2026-10-04 20:05:13.524920
0000001250,488423782782685081,2026-10-04 20:05:13.525148
0000001251,-6062209054447464201,2026-10-04 20:05:13.525542
0000001252,5094434130197939036,2026-10-04 20:05:13.525859
0000001253,-4564657621464123513,2026-10-04 20:05:13.526172
0000001254,-5280403007620414068,2026-10-04 20:05:13.526466
0000001255,854585644343949209,2026-10-04 20:05:13.526835
0000001256,7979582228351007741,2026-10-04 20:05:13.527142
0000001257,-5096466544429328093,2026-10-04 20:05:13.527506
0000001258,1045698600382861112,2026-10-04 20:05:13.527760
0000001259,6217476508824774305,2026-10-04 20:05:13.527996
0000001260,6431586388545190123,2026-10-04 20:05:13.528331
0000001261,-4303362427130232142,2026-10-04 20:05:13.528816
0000001262,6422496785005232076,2026-10-04 20:05:13.529089
0000001263,524748270338442342,2026-10-04 20:05:13.529421
0000001264,3432999450807254430,2026-10-04 20:05:13.529769
0000001265,-1846354579589765830,2026-10-04 20:05:13.530033
0000001266,-4917619318278670175,2026-10-04 20:05:13.530357
0000001267,-3722948622328661384,2026-10-04 20:05:13.530719
0000001268,-3641828343646093604,2026-10-04 20:05:13.531006
0000001269,-5665554449207963636,2026-10-04 20:05:13.531309
0000001270,-3621780684988416579,2026-10-04 20:05:13.531730
0000001271,449338481249830376,2026-10-04 20:05:13.532188
0000001272,621233384777217005,2026-10-04 20:05:13.532557
0000001273,-5420598704738673925,2026-10-04 20:05:13.532860
0000001274,-3221370070729815004,2026-10-04 20:05:13.533090
0000001275,-5237186739755203263,2026-10-04 20:05:13.533385
0000001276,-8474421392236236556,2026-10-04 20:05:13.533678
0000001277,1614242093987964156,2026-10-04 20:05:13.533936
0000001278,-1866889691591566201,2026-10-04 20:05:13.534260
0000001279,-3474874983418613419,2026-10-04 20:05:13.534642
0000001280,-7027637592003601208,2026-10-04 20:05:13.534900
0000001281,8366269893023536758,2026-10-04 20:05:13.535125
0000001282,963337952000223750,2026-10-04 20:05:13.535377
0000001283,-2072455587362891459,2026-10-04 20:05:13.535685
0000001284,-4810292230330724444,2026-10-04 20:05:13.536008
0000001285,-8496359206042283031,2026-10-04 20:05:13.536352
0000001286,1643735100740203172,2026-10-04 20:05:13.536745
0000001287,-6698612583475501176,2026-10-04 20:05:13.537042
0000001288,7266109748560984984,2026-10-04 20:05:13.537273
0000001289,3915652558745943753,2026-10-04 20:05:13.537687
0000001290,-3011774262947693303,2026-10-04 20:05:13.538104
0000001291,5456537078403549824,2026-10-04 20:05:13.538818
0000001292,3550464726858790282,2026-10-04 20:05:13.539322
0000001293,6774811965515832758,2026-10-04 20:05:13.540034
0000001294,2674067310590030395,2026-10-04 20:05:13.540521
0000001295,3610275908042511033,2026-10-04 20:05:13.540826
0000001296,-4364539504003267890,2026-10-04 20:05:13.541076
0000001297,-2443162937701484232,2026-10-04 20:05:13.541368
0000001298,-5045986013169076680,2026-10-04 20:05:13.541777
0000001299,-2510841134554134976,2026-10-04 20:05:13.542036
0000001300,5207140822406322956,2026-10-04 20:05:13.542317
0000001301,-7312400235079265758,2026-10-04 20:05:13.542663
0000001302,5683604510125308912,2026-10-04 20:05:13.542912
0000001303,1406994172741575324,2026-10-04 20:05:13.543211
0000001304,6339043298219031759,2026-10-04 20:05:13.543436
0000001305,-5655689168780203989,2026-10-04 20:05:13.543836
0000001306,-5299169767404045973,2026-10-04 20:05:13.544145
0000001307,-478501444853137601,2026-10-04 20:05:13.544393
0000001308,-2881678621877101896,2026-10-04 20:05:13.544735
0000001309,-2124146589666110377,2026-10-04 20:05:13.545057
0000001310,6309958813210905004,2026-10-04 20:05:13.545366
0000001311,3534606338844922453,2026-10-04 20:05:13.545868
0000001312,-7087584981425092594,2026-10-04 20:05:13.546107
0000001313,-60570622240138861,2026-10-04 20:05:13.546411
0000001314,-6386096427093473710,2026-10-04 20:05:13.546773
0000001315,-2335153193060273143,2026-10-04 20:05:13.547023
0000001316,-3539315556756347326,2026-10-04 20:05:13.547377
0000001317,4057029410010614559,2026-10-04 20:05:13.547673
0000001318,6822944725517400089,2026-10-04 20:05:13.547981
0000001319,272892556762295724,2026-10-04 20:05:13.548272
0000001320,-1073495653422580876,2026-10-04 20:05:13.548639
0000001321,-5481482247204767211,2026-10-04 20:05:13.548900
0000001322,9106249282440525854,2026-10-04 20:05:13.549204
0000001323,-7531992402168788077,2026-10-04 20:05:13.549570
0000001324,8637550747061603848,2026-10-04 20:05:13.549836
0000001325,8261579843976489790,2026-10-04 20:05:13.550083
0000001326,7010554186453568704,2026-10-04 20:05:13.550398
0000001327,5833202364938615410,2026-10-04 20:05:13.550804
0000001328,-6570311151881012275,2026-10-04 20:05:13.551043
0000001329,1340349415047023438,2026-10-04 20:05:13.551358
0000001330,-2466237603820994776,2026-10-04 20:05:13.551675
0000001331,6764579570076234938,2026-10-04 20:05:13.551988
0000001332,7629512414229776084,2026-10-04 20:05:13.552225
0000001333,3450972408624764495,2026-10-04 20:05:13.552456
0000001334,2766612322912586447,2026-10-04 20:05:13.552883
0000001335,-1883529163070382260,2026-10-04 20:05:13.553133
0000001336,1729706944873006014,2026-10-04 20:05:13.553374
0000001337,-7869983793480819291,2026-10-04 20:05:13.553751
0000001338,7901935235888132643,2026-10-04 20:05:13.553978
0000001339,5436121171458671235,2026-10-04 20:05:13.554279
0000001340,-7171581455908185769,2026-10-04 20:05:13.554722
0000001341,3257368795020878286,2026-10-04 20:05:13.554965
0000001342,4554031236822980800,2026-10-04 20:05:13.555267
0000001343,2545653388864309557,2026-10-04 20:05:13.555634
0000001344,5649039347786108554,2026-10-04 20:05:13.555885
0000001345,-1786576350838011999,2026-10-04 20:05:13.556176
0000001346,-3500993365030826124,2026-10-04 20:05:13.556479
0000001347,-8897291504769726323,2026-10-04 20:05:13.556950
0000001348,-540036592755100902,2026-10-04 20:05:13.557261
0000001349,-7939435846892756308,2026-10-04 20:05:13.557542
0000001350,-1207834401291957375,2026-10-04 20:05:13.557803
0000001351,-4004179744670438028,2026-10-04 20:05:13.558052
0000001352,3559736555753873390,2026-10-04 20:05:13.558365
0000001353,1703541653449425485,2026-10-04 20:05:13.558743
0000001354,-8014526104268049210,2026-10-04 20:05:13.559025
0000001355,-8807777229647599573,2026-10-04 20:05:13.559343
0000001356,4684608268073569666,2026-10-04 20:05:13.559632
0000001357,-1390940204656484227,2026-10-04 20:05:13.559860
0000001358,-1229171512242372737,2026-10-04 20:05:13.560103
0000001359,9020732669974180640,2026-10-04 20:05:13.560358
0000001360,5996328940891992286,2026-10-04 20:05:13.560759
0000001361,-3752508917067125406,2026-10-04 20:05:13.561059
0000001362,4317095138200603809,2026-10-04 20:05:13.561288
0000001363,-1580967069584095256,2026-10-04 20:05:13.561544
0000001364,-3506341620427977192,2026-10-04 20:05:13.561874
0000001365,6426373956083644145,2026-10-04 20:05:13.562097
0000001366,-1522182557511503025,2026-10-04 20:05:13.562539
0000001367,6318311131356480806,2026-10-04 20:05:13.562838
0000001368,-6243761325337750021,2026-10-04 20:05:13.563102
0000001369,-725735735243917948,2026-10-04 20:05:13.563347
0000001370,-9151065294110957819,2026-10-04 20:05:13.563744
0000001371,-5253868618693996972,2026-10-04 20:05:13.563977
0000001372,-8562422450385600291,2026-10-04 20:05:13.564272
0000001373,2100955171474181787,2026-10-04 20:05:13.564594
0000001374,-447080758105647211,2026-10-04 20:05:13.564828
0000001375,-2976942061866990271,2026-10-04 20:05:13.565071
0000001376,8319236981624268256,2026-10-04 20:05:13.565293
0000001377,-1899454298315024872,2026-10-04 20:05:13.565713
0000001378,7965102480308227355,2026-10-04 20:05:13.566018
0000001379,-1474538852213769558,2026-10-04 20:05:13.566252
0000001380,-7242650689249664684,2026-10-04 20:05:13.566633
0000001381,-6498412624035085884,2026-10-04 20:05:13.566878
0000001382,3570789061249936737,2026-10-04 20:05:13.567150
0000001383,8054758961895481496,2026-10-04 20:05:13.567392
0000001384,-353802156603863096,2026-10-04 20:05:13.567747
0000001385,-2480679209113841334,2026-10-04 20:05:13.567979
0000001386,2691399287209126028,2026-10-04 20:05:13.568244
0000001387,5164246472080348961,2026-10-04 20:05:13.568549
0000001388,1793268800465963269,2026-10-04 20:05:13.568779
0000001389,1131060130262200370,2026-10-04 20:05:13.569013
0000001390,-1919285313910230508,2026-10-04 20:05:13.569257
0000001391,-9192466658642597672,2026-10-04 20:05:13.569505
0000001392,-2372072939880976332,2026-10-04 20:05:13.569895
0000001393,-3700357877518956596,2026-10-04 20:05:13.570143
0000001394,932199884051409715,2026-10-04 20:05:13.570439
0000001395,-3474964321991879164,2026-10-04 20:05:13.570757
0000001396,8646017446984659091,2026-10-04 20:05:13.570990
0000001397,8411027730443800384,2026-10-04 20:05:13.571316
0000001398,-2264014474421837579,2026-10-04 20:05:13.571772
0000001399,-6543041975984597608,2026-10-04 20:05:13.572088
0000001400,-6559418373759780423,2026-10-04 20:05:13.572317
0000001401,1646795469110532396,2026-10-04 20:05:13.572595
0000001402,7350514651373400632,2026-10-04 20:05:13.572903
0000001403,-3147259797520014939,2026-10-04 20:05:13.573147
0000001404,6385022693630283981,2026-10-04 20:05:13.573393
0000001405,-4071990691499069105,2026-10-04 20:05:13.573882
0000001406,3546316467534017577,2026-10-04 20:05:13.574146
0000001407,2548209127602649865,2026-10-04 20:05:13.574454
0000001408,-2139109635224289549,2026-10-04 20:05:13.574807
0000001409,-7818771042502177901,2026-10-04 20:05:13.575119
0000001410,5604483717949569749,2026-10-04 20:05:13.575363
0000001411,-8306141988618781176,2026-10-04 20:05:13.575681
0000001412,2838478135433633350,2026-10-04 20:05:13.575961
0000001413,-2695641371791781627,2026-10-04 20:05:13.576191
0000001414,511590528245303181,2026-10-04 20:05:13.576426
0000001415,6839605599164679086,2026-10-04 20:05:13.576808
0000001416,3720385924659216232,2026-10-04 20:05:13.577123
0000001417,-5220963725903786774,2026-10-04 20:05:13.577428
0000001418,1140276454629930430,2026-10-04 20:05:13.577683
0000001419,-7853170806261444132,2026-10-04 20:05:13.578030
0000001420,6290198299142646599,2026-10-04 20:05:13.578391
0000001421,4402770372233929889,2026-10-04 20:05:13.578954
0000001422,-7807708362958589629,2026-10-04 20:05:13.579677
0000001423,-8991135474962748069,2026-10-04 20:05:13.580368
0000001424,-7235613526780833620,2026-10-04 20:05:13.580802
0000001425,-1364766065608616856,2026-10-04 20:05:13.581042
0000001426,8910454702353803622,2026-10-04 20:05:13.581271
0000001427,1582164096157210741,2026-10-04 20:05:13.581645
0000001428,8488998709788647434,2026-10-04 20:05:13.581944
0000001429,-5587350025119469912,2026-10-04 20:05:13.582252
0000001430,5352396763383392369,2026-10-04 20:05:13.582496
0000001431,-8525627567419648894,2026-10-04 20:05:13.582869
0000001432,2460472640337611610,2026-10-04 20:05:13.583103
0000001433,-9095377125314578996,2026-10-04 20:05:13.583332
0000001434,7972848835335358128,2026-10-04 20:05:13.583700
0000001435,-513889424368351909,2026-10-04 20:05:13.583933
0000001436,-6986236397536619288,2026-10-04 20:05:13.584239
0000001437,-9111013474436013158,2026-10-04 20:05:13.584527
0000001438,7991694947703157191,2026-10-04 20:05:13.584899
0000001439,3453070991218744315,2026-10-04 20:05:13.585194
0000001440,-6598973114533279826,2026-10-04 20:05:13.585421
0000001441,-800832936693481530,2026-10-04 20:05:13.585691
0000001442,3895617423759166288,2026-10-04 20:05:13.585929
0000001443,-4105615601713726338,2026-10-04 20:05:13.586234
0000001444,-5565267006385435559,2026-10-04 20:05:13.586481
0000001445,-7382893641099345251,2026-10-04 20:05:13.586962
0000001446,3128960901299439808,2026-10-04 20:05:13.587278
0000001447,6525665057925236516,2026-10-04 20:05:13.587710
0000001448,2296894877253708059,2026-10-04 20:05:13.588101
0000001449,878722026989248110,2026-10-04 20:05:13.588353
0000001450,-3002738126697262456,2026-10-04 20:05:13.588858
0000001451,3050761076596660736,2026-10-04 20:05:13.589085
0000001452,3738104081114409990,2026-10-04 20:05:13.589387
0000001453,3438736740258043715,2026-10-04 20:05:13.589733
0000001454,-1297249851612706743,2026-10-04 20:05:13.589996
0000001455,-3053546654124443514,2026-10-04 20:05:13.590293
0000001456,1894388538933098354,2026-10-04 20:05:13.590556
0000001457,-3691293712090704337,2026-10-04 20:05:13.590800
0000001458,-4241676737312784000,2026-10-04 20:05:13.591081
0000001459,-7705766504375046306,2026-10-04 20:05:13.591301
0000001460,5148560876625259131,2026-10-04 20:05:13.591676
0000001461,-1018622859559136520,2026-10-04 20:05:13.591981
0000001462,-8661986518534029742,2026-10-04 20:05:13.592303
0000001463,9058959174065166006,2026-10-04 20:05:13.592574
0000001464,5853348163880855297,2026-10-04 20:05:13.592818
0000001465,-674940759345243929,2026-10-04 20:05:13.593095
0000001466,8718957572092291224,2026-10-04 20:05:13.593332
0000001467,-8863153353981123167,2026-10-04 20:05:13.593734
0000001468,-623300090258291102,2026-10-04 20:05:13.594044
0000001469,-8708707087343683462,2026-10-04 20:05:13.594360
0000001470,5224708666279439994,2026-10-04 20:05:13.594664
0000001471,-4470036222042457417,2026-10-04 20:05:13.595003
0000001472,9047089378523032771,2026-10-04 20:05:13.595303
0000001473,4917955832276485478,2026-10-04 20:05:13.595559
0000001474,2240964671538025269,2026-10-04 20:05:13.595892
0000001475,-5715615151051887581,2026-10-04 20:05:13.596133
0000001476,4552634381906384545,2026-10-04 20:05:13.596369
0000001477,-6944875205507474244,2026-10-04 20:05:13.596648
0000001478,-894183844778853289,2026-10-04 20:05:13.596921
0000001479,1943301115270186352,2026-10-04 20:05:13.597207
0000001480,-8104604274940103400,2026-10-04 20:05:13.597511
0000001481,-6757258008041629430,2026-10-04 20:05:13.597855
0000001482,2829904335930279760,2026-10-04 20:05:13.598086
0000001483,378007790520978743,2026-10-04 20:05:13.598310
0000001484,569054830776922443,2026-10-04 20:05:13.598685
0000001485,6410758569219796916,2026-10-04 20:05:13.599269
0000001486,-1120199269645641548,2026-10-04 20:05:13.599959
0000001487,-7513512840212551448,2026-10-04 20:05:13.600495
0000001488,-1239767955752250893,2026-10-04 20:05:13.600822
0000001489,9085308297003708737,2026-10-04 20:05:13.601130
0000001490,-2922139516280009793,2026-10-04 20:05:13.601359
0000001491,8294297020278497118,2026-10-04 20:05:13.601856
0000001492,8529667135007295898,2026-10-04 20:05:13.602095
0000001493,-4258647268194958249,2026-10-04 20:05:13.602341
0000001494,1141529848902419829,2026-10-04 20:05:13.602696
0000001495,-3941399117815797164,2026-10-04 20:05:13.602951
0000001496,6678872120270957416,2026-10-04 20:05:13.603246
0000001497,1315242060796483434,2026-10-04 20:05:13.603551
0000001498,25270318592541148,2026-10-04 20:05:13.603886
0000001499,-7938142607514243337,2026-10-04 20:05:13.604124
0000001500,-2261999739441182981,2026-10-04 20:05:13.604360
0000001501,8434901274855129997,2026-10-04 20:05:13.604639
0000001502,682658584412684248,2026-10-04 20:05:13.604882
0000001503,-7253001739807042427,2026-10-04 20:05:13.605226
0000001504,-8790169943954983176,2026-10-04 20:05:13.605455
0000001505,-5094477227084708618,2026-10-04 20:05:13.605761
0000001506,1950151402109608600,2026-10-04 20:05:13.606009
0000001507,365897468537714976,2026-10-04 20:05:13.606312
0000001508,4357022376062633196,2026-10-04 20:05:13.606711
0000001509,1855393832737438952,2026-10-04 20:05:13.607020
0000001510,4020408826621337219,2026-10-04 20:05:13.607314
0000001511,-7648630829596458145,2026-10-04 20:05:13.607614
0000001512,-1785719865387796879,2026-10-04 20:05:13.607955
0000001513,3048277455535213796,2026-10-04 20:05:13.608201
0000001514,-5851700301492700540,2026-10-04 20:05:13.608422
0000001515,2921185170122442552,2026-10-04 20:05:13.608768
0000001516,8279787417962709026,2026-10-04 20:05:13.609062
0000001517,-5412336514660626892,2026-10-04 20:05:13.609350
0000001518,6679809269695776044,2026-10-04 20:05:13.609659
0000001519,1743736886929922021,2026-10-04 20:05:13.609926
0000001520,-7906255782563858634,2026-10-04 20:05:13.610246
0000001521,8753357119919092444,2026-10-04 20:05:13.610509
0000001522,-2332133152617815285,2026-10-04 20:05:13.610915
0000001523,-7054296889427097245,2026-10-04 20:05:13.611156
0000001524,2531822195191566874,2026-10-04 20:05:13.611385
0000001525,7663545259159920608,2026-10-04 20:05:13.611644
0000001526,-2403439430182915173,2026-10-04 20:05:13.611890
0000001527,-1367085150476575318,2026-10-04 20:05:13.612219
0000001528,-8930141978173361687,2026-10-04 20:05:13.612452
0000001529,4420802521406522870,2026-10-04 20:05:13.612861
0000001530,3993791234517780917,2026-10-04 20:05:13.613092
0000001531,7812486767347820057,2026-10-04 20:05:13.613390
0000001532,-1126615369441644701,2026-10-04 20:05:13.613649
0000001533,-1919507824136082486,2026-10-04 20:05:13.613959
0000001534,8975860516042450479,2026-10-04 20:05:13.614285
0000001535,8590364891795954212,2026-10-04 20:05:13.614544
0000001536,-6833139328457602572,2026-10-04 20:05:13.614837
0000001537,916848786929036371,2026-10-04 20:05:13.615082
0000001538,-1703678118794733166,2026-10-04 20:05:13.615517
0000001539,-6946542552606903124,2026-10-04 20:05:13.615781
0000001540,4774493493151561756,2026-10-04 20:05:13.616104
0000001541,-5602642553433938053,2026-10-04 20:05:13.616329
0000001542,5593717236865398351,2026-10-04 20:05:13.616672
0000001543,4217010673897741903,2026-10-04 20:05:13.616984
0000001544,-7569475009331340217,2026-10-04 20:05:13.617227
0000001545,9151704419387808831,2026-10-04 20:05:13.617479
0000001546,-277757922960614735,2026-10-04 20:05:13.617722
0000001547,4807437458521920338,2026-10-04 20:05:13.618032
0000001548,157825199485830999,2026-10-04 20:05:13.618350
0000001549,-2189760560908447639,2026-10-04 20:05:13.618844
0000001550,7514421609580974824,2026-10-04 20:05:13.619197
0000001551,1861121013425218578,2026-10-04 20:05:13.619532
0000001552,3532010415012978272,2026-10-04 20:05:13.619840
0000001553,-1103098250205280879,2026-10-04 20:05:13.620198
0000001554,-8434730120767877335,2026-10-04 20:05:13.620545
0000001555,-7577618031301371230,2026-10-04 20:05:13.620978
0000001556,1071387212797766650,2026-10-04 20:05:13.621229
0000001557,-2837917749357701245,2026-10-04 20:05:13.621468
0000001558,-5515516650051302811,2026-10-04 20:05:13.621721
0000001559,-2539364392087473003,2026-10-04 20:05:13.621981
0000001560,191019812201178461,2026-10-04 20:05:13.622320
0000001561,-226802869882232495,2026-10-04 20:05:13.622565
0000001562,-4148088808766707217,2026-10-04 20:05:13.622824
0000001563,-1502484209587979158,2026-10-04 20:05:13.623102
0000001564,9028155898538895215,2026-10-04 20:05:13.623395
0000001565,-2785925560257898528,2026-10-04 20:05:13.623636
0000001566,2932387527142196864,2026-10-04 20:05:13.623936
0000001567,888860246115220887,2026-10-04 20:05:13.624212
0000001568,8217361310271514650,2026-10-04 20:05:13.624557
0000001569,-787571312896417284,2026-10-04 20:05:13.624859
0000001570,4922492086518129737,2026-10-04 20:05:13.625126
0000001571,-9063464109491878046,2026-10-04 20:05:13.625357
0000001572,-3812043857704710977,2026-10-04 20:05:13.625665
0000001573,5441695861781608568,2026-10-04 20:05:13.625923
0000001574,3480331210141216069,2026-10-04 20:05:13.626256
0000001575,-4847132263428070159,2026-10-04 20:05:13.626512
0000001576,-5451923988408930085,2026-10-04 20:05:13.626829
0000001577,-955052042537766813,2026-10-04 20:05:13.627162
0000001578,7687692675874166059,2026-10-04 20:05:13.627457
0000001579,-8412952175510836105,2026-10-04 20:05:13.627699
0000001580,-3630682087838231776,2026-10-04 20:05:13.627930
0000001581,-984044057056828936,2026-10-04 20:05:13.628173
0000001582,-1323066315948176763,2026-10-04 20:05:13.628447
0000001583,-450789208984235306,2026-10-04 20:05:13.628754
0000001584,-4038260680462429951,2026-10-04 20:05:13.629082
0000001585,7841006171887805016,2026-10-04 20:05:13.629384
0000001586,7347294173524721319,2026-10-04 20:05:13.629631
0000001587,-2398746101422549549,2026-10-04 20:05:13.629853
0000001588,1447574676687186968,2026-10-04 20:05:13.630084
0000001589,-6777818439380330986,2026-10-04 20:05:13.630514
0000001590,3469070837700567262,2026-10-04 20:05:13.630773
0000001591,-6100468319662471221,2026-10-04 20:05:13.631021
0000001592,2337752554693460037,2026-10-04 20:05:13.631345
0000001593,-6300062590608095502,2026-10-04 20:05:13.631581
0000001594,-5788607091042046311,2026-10-04 20:05:13.631803
0000001595,-8642456305948032448,2026-10-04 20:05:13.632103
0000001596,841883969427572792,2026-10-04 20:05:13.632356
0000001597,2106990882573067399,2026-10-04 20:05:13.632695
0000001598,-7922059975534632410,2026-10-04 20:05:13.632957
0000001599,4143222547594287385,2026-10-04 20:05:13.633202
0000001600,-6157828601112765198,2026-10-04 20:05:13.633461
0000001601,7320465810826535073,2026-10-04 20:05:13.633791
0000001602,2605995316201685918,2026-10-04 20:05:13.634124
0000001603,-2908560786802974420,2026-10-04 20:05:13.634428
0000001604,-585791146252089711,2026-10-04 20:05:13.634699
0000001605,-5535699544816873455,2026-10-04 20:05:13.635012
0000001606,-6841438776645746545,2026-10-04 20:05:13.635367
0000001607,4189079835952183495,2026-10-04 20:05:13.635676
0000001608,3647342832416211324,2026-10-04 20:05:13.635969
0000001609,-8447804984785392404,2026-10-04 20:05:13.636309
0000001610,4199405685716241431,2026-10-04 20:05:13.636566
0000001611,-3979824871714445113,2026-10-04 20:05:13.636858
0000001612,-5172415624335034946,2026-10-04 20:05:13.637149
0000001613,-1146869194900702171,2026-10-04 20:05:13.637526
0000001614,-2430179615635811446,2026-10-04 20:05:13.637826
0000001615,9167845784208819660,2026-10-04 20:05:13.638198
0000001616,641418089768169042,2026-10-04 20:05:13.638510
0000001617,-735879484367853939,2026-10-04 20:05:13.638820
0000001618,-3871468212597007888,2026-10-04 20:05:13.639194
0000001619,-3879365995745625734,2026-10-04 20:05:13.639765
0000001620,-365865177946278648,2026-10-04 20:05:13.640288
0000001621,-6653792079027705640,2026-10-04 20:05:13.640628
0000001622,6420727861374378451,2026-10-04 20:05:13.640874
0000001623,7730023853823324969,2026-10-04 20:05:13.641206
0000001624,4588143775782552995,2026-10-04 20:05:13.641527
0000001625,8509910893721690151,2026-10-04 20:05:13.641946
0000001626,-6758116148969585227,2026-10-04 20:05:13.642342
0000001627,1010102646561990067,2026-10-04 20:05:13.642840
0000001628,-1464925565262482950,2026-10-04 20:05:13.643116
0000001629,-3105236155015405206,2026-10-04 20:05:13.643424
0000001630,7108931678211852631,2026-10-04 20:05:13.643729
0000001631,6758221071790230947,2026-10-04 20:05:13.644051
0000001632,2800489420152333222,2026-10-04 20:05:13.644329
0000001633,340794087559309054,2026-10-04 20:05:13.644628
0000001634,7053551588392975865,2026-10-04 20:05:13.645059
0000001635,1249940598049530875,2026-10-04 20:05:13.645290
0000001636,-4639251010706045991,2026-10-04 20:05:13.645592
0000001637,7426435210438982119,2026-10-04 20:05:13.645909
0000001638,-3245301112467795453,2026-10-04 20:05:13.646143
0000001639,-1997752131030951319,2026-10-04 20:05:13.646473
0000001640,-5482945728370194245,2026-10-04 20:05:13.646794
0000001641,-1176691469618923421,2026-10-04 20:05:13.647092
0000001642,6694901293278809111,2026-10-04 20:05:13.647390
0000001643,-6226848633832039332,2026-10-04 20:05:13.647706
0000001644,-1307800435555450950,2026-10-04 20:05:13.648002
0000001645,-993562499171027820,2026-10-04 20:05:13.648272
0000001646,5959917033209182363,2026-10-04 20:05:13.648594
0000001647,1845952522915493775,2026-10-04 20:05:13.648888
0000001648,8790439276819075781,2026-10-04 20:05:13.649178
0000001649,-7981098734542072275,2026-10-04 20:05:13.649404
0000001650,1548797942891353208,2026-10-04 20:05:13.649727
0000001651,137573484771047652,2026-10-04 20:05:13.649974
0000001652,-3074558875763911526,2026-10-04 20:05:13.650206
0000001653,-6902122029720802499,2026-10-04 20:05:13.650651
0000001654,7749202774641265083,2026-10-04 20:05:13.650972
0000001655,-1485929121141930746,2026-10-04 20:05:13.651319
0000001656,4388753557620013816,2026-10-04 20:05:13.651643
0000001657,-3392678831760421242,2026-10-04 20:05:13.651881
0000001658,-1910244193189933561,2026-10-04 20:05:13.652138
0000001659,421741135677470015,2026-10-04 20:05:13.652558
0000001660,-7632303098247206036,2026-10-04 20:05:13.652859
0000001661,-8931250099901114868,2026-10-04 20:05:13.653150
0000001662,2815091526578958075,2026-10-04 20:05:13.653392
0000001663,-4497466851640664945,2026-10-04 20:05:13.653699
0000001664,-9011904688091868098,2026-10-04 20:05:13.653995
0000001665,5914299429952562783,2026-10-04 20:05:13.654299
0000001666,7692482919103659739,2026-10-04 20:05:13.654694
0000001667,-4080779056266377847,2026-10-04 20:05:13.654997
0000001668,-1568160181871093858,2026-10-04 20:05:13.655331
0000001669,-9135976076201947086,2026-10-04 20:05:13.655596
0000001670,3154382027259695619,2026-10-04 20:05:13.655914
0000001671,4245762753841718048,2026-10-04 20:05:13.656160
0000001672,-7651355524555430993,2026-10-04 20:05:13.656469
0000001673,-9022574136517045659,2026-10-04 20:05:13.656724
0000001674,8629297145559036655,2026-10-04 20:05:13.656974
0000001675,9196948035616813189,2026-10-04 20:05:13.657301
0000001676,-5437477334495944042,2026-10-04 20:05:13.657547
0000001677,1618807577976056091,2026-10-04 20:05:13.657814
0000001678,-468248549558842345,2026-10-04 20:05:13.658110
0000001679,-913001965301296765,2026-10-04 20:05:13.658404
0000001680,3288522569729917291,2026-10-04 20:05:13.658766
0000001681,-1977908459476868085,2026-10-04 20:05:13.659082
0000001682,-178688332024008709,2026-10-04 20:05:13.659716
0000001683,-615050390030569677,2026-10-04 20:05:13.660124
0000001684,-9109322920300368424,2026-10-04 20:05:13.660443
0000001685,3613265471426033313,2026-10-04 20:05:13.660732
0000001686,-3184644221596076959,2026-10-04 20:05:13.661223
0000001687,7612600652210915813,2026-10-04 20:05:13.661840
0000001688,-6053969723175364252,2026-10-04 20:05:13.662252
0000001689,6991383649986501118,2026-10-04 20:05:13.662514
0000001690,4975984893694061869,2026-10-04 20:05:13.662770
0000001691,6139468688759204559,2026-10-04 20:05:13.663067
0000001692,6429154602240735101,2026-10-04 20:05:13.663349
0000001693,7405941051490948821,2026-10-04 20:05:13.663693
0000001694,-5658855670292833824,2026-10-04 20:05:13.663997
0000001695,1384127956922660805,2026-10-04 20:05:13.664326
0000001696,3929316544412930060,2026-10-04 20:05:13.664562
0000001697,-3751776025386345466,2026-10-04 20:05:13.664868
0000001698,-1422717577575097963,2026-10-04 20:05:13.665165
0000001699,-733932437917048458,2026-10-04 20:05:13.665516
0000001700,-5967900564290677852,2026-10-04 20:05:13.665821
0000001701,6887492349248435850,2026-10-04 20:05:13.666049
0000001702,-3856606400991811895,2026-10-04 20:05:13.666283
0000001703,-1130195589791771151,2026-10-04 20:05:13.666571
0000001704,7508414757811173347,2026-10-04 20:05:13.666907
0000001705,6429415121239773730,2026-10-04 20:05:13.667210
0000001706,-3559128085147968683,2026-10-04 20:05:13.667576
0000001707,6508784292131808196,2026-10-04 20:05:13.667808
0000001708,44214262787793782,2026-10-04 20:05:13.668076
0000001709,-2344382639120255582,2026-10-04 20:05:13.668350
0000001710,-4316322611408380077,2026-10-04 20:05:13.668606
0000001711,4792530140399438961,2026-10-04 20:05:13.668845
0000001712,-8073515426165982275,2026-10-04 20:05:13.669156
0000001713,6516794379946052485,2026-10-04 20:05:13.669451
0000001714,1976429117186138512,2026-10-04 20:05:13.669774
0000001715,-593561945172083954,2026-10-04 20:05:13.670007
0000001716,-2882983566160077723,2026-10-04 20:05:13.670337
0000001717,1901992386608857298,2026-10-04 20:05:13.670583
0000001718,4736179711976301209,2026-10-04 20:05:13.670808
0000001719,2457978857815185262,2026-10-04 20:05:13.671030
0000001720,4782173404685425546,2026-10-04 20:05:13.671334
0000001721,4786320674673065152,2026-10-04 20:05:13.671657
0000001722,-7844603733514483098,2026-10-04 20:05:13.671954
0000001723,-1732978308600056022,2026-10-04 20:05:13.672230
0000001724,-7576579674461347658,2026-10-04 20:05:13.672533
0000001725,2379256574754351286,2026-10-04 20:05:13.672778
0000001726,8595139490790806564,2026-10-04 20:05:13.673033
0000001727,-527216911170262879,2026-10-04 20:05:13.673339
0000001728,-1105380637921568702,2026-10-04 20:05:13.673686
0000001729,-3841645958488528448,2026-10-04 20:05:13.673947
0000001730,5737664997383338958,2026-10-04 20:05:13.674304
0000001731,-6771771537746510706,2026-10-04 20:05:13.674611
0000001732,-878962072006126792,2026-10-04 20:05:13.674869
0000001733,7411141388303657931,2026-10-04 20:05:13.675115
0000001734,-7404247230222017045,2026-10-04 20:05:13.675408
0000001735,5652605310645436832,2026-10-04 20:05:13.675703
0000001736,-142462968659436866,2026-10-04 20:05:13.676009
0000001737,-1195630231750739968,2026-10-04 20:05:13.676275
0000001738,-7533679369214748609,2026-10-04 20:05:13.676528
0000001739,3688020016830194876,2026-10-04 20:05:13.676759
0000001740,-4687843501246840570,2026-10-04 20:05:13.677025
0000001741,-3734001808454592879,2026-10-04 20:05:13.677284
0000001742,-8488539101659775600,2026-10-04 20:05:13.677557
0000001743,263737000399567416,2026-10-04 20:05:13.677860
0000001744,8155103808193032704,2026-10-04 20:05:13.678097
0000001745,-8370335118513663735,2026-10-04 20:05:13.678548
0000001746,217596145728775809,2026-10-04 20:05:13.678801
0000001747,4388054454545558292,2026-10-04 20:05:13.679124
0000001748,5310742883599922186,2026-10-04 20:05:13.679432
0000001749,-3303459856975069502,2026-10-04 20:05:13.679845
0000001750,7777388602797792941,2026-10-04 20:05:13.680120
0000001751,-26227170040890551,2026-10-04 20:05:13.680609
0000001752,217756016234590394,2026-10-04 20:05:13.681109
0000001753,6291941979745255235,2026-10-04 20:05:13.681358
0000001754,-7325131548449775753,2026-10-04 20:05:13.681602
0000001755,156845283182274096,2026-10-04 20:05:13.681893
0000001756,-1955915706935182548,2026-10-04 20:05:13.682146
0000001757,-7557415011759538269,2026-10-04 20:05:13.682422
0000001758,-981366842436294166,2026-10-04 20:05:13.682774
0000001759,8734483814059190544,2026-10-04 20:05:13.683068
0000001760,3315867985332372789,2026-10-04 20:05:13.683325
0000001761,4262261988675893020,2026-10-04 20:05:13.683764
0000001762,-5208242015247204,2026-10-04 20:05:13.684037
0000001763,4758086509027178032,2026-10-04 20:05:13.684276
0000001764,-616258294494184827,2026-10-04 20:05:13.684639
0000001765,-2204649095314145185,2026-10-04 20:05:13.684877
0000001766,5039679541204261117,2026-10-04 20:05:13.685214
0000001767,-5118101043976204899,2026-10-04 20:05:13.685530
0000001768,3906533273091422980,2026-10-04 20:05:13.685825
0000001769,-6125642152502185060,2026-10-04 20:05:13.686079
0000001770,7790805724089091334,2026-10-04 20:05:13.686310
0000001771,5710633546265121267,2026-10-04 20:05:13.686590
0000001772,-7376269221004963342,2026-10-04 20:05:13.686886
0000001773,-9071431139861348311,2026-10-04 20:05:13.687133
0000001774,-4943613351178497567,2026-10-04 20:05:13.687404
0000001775,-5073385816845550660,2026-10-04 20:05:13.687668
0000001776,81205440029177578,2026-10-04 20:05:13.687968
0000001777,6297424874706006844,2026-10-04 20:05:13.688271
0000001778,-6067561934400436657,2026-10-04 20:05:13.688612
0000001779,-2296657941308759188,2026-10-04 20:05:13.688858
0000001780,289346793540945702,2026-10-04 20:05:13.689153
0000001781,3777744816517210495,2026-10-04 20:05:13.689445
0000001782,-4778469746785764064,2026-10-04 20:05:13.689708
0000001783,8879861662389066314,2026-10-04 20:05:13.690004
0000001784,1623396064127822116,2026-10-04 20:05:13.690257
0000001785,352083144810565170,2026-10-04 20:05:13.690544
0000001786,-1038799901931143779,2026-10-04 20:05:13.690775
0000001787,-6626243563405714239,2026-10-04 20:05:13.691067
0000001788,-7766882681875242077,2026-10-04 20:05:13.691411
0000001789,8348352709481016954,2026-10-04 20:05:13.691718
0000001790,5035133465285525200,2026-10-04 20:05:13.692031
0000001791,4760753472062377666,2026-10-04 20:05:13.692336
0000001792,-6936112590254811161,2026-10-04 20:05:13.692617
0000001793,382564172762825761,2026-10-04 20:05:13.692859
0000001794,6319726029599837888,2026-10-04 20:05:13.693155
0000001795,-8452415974486126895,2026-10-04 20:05:13.693544
0000001796,7584777491124946467,2026-10-04 20:05:13.693790
0000001797,4821444373487201892,2026-10-04 20:05:13.694076
0000001798,966365510992883695,2026-10-04 20:05:13.694312
0000001799,-2323288615192824719,2026-10-04 20:05:13.694579
0000001800,-7550784683019776552,2026-10-04 20:05:13.694884
0000001801,3224042347441880826,2026-10-04 20:05:13.695173
0000001802,7625224037837826922,2026-10-04 20:05:13.695544
0000001803,-1160866072850363072,2026-10-04 20:05:13.695802
0000001804,2573153261943960147,2026-10-04 20:05:13.696130
0000001805,-7644770816046225371,2026-10-04 20:05:13.696436
0000001806,6576079289350191449,2026-10-04 20:05:13.696739
0000001807,1281655822311401955,2026-10-04 20:05:13.697053
0000001808,-8684937790163001250,2026-10-04 20:05:13.697306
0000001809,6920353212338892549,2026-10-04 20:05:13.697721
0000001810,1998798625307933164,2026-10-04 20:05:13.698039
0000001811,7659294991658930879,2026-10-04 20:05:13.698381
0000001812,-7802872120227111214,2026-10-04 20:05:13.698689
0000001813,-446022188334418998,2026-10-04 20:05:13.698942
0000001814,-6061904588638300834,2026-10-04 20:05:13.699168
0000001815,925232283935048130,2026-10-04 20:05:13.699471
0000001816,-1749039213584024507,2026-10-04 20:05:13.700051
0000001817,1681049907373771491,2026-10-04 20:05:13.700446
0000001818,-7281057424192499921,2026-10-04 20:05:13.700808
0000001819,-7445939802993118283,2026-10-04 20:05:13.701187
0000001820,-1443109118297605976,2026-10-04 20:05:13.701612
0000001821,3725674711125727307,2026-10-04 20:05:13.701871
0000001822,-615215654962625127,2026-10-04 20:05:13.702172
0000001823,2722417904074408665,2026-10-04 20:05:13.702438
0000001824,6166372206211621245,2026-10-04 20:05:13.703016
0000001825,-320746835759580770,2026-10-04 20:05:13.703315
0000001826,-4542900802285991594,2026-10-04 20:05:13.703554
0000001827,-5416352542627897931,2026-10-04 20:05:13.703788
0000001828,-660350463288222212,2026-10-04 20:05:13.704098
0000001829,193049752516926859,2026-10-04 20:05:13.704426
0000001830,7478106808895587359,2026-10-04 20:05:13.704692
0000001831,3688932975172573222,2026-10-04 20:05:13.705025
0000001832,6769382350260368479,2026-10-04 20:05:13.705326
0000001833,6432207643363030086,2026-10-04 20:05:13.705592
0000001834,6930754169519483868,2026-10-04 20:05:13.705901
0000001835,-9121145431982762462,2026-10-04 20:05:13.706158
0000001836,7428597910045917397,2026-10-04 20:05:13.706510
0000001837,-4431772877243736219,2026-10-04 20:05:13.706810
0000001838,-1786217797064352562,2026-10-04 20:05:13.707070
0000001839,-9068409242324517793,2026-10-04 20:05:13.707374
0000001840,-1699844636378515483,2026-10-04 20:05:13.707649
0000001841,6374285860549883133,2026-10-04 20:05:13.707892
0000001842,167331051992006976,2026-10-04 20:05:13.708186
0000001843,-7837839432728992599,2026-10-04 20:05:13.708529
0000001844,6414005528447010049,2026-10-04 20:05:13.708784
0000001845,2851936603037061951,2026-10-04 20:05:13.709062
0000001846,6540472480863788764,2026-10-04 20:05:13.709380
0000001847,2767910377454556885,2026-10-04 20:05:13.709653
0000001848,8043693412130970781,2026-10-04 20:05:13.709905
0000001849,-2647968060857252046,2026-10-04 20:05:13.710236
0000001850,-5782918418456152414,2026-10-04 20:05:13.710625
0000001851,-1969889714656187895,2026-10-04 20:05:13.710932
0000001852,-2526985039380097338,2026-10-04 20:05:13.711199
0000001853,7383359680800993717,2026-10-04 20:05:13.711465
0000001854,-8061103370269469136,2026-10-04 20:05:13.711750
0000001855,-1194333245815327891,2026-10-04 20:05:13.712016
0000001856,6854211871143141529,2026-10-04 20:05:13.712265
0000001857,3730118785121838951,2026-10-04 20:05:13.712576
0000001858,4109833373414940081,2026-10-04 20:05:13.712822
0000001859,-2854221324065236089,2026-10-04 20:05:13.713080
0000001860,-5398314228216296318,2026-10-04 20:05:13.713352
0000001861,-3684086641881282419,2026-10-04 20:05:13.713682
0000001862,-1173666598510755935,2026-10-04 20:05:13.713916
0000001863,-4480356120465319929,2026-10-04 20:05:13.714161
0000001864,8484906107772388399,2026-10-04 20:05:13.714492
0000001865,4862298469580420032,2026-10-04 20:05:13.714810
0000001866,-4600174288105355625,2026-10-04 20:05:13.715053
0000001867,7497609926848258321,2026-10-04 20:05:13.715386
0000001868,-7945760826143888478,2026-10-04 20:05:13.715629
0000001869,-2902666510010257939,2026-10-04 20:05:13.715860
0000001870,-4831469872642679763,2026-10-04 20:05:13.716108
0000001871,-5790993599786608543,2026-10-04 20:05:13.716349
0000001872,-8952414005850000799,2026-10-04 20:05:13.716699
0000001873,-5092839537883223278,2026-10-04 20:05:13.716947
0000001874,-1141566710239380373,2026-10-04 20:05:13.717169
0000001875,3623549200073764545,2026-10-04 20:05:13.717514
0000001876,-2418742297119501320,2026-10-04 20:05:13.717746
0000001877,-2375925591504274880,2026-10-04 20:05:13.718056
0000001878,-6974552980251927629,2026-10-04 20:05:13.718353
0000001879,6552429353841488279,2026-10-04 20:05:13.718703
0000001880,-2321442738100703459,2026-10-04 20:05:13.719014
0000001881,6098114404318560387,2026-10-04 20:05:13.719356
0000001882,-1285313352656088948,2026-10-04 20:05:13.719838
0000001883,4978114603324350850,2026-10-04 20:05:13.720245
0000001884,1567681944572173415,2026-10-04 20:05:13.720610
0000001885,-8390355009521550742,2026-10-04 20:05:13.720957
0000001886,-3955839219970955916,2026-10-04 20:05:13.721385
0000001887,-5970419811724016872,2026-10-04 20:05:13.721728
0000001888,7792635703182156218,2026-10-04 20:05:13.721978
0000001889,-458397075269840793,2026-10-04 20:05:13.722207
0000001890,-6466121751100766419,2026-10-04 20:05:13.722461
0000001891,5626886419275553046,2026-10-04 20:05:13.722846
0000001892,-1165029077244588830,2026-10-04 20:05:13.723068
0000001893,-5013024820538207393,2026-10-04 20:05:13.723373
0000001894,6390984758915217519,2026-10-04 20:05:13.723691
0000001895,4340789392383832231,2026-10-04 20:05:13.724043
0000001896,-8413160521711426778,2026-10-04 20:05:13.724614
0000001897,-3777151515078599055,2026-10-04 20:05:13.724980
0000001898,8571976640387347146,2026-10-04 20:05:13.725211
0000001899,-6826073964520557767,2026-10-04 20:05:13.725528
0000001900,-6143656749718144287,2026-10-04 20:05:13.725831
0000001901,-2732152382420346915,2026-10-04 20:05:13.726131
0000001902,3587868887423473869,2026-10-04 20:05:13.726389
0000001903,-4360451424377614447,2026-10-04 20:05:13.726813
0000001904,1234355755150176960,2026-10-04 20:05:13.727049
0000001905,1463792834065715228,2026-10-04 20:05:13.727346
0000001906,5911273589554260521,2026-10-04 20:05:13.727647
0000001907,2835954122031649899,2026-10-04 20:05:13.727900
0000001908,-47404562369599687,2026-10-04 20:05:13.728246
0000001909,4904758089308468553,2026-10-04 20:05:13.728584
0000001910,8509355303033453714,2026-10-04 20:05:13.728948
0000001911,8041451226759428985,2026-10-04 20:05:13.729263
0000001912,7343793194173158556,2026-10-04 20:05:13.729523
0000001913,511968981776813863,2026-10-04 20:05:13.729827
0000001914,2992928720557938316,2026-10-04 20:05:13.730153
0000001915,6771384632637693196,2026-10-04 20:05:13.730505
0000001916,4520084739902020445,2026-10-04 20:05:13.730950
0000001917,-4145681951634496921,2026-10-04 20:05:13.731205
0000001918,1633194815333811550,2026-10-04 20:05:13.731505
0000001919,-6141790829284573138,2026-10-04 20:05:13.731768
0000001920,-4151938116623156254,2026-10-04 20:05:13.732072
0000001921,-7040454236377252363,2026-10-04 20:05:13.732353
0000001922,-4743455585627922480,2026-10-04 20:05:13.732608
0000001923,-4099902441691893652,2026-10-04 20:05:13.732927
0000001924,-3279502988779007620,2026-10-04 20:05:13.733224
0000001925,139975679920447542,2026-10-04 20:05:13.733456
0000001926,924602275204326852,2026-10-04 20:05:13.733842
0000001927,-5316701324117392762,2026-10-04 20:05:13.734075
0000001928,2449041316658115785,2026-10-04 20:05:13.734306
0000001929,-6178061135662374383,2026-10-04 20:05:13.734533
0000001930,-644382211316693930,2026-10-04 20:05:13.734782
0000001931,4999164337739718127,2026-10-04 20:05:13.735041
0000001932,-1864359241300412377,2026-10-04 20:05:13.735339
0000001933,2206439588467340550,2026-10-04 20:05:13.735738
0000001934,1099361895517880580,2026-10-04 20:05:13.735998
0000001935,-8285568693478076075,2026-10-04 20:05:13.736227
0000001936,-6628306007241001764,2026-10-04 20:05:13.736527
0000001937,9032229446283892553,2026-10-04 20:05:13.736755
0000001938,2473094334291750170,2026-10-04 20:05:13.737020
0000001939,-5602573556050878829,2026-10-04 20:05:13.737339
0000001940,-9015611791868210606,2026-10-04 20:05:13.737715
0000001941,1873350027939726657,2026-10-04 20:05:13.737945
0000001942,-3103393824582299249,2026-10-04 20:05:13.738257
0000001943,-1046689558732279289,2026-10-04 20:05:13.738515
0000001944,4391076467009268850,2026-10-04 20:05:13.738815
0000001945,-590739857795525531,2026-10-04 20:05:13.739147
0000001946,2462088801043630597,2026-10-04 20:05:13.739400
0000001947,7329355200247608564,2026-10-04 20:05:13.739836
0000001948,-996855816572489836,2026-10-04 20:05:13.740177
0000001949,-6550767332885804524,2026-10-04 20:05:13.740864
0000001950,-4074243625516139064,2026-10-04 20:05:13.741567
0000001951,-511631348475392081,2026-10-04 20:05:13.742122
0000001952,-6569203215150432408,2026-10-04 20:05:13.742383
0000001953,1860897452512306144,2026-10-04 20:05:13.742710
0000001954,6744375242955850093,2026-10-04 20:05:13.742944
0000001955,-3498232588598009188,2026-10-04 20:05:13.743280
0000001956,5983273806391445113,2026-10-04 20:05:13.743683
0000001957,-7468475071773593098,2026-10-04 20:05:13.744082
0000001958,-4563874233319713658,2026-10-04 20:05:13.744392
0000001959,3000149936353616182,2026-10-04 20:05:13.744632
0000001960,19626648175617558,2026-10-04 20:05:13.744924
0000001961,-5714928916762062514,2026-10-04 20:05:13.745253
0000001962,-8364979662006497977,2026-10-04 20:05:13.745615
0000001963,749749057237140751,2026-10-04 20:05:13.746097
0000001964,-4854419065640956854,2026-10-04 20:05:13.746395
0000001965,8518043647937928711,2026-10-04 20:05:13.746790
0000001966,-3302467501175939440,2026-10-04 20:05:13.747094
0000001967,3998456102120554283,2026-10-04 20:05:13.747339
0000001968,-2260145217164319732,2026-10-04 20:05:13.747610
0000001969,8181895529944133552,2026-10-04 20:05:13.747958
0000001970,5146680899895328740,2026-10-04 20:05:13.748221
0000001971,2628398821817476166,2026-10-04 20:05:13.748590
0000001972,-5510363708465263351,2026-10-04 20:05:13.748854
0000001973,6016190821809412348,2026-10-04 20:05:13.749154
0000001974,-8612367718046786231,2026-10-04 20:05:13.749456
0000001975,605055450640673909,2026-10-04 20:05:13.749726
0000001976,-2078358934767012293,2026-10-04 20:05:13.749996
0000001977,-2598592996037536072,2026-10-04 20:05:13.750298
0000001978,-1458932711539610869,2026-10-04 20:05:13.750738
0000001979,193612816688312910,2026-10-04 20:05:13.751055
0000001980,3138455408462713046,2026-10-04 20:05:13.751310
0000001981,-6970860421762590031,2026-10-04 20:05:13.751666
0000001982,331203808443886962,2026-10-04 20:05:13.751920
0000001983,-9007094437311681326,2026-10-04 20:05:13.752217
0000001984,-9124664919356493069,2026-10-04 20:05:13.752448
0000001985,1667020820382315465,2026-10-04 20:05:13.752825
0000001986,-1486823784354088498,2026-10-04 20:05:13.753125
0000001987,4923095707983956803,2026-10-04 20:05:13.753368
0000001988,8934735023481237702,2026-10-04 20:05:13.753668
0000001989,6869553101420641980,2026-10-04 20:05:13.753971
0000001990,7413642890403630338,2026-10-04 20:05:13.754233
0000001991,7371287272736197623,2026-10-04 20:05:13.754552
0000001992,-6744877427648169143,2026-10-04 20:05:13.754999
0000001993,-1490334028244509256,2026-10-04 20:05:13.755261
0000001994,7822412000732827507,2026-10-04 20:05:13.755533
0000001995,-6590078167955715145,2026-10-04 20:05:13.755839
0000001996,-6434735943111042554,2026-10-04 20:05:13.756129
0000001997,5562351842822501701,2026-10-04 20:05:13.756383
0000001998,-5867076722252805086,2026-10-04 20:05:13.756817
0000001999,-3475508273818445467,2026-10-04 20:05:13.757073
0000002000,-4927186639272147448,2026-10-04 20:05:13.757315
0000002001,-464930774280991964,2026-10-04 20:05:13.757636
0000002002,6962602064791327128,2026-10-04 20:05:13.757871
0000002003,8306834755585385209,2026-10-04 20:05:13.758173
0000002004,-7564905395866512354,2026-10-04 20:05:13.758471
0000002005,-4613481168786625473,2026-10-04 20:05:13.758787
0000002006,7515338600852346006,2026-10-04 20:05:13.759072
0000002007,-8045670358004185233,2026-10-04 20:05:13.759328
0000002008,-4351749676058912015,2026-10-04 20:05:13.759694
0000002009,4440416197672397919,2026-10-04 20:05:13.760003
0000002010,-7901805992624333749,2026-10-04 20:05:13.760261
0000002011,-4782280558017984556,2026-10-04 20:05:13.760690
0000002012,-1230971180240684161,2026-10-04 20:05:13.761365
0000002013,-8961237986584662456,2026-10-04 20:05:13.761794
0000002014,5463031856787759048,2026-10-04 20:05:13.762035
0000002015,-904175656898801387,2026-10-04 20:05:13.762285
0000002016,-167711310891019156,2026-10-04 20:05:13.762698
0000002017,1799952243566663038,2026-10-04 20:05:13.763161
0000002018,-2989405477605047731,2026-10-04 20:05:13.763513
0000002019,8442337063157592822,2026-10-04 20:05:13.763865
0000002020,-5714721227390621565,2026-10-04 20:05:13.764172
0000002021,-4783954844027666240,2026-10-04 20:05:13.764475
0000002022,4797188202539023429,2026-10-04 20:05:13.764780
0000002023,-1489328493711219517,2026-10-04 20:05:13.765065
0000002024,-5789515784245333027,2026-10-04 20:05:13.765336
0000002025,-5458037041673924054,2026-10-04 20:05:13.765783
0000002026,5668579772165843024,2026-10-04 20:05:13.766085
0000002027,4022748286920191501,2026-10-04 20:05:13.766377
0000002028,1722417091533242483,2026-10-04 20:05:13.766612
0000002029,-7091315775431622549,2026-10-04 20:05:13.766850
0000002030,-7540562420489121316,2026-10-04 20:05:13.767165
0000002031,4465657125976281554,2026-10-04 20:05:13.767464
0000002032,-4216471687707435894,2026-10-04 20:05:13.767935
0000002033,2861681111766613009,2026-10-04 20:05:13.768234
0000002034,-3612142185173688626,2026-10-04 20:05:13.768459
0000002035,-568080685413940330,2026-10-04 20:05:13.768773
0000002036,6435989036202863892,2026-10-04 20:05:13.769109
0000002037,-5025738408951707160,2026-10-04 20:05:13.769418
0000002038,8917071424608920906,2026-10-04 20:05:13.769835
0000002039,-3535777374716364351,2026-10-04 20:05:13.770134
0000002040,-7339862711837536180,2026-10-04 20:05:13.770386
0000002041,3019371944100171180,2026-10-04 20:05:13.770688
0000002042,9206742831046931353,2026-10-04 20:05:13.770982
0000002043,-4284969853905209498,2026-10-04 20:05:13.771313
0000002044,-8105290518105405836,2026-10-04 20:05:13.771573
0000002045,-2156921812393330,2026-10-04 20:05:13.771876
0000002046,-2689435043845288487,2026-10-04 20:05:13.772135
0000002047,2133092888895681625,2026-10-04 20:05:13.772379
0000002048,8114925534183979415,2026-10-04 20:05:13.772680
0000002049,5588166131745219969,2026-10-04 20:05:13.772977
0000002050,-6063259599343577422,2026-10-04 20:05:13.773231
0000002051,-1681511342037099675,2026-10-04 20:05:13.773619
0000002052,-8183474567040949280,2026-10-04 20:05:13.773932
0000002053,-7567902607156947493,2026-10-04 20:05:13.774202
0000002054,-4537674050749534218,2026-10-04 20:05:13.774554
0000002055,-5791085424930947267,2026-10-04 20:05:13.774934
0000002056,7467415638100059679,2026-10-04 20:05:13.775231
0000002057,-578873989762239313,2026-10-04 20:05:13.775564
0000002058,5159913217676445029,2026-10-04 20:05:13.775867
0000002059,2691660804326440506,2026-10-04 20:05:13.776168
0000002060,5488662114603323841,2026-10-04 20:05:13.776425
0000002061,-8384672585104223533,2026-10-04 20:05:13.776875
0000002062,763513819036430663,2026-10-04 20:05:13.777137
0000002063,5914963841792306439,2026-10-04 20:05:13.777377
0000002064,-7696040027497022723,2026-10-04 20:05:13.777620
0000002065,-7061494537156079955,2026-10-04 20:05:13.777869
0000002066,2998810373722368394,2026-10-04 20:05:13.778154
0000002067,2046149840314631440,2026-10-04 20:05:13.778409
0000002068,8921594226548383985,2026-10-04 20:05:13.778725
0000002069,-5639767569609739031,2026-10-04 20:05:13.779059
0000002070,-1338569430499295220,2026-10-04 20:05:13.779366
0000002071,-2205163955392421220,2026-10-04 20:05:13.779673
0000002072,-7729756068636177016,2026-10-04 20:05:13.779968
0000002073,5465798701791325312,2026-10-04 20:05:13.780306
0000002074,-1587157865948354761,2026-10-04 20:05:13.780549
0000002075,9191971352383162210,2026-10-04 20:05:13.781075
0000002076,490366681615032773,2026-10-04 20:05:13.781318
0000002077,1497874008878014317,2026-10-04 20:05:13.781791
0000002078,-1235427178748985863,2026-10-04 20:05:13.782091
0000002079,9030669595167228769,2026-10-04 20:05:13.782446
0000002080,-3544162108832007140,2026-10-04 20:05:13.783040
0000002081,-299174846215402723,2026-10-04 20:05:13.783341
0000002082,-8791827909330243897,2026-10-04 20:05:13.783586
0000002083,-8384745483685964033,2026-10-04 20:05:13.783820
0000002084,-8748743180145312315,2026-10-04 20:05:13.784060
0000002085,5069930414760839746,2026-10-04 20:05:13.784335
0000002086,4846059086753836764,2026-10-04 20:05:13.784592
0000002087,-603662730262655225,2026-10-04 20:05:13.784891
0000002088,2882986379594464826,2026-10-04 20:05:13.785218
0000002089,-5298890700219864760,2026-10-04 20:05:13.785458
0000002090,-5361162649195450333,2026-10-04 20:05:13.785803
0000002091,4372463967458139092,2026-10-04 20:05:13.786049
0000002092,6861849120592351268,2026-10-04 20:05:13.786280
0000002093,-6119095718471496893,2026-10-04 20:05:13.786558
0000002094,-1133464367166711339,2026-10-04 20:05:13.787022
0000002095,932877540832757676,2026-10-04 20:05:13.787344
0000002096,-308627311602360385,2026-10-04 20:05:13.787779
0000002097,185258304194100965,2026-10-04 20:05:13.788032
0000002098,-6790640910387215373,2026-10-04 20:05:13.788284
0000002099,-1744244280853398031,2026-10-04 20:05:13.788535
0000002100,7453293507451026273,2026-10-04 20:05:13.788760
0000002101,3712192292882337159,2026-10-04 20:05:13.789021
0000002102,427200576320688344,2026-10-04 20:05:13.789623
0000002103,3119301036673931492,2026-10-04 20:05:13.790005
0000002104,-4374138693223366526,2026-10-04 20:05:13.790306
0000002105,8564024895241328831,2026-10-04 20:05:13.790580
0000002106,-66511198114518678,2026-10-04 20:05:13.790889
0000002107,-8304615534163558609,2026-10-04 20:05:13.791227
0000002108,-2221598716181791935,2026-10-04 20:05:13.791505
0000002109,2903105404137637323,2026-10-04 20:05:13.791965
0000002110,-4267725209810363207,2026-10-04 20:05:13.792207
0000002111,-7106602294295542142,2026-10-04 20:05:13.792513
0000002112,-1911695289986830872,2026-10-04 20:05:13.792810
0000002113,8581296634750144728,2026-10-04 20:05:13.793100
0000002114,7085080149958318561,2026-10-04 20:05:13.793356
0000002115,7150839086842781908,2026-10-04 20:05:13.793661
0000002116,-2820141294948831685,2026-10-04 20:05:13.793914
0000002117,-2977220069321917543,2026-10-04 20:05:13.794212
0000002118,2274714904044113085,2026-10-04 20:05:13.794620
0000002119,1286855185582291894,2026-10-04 20:05:13.794930
0000002120,-583491257017126033,2026-10-04 20:05:13.795245
0000002121,-7867277483320891058,2026-10-04 20:05:13.795629
0000002122,-1682352582119978511,2026-10-04 20:05:13.796012
0000002123,-4532888825165997150,2026-10-04 20:05:13.796305
0000002124,8445135622715020114,2026-10-04 20:05:13.796609
0000002125,6069200579475990255,2026-10-04 20:05:13.796899
0000002126,-1298281652407351768,2026-10-04 20:05:13.797227
0000002127,-5181964866293932518,2026-10-04 20:05:13.797458
0000002128,-3224871121430150135,2026-10-04 20:05:13.797733
0000002129,7455653570688677800,2026-10-04 20:05:13.798059
0000002130,-4730367773136657895,2026-10-04 20:05:13.798356
0000002131,963616321151319713,2026-10-04 20:05:13.798662
0000002132,-1815027931659248588,2026-10-04 20:05:13.798904
0000002133,3661619543105060752,2026-10-04 20:05:13.799238
0000002134,4166925804542554390,2026-10-04 20:05:13.799495
0000002135,-5580114135969460151,2026-10-04 20:05:13.799798
0000002136,-5941329549957095151,2026-10-04 20:05:13.800087
0000002137,4106989134741320518,2026-10-04 20:05:13.800340
0000002138,8542971194456465751,2026-10-04 20:05:13.800659
0000002139,-5234117057339832119,2026-10-04 20:05:13.800989
0000002140,-2008158157753142247,2026-10-04 20:05:13.801390
0000002141,3720262141395606539,2026-10-04 20:05:13.802035
0000002142,-8063694971238119361,2026-10-04 20:05:13.802346
0000002143,-6474788075702414734,2026-10-04 20:05:13.802656
0000002144,8741098767484140133,2026-10-04 20:05:13.802905
0000002145,5072802977994323613,2026-10-04 20:05:13.803155
0000002146,457791551966991408,2026-10-04 20:05:13.803449
0000002147,-5072819010656323499,2026-10-04 20:05:13.803762
0000002148,2423906051338378102,2026-10-04 20:05:13.804083
0000002149,-7189703103756665684,2026-10-04 20:05:13.804316
0000002150,-7919473374375009568,2026-10-04 20:05:13.804548
0000002151,-1934626569462504809,2026-10-04 20:05:13.804788
0000002152,-3146042795667865306,2026-10-04 20:05:13.805028
0000002153,8810740066522614687,2026-10-04 20:05:13.805302
0000002154,-76092725192120546,2026-10-04 20:05:13.805988
0000002155,-5415730460625617417,2026-10-04 20:05:13.806275
0000002156,-6439192146129501378,2026-10-04 20:05:13.806595
0000002157,8486134802442501750,2026-10-04 20:05:13.806857
0000002158,-2828151937831799639,2026-10-04 20:05:13.807173
0000002159,-7378208795856500198,2026-10-04 20:05:13.807613
0000002160,8505806696545670459,2026-10-04 20:05:13.807914
0000002161,-3364621004306931159,2026-10-04 20:05:13.808257
0000002162,9006668091608774851,2026-10-04 20:05:13.808516
0000002163,2247834985956790863,2026-10-04 20:05:13.808762
0000002164,4166179203456876616,2026-10-04 20:05:13.809014
0000002165,5629216276969164234,2026-10-04 20:05:13.809327
0000002166,5880589750759687207,2026-10-04 20:05:13.809728
0000002167,391824490374428786,2026-10-04 20:05:13.810034
0000002168,9163135849798429397,2026-10-04 20:05:13.810321
0000002169,3567731650182834389,2026-10-04 20:05:13.810573
0000002170,6795912758678837555,2026-10-04 20:05:13.810874
0000002171,-8615937873548346566,2026-10-04 20:05:13.811122
0000002172,7269708181810489480,2026-10-04 20:05:13.811459
0000002173,5435315662638721423,2026-10-04 20:05:13.811720
0000002174,-4803810683639729824,2026-10-04 20:05:13.811972
0000002175,-1463496807394829542,2026-10-04 20:05:13.812324
0000002176,-3975520878012468190,2026-10-04 20:05:13.812645
0000002177,-5540653196506150021,2026-10-04 20:05:13.812943
0000002178,3499151110552760089,2026-10-04 20:05:13.813173
0000002179,3298164407085145223,2026-10-04 20:05:13.813415
0000002180,3897629989396203894,2026-10-04 20:05:13.813764
0000002181,-1004491032053457880,2026-10-04 20:05:13.814070
0000002182,-1837372424974390611,2026-10-04 20:05:13.814399
0000002183,-7874374544761544840,2026-10-04 20:05:13.814669
0000002184,5589005906008045057,2026-10-04 20:05:13.814965
0000002185,4100177722207319978,2026-10-04 20:05:13.815253
0000002186,-9058964722414876558,2026-10-04 20:05:13.815521
0000002187,-8159153989753643251,2026-10-04 20:05:13.815787
0000002188,6874810158642172229,2026-10-04 20:05:13.816013
0000002189,-137217277519305565,2026-10-04 20:05:13.816413
0000002190,-5155675338499331339,2026-10-04 20:05:13.816675
0000002191,-1079274014818281207,2026-10-04 20:05:13.816980
0000002192,-4024816009708916733,2026-10-04 20:05:13.817207
0000002193,8685712229233135323,2026-10-04 20:05:13.817474
0000002194,8943762328397704671,2026-10-04 20:05:13.817780
0000002195,8769986472525986172,2026-10-04 20:05:13.818079
0000002196,8711428777715250866,2026-10-04 20:05:13.818369
0000002197,5808266777539988565,2026-10-04 20:05:13.818892
0000002198,-323259784877000876,2026-10-04 20:05:13.819126
0000002199,3968461818637664739,2026-10-04 20:05:13.819380
0000002200,3019927233670721516,2026-10-04 20:05:13.819667
0000002201,-9041766921151657925,2026-10-04 20:05:13.820113
0000002202,6169725733618728846,2026-10-04 20:05:13.820360
0000002203,5584454708549341463,2026-10-04 20:05:13.820680
0000002204,-7084919661987483979,2026-10-04 20:05:13.821028
0000002205,-8589966413416415698,2026-10-04 20:05:13.821565
0000002206,8378087838712362752,2026-10-04 20:05:13.821955
0000002207,8180438050798290495,2026-10-04 20:05:13.822276
0000002208,8611983321134469760,2026-10-04 20:05:13.822682
0000002209,3550805856826462237,2026-10-04 20:05:13.823092
0000002210,-1846859616450260022,2026-10-04 20:05:13.823319
0000002211,-6961528062455564442,2026-10-04 20:05:13.823658
0000002212,3622226113445734592,2026-10-04 20:05:13.823918
0000002213,5978286514536094163,2026-10-04 20:05:13.824216
0000002214,-1607356983872143732,2026-10-04 20:05:13.824456
0000002215,6643636043627229437,2026-10-04 20:05:13.824764
0000002216,-610081169884223794,2026-10-04 20:05:13.825102
0000002217,-8775982687926774299,2026-10-04 20:05:13.825356
0000002218,1715975298479424789,2026-10-04 20:05:13.825597
0000002219,-1633606552914373470,2026-10-04 20:05:13.825898
0000002220,-4023509424250491556,2026-10-04 20:05:13.826138
0000002221,8947147078095700867,2026-10-04 20:05:13.826543
0000002222,4601763297596742952,2026-10-04 20:05:13.826794
0000002223,7809044374592489306,2026-10-04 20:05:13.827063
0000002224,-3313759322753125910,2026-10-04 20:05:13.827326
0000002225,-4884827045100106047,2026-10-04 20:05:13.827577
0000002226,292036628814660724,2026-10-04 20:05:13.827888
0000002227,-1496473206566774613,2026-10-04 20:05:13.828185
0000002228,8662368232258132563,2026-10-04 20:05:13.828651
0000002229,-503929444603858497,2026-10-04 20:05:13.829104
0000002230,7315157235195828974,2026-10-04 20:05:13.829413
0000002231,3570380799251152506,2026-10-04 20:05:13.829793
0000002232,2539326446970705420,2026-10-04 20:05:13.830262
0000002233,-2626745027731884865,2026-10-04 20:05:13.830689
0000002234,3175795895924906788,2026-10-04 20:05:13.830961
0000002235,3168665811941181333,2026-10-04 20:05:13.831247
0000002236,-6297106533402336731,2026-10-04 20:05:13.831566
0000002237,-6465393243669832243,2026-10-04 20:05:13.831801
0000002238,-7606437692266382816,2026-10-04 20:05:13.832099
0000002239,-2400087590180872728,2026-10-04 20:05:13.832453
0000002240,6759869637274566570,2026-10-04 20:05:13.832742
0000002241,-1732685590686317706,2026-10-04 20:05:13.832985
0000002242,-7755271161618719707,2026-10-04 20:05:13.833212
0000002243,5988584319762910099,2026-10-04 20:05:13.833580
0000002244,-2557605180997231638,2026-10-04 20:05:13.833878
0000002245,-2734501147410953741,2026-10-04 20:05:13.834205
0000002246,2440595808423011450,2026-10-04 20:05:13.834506
0000002247,-5594607600035903240,2026-10-04 20:05:13.834812
0000002248,-5011780650319036473,2026-10-04 20:05:13.835116
0000002249,-6789625814985930569,2026-10-04 20:05:13.835363
0000002250,8753158870305966966,2026-10-04 20:05:13.835757
0000002251,4610143597683943494,2026-10-04 20:05:13.836050
0000002252,7027116697770824466,2026-10-04 20:05:13.836342
0000002253,-1133478583713611498,2026-10-04 20:05:13.836615
0000002254,-4467959387296488666,2026-10-04 20:05:13.836888
0000002255,-5797795842591926870,2026-10-04 20:05:13.837131
0000002256,-781278615405065670,2026-10-04 20:05:13.837459
0000002257,-4079377672792321516,2026-10-04 20:05:13.837800
0000002258,8646293975476987470,2026-10-04 20:05:13.838048
0000002259,2460195244431528657,2026-10-04 20:05:13.838571
0000002260,-657424360619308629,2026-10-04 20:05:13.838831
0000002261,-2141698070973161325,2026-10-04 20:05:13.839058
0000002262,-9028690075382653872,2026-10-04 20:05:13.839356
0000002263,2252151231340036876,2026-10-04 20:05:13.839714
0000002264,1514194697545664364,2026-10-04 20:05:13.840006
0000002265,6499124362210829922,2026-10-04 20:05:13.840258
0000002266,-2113709000154982144,2026-10-04 20:05:13.840621
0000002267,-7734393382993270388,2026-10-04 20:05:13.840928
0000002268,-2861100112825851022,2026-10-04 20:05:13.841153
0000002269,2479969488016028338,2026-10-04 20:05:13.841698
0000002270,-7938972783641661862,2026-10-04 20:05:13.842227
0000002271,-6204045412875965107,2026-10-04 20:05:13.842802
0000002272,8547759875616406212,2026-10-04 20:05:13.843105
0000002273,-532269104198336162,2026-10-04 20:05:13.843406
0000002274,4418712841170859554,2026-10-04 20:05:13.843811
0000002275,83973814495487822,2026-10-04 20:05:13.844143
0000002276,-8269884907849821451,2026-10-04 20:05:13.844437
0000002277,-1840309510149934301,2026-10-04 20:05:13.844831
0000002278,5813572718425046055,2026-10-04 20:05:13.845334
0000002279,8073891016606164020,2026-10-04 20:05:13.846018
0000002280,-4399131730310576503,2026-10-04 20:05:13.846725
0000002281,-226643830535734524,2026-10-04 20:05:13.847374
0000002282,-451496033690183142,2026-10-04 20:05:13.847758
0000002283,-5872972557801701271,2026-10-04 20:05:13.847993
0000002284,8370447853218354842,2026-10-04 20:05:13.848260
0000002285,6721203164971384968,2026-10-04 20:05:13.848533
0000002286,2020770840584142475,2026-10-04 20:05:13.848976
0000002287,3431450661245269859,2026-10-04 20:05:13.849214
0000002288,-641511458974548029,2026-10-04 20:05:13.849563
0000002289,1213192609528847912,2026-10-04 20:05:13.849827
0000002290,-1299077833514555316,2026-10-04 20:05:13.850054
0000002291,-7008764020082076808,2026-10-04 20:05:13.850344
0000002292,8417922032808597384,2026-10-04 20:05:13.850701
0000002293,-7266825185172570012,2026-10-04 20:05:13.851084
0000002294,801277869092674851,2026-10-04 20:05:13.851385
0000002295,-1339851454801211475,2026-10-04 20:05:13.851661
0000002296,4167566495306040292,2026-10-04 20:05:13.851976
0000002297,7046030709043981450,2026-10-04 20:05:13.852270
0000002298,-8467288147621967761,2026-10-04 20:05:13.852584
0000002299,7747614970171101575,2026-10-04 20:05:13.852982
0000002300,-931646451548628492,2026-10-04 20:05:13.853225
0000002301,-9035813917065061757,2026-10-04 20:05:13.853556
0000002302,-1563005755645798139,2026-10-04 20:05:13.853849
0000002303,-6793211745879642785,2026-10-04 20:05:13.854097
0000002304,6376912520519559035,2026-10-04 20:05:13.854347
0000002305,512915800630620378,2026-10-04 20:05:13.854617
0000002306,-7033820072738759163,2026-10-04 20:05:13.854848
0000002307,-1726566492920209615,2026-10-04 20:05:13.855114
0000002308,-683117622299182291,2026-10-04 20:05:13.855356
0000002309,-46937735689147318,2026-10-04 20:05:13.855767
0000002310,-5376941774716897706,2026-10-04 20:05:13.856036
0000002311,-3929736706571954531,2026-10-04 20:05:13.856331
0000002312,2064625490303992881,2026-10-04 20:05:13.856565
0000002313,5445424978117043662,2026-10-04 20:05:13.856819
0000002314,6388130442241139994,2026-10-04 20:05:13.857116
0000002315,-9038570890193027101,2026-10-04 20:05:13.857412
0000002316,-4797556791376078066,2026-10-04 20:05:13.857820
0000002317,8476051188818139325,2026-10-04 20:05:13.858054
0000002318,-5666039545522070370,2026-10-04 20:05:13.858347
0000002319,3582980191154500277,2026-10-04 20:05:13.858676
0000002320,8867255669152827783,2026-10-04 20:05:13.858970
0000002321,-1206821336686189396,2026-10-04 20:05:13.859223
0000002322,-312731524907571332,2026-10-04 20:05:13.859445
0000002323,2449020883944784392,2026-10-04 20:05:13.859804
0000002324,-2350772853808989082,2026-10-04 20:05:13.860099
0000002325,6687472479075515216,2026-10-04 20:05:13.860334
0000002326,-1340248498778960376,2026-10-04 20:05:13.860703
0000002327,3632576084140742153,2026-10-04 20:05:13.860997
0000002328,1960610453946703386,2026-10-04 20:05:13.861290
0000002329,-6164745472769126596,2026-10-04 20:05:13.861675
0000002330,-7230947785338280359,2026-10-04 20:05:13.862045
0000002331,4676052650460082279,2026-10-04 20:05:13.862349
0000002332,-928656732071349634,2026-10-04 20:05:13.862630
0000002333,1857139877631054609,2026-10-04 20:05:13.862932
0000002334,4504827115800415056,2026-10-04 20:05:13.863179
0000002335,-7552677433586595556,2026-10-04 20:05:13.863408
0000002336,-4392796296147317508,2026-10-04 20:05:13.863931
0000002337,-8579335059438602087,2026-10-04 20:05:13.864208
0000002338,-8812557005392902233,2026-10-04 20:05:13.864452
0000002339,5834445546746630681,2026-10-04 20:05:13.864762
0000002340,8666622800489670444,2026-10-04 20:05:13.865004
0000002341,1100347771009542607,2026-10-04 20:05:13.865359
0000002342,8365605084781762277,2026-10-04 20:05:13.865706
0000002343,1127679450767663545,2026-10-04 20:05:13.866013
0000002344,5977074353478530505,2026-10-04 20:05:13.866320
0000002345,-7254124013163725997,2026-10-04 20:05:13.866690
0000002346,8814043901559847007,2026-10-04 20:05:13.866927
0000002347,-465473400702747051,2026-10-04 20:05:13.867173
0000002348,7694437981605288691,2026-10-04 20:05:13.867391
0000002349,7721374688901543312,2026-10-04 20:05:13.867696
0000002350,-6021905304727957422,2026-10-04 20:05:13.867989
0000002351,3172316802073825134,2026-10-04 20:05:13.868249
0000002352,-3038947621344357630,2026-10-04 20:05:13.868473
0000002353,-6609264123883356020,2026-10-04 20:05:13.868812
0000002354,4477281372296325390,2026-10-04 20:05:13.869045
0000002355,-5698538722063873122,2026-10-04 20:05:13.869302
0000002356,6289146727390442918,2026-10-04 20:05:13.869532
0000002357,-9004947667562555196,2026-10-04 20:05:13.869761
0000002358,-8335951842620474029,2026-10-04 20:05:13.870027
0000002359,461362244841429073,2026-10-04 20:05:13.870323
0000002360,-3630613803580859536,2026-10-04 20:05:13.870677
0000002361,1756326995742927869,2026-10-04 20:05:13.870978
0000002362,305946529683316874,2026-10-04 20:05:13.871206
0000002363,-2132948561597050775,2026-10-04 20:05:13.871507
0000002364,-3596329684985449712,2026-10-04 20:05:13.871812
0000002365,6194537300626040719,2026-10-04 20:05:13.872119
0000002366,-5981844509034196267,2026-10-04 20:05:13.872362
0000002367,-2505854443553207263,2026-10-04 20:05:13.872740
0000002368,5726598357407133035,2026-10-04 20:05:13.872986
0000002369,132378834339133269,2026-10-04 20:05:13.873241
0000002370,1412527679131122167,2026-10-04 20:05:13.873602
0000002371,-1367285641283405818,2026-10-04 20:05:13.873853
0000002372,315477680373163582,2026-10-04 20:05:13.874073
0000002373,43955800669862750,2026-10-04 20:05:13.874382
0000002374,1708650206302364273,2026-10-04 20:05:13.874736
0000002375,7905898520544302168,2026-10-04 20:05:13.875052
0000002376,-6524604423274283388,2026-10-04 20:05:13.875304
0000002377,2094775871524963265,2026-10-04 20:05:13.875605
0000002378,1594411072722101135,2026-10-04 20:05:13.875861
0000002379,7916027714963116129,2026-10-04 20:05:13.876123
0000002380,3935726436966924398,2026-10-04 20:05:13.876420
0000002381,-3936294759379300313,2026-10-04 20:05:13.876899
0000002382,8570422858246483675,2026-10-04 20:05:13.877200
0000002383,-8744328218300500889,2026-10-04 20:05:13.877452
0000002384,2986869630613589886,2026-10-04 20:05:13.877786
0000002385,5835090037684088747,2026-10-04 20:05:13.878030
0000002386,-3656052285350659142,2026-10-04 20:05:13.878330
0000002387,-838035413110609819,2026-10-04 20:05:13.878642
0000002388,5141165721694358383,2026-10-04 20:05:13.878970
0000002389,6146927379271099841,2026-10-04 20:05:13.879225
0000002390,674406322341802729,2026-10-04 20:05:13.879560
0000002391,9091292813402095744,2026-10-04 20:05:13.879823
0000002392,-9018984671153237238,2026-10-04 20:05:13.880052
0000002393,7023085929952204791,2026-10-04 20:05:13.880300
0000002394,-5880606952191931467,2026-10-04 20:05:13.880641
0000002395,-5134895228123151746,2026-10-04 20:05:13.881065
0000002396,6975378752174516743,2026-10-04 20:05:13.881362
0000002397,5828622855645165050,2026-10-04 20:05:13.881707
0000002398,8525512352677100669,2026-10-04 20:05:13.882227
0000002399,-9139659405648728001,2026-10-04 20:05:13.882988
0000002400,2247247817228051268,2026-10-04 20:05:13.883452
0000002401,-3876639636809267076,2026-10-04 20:05:13.883771
0000002402,9102974336353941473,2026-10-04 20:05:13.884066
0000002403,-5880936651892348980,2026-10-04 20:05:13.884350
0000002404,467959266495210895,2026-10-04 20:05:13.884729
0000002405,-7508471234585116118,2026-10-04 20:05:13.885102
0000002406,6252112868070791370,2026-10-04 20:05:13.885404
0000002407,395237134334202342,2026-10-04 20:05:13.885717
0000002408,8196103344098696334,2026-10-04 20:05:13.886006
0000002409,7006557919797167746,2026-10-04 20:05:13.886337
0000002410,7904333941020934376,2026-10-04 20:05:13.886681
0000002411,2194777142669447185,2026-10-04 20:05:13.887169
0000002412,752199907827415989,2026-10-04 20:05:13.887422
0000002413,6398542387521503996,2026-10-04 20:05:13.887692
0000002414,6665990226434670853,2026-10-04 20:05:13.887932
0000002415,2575461828576910469,2026-10-04 20:05:13.888371
0000002416,-8587106122899844241,2026-10-04 20:05:13.888651
0000002417,6128984366694256428,2026-10-04 20:05:13.888877
0000002418,3437084657570735944,2026-10-04 20:05:13.889222
0000002419,9030566340483118324,2026-10-04 20:05:13.889535
0000002420,-418544165993826477,2026-10-04 20:05:13.889833
0000002421,-7442273816199028590,2026-10-04 20:05:13.890123
0000002422,-5852260722442587683,2026-10-04 20:05:13.890471
0000002423,-3056948206092056792,2026-10-04 20:05:13.890741
0000002424,-823729620315197934,2026-10-04 20:05:13.890974
0000002425,-5383326635915185588,2026-10-04 20:05:13.891234
0000002426,1110556104836135040,2026-10-04 20:05:13.891567
0000002427,2944908595474407140,2026-10-04 20:05:13.891996
0000002428,-1037371154597370572,2026-10-04 20:05:13.892299
0000002429,-7080442272622976537,2026-10-04 20:05:13.892648
0000002430,2194348274664553408,2026-10-04 20:05:13.892900
0000002431,-3818969799466138788,2026-10-04 20:05:13.893169
0000002432,-5273093029110653966,2026-10-04 20:05:13.893468
0000002433,-9030159975195014732,2026-10-04 20:05:13.893890
0000002434,-3107785496422447823,2026-10-04 20:05:13.894196
0000002435,4158689809524766984,2026-10-04 20:05:13.894445
0000002436,-5291714519011823756,2026-10-04 20:05:13.894749
0000002437,1807325614901973545,2026-10-04 20:05:13.894968
0000002438,2751946956083286456,2026-10-04 20:05:13.895297
0000002439,-7589543359868566601,2026-10-04 20:05:13.895558
0000002440,-1715879086746458935,2026-10-04 20:05:13.896004
0000002441,-3705070544475320127,2026-10-04 20:05:13.896265
0000002442,286317801847105963,2026-10-04 20:05:13.896574
0000002443,7370240322769290495,2026-10-04 20:05:13.896870
0000002444,-8951843023154138751,2026-10-04 20:05:13.897223
0000002445,3992614243127674158,2026-10-04 20:05:13.897534
0000002446,3687118611963558874,2026-10-04 20:05:13.897845
0000002447,-3874077810850817959,2026-10-04 20:05:13.898387
0000002448,-7889380320935059385,2026-10-04 20:05:13.898880
0000002449,-5565246691862502746,2026-10-04 20:05:13.899135
0000002450,-8893976946143637431,2026-10-04 20:05:13.899437
0000002451,-187651356422020828,2026-10-04 20:05:13.900007
0000002452,1369885878986193892,2026-10-04 20:05:13.900328
0000002453,519379815306261546,2026-10-04 20:05:13.900679
0000002454,1529175214898287933,2026-10-04 20:05:13.901017
0000002455,-1078939100642012730,2026-10-04 20:05:13.901331
0000002456,-8660791152573174172,2026-10-04 20:05:13.901604
0000002457,-696813661706791502,2026-10-04 20:05:13.901852
0000002458,-1869700982963425623,2026-10-04 20:05:13.902362
0000002459,-8837120263195058630,2026-10-04 20:05:13.902888
0000002460,5928960556856011352,2026-10-04 20:05:13.903358
0000002461,-2771895426824358768,2026-10-04 20:05:13.903905
0000002462,-5291208232063763206,2026-10-04 20:05:13.904498
0000002463,-373719852059331696,2026-10-04 20:05:13.904742
0000002464,7376277139953795462,2026-10-04 20:05:13.905046
0000002465,4438594287339167550,2026-10-04 20:05:13.905280
0000002466,-7194144232393112836,2026-10-04 20:05:13.905609
0000002467,-9143598852581308587,2026-10-04 20:05:13.905870
0000002468,8121245285577541645,2026-10-04 20:05:13.906205
0000002469,5502812674272317742,2026-10-04 20:05:13.906453
0000002470,-5229010126354778352,2026-10-04 20:05:13.906765
0000002471,1805475176762303684,2026-10-04 20:05:13.907059
0000002472,3461987453192290146,2026-10-04 20:05:13.907287
0000002473,8152378010891948925,2026-10-04 20:05:13.907676
0000002474,-7556362572471867909,2026-10-04 20:05:13.907974
0000002475,5132383623453679852,2026-10-04 20:05:13.908258
0000002476,-4594423541104473134,2026-10-04 20:05:13.908566
0000002477,2901545444552131874,2026-10-04 20:05:13.908861
0000002478,-537473272583836756,2026-10-04 20:05:13.909103
0000002479,-5588525418492451115,2026-10-04 20:05:13.909390
0000002480,609536760328414358,2026-10-04 20:05:13.909748
0000002481,7949221781532027716,2026-10-04 20:05:13.909984
0000002482,4162526251031299559,2026-10-04 20:05:13.910243
0000002483,7816517779125222103,2026-10-04 20:05:13.910559
0000002484,6544225468062395220,2026-10-04 20:05:13.910866
0000002485,-6128108772724387116,2026-10-04 20:05:13.911160
0000002486,-8567532248341184897,2026-10-04 20:05:13.911461
0000002487,-1485680342241638743,2026-10-04 20:05:13.911794
0000002488,8630527342473805473,2026-10-04 20:05:13.912099
0000002489,8436167143005476141,2026-10-04 20:05:13.912457
0000002490,7743032092577900234,2026-10-04 20:05:13.912766
0000002491,3650888036250986241,2026-10-04 20:05:13.913023
0000002492,3512325102528283455,2026-10-04 20:05:13.913251
0000002493,8744437950516357172,2026-10-04 20:05:13.913642
0000002494,-7664641105998087850,2026-10-04 20:05:13.913872
0000002495,-6184383867900073251,2026-10-04 20:05:13.914111
0000002496,6121762317737068521,2026-10-04 20:05:13.914446
0000002497,8658071426059453112,2026-10-04 20:05:13.914787
0000002498,-6702693548096424594,2026-10-04 20:05:13.915037
0000002499,-6682387688387225117,2026-10-04 20:05:13.915263
0000002500,7343946912959777068,2026-10-04 20:05:13.915486
0000002501,-5806845363193631307,2026-10-04 20:05:13.915788
0000002502,8578090115238925201,2026-10-04 20:05:13.916027
0000002503,3251732137306032324,2026-10-04 20:05:13.916268
0000002504,3540181052402337460,2026-10-04 20:05:13.916625
0000002505,-3975486851948428884,2026-10-04 20:05:13.916914
0000002506,1468091223431166548,2026-10-04 20:05:13.917218
0000002507,1540961993432454116,2026-10-04 20:05:13.917537
0000002508,-4146798128925370718,2026-10-04 20:05:13.917912
0000002509,7632107661192973162,2026-10-04 20:05:13.918213
0000002510,-7836271776517297112,2026-10-04 20:05:13.918569
0000002511,-7028127885250571632,2026-10-04 20:05:13.918872
0000002512,-3022919496905697643,2026-10-04 20:05:13.919114
0000002513,-4763781905869572934,2026-10-04 20:05:13.919417
0000002514,-2549253602431346369,2026-10-04 20:05:13.919835
0000002515,7005254118576777114,2026-10-04 20:05:13.920148
0000002516,414657336438382576,2026-10-04 20:05:13.920394
0000002517,-8999661871850982324,2026-10-04 20:05:13.920632
0000002518,-4993557005284786541,2026-10-04 20:05:13.920887
0000002519,6988585205291762316,2026-10-04 20:05:13.921230
0000002520,1185470127723845903,2026-10-04 20:05:13.921508
0000002521,-1480828241600916108,2026-10-04 20:05:13.921915
0000002522,-1525552782866610027,2026-10-04 20:05:13.922343
0000002523,-2579879708114711235,2026-10-04 20:05:13.922747
0000002524,-4809994579582629711,2026-10-04 20:05:13.923021
0000002525,-6426355436540964223,2026-10-04 20:05:13.923256
0000002526,-6344992432463548471,2026-10-04 20:05:13.923563
0000002527,-1181309419511212262,2026-10-04 20:05:13.923819
0000002528,2854179980623963778,2026-10-04 20:05:13.924119
0000002529,-7527793832791425846,2026-10-04 20:05:13.924461
0000002530,8574712612071926917,2026-10-04 20:05:13.924751
0000002531,-7852765183421225020,2026-10-04 20:05:13.925230
0000002532,-6905356461410428832,2026-10-04 20:05:13.925813
0000002533,3746750613975333827,2026-10-04 20:05:13.926352
0000002534,-6030643839461814533,2026-10-04 20:05:13.926760
0000002535,-1963915614206388331,2026-10-04 20:05:13.927022
0000002536,471045054351731393,2026-10-04 20:05:13.927366
0000002537,-815240251351496720,2026-10-04 20:05:13.927679
0000002538,8489694716854788027,2026-10-04 20:05:13.927973
0000002539,-1884698455270694151,2026-10-04 20:05:13.928263
0000002540,-5411554429164056754,2026-10-04 20:05:13.928557
0000002541,-6128343514595511884,2026-10-04 20:05:13.928870
0000002542,1728553401938067161,2026-10-04 20:05:13.929198
0000002543,4966454103545627296,2026-10-04 20:05:13.929503
0000002544,-6838474986225877101,2026-10-04 20:05:13.929732
0000002545,-5798422371870729898,2026-10-04 20:05:13.930023
0000002546,-6567394006947951184,2026-10-04 20:05:13.930245
0000002547,760489808961788610,2026-10-04 20:05:13.930588
0000002548,3879814663353014486,2026-10-04 20:05:13.930844
0000002549,3603283129496968966,2026-10-04 20:05:13.931137
0000002550,7967003464204479091,2026-10-04 20:05:13.931468
0000002551,2037640260985677694,2026-10-04 20:05:13.931726
0000002552,-5144244586166210955,2026-10-04 20:05:13.931952
0000002553,-4253363850230636277,2026-10-04 20:05:13.932207
0000002554,-7540836315865758864,2026-10-04 20:05:13.932546
0000002555,7941866454786420154,2026-10-04 20:05:13.932857
0000002556,6701339652928729354,2026-10-04 20:05:13.933116
0000002557,-5897036094277971502,2026-10-04 20:05:13.933455
0000002558,-6121969198785263202,2026-10-04 20:05:13.933781
0000002559,-453038986619788360,2026-10-04 20:05:13.934077
0000002560,-6241326864837041098,2026-10-04 20:05:13.934371
0000002561,7529003556557990607,2026-10-04 20:05:13.934649
0000002562,3991878621681613103,2026-10-04 20:05:13.934966
0000002563,3241243817285957723,2026-10-04 20:05:13.935261
0000002564,6350423475090824628,2026-10-04 20:05:13.935497
0000002565,-9105972195097672966,2026-10-04 20:05:13.936010
0000002566,-1323335485677741973,2026-10-04 20:05:13.936311
0000002567,-7060519860281625294,2026-10-04 20:05:13.936660
0000002568,-6060341848496111951,2026-10-04 20:05:13.936913
0000002569,-4536891949205262352,2026-10-04 20:05:13.937140
0000002570,-5691850085329630214,2026-10-04 20:05:13.937577
0000002571,-1925914220610433702,2026-10-04 20:05:13.937802
0000002572,-1828779232860245550,2026-10-04 20:05:13.938019
0000002573,-540063244204348621,2026-10-04 20:05:13.938282
0000002574,1723314643429866203,2026-10-04 20:05:13.938683
0000002575,5441250300878123583,2026-10-04 20:05:13.938990
0000002576,6112371231237078941,2026-10-04 20:05:13.939246
0000002577,-5080295436914160338,2026-10-04 20:05:13.939646
0000002578,1393875058395038121,2026-10-04 20:05:13.939899
0000002579,970633818448650869,2026-10-04 20:05:13.940195
0000002580,-2210391461807934446,2026-10-04 20:05:13.940429
0000002581,8311058239426137436,2026-10-04 20:05:13.940783
0000002582,3787581240390173962,2026-10-04 20:05:13.941055
0000002583,3548163419534090224,2026-10-04 20:05:13.941362
0000002584,8728725422853546454,2026-10-04 20:05:13.941753
0000002585,1859195055099153774,2026-10-04 20:05:13.942131
0000002586,1829128747411103257,2026-10-04 20:05:13.942473
0000002587,-8521966340841910924,2026-10-04 20:05:13.942988
0000002588,-6516376505726610971,2026-10-04 20:05:13.943557
0000002589,975878779072594597,2026-10-04 20:05:13.944225
0000002590,-2542792734329577291,2026-10-04 20:05:13.944740
0000002591,-7907713676937726894,2026-10-04 20:05:13.945066
0000002592,87014650454736103,2026-10-04 20:05:13.945359
0000002593,7743509028691787414,2026-10-04 20:05:13.945651
0000002594,6730492881236482938,2026-10-04 20:05:13.945906
0000002595,-386523394822969156,2026-10-04 20:05:13.946134
0000002596,-3331946475952150407,2026-10-04 20:05:13.946365
0000002597,-3604262273909840165,2026-10-04 20:05:13.946759
0000002598,-8759039672921016320,2026-10-04 20:05:13.947034
0000002599,-7976282007615445036,2026-10-04 20:05:13.947270
0000002600,-6945852926720626418,2026-10-04 20:05:13.947553
0000002601,-2671509855817543120,2026-10-04 20:05:13.947853
0000002602,484471103095744668,2026-10-04 20:05:13.948078
0000002603,6003067039045567488,2026-10-04 20:05:13.948327
0000002604,1918160805523738923,2026-10-04 20:05:13.948667
0000002605,7380498509709245205,2026-10-04 20:05:13.949003
0000002606,-4567740626298422670,2026-10-04 20:05:13.949247
0000002607,-2048691679533678735,2026-10-04 20:05:13.949594
0000002608,8927617942727236609,2026-10-04 20:05:13.949884
0000002609,-5285524042803857499,2026-10-04 20:05:13.950184
0000002610,1413023583830503688,2026-10-04 20:05:13.950420
0000002611,-256508558572598372,2026-10-04 20:05:13.950986
0000002612,-7125428984914434035,2026-10-04 20:05:13.951299
0000002613,-5184516536596767251,2026-10-04 20:05:13.951700
0000002614,4018552671083990375,2026-10-04 20:05:13.951952
0000002615,4702697898620801855,2026-10-04 20:05:13.952209
0000002616,3013904667048539397,2026-10-04 20:05:13.952516
0000002617,2877291778355465769,2026-10-04 20:05:13.952830
0000002618,-5349521819397566061,2026-10-04 20:05:13.953170
0000002619,4300191390978594921,2026-10-04 20:05:13.953466
0000002620,5954062987526972512,2026-10-04 20:05:13.953816
0000002621,-2470393701149500427,2026-10-04 20:05:13.954120
0000002622,702527137362572669,2026-10-04 20:05:13.954409
0000002623,8316567825583492641,2026-10-04 20:05:13.954670
0000002624,-9056032483368572395,2026-10-04 20:05:13.954999
0000002625,-2492370037509778584,2026-10-04 20:05:13.955238
0000002626,-4987131269704183051,2026-10-04 20:05:13.955571
0000002627,507974730139804877,2026-10-04 20:05:13.955955
0000002628,-7034172670309188743,2026-10-04 20:05:13.956179
0000002629,3286312815140466824,2026-10-04 20:05:13.956415
0000002630,2030974498378277951,2026-10-04 20:05:13.956681
0000002631,-827185778025571848,2026-10-04 20:05:13.957001
0000002632,6917545796817562519,2026-10-04 20:05:13.957313
0000002633,4316840905413614777,2026-10-04 20:05:13.957596
0000002634,5325069364194912944,2026-10-04 20:05:13.957995
0000002635,-1288144189898828210,2026-10-04 20:05:13.958296
0000002636,-3814354823678948680,2026-10-04 20:05:13.958596
0000002637,7479623571738650644,2026-10-04 20:05:13.958903
0000002638,-7263359111481790026,2026-10-04 20:05:13.959194
0000002639,-7792912077514432816,2026-10-04 20:05:13.959502
0000002640,-366166090194433351,2026-10-04 20:05:13.959800
0000002641,-1641021463643348876,2026-10-04 20:05:13.960087
0000002642,6776287359949014502,2026-10-04 20:05:13.960322
0000002643,-7373212620853062715,2026-10-04 20:05:13.960571
0000002644,-7202130104956129181,2026-10-04 20:05:13.960868
0000002645,5130190729510283884,2026-10-04 20:05:13.961095
0000002646,2540453882975481105,2026-10-04 20:05:13.961353
0000002647,-535292160861587664,2026-10-04 20:05:13.961657
0000002648,3542077891585914691,2026-10-04 20:05:13.961948
0000002649,-358162586830110211,2026-10-04 20:05:13.962271
0000002650,-2633192075011908211,2026-10-04 20:05:13.962707
0000002651,4322350621606379876,2026-10-04 20:05:13.963352
0000002652,-3839712641910697233,2026-10-04 20:05:13.964080
0000002653,9083944110138236841,2026-10-04 20:05:13.964633
0000002654,55601910683049736,2026-10-04 20:05:13.965032
0000002655,3561495870071551891,2026-10-04 20:05:13.965272
0000002656,-8312176541566393413,2026-10-04 20:05:13.965547
0000002657,-7016928898281403744,2026-10-04 20:05:13.965784
0000002658,-727345789131871654,2026-10-04 20:05:13.966112
0000002659,7754973415108842745,2026-10-04 20:05:13.966346
0000002660,-539744279364703819,2026-10-04 20:05:13.966728
0000002661,1123956037168735670,2026-10-04 20:05:13.967181
0000002662,9099237341984854860,2026-10-04 20:05:13.967504
0000002663,-9039673067134589028,2026-10-04 20:05:13.967839
0000002664,8750304758175112216,2026-10-04 20:05:13.968181
0000002665,-4950877031953933551,2026-10-04 20:05:13.968442
0000002666,2604037692583690732,2026-10-04 20:05:13.968918
0000002667,5424948914003201295,2026-10-04 20:05:13.969182
0000002668,5827599877904410118,2026-10-04 20:05:13.969478
0000002669,-6224062864631340471,2026-10-04 20:05:13.969860
0000002670,1829633226955174969,2026-10-04 20:05:13.970152
0000002671,-4768507336659239066,2026-10-04 20:05:13.970393
0000002672,5122864261745221688,2026-10-04 20:05:13.970651
0000002673,-1096375025665198412,2026-10-04 20:05:13.970980
0000002674,7527001160303927930,2026-10-04 20:05:13.971222
0000002675,-5352627336763061661,2026-10-04 20:05:13.971480
0000002676,5932538268525250695,2026-10-04 20:05:13.971829
0000002677,3710010401223002093,2026-10-04 20:05:13.972081
0000002678,-450011667965396720,2026-10-04 20:05:13.972317
0000002679,7252040559387890236,2026-10-04 20:05:13.972619
0000002680,-5143193737320833554,2026-10-04 20:05:13.972944
0000002681,-9043045280069257186,2026-10-04 20:05:13.973256
0000002682,-8883810867822516641,2026-10-04 20:05:13.973624
0000002683,-4367032558055340294,2026-10-04 20:05:13.973962
0000002684,-4546732989778963425,2026-10-04 20:05:13.974283
0000002685,-4719016765127488468,2026-10-04 20:05:13.974745
0000002686,-4686103273345315820,2026-10-04 20:05:13.975029
0000002687,-5083931862551535795,2026-10-04 20:05:13.975288
0000002688,-6166656085739430286,2026-10-04 20:05:13.975724
0000002689,5908226622131087240,2026-10-04 20:05:13.976045
0000002690,-50789262953618717,2026-10-04 20:05:13.976344
0000002691,2642654012433519264,2026-10-04 20:05:13.976584
0000002692,2773787980924525742,2026-10-04 20:05:13.976885
0000002693,-4711965004404166513,2026-10-04 20:05:13.977169
0000002694,4550527766785636141,2026-10-04 20:05:13.977460
0000002695,8010466303337472736,2026-10-04 20:05:13.977859
0000002696,2641640540487304431,2026-10-04 20:05:13.978177
0000002697,5115856060812165249,2026-10-04 20:05:13.978509
0000002698,6809743849336348486,2026-10-04 20:05:13.978811
0000002699,-2507994755987020712,2026-10-04 20:05:13.979288
0000002700,33500491718856703,2026-10-04 20:05:13.979621
0000002701,5896185009968145471,2026-10-04 20:05:13.979963
0000002702,6153098216765425719,2026-10-04 20:05:13.980274
0000002703,637413219203476898,2026-10-04 20:05:13.980623
0000002704,-8133333827532699877,2026-10-04 20:05:13.980954
0000002705,-7813927929299889918,2026-10-04 20:05:13.981216
0000002706,-6558820222007118358,2026-10-04 20:05:13.981539
0000002707,-8934798479943652697,2026-10-04 20:05:13.981948
0000002708,1489662468081042656,2026-10-04 20:05:13.982176
0000002709,8596061435172976076,2026-10-04 20:05:13.982464
0000002710,-3415377360315265500,2026-10-04 20:05:13.982841
0000002711,-2695149865221945107,2026-10-04 20:05:13.983369
0000002712,3570775733209779284,2026-10-04 20:05:13.983910
0000002713,591696051491150440,2026-10-04 20:05:13.984173
0000002714,-9058105987603660030,2026-10-04 20:05:13.984472
0000002715,-1907144992489562986,2026-10-04 20:05:13.984827
0000002716,-4774140282810170013,2026-10-04 20:05:13.985126
0000002717,-3430145452957458991,2026-10-04 20:05:13.985367
0000002718,2465928944601907218,2026-10-04 20:05:13.985913
0000002719,-946318075850417185,2026-10-04 20:05:13.986167
0000002720,4034165433740195487,2026-10-04 20:05:13.986425
0000002721,-7923128352285356549,2026-10-04 20:05:13.986845
0000002722,2970428389082086454,2026-10-04 20:05:13.987071
0000002723,7234395754601828991,2026-10-04 20:05:13.987361
0000002724,-5817330035412894692,2026-10-04 20:05:13.987630
0000002725,5033757864755005440,2026-10-04 20:05:13.987877
0000002726,5941552385985500120,2026-10-04 20:05:13.988145
0000002727,-281674523783346274,2026-10-04 20:05:13.988397
0000002728,6907763555339258578,2026-10-04 20:05:13.988846
0000002729,-1936929487894054000,2026-10-04 20:05:13.989157
0000002730,1336983531297559286,2026-10-04 20:05:13.989453
0000002731,-715165578630736792,2026-10-04 20:05:13.989757
0000002732,8034506820081965343,2026-10-04 20:05:13.990098
0000002733,1138922290349355920,2026-10-04 20:05:13.990339
0000002734,-4785054185384161777,2026-10-04 20:05:13.990812
0000002735,2801235470729320657,2026-10-04 20:05:13.991131
0000002736,-1565937813105758587,2026-10-04 20:05:13.991378
0000002737,-3318503760350284081,2026-10-04 20:05:13.991691
0000002738,-2032228611329918885,2026-10-04 20:05:13.991923
0000002739,-5643661842278798446,2026-10-04 20:05:13.992277
0000002740,-4384832771459456042,2026-10-04 20:05:13.992570
0000002741,-5318356471970443716,2026-10-04 20:05:13.992955
0000002742,8031003021868532837,2026-10-04 20:05:13.993203
0000002743,-1840406019661879543,2026-10-04 20:05:13.993517
0000002744,120258722968377902,2026-10-04 20:05:13.993825
0000002745,8844498528946463553,2026-10-04 20:05:13.994068
0000002746,-5766126586831553902,2026-10-04 20:05:13.994357
0000002747,-8737705105018918358,2026-10-04 20:05:13.994883
0000002748,6467311933445833206,2026-10-04 20:05:13.995146
0000002749,732986286836648295,2026-10-04 20:05:13.995438
0000002750,159326285607859591,2026-10-04 20:05:13.995700
0000002751,-9077615034658712707,2026-10-04 20:05:13.995947
0000002752,-1221148922661002211,2026-10-04 20:05:13.996225
0000002753,3576583580670012236,2026-10-04 20:05:13.996524
0000002754,-5750119638424126772,2026-10-04 20:05:13.996750
0000002755,7945124224160110480,2026-10-04 20:05:13.997101
0000002756,8741426022880625757,2026-10-04 20:05:13.997396
0000002757,4390579935723533429,2026-10-04 20:05:13.997652
0000002758,134686761805342749,2026-10-04 20:05:13.997891
0000002759,8511068001024649937,2026-10-04 20:05:13.998110
0000002760,963504249901224631,2026-10-04 20:05:13.998395
0000002761,7579454408782565444,2026-10-04 20:05:13.998648
0000002762,7133449753880217870,2026-10-04 20:05:13.998972
0000002763,5208864491890598401,2026-10-04 20:05:13.999224
0000002764,4024968863113661851,2026-10-04 20:05:13.999526
0000002765,-3575156301830766560,2026-10-04 20:05:13.999777
0000002766,-1330958755436312844,2026-10-04 20:05:14.000002
0000002767,6489903892342248538,2026-10-04 20:05:14.000296
0000002768,-2906090340990248977,2026-10-04 20:05:14.000547
0000002769,582910374030664439,2026-10-04 20:05:14.000837
0000002770,513998342276793222,2026-10-04 20:05:14.001147
0000002771,-1040731988601113672,2026-10-04 20:05:14.001437
0000002772,1984457983286917338,2026-10-04 20:05:14.001837
0000002773,-3753452592418581057,2026-10-04 20:05:14.002099
0000002774,7066121758173404312,2026-10-04 20:05:14.002329
0000002775,-1773236346318706751,2026-10-04 20:05:14.002643
0000002776,7774139408993680250,2026-10-04 20:05:14.003181
0000002777,-8977796911651986775,2026-10-04 20:05:14.003602
0000002778,-4548158631563444103,2026-10-04 20:05:14.004016
0000002779,-2738791496064294481,2026-10-04 20:05:14.004331
0000002780,3650100600974555548,2026-10-04 20:05:14.004643
0000002781,1405771238601325109,2026-10-04 20:05:14.004908
0000002782,-7710531408323641232,2026-10-04 20:05:14.005235
0000002783,4150995095257510273,2026-10-04 20:05:14.005478
0000002784,-2531475855782687608,2026-10-04 20:05:14.006055
0000002785,-1797366894129092379,2026-10-04 20:05:14.006441
0000002786,1946449014454079775,2026-10-04 20:05:14.006771
0000002787,1280820463479404084,2026-10-04 20:05:14.007043
0000002788,-3417447553466341973,2026-10-04 20:05:14.007610
0000002789,5777028107449623027,2026-10-04 20:05:14.008003
0000002790,-3409728818247094511,2026-10-04 20:05:14.008339
0000002791,4161812845028165829,2026-10-04 20:05:14.008673
0000002792,-5811161996668387112,2026-10-04 20:05:14.009009
0000002793,1473124324210794267,2026-10-04 20:05:14.009570
0000002794,8856482036731853230,2026-10-04 20:05:14.009886
0000002795,8633591748930557526,2026-10-04 20:05:14.010223
0000002796,2975152043281826934,2026-10-04 20:05:14.010554
0000002797,4246265485121699118,2026-10-04 20:05:14.010800
0000002798,-5039465998918834722,2026-10-04 20:05:14.011101
0000002799,-6415747721805842491,2026-10-04 20:05:14.011326
0000002800,-8531029537161926380,2026-10-04 20:05:14.011655
0000002801,359418801959603992,2026-10-04 20:05:14.011904
0000002802,7817949891725881117,2026-10-04 20:05:14.012191
0000002803,4564016517306689882,2026-10-04 20:05:14.012444
0000002804,7872046319986864231,2026-10-04 20:05:14.012715
0000002805,2673477728706513023,2026-10-04 20:05:14.012964
0000002806,570286697470963323,2026-10-04 20:05:14.013259
0000002807,8076027759749100368,2026-10-04 20:05:14.013634
0000002808,-1232811672810177662,2026-10-04 20:05:14.013900
0000002809,2294477555559500606,2026-10-04 20:05:14.014174
0000002810,-1438522005025298874,2026-10-04 20:05:14.014493
0000002811,-8750040731826947316,2026-10-04 20:05:14.014795
0000002812,6318095535569903038,2026-10-04 20:05:14.015018
0000002813,-6801780790207997485,2026-10-04 20:05:14.015246
0000002814,3134480773795621659,2026-10-04 20:05:14.015596
0000002815,1716620293246998263,2026-10-04 20:05:14.015835
0000002816,-7802738387596069100,2026-10-04 20:05:14.016087
0000002817,-8308215067462075549,2026-10-04 20:05:14.016416
0000002818,-2331806855031508306,2026-10-04 20:05:14.016673
0000002819,7248732387968461588,2026-10-04 20:05:14.017028
0000002820,-527318336069130954,2026-10-04 20:05:14.017334
0000002821,-3379313154691197095,2026-10-04 20:05:14.017645
0000002822,1509261433988420973,2026-10-04 20:05:14.017951
0000002823,-3452707731088390629,2026-10-04 20:05:14.018180
0000002824,3323378411390061304,2026-10-04 20:05:14.018442
0000002825,-5531922447067955865,2026-10-04 20:05:14.018757
0000002826,-6651977457777894883,2026-10-04 20:05:14.019103
0000002827,-349784947336736292,2026-10-04 20:05:14.019421
0000002828,7076489836371082277,2026-10-04 20:05:14.019723
0000002829,8348084847186767180,2026-10-04 20:05:14.019979
0000002830,8246826628621234998,2026-10-04 20:05:14.020311
0000002831,-7899686735606062008,2026-10-04 20:05:14.020718
0000002832,1951718838767785768,2026-10-04 20:05:14.021025
0000002833,8509098070667635935,2026-10-04 20:05:14.021384
0000002834,-4011043703989484654,2026-10-04 20:05:14.021698
0000002835,6629491804557031321,2026-10-04 20:05:14.021994
0000002836,2159110127169133713,2026-10-04 20:05:14.022230
0000002837,-4745458213504040604,2026-10-04 20:05:14.022660
0000002838,1038214691777966327,2026-10-04 20:05:14.023119
0000002839,5041826653332902837,2026-10-04 20:05:14.023361
0000002840,-5407960519017620395,2026-10-04 20:05:14.023819
0000002841,-1787819971361371944,2026-10-04 20:05:14.024060
0000002842,6206014067374223333,2026-10-04 20:05:14.024443
0000002843,-4970252678852538342,2026-10-04 20:05:14.024824
0000002844,-1631910023037774875,2026-10-04 20:05:14.025087
0000002845,5554120751189824474,2026-10-04 20:05:14.025382
0000002846,3062207956519813653,2026-10-04 20:05:14.025698
0000002847,1446774549693483614,2026-10-04 20:05:14.025998
0000002848,-1641908612803484022,2026-10-04 20:05:14.026298
0000002849,4542584714632527895,2026-10-04 20:05:14.026605
0000002850,-701812321630020302,2026-10-04 20:05:14.026841
0000002851,4916562298465550900,2026-10-04 20:05:14.027067
0000002852,1952267071917745385,2026-10-04 20:05:14.027408
0000002853,4554000840942295261,2026-10-04 20:05:14.027720
0000002854,-474110059084440725,2026-10-04 20:05:14.028036
0000002855,-9098586748907195492,2026-10-04 20:05:14.028333
0000002856,8037399689591225630,2026-10-04 20:05:14.028677
0000002857,904296410399305469,2026-10-04 20:05:14.028909
0000002858,2414381417392015046,2026-10-04 20:05:14.029218
0000002859,7201983782461708404,2026-10-04 20:05:14.029481
0000002860,-8797633429480555120,2026-10-04 20:05:14.029714
0000002861,2943584818039464864,2026-10-04 20:05:14.029940
0000002862,5401229828257659792,2026-10-04 20:05:14.030167
0000002863,-1565325888004582404,2026-10-04 20:05:14.030396
0000002864,-8129960894998744064,2026-10-04 20:05:14.030660
0000002865,2759481536085154705,2026-10-04 20:05:14.030959
0000002866,-3642691060405368116,2026-10-04 20:05:14.031259
0000002867,8158982856697028505,2026-10-04 20:05:14.031574
0000002868,6468697161675035695,2026-10-04 20:05:14.031875
0000002869,-7500515060271684386,2026-10-04 20:05:14.032246
0000002870,2483608241782564132,2026-10-04 20:05:14.032578
0000002871,1940740157997437302,2026-10-04 20:05:14.032822
0000002872,-5697070626096710541,2026-10-04 20:05:14.033069
0000002873,5120243843990687450,2026-10-04 20:05:14.033329
0000002874,-6974797037207452643,2026-10-04 20:05:14.033699
0000002875,8765957339750063014,2026-10-04 20:05:14.033999
0000002876,-8768129297042444812,2026-10-04 20:05:14.034269
0000002877,4903891812690924077,2026-10-04 20:05:14.034559
0000002878,6058463536655929631,2026-10-04 20:05:14.034804
0000002879,-2736492807884716783,2026-10-04 20:05:14.035068
0000002880,-5324196843355352316,2026-10-04 20:05:14.035448
0000002881,-6590414526584596643,2026-10-04 20:05:14.035786
0000002882,3734745038702130726,2026-10-04 20:05:14.036132
0000002883,-3313671839430279937,2026-10-04 20:05:14.036362
0000002884,8612922939114936664,2026-10-04 20:05:14.036590
0000002885,-3207781092116130649,2026-10-04 20:05:14.036945
0000002886,6405032777150774955,2026-10-04 20:05:14.037185
0000002887,-1026053987927160618,2026-10-04 20:05:14.037563
0000002888,-739005417511313809,2026-10-04 20:05:14.037817
0000002889,3763100129240662742,2026-10-04 20:05:14.038109
0000002890,7556634358427514247,2026-10-04 20:05:14.038422
0000002891,8374300706439780694,2026-10-04 20:05:14.038826
0000002892,3300174867376256832,2026-10-04 20:05:14.039058
0000002893,4626987433966653118,2026-10-04 20:05:14.039436
0000002894,-2013801818162903562,2026-10-04 20:05:14.039810
0000002895,995307830658219230,2026-10-04 20:05:14.040120
0000002896,-6932607138258649571,2026-10-04 20:05:14.040378
0000002897,-8268940487894052582,2026-10-04 20:05:14.040836
0000002898,6112114362841182038,2026-10-04 20:05:14.041185
0000002899,-2366120012823445132,2026-10-04 20:05:14.041903
0000002900,1824950409386940499,2026-10-04 20:05:14.042613
0000002901,-4654911487596880182,2026-10-04 20:05:14.043102
0000002902,1690164815298634031,2026-10-04 20:05:14.043384
0000002903,3192412997131726291,2026-10-04 20:05:14.043672
0000002904,-776210291801168956,2026-10-04 20:05:14.044165
0000002905,3324586544222348093,2026-10-04 20:05:14.044429
0000002906,-8304831757562461894,2026-10-04 20:05:14.044868
0000002907,5958778683667281970,2026-10-04 20:05:14.045168
0000002908,-5001318935126049259,2026-10-04 20:05:14.045464
0000002909,-6737824896986271156,2026-10-04 20:05:14.045767
0000002910,243307544132128701,2026-10-04 20:05:14.046026
0000002911,479085673499713927,2026-10-04 20:05:14.046377
0000002912,-5212013197281020691,2026-10-04 20:05:14.046658
0000002913,7616930975726406438,2026-10-04 20:05:14.046902
0000002914,6098996084600076811,2026-10-04 20:05:14.047239
0000002915,4150708406892397335,2026-10-04 20:05:14.047547
0000002916,-7239297000359047614,2026-10-04 20:05:14.047816
0000002917,-2861855878488814927,2026-10-04 20:05:14.048049
0000002918,1892401740608035835,2026-10-04 20:05:14.048375
0000002919,-5610850297451999674,2026-10-04 20:05:14.048708
0000002920,2641597143090763150,2026-10-04 20:05:14.048943
0000002921,7164687440871515129,2026-10-04 20:05:14.049270
0000002922,-5223431646385241719,2026-10-04 20:05:14.049584
0000002923,-1826087687558746542,2026-10-04 20:05:14.049823
0000002924,9057470835399920953,2026-10-04 20:05:14.050114
0000002925,-5163222584042948239,2026-10-04 20:05:14.050365
0000002926,6576246933489952461,2026-10-04 20:05:14.050666
0000002927,-168065799268470810,2026-10-04 20:05:14.050948
0000002928,2721479633057896316,2026-10-04 20:05:14.051222
0000002929,-7057787140870704555,2026-10-04 20:05:14.051571
0000002930,1096441407178480683,2026-10-04 20:05:14.051837
0000002931,8406801650455718524,2026-10-04 20:05:14.052129
0000002932,6837652813797448703,2026-10-04 20:05:14.052560
0000002933,-7458178644639237610,2026-10-04 20:05:14.052872
0000002934,-7692893324917467748,2026-10-04 20:05:14.053225
0000002935,9194019780060756599,2026-10-04 20:05:14.053459
0000002936,3824323180547066221,2026-10-04 20:05:14.053708
0000002937,-8280070426717793104,2026-10-04 20:05:14.054014
0000002938,-26641945301258920,2026-10-04 20:05:14.054265
0000002939,1081266759966181195,2026-10-04 20:05:14.054726
0000002940,5872925695356403646,2026-10-04 20:05:14.055037
0000002941,-8667857892662768395,2026-10-04 20:05:14.055407
0000002942,5639207695072111427,2026-10-04 20:05:14.055716
0000002943,8368354612840802588,2026-10-04 20:05:14.056014
0000002944,4981737225033427564,2026-10-04 20:05:14.056331
0000002945,3115096626011488564,2026-10-04 20:05:14.056678
0000002946,-3990000305202743633,2026-10-04 20:05:14.056904
0000002947,6385449479387451644,2026-10-04 20:05:14.057203
0000002948,5373917987863623519,2026-10-04 20:05:14.057510
0000002949,3707223232131013623,2026-10-04 20:05:14.057765
0000002950,6986355981040238727,2026-10-04 20:05:14.058039
0000002951,-8011347187482902775,2026-10-04 20:05:14.058334
0000002952,-9013069179514185460,2026-10-04 20:05:14.058717
0000002953,1379976885070415059,2026-10-04 20:05:14.059013
0000002954,6316811913351721409,2026-10-04 20:05:14.059343
0000002955,-3364788748671144512,2026-10-04 20:05:14.059577
0000002956,5859497994192222934,2026-10-04 20:05:14.059812
0000002957,-4796139986867066307,2026-10-04 20:05:14.060151
0000002958,1321209639959051719,2026-10-04 20:05:14.060396
0000002959,2693770784679022859,2026-10-04 20:05:14.060636
0000002960,-4527872362626179354,2026-10-04 20:05:14.060934
0000002961,-405528236362191693,2026-10-04 20:05:14.061268
0000002962,-1399334820212990193,2026-10-04 20:05:14.061544
0000002963,-2912255628850175243,2026-10-04 20:05:14.061799
0000002964,-8828222121498218065,2026-10-04 20:05:14.062149
0000002965,-2218757228260089927,2026-10-04 20:05:14.062380
0000002966,8951860013568522419,2026-10-04 20:05:14.062690
0000002967,7181495015727874784,2026-10-04 20:05:14.062985
0000002968,2189859249626695943,2026-10-04 20:05:14.063311
0000002969,6661340342473310608,2026-10-04 20:05:14.063592
0000002970,-6069090018219484780,2026-10-04 20:05:14.063873
0000002971,7512445451586134762,2026-10-04 20:05:14.064335
0000002972,1874924602386953920,2026-10-04 20:05:14.064651
0000002973,8886657223245033429,2026-10-04 20:05:14.064893
0000002974,-5923029359855177201,2026-10-04 20:05:14.065141
0000002975,6666988327915408069,2026-10-04 20:05:14.065532
0000002976,8619249166939306357,2026-10-04 20:05:14.065840
0000002977,-1050676017779564044,2026-10-04 20:05:14.066180
0000002978,-3611538948914631589,2026-10-04 20:05:14.066406
0000002979,-5423746461188191276,2026-10-04 20:05:14.066713
0000002980,6475947343057886985,2026-10-04 20:05:14.066968
0000002981,-5330046520021915733,2026-10-04 20:05:14.067274
0000002982,7223081728966497364,2026-10-04 20:05:14.067652
0000002983,-3624433375427482157,2026-10-04 20:05:14.067883
0000002984,6432270110121144865,2026-10-04 20:05:14.068182
0000002985,-2821008607112872405,2026-10-04 20:05:14.068519
0000002986,1702982792744822126,2026-10-04 20:05:14.068903
0000002987,-2691607672355494837,2026-10-04 20:05:14.069131
0000002988,5110788492486067083,2026-10-04 20:05:14.069378
0000002989,7191892937404069128,2026-10-04 20:05:14.069679
0000002990,-7796161811612652351,2026-10-04 20:05:14.069983
0000002991,8575330026795048812,2026-10-04 20:05:14.070314
0000002992,3545132739064053359,2026-10-04 20:05:14.070573
0000002993,3295358123982146632,2026-10-04 20:05:14.070873
0000002994,-2724837447401199972,2026-10-04 20:05:14.071159
0000002995,-8470568397147231574,2026-10-04 20:05:14.071465
0000002996,4635226052864531653,2026-10-04 20:05:14.071738
0000002997,-4454583241140632099,2026-10-04 20:05:14.071972
0000002998,-4049573220787720920,2026-10-04 20:05:14.072308
0000002999,-8387529835623316824,2026-10-04 20:05:14.072633
0000003000,2850687025256869265,2026-10-04 20:05:14.072929
0000003001,5560530289920760030,2026-10-04 20:05:14.073161
0000003002,-9094508112856051767,2026-10-04 20:05:14.073384
0000003003,-8048298115605378512,2026-10-04 20:05:14.073755
0000003004,2614105218803930383,2026-10-04 20:05:14.073985
0000003005,-6830883616332219924,2026-10-04 20:05:14.074272
0000003006,3529618671993311727,2026-10-04 20:05:14.074565
0000003007,1989836724639398271,2026-10-04 20:05:14.074861
0000003008,-8090700944715023286,2026-10-04 20:05:14.075154
0000003009,-102145676975197934,2026-10-04 20:05:14.075407
0000003010,4627177314989652972,2026-10-04 20:05:14.075768
0000003011,-4996185333999242895,2026-10-04 20:05:14.076077
0000003012,5392605891083670066,2026-10-04 20:05:14.076344
0000003013,-4664326315645968566,2026-10-04 20:05:14.076656
0000003014,-734165397304156429,2026-10-04 20:05:14.076892
0000003015,-3697524940306590585,2026-10-04 20:05:14.077119
0000003016,-4561402867801410346,2026-10-04 20:05:14.077412
0000003017,5976012429097001665,2026-10-04 20:05:14.077761
0000003018,-4781958429068379661,2026-10-04 20:05:14.078058
0000003019,-7325666869320888539,2026-10-04 20:05:14.078308
0000003020,-8941253176456766327,2026-10-04 20:05:14.078622
0000003021,3924736751834132601,2026-10-04 20:05:14.078921
0000003022,4059919108193970883,2026-10-04 20:05:14.079257
0000003023,626812140211124172,2026-10-04 20:05:14.079494
0000003024,-8432458517271659734,2026-10-04 20:05:14.079787
0000003025,2589235411103490245,2026-10-04 20:05:14.080091
0000003026,-3477457867416055414,2026-10-04 20:05:14.080366
0000003027,5546241905083443533,2026-10-04 20:05:14.080666
0000003028,-5534727677994037065,2026-10-04 20:05:14.080891
0000003029,4471355377411658484,2026-10-04 20:05:14.081224
0000003030,-7785741557219217965,2026-10-04 20:05:14.081476
0000003031,-9084752375882948818,2026-10-04 20:05:14.081711
0000003032,-1173630482008131595,2026-10-04 20:05:14.081955
0000003033,-2287976502839933218,2026-10-04 20:05:14.082194
0000003034,-1034722506944902813,2026-10-04 20:05:14.082627
0000003035,6608330351206256433,2026-10-04 20:05:14.082861
0000003036,8785196123308619193,2026-10-04 20:05:14.083151
0000003037,-3723354998235271169,2026-10-04 20:05:14.083585
0000003038,-3714234590651237729,2026-10-04 20:05:14.083882
0000003039,7161899390507018210,2026-10-04 20:05:14.084243
0000003040,6224391512387183508,2026-10-04 20:05:14.084724
0000003041,-8184001106830628235,2026-10-04 20:05:14.085044
0000003042,-4963596334796021914,2026-10-04 20:05:14.085331
0000003043,-3730412700067850106,2026-10-04 20:05:14.085639
0000003044,1786430621699517206,2026-10-04 20:05:14.085943
0000003045,2332447421905653758,2026-10-04 20:05:14.086180
0000003046,-7417983658692034185,2026-10-04 20:05:14.086508
0000003047,2422838900207304189,2026-10-04 20:05:14.086764
0000003048,8210036350709234434,2026-10-04 20:05:14.087063
0000003049,4624637220622870593,2026-10-04 20:05:14.087407
0000003050,-7723017018513032690,2026-10-04 20:05:14.087716
0000003051,4678975651824204785,2026-10-04 20:05:14.088010
0000003052,2114679944142096884,2026-10-04 20:05:14.088322
0000003053,-5140581844212580167,2026-10-04 20:05:14.088667
0000003054,721997291572879473,2026-10-04 20:05:14.088912
0000003055,6685535232488453652,2026-10-04 20:05:14.089148
0000003056,4756946279115681913,2026-10-04 20:05:14.089534
0000003057,-6149554790836546791,2026-10-04 20:05:14.090133
0000003058,2441244465360747435,2026-10-04 20:05:14.090872
0000003059,-3033426689680996811,2026-10-04 20:05:14.091251
0000003060,7207424767844235033,2026-10-04 20:05:14.091527
0000003061,1137289583033933990,2026-10-04 20:05:14.092034
0000003062,-5484364369645705781,2026-10-04 20:05:14.092284
0000003063,-7951691399053025631,2026-10-04 20:05:14.092586
0000003064,4401484505911391286,2026-10-04 20:05:14.092919
0000003065,-929483395249662258,2026-10-04 20:05:14.093156
0000003066,-5767371824112929711,2026-10-04 20:05:14.093459
0000003067,-3443913790859448851,2026-10-04 20:05:14.093691
0000003068,-5900901220403112465,2026-10-04 20:05:14.094027
0000003069,8562341832279981396,2026-10-04 20:05:14.094319
0000003070,-6951176927520529277,2026-10-04 20:05:14.094607
0000003071,-4309106818400733084,2026-10-04 20:05:14.094910
0000003072,4700431867962752525,2026-10-04 20:05:14.095216
0000003073,7912519151052056080,2026-10-04 20:05:14.095446
0000003074,1198528765430589253,2026-10-04 20:05:14.095754
0000003075,-4346190940282825006,2026-10-04 20:05:14.096082
0000003076,3717239462404771441,2026-10-04 20:05:14.096307
0000003077,849595225490490942,2026-10-04 20:05:14.096631
0000003078,3184511151641514073,2026-10-04 20:05:14.096940
0000003079,3656358835430413448,2026-10-04 20:05:14.097200
0000003080,8382384187375763991,2026-10-04 20:05:14.097508
0000003081,-1239789381860816511,2026-10-04 20:05:14.097757
0000003082,4860471455057797955,2026-10-04 20:05:14.098087
0000003083,4409946179355352029,2026-10-04 20:05:14.098383
0000003084,-5267965459310293968,2026-10-04 20:05:14.098684
0000003085,-7465382860782024269,2026-10-04 20:05:14.098974
0000003086,-5379986434983435105,2026-10-04 20:05:14.099205
0000003087,5198909170817290077,2026-10-04 20:05:14.099653
0000003088,-2195083352353133034,2026-10-04 20:05:14.099887
0000003089,-1677131498681863269,2026-10-04 20:05:14.100130
0000003090,-5081902118331338834,2026-10-04 20:05:14.100431
0000003091,-2673702458880772602,2026-10-04 20:05:14.100845
0000003092,4739086709356483571,2026-10-04 20:05:14.101139
0000003093,4755166587464162285,2026-10-04 20:05:14.101420
0000003094,7219504238579045899,2026-10-04 20:05:14.101721
0000003095,5556094204940152598,2026-10-04 20:05:14.102018
0000003096,7080886493777285258,2026-10-04 20:05:14.102292
0000003097,4526505414907969842,2026-10-04 20:05:14.102702
0000003098,6185354320548775476,2026-10-04 20:05:14.103068
0000003099,2733500286591956860,2026-10-04 20:05:14.103372
0000003100,-5778900756199537018,2026-10-04 20:05:14.103664
0000003101,-2931092832869029430,2026-10-04 20:05:14.103906
0000003102,2694223838174943548,2026-10-04 20:05:14.104263
0000003103,-8678211644011679877,2026-10-04 20:05:14.104832
0000003104,-7812780852400590581,2026-10-04 20:05:14.105194
0000003105,3700554125285861356,2026-10-04 20:05:14.105464
0000003106,-7725830187966961226,2026-10-04 20:05:14.105788
0000003107,3962522879525842009,2026-10-04 20:05:14.106091
0000003108,4586496701298715746,2026-10-04 20:05:14.106430
0000003109,-8120389360206655455,2026-10-04 20:05:14.106748
0000003110,6787829971823327173,2026-10-04 20:05:14.107006
0000003111,-5333630560323126641,2026-10-04 20:05:14.107266
0000003112,1304412766422514290,2026-10-04 20:05:14.107548
0000003113,-8941701051896784576,2026-10-04 20:05:14.107874
0000003114,2083993576644640166,2026-10-04 20:05:14.108100
0000003115,-2068984004199720749,2026-10-04 20:05:14.108427
0000003116,8844163772139294783,2026-10-04 20:05:14.108671
0000003117,-7240706206106004161,2026-10-04 20:05:14.109003
0000003118,167679172485525275,2026-10-04 20:05:14.109245
0000003119,-8082525826819786577,2026-10-04 20:05:14.109475
0000003120,9207048481626536255,2026-10-04 20:05:14.109785
0000003121,5985443999520207042,2026-10-04 20:05:14.110007
0000003122,802001475911959513,2026-10-04 20:05:14.110342
0000003123,-1908140703025442482,2026-10-04 20:05:14.110652
0000003124,6692294846116431356,2026-10-04 20:05:14.110915
0000003125,-1214454913729725078,2026-10-04 20:05:14.111252
0000003126,2399152351293798234,2026-10-04 20:05:14.111552
0000003127,-2703388933014327568,2026-10-04 20:05:14.111847
0000003128,-7225875111670534610,2026-10-04 20:05:14.112076
0000003129,2126497390662155522,2026-10-04 20:05:14.112355
0000003130,4730392255499672233,2026-10-04 20:05:14.112673
0000003131,3185159753037870580,2026-10-04 20:05:14.112912
0000003132,5516549736302884227,2026-10-04 20:05:14.113212
0000003133,-4884608961450225990,2026-10-04 20:05:14.113463
0000003134,-262965925438454809,2026-10-04 20:05:14.113833
0000003135,-4230297166582125360,2026-10-04 20:05:14.114129
0000003136,6842627575783195453,2026-10-04 20:05:14.114457
0000003137,686687461314876102,2026-10-04 20:05:14.114783
0000003138,-8824857505008657457,2026-10-04 20:05:14.115046
0000003139,1247945101001272618,2026-10-04 20:05:14.115372
0000003140,1090330003316669081,2026-10-04 20:05:14.115681
0000003141,-6767365168636998257,2026-10-04 20:05:14.115989
0000003142,507489851342519344,2026-10-04 20:05:14.116323
0000003143,2833791223965525964,2026-10-04 20:05:14.116668
0000003144,3348327890088482116,2026-10-04 20:05:14.116970
0000003145,-4040314792996958524,2026-10-04 20:05:14.117272
0000003146,-5269155984674329360,2026-10-04 20:05:14.117533
0000003147,-848692364443560116,2026-10-04 20:05:14.117816
0000003148,1003708411117290049,2026-10-04 20:05:14.118109
0000003149,-7660879002067747600,2026-10-04 20:05:14.118481
0000003150,4143762875111542340,2026-10-04 20:05:14.118739
0000003151,-5275207558469307596,2026-10-04 20:05:14.118997
0000003152,-5236954294499078333,2026-10-04 20:05:14.119336
0000003153,-8617129392495345544,2026-10-04 20:05:14.119645
0000003154,695532704892513727,2026-10-04 20:05:14.119885
0000003155,3831933617490283508,2026-10-04 20:05:14.120135
0000003156,-3886708353308584446,2026-10-04 20:05:14.120423
0000003157,-8590259956207175009,2026-10-04 20:05:14.120725
0000003158,-1419848424456714580,2026-10-04 20:05:14.121038
0000003159,6445760110778653202,2026-10-04 20:05:14.121296
0000003160,-418696510965769471,2026-10-04 20:05:14.121602
0000003161,-3996088395422746529,2026-10-04 20:05:14.121850
0000003162,8000842208303294691,2026-10-04 20:05:14.122141
0000003163,383466519405639058,2026-10-04 20:05:14.122504
0000003164,-2069638725703946347,2026-10-04 20:05:14.122759
0000003165,-8995623745208139447,2026-10-04 20:05:14.123059
0000003166,2249590392531713944,2026-10-04 20:05:14.123319
0000003167,-9199793431111191700,2026-10-04 20:05:14.123551
0000003168,-1470366530901777934,2026-10-04 20:05:14.123840
0000003169,6600517020530158364,2026-10-04 20:05:14.124135
0000003170,-5980198056770844283,2026-10-04 20:05:14.124376
0000003171,-7141422531551003562,2026-10-04 20:05:14.125003
0000003172,-1984965698435169912,2026-10-04 20:05:14.125593
0000003173,6940190226274592274,2026-10-04 20:05:14.125902
0000003174,7941165940925273968,2026-10-04 20:05:14.126198
0000003175,1601133630044381152,2026-10-04 20:05:14.126557
0000003176,-4141319765111578290,2026-10-04 20:05:14.126860
0000003177,-8438768634418410489,2026-10-04 20:05:14.127163
0000003178,8382835491346963517,2026-10-04 20:05:14.127512
0000003179,-9141940699584719282,2026-10-04 20:05:14.127840
0000003180,-4146986739312658742,2026-10-04 20:05:14.128068
0000003181,-8621859918377144332,2026-10-04 20:05:14.128398
0000003182,1267178025846426901,2026-10-04 20:05:14.128714
0000003183,-1145003937065721463,2026-10-04 20:05:14.129006
0000003184,-8775516586222415631,2026-10-04 20:05:14.129244
0000003185,8264679293999777429,2026-10-04 20:05:14.129661
0000003186,-208890712544263426,2026-10-04 20:05:14.129959
0000003187,-5354547573135903081,2026-10-04 20:05:14.130267
0000003188,-5596310109346482210,2026-10-04 20:05:14.130649
0000003189,-416059422935159260,2026-10-04 20:05:14.130894
0000003190,-2377939740818178171,2026-10-04 20:05:14.131193
0000003191,1961983426979059039,2026-10-04 20:05:14.131572
0000003192,92261956269980886,2026-10-04 20:05:14.131836
0000003193,7795811709654455975,2026-10-04 20:05:14.132079
0000003194,-4950543806881668934,2026-10-04 20:05:14.132382
0000003195,3114296065235806860,2026-10-04 20:05:14.132762
0000003196,4804863897211737828,2026-10-04 20:05:14.133018
0000003197,1126900581702364851,2026-10-04 20:05:14.133311
0000003198,-8316471625673519767,2026-10-04 20:05:14.133677
0000003199,-1635701584116796140,2026-10-04 20:05:14.133972
0000003200,7708901243809403888,2026-10-04 20:05:14.134204
0000003201,8161427628365945971,2026-10-04 20:05:14.134443
0000003202,-9208285969889613521,2026-10-04 20:05:14.134877
0000003203,6961710460117679872,2026-10-04 20:05:14.135118
0000003204,-8043231054907592033,2026-10-04 20:05:14.135465
0000003205,-4897592345248606458,2026-10-04 20:05:14.135785
0000003206,2336523312146170353,2026-10-04 20:05:14.136010
0000003207,6696818146879640864,2026-10-04 20:05:14.136351
0000003208,141659384523561586,2026-10-04 20:05:14.136598
0000003209,2986220099650810602,2026-10-04 20:05:14.136900
0000003210,6200026834635738239,2026-10-04 20:05:14.137192
0000003211,-3494934366664210246,2026-10-04 20:05:14.137586
0000003212,6814838986876156807,2026-10-04 20:05:14.137831
0000003213,8609053642454594757,2026-10-04 20:05:14.138075
0000003214,-7261561454967851488,2026-10-04 20:05:14.138380
0000003215,-2237480292959450511,2026-10-04 20:05:14.138705
0000003216,-6576479892554937239,2026-10-04 20:05:14.138934
0000003217,-7684066059685786251,2026-10-04 20:05:14.139185
0000003218,7060702868574951585,2026-10-04 20:05:14.139538
0000003219,6128882661812074048,2026-10-04 20:05:14.139778
0000003220,-7771511799518916078,2026-10-04 20:05:14.140024
0000003221,6515828942009588506,2026-10-04 20:05:14.140365
0000003222,-3701173248482609407,2026-10-04 20:05:14.140631
0000003223,-6675559153565823935,2026-10-04 20:05:14.140886
0000003224,-4046882551115566872,2026-10-04 20:05:14.141179
0000003225,278443904887252658,2026-10-04 20:05:14.141521
0000003226,8296707794182895369,2026-10-04 20:05:14.141827
0000003227,-4839126571912936413,2026-10-04 20:05:14.142136
0000003228,5299522279105753761,2026-10-04 20:05:14.142639
0000003229,-3498505896815663391,2026-10-04 20:05:14.142945
0000003230,-8184697481658876390,2026-10-04 20:05:14.143239
0000003231,-8048604096970803895,2026-10-04 20:05:14.143525
0000003232,1949055963603090465,2026-10-04 20:05:14.143881
0000003233,3001404388505301290,2026-10-04 20:05:14.144130
0000003234,8729742195897252052,2026-10-04 20:05:14.144416
0000003235,9159371976208939677,2026-10-04 20:05:14.144693
0000003236,-7354484648909659294,2026-10-04 20:05:14.145220
0000003237,5365977338624411011,2026-10-04 20:05:14.145544
0000003238,6269687222719402868,2026-10-04 20:05:14.145782
0000003239,-7622079589876199872,2026-10-04 20:05:14.146080
0000003240,1900764317851472008,2026-10-04 20:05:14.146432
0000003241,4337193969987022369,2026-10-04 20:05:14.146735
0000003242,784007946459035719,2026-10-04 20:05:14.147000
0000003243,3483360421899996390,2026-10-04 20:05:14.147367
0000003244,1858483429117935262,2026-10-04 20:05:14.147674
0000003245,79836003405806154,2026-10-04 20:05:14.147931
0000003246,4288081700538510085,2026-10-04 20:05:14.148177
0000003247,-2780791311637622807,2026-10-04 20:05:14.148544
0000003248,5670895404103538242,2026-10-04 20:05:14.148817
0000003249,7480863771270622132,2026-10-04 20:05:14.149165
0000003250,-6433456940752683135,2026-10-04 20:05:14.149471
0000003251,-6230458132182613366,2026-10-04 20:05:14.149778
0000003252,-2139608672801653520,2026-10-04 20:05:14.150070
0000003253,2337258458500758810,2026-10-04 20:05:14.150381
0000003254,-8914567841838134421,2026-10-04 20:05:14.150628
0000003255,-8301391990821696343,2026-10-04 20:05:14.150923
0000003256,4386048993015471746,2026-10-04 20:05:14.151298
0000003257,-7864967590073140706,2026-10-04 20:05:14.151613
0000003258,2433889589377782477,2026-10-04 20:05:14.151914
0000003259,4410602576854509107,2026-10-04 20:05:14.152235
0000003260,-8503215131935069264,2026-10-04 20:05:14.152555
0000003261,-4591005603706367472,2026-10-04 20:05:14.152787
0000003262,9015133897748319012,2026-10-04 20:05:14.153152
0000003263,-7415894983333903483,2026-10-04 20:05:14.153462
0000003264,9119577058107725125,2026-10-04 20:05:14.153712
0000003265,1164391848982443276,2026-10-04 20:05:14.154013
0000003266,-4710893700120180469,2026-10-04 20:05:14.154317
0000003267,3232796204499693799,2026-10-04 20:05:14.154610
0000003268,-8610191577842508013,2026-10-04 20:05:14.154855
0000003269,-3655673401869871636,2026-10-04 20:05:14.155170
0000003270,872175978894863004,2026-10-04 20:05:14.155464
0000003271,-1536005213611230168,2026-10-04 20:05:14.155719
0000003272,6517659252909030667,2026-10-04 20:05:14.156068
0000003273,3358799448314463765,2026-10-04 20:05:14.156313
0000003274,4934380399616563873,2026-10-04 20:05:14.156571
0000003275,-3055313571330626982,2026-10-04 20:05:14.156859
0000003276,-289616972580943122,2026-10-04 20:05:14.157082
0000003277,8475000149244949622,2026-10-04 20:05:14.157358
0000003278,94288440078120700,2026-10-04 20:05:14.157661
0000003279,-3315693719803656689,2026-10-04 20:05:14.157909
0000003280,-5825864599421833449,2026-10-04 20:05:14.158216
0000003281,372476397543731174,2026-10-04 20:05:14.158513
0000003282,8582320699978555378,2026-10-04 20:05:14.158792
0000003283,4262614782528846265,2026-10-04 20:05:14.159091
0000003284,-8127265137257177085,2026-10-04 20:05:14.159315
0000003285,460040459832133292,2026-10-04 20:05:14.159543
0000003286,-5863874128600774728,2026-10-04 20:05:14.159787
0000003287,-7845058271503300038,2026-10-04 20:05:14.160145
0000003288,5894009383536834432,2026-10-04 20:05:14.160392
0000003289,-1258156284963787352,2026-10-04 20:05:14.160664
0000003290,-1678375494531226306,2026-10-04 20:05:14.160959
0000003291,5704470523470731540,2026-10-04 20:05:14.161260
0000003292,-3296344345883655527,2026-10-04 20:05:14.161580
0000003293,-6212366874436376421,2026-10-04 20:05:14.161874
0000003294,165157132879262214,2026-10-04 20:05:14.162166
0000003295,6313631903769465822,2026-10-04 20:05:14.162395
0000003296,-7203478544928331315,2026-10-04 20:05:14.162735
0000003297,2777001874217424609,2026-10-04 20:05:14.162988
0000003298,70567322516912693,2026-10-04 20:05:14.163235
0000003299,-6358201822897246326,2026-10-04 20:05:14.163555
0000003300,7859940953826568901,2026-10-04 20:05:14.163887
0000003301,7510908936765488771,2026-10-04 20:05:14.164211
0000003302,1379091565686751947,2026-10-04 20:05:14.164520
0000003303,3402860240797782100,2026-10-04 20:05:14.164876
0000003304,-7407007005638456480,2026-10-04 20:05:14.165253
0000003305,8962921532563540055,2026-10-04 20:05:14.165586
0000003306,-8065986974593590644,2026-10-04 20:05:14.165839
0000003307,-3506686184734273266,2026-10-04 20:05:14.166142
0000003308,8951769488134352765,2026-10-04 20:05:14.166437
0000003309,4787609493150440545,2026-10-04 20:05:14.166784
0000003310,-5584820720295950387,2026-10-04 20:05:14.167100
0000003311,-2269551647130012774,2026-10-04 20:05:14.167404
0000003312,8626127750160981993,2026-10-04 20:05:14.167711
0000003313,5778311005762572001,2026-10-04 20:05:14.167944
0000003314,878064398520806608,2026-10-04 20:05:14.168212
0000003315,3781366122012909225,2026-10-04 20:05:14.168525
0000003316,1488516046411521205,2026-10-04 20:05:14.168817
0000003317,-5898944577161925658,2026-10-04 20:05:14.169083
0000003318,2387217264050903619,2026-10-04 20:05:14.169444
0000003319,-6268838284655902176,2026-10-04 20:05:14.169775
0000003320,4132529791510204677,2026-10-04 20:05:14.170104
0000003321,-8608348844447855581,2026-10-04 20:05:14.170400
0000003322,1086185004532384234,2026-10-04 20:05:14.170707
0000003323,94745407257018171,2026-10-04 20:05:14.171063
0000003324,4639755847243898638,2026-10-04 20:05:14.171360
0000003325,-2623874160490414718,2026-10-04 20:05:14.171619
0000003326,-6027750815281601854,2026-10-04 20:05:14.171926
0000003327,4618817562418691167,2026-10-04 20:05:14.172282
0000003328,-5413049116609260046,2026-10-04 20:05:14.172584
0000003329,-293680671626738754,2026-10-04 20:05:14.172903
0000003330,3585210637787922863,2026-10-04 20:05:14.173136
0000003331,1635438000108316094,2026-10-04 20:05:14.173370
0000003332,2263960828116634372,2026-10-04 20:05:14.173678
0000003333,-7240241510691927758,2026-10-04 20:05:14.173924
0000003334,-2543790059360858817,2026-10-04 20:05:14.174215
0000003335,-6643921369528198786,2026-10-04 20:05:14.174468
0000003336,-9017016287015598900,2026-10-04 20:05:14.174721
0000003337,-5242099559306190634,2026-10-04 20:05:14.175019
0000003338,-2661328818201811578,2026-10-04 20:05:14.175250
0000003339,8150639366389591525,2026-10-04 20:05:14.175601
0000003340,-4153625033051260592,2026-10-04 20:05:14.175861
0000003341,-3036985337610536304,2026-10-04 20:05:14.176159
0000003342,3202925234272536894,2026-10-04 20:05:14.176415
0000003343,-211605234005757263,2026-10-04 20:05:14.176725
0000003344,2624369351579966374,2026-10-04 20:05:14.177027
0000003345,-5382115199829656164,2026-10-04 20:05:14.177279
0000003346,-5412515485806361902,2026-10-04 20:05:14.177555
0000003347,2542216702632120151,2026-10-04 20:05:14.177883
0000003348,-8362126662558486702,2026-10-04 20:05:14.178202
0000003349,3857345598991745427,2026-10-04 20:05:14.178440
0000003350,993586433559170260,2026-10-04 20:05:14.178690
0000003351,7729761670597614044,2026-10-04 20:05:14.178986
0000003352,-2470922014966184477,2026-10-04 20:05:14.179287
0000003353,-2585332417752151139,2026-10-04 20:05:14.179630
0000003354,-4265023162178688197,2026-10-04 20:05:14.179860
0000003355,7766918181786148043,2026-10-04 20:05:14.180089
0000003356,-8824835532982330576,2026-10-04 20:05:14.180317
0000003357,-4647530894139489682,2026-10-04 20:05:14.180549
0000003358,6636406659460201017,2026-10-04 20:05:14.180892
0000003359,6352258728792062836,2026-10-04 20:05:14.181200
0000003360,-1931629113688301606,2026-10-04 20:05:14.181456
0000003361,-1917686319562366666,2026-10-04 20:05:14.181815
0000003362,231292579546748821,2026-10-04 20:05:14.182109
0000003363,912899269641077077,2026-10-04 20:05:14.182421
0000003364,8195096233821391578,2026-10-04 20:05:14.182737
0000003365,-5683122897599797505,2026-10-04 20:05:14.183044
0000003366,-1849512317930366647,2026-10-04 20:05:14.183352
0000003367,1291738495966255970,2026-10-04 20:05:14.183626
0000003368,6143138262835108763,2026-10-04 20:05:14.183938
0000003369,-5572580040432298859,2026-10-04 20:05:14.184278
0000003370,-3136681199814354874,2026-10-04 20:05:14.184667
0000003371,4101078813158347605,2026-10-04 20:05:14.184901
0000003372,2189430182857658821,2026-10-04 20:05:14.185299
0000003373,8480912307989936249,2026-10-04 20:05:14.185818
0000003374,3238283204776514740,2026-10-04 20:05:14.186135
0000003375,3085625178320630767,2026-10-04 20:05:14.186424
0000003376,-3232318884587443597,2026-10-04 20:05:14.186702
0000003377,567199527708264216,2026-10-04 20:05:14.187030
0000003378,-405080430121217044,2026-10-04 20:05:14.187388
0000003379,-469202685085462435,2026-10-04 20:05:14.187703
0000003380,-3120495009536579061,2026-10-04 20:05:14.187958
0000003381,8346463735064729645,2026-10-04 20:05:14.188205
0000003382,4214850851164320854,2026-10-04 20:05:14.188565
0000003383,-8709917374850316102,2026-10-04 20:05:14.188798
0000003384,7001295263467813279,2026-10-04 20:05:14.189064
0000003385,-6602903503788976237,2026-10-04 20:05:14.189409
0000003386,-2487768962890437914,2026-10-04 20:05:14.189648
0000003387,3202667200903295565,2026-10-04 20:05:14.189894
0000003388,6484582999180109266,2026-10-04 20:05:14.190124
0000003389,-944576829538626931,2026-10-04 20:05:14.190348
0000003390,-1382866486576056126,2026-10-04 20:05:14.190633
0000003391,1985389939313932357,2026-10-04 20:05:14.190956
0000003392,3927769047583865073,2026-10-04 20:05:14.191299
0000003393,4255247351491851930,2026-10-04 20:05:14.191614
0000003394,-471348509936876204,2026-10-04 20:05:14.191858
0000003395,6027022579603598426,2026-10-04 20:05:14.192152
0000003396,208364624631327512,2026-10-04 20:05:14.192486
0000003397,-1165380548685005796,2026-10-04 20:05:14.192797
0000003398,-5353939524291690004,2026-10-04 20:05:14.193049
0000003399,-6866476711088051617,2026-10-04 20:05:14.193398
0000003400,-2569780585757357631,2026-10-04 20:05:14.193699
0000003401,4686925809775892990,2026-10-04 20:05:14.193942
0000003402,539158717190806626,2026-10-04 20:05:14.194191
0000003403,150174022905409231,2026-10-04 20:05:14.194494
0000003404,-1786667881283131543,2026-10-04 20:05:14.194734
0000003405,2475454004230138224,2026-10-04 20:05:14.195030
0000003406,-382415694757730760,2026-10-04 20:05:14.195372
0000003407,-8026255916187944955,2026-10-04 20:05:14.195603
0000003408,1451823680458653153,2026-10-04 20:05:14.195898
0000003409,4714129836604903162,2026-10-04 20:05:14.196131
0000003410,2391243593221406359,2026-10-04 20:05:14.196361
0000003411,2139367068813630400,2026-10-04 20:05:14.196658
0000003412,-7441688291216964291,2026-10-04 20:05:14.196973
0000003413,-8399633530942982474,2026-10-04 20:05:14.197220
0000003414,422757760003351342,2026-10-04 20:05:14.197592
0000003415,-7692535352001077782,2026-10-04 20:05:14.197890
0000003416,5280649956263380030,2026-10-04 20:05:14.198181
0000003417,-3203739665402929848,2026-10-04 20:05:14.198500
0000003418,-5960587773499334746,2026-10-04 20:05:14.198776
0000003419,-5812811026046575426,2026-10-04 20:05:14.199076
0000003420,-8059905464943727287,2026-10-04 20:05:14.199321
0000003421,-8493442257075244083,2026-10-04 20:05:14.199560
0000003422,2590228027699141861,2026-10-04 20:05:14.199791
0000003423,307923912848173394,2026-10-04 20:05:14.200131
0000003424,6957730397350006013,2026-10-04 20:05:14.200433
0000003425,-2287953037974513546,2026-10-04 20:05:14.200826
0000003426,9151210544598122618,2026-10-04 20:05:14.201135
0000003427,8724932764107662876,2026-10-04 20:05:14.201434
0000003428,4812711719874308692,2026-10-04 20:05:14.201757
0000003429,-8824582119747549940,2026-10-04 20:05:14.202058
0000003430,1109816657142847489,2026-10-04 20:05:14.202350
0000003431,-4095943733583098962,2026-10-04 20:05:14.202579
0000003432,4699492390687956239,2026-10-04 20:05:14.202928
0000003433,1310086898941379105,2026-10-04 20:05:14.203228
0000003434,-8239123148634913067,2026-10-04 20:05:14.203566
0000003435,-3467365538604744816,2026-10-04 20:05:14.203823
0000003436,-3526296158705275010,2026-10-04 20:05:14.204075
0000003437,3189668011669546115,2026-10-04 20:05:14.204412
0000003438,690916761882743455,2026-10-04 20:05:14.204778
0000003439,-1458139086376282750,2026-10-04 20:05:14.205036
0000003440,-2216746603879655571,2026-10-04 20:05:14.205340
0000003441,-6239209370633195572,2026-10-04 20:05:14.205770
0000003442,-5619821221777353638,2026-10-04 20:05:14.206041
0000003443,-2609851398560752349,2026-10-04 20:05:14.206364
0000003444,2777336644378177568,2026-10-04 20:05:14.206623
0000003445,7210030805781615709,2026-10-04 20:05:14.206910
0000003446,-7228919610197552662,2026-10-04 20:05:14.207168
0000003447,3532042765427154749,2026-10-04 20:05:14.207396
0000003448,6014785439808652222,2026-10-04 20:05:14.207709
0000003449,4616663729932770226,2026-10-04 20:05:14.208018
0000003450,1740038991598743982,2026-10-04 20:05:14.208336
0000003451,-7693292312806918100,2026-10-04 20:05:14.208568
0000003452,-6388154291013500686,2026-10-04 20:05:14.208859
0000003453,-497325914130538607,2026-10-04 20:05:14.209113
0000003454,-4921295297150678519,2026-10-04 20:05:14.209419
0000003455,6495730743383882159,2026-10-04 20:05:14.209735
0000003456,5912620289414175389,2026-10-04 20:05:14.210285
0000003457,-976221262962059392,2026-10-04 20:05:14.211074
0000003458,1845265930748263482,2026-10-04 20:05:14.211451
0000003459,-5961982497749689639,2026-10-04 20:05:14.211949
0000003460,-856949561620119299,2026-10-04 20:05:14.212277
0000003461,-5860952017282240663,2026-10-04 20:05:14.212577
0000003462,939391099136651812,2026-10-04 20:05:14.212958
0000003463,-3032412965850237396,2026-10-04 20:05:14.213270
0000003464,-3394508576270580481,2026-10-04 20:05:14.213576
0000003465,-5121655668394103393,2026-10-04 20:05:14.213915
0000003466,-3183254124032551113,2026-10-04 20:05:14.214221
0000003467,-4926314950942334025,2026-10-04 20:05:14.214452
0000003468,7593604616604948952,2026-10-04 20:05:14.214713
0000003469,3414924884661073019,2026-10-04 20:05:14.214978
0000003470,6451499031404167446,2026-10-04 20:05:14.215206
0000003471,-914524989790570245,2026-10-04 20:05:14.215532
0000003472,-2757347347400226064,2026-10-04 20:05:14.215870
0000003473,-630276314113076512,2026-10-04 20:05:14.216125
0000003474,-7656502463840447622,2026-10-04 20:05:14.216420
0000003475,8478754693124955508,2026-10-04 20:05:14.216714
0000003476,4562359626727383691,2026-10-04 20:05:14.216996
0000003477,-4969766092752555867,2026-10-04 20:05:14.217225
0000003478,8880608792639669811,2026-10-04 20:05:14.217520
0000003479,-5564641171976077789,2026-10-04 20:05:14.217857
0000003480,-3174714751617823571,2026-10-04 20:05:14.218096
0000003481,126463926267462081,2026-10-04 20:05:14.218321
0000003482,7430781161131417990,2026-10-04 20:05:14.218619
0000003483,-7188539447841354704,2026-10-04 20:05:14.218942
0000003484,-8473474425349188034,2026-10-04 20:05:14.219244
0000003485,-147030006737655956,2026-10-04 20:05:14.219540
0000003486,-578132613634012278,2026-10-04 20:05:14.219864
0000003487,8467613673321137586,2026-10-04 20:05:14.220093
0000003488,1430002841652430283,2026-10-04 20:05:14.220381
0000003489,-8691857342581224629,2026-10-04 20:05:14.220624
0000003490,-8642071468319360022,2026-10-04 20:05:14.220951
0000003491,6573479339331713999,2026-10-04 20:05:14.221195
0000003492,520631052334049343,2026-10-04 20:05:14.221517
0000003493,3354785071909732019,2026-10-04 20:05:14.221857
0000003494,2714962828077831374,2026-10-04 20:05:14.222156
0000003495,8765704058671228892,2026-10-04 20:05:14.222465
0000003496,1484666500694810988,2026-10-04 20:05:14.222708
0000003497,1632771759492382369,2026-10-04 20:05:14.222994
0000003498,-2130795233732873840,2026-10-04 20:05:14.223297
0000003499,2437235926972020968,2026-10-04 20:05:14.223550
0000003500,677062562040650022,2026-10-04 20:05:14.223877
0000003501,2873550878609764632,2026-10-04 20:05:14.224121
0000003502,-6543321783676402539,2026-10-04 20:05:14.224564
0000003503,-700649595308381184,2026-10-04 20:05:14.224844
0000003504,-6610204293131270002,2026-10-04 20:05:14.225155
0000003505,-8897936007903489892,2026-10-04 20:05:14.225469
0000003506,560014166817212221,2026-10-04 20:05:14.225888
0000003507,-9214736637981522776,2026-10-04 20:05:14.226219
0000003508,8161330598295330060,2026-10-04 20:05:14.226531
0000003509,-1925930283998402340,2026-10-04 20:05:14.226776
0000003510,7625481680196640135,2026-10-04 20:05:14.227130
0000003511,4516898147063440937,2026-10-04 20:05:14.227385
0000003512,3655541099967128405,2026-10-04 20:05:14.227768
0000003513,-8866735606405027843,2026-10-04 20:05:14.228075
0000003514,-5862834622212750625,2026-10-04 20:05:14.228315
0000003515,-5742481770290525877,2026-10-04 20:05:14.228666
0000003516,4122990742768046229,2026-10-04 20:05:14.228913
0000003517,404294526144406420,2026-10-04 20:05:14.229135
0000003518,-3745264161553369981,2026-10-04 20:05:14.229426
0000003519,-2211260365279061298,2026-10-04 20:05:14.229650
0000003520,8106998364545384108,2026-10-04 20:05:14.230181
0000003521,6832983274625960404,2026-10-04 20:05:14.230636
0000003522,3872212907120980645,2026-10-04 20:05:14.231047
0000003523,-5728571185792752293,2026-10-04 20:05:14.231394
0000003524,-3306059644774396459,2026-10-04 20:05:14.231666
0000003525,2195865451215399058,2026-10-04 20:05:14.231963
0000003526,3351607053171972574,2026-10-04 20:05:14.232260
0000003527,-824088264741100743,2026-10-04 20:05:14.232529
0000003528,65895732259905555,2026-10-04 20:05:14.232832
0000003529,1652758960893742305,2026-10-04 20:05:14.233128
0000003530,844246884244351162,2026-10-04 20:05:14.233462
0000003531,5154687254011870208,2026-10-04 20:05:14.233761
0000003532,-6822888335538906387,2026-10-04 20:05:14.234062
0000003533,-6947928560723056071,2026-10-04 20:05:14.234288
0000003534,-7058978644985752302,2026-10-04 20:05:14.234597
0000003535,-6640657599237980318,2026-10-04 20:05:14.234856
0000003536,-1883766206618368153,2026-10-04 20:05:14.235082
0000003537,-6863140352372721833,2026-10-04 20:05:14.235421
0000003538,-8997321587500593361,2026-10-04 20:05:14.235722
0000003539,-8270937833838786632,2026-10-04 20:05:14.236064
0000003540,-3732921922313307529,2026-10-04 20:05:14.236297
0000003541,-2268435253742844682,2026-10-04 20:05:14.236600
0000003542,-4611476399124061935,2026-10-04 20:05:14.236832
0000003543,5223301925298478492,2026-10-04 20:05:14.237057
0000003544,-6391541779020735281,2026-10-04 20:05:14.237355
0000003545,6251035373341116687,2026-10-04 20:05:14.237584
0000003546,-8177274157888196981,2026-10-04 20:05:14.237875
0000003547,2921881022796623753,2026-10-04 20:05:14.238218
0000003548,5698513652034576775,2026-10-04 20:05:14.238470
0000003549,449071437267051748,2026-10-04 20:05:14.238785
0000003550,-4760175290528617425,2026-10-04 20:05:14.239080
0000003551,-5006002137716458773,2026-10-04 20:05:14.239361
0000003552,4542470885102981180,2026-10-04 20:05:14.239619
0000003553,-2413400135428365462,2026-10-04 20:05:14.239949
0000003554,-8843792569845388770,2026-10-04 20:05:14.240185
0000003555,278166214151690257,2026-10-04 20:05:14.240428
0000003556,6006131171955787370,2026-10-04 20:05:14.240736
0000003557,4582617047441451894,2026-10-04 20:05:14.241052
0000003558,-7703053438806502044,2026-10-04 20:05:14.241418
0000003559,-7876180616533375592,2026-10-04 20:05:14.241645
0000003560,7307076588317956792,2026-10-04 20:05:14.241924
0000003561,-1008777642869939948,2026-10-04 20:05:14.242169
0000003562,-1996004647114891357,2026-10-04 20:05:14.242523
0000003563,1045631224705753052,2026-10-04 20:05:14.242897
0000003564,3214711962477937380,2026-10-04 20:05:14.243252
0000003565,9105543031312632663,2026-10-04 20:05:14.243532
0000003566,-7624748726072747410,2026-10-04 20:05:14.243791
0000003567,-3756433205036402775,2026-10-04 20:05:14.244084
0000003568,-1947266753462073148,2026-10-04 20:05:14.244332
0000003569,2229755327647814435,2026-10-04 20:05:14.244597
0000003570,-6639696771416962317,2026-10-04 20:05:14.244906
0000003571,-6179208460349791324,2026-10-04 20:05:14.245270
0000003572,3033984426048858877,2026-10-04 20:05:14.245505
0000003573,-4791713026301631005,2026-10-04 20:05:14.245846
0000003574,8573329386922418537,2026-10-04 20:05:14.246513
0000003575,3465830474210884538,2026-10-04 20:05:14.247002
0000003576,-8974253744341211028,2026-10-04 20:05:14.247678
0000003577,2256538900592201860,2026-10-04 20:05:14.248313
0000003578,-8894381541769551539,2026-10-04 20:05:14.248797
0000003579,3894755508577887161,2026-10-04 20:05:14.249247
0000003580,-7156804798981968652,2026-10-04 20:05:14.249803
0000003581,-9028917916749963986,2026-10-04 20:05:14.250434
0000003582,-2413265110649482439,2026-10-04 20:05:14.250872
0000003583,-4356950029499309318,2026-10-04 20:05:14.251520
0000003584,-3634369727188989113,2026-10-04 20:05:14.252084
0000003585,5790942118320955572,2026-10-04 20:05:14.252598
0000003586,-3553185184576673879,2026-10-04 20:05:14.253157
0000003587,4593317114606715537,2026-10-04 20:05:14.253806
0000003588,5951771276625199419,2026-10-04 20:05:14.254334
0000003589,2085119908829133990,2026-10-04 20:05:14.254797
0000003590,-4913182578595264965,2026-10-04 20:05:14.255356
0000003591,4169957109580839760,2026-10-04 20:05:14.255896
0000003592,46450876492567900,2026-10-04 20:05:14.256528
0000003593,-3713880747598353216,2026-10-04 20:05:14.256993
0000003594,1915838528176614234,2026-10-04 20:05:14.257678
0000003595,-7031256247956793918,2026-10-04 20:05:14.258242
0000003596,6639232853307561619,2026-10-04 20:05:14.258891
0000003597,-780253927317735716,2026-10-04 20:05:14.259368
0000003598,-4629065611065958655,2026-10-04 20:05:14.260012
0000003599,-4976018233952025610,2026-10-04 20:05:14.260545
0000003600,2888798227301665401,2026-10-04 20:05:14.260988
0000003601,5201830995454587583,2026-10-04 20:05:14.261448
0000003602,8422891759548221645,2026-10-04 20:05:14.262101
0000003603,1997424785705208304,2026-10-04 20:05:14.262688
0000003604,4395215486993802132,2026-10-04 20:05:14.263170
0000003605,2412044851543114200,2026-10-04 20:05:14.263738
0000003606,-8176861873658597905,2026-10-04 20:05:14.264370
0000003607,400100169307673288,2026-10-04 20:05:14.264930
0000003608,-3222156134406723208,2026-10-04 20:05:14.265605
0000003609,-2281273596764079532,2026-10-04 20:05:14.266161
0000003610,-3693589303799949010,2026-10-04 20:05:14.266757
0000003611,2814170296844146072,2026-10-04 20:05:14.267444
0000003612,1990408743568669748,2026-10-04 20:05:14.267998
0000003613,-8132521201856384948,2026-10-04 20:05:14.268592
0000003614,-8418603412731893967,2026-10-04 20:05:14.268995
0000003615,-193257160940427211,2026-10-04 20:05:14.269528
0000003616,5950266087016001018,2026-10-04 20:05:14.270031
0000003617,2907621614462201809,2026-10-04 20:05:14.270582
0000003618,3812337064973078565,2026-10-04 20:05:14.271159
0000003619,4040930337875115558,2026-10-04 20:05:14.271680
0000003620,7458634883947031906,2026-10-04 20:05:14.272087
0000003621,-347474751372504122,2026-10-04 20:05:14.272731
0000003622,-3267349219314544175,2026-10-04 20:05:14.273149
0000003623,4810521071579276414,2026-10-04 20:05:14.273663
0000003624,-4048882471219156285,2026-10-04 20:05:14.274250
0000003625,7344701877934314673,2026-10-04 20:05:14.274924
0000003626,-8719562385451882034,2026-10-04 20:05:14.275499
0000003627,2164458996297275994,2026-10-04 20:05:14.275915
0000003628,2562375117766265947,2026-10-04 20:05:14.276466
0000003629,8996288137098920358,2026-10-04 20:05:14.276981
0000003630,-4708649973602040683,2026-10-04 20:05:14.277561
0000003631,3649080201484606176,2026-10-04 20:05:14.278093
0000003632,-1503796387369255989,2026-10-04 20:05:14.278548
0000003633,-1598191017349647152,2026-10-04 20:05:14.279193
0000003634,-6774291091220806702,2026-10-04 20:05:14.279665
0000003635,6331512607457327410,2026-10-04 20:05:14.280217
0000003636,2064378758280525307,2026-10-04 20:05:14.280537
0000003637,-8998063235741270679,2026-10-04 20:05:14.280786
0000003638,-1189205902496064417,2026-10-04 20:05:14.281135
0000003639,8695771964223587562,2026-10-04 20:05:14.281476
0000003640,-7969003122976089310,2026-10-04 20:05:14.281783
0000003641,8858178508549571645,2026-10-04 20:05:14.282285
0000003642,-727101287796648036,2026-10-04 20:05:14.282594
0000003643,-2368972244127627987,2026-10-04 20:05:14.282969
0000003644,-5338528536959264611,2026-10-04 20:05:14.283244
0000003645,-8818708646863243008,2026-10-04 20:05:14.283775
0000003646,5628557340857112575,2026-10-04 20:05:14.284401
0000003647,6021728539076238759,2026-10-04 20:05:14.284901
0000003648,3964666095758124949,2026-10-04 20:05:14.285513
0000003649,1248408921382562767,2026-10-04 20:05:14.286074
0000003650,-2146272962300519629,2026-10-04 20:05:14.286582
0000003651,-7877582137013137628,2026-10-04 20:05:14.287062
0000003652,1806764674023949536,2026-10-04 20:05:14.287643
0000003653,-8703432095260362297,2026-10-04 20:05:14.288150
0000003654,-6851533523293348355,2026-10-04 20:05:14.288727
0000003655,2943526149475143836,2026-10-04 20:05:14.289192
0000003656,-6332300780377455317,2026-10-04 20:05:14.289626
0000003657,2222809375597837183,2026-10-04 20:05:14.290185
0000003658,3936695513570837937,2026-10-04 20:05:14.290601
0000003659,2003046535760362562,2026-10-04 20:05:14.291085
0000003660,-5073691562312697715,2026-10-04 20:05:14.291630
0000003661,-5974657283927454694,2026-10-04 20:05:14.292074
0000003662,-2501328090556244797,2026-10-04 20:05:14.292607
0000003663,6210811382924788283,2026-10-04 20:05:14.292986
0000003664,5256906696375926336,2026-10-04 20:05:14.293350
0000003665,-1101671514581771059,2026-10-04 20:05:14.293672
0000003666,8212063316849300335,2026-10-04 20:05:14.294027
0000003667,2321561713329394943,2026-10-04 20:05:14.294259
0000003668,-3360564290446068171,2026-10-04 20:05:14.294571
0000003669,8957083246576232045,2026-10-04 20:05:14.294886
0000003670,3108995116029935921,2026-10-04 20:05:14.295176
0000003671,8316265028000817309,2026-10-04 20:05:14.295406
0000003672,-6554643105691372375,2026-10-04 20:05:14.295649
0000003673,5823611523780637314,2026-10-04 20:05:14.295916
0000003674,170759144798015010,2026-10-04 20:05:14.296176
0000003675,8035872219443425843,2026-10-04 20:05:14.296432
0000003676,3674219180722252133,2026-10-04 20:05:14.296734
0000003677,-7271694462492039030,2026-10-04 20:05:14.297042
0000003678,-8815225331843635169,2026-10-04 20:05:14.297305
0000003679,-664501670451206322,2026-10-04 20:05:14.297530
0000003680,-4148624619583797794,2026-10-04 20:05:14.297773
0000003681,-8250046420827788447,2026-10-04 20:05:14.298043
0000003682,3411552006270428731,2026-10-04 20:05:14.298372
0000003683,-5607477276730491085,2026-10-04 20:05:14.298621
0000003684,-8824234795662625593,2026-10-04 20:05:14.298916
0000003685,-3234355250732156530,2026-10-04 20:05:14.299281
0000003686,-4182603862432722744,2026-10-04 20:05:14.299522
0000003687,-2749279924036257028,2026-10-04 20:05:14.299753
0000003688,-7729543709419267626,2026-10-04 20:05:14.300015
0000003689,-1585643159770977859,2026-10-04 20:05:14.300243
0000003690,3116012826448920585,2026-10-04 20:05:14.300536
0000003691,2207835626573712791,2026-10-04 20:05:14.301375
0000003692,5233835309519337612,2026-10-04 20:05:14.301767
0000003693,5751359688765923290,2026-10-04 20:05:14.302120
0000003694,-1426153826941281249,2026-10-04 20:05:14.302379
0000003695,-5210710363112268299,2026-10-04 20:05:14.302632
0000003696,-3332153873752190575,2026-10-04 20:05:14.302955
0000003697,-7510230011889847174,2026-10-04 20:05:14.303294
0000003698,7175243626140435727,2026-10-04 20:05:14.303609
0000003699,2890943225447000063,2026-10-04 20:05:14.303874
0000003700,424127550882260627,2026-10-04 20:05:14.304114
0000003701,6130329886722303548,2026-10-04 20:05:14.304417
0000003702,-7932595390837431279,2026-10-04 20:05:14.304668
0000003703,6923691593918811168,2026-10-04 20:05:14.304999
0000003704,-7462323350643228632,2026-10-04 20:05:14.305289
0000003705,-3112142727802103564,2026-10-04 20:05:14.305551
0000003706,3675336366021658443,2026-10-04 20:05:14.305798
0000003707,-3389372384020128634,2026-10-04 20:05:14.306095
0000003708,-4881166090942450297,2026-10-04 20:05:14.306400
0000003709,-1057773334897312815,2026-10-04 20:05:14.306914
0000003710,-6485956416046687856,2026-10-04 20:05:14.307295
0000003711,4896167087591272646,2026-10-04 20:05:14.307561
0000003712,4510356324937491890,2026-10-04 20:05:14.307822
0000003713,3314812319641570915,2026-10-04 20:05:14.308158
0000003714,6569974573658715178,2026-10-04 20:05:14.308456
0000003715,-4762567219965121349,2026-10-04 20:05:14.308700
0000003716,1099013092166068589,2026-10-04 20:05:14.308967
0000003717,-4995211693283876251,2026-10-04 20:05:14.309261
0000003718,8100943511797968135,2026-10-04 20:05:14.309613
0000003719,2021609664525024052,2026-10-04 20:05:14.309867
0000003720,7713064173595215650,2026-10-04 20:05:14.310158
0000003721,7934356961098359964,2026-10-04 20:05:14.310394
0000003722,-1498090542828258777,2026-10-04 20:05:14.310679
0000003723,-8600851888967673717,2026-10-04 20:05:14.310903
0000003724,2185008127170802493,2026-10-04 20:05:14.311142
0000003725,1703830522630437336,2026-10-04 20:05:14.311427
0000003726,4091753145870206079,2026-10-04 20:05:14.311727
0000003727,1109500435603375,2026-10-04 20:05:14.312001
0000003728,4696504026408168402,2026-10-04 20:05:14.312228
0000003729,-7949865641404367050,2026-10-04 20:05:14.312535
0000003730,-5096320088716976955,2026-10-04 20:05:14.312829
0000003731,4817832239351468355,2026-10-04 20:05:14.313150
0000003732,-3098399189709590623,2026-10-04 20:05:14.313519
0000003733,-2790749645316909307,2026-10-04 20:05:14.313793
0000003734,-7308899679299496376,2026-10-04 20:05:14.314092
0000003735,8557510581653758951,2026-10-04 20:05:14.314397
0000003736,8898255947091661394,2026-10-04 20:05:14.314711
0000003737,2311493185791594411,2026-10-04 20:05:14.315019
0000003738,812132650165969517,2026-10-04 20:05:14.315274
0000003739,3293064970393933221,2026-10-04 20:05:14.315598
0000003740,9085861826229555411,2026-10-04 20:05:14.315841
0000003741,-7907331656552908601,2026-10-04 20:05:14.316139
0000003742,8472370880289723194,2026-10-04 20:05:14.316453
0000003743,-7152549521440883345,2026-10-04 20:05:14.316784
0000003744,-7824679378307803682,2026-10-04 20:05:14.317159
0000003745,2345615717757445492,2026-10-04 20:05:14.317466
0000003746,1896963227039850877,2026-10-04 20:05:14.317780
0000003747,-3679914320850271786,2026-10-04 20:05:14.318027
0000003748,-5624952699178678643,2026-10-04 20:05:14.318341
0000003749,5625214219680658999,2026-10-04 20:05:14.318649
0000003750,4364395563734146850,2026-10-04 20:05:14.318884
0000003751,-5849426705683399648,2026-10-04 20:05:14.319152
0000003752,-4640307267077008557,2026-10-04 20:05:14.319509
0000003753,4352254893868222932,2026-10-04 20:05:14.319814
0000003754,6312186700318857888,2026-10-04 20:05:14.320052
0000003755,6054258814676071077,2026-10-04 20:05:14.320326
0000003756,2214560852364145552,2026-10-04 20:05:14.320632
0000003757,-8181414179979597522,2026-10-04 20:05:14.320927
0000003758,3011924424966138205,2026-10-04 20:05:14.321166
0000003759,6760585649818176244,2026-10-04 20:05:14.321394
0000003760,-9124982931018867436,2026-10-04 20:05:14.321743
0000003761,-5509679783294497838,2026-10-04 20:05:14.322049
0000003762,1307750232586422231,2026-10-04 20:05:14.322400
0000003763,-2707372604092556904,2026-10-04 20:05:14.322701
0000003764,-5281493240131137317,2026-10-04 20:05:14.322927
0000003765,-2580489035722227262,2026-10-04 20:05:14.323178
0000003766,-2570008047073279718,2026-10-04 20:05:14.323450
0000003767,8962151689549766750,2026-10-04 20:05:14.323766
0000003768,-3826135417252983308,2026-10-04 20:05:14.324073
0000003769,435754963556508958,2026-10-04 20:05:14.324409
0000003770,-5948794635056000943,2026-10-04 20:05:14.324677
0000003771,4936930084971723368,2026-10-04 20:05:14.324917
0000003772,3066161495099108617,2026-10-04 20:05:14.325195
0000003773,-9105421338772834334,2026-10-04 20:05:14.325480
0000003774,4548952190116560150,2026-10-04 20:05:14.325812
0000003775,-1015246632927494649,2026-10-04 20:05:14.326067
0000003776,9095280438866975707,2026-10-04 20:05:14.326317
0000003777,5938342188923516619,2026-10-04 20:05:14.326576
0000003778,-8720447126961118930,2026-10-04 20:05:14.327067
0000003779,-5990873739138932170,2026-10-04 20:05:14.327313
0000003780,6514898265883433447,2026-10-04 20:05:14.327664
0000003781,-5196419638166645282,2026-10-04 20:05:14.327916
0000003782,-5642117761633693493,2026-10-04 20:05:14.328232
0000003783,8292706885401812291,2026-10-04 20:05:14.328583
0000003784,-6830331856501977469,2026-10-04 20:05:14.329046
0000003785,6239848057568244634,2026-10-04 20:05:14.329342
0000003786,8202945548466134354,2026-10-04 20:05:14.329715
0000003787,-4267701008272902048,2026-10-04 20:05:14.330014
0000003788,8073307524270539888,2026-10-04 20:05:14.330237
0000003789,-7937400180548311051,2026-10-04 20:05:14.330475
0000003790,-2025650024416727150,2026-10-04 20:05:14.330734
0000003791,-4332717453634560022,2026-10-04 20:05:14.331009
0000003792,-4048307546158919361,2026-10-04 20:05:14.331306
0000003793,-4746230359669297654,2026-10-04 20:05:14.331640
0000003794,859905687419633684,2026-10-04 20:05:14.331874
0000003795,-6607001378124402183,2026-10-04 20:05:14.332113
0000003796,-1599402085482978711,2026-10-04 20:05:14.332359
0000003797,-3779343850217424929,2026-10-04 20:05:14.332673
0000003798,7392515152265595734,2026-10-04 20:05:14.332970
0000003799,2315024411369482389,2026-10-04 20:05:14.333261
0000003800,6359068468099631046,2026-10-04 20:05:14.333535
0000003801,-2528008781900636296,2026-10-04 20:05:14.333863
0000003802,-314997163151376374,2026-10-04 20:05:14.334107
0000003803,991379513686298783,2026-10-04 20:05:14.334507
0000003804,-4782009467141944175,2026-10-04 20:05:14.334858
0000003805,6695700217673334823,2026-10-04 20:05:14.335223
0000003806,-271390148630034596,2026-10-04 20:05:14.335476
0000003807,-6134895461935481802,2026-10-04 20:05:14.335848
0000003808,-28225439575014477,2026-10-04 20:05:14.336205
0000003809,-6081418041992856314,2026-10-04 20:05:14.336698
0000003810,3382429621639321187,2026-10-04 20:05:14.337022
0000003811,-6313674687557526741,2026-10-04 20:05:14.337392
0000003812,-4227256527969976041,2026-10-04 20:05:14.337649
0000003813,2965148656767013549,2026-10-04 20:05:14.337884
0000003814,-8013546576223241415,2026-10-04 20:05:14.338139
0000003815,-1795923469490696615,2026-10-04 20:05:14.338518
0000003816,4658976543541401842,2026-10-04 20:05:14.338837
0000003817,-1159507463647504765,2026-10-04 20:05:14.339341
0000003818,3763927684654453809,2026-10-04 20:05:14.339609
0000003819,-4846350304934894290,2026-10-04 20:05:14.339873
0000003820,-3281112890330798191,2026-10-04 20:05:14.340114
0000003821,-3774715470017957358,2026-10-04 20:05:14.340415
0000003822,-5027249282765817707,2026-10-04 20:05:14.340721
0000003823,-4181914302188244014,2026-10-04 20:05:14.340957
0000003824,-1485844965698133647,2026-10-04 20:05:14.341233
0000003825,686559614031593027,2026-10-04 20:05:14.341542
0000003826,-1505509936563483053,2026-10-04 20:05:14.341830
0000003827,-6505316087132016831,2026-10-04 20:05:14.342109
0000003828,2038442048971619248,2026-10-04 20:05:14.342406
0000003829,8618619216784437959,2026-10-04 20:05:14.342935
0000003830,2643611877472728403,2026-10-04 20:05:14.343576
0000003831,1782576696998860409,2026-10-04 20:05:14.343877
0000003832,2300386080417500062,2026-10-04 20:05:14.344104
0000003833,5094276285207955218,2026-10-04 20:05:14.344401
0000003834,826391757289843233,2026-10-04 20:05:14.344777
0000003835,1974476293461414723,2026-10-04 20:05:14.345103
0000003836,-8730852333398117591,2026-10-04 20:05:14.345633
0000003837,-7001635462585479727,2026-10-04 20:05:14.345893
0000003838,-418147600962686338,2026-10-04 20:05:14.346122
0000003839,5039636931750658829,2026-10-04 20:05:14.346363
0000003840,-2218707144835185386,2026-10-04 20:05:14.346712
0000003841,-2949477054202146570,2026-10-04 20:05:14.347083
0000003842,-2683523806726309584,2026-10-04 20:05:14.347590
0000003843,-7670613951171552424,2026-10-04 20:05:14.347908
0000003844,6361353342169571645,2026-10-04 20:05:14.348205
0000003845,-146688072064233679,2026-10-04 20:05:14.348452
0000003846,442248522055321782,2026-10-04 20:05:14.348894
0000003847,-5128721263231994879,2026-10-04 20:05:14.349193
0000003848,-6698520103655521807,2026-10-04 20:05:14.349546
0000003849,4159481517639559344,2026-10-04 20:05:14.349807
0000003850,9136141381517609584,2026-10-04 20:05:14.350048
0000003851,-8576167394259577894,2026-10-04 20:05:14.350303
0000003852,-5016261136118192311,2026-10-04 20:05:14.350743
0000003853,6271508953429278547,2026-10-04 20:05:14.351044
0000003854,-1218811659827349058,2026-10-04 20:05:14.351300
0000003855,4656397309719324855,2026-10-04 20:05:14.351663
0000003856,-195702398719999620,2026-10-04 20:05:14.351961
0000003857,-2000714678304176785,2026-10-04 20:05:14.352324
0000003858,5130854911853262538,2026-10-04 20:05:14.352627
0000003859,-1459613440023560136,2026-10-04 20:05:14.352886
0000003860,-6169955374195201397,2026-10-04 20:05:14.353194
0000003861,7365156525334264233,2026-10-04 20:05:14.353531
0000003862,-8473511630430998132,2026-10-04 20:05:14.353843
0000003863,3266629964710199312,2026-10-04 20:05:14.354145
0000003864,-2604955414914347719,2026-10-04 20:05:14.354497
0000003865,2213017134407361025,2026-10-04 20:05:14.354730
0000003866,4181055113301451307,2026-10-04 20:05:14.354955
0000003867,7425904690138663836,2026-10-04 20:05:14.355246
0000003868,8818237855182275224,2026-10-04 20:05:14.355593
0000003869,2960739996372815949,2026-10-04 20:05:14.355865
0000003870,460262177411310980,2026-10-04 20:05:14.356157
0000003871,-7027324077175971788,2026-10-04 20:05:14.356522
0000003872,3261767860844071184,2026-10-04 20:05:14.356768
0000003873,-8720366523155009958,2026-10-04 20:05:14.357018
0000003874,-747299775103343140,2026-10-04 20:05:14.357263
0000003875,-7650913926059436757,2026-10-04 20:05:14.357640
0000003876,5113813260975757396,2026-10-04 20:05:14.357879
0000003877,-2493335662787802217,2026-10-04 20:05:14.358191
0000003878,-1224023481152680366,2026-10-04 20:05:14.358494
0000003879,-1928340284065978917,2026-10-04 20:05:14.358754
0000003880,1891662264760190123,2026-10-04 20:05:14.359103
0000003881,-7845303546098273069,2026-10-04 20:05:14.359414
0000003882,5704153860026407666,2026-10-04 20:05:14.359729
0000003883,-3461064135844346382,2026-10-04 20:05:14.359957
0000003884,4380451072656718968,2026-10-04 20:05:14.360191
0000003885,-1409590016811709725,2026-10-04 20:05:14.360527
0000003886,-8932903619328293117,2026-10-04 20:05:14.360838
0000003887,-7410116871726344954,2026-10-04 20:05:14.361064
0000003888,2407601447968578818,2026-10-04 20:05:14.361319
0000003889,5971942288192019054,2026-10-04 20:05:14.361692
0000003890,5032575775321314934,2026-10-04 20:05:14.362005
0000003891,-4368824960644192023,2026-10-04 20:05:14.362260
0000003892,2908282000231097571,2026-10-04 20:05:14.362594
0000003893,-6893141346563230371,2026-10-04 20:05:14.362856
0000003894,5706858158274529456,2026-10-04 20:05:14.363180
0000003895,-9029296767530611137,2026-10-04 20:05:14.363471
0000003896,-7552219970017916902,2026-10-04 20:05:14.363911
0000003897,-7677454041987325835,2026-10-04 20:05:14.364204
0000003898,-5297836433017654286,2026-10-04 20:05:14.364571
0000003899,3073789638922398590,2026-10-04 20:05:14.364888
0000003900,-8480503963427257443,2026-10-04 20:05:14.365147
0000003901,9195637708463336123,2026-10-04 20:05:14.365445
0000003902,4513160578435575476,2026-10-04 20:05:14.365904
0000003903,-1999701146061657542,2026-10-04 20:05:14.366169
0000003904,8503752033174667727,2026-10-04 20:05:14.366420
0000003905,-5630287963094010281,2026-10-04 20:05:14.366686
0000003906,-437923485006406449,2026-10-04 20:05:14.366998
0000003907,4542706387375737170,2026-10-04 20:05:14.367581
0000003908,480924114646336477,2026-10-04 20:05:14.368023
0000003909,-8130365975707886580,2026-10-04 20:05:14.368327
0000003910,-7270453703178207239,2026-10-04 20:05:14.368617
0000003911,7670940450610597373,2026-10-04 20:05:14.368865
0000003912,-3130951709972102431,2026-10-04 20:05:14.369105
0000003913,-1196625901533461154,2026-10-04 20:05:14.369426
0000003914,2039298958125935660,2026-10-04 20:05:14.369894
0000003915,5348933628211240698,2026-10-04 20:05:14.370195
0000003916,2815446679579296532,2026-10-04 20:05:14.370501
0000003917,2806415647975589492,2026-10-04 20:05:14.370847
0000003918,-6763416071951240464,2026-10-04 20:05:14.371123
0000003919,8050679771979308691,2026-10-04 20:05:14.371423
0000003920,-1613116811311762995,2026-10-04 20:05:14.371902
0000003921,6928209280959438176,2026-10-04 20:05:14.372156
0000003922,1627951324951204334,2026-10-04 20:05:14.372405
0000003923,8406072887665879569,2026-10-04 20:05:14.372708
0000003924,2914875416188432056,2026-10-04 20:05:14.373020
0000003925,-8484785819869760257,2026-10-04 20:05:14.373335
0000003926,1882062961926695624,2026-10-04 20:05:14.373648
0000003927,-3853944467112274049,2026-10-04 20:05:14.373908
0000003928,4452398538459852110,2026-10-04 20:05:14.374221
0000003929,-7533085352221829422,2026-10-04 20:05:14.374464
0000003930,4686925493884409083,2026-10-04 20:05:14.374827
0000003931,-8268937410914743981,2026-10-04 20:05:14.375136
0000003932,6528075131751644275,2026-10-04 20:05:14.375379
0000003933,8937867313763548915,2026-10-04 20:05:14.375615
0000003934,-6182140302960713389,2026-10-04 20:05:14.375865
0000003935,3841874586107087696,2026-10-04 20:05:14.376145
0000003936,-2597240307091754768,2026-10-04 20:05:14.376443
0000003937,544749952898486384,2026-10-04 20:05:14.376796
0000003938,-2459188537905765532,2026-10-04 20:05:14.377019
0000003939,2638044501050254089,2026-10-04 20:05:14.377268
0000003940,2911177572026580361,2026-10-04 20:05:14.377649
0000003941,7331289068426000290,2026-10-04 20:05:14.377953
0000003942,8602937131796749779,2026-10-04 20:05:14.378253
0000003943,-6817262357016197468,2026-10-04 20:05:14.378597
0000003944,1693047282646830255,2026-10-04 20:05:14.378979
0000003945,6440369766150218537,2026-10-04 20:05:14.379291
0000003946,1502195008305354037,2026-10-04 20:05:14.379665
0000003947,-2736261857228186029,2026-10-04 20:05:14.379894
0000003948,8168149005712602143,2026-10-04 20:05:14.380192
0000003949,-3905852617976847152,2026-10-04 20:05:14.380440
0000003950,9059333690104278617,2026-10-04 20:05:14.380849
0000003951,462200981355201073,2026-10-04 20:05:14.381097
0000003952,-826631431005793367,2026-10-04 20:05:14.381399
0000003953,-6724883318820557370,2026-10-04 20:05:14.381741
0000003954,8168811575972644792,2026-10-04 20:05:14.382035
0000003955,-8175520514174380210,2026-10-04 20:05:14.382333
0000003956,-4550524417440721371,2026-10-04 20:05:14.382703
0000003957,3024614880483628135,2026-10-04 20:05:14.383047
0000003958,4252609051709662012,2026-10-04 20:05:14.383343
0000003959,4757405571533531884,2026-10-04 20:05:14.383703
0000003960,-7205314021730709850,2026-10-04 20:05:14.383998
0000003961,3698746464871490811,2026-10-04 20:05:14.384253
0000003962,9103432601023541186,2026-10-04 20:05:14.384559
0000003963,493541078448732404,2026-10-04 20:05:14.384911
0000003964,-3266664632036094870,2026-10-04 20:05:14.385163
0000003965,2433509268540355228,2026-10-04 20:05:14.385567
0000003966,8084768821479913796,2026-10-04 20:05:14.385876
0000003967,-8450742228780080524,2026-10-04 20:05:14.386214
0000003968,-933009579586729280,2026-10-04 20:05:14.386459
0000003969,8249753293394567165,2026-10-04 20:05:14.386705
0000003970,-5769951786701606333,2026-10-04 20:05:14.387025
0000003971,914507001961394581,2026-10-04 20:05:14.387341
0000003972,-5785768855300081760,2026-10-04 20:05:14.387788
0000003973,9214881139528351180,2026-10-04 20:05:14.388100
0000003974,5970903626766368895,2026-10-04 20:05:14.388331
0000003975,848642249099742601,2026-10-04 20:05:14.388659
0000003976,-1278562668929114323,2026-10-04 20:05:14.389120
0000003977,3384842337858911361,2026-10-04 20:05:14.389360
0000003978,-8814094843683946171,2026-10-04 20:05:14.389688
0000003979,-7029835329797491326,2026-10-04 20:05:14.389992
0000003980,8722275615473496157,2026-10-04 20:05:14.390298
0000003981,-6004656656452919378,2026-10-04 20:05:14.390556
0000003982,-26355078448971948,2026-10-04 20:05:14.390812
0000003983,-1714094410678940709,2026-10-04 20:05:14.391112
0000003984,2616086206811146696,2026-10-04 20:05:14.391416
0000003985,-5605284971432024512,2026-10-04 20:05:14.391779
0000003986,8718826225615820023,2026-10-04 20:05:14.392045
0000003987,-3314867079736242397,2026-10-04 20:05:14.392293
0000003988,1886837408789062191,2026-10-04 20:05:14.392550
0000003989,810940771831154307,2026-10-04 20:05:14.392786
0000003990,-1320075090961751176,2026-10-04 20:05:14.393046
0000003991,-5489974250716069671,2026-10-04 20:05:14.393278
0000003992,-7753463815528433043,2026-10-04 20:05:14.393586
0000003993,9222433595998305937,2026-10-04 20:05:14.394078
0000003994,-5498964216393981092,2026-10-04 20:05:14.394330
0000003995,2598219320242294448,2026-10-04 20:05:14.394632
0000003996,-4337849843606787903,2026-10-04 20:05:14.394863
0000003997,7718241144764230439,2026-10-04 20:05:14.395194
0000003998,-2662666363883207585,2026-10-04 20:05:14.395448
0000003999,493835863813197432,2026-10-04 20:05:14.395697
0000004000,-4061898937862284806,2026-10-04 20:05:14.395946
0000004001,146921117179624060,2026-10-04 20:05:14.396334
0000004002,-8707843011342724137,2026-10-04 20:05:14.396748
0000004003,6297547478180522831,2026-10-04 20:05:14.397248
0000004004,-4502658429237925068,2026-10-04 20:05:14.397529
0000004005,-2942911928848570971,2026-10-04 20:05:14.397840
0000004006,-1372143982962339398,2026-10-04 20:05:14.398145
0000004007,-5886679648649979199,2026-10-04 20:05:14.398444
0000004008,-124138473908594025,2026-10-04 20:05:14.398763
0000004009,-5327265519851799783,2026-10-04 20:05:14.399078
0000004010,-6480227394759397011,2026-10-04 20:05:14.399335
0000004011,7185944633311868245,2026-10-04 20:05:14.399600
0000004012,2266402853902138515,2026-10-04 20:05:14.399907
0000004013,8579873507673613495,2026-10-04 20:05:14.400247
0000004014,-2763058555142981060,2026-10-04 20:05:14.400567
0000004015,-5212415011261674396,2026-10-04 20:05:14.400808
0000004016,3439029239660484238,2026-10-04 20:05:14.401106
0000004017,5834631172880498814,2026-10-04 20:05:14.401378
0000004018,-759450464088687107,2026-10-04 20:05:14.401691
0000004019,-2391914531515563142,2026-10-04 20:05:14.401988
0000004020,4940014405400314583,2026-10-04 20:05:14.402369
0000004021,-84202597569697267,2026-10-04 20:05:14.402767
0000004022,-5603522310261919700,2026-10-04 20:05:14.403083
0000004023,-6594988585680708138,2026-10-04 20:05:14.403369
0000004024,-2440280387867421272,2026-10-04 20:05:14.403686
0000004025,7651387474334645483,2026-10-04 20:05:14.403918
0000004026,5673070708608330138,2026-10-04 20:05:14.404163
0000004027,-7041982949589678956,2026-10-04 20:05:14.404402
0000004028,766764861786229564,2026-10-04 20:05:14.404772
0000004029,-6976426873333389887,2026-10-04 20:05:14.405074
0000004030,-4375755202551642049,2026-10-04 20:05:14.405357
0000004031,494469368866456595,2026-10-04 20:05:14.405712
0000004032,6980043174903945825,2026-10-04 20:05:14.406030
0000004033,-5037883003102078571,2026-10-04 20:05:14.406325
0000004034,7781972041204037869,2026-10-04 20:05:14.406662
0000004035,-7681582652353171317,2026-10-04 20:05:14.406967
0000004036,4991032682456699148,2026-10-04 20:05:14.407194
0000004037,-7601192443025134856,2026-10-04 20:05:14.407585
0000004038,946101080943390108,2026-10-04 20:05:14.407942
0000004039,2173631380510470551,2026-10-04 20:05:14.408248
0000004040,-3301810866615914888,2026-10-04 20:05:14.408569
0000004041,-963578567373310583,2026-10-04 20:05:14.409055
0000004042,-836004557483491459,2026-10-04 20:05:14.409730
0000004043,524163939082262017,2026-10-04 20:05:14.410127
0000004044,5771470075099247250,2026-10-04 20:05:14.410451
0000004045,-1957224766713491594,2026-10-04 20:05:14.410870
0000004046,5636335670143254982,2026-10-04 20:05:14.411179
0000004047,-5990943035622604227,2026-10-04 20:05:14.411506
0000004048,-4949464150567676641,2026-10-04 20:05:14.412185
0000004049,-3306039790434850307,2026-10-04 20:05:14.412738
0000004050,491174714757951350,2026-10-04 20:05:14.413025
0000004051,-5446414224566847291,2026-10-04 20:05:14.413380
0000004052,1775014220848386168,2026-10-04 20:05:14.413836
0000004053,389031882581664215,2026-10-04 20:05:14.414258
0000004054,3603550529092056970,2026-10-04 20:05:14.414643
0000004055,-5575455123101385925,2026-10-04 20:05:14.414948
0000004056,-8521441367252916785,2026-10-04 20:05:14.415178
0000004057,-7633287061030368298,2026-10-04 20:05:14.415424
0000004058,2140990716482495082,2026-10-04 20:05:14.415743
0000004059,4591222370094110173,2026-10-04 20:05:14.416071
0000004060,7798046756989026306,2026-10-04 20:05:14.416380
0000004061,5629989603577254308,2026-10-04 20:05:14.416748
0000004062,3659619586324780654,2026-10-04 20:05:14.417091
0000004063,6205275463408051912,2026-10-04 20:05:14.417382
0000004064,3590414293751846983,2026-10-04 20:05:14.417638
0000004065,1632426401216402447,2026-10-04 20:05:14.417938
0000004066,913310990302008213,2026-10-04 20:05:14.418218
0000004067,-3232491077139716134,2026-10-04 20:05:14.418472
0000004068,-7419124696403214420,2026-10-04 20:05:14.418974
0000004069,-377174685502475393,2026-10-04 20:05:14.419223
0000004070,-170760740383521161,2026-10-04 20:05:14.419545
0000004071,-7316932373400917792,2026-10-04 20:05:14.419872
0000004072,7307789589001641070,2026-10-04 20:05:14.420307
0000004073,8980554482477677231,2026-10-04 20:05:14.420800
0000004074,7716398615020956747,2026-10-04 20:05:14.421223
0000004075,228285889715461742,2026-10-04 20:05:14.421580
0000004076,-2213619544275937434,2026-10-04 20:05:14.421877
0000004077,-3950883312708675663,2026-10-04 20:05:14.422107
0000004078,-7490961760296287703,2026-10-04 20:05:14.422443
0000004079,5274351841574419236,2026-10-04 20:05:14.422751
0000004080,2450461606510338350,2026-10-04 20:05:14.423082
0000004081,4289894541392554420,2026-10-04 20:05:14.423342
0000004082,8551849520442677851,2026-10-04 20:05:14.423656
0000004083,-4027915058863108525,2026-10-04 20:05:14.423916
0000004084,-9095083567822334765,2026-10-04 20:05:14.424142
0000004085,-7212703097605464670,2026-10-04 20:05:14.424553
0000004086,-2865127476343748546,2026-10-04 20:05:14.424814
0000004087,1253451627527811900,2026-10-04 20:05:14.425153
0000004088,-7127048326787359569,2026-10-04 20:05:14.425452
0000004089,-2697230610969946992,2026-10-04 20:05:14.425715
0000004090,-1722732659974118868,2026-10-04 20:05:14.426027
0000004091,-6320569516810550154,2026-10-04 20:05:14.426292
0000004092,2832008569277261186,2026-10-04 20:05:14.426647
0000004093,6392040718932220821,2026-10-04 20:05:14.426892
0000004094,8537639324437026137,2026-10-04 20:05:14.427155
0000004095,-2665978614602377406,2026-10-04 20:05:14.427454
0000004096,6577591034660742374,2026-10-04 20:05:14.427690
0000004097,6825057655443234675,2026-10-04 20:05:14.428057
0000004098,6272904893441611470,2026-10-04 20:05:14.428642
0000004099,-5524127424679028885,2026-10-04 20:05:14.429186
0000004100,6075202213698307839,2026-10-04 20:05:14.429689
0000004101,-7743944468214947944,2026-10-04 20:05:14.430091
0000004102,9111893790055995821,2026-10-04 20:05:14.430326
0000004103,5476428350194713661,2026-10-04 20:05:14.430561
0000004104,7041682780280860330,2026-10-04 20:05:14.430828
0000004105,7069401401016586736,2026-10-04 20:05:14.431158
0000004106,-1036380946681488016,2026-10-04 20:05:14.431447
0000004107,6211955571512790246,2026-10-04 20:05:14.431911
0000004108,2390204762764203115,2026-10-04 20:05:14.432217
0000004109,-7069849763349116573,2026-10-04 20:05:14.432534
0000004110,-4660185757519612424,2026-10-04 20:05:14.432863
0000004111,-6804554929703030856,2026-10-04 20:05:14.433203
0000004112,7800348882820082421,2026-10-04 20:05:14.433511
0000004113,5024796041159671617,2026-10-04 20:05:14.433993
0000004114,1686436828296586982,2026-10-04 20:05:14.434312
0000004115,-1035955640500437653,2026-10-04 20:05:14.434782
0000004116,5632518702016740269,2026-10-04 20:05:14.435026
0000004117,-4686478609691662297,2026-10-04 20:05:14.435388
0000004118,-4633273430275310482,2026-10-04 20:05:14.435800
0000004119,4593420304025360145,2026-10-04 20:05:14.436156
0000004120,-7842571053339158202,2026-10-04 20:05:14.436492
0000004121,-4908691809841373469,2026-10-04 20:05:14.436976
0000004122,1838771579220409433,2026-10-04 20:05:14.437700
0000004123,3707985582276379541,2026-10-04 20:05:14.438211
0000004124,-9085479865647121183,2026-10-04 20:05:14.438470
0000004125,2336379437511640474,2026-10-04 20:05:14.438732
0000004126,6592883372355161212,2026-10-04 20:05:14.439006
0000004127,-4256721565244335333,2026-10-04 20:05:14.439340
0000004128,-2276987733110858628,2026-10-04 20:05:14.439677
0000004129,-7849627030563994126,2026-10-04 20:05:14.439932
0000004130,-1553657406207649197,2026-10-04 20:05:14.440264
0000004131,-4239166953511218054,2026-10-04 20:05:14.440499
0000004132,-9112532387844203514,2026-10-04 20:05:14.440803
0000004133,6229869975481184158,2026-10-04 20:05:14.441033
0000004134,-3138235235720799253,2026-10-04 20:05:14.441275
0000004135,8752339733396831455,2026-10-04 20:05:14.441649
0000004136,7993906355120986860,2026-10-04 20:05:14.441945
0000004137,2288178873801008322,2026-10-04 20:05:14.442232
0000004138,-411218100554485728,2026-10-04 20:05:14.442462
0000004139,-9059086797059174736,2026-10-04 20:05:14.442717
0000004140,5810519928365775488,2026-10-04 20:05:14.443383
0000004141,-1730297909001007654,2026-10-04 20:05:14.443724
0000004142,7215541788847054862,2026-10-04 20:05:14.443951
0000004143,3519922913175382974,2026-10-04 20:05:14.444204
0000004144,-8226147579597317206,2026-10-04 20:05:14.444524
0000004145,-7164778058449823617,2026-10-04 20:05:14.444844
0000004146,-217604628652214462,2026-10-04 20:05:14.445147
0000004147,-341914524414255310,2026-10-04 20:05:14.445472
0000004148,4042721137488632704,2026-10-04 20:05:14.445726
0000004149,4377015783018565802,2026-10-04 20:05:14.446236
0000004150,8739591111705950309,2026-10-04 20:05:14.446476
0000004151,5760290523200375771,2026-10-04 20:05:14.446724
0000004152,8263647113020679790,2026-10-04 20:05:14.446993
0000004153,-2865859269553405933,2026-10-04 20:05:14.447239
0000004154,2718927910857248819,2026-10-04 20:05:14.447612
0000004155,-7216962198724252310,2026-10-04 20:05:14.447843
0000004156,-9047726561747453042,2026-10-04 20:05:14.448166
0000004157,4079147254292084908,2026-10-04 20:05:14.448767
0000004158,-2762933400060508954,2026-10-04 20:05:14.449324
0000004159,5554610852735304939,2026-10-04 20:05:14.449792
0000004160,-5971034637680757318,2026-10-04 20:05:14.450094
0000004161,5440562022590748795,2026-10-04 20:05:14.450346
0000004162,-4924649825618644846,2026-10-04 20:05:14.450666
0000004163,3057107788884791602,2026-10-04 20:05:14.451117
0000004164,-8300262505993991296,2026-10-04 20:05:14.451480
0000004165,4267334691336885836,2026-10-04 20:05:14.451869
0000004166,7143947479299323207,2026-10-04 20:05:14.452110
0000004167,8340339344491835774,2026-10-04 20:05:14.452419
0000004168,-1118338643476998691,2026-10-04 20:05:14.452798
0000004169,-3577189119222980864,2026-10-04 20:05:14.453094
0000004170,-7758889095683753542,2026-10-04 20:05:14.453391
0000004171,3412216057858401243,2026-10-04 20:05:14.453826
0000004172,4108522619304163224,2026-10-04 20:05:14.454077
0000004173,-2751928462765924245,2026-10-04 20:05:14.454320
0000004174,-4378551030834238972,2026-10-04 20:05:14.454724
0000004175,-7427252640652396471,2026-10-04 20:05:14.455020
0000004176,-3515731822489415630,2026-10-04 20:05:14.455342
0000004177,-5681519022488692707,2026-10-04 20:05:14.455796
0000004178,9124372074459821332,2026-10-04 20:05:14.456037
0000004179,771323990890819263,2026-10-04 20:05:14.456287
0000004180,4005175061061383927,2026-10-04 20:05:14.456606
0000004181,-277338894779410222,2026-10-04 20:05:14.456884
0000004182,513940981268778427,2026-10-04 20:05:14.457189
0000004183,1441098723321068991,2026-10-04 20:05:14.457411
0000004184,8643680720564843691,2026-10-04 20:05:14.457845
0000004185,-5333241991653349074,2026-10-04 20:05:14.458091
0000004186,7793329554211678104,2026-10-04 20:05:14.458364
0000004187,4801151922149411312,2026-10-04 20:05:14.458719
0000004188,-9049388837505470167,2026-10-04 20:05:14.459023
0000004189,-3619227374195751554,2026-10-04 20:05:14.459313
0000004190,5969204911177695304,2026-10-04 20:05:14.459646
0000004191,6482030897081582331,2026-10-04 20:05:14.460007
0000004192,7343118961803375738,2026-10-04 20:05:14.460256
0000004193,-1459091164715544932,2026-10-04 20:05:14.460622
0000004194,2036059146972296837,2026-10-04 20:05:14.461007
0000004195,178849712212146875,2026-10-04 20:05:14.461253
0000004196,8567009458812110239,2026-10-04 20:05:14.461557
0000004197,7076361596955118335,2026-10-04 20:05:14.461883
0000004198,-1499725839593069420,2026-10-04 20:05:14.462180
0000004199,5175559338214543092,2026-10-04 20:05:14.462471
0000004200,1267704899988644692,2026-10-04 20:05:14.462898
0000004201,-4944999557882446892,2026-10-04 20:05:14.463202
0000004202,-873035930568020524,2026-10-04 20:05:14.463434
0000004203,1780225827518340223,2026-10-04 20:05:14.463738
0000004204,4334276821387805992,2026-10-04 20:05:14.464066
0000004205,-607105505416828778,2026-10-04 20:05:14.464317
0000004206,4582375536201098906,2026-10-04 20:05:14.464644
0000004207,4008499841464452393,2026-10-04 20:05:14.464911
0000004208,-1268636437004891494,2026-10-04 20:05:14.465212
0000004209,-3669441228180960442,2026-10-04 20:05:14.465457
0000004210,9018823427125099692,2026-10-04 20:05:14.465773
0000004211,-2828804199749892198,2026-10-04 20:05:14.466143
0000004212,7076918578164287473,2026-10-04 20:05:14.466382
0000004213,-1338116989333150188,2026-10-04 20:05:14.466689
0000004214,-7397421932609296589,2026-10-04 20:05:14.466923
0000004215,-146880225638187356,2026-10-04 20:05:14.467427
0000004216,-5835310719629628189,2026-10-04 20:05:14.468122
0000004217,8180234923044746564,2026-10-04 20:05:14.468650
0000004218,2085721284857563556,2026-10-04 20:05:14.468997
0000004219,4495957667617073404,2026-10-04 20:05:14.469328
0000004220,8497842241988868766,2026-10-04 20:05:14.469765
0000004221,-7684515337561005890,2026-10-04 20:05:14.470159
0000004222,238283490680374256,2026-10-04 20:05:14.470835
0000004223,-3759017555199488336,2026-10-04 20:05:14.471650
0000004224,156643761567264308,2026-10-04 20:05:14.472158
0000004225,1163856916229714202,2026-10-04 20:05:14.472650
0000004226,7764016115485816534,2026-10-04 20:05:14.472993
0000004227,-2033530541327691949,2026-10-04 20:05:14.473446
0000004228,-7163336966515740389,2026-10-04 20:05:14.474153
0000004229,2891604873775709852,2026-10-04 20:05:14.474680
0000004230,5242979082438610643,2026-10-04 20:05:14.474986
0000004231,4182491536261243407,2026-10-04 20:05:14.475210
0000004232,1482028012619554415,2026-10-04 20:05:14.475447
0000004233,-2015233391112025071,2026-10-04 20:05:14.475866
0000004234,-3695552318460925929,2026-10-04 20:05:14.476111
0000004235,225511206417205778,2026-10-04 20:05:14.476330
0000004236,1394060298475514742,2026-10-04 20:05:14.476680
0000004237,3856733427807546330,2026-10-04 20:05:14.476905
0000004238,-5615621003687184120,2026-10-04 20:05:14.477166
0000004239,-3782063142452524075,2026-10-04 20:05:14.477390
0000004240,-8945317640440634502,2026-10-04 20:05:14.477803
0000004241,8557122654343842136,2026-10-04 20:05:14.478058
0000004242,9004609561782148945,2026-10-04 20:05:14.478352
0000004243,8771932977719503288,2026-10-04 20:05:14.478613
0000004244,-5674737926495904130,2026-10-04 20:05:14.478853
0000004245,2720403460033153448,2026-10-04 20:05:14.479184
0000004246,-5150060199066163844,2026-10-04 20:05:14.479409
0000004247,-8548219277426182812,2026-10-04 20:05:14.479848
0000004248,2689443168606485860,2026-10-04 20:05:14.480160
0000004249,-7403562784641302066,2026-10-04 20:05:14.480389
0000004250,2163685042935566313,2026-10-04 20:05:14.480708
0000004251,-5503691854659172240,2026-10-04 20:05:14.481014
0000004252,980886361608905855,2026-10-04 20:05:14.481260
0000004253,973928068661720855,2026-10-04 20:05:14.481618
0000004254,2871761539850473337,2026-10-04 20:05:14.481967
0000004255,3646483379652067046,2026-10-04 20:05:14.482265
0000004256,-5101809838793249465,2026-10-04 20:05:14.482600
0000004257,7037284748770599739,2026-10-04 20:05:14.482860
0000004258,8915313323834636064,2026-10-04 20:05:14.483101
0000004259,5910374767516225271,2026-10-04 20:05:14.483346
0000004260,2916939598718649576,2026-10-04 20:05:14.483833
0000004261,-4802388861419701955,2026-10-04 20:05:14.484147
0000004262,-4081897325870119577,2026-10-04 20:05:14.484476
0000004263,-3380760827206765784,2026-10-04 20:05:14.484813
0000004264,-6312807162676565820,2026-10-04 20:05:14.485074
0000004265,-2319280120901837299,2026-10-04 20:05:14.485321
0000004266,-4769649425638347161,2026-10-04 20:05:14.485586
0000004267,6041614327213475963,2026-10-04 20:05:14.485937
0000004268,6040126297951930278,2026-10-04 20:05:14.486275
0000004269,-2147140906336700816,2026-10-04 20:05:14.486519
0000004270,-6886030984485072275,2026-10-04 20:05:14.486872
0000004271,-2134103330720652370,2026-10-04 20:05:14.487189
0000004272,-8818208361610224895,2026-10-04 20:05:14.487547
0000004273,837445781872440522,2026-10-04 20:05:14.487803
0000004274,8377031403875491010,2026-10-04 20:05:14.488099
0000004275,413937008107530060,2026-10-04 20:05:14.488398
0000004276,-2484454990296542684,2026-10-04 20:05:14.488860
0000004277,6843806493364415495,2026-10-04 20:05:14.489184
0000004278,2194762093097359505,2026-10-04 20:05:14.489646
0000004279,-8592285114061950874,2026-10-04 20:05:14.490190
0000004280,1757845966161498665,2026-10-04 20:05:14.490759
0000004281,7903045788683610531,2026-10-04 20:05:14.491075
0000004282,5067725146634021391,2026-10-04 20:05:14.491381
0000004283,5482447115811969965,2026-10-04 20:05:14.491682
0000004284,3968927510283095103,2026-10-04 20:05:14.491989
0000004285,273727550480041764,2026-10-04 20:05:14.492285
0000004286,-4557465682060217612,2026-10-04 20:05:14.492703
0000004287,-2864512469710687411,2026-10-04 20:05:14.493037
0000004288,228856297556505190,2026-10-04 20:05:14.493347
0000004289,-184045128522426574,2026-10-04 20:05:14.493649
0000004290,4396190225972954378,2026-10-04 20:05:14.493975
0000004291,-4983360098983457623,2026-10-04 20:05:14.494269
0000004292,7147834277360585017,2026-10-04 20:05:14.494548
0000004293,2205243662809798678,2026-10-04 20:05:14.494948
0000004294,5459687168891843137,2026-10-04 20:05:14.495175
0000004295,-7146464611835255066,2026-10-04 20:05:14.495400
0000004296,-3086048678299366160,2026-10-04 20:05:14.495721
0000004297,-5637736061787724901,2026-10-04 20:05:14.495981
0000004298,585248661105137920,2026-10-04 20:05:14.496327
0000004299,5722974898589988218,2026-10-04 20:05:14.496592
0000004300,6003633374973875590,2026-10-04 20:05:14.496892
0000004301,-79856820879839283,2026-10-04 20:05:14.497192
0000004302,-2088035342221898061,2026-10-04 20:05:14.497437
0000004303,-7341274996356082594,2026-10-04 20:05:14.497780
0000004304,-1230491899845637695,2026-10-04 20:05:14.498078
0000004305,7223844693030701788,2026-10-04 20:05:14.498382
0000004306,-8911587254562729908,2026-10-04 20:05:14.498707
0000004307,-2346217386504593433,2026-10-04 20:05:14.499003
0000004308,-5013465163735957896,2026-10-04 20:05:14.499306
0000004309,-2058639456135716366,2026-10-04 20:05:14.499611
0000004310,8729549250294401909,2026-10-04 20:05:14.499843
0000004311,-7666485525224949681,2026-10-04 20:05:14.500089
0000004312,6157871979635513708,2026-10-04 20:05:14.500421
0000004313,-7755645322600369037,2026-10-04 20:05:14.500778
0000004314,-1435143713563745657,2026-10-04 20:05:14.501073
0000004315,-3748822473703007011,2026-10-04 20:05:14.501299
0000004316,9214168705945548629,2026-10-04 20:05:14.501610
0000004317,-264993635380677452,2026-10-04 20:05:14.501850
0000004318,1849184738196543088,2026-10-04 20:05:14.502152
0000004319,-7166250646083873123,2026-10-04 20:05:14.502509
0000004320,1440439169070815490,2026-10-04 20:05:14.502818
0000004321,8392119247149197438,2026-10-04 20:05:14.503044
0000004322,-343174522573547693,2026-10-04 20:05:14.503275
0000004323,298338994648709879,2026-10-04 20:05:14.503565
0000004324,-2357067465727069398,2026-10-04 20:05:14.503917
0000004325,8525317633850110371,2026-10-04 20:05:14.504161
0000004326,-7077414765764960537,2026-10-04 20:05:14.504455
0000004327,-3587025075966120510,2026-10-04 20:05:14.504793
0000004328,5595220474602153098,2026-10-04 20:05:14.505117
0000004329,7931233950006424013,2026-10-04 20:05:14.505369
0000004330,3931225720991590414,2026-10-04 20:05:14.505699
0000004331,5557357243046895010,2026-10-04 20:05:14.506011
0000004332,-738506020192275249,2026-10-04 20:05:14.506534
0000004333,4775898620183055779,2026-10-04 20:05:14.506817
0000004334,7893805626916383424,2026-10-04 20:05:14.507132
0000004335,-7938674480865531982,2026-10-04 20:05:14.507420
0000004336,-4625478389528720420,2026-10-04 20:05:14.507727
0000004337,-7958430787415249670,2026-10-04 20:05:14.508028
0000004338,-7698587063531428282,2026-10-04 20:05:14.508282
0000004339,5165553221928970600,2026-10-04 20:05:14.508634
0000004340,-8819344928617083616,2026-10-04 20:05:14.508882
0000004341,-6277423663405192938,2026-10-04 20:05:14.509352
0000004342,5286353590062893448,2026-10-04 20:05:14.509607
0000004343,2600436030568027170,2026-10-04 20:05:14.509919
0000004344,-1401501769628470397,2026-10-04 20:05:14.510215
0000004345,4779882451934698969,2026-10-04 20:05:14.510529
0000004346,7150231331503396011,2026-10-04 20:05:14.510842
0000004347,-2069066137717741463,2026-10-04 20:05:14.511140
0000004348,-5391309864504063919,2026-10-04 20:05:14.511417
0000004349,-8264456340869377066,2026-10-04 20:05:14.511649
0000004350,2167988848114790369,2026-10-04 20:05:14.511946
0000004351,-7510136306283738442,2026-10-04 20:05:14.512229
0000004352,-5549853416108079716,2026-10-04 20:05:14.512553
0000004353,3146679371621367432,2026-10-04 20:05:14.512845
0000004354,-7376817787705311303,2026-10-04 20:05:14.513139
0000004355,7758084600620433378,2026-10-04 20:05:14.513532
0000004356,6393930644889967766,2026-10-04 20:05:14.513790
0000004357,-720101380737658915,2026-10-04 20:05:14.514069
0000004358,2324319263563241083,2026-10-04 20:05:14.514298
0000004359,15954549813513529,2026-10-04 20:05:14.514530
0000004360,-8480919554921954225,2026-10-04 20:05:14.514803
0000004361,-4615358359864158241,2026-10-04 20:05:14.515054
0000004362,-6999924308382808156,2026-10-04 20:05:14.515287
0000004363,6368306537119373997,2026-10-04 20:05:14.515711
0000004364,-2282521391323033367,2026-10-04 20:05:14.515937
0000004365,7572020935077989815,2026-10-04 20:05:14.516204
0000004366,-4713600944941810065,2026-10-04 20:05:14.516486
0000004367,628932300380725210,2026-10-04 20:05:14.516736
0000004368,-6278668826919075817,2026-10-04 20:05:14.517030
0000004369,-7398929316294281664,2026-10-04 20:05:14.517260
0000004370,-1648800201851039696,2026-10-04 20:05:14.517598
0000004371,-6614621499504711835,2026-10-04 20:05:14.517897
0000004372,-6032110269415158464,2026-10-04 20:05:14.518165
0000004373,-9007823871187866118,2026-10-04 20:05:14.518394
0000004374,3945927585731602998,2026-10-04 20:05:14.518646
0000004375,-3435129183786208273,2026-10-04 20:05:14.518945
0000004376,-5801121236582609246,2026-10-04 20:05:14.519242
0000004377,-3083874611755342385,2026-10-04 20:05:14.519614
0000004378,6200964822835359565,2026-10-04 20:05:14.519917
0000004379,-4662157351383467053,2026-10-04 20:05:14.520213
0000004380,5468953697026647445,2026-10-04 20:05:14.520539
0000004381,-6159972358361922330,2026-10-04 20:05:14.520893
0000004382,-9041648119404811016,2026-10-04 20:05:14.521142
0000004383,6013993064435504543,2026-10-04 20:05:14.521465
0000004384,-7739241307652690196,2026-10-04 20:05:14.521787
0000004385,-7662891752455113230,2026-10-04 20:05:14.522027
0000004386,-3816221674120746978,2026-10-04 20:05:14.522536
0000004387,7133869775775867735,2026-10-04 20:05:14.522850
0000004388,-1458692202756869340,2026-10-04 20:05:14.523117
0000004389,4732913545593713618,2026-10-04 20:05:14.523500
0000004390,7844886569473463438,2026-10-04 20:05:14.523916
0000004391,-4548776438163839693,2026-10-04 20:05:14.524218
0000004392,-6738278090183335786,2026-10-04 20:05:14.524609
0000004393,-4258827721789983304,2026-10-04 20:05:14.524873
0000004394,-2055027470961872828,2026-10-04 20:05:14.525125
0000004395,4954558971623440652,2026-10-04 20:05:14.525436
0000004396,-4327991435144923454,2026-10-04 20:05:14.525807
0000004397,-2563654143068482675,2026-10-04 20:05:14.526121
0000004398,-5125612285599458278,2026-10-04 20:05:14.526446
0000004399,-7241206325179288153,2026-10-04 20:05:14.526806
0000004400,-6667609246963810379,2026-10-04 20:05:14.527122
0000004401,-472890264180916854,2026-10-04 20:05:14.527429
0000004402,4265090531464590099,2026-10-04 20:05:14.527922
0000004403,-407351411309771876,2026-10-04 20:05:14.528175
0000004404,-8869991746839204022,2026-10-04 20:05:14.528436
0000004405,-7403282578561725962,2026-10-04 20:05:14.528685
0000004406,-8451400417644707038,2026-10-04 20:05:14.528920
0000004407,768887523848932980,2026-10-04 20:05:14.529411
0000004408,-5722453323279335065,2026-10-04 20:05:14.529940
0000004409,-6578002250589514084,2026-10-04 20:05:14.530260
0000004410,-8193550551046276357,2026-10-04 20:05:14.530539
0000004411,-1605169626461080698,2026-10-04 20:05:14.530802
0000004412,2069891726115544645,2026-10-04 20:05:14.531129
0000004413,5018976005985935358,2026-10-04 20:05:14.531439
0000004414,8621013165240423134,2026-10-04 20:05:14.531689
0000004415,3089644476543115823,2026-10-04 20:05:14.532045
0000004416,-8921059303830724497,2026-10-04 20:05:14.532451
0000004417,7784838797192233980,2026-10-04 20:05:14.532764
0000004418,7529338386234004316,2026-10-04 20:05:14.533108
0000004419,-5463876418227227684,2026-10-04 20:05:14.533610
0000004420,7298139769117982245,2026-10-04 20:05:14.533928
0000004421,-3393494535242943083,2026-10-04 20:05:14.534311
0000004422,-3200387144352693880,2026-10-04 20:05:14.534585
0000004423,-4295302058250426041,2026-10-04 20:05:14.534856
0000004424,5541455398553055126,2026-10-04 20:05:14.535161
0000004425,1886003422365196581,2026-10-04 20:05:14.535575
0000004426,2921721405590366572,2026-10-04 20:05:14.535884
0000004427,4804702705490804782,2026-10-04 20:05:14.536162
0000004428,7893006914579670087,2026-10-04 20:05:14.536466
0000004429,-2655149754672505251,2026-10-04 20:05:14.536697
0000004430,4422322765129737322,2026-10-04 20:05:14.536927
0000004431,4255731810973357330,2026-10-04 20:05:14.537226
0000004432,-6744359507104561360,2026-10-04 20:05:14.537551
0000004433,3511616218193447591,2026-10-04 20:05:14.537791
0000004434,-8667372007439333172,2026-10-04 20:05:14.538092
0000004435,-2912787937202460478,2026-10-04 20:05:14.538367
0000004436,-7309538515542354172,2026-10-04 20:05:14.538631
0000004437,2186957567747038697,2026-10-04 20:05:14.538878
0000004438,5277655183323915719,2026-10-04 20:05:14.539176
0000004439,-6403166206474839901,2026-10-04 20:05:14.539401
0000004440,127268911528924803,2026-10-04 20:05:14.539760
0000004441,1961160316156178114,2026-10-04 20:05:14.540054
0000004442,9040036458517766741,2026-10-04 20:05:14.540307
0000004443,-7566208207472230728,2026-10-04 20:05:14.540582
0000004444,5139420417872821840,2026-10-04 20:05:14.540836
0000004445,-6294113770139512057,2026-10-04 20:05:14.541128
0000004446,1436634034802696274,2026-10-04 20:05:14.541432
0000004447,6139564752850485847,2026-10-04 20:05:14.541790
0000004448,8459752129166545415,2026-10-04 20:05:14.542033
0000004449,-3938281173221155078,2026-10-04 20:05:14.542298
0000004450,8004649187241875066,2026-10-04 20:05:14.542556
0000004451,-4883760886728622099,2026-10-04 20:05:14.542895
0000004452,-7939703919316443908,2026-10-04 20:05:14.543330
0000004453,-2054926463759915599,2026-10-04 20:05:14.543687
0000004454,-577946735802250137,2026-10-04 20:05:14.543930
0000004455,-2616079414596285966,2026-10-04 20:05:14.544163
0000004456,-5440418024042192071,2026-10-04 20:05:14.544398
0000004457,1729461080186777289,2026-10-04 20:05:14.544627
0000004458,68510798310123508,2026-10-04 20:05:14.544958
0000004459,-4931099340534665554,2026-10-04 20:05:14.545219
0000004460,-6000320274556269922,2026-10-04 20:05:14.545615
0000004461,-3853491639584467580,2026-10-04 20:05:14.545867
0000004462,7893349956831301621,2026-10-04 20:05:14.546099
0000004463,7966475385599242833,2026-10-04 20:05:14.546548
0000004464,-6914046978886330622,2026-10-04 20:05:14.546853
0000004465,6809151704881814539,2026-10-04 20:05:14.547155
0000004466,1928068313863435962,2026-10-04 20:05:14.547411
0000004467,-5251327982043326605,2026-10-04 20:05:14.547776
0000004468,-4869021524020147528,2026-10-04 20:05:14.548079
0000004469,8369523442693676055,2026-10-04 20:05:14.548304
0000004470,6521805724229660388,2026-10-04 20:05:14.548649
0000004471,-3472067317643836448,2026-10-04 20:05:14.548886
0000004472,-3318121221173983100,2026-10-04 20:05:14.549131
0000004473,-796179335578580315,2026-10-04 20:05:14.549472
0000004474,6481722281167165433,2026-10-04 20:05:14.549945
0000004475,8867506318200538357,2026-10-04 20:05:14.550213
0000004476,-1727305519228411751,2026-10-04 20:05:14.550530
0000004477,-7646895173885223178,2026-10-04 20:05:14.550836
0000004478,4442928131489087162,2026-10-04 20:05:14.551136
0000004479,186945213962472954,2026-10-04 20:05:14.551429
0000004480,1693163640410443501,2026-10-04 20:05:14.551872
0000004481,-4197970888283131796,2026-10-04 20:05:14.552176
0000004482,2530918427278753056,2026-10-04 20:05:14.552404
0000004483,-519494616098840314,2026-10-04 20:05:14.552732
0000004484,-5243015400844079544,2026-10-04 20:05:14.553039
0000004485,-8950060285201119280,2026-10-04 20:05:14.553382
0000004486,-4175562309360624850,2026-10-04 20:05:14.553693
0000004487,2746030212966152301,2026-10-04 20:05:14.553924
0000004488,8968422610953086406,2026-10-04 20:05:14.554233
0000004489,-3913476352935069595,2026-10-04 20:05:14.554539
0000004490,-3713073502368264478,2026-10-04 20:05:14.554779
0000004491,-3500548037025709639,2026-10-04 20:05:14.555081
0000004492,2250553263966429400,2026-10-04 20:05:14.555430
0000004493,-7780441923915861131,2026-10-04 20:05:14.555757
0000004494,3414691053964770313,2026-10-04 20:05:14.556007
0000004495,-717008961241894028,2026-10-04 20:05:14.556241
0000004496,-8301830718658023551,2026-10-04 20:05:14.556575
0000004497,4870892172192474868,2026-10-04 20:05:14.556874
0000004498,8838820144725077543,2026-10-04 20:05:14.557169
0000004499,7376470936179587051,2026-10-04 20:05:14.557584
0000004500,-8072427325305514836,2026-10-04 20:05:14.557877
0000004501,3005645244709315863,2026-10-04 20:05:14.558125
0000004502,-2789386667657964516,2026-10-04 20:05:14.558428
0000004503,-2218087788481487789,2026-10-04 20:05:14.558753
0000004504,4754192448235091887,2026-10-04 20:05:14.559051
0000004505,6807159827642912611,2026-10-04 20:05:14.559409
0000004506,-4104486171513693259,2026-10-04 20:05:14.559758
0000004507,297833446884165379,2026-10-04 20:05:14.560049
0000004508,7750130697173766105,2026-10-04 20:05:14.560339
0000004509,5390906112995108180,2026-10-04 20:05:14.560710
0000004510,-7556446650294705950,2026-10-04 20:05:14.560961
0000004511,4346053488189879496,2026-10-04 20:05:14.561528
0000004512,631214856587347055,2026-10-04 20:05:14.561837
0000004513,-1495002093740752786,2026-10-04 20:05:14.562194
0000004514,-1417371060781129399,2026-10-04 20:05:14.562427
0000004515,420994849020625050,2026-10-04 20:05:14.562691
0000004516,323948242933128162,2026-10-04 20:05:14.562990
0000004517,-2547257597453215082,2026-10-04 20:05:14.563285
0000004518,-5967120727357557935,2026-10-04 20:05:14.563650
0000004519,-3367927882334193799,2026-10-04 20:05:14.563919
0000004520,6479449263859892889,2026-10-04 20:05:14.564201
0000004521,-9173765632353586782,2026-10-04 20:05:14.564503
0000004522,7432018154403307290,2026-10-04 20:05:14.564801
0000004523,6948197315909396364,2026-10-04 20:05:14.565050
0000004524,-5667244848681947025,2026-10-04 20:05:14.565351
0000004525,3612908160692786902,2026-10-04 20:05:14.565655
0000004526,-1438266825068885059,2026-10-04 20:05:14.565883
0000004527,-8293407126833782712,2026-10-04 20:05:14.566137
0000004528,-6067914651492080234,2026-10-04 20:05:14.566393
0000004529,-9109604755160512861,2026-10-04 20:05:14.566673
0000004530,7684393677787290040,2026-10-04 20:05:14.566997
0000004531,-3651780767614202561,2026-10-04 20:05:14.567249
0000004532,-1571737833336687775,2026-10-04 20:05:14.567548
0000004533,5944077512732635442,2026-10-04 20:05:14.567870
0000004534,-1910507317560019682,2026-10-04 20:05:14.568164
0000004535,6477359569043050612,2026-10-04 20:05:14.568453
0000004536,4246189125269426335,2026-10-04 20:05:14.568775
0000004537,6239442120920866601,2026-10-04 20:05:14.569080
0000004538,3043124985808096453,2026-10-04 20:05:14.569307
0000004539,-8124082926945863553,2026-10-04 20:05:14.569626
0000004540,7100253013521545481,2026-10-04 20:05:14.570303
0000004541,-9034750843914927426,2026-10-04 20:05:14.570666
0000004542,3247618648064517690,2026-10-04 20:05:14.570902
0000004543,-1042662192684735684,2026-10-04 20:05:14.571168
0000004544,2677644171032030369,2026-10-04 20:05:14.571467
0000004545,5788744896172608791,2026-10-04 20:05:14.572144
0000004546,2485618631954574086,2026-10-04 20:05:14.572599
0000004547,8449291835540264945,2026-10-04 20:05:14.572895
0000004548,-7030868269428385697,2026-10-04 20:05:14.573197
0000004549,1564153297452363391,2026-10-04 20:05:14.573512
0000004550,-7744494046044882598,2026-10-04 20:05:14.573841
0000004551,3818806840312153859,2026-10-04 20:05:14.574139
0000004552,-135954072444977533,2026-10-04 20:05:14.574474
0000004553,-7794124743682455154,2026-10-04 20:05:14.574735
0000004554,-8818652670178105071,2026-10-04 20:05:14.574984
0000004555,-4481297248036342758,2026-10-04 20:05:14.575279
0000004556,-4174428258812021336,2026-10-04 20:05:14.575608
0000004557,-7131872616957784044,2026-10-04 20:05:14.575885
0000004558,8930116752649030338,2026-10-04 20:05:14.576183
0000004559,3005900360424746985,2026-10-04 20:05:14.576416
0000004560,-3531435429444226598,2026-10-04 20:05:14.576979
0000004561,7625722199760777504,2026-10-04 20:05:14.577220
0000004562,-1036997077005781567,2026-10-04 20:05:14.577482
0000004563,-8136827565513029594,2026-10-04 20:05:14.577842
0000004564,1241818868589772400,2026-10-04 20:05:14.578084
0000004565,4996930927352825848,2026-10-04 20:05:14.578396
0000004566,-692147679631651523,2026-10-04 20:05:14.578760
0000004567,7572734272120302950,2026-10-04 20:05:14.578991
0000004568,7994010590661992587,2026-10-04 20:05:14.579314
0000004569,3148337664442811471,2026-10-04 20:05:14.579776
0000004570,-6205556207149121678,2026-10-04 20:05:14.580016
0000004571,-377653863027648145,2026-10-04 20:05:14.580321
0000004572,-7857878490215501576,2026-10-04 20:05:14.580596
0000004573,8545362038099868185,2026-10-04 20:05:14.580895
0000004574,2594762462693155791,2026-10-04 20:05:14.581136
0000004575,-2175685298754063241,2026-10-04 20:05:14.581397
0000004576,-2334196278757511428,2026-10-04 20:05:14.581849
0000004577,127232232094188359,2026-10-04 20:05:14.582101
0000004578,2890038737847735915,2026-10-04 20:05:14.582396
0000004579,-2788109054080463588,2026-10-04 20:05:14.582689
0000004580,-6779307070715897815,2026-10-04 20:05:14.582938
0000004581,350989452511846093,2026-10-04 20:05:14.583163
0000004582,-2360443605127153706,2026-10-04 20:05:14.583417
0000004583,-5295718982941669155,2026-10-04 20:05:14.583836
0000004584,-3006159203037185275,2026-10-04 20:05:14.584155
0000004585,7343257471682475291,2026-10-04 20:05:14.584381
0000004586,-3369266401233517717,2026-10-04 20:05:14.584657
0000004587,1592356717911188131,2026-10-04 20:05:14.584883
0000004588,-6146128839573356624,2026-10-04 20:05:14.585178
0000004589,3578865221709606194,2026-10-04 20:05:14.585423
0000004590,2585382478873456610,2026-10-04 20:05:14.585689
0000004591,-7777758166090030410,2026-10-04 20:05:14.586030
0000004592,-3048422241657177224,2026-10-04 20:05:14.586278
0000004593,980531541739287175,2026-10-04 20:05:14.586630
0000004594,-7287641919677771243,2026-10-04 20:05:14.586966
0000004595,-3029024123428372078,2026-10-04 20:05:14.587263
0000004596,-7436467473673705603,2026-10-04 20:05:14.587661
0000004597,1936082929753458020,2026-10-04 20:05:14.587913
0000004598,-354176079630482674,2026-10-04 20:05:14.588146
0000004599,5492230901654307811,2026-10-04 20:05:14.588445
0000004600,2725762445642531309,2026-10-04 20:05:14.588843
0000004601,509038815136356821,2026-10-04 20:05:14.589144
0000004602,5554510058301425740,2026-10-04 20:05:14.589430
0000004603,-2488374574171323184,2026-10-04 20:05:14.589789
0000004604,-4276707828911049754,2026-10-04 20:05:14.590207
0000004605,-3597442348919908199,2026-10-04 20:05:14.590459
0000004606,8181093012356592130,2026-10-04 20:05:14.590817
0000004607,1164831195570649805,2026-10-04 20:05:14.591155
0000004608,8658140556369906019,2026-10-04 20:05:14.591547
0000004609,3256911040572329618,2026-10-04 20:05:14.591865
0000004610,3973802171674591505,2026-10-04 20:05:14.592094
0000004611,4263436084499027013,2026-10-04 20:05:14.592399
0000004612,-7316390575891032401,2026-10-04 20:05:14.592824
0000004613,-3528753802128927475,2026-10-04 20:05:14.593122
0000004614,5577616129608666486,2026-10-04 20:05:14.593418
0000004615,-4685307061736022279,2026-10-04 20:05:14.593683
0000004616,5313240197487791953,2026-10-04 20:05:14.593922
0000004617,451997982363084176,2026-10-04 20:05:14.594256
0000004618,-6252137483326630600,2026-10-04 20:05:14.594483
0000004619,-8926887052320094989,2026-10-04 20:05:14.594873
0000004620,-6575082138680281984,2026-10-04 20:05:14.595105
0000004621,-6535591893589844653,2026-10-04 20:05:14.595327
0000004622,-1117782685971357245,2026-10-04 20:05:14.595667
0000004623,7634505513702461749,2026-10-04 20:05:14.595911
0000004624,8092613299235584450,2026-10-04 20:05:14.596147
0000004625,-5073229578066309208,2026-10-04 20:05:14.596474
0000004626,2581426035988239253,2026-10-04 20:05:14.596918
0000004627,4227170699254766646,2026-10-04 20:05:14.597226
0000004628,2835025088993911959,2026-10-04 20:05:14.597508
0000004629,2628374575945018356,2026-10-04 20:05:14.597821
0000004630,8059782163278840157,2026-10-04 20:05:14.598077
0000004631,-2238345728931389231,2026-10-04 20:05:14.598379
0000004632,2677167632838544936,2026-10-04 20:05:14.598867
0000004633,-3392553932781035796,2026-10-04 20:05:14.599167
0000004634,-3918362494136154032,2026-10-04 20:05:14.599416
0000004635,-4494791214731008635,2026-10-04 20:05:14.599714
0000004636,6456904177817291484,2026-10-04 20:05:14.599962
0000004637,8442666486518323160,2026-10-04 20:05:14.600215
0000004638,6976526979346490395,2026-10-04 20:05:14.600461
0000004639,1453847923629815978,2026-10-04 20:05:14.600715
0000004640,1791347697693130008,2026-10-04 20:05:14.601046
0000004641,-6101250440649716491,2026-10-04 20:05:14.601334
0000004642,-668706804746546733,2026-10-04 20:05:14.601712
0000004643,-1139362709266781813,2026-10-04 20:05:14.601964
0000004644,8529414495295348850,2026-10-04 20:05:14.602189
0000004645,-2927673680768180052,2026-10-04 20:05:14.602409
0000004646,784770571312121383,2026-10-04 20:05:14.602758
0000004647,1150496676178637523,2026-10-04 20:05:14.603041
0000004648,8645038333659191791,2026-10-04 20:05:14.603341
0000004649,-3935239135337762964,2026-10-04 20:05:14.603673
0000004650,-3020791053282070784,2026-10-04 20:05:14.603902
0000004651,1426232834310784338,2026-10-04 20:05:14.604195
0000004652,2577189310685054206,2026-10-04 20:05:14.604614
0000004653,5931869963115347355,2026-10-04 20:05:14.604913
0000004654,6201456618062346881,2026-10-04 20:05:14.605137
0000004655,-7203440098604869864,2026-10-04 20:05:14.605385
0000004656,7268408611735049838,2026-10-04 20:05:14.605771
0000004657,-5440952586695945658,2026-10-04 20:05:14.606006
0000004658,7633422090092860384,2026-10-04 20:05:14.606260
0000004659,7947772388764447301,2026-10-04 20:05:14.606644
0000004660,-5723291669589061341,2026-10-04 20:05:14.606945
0000004661,1398939153372556449,2026-10-04 20:05:14.607271
0000004662,4627626502469556580,2026-10-04 20:05:14.607771
0000004663,-6565478441604811290,2026-10-04 20:05:14.608073
0000004664,-1839208247092411585,2026-10-04 20:05:14.608604
0000004665,-6218632500227075334,2026-10-04 20:05:14.609317
0000004666,7790198029546270984,2026-10-04 20:05:14.609972
0000004667,-4085527592144064194,2026-10-04 20:05:14.610677
0000004668,-5180932401795247269,2026-10-04 20:05:14.610983
0000004669,-576884904713175617,2026-10-04 20:05:14.611291
0000004670,510773219107868411,2026-10-04 20:05:14.611730
0000004671,-6122094518189081670,2026-10-04 20:05:14.612095
0000004672,-5131074446613913096,2026-10-04 20:05:14.612320
0000004673,-8061035368321163378,2026-10-04 20:05:14.612794
0000004674,1656046774193685256,2026-10-04 20:05:14.613046
0000004675,2963379725143225486,2026-10-04 20:05:14.613304
0000004676,5196974104843901931,2026-10-04 20:05:14.613802
0000004677,-5366556907631358795,2026-10-04 20:05:14.614105
0000004678,-8271444763900643373,2026-10-04 20:05:14.614416
0000004679,-8333913816738079245,2026-10-04 20:05:14.614911
0000004680,-1064044099105257712,2026-10-04 20:05:14.615161
0000004681,2722447161074206169,2026-10-04 20:05:14.615454
0000004682,794370189534656628,2026-10-04 20:05:14.615720
0000004683,-4777941533337216057,2026-10-04 20:05:14.615988
0000004684,-6160757993884782919,2026-10-04 20:05:14.616228
0000004685,-728636238193316899,2026-10-04 20:05:14.616543
0000004686,-2210388785650412418,2026-10-04 20:05:14.616860
0000004687,2773268381544889372,2026-10-04 20:05:14.617164
0000004688,2050472477138391676,2026-10-04 20:05:14.617435
0000004689,-3280133846571050036,2026-10-04 20:05:14.617711
0000004690,8168315297990087322,2026-10-04 20:05:14.618046
0000004691,-8481015061293157683,2026-10-04 20:05:14.618282
0000004692,-197131055793658301,2026-10-04 20:05:14.618691
0000004693,570599867744394584,2026-10-04 20:05:14.618992
0000004694,-338423499796422701,2026-10-04 20:05:14.619288
0000004695,-2135635521722169171,2026-10-04 20:05:14.619594
0000004696,8677566505719796126,2026-10-04 20:05:14.619892
0000004697,-480074790655605771,2026-10-04 20:05:14.620153
0000004698,-4703294521964087631,2026-10-04 20:05:14.620486
0000004699,3168720907653994931,2026-10-04 20:05:14.620944
0000004700,5974677672004674227,2026-10-04 20:05:14.621257
0000004701,-3165607638339961766,2026-10-04 20:05:14.621602
0000004702,-4496153328000350673,2026-10-04 20:05:14.621898
0000004703,-8786145749457390648,2026-10-04 20:05:14.622165
0000004704,3363920024764886016,2026-10-04 20:05:14.622440
0000004705,-5350669031822030788,2026-10-04 20:05:14.622903
0000004706,-4452788800995081799,2026-10-04 20:05:14.623168
0000004707,311397292240855346,2026-10-04 20:05:14.623474
0000004708,4221133156893054488,2026-10-04 20:05:14.623789
0000004709,1819449023538925311,2026-10-04 20:05:14.624117
0000004710,-8905975091651920644,2026-10-04 20:05:14.624486
0000004711,2406224511420922463,2026-10-04 20:05:14.624925
0000004712,-8985774731612121409,2026-10-04 20:05:14.625168
0000004713,-6047644709272784248,2026-10-04 20:05:14.625438
0000004714,178360295894906226,2026-10-04 20:05:14.625679
0000004715,-5822080918621909570,2026-10-04 20:05:14.625935
0000004716,-4443653713122205070,2026-10-04 20:05:14.626272
0000004717,-621821240695343572,2026-10-04 20:05:14.626531
0000004718,-6190088977893096467,2026-10-04 20:05:14.626801
0000004719,3860923863235071257,2026-10-04 20:05:14.627206
0000004720,-9070415950499812832,2026-10-04 20:05:14.627641
0000004721,-6697440366877690033,2026-10-04 20:05:14.627886
0000004722,2083879709195721511,2026-10-04 20:05:14.628204
0000004723,360448720526154986,2026-10-04 20:05:14.628555
0000004724,-4701374802947141844,2026-10-04 20:05:14.629036
0000004725,4678766908621980165,2026-10-04 20:05:14.629352
0000004726,6956437624416633033,2026-10-04 20:05:14.629727
0000004727,-2210249871716849347,2026-10-04 20:05:14.629964
0000004728,-5307547181757683256,2026-10-04 20:05:14.630308
0000004729,-8344098463869333633,2026-10-04 20:05:14.631059
0000004730,5863934941554415455,2026-10-04 20:05:14.631752
0000004731,5107319859377457627,2026-10-04 20:05:14.632267
0000004732,4715890109327381468,2026-10-04 20:05:14.632538
0000004733,7512541726439293760,2026-10-04 20:05:14.633011
0000004734,-1409028612171077327,2026-10-04 20:05:14.633315
0000004735,1729163531420075974,2026-10-04 20:05:14.633662
0000004736,-3000442204965791484,2026-10-04 20:05:14.633955
0000004737,-2954319305328890951,2026-10-04 20:05:14.634279
0000004738,-6920371847866650349,2026-10-04 20:05:14.634713
0000004739,-3616830604783725775,2026-10-04 20:05:14.635141
0000004740,5263253562080754228,2026-10-04 20:05:14.635468
0000004741,-5745754525169676678,2026-10-04 20:05:14.635778
0000004742,-4300571022445137430,2026-10-04 20:05:14.636081
0000004743,-8787713180394263317,2026-10-04 20:05:14.636572
0000004744,1585777742969159619,2026-10-04 20:05:14.636825
0000004745,-8969397834911615250,2026-10-04 20:05:14.637170
0000004746,1583562592115168101,2026-10-04 20:05:14.637403
0000004747,-7013321932261707396,2026-10-04 20:05:14.637728
0000004748,-5430974218399171773,2026-10-04 20:05:14.638046
0000004749,-5405413942634763916,2026-10-04 20:05:14.638296
0000004750,-4270220021788652576,2026-10-04 20:05:14.638639
0000004751,2491980501801603520,2026-10-04 20:05:14.638963
0000004752,-6369217453075151010,2026-10-04 20:05:14.639221
0000004753,-2863937942088591074,2026-10-04 20:05:14.639477
0000004754,-8377094198383327641,2026-10-04 20:05:14.639770
0000004755,-3125353401987357801,2026-10-04 20:05:14.640017
0000004756,-1600344911336938103,2026-10-04 20:05:14.640241
0000004757,2381823756482374411,2026-10-04 20:05:14.640632
0000004758,1258757937335394912,2026-10-04 20:05:14.640906
0000004759,-8205447813909713685,2026-10-04 20:05:14.641231
0000004760,-9140670691728687530,2026-10-04 20:05:14.641563
0000004761,-4598428067337917351,2026-10-04 20:05:14.642051
0000004762,-511832771442649194,2026-10-04 20:05:14.642380
0000004763,1761094082649431947,2026-10-04 20:05:14.642735
0000004764,3889597978598544505,2026-10-04 20:05:14.643127
0000004765,-9134668461709625463,2026-10-04 20:05:14.643661
0000004766,-8221053383215243339,2026-10-04 20:05:14.643949
0000004767,-1882611101116160400,2026-10-04 20:05:14.644273
0000004768,5073647641234989198,2026-10-04 20:05:14.644533
0000004769,-8221487194706978612,2026-10-04 20:05:14.644836
0000004770,-6896771756148598348,2026-10-04 20:05:14.645089
0000004771,4972351566020232283,2026-10-04 20:05:14.645346
0000004772,-8836917681749398888,2026-10-04 20:05:14.645578
0000004773,-8103923090287480767,2026-10-04 20:05:14.645906
0000004774,70737680752465782,2026-10-04 20:05:14.646173
0000004775,-2265057650277864145,2026-10-04 20:05:14.646463
0000004776,9178060049037028762,2026-10-04 20:05:14.646724
0000004777,8083107904808226369,2026-10-04 20:05:14.647031
0000004778,-4791380972722252241,2026-10-04 20:05:14.647554
0000004779,3484669909351614715,2026-10-04 20:05:14.647899
0000004780,-4767575217815858723,2026-10-04 20:05:14.648242
0000004781,8427037489579404751,2026-10-04 20:05:14.648595
0000004782,8350018304064544658,2026-10-04 20:05:14.648846
0000004783,1246561230706734414,2026-10-04 20:05:14.649092
0000004784,-2321611946391062481,2026-10-04 20:05:14.649376
0000004785,-137312175006686449,2026-10-04 20:05:14.649766
0000004786,-4232591719389202731,2026-10-04 20:05:14.650111
0000004787,6280997991182351918,2026-10-04 20:05:14.650411
0000004788,-6225671588265928999,2026-10-04 20:05:14.650849
0000004789,-413050831057073056,2026-10-04 20:05:14.651208
0000004790,6681586325783724036,2026-10-04 20:05:14.651575
0000004791,-285250741010715600,2026-10-04 20:05:14.652125
0000004792,-2606894533387740053,2026-10-04 20:05:14.652403
0000004793,-8238972203868996977,2026-10-04 20:05:14.652657
0000004794,6410506019818597741,2026-10-04 20:05:14.652885
0000004795,370165914043142585,2026-10-04 20:05:14.653153
0000004796,-1621221541947583333,2026-10-04 20:05:14.653518
0000004797,1688469152971281536,2026-10-04 20:05:14.653763
0000004798,1044844591274961678,2026-10-04 20:05:14.654072
0000004799,-4180454033740388093,2026-10-04 20:05:14.654372
0000004800,-8124123779085833178,2026-10-04 20:05:14.654646
0000004801,3558560446537250718,2026-10-04 20:05:14.654950
0000004802,5350789541338169240,2026-10-04 20:05:14.655246
0000004803,2461657230750318220,2026-10-04 20:05:14.655674
0000004804,1666489650972708937,2026-10-04 20:05:14.655927
0000004805,-2228246189962069544,2026-10-04 20:05:14.656160
0000004806,2759484660460597865,2026-10-04 20:05:14.656517
0000004807,7286526064462203951,2026-10-04 20:05:14.656781
0000004808,-1939236940453705938,2026-10-04 20:05:14.657094
0000004809,-2655075585109353316,2026-10-04 20:05:14.657333
0000004810,-4103383514360451079,2026-10-04 20:05:14.657676
0000004811,794283052126930028,2026-10-04 20:05:14.657904
0000004812,7895692718233980993,2026-10-04 20:05:14.658150
0000004813,8063567189707721476,2026-10-04 20:05:14.658483
0000004814,6915938409658228042,2026-10-04 20:05:14.658798
0000004815,-8514446484920474319,2026-10-04 20:05:14.659058
0000004816,-4764381385115530558,2026-10-04 20:05:14.659300
0000004817,-4881010171116184329,2026-10-04 20:05:14.659705
0000004818,-962055109972186686,2026-10-04 20:05:14.659994
0000004819,4782962977499562699,2026-10-04 20:05:14.660338
0000004820,3632260861637860379,2026-10-04 20:05:14.660706
0000004821,-4636008717823104349,2026-10-04 20:05:14.660955
0000004822,-5589691732180036335,2026-10-04 20:05:14.661261
0000004823,-6532897108810377383,2026-10-04 20:05:14.661650
0000004824,-5359722850881872468,2026-10-04 20:05:14.661910
0000004825,-3422563668669744106,2026-10-04 20:05:14.662201
0000004826,6825632297707872025,2026-10-04 20:05:14.662529
0000004827,-8160248363436653958,2026-10-04 20:05:14.662973
0000004828,2892301162786295254,2026-10-04 20:05:14.663276
0000004829,-8008776610199206157,2026-10-04 20:05:14.663629
0000004830,-898995651260530375,2026-10-04 20:05:14.663861
0000004831,3736327793794867048,2026-10-04 20:05:14.664093
0000004832,4613663506350163728,2026-10-04 20:05:14.664390
0000004833,3243718874989838938,2026-10-04 20:05:14.664681
0000004834,-4889010691036995944,2026-10-04 20:05:14.664941
0000004835,-1784471471988003687,2026-10-04 20:05:14.665166
0000004836,2038263878931341488,2026-10-04 20:05:14.665388
0000004837,6680557278517721464,2026-10-04 20:05:14.665668
0000004838,8335377471013131584,2026-10-04 20:05:14.665901
0000004839,9185914892125791093,2026-10-04 20:05:14.666203
0000004840,-6588325543142134541,2026-10-04 20:05:14.666478
0000004841,4537056644800643484,2026-10-04 20:05:14.666709
0000004842,5711799734184700881,2026-10-04 20:05:14.666940
0000004843,-1675556147570161389,2026-10-04 20:05:14.667213
0000004844,2119456242367854500,2026-10-04 20:05:14.667690
0000004845,8866688465705490837,2026-10-04 20:05:14.667926
0000004846,-7285351181222075387,2026-10-04 20:05:14.668175
0000004847,8884031139669278582,2026-10-04 20:05:14.668578
0000004848,1603480633567226563,2026-10-04 20:05:14.668880
0000004849,-6141062805885541895,2026-10-04 20:05:14.669190
0000004850,-3198907418450591157,2026-10-04 20:05:14.669483
0000004851,7186796633665585671,2026-10-04 20:05:14.669873
0000004852,-9080263063254883722,2026-10-04 20:05:14.670167
0000004853,6475266188418598823,2026-10-04 20:05:14.670594
0000004854,1885668715707818831,2026-10-04 20:05:14.670980
0000004855,1092339315009831092,2026-10-04 20:05:14.671302
0000004856,6552556328475513112,2026-10-04 20:05:14.671709
0000004857,2517436306488076305,2026-10-04 20:05:14.672014
0000004858,-8163731069735748063,2026-10-04 20:05:14.672265
0000004859,-6457354310557736196,2026-10-04 20:05:14.672578
0000004860,5929654885611485314,2026-10-04 20:05:14.672854
0000004861,-3561541903552808078,2026-10-04 20:05:14.673150
0000004862,-8214064894509585146,2026-10-04 20:05:14.673390
0000004863,-3486639521850345890,2026-10-04 20:05:14.673723
0000004864,-7159635578200033591,2026-10-04 20:05:14.673969
0000004865,1673377385306171633,2026-10-04 20:05:14.674195
0000004866,-7462943079936588399,2026-10-04 20:05:14.674475
0000004867,2261338276649990713,2026-10-04 20:05:14.674721
0000004868,6944364529657925655,2026-10-04 20:05:14.674968
0000004869,7843041197733162640,2026-10-04 20:05:14.675219
0000004870,-3116735501542108046,2026-10-04 20:05:14.675548
0000004871,105211407891205170,2026-10-04 20:05:14.675908
0000004872,-6766984130849809520,2026-10-04 20:05:14.676217
0000004873,-3275855311352981909,2026-10-04 20:05:14.676495
0000004874,8910564621283196054,2026-10-04 20:05:14.676799
0000004875,-8254135399915813816,2026-10-04 20:05:14.677044
0000004876,-1083071910564485447,2026-10-04 20:05:14.677310
0000004877,-5176550914461459891,2026-10-04 20:05:14.677598
0000004878,-1870883020629140846,2026-10-04 20:05:14.677932
0000004879,5505430191123025023,2026-10-04 20:05:14.678168
0000004880,7437760883870142607,2026-10-04 20:05:14.678404
0000004881,-7378429584419727244,2026-10-04 20:05:14.678761
0000004882,-7233538337626913131,2026-10-04 20:05:14.679060
0000004883,4867731534984922274,2026-10-04 20:05:14.679286
0000004884,-8686804822893150458,2026-10-04 20:05:14.679562
0000004885,3715505904913957229,2026-10-04 20:05:14.679933
0000004886,8102385038749118028,2026-10-04 20:05:14.680242
0000004887,3676114802247722346,2026-10-04 20:05:14.680568
0000004888,-342186017800982839,2026-10-04 20:05:14.680805
0000004889,3143456282907942791,2026-10-04 20:05:14.681122
0000004890,-4327166966274302418,2026-10-04 20:05:14.681418
0000004891,5208676379621553135,2026-10-04 20:05:14.681726
0000004892,3395245211523416370,2026-10-04 20:05:14.681946
0000004893,7110662986470364615,2026-10-04 20:05:14.682240
0000004894,3169524673556421757,2026-10-04 20:05:14.682466
0000004895,456204787055082927,2026-10-04 20:05:14.682830
0000004896,2932642324777273940,2026-10-04 20:05:14.683124
0000004897,3216901670243719567,2026-10-04 20:05:14.683444
0000004898,6623235848244375353,2026-10-04 20:05:14.683781
0000004899,6183365771735333618,2026-10-04 20:05:14.684038
0000004900,-2799808030949667115,2026-10-04 20:05:14.684334
0000004901,-9113993240289980036,2026-10-04 20:05:14.684718
0000004902,-3143320988986985322,2026-10-04 20:05:14.685016
0000004903,-3348608326591348860,2026-10-04 20:05:14.685368
0000004904,9213245144538459402,2026-10-04 20:05:14.685674
0000004905,-5772191956914397018,2026-10-04 20:05:14.685977
0000004906,-4109155251258988331,2026-10-04 20:05:14.686275
0000004907,-6773282121811960577,2026-10-04 20:05:14.686532
0000004908,5112553772602201289,2026-10-04 20:05:14.686828
0000004909,-8660992748275519037,2026-10-04 20:05:14.687080
0000004910,-6170497751933663433,2026-10-04 20:05:14.687435
0000004911,-1643045909167720667,2026-10-04 20:05:14.687734
0000004912,-773281711353042439,2026-10-04 20:05:14.688013
0000004913,-1707664273399246047,2026-10-04 20:05:14.688305
0000004914,636250958662202505,2026-10-04 20:05:14.688568
0000004915,-4958320684220914226,2026-10-04 20:05:14.688941
0000004916,7245426799178899004,2026-10-04 20:05:14.689246
0000004917,-6846295962668673760,2026-10-04 20:05:14.689551
0000004918,5250715612808827393,2026-10-04 20:05:14.689857
0000004919,-7374459373804203342,2026-10-04 20:05:14.690193
0000004920,1709082342558569583,2026-10-04 20:05:14.690518
0000004921,872307842801073934,2026-10-04 20:05:14.690780
0000004922,-844925060662974479,2026-10-04 20:05:14.691142
0000004923,4447390946053147236,2026-10-04 20:05:14.691591
0000004924,1030908468339845390,2026-10-04 20:05:14.691832
0000004925,-7051517798340234365,2026-10-04 20:05:14.692124
0000004926,6931994893695096600,2026-10-04 20:05:14.692455
0000004927,-8165107046287103500,2026-10-04 20:05:14.692715
0000004928,-4370229158357899853,2026-10-04 20:05:14.692958
0000004929,-4812753700386192988,2026-10-04 20:05:14.693192
0000004930,3892053408900108966,2026-10-04 20:05:14.693450
0000004931,-5904603544785643279,2026-10-04 20:05:14.693738
0000004932,-2257909033003299686,2026-10-04 20:05:14.694031
0000004933,389921444811416945,2026-10-04 20:05:14.694313
0000004934,-6156134886528542743,2026-10-04 20:05:14.694558
0000004935,1205800242893294026,2026-10-04 20:05:14.694793
0000004936,2168798860369025817,2026-10-04 20:05:14.695018
0000004937,-6270669630175993431,2026-10-04 20:05:14.695237
0000004938,-367369769741543234,2026-10-04 20:05:14.695589
0000004939,2986771454480847767,2026-10-04 20:05:14.695822
0000004940,-4762970139674827285,2026-10-04 20:05:14.696049
0000004941,-2118197366795550637,2026-10-04 20:05:14.696434
0000004942,-4041080593220124028,2026-10-04 20:05:14.696814
0000004943,5938252714385872132,2026-10-04 20:05:14.697063
0000004944,8140177349373134079,2026-10-04 20:05:14.697312
0000004945,4180846894732156767,2026-10-04 20:05:14.697594
0000004946,2820294150722479688,2026-10-04 20:05:14.697861
0000004947,-265538417650013758,2026-10-04 20:05:14.698100
0000004948,-5955401602024937367,2026-10-04 20:05:14.698524
0000004949,8983255410385775427,2026-10-04 20:05:14.698827
0000004950,3922820949506372037,2026-10-04 20:05:14.699079
0000004951,4786470508078563842,2026-10-04 20:05:14.699377
0000004952,5391729437100782275,2026-10-04 20:05:14.699771
0000004953,6237884212723894838,2026-10-04 20:05:14.700070
0000004954,-5018558803156435781,2026-10-04 20:05:14.700313
0000004955,4348149137262478034,2026-10-04 20:05:14.700733
0000004956,3062054769195585829,2026-10-04 20:05:14.701031
0000004957,2195688527642618671,2026-10-04 20:05:14.701344
0000004958,-4927905042978593661,2026-10-04 20:05:14.701757
0000004959,6321804367837221216,2026-10-04 20:05:14.701987
0000004960,-4022596371695239375,2026-10-04 20:05:14.702282
0000004961,-3644880194117690955,2026-10-04 20:05:14.702652
0000004962,497247861759299326,2026-10-04 20:05:14.702893
0000004963,-8633721003301304680,2026-10-04 20:05:14.703159
0000004964,6500655829612550883,2026-10-04 20:05:14.703409
0000004965,-2039599959286660379,2026-10-04 20:05:14.703832
0000004966,4527466642049285707,2026-10-04 20:05:14.704143
0000004967,2314257318406610744,2026-10-04 20:05:14.704391
0000004968,-4134208945756178578,2026-10-04 20:05:14.704754
0000004969,-295970865622001438,2026-10-04 20:05:14.705057
0000004970,9065278832735380618,2026-10-04 20:05:14.705362
0000004971,-7906397305116065707,2026-10-04 20:05:14.705718
0000004972,4574934224404986301,2026-10-04 20:05:14.705970
0000004973,2732305479299309797,2026-10-04 20:05:14.706216
0000004974,7411759404686394536,2026-10-04 20:05:14.706468
0000004975,177363705598782009,2026-10-04 20:05:14.706742
0000004976,4173780762679918150,2026-10-04 20:05:14.706991
0000004977,5049748672887529512,2026-10-04 20:05:14.707323
0000004978,-4179928054048949107,2026-10-04 20:05:14.707594
0000004979,-365953436579120293,2026-10-04 20:05:14.707862
0000004980,2829554467313697637,2026-10-04 20:05:14.708119
0000004981,-6305438840626316581,2026-10-04 20:05:14.708412
0000004982,66322398018417953,2026-10-04 20:05:14.708708
0000004983,7724965784085271523,2026-10-04 20:05:14.708937
0000004984,-3846385236546969092,2026-10-04 20:05:14.709185
0000004985,-8589501910740848135,2026-10-04 20:05:14.709538
0000004986,2098971152064323715,2026-10-04 20:05:14.709853
0000004987,5625540137650669878,2026-10-04 20:05:14.710084
0000004988,-5144974222027329758,2026-10-04 20:05:14.710384
0000004989,-401223269757228378,2026-10-04 20:05:14.710728
0000004990,5451351859164184852,2026-10-04 20:05:14.710980
0000004991,1045900187869829920,2026-10-04 20:05:14.711355
0000004992,4824844892759758685,2026-10-04 20:05:14.711997
0000004993,1336033982739666808,2026-10-04 20:05:14.712312
0000004994,-1406384656660530794,2026-10-04 20:05:14.712701
0000004995,2724104113291452325,2026-10-04 20:05:14.712929
0000004996,-17204834558335657,2026-10-04 20:05:14.713230
0000004997,-5436676635781885814,2026-10-04 20:05:14.713563
0000004998,-6280442761652239145,2026-10-04 20:05:14.713971
0000004999,5906730966020099307,2026-10-04 20:05:14.714296
0000005000,-4726789777210855778,2026-10-04 20:05:14.714690
