user_id,email,phone
,,abc723 754 306
0000000002,Bosek_Sebastian_8mięsień@googlemail.com.,+48 511 352 352
0000000003,Janina_Hass_23@net.com,+48 791 940 370
0000000004,A91Tasarz@googlemail.com.,+48 786 944 637
0000000005,5_GI_57@net.com,+48 606 163 596
0000000006,K43Nawój@gmail.com,692 077 424
0000000007,Sara_Kafel_53@gmail.com,+48 509 095 316
0000000008,Szklarek3_Agnieszka1@googlemail.com.,+48 792 039 131
0000000009,W19Lindner@net.com,+48 886 625 230
0000000010,Chaba_Sonia_7miecz@net.com,32 797 93 47
0000000011,Podgórna3_Jerzy8@googlemail.com.,+48 606 986 230
0000000012,Falba_Radosław_10dawno@net.com,668 784 033
0000000013,wodny_SN_13@gmail.com,+48 22 057 20 99
0000000014,oznaczać_WD_16@gmail.com,+48 697 920 971
0000000015,Franik_Tola_10korzyść@gmail.com,+48 887 014 469
0000000016,KS_15@googlemail.com.,724 698 869
0000000017,Młynarz_Arkadiusz_6gęsty@gmail.com,578 003 908
0000000018,AS_64@googlemail.com.,+48 509 895 646
0000000019,AB_82@net.com,736 673 903
0000000020,według_DN_81@gmail.com,511 345 580
0000000021,Julianna_Mostek_5@net.com <invalid>,663 697 921
0000000022,G49Świerkot@googlemail.com.,+48 881 761 104
0000000023,D15Kurpisz@googlemail.com.,577 633 554
0000000024,IC_85@net.com,721 695 938
0000000025,KB_57@gmail.com,+48 22 832 35 58
0000000026,Kuliberda_Inga_9pająk@gmail.com,+48 721 853 115
0000000027,Iwo_Nytko_7@googlemail.com.,+48 533 843 395
0000000028,Szachniewicz_Sonia_3żelazo@googlemail.com.,784 539 303
0000000029,Gorol3_Wiktor10@gmail.com,780 156 497
0000000030,K80Fąferek@gmail.com,577 476 473
0000000031,Kasak2_Marcelina6@net.com,723151908
0000000032,EB_71@gmail.com,+48 573 727 305
0000000033,Kotlarek6_Cezary4@googlemail.com.,+48 513 430 604
0000000034,Elżbieta_Kuliberda_64@gmail.com,+48 503 009 448
0000000035,LJ_50@gmail.com,734 473 427
0000000036,Koronkiewicz_Anita_2powstać@googlemail.com.,662 263 507
0000000037,istnienie_KD_16@googlemail.com.,+48 783 309 542
0000000038,Fabian_Niećko_7@net.com,888 489 268
0000000039,internetowy_RA_26@googlemail.com.,+48 513 876 026
0000000040,Monika_Wawrzynek_55@net.com,516 796 906
,RG_39@gmail.com,696 905 252
0000000042,M75Matyjasek@net.com,880 850 837
0000000043,E83Krzywonos@googlemail.com.,+48 667 376 205
0000000044,N91Rusnak@net.com,794 369 440
0000000045,FK_10@googlemail.com.,+48 32 023 98 52
0000000046,Faltyn_Adam_3kwestia@gmail.com,537 189 741
0000000047,Krüger_Kalina_2występować@googlemail.com.,+48 22 285 20 05
0000000048,Szołtysik_Olga_6sytuacja@gmail.com,692 495 646
0000000049,Lepianka7_Stefan9@gmail.com,+48 667 730 598
0000000050,sportowy_AE_25@gmail.com,534 220 330
0000000051,szpital_CK_43@gmail.com,694 703 612
0000000052,Kowalówka4_Mieszko4@gmail.com,783 846 469
0000000053,K46Jarmuż@googlemail.com.,517 876 727
0000000054,trzydziesty_TO_58@googlemail.com.,783 776 445
0000000055,NJ_48@googlemail.com.,+48 668 173 489
0000000056,miód_HO_78@gmail.com,+48 739 355 975
0000000057,K96Bany@googlemail.com.,538 797 097
0000000058,Michał_Sieczko_95@googlemail.com.,724 216 933
0000000059,Moździerz3_Aniela10@net.com,+48 517 914 615
0000000060,Radziewicz10_Ignacy1@net.com,+48 729 802 464
0000000061,,  22 888 90 19
0000000062,K87Czerepak@net.com,785 153 308
0000000063,amerykański_PG_1@net.com,+48 532 881 072
0000000064,budynek_OT_12@net.com,+48 729 899 576
0000000065,Figat_Marcel_6rysunek@net.com,+48 606 044 290
0000000066,Juliusz_Zastawny_62@net.com,660 784 742
0000000067,NG_42@net.com,+48 572 002 117
0000000068,Cebulak_Marcin_7mistrz@net.com,+48 513 536 289
0000000069,Lidia_Maślach_59@net.com,+48 728 885 172
0000000070,sam_KE_13@googlemail.com.,+48 22 027 25 46
0000000071,Kukieła8_Krystian3@googlemail.com.,+48 788 042 663
0000000072,AH_68@net.com,693 162 659
0000000073,Lesiewicz_Kazimierz_8sprzedawać@net.com,668 950 036
0000000074,Majorek10_Urszula8@net.com,+48 732 629 202
0000000075,Zeman6_Nataniel3@net.com,+48 887 357 631
0000000076,G58Goliasz@net.com,+48 887 387 248
0000000077,AL_26@gmail.com,532 155 764
0000000078,Och_Marika_8skóra@googlemail.com.,786 807 370
0000000079,piętnaście_PS_68@gmail.com,782 246 705
0000000080,Janic6_Aleks2@net.com,799 105 614
,KJ_84,+48 602 267 897
0000000082,Galek_Jan_10gra@net.com,+48 881 587 632
0000000083,Fronczyk_Cyprian_1czterdzieści@gmail.com,516 837 083
0000000084,Gowin9_Maksymilian3@googlemail.com.,883 514 890
0000000085,JF_95@googlemail.com.,794 604 662
0000000086,OK_89@net.com,+48 578 794 876
0000000087,AS_74@googlemail.com.,+48 609 682 074
0000000088,Kiedrowicz_Maks_5zbiornik@gmail.com,+48 883 452 192
0000000089,F7Furmankiewicz@googlemail.com.,608 481 093
0000000090,Ryczko9_Ksawery0@net.com,+48 781 482 445
0000000091,Dejneka_Leon_5wyglądać@gmail.com,32 709 79 54abc
0000000092,Aniela_Gonsior_13@googlemail.com.,22 419 37 55
0000000093,IF_77@gmail.com,667 434 987
0000000094,Pupek_Eliza_6minerał@net.com,+48 530 942 820
0000000095,Juroszek_Melania_7otwór@net.com,606 015 335
0000000096,wiatr_KE_68@googlemail.com.,+48 32 257 36 49
0000000097,AM_61@googlemail.com.,+48 32 661 64 02
0000000098,Szmaj2_Ada0@gmail.com,781 461 885
0000000099,Bany6_Sylwia4@gmail.com,661 124 600
0000000100,Fabiszak_Maciej_6bogaty@googlemail.com.,32 935 56 53
0000000101,ES_24@,+48 32 759 64 24
0000000102,Agnieszka_Nóżka_100@net.com,608 700 827
0000000103,Morcinek_Marcin_3dwadzieścia@net.com,+48 664 980 839
0000000104,BT_47@googlemail.com.,+48 32 049 23 26
0000000105,Wałaszek_Liwia_5bank@gmail.com,602 106 308
0000000106,w._DO_49@net.com,503 906 398
0000000107,Lipok9_Adrian3@gmail.com,571 683 507
0000000108,go_SJ_84@googlemail.com.,889 269 877
0000000109,mebel_SM_12@net.com,696 358 533
0000000110,Maćków_Hubert_4dolny@net.com,784 428 244
0000000111,AC_28@net.com,+48 781 188 414
0000000112,wiadomość_MU_83@googlemail.com.,792 481 912
0000000113,wczesny_TG_44@gmail.com,739 187 678
0000000114,N85Pierz@gmail.com,519 082 143
0000000115,SR_17@net.com,+48 22 696 58 10
0000000116,S94Ceran@googlemail.com.,+48 536 672 632
0000000117,małpa_SM_52@net.com,739 649 827
0000000118,funkcja_MA_77@googlemail.com.,+48 32 155 06 63
0000000119,Krzyszczak_Patryk_3naczynie@googlemail.com.,518 162 413
0000000120,spaść_HS_65@googlemail.com.,691 005 247
,średniowieczny_SB_55net.com, 22 034 88 94
0000000122,I97Dzienis@net.com,+48 501 932 248
0000000123,Kawiak_Bianka_7wyrok@googlemail.com.,731 710 475
0000000124,R19Sady@gmail.com,+48 794 718 380
0000000125,słodki_LS_12@googlemail.com.,+48 607 463 578
0000000126,Buszta_Adrian_10element@googlemail.com.,538 736 399
0000000127,N41Joszko@gmail.com,532 967 029
0000000128,z_PK_11@gmail.com,+48 600 409 200
0000000129,W97Brojek@gmail.com,+48 32 853 46 24
0000000130,Rozalia_Nyc_54@gmail.com,695 185 196
0000000131,Chachaj0_Dawid8@net.com,+48 32 978 50 52
0000000132,Miłosz_Kocaj_50@gmail.com,790 354 193
0000000133,nauczycielka_RA_78@googlemail.com.,737 429 827
0000000134,Roszkiewicz_Marika_3oglądać@gmail.com,695 826 721
0000000135,Łyp_Mieszko_6środa@net.com,694 502 105
0000000136,Patryk_Woszczak_54@googlemail.com.,+48 608 302 334
0000000137,Znojek3_Julianna8@gmail.com,+48 669 867 317
0000000138,serce_KS_42@googlemail.com.,576 959 321
0000000139,Anna Maria_Kanik_49@net.com,794 514 916
0000000140,Taranek6_Adrian3@gmail.com,32 164 17 72
0000000141,cztery_HR_93@googlemail.com. ,573 481 658
0000000142,Kuliberda2_Jakub0@googlemail.com.,22 716 78 21
0000000143,A54Słabosz@net.com,884 038 102
0000000144,KP_46@googlemail.com.,+48 519 562 180
0000000145,Augustynek5_Michał2@googlemail.com.,+48 578 537 885
0000000146,Patalas2_Igor4@googlemail.com.,+48 880 397 203
0000000147,Bulak10_Nataniel10@googlemail.com.,608 082 020
0000000148,Karpiel_Gabriel_6wczoraj@net.com,511 123 870
0000000149,Parada_Kajetan_10park@net.com,+48 22 992 40 11
0000000150,Sadlak0_Franciszek5@net.com,+48 32 299 99 13
0000000151,Jonczyk_Fabian_2wszystek@googlemail.com.,+48 536 144 302
0000000152,Anna Maria_Polnik_23@googlemail.com.,886 926 279
0000000153,W94Wajer@gmail.com,+48 576 260 940
0000000154,drewniany_WJ_87@googlemail.com.,+48 536 581 445
0000000155,KT_99@gmail.com,+48 730 487 263
0000000156,Oliwier_Urynowicz_31@net.com,792 023 510
0000000157,SI_100@net.com,729 354 373
0000000158,E24Solich@net.com,785 045 321
0000000159,J10Mydlarz@googlemail.com.,+48 609 854 520
0000000160,podać_KJ_59@googlemail.com.,+48 660 545 849
,,695 585 764
0000000162,SC_24@googlemail.com.,+48 503 454 686
0000000163,Pawliszyn9_Ada4@gmail.com,32 336 15 65
0000000164,specjalista_HO_41@net.com,727 205 518
0000000165,Januchta7_Błażej7@gmail.com,513 614 145
0000000166,postać_ŻL_13@gmail.com,+48 538 955 854
0000000167,Paściak_Leonard_2ośrodek@net.com,+48 787 667 530
0000000168,Siemieniec_Gustaw_8podatek@net.com,+48 795 784 169
0000000169,Milka0_Marcelina2@net.com,+48 792 730 684
0000000170,Kominiak8_Bartek7@gmail.com,+48 577 679 089
0000000171,starożytny_JA_39@gmail.com,794 933 761
0000000172,J2Broniarek@googlemail.com.,607 753 044
0000000173,J75Jasina@net.com,+48 508 537 779
0000000174,Stawowczyk0_Ewa3@googlemail.com.,692 729 667
0000000175,Fołta0_Aniela10@gmail.com,+48 886 606 289
0000000176,Tomal7_Aurelia4@gmail.com,+48 727 844 525
0000000177,EG_28@net.com,32 261 36 68
0000000178,R1Wziątek@googlemail.com.,692 846 788
0000000179,Juliusz_Rudyk_17@gmail.com,608 594 911
0000000180,R94Jezior@gmail.com,+48 733 455 628
0000000181,,  729 887 504
0000000182,AŻ_96@net.com,+48 889 297 021
0000000183,M51Chaberek@gmail.com,730 142 090
0000000184,UL_28@net.com,514 540 275
0000000185,D7Kuncewicz@gmail.com,+48 505 932 637
0000000186,Cyprian_Wenzel_94@net.com,32 042 48 80
0000000187,Miłosz_Sobieszczyk_1@googlemail.com.,722 206 363
0000000188,Słońce_SS_18@net.com,+48 792 527 657
0000000189,zatrzymać_CB_31@googlemail.com.,+48 695 194 466
0000000190,Dybiec6_Natasza3@gmail.com,608 863 314
0000000191,Masiak_Julianna_4samica@googlemail.com.,+48 601 918 250
0000000192,P94Maksimowicz@googlemail.com.,517 964 933
0000000193,MD_21@gmail.com,535 813 366
0000000194,KW_94@googlemail.com.,+48 732 633 932
0000000195,Małycha_Inga_7zostać@googlemail.com.,663 451 183
0000000196,Ryszard_Supernak_66@googlemail.com.,516 855 513
0000000197,Goworek3_Grzegorz4@net.com,+48 530 522 263
0000000198,Kazberuk_Michał_2pijany@googlemail.com.,+48 537 845 597
0000000199,R13Frycz@gmail.com,+48 516 766 896
0000000200,DK_76@gmail.com,694 044 144
,M66Krata@net.com,+48 533 796 358
0000000202,MB_1@net.com,+48 22 762 11 74
0000000203,K73Kielczyk@net.com,+48 732 898 047
0000000204,Józwik0_Kaja10@googlemail.com.,+48 788 995 375
0000000205,K68Kołata@net.com,+48 787 177 753
0000000206,N71Behrendt@gmail.com,+48 739 838 755
0000000207,Frycz6_Ida9@net.com,503 269 812
0000000208,Iwo_Kusa_23@googlemail.com.,+48 736 140 848
0000000209,Balawender6_Ewa9@googlemail.com.,794 665 306
0000000210,Sebastian_Szeszko_4@gmail.com,726 366 049
0000000211,Szalast4_Mieszko0@googlemail.com.,+48 535 488 985
0000000212,Sonia_Lukas_64@net.com,605 599 434
0000000213,Malwina_Chmara_6@gmail.com,32 173 29 63
0000000214,E55Borak@gmail.com,578 956 195
0000000215,Broś_Kaja_1one@net.com,604 675 635
0000000216,Świętoń_Fryderyk_6biskup@net.com,720 961 149
0000000217,Lidia_Bawoł_29@net.com,788 552 007
0000000218,JS_36@net.com,785 637 642
0000000219,chemiczny_LP_32@net.com,+48 881 080 233
0000000220,Kolman10_Sandra4@net.com,+48 604 317 371
0000000221,,600 173 287
0000000222,Księżak_Hubert_1liczny@gmail.com,+48 32 120 87 61
0000000223,las_KK_35@net.com,732 653 323
0000000224,Tymoteusz_Kozdroń_49@googlemail.com.,515 495 364
0000000225,N93Franaszek@googlemail.com.,+48 667 744 787
0000000226,Bluszcz6_Ernest6@net.com,32 317 49 86
0000000227,Rozalia_Gozdur_89@gmail.com,+48 786 418 952
0000000228,Szkaradek1_Cyprian4@googlemail.com.,570 069 868
0000000229,N100Złotnik@googlemail.com.,531 444 972
0000000230,organizm_PS_43@googlemail.com.,+48 536 996 074
0000000231,K58Stein@googlemail.com.,+48 727 260 836
0000000232,AS_29@googlemail.com.,+48 737 995 511
0000000233,niech_MG_98@gmail.com,725 476 539
0000000234,KG_72@gmail.com,+48 660 432 138
0000000235,A25Mateusiak@gmail.com,+48 733 740 464
0000000236,K17Kręcichwost@gmail.com,+48 32 017 63 52
0000000237,Tórz9_Blanka4@net.com,+48 22 083 26 39
0000000238,Mila5_Mariusz8@googlemail.com.,530 302 795
0000000239,Oliwier_Kiepura_39@gmail.com,+48 32 428 39 81
0000000240,Anastazja_Męcik_37@net.com,+48 737 294 350
,T10Sydor@net.com,123
0000000242,M77Pyć@googlemail.com.,+48 798 475 030
0000000243,J91Banyś@googlemail.com.,+48 797 902 923
0000000244,Blanka_Kazimierczyk_49@net.com,+48 664 305 384
0000000245,R30Wajdzik@net.com,726 663 353
0000000246,podać_PR_26@gmail.com,+48 507 983 477
0000000247,Ograbek1_Filip1@gmail.com,731 185 453
0000000248,M15Zięciak@gmail.com,572 033 803
0000000249,drużyna_SB_54@gmail.com,+48 508 092 357
0000000250,Neugebauer8_Anna Maria7@googlemail.com.,+48 694 271 326
0000000251,EC_60@net.com,+48 22 829 09 89
0000000252,Boruc6_Lidia3@googlemail.com.,575 415 704
0000000253,SM_29@googlemail.com.,+48 737 579 292
0000000254,S80Posłuszna@net.com,798 519 656
0000000255,NT_24@net.com,+48 600 024 082
0000000256,Maciej_Wołos_6@googlemail.com.,504 994 653
0000000257,Dominik_Kozon_52@net.com,781 890 190
0000000258,GJ_77@gmail.com,693 091 449
0000000259,Ufniarz2_Kaja6@net.com,730 336 281
0000000260,Kamila_Ryczko_8@gmail.com,694 307 546
0000000261,,+48 665 857 408
0000000262,NS_59@net.com,+48 668 807 736
0000000263,Roksana_Dudziec_45@gmail.com,574 427 652
0000000264,PK_64@googlemail.com.,722 379 109
0000000265,Szymon_Sochaj_50@gmail.com,722 221 830
0000000266,Kopij_Tymoteusz_8egzamin@net.com,+48 783 823 981
0000000267,Grzech0_Nela3@googlemail.com.,696 478 124
0000000268,Kuryłowicz_Nataniel_3ta@gmail.com,+48 735 854 098
0000000269,brak_ŁN_1@net.com,+48 721 203 686
0000000270,Trojanowicz5_Maciej3@net.com,22 419 62 32
0000000271,Bianka_Piechura_2@net.com,000000
0000000272,Trzmiel6_Natasza5@googlemail.com.,+48 539 767 436
0000000273,Kornel_Rozum_80@net.com,+48 519 546 128
0000000274,Olga_Bidas_15@gmail.com,577 615 582
0000000275,Maks_Kabza_69@net.com,+48 532 925 084
0000000276,Hajduga2_Elżbieta6@gmail.com,722 339 989
0000000277,Narożna_Anita_10jakość@googlemail.com.,22 301 39 51
0000000278,Bartek_Satora_68@gmail.com,660 966 868
0000000279,pomoc_SO_97@googlemail.com.,530 693 594
0000000280,UB_39@gmail.com,514 786 461
,DAWID_TYMA_73@GOOGLEMAIL.COM.,+48 667 950 403
0000000282,artysta_ZS_42@net.com,603 597 659
0000000283,O53Korbel@net.com,+48 32 130 02 26
0000000284,palić_NG_69@net.com,+48 604 552 117
0000000285,Roczniak3_Apolonia9@net.com,790 813 677
0000000286,Wawrzyk_Sebastian_3latać@gmail.com,+48 609 929 638
0000000287,Albert_Dydo_76@googlemail.com.,789 199 996
0000000288,Stypka2_Janina1@googlemail.com.,+48 502 468 684
0000000289,S90Różak@net.com,530 350 716
0000000290,Wypchło7_Marcelina4@gmail.com,+48 726 800 793
0000000291,J1Elwart@googlemail.com.,22 737 45 55
0000000292,N67Dmoch@net.com,786 959 401
0000000293,6_CN_53@gmail.com,+48 22 044 24 99
0000000294,Pawełkiewicz_Maurycy_2intensywny@gmail.com,534 901 221
0000000295,Pędzik_Natan_10częściowo@gmail.com,570 683 304
0000000296,S57Piekacz@gmail.com,+48 571 976 536
0000000297,Krzosek_Albert_4Europa@googlemail.com.,+48 787 875 512
0000000298,Pitura_Dagmara_6potrafić@net.com,889 817 774
0000000299,Bilik_Kaja_8dostać@googlemail.com.,608 723 921
0000000300,Żelasko_Adrianna_1używać@googlemail.com.,+48 731 353 151
0000000301,AJ_9@googlemail.com.,
0000000302,MK_68@net.com,+48 728 358 951
0000000303,E79Kielan@net.com,+48 793 178 449
0000000304,Urszula_Paściak_76@net.com,+48 535 811 090
0000000305,Dziadura5_Maksymilian4@net.com,+48 882 232 503
0000000306,Kliber2_Dawid2@googlemail.com.,+48 737 358 628
0000000307,Gryta10_Angelika1@net.com,692 753 794
0000000308,wojenny_JT_45@googlemail.com.,+48 791 880 723
0000000309,Ciećko7_Róża8@googlemail.com.,+48 663 032 207
0000000310,L95Dzienisz@net.com,504 974 219
0000000311,główny_ŻK_73@net.com,+48 575 952 350
0000000312,Lejman6_Patryk0@gmail.com,+48 32 466 12 72
0000000313,Albert_Dietrich_64@net.com,+48 500 459 674
0000000314,Minkina_Jerzy_6pochodzić@gmail.com,+48 663 942 428
0000000315,Wiech_Jakub_6zdrowie@googlemail.com.,575 336 457
0000000316,Dziarmaga9_Dagmara3@googlemail.com.,788 351 261
0000000317,Brzykcy_Angelika_6wrogi@net.com,22 936 54 43
0000000318,M39Ciak@googlemail.com.,+48 506 335 810
0000000319,Łukasz_Kluczyk_3@googlemail.com.,667 447 873
0000000320,Stosio_Ewelina_1urząd@googlemail.com.,22 266 36 91
,Żelazo_Krystyna_2kwiat@gmail.com ,22 133 67 26
0000000322,szkoda_ZA_58@googlemail.com.,+48 792 949 710
0000000323,Klara_Bartuś_70@gmail.com,789 198 354
0000000324,R41Pietrusiewicz@googlemail.com.,668 747 185
0000000325,Kuza4_Mieszko6@gmail.com,+48 725 063 471
0000000326,strata_GK_47@googlemail.com.,+48 572 323 885
0000000327,Pasztaleniec_Olga_10papieros@googlemail.com.,+48 575 515 188
0000000328,sprzęt_SJ_20@gmail.com,+48 724 168 420
0000000329,KH_72@net.com,731 450 058
0000000330,KI_31@gmail.com,792 311 087
0000000331,E86Podsiedlik@gmail.com,32 370 26 40
0000000332,kostka_BK_63@gmail.com,783 493 304
0000000333,Misiejuk6_Igor8@net.com,660 093 207
0000000334,Aleks_Ładziak_82@net.com,+48 32 914 66 64
0000000335,M44Poczta@net.com,+48 785 336 039
0000000336,osoba_FO_57@googlemail.com.,+48 538 161 780
0000000337,zgromadzenie_SN_37@net.com,+48 22 032 63 26
0000000338,Tofil_Sylwia_4jedynie@net.com,729 309 046
0000000339,czas_CA_60@googlemail.com.,+48 661 765 727
0000000340,MT_96@gmail.com,+48 694 755 785
0000000341,MK_85net.com,+48 507 015 662
0000000342,EM_66@net.com,570 752 673
0000000343,Melania_Cich_1@net.com,534 738 450
0000000344,Marianna_Ruchała_70@googlemail.com.,+48 797 556 154
0000000345,Dębosz_Łukasz_5hiszpański@gmail.com,607 561 502
0000000346,głęboki_OI_54@gmail.com,609 810 622
0000000347,Woronko_Antoni_10martwy@googlemail.com.,698 991 372
0000000348,Zadka6_Marcel8@googlemail.com.,513 817 210
0000000349,Ida_Działo_50@googlemail.com.,604 014 452
0000000350,KS_49@gmail.com,+48 698 440 711
0000000351,Ewa_Kielczyk_97@gmail.com,+48 798 895 867
0000000352,Nehring_Gabriel_1dziób@googlemail.com.,+48 22 303 25 43
0000000353,MJ_25@gmail.com,+48 724 856 945
0000000354,Ewa_Dejneka_34@net.com,+48 889 593 206
0000000355,MF_7@gmail.com,886 242 716
0000000356,historia_PŁ_54@googlemail.com.,570 670 615
0000000357,SM_61@gmail.com,533 705 448
0000000358,Aleks_Pituła_61@net.com,723 696 146
0000000359,Krystyna_Posłuszny_31@gmail.com,608 242 315
0000000360,restauracja_MB_48@googlemail.com.,791 336 647
,specjalista_DA_26@gmail.com,000000
0000000362,K28Kiciak@gmail.com,+48 662 001 060
0000000363,T11Mizgała@googlemail.com.,888 459 601
0000000364,Jakub_Bochnia_37@gmail.com,604 952 876
0000000365,L35Zapora@net.com,+48 22 847 24 60
0000000366,Tworzydło_Rafał_10roślina@googlemail.com.,+48 517 724 128
0000000367,korzyść_LM_15@googlemail.com.,32 023 43 31
0000000368,S84Widłak@gmail.com,+48 22 438 20 36
0000000369,JS_72@net.com,575 323 797
0000000370,Zontek2_Agnieszka1@gmail.com,728 416 841
0000000371,Fryderyk_Duc_39@gmail.com,533 548 358
0000000372,Radke5_Justyna7@net.com,789 906 563
0000000373,TG_95@gmail.com,+48 785 924 692
0000000374,-_KI_95@net.com,787 267 715
0000000375,rachunek_MJ_96@net.com,+48 794 682 415
0000000376,Fronczek_Marika_7cesarz@googlemail.com.,+48 739 452 993
0000000377,Subocz9_Justyna6@net.com,694 425 338
0000000378,Bodziony1_Tola2@gmail.com,+48 662 212 560
0000000379,Małota0_Nataniel1@googlemail.com.,510 138 053
0000000380,M11Melaniuk@net.com,503 516 262
0000000381,Koterba_Klara_5samochodowynet.com,+48 514 276 329
0000000382,TE_36@net.com,+48 32 836 64 38
0000000383,KW_69@googlemail.com.,+48 662 062 663
0000000384,K2Myrcha@net.com,+48 731 180 940
0000000385,Śliz_Jakub_2miara@net.com,604 081 336
0000000386,D46Milczarczyk@gmail.com,+48 692 577 452
0000000387,E38Herdzik@gmail.com,+48 796 196 078
0000000388,oddawać_KR_100@gmail.com,32 385 11 11
0000000389,N32Macha@googlemail.com.,+48 505 179 174
0000000390,Głownia5_Grzegorz5@net.com,795 403 108
0000000391,W3Pysz@gmail.com,739 195 77812345678901234567890
0000000392,zadanie_HJ_88@net.com,796 602 020
0000000393,moment_LA_74@net.com,+48 607 306 294
0000000394,Domka8_Miłosz1@googlemail.com.,+48 732 007 274
0000000395,Sylwia_Wąsala_44@net.com,+48 32 907 92 54
0000000396,Konat_Klara_7w@googlemail.com.,+48 883 874 800
0000000397,Bugiel_Patryk_7mebel@googlemail.com.,+48 792 878 279
0000000398,Witaszek0_Aurelia2@net.com,517 009 362
0000000399,G26Jędruszczak@net.com,+48 788 010 305
0000000400,Ewa_Kubisz_35@net.com,22 955 16 36
,Koterba5_Apolonia5@net.com ,501 324 994
0000000402,konstrukcja_FJ_99@net.com,780 176 741
0000000403,Czuryło9_Kornelia10@gmail.com,516 864 172
0000000404,Dryka_Fabian_10luty@googlemail.com.,530 723 593
0000000405,PD_40@googlemail.com.,880 693 580
0000000406,Filip_Wosiek_51@net.com,+48 531 413 291
0000000407,JP_35@net.com,519 953 847
0000000408,Grzegorz_Kosznik_32@gmail.com,662 526 252
0000000409,Gospodarek8_Olgierd8@gmail.com,+48 786 767 386
0000000410,Dudczak_Apolonia_8wolność@net.com,+48 22 884 33 35
0000000411,Gajownik6_Gustaw3@gmail.com,+48 737 108 398
0000000412,środowisko_HL_30@net.com,+48 796 168 447
0000000413,Alan_Kubiaczyk_30@net.com,733 864 369
0000000414,Fabian_Karpeta_57@googlemail.com.,+48 511 567 675
0000000415,Janczura7_Anastazja7@net.com,573 010 570
0000000416,AM_37@gmail.com,504 964 409
0000000417,KJ_48@net.com,+48 32 904 39 02
0000000418,Szymonik_Julianna_7ważny@net.com,32 328 93 23
0000000419,Melania_Solarczyk_80@gmail.com,665 644 272
0000000420,Aniela_Salwin_100@googlemail.com.,22 663 52 47
0000000421,AB_53@net.com,+48 22 997 91 34abc
0000000422,Kalota3_Jędrzej2@gmail.com,+48 692 961 980
0000000423,Szczepaniec_Marek_2kolumna@gmail.com,+48 722 114 122
0000000424,koszula_IR_59@net.com,576 780 147
0000000425,pracować_BS_73@net.com,570 210 689
0000000426,Kuzior5_Antoni10@googlemail.com.,514 546 873
0000000427,Behrendt_Natan_8krew@net.com,22 086 42 35
0000000428,J95Bacia@gmail.com,602 508 378
0000000429,Adrianna_Teper_83@gmail.com,+48 666 339 165
0000000430,przestać_WS_15@googlemail.com.,662 510 496
0000000431,Kraków_PL_69@gmail.com,+48 737 453 979
0000000432,Lulek_Nela_1gmina@net.com,+48 32 848 14 98
0000000433,zamiast_RM_32@googlemail.com.,886 500 793
0000000434,MJ_84@net.com,535 226 278
0000000435,Kajetan_Borkowicz_6@googlemail.com.,797 635 683
0000000436,Tomaszczyk2_Sylwia5@googlemail.com.,780 439 647
0000000437,ten_NA_100@googlemail.com.,796 506 243
0000000438,wysoki_SM_64@googlemail.com.,+48 696 615 414
0000000439,Rosołek_Gaja_10widzieć@net.com,+48 661 986 998
0000000440,DO_33@gmail.com,+48 888 367 617
,Karina_Sojda_12@googlemail.com.,722 058 387
0000000442,Kłosiewicz5_Fabian5@googlemail.com.,663 550 507
0000000443,Idzi_Sylwia_106@googlemail.com.,+48 668 186 321
0000000444,Mikołaj_Wożniak_10@net.com,+48 694 014 779
0000000445,przeciw_DN_17@gmail.com,+48 725 849 013
0000000446,Hiszpania_FS_14@googlemail.com.,721 656 274
0000000447,górski_PF_37@net.com,22 684 56 73
0000000448,Glaza9_Arkadiusz2@net.com,22 852 26 62
0000000449,M66Feluś@net.com,+48 889 246 924
0000000450,Czermak10_Julianna1@net.com,570 860 562
0000000451,Szczepan_Rafał_7dany@gmail.com,abc+48 517 691 794
0000000452,Zemanek_Ewa_7aż@gmail.com,532 554 822
0000000453,R88Strójwąs@gmail.com,609 442 345
0000000454,WP_56@net.com,795 365 043
0000000455,kończyć_MK_39@gmail.com,+48 515 887 332
0000000456,widok_HD_46@googlemail.com.,+48 532 790 830
0000000457,Blanka_Bakiera_38@net.com,570 024 452
0000000458,Chachaj7_Bianka3@gmail.com,880 722 271
0000000459,kościelny_MT_5@googlemail.com.,32 268 34 74
0000000460,Rozalia_Pasieczna_5@net.com,+48 508 001 879
0000000461,K18Proć@example..com,+48 510 912 891
0000000462,N46Wożniak@gmail.com,+48 882 755 429
0000000463,M35Tylec@googlemail.com.,539 832 867
0000000464,KD_24@net.com,+48 781 660 080
0000000465,KD_94@net.com,+48 665 781 781
0000000466,Stefan_Komperda_38@net.com,733 387 630
0000000467,T22Dadej@gmail.com,505 566 320
0000000468,strefa_JK_1@net.com,504 407 616
0000000469,Karina_Duc_19@googlemail.com.,32 421 74 61
0000000470,Szemraj2_Marek5@net.com,+48 692 471 067
0000000471,Majos_Justyna_5broń@gmail.com,+48 530 337 670
0000000472,Sonia_Szarzec_46@gmail.com,578 561 562
0000000473,nasienie_PS_28@gmail.com,+48 519 924 571
0000000474,on_PM_21@gmail.com,32 389 88 63
0000000475,T17Sobuś@gmail.com,+48 887 021 926
0000000476,Dariusz_Bajak_31@gmail.com,732 387 075
0000000477,doprowadzić_TR_90@gmail.com,694 508 741
0000000478,F9Faruga@googlemail.com.,+48 22 493 05 64
0000000479,Kornelia_Andrearczyk_41@net.com,+48 571 256 571
0000000480,Ksawery_Pastuszko_34@googlemail.com.,608 941 456
,Cich_Radosław_8parlament@googlemail.com. <invalid>, +48 502 930 270
0000000482,Arkadiusz_Fit_5@googlemail.com.,+48 508 387 820
0000000483,Domka_Kaja_6już@gmail.com,500 805 616
0000000484,Anita_Stanclik_47@googlemail.com.,+48 884 242 074
0000000485,cesarz_DT_69@net.com,+48 796 061 198
0000000486,lubić_SF_43@net.com,720 111 069
0000000487,A36Drożdżal@net.com,+48 575 572 519
0000000488,Tymon_Kamela_76@net.com,+48 579 624 197
0000000489,Robert_Job_92@gmail.com,699 129 329
0000000490,Aniela_Wita_60@googlemail.com.,+48 539 256 962
0000000491,B35Baum@net.com,+48 511 812 554
0000000492,Raszkiewicz_Sebastian_9obecny@googlemail.com.,+48 516 995 571
0000000493,dotyczyć_SA_30@gmail.com,+48 784 633 316
0000000494,MG_96@net.com,508 802 986
0000000495,Hejna5_Ida6@googlemail.com.,+48 787 798 031
0000000496,Gierasimiuk0_Kornelia10@googlemail.com.,+48 503 443 023
0000000497,Ł26Małocha@net.com,512 452 230
0000000498,R91Posmyk@googlemail.com.,695 462 513
0000000499,M83Franków@net.com,+48 884 736 596
0000000500,RJ_62@gmail.com,+48 887 458 631
0000000501,teraz_BK_39@gmail.com,+48 661 418 473
0000000502,AM_12@net.com,577 177 596
0000000503,RB_59@googlemail.com.,518 643 434
0000000504,KW_27@net.com,669 172 891
0000000505,wybory_PM_88@gmail.com,+48 501 821 757
0000000506,Tomasz_Breguła_7@googlemail.com.,+48 575 302 314
0000000507,Melania_Trzyna_32@googlemail.com.,793 087 950
0000000508,L58Sztuczka@net.com,787 182 610
0000000509,Goś3_Gaja10@googlemail.com.,+48 32 654 24 63
0000000510,Witaszek7_Borys5@gmail.com,795 444 114
0000000511,MK_22@net.com,
0000000512,Roksana_Uliczka_14@gmail.com,736 922 599
0000000513,Lesner_Andrzej_8flaga@gmail.com,+48 882 131 819
0000000514,zwykły_ZA_38@gmail.com,574 390 285
0000000515,próba_SK_80@googlemail.com.,509 066 158
0000000516,RD_74@googlemail.com.,+48 795 693 528
0000000517,Kubek7_Anastazja0@googlemail.com.,887 601 280
0000000518,MS_64@gmail.com,+48 609 930 166
0000000519,UK_100@googlemail.com.,662 583 383
0000000520,Raźniak_Karol_2wartość@googlemail.com.,+48 783 651 742
,cecha_RE_29@net.com,577 743 534
0000000522,mama_HT_1@googlemail.com.,504 450 811
0000000523,ES_53@googlemail.com.,780 428 276
0000000524,Gumuła_Urszula_8pieśń@googlemail.com.,532 824 133
0000000525,Samul4_Ada1@googlemail.com.,883 583 521
0000000526,RH_11@net.com,+48 786 810 100
0000000527,Trochim5_Kamila5@net.com,507 699 686
0000000528,A54Druszcz@gmail.com,539 322 951
0000000529,MS_80@gmail.com,+48 517 144 485
0000000530,Hamerla10_Sandra0@gmail.com,576 136 780
0000000531,Siemieniec_Janina_10kobieta@gmail.com,+48 663 699 548
0000000532,W35Goral@gmail.com,32 940 57 69
0000000533,NP_73@googlemail.com.,501 586 011
0000000534,LH_2@net.com,22 235 53 88
0000000535,Lewicz5_Mieszko6@gmail.com,793 723 298
0000000536,Blanka_Fogiel_96@googlemail.com.,785 457 352
0000000537,Anna Maria_Czenczek_20@gmail.com,+48 792 374 781
0000000538,Eryk_Bochnak_14@gmail.com,+48 571 044 274
0000000539,MW_60@gmail.com,+48 508 471 650
0000000540,O63Michalczak@gmail.com,22 350 58 55
0000000541,OŁ_35@googlemail.com.,+48 516 787 311abc
0000000542,S61Kontny@gmail.com,+48 729 661 187
0000000543,majuskuła_GJ_92@gmail.com,+48 664 664 467
0000000544,Boba10_Blanka8@gmail.com,+48 579 318 327
0000000545,Matyszczak_Leonard_9karta@net.com,+48 577 930 270
0000000546,C33Kupaj@net.com,+48 667 769 890
0000000547,Dejneka1_Jan3@googlemail.com.,889 149 741
0000000548,A40Boba@googlemail.com.,+48 603 103 391
0000000549,ogół_WN_24@net.com,+48 504 738 132
0000000550,obchodzić_SI_34@net.com,690 521 579
0000000551,KK_67@gmail.com,+48 32 520 05 52
0000000552,Gosz_Liwia_1okres@gmail.com,783 551 359
0000000553,EG_51@gmail.com,+48 667 760 731
0000000554,Wiercigroch4_Sylwia7@googlemail.com.,+48 783 652 923
0000000555,Wożniak_Roksana_4sto@gmail.com,797 897 234
0000000556,F41Golak@gmail.com,+48 734 627 207
0000000557,dziewczyna_BA_53@googlemail.com.,+48 696 258 976
0000000558,Gustaw_Kojder_47@gmail.com,887 867 902
0000000559,D52Pachuta@gmail.com,+48 698 154 242
0000000560,według_MA_71@gmail.com,698 288 356
, Sandra_Stoltmann_30@googlemail.com.,+48 791 985 456
0000000562,stanowić_SA_41@net.com,+48 667 534 038
0000000563,Chorążewicz7_Ewelina1@gmail.com,668 113 452
0000000564,S15Miśko@googlemail.com.,662 572 992
0000000565,Potęga5_Tobiasz9@googlemail.com.,+48 576 008 137
0000000566,mapa_MS_88@gmail.com,733 041 642
0000000567,materiał_RA_41@googlemail.com.,+48 886 442 564
0000000568,Grzenia_Angelika_4okno@googlemail.com.,501 321 630
0000000569,E75Roskosz@net.com,+48 32 933 51 46
0000000570,TS_100@net.com,+48 606 426 241
0000000571,TK_30@gmail.com,
0000000572,Ryszard_Hermanowicz_32@googlemail.com.,+48 517 989 771
0000000573,DP_45@net.com,669 887 037
0000000574,Anglia_BJ_100@gmail.com,+48 577 138 395
0000000575,Ledzion_Liwia_5organizm@gmail.com,667 294 500
0000000576,Włochy_TC_42@net.com,578 243 645
0000000577,D73Mitek@gmail.com,881 010 300
0000000578,Miros3_Gustaw6@gmail.com,666 311 678
0000000579,J52Kolarz@gmail.com,694 568 098
0000000580,Dąbroś4_Inga3@net.com,+48 783 628 725
0000000581,Sus_Julianna_10uznawać@googlemail.com. ,+48 695 270 335
0000000582,dalej_CL_32@gmail.com,510 300 320
0000000583,K39Tórz@gmail.com,501 887 239
0000000584,Bogdał_Oskar_6nadmierny@net.com,+48 22 355 90 67
0000000585,Marianna_Drózd_15@googlemail.com.,699 967 587
0000000586,J30Szram@gmail.com,884 659 664
0000000587,Wiencek_Kalina_9szkło@net.com,+48 606 911 374
0000000588,Tola_Szaruga_76@net.com,+48 698 265 269
0000000589,BK_9@gmail.com,+48 508 762 116
0000000590,prawdziwy_JI_56@net.com,+48 731 113 971
0000000591,Borejko_Elżbieta_10trzydzieści@net.com,519 759 228
0000000592,C98Pałyga@gmail.com,663 761 079
0000000593,Stupak_Krzysztof_7podobny@gmail.com,780 246 354
0000000594,Rozalia_Dusik_73@googlemail.com.,22 695 63 39
0000000595,P92Rusiniak@net.com,+48 723 711 499
0000000596,Kosznik6_Gaja4@googlemail.com.,+48 504 485 379
0000000597,kolejny_KK_20@net.com,607 022 724
0000000598,AM_71@googlemail.com.,+48 516 629 799
0000000599,G22Tworzydło@googlemail.com.,692 861 940
0000000600,Kopiczko7_Błażej7@gmail.com,576 881 587
,Dawid_Windak_97@googlemail.com. <invalid>,736 529 987
0000000602,KO_37@googlemail.com.,539 401 936
0000000603,o_GK_56@gmail.com,+48 22 698 47 47
0000000604,Klara_Woszczak_23@googlemail.com.,+48 538 924 235
0000000605,Troka10_Inga2@gmail.com,500 239 872
0000000606,Bidas_Monika_7zanim@net.com,+48 536 468 995
0000000607,Pietrasz7_Julita10@net.com,+48 885 645 587
0000000608,koszula_KK_19@net.com,+48 32 869 48 59
0000000609,Paweł_Ciochoń_94@net.com,502 445 571
0000000610,zawodowy_CO_21@googlemail.com.,796 046 439
0000000611,Kalina_Mostek_74@googlemail.com.,+48 692 857 789
0000000612,Ewa_Szczesiak_31@googlemail.com.,+48 795 446 502
0000000613,chwila_MO_60@gmail.com,+48 729 142 456
0000000614,E13Dering@net.com,+48 575 504 452
0000000615,Salawa2_Marianna3@gmail.com,+48 732 444 067
0000000616,sto_WS_74@net.com,+48 536 284 118
0000000617,LC_71@gmail.com,22 346 11 45
0000000618,M71Matejuk@net.com,+48 784 729 770
0000000619,Roksana_Mieszała_5@googlemail.com.,+48 792 626 515
0000000620,Wałaszek_Nela_2składać się@gmail.com,32 849 73 26
0000000621,L1Kusztalgooglemail.com.,+48 22 096 46 64
0000000622,Elżbieta_Tlałka_34@net.com,+48 501 308 819
0000000623,A7Materka@net.com,737 037 918
0000000624,DG_87@net.com,512 312 616
0000000625,wnętrze_SD_27@googlemail.com.,788 812 365
0000000626,Suda3_Adrian9@gmail.com,+48 32 812 35 75
0000000627,Aleksiejuk1_Krystyna10@gmail.com,578 893 124
0000000628,Aurelia_Goś_98@net.com,+48 609 108 593
0000000629,bez_SM_42@gmail.com,577 166 053
0000000630,AK_67@googlemail.com.,786 199 430
0000000631,Fudalej7_Rozalia6@net.com,22 376 21 27abc
0000000632,Czubaszek_Konstanty_1termin@gmail.com,22 600 06 67
0000000633,J71Gałaj@net.com,885 045 889
0000000634,Kijas_Olga_7pierwszy@net.com,+48 721 716 156
0000000635,Walo7_Kalina5@googlemail.com.,+48 726 512 418
0000000636,A96Pituła@net.com,729 232 143
0000000637,KF_80@googlemail.com.,+48 22 185 10 28
0000000638,KC_53@gmail.com,881 918 745
0000000639,tyle_RK_29@gmail.com,508 200 346
0000000640,Szoka7_Olga0@net.com,+48 691 867 183
,Garczarek4_Dagmara6@net.com ,+48 22 494 84 00
0000000642,Łobacz_Ernest_9pojazd@gmail.com,732 459 420
0000000643,niemiecki_SO_48@googlemail.com.,22 651 14 16
0000000644,S80Miotke@gmail.com,+48 32 367 95 37
0000000645,AZ_17@gmail.com,+48 22 859 75 69
0000000646,Nicole_Wojtalewicz_79@gmail.com,515 391 314
0000000647,Wojtczuk_Tymon_1nowy@gmail.com,+48 507 198 454
0000000648,Kuciel6_Wiktor4@gmail.com,506 122 439
0000000649,Miszta_Kalina_7wiele@googlemail.com.,+48 665 450 535
0000000650,Hojka_Sebastian_1aktywny@gmail.com,798 079 539
0000000651,MD_20@gmail.com,32 462 67 06
0000000652,godność_FA_49@net.com,737 484 462
0000000653,P7Szara@gmail.com,574 595 308
0000000654,Angelika_Rybus_7@net.com,572 803 695
0000000655,linia_KO_89@gmail.com,669 762 718
0000000656,każdy_ŚW_66@net.com,513 416 548
0000000657,R49Nalazek@net.com,661 527 223
0000000658,Wężyk_Monika_2uczeń@googlemail.com.,509 228 768
0000000659,Wawszczak5_Aurelia0@googlemail.com.,22 745 20 29
0000000660,Mateusz_Merda_91@gmail.com,+48 603 602 391
0000000661,,not-a-phone
0000000662,Sołoducha1_Inga4@net.com,537 293 929
0000000663,Andrzej_Bieniak_3@net.com,722 277 219
0000000664,Albert_Wujek_8@googlemail.com.,+48 518 516 529
0000000665,Okraska_Gustaw_9ssak@net.com,578 499 004
0000000666,wywodzić się_BR_26@gmail.com,500 197 709
0000000667,Stupak1_Róża8@net.com,724 635 582
0000000668,okoliczność_FJ_94@net.com,32 551 92 82
0000000669,NK_5@googlemail.com.,22 274 12 56
0000000670,Justyna_Lipowicz_52@googlemail.com.,+48 32 169 48 37
0000000671,U43Wilma@googlemail.com.,512 250 913
0000000672,A44Kukieła@gmail.com,660 015 344
0000000673,K84Prygiel@net.com,+48 695 947 375
0000000674,G84Waszczyk@googlemail.com.,+48 734 806 230
0000000675,Krystkowiak_Nicole_7okręt@net.com,737 251 417
0000000676,Jeka_Adam_2model@gmail.com,+48 881 459 244
0000000677,K33Szczerek@googlemail.com.,508 383 736
0000000678,Igor_Frydrychowicz_19@googlemail.com.,887 883 675
0000000679,Buczma_Artur_3kończyć@gmail.com,22 125 14 05
0000000680,Kosela_Karina_2matematyka@net.com,+48 22 743 74 05
,KR_38,+48 788 376 836
0000000682,Iwańczyk4_Aniela5@googlemail.com.,+48 22 031 08 55
0000000683,Leon_Gill_79@googlemail.com.,+48 32 202 58 50
0000000684,Kamil_Migała_58@gmail.com,+48 721 212 140
0000000685,L54Bugiel@net.com,+48 669 376 459
0000000686,Fabian_Ćwirko_77@net.com,723 526 882
0000000687,Krystian_Dzienniak_72@net.com,725 038 261
0000000688,Fras_Marcelina_7niezwykły@googlemail.com.,+48 666 056 423
0000000689,MB_95@gmail.com,535 547 453
0000000690,Mysiak_Krystian_6zachowywać się@googlemail.com.,734 769 304
0000000691,Zontek10_Marika10@net.com,+48 32 001 37 45abc
0000000692,Lidia_Kubasiak_53@gmail.com,+48 785 060 098
0000000693,Fraszczyk_Liwia_2wysiłek@googlemail.com.,510 133 468
0000000694,Bartek_Zapora_17@gmail.com,+48 726 949 050
0000000695,M13Kozica@net.com,725 973 608
0000000696,Olkowicz_Ewelina_8szkodliwy@net.com,728 982 651
0000000697,Pawlonka10_Adrianna3@gmail.com,32 213 33 53
0000000698,Krzywonos_Urszula_3artystyczny@googlemail.com.,+48 511 410 715
0000000699,M67Sprycha@googlemail.com.,+48 32 862 37 07
0000000700,AP_31@gmail.com,787 926 129
0000000701,pustynia_WT_43@@gmail.com,578 411 486
0000000702,Róża_Owczarczak_84@net.com,+48 600 969 588
0000000703,Sprycha_Anastazja_5wodny@googlemail.com.,+48 32 517 54 68
0000000704,Marcińczyk_Blanka_4łąka@googlemail.com.,537 950 702
0000000705,Postawa7_Krystian9@googlemail.com.,575 588 762
0000000706,KC_56@gmail.com,+48 536 947 582
0000000707,Smyl1_Angelika3@net.com,511 418 918
0000000708,Marek_Paleń_83@gmail.com,+48 509 706 532
0000000709,lew_TK_94@net.com,699 768 657
0000000710,Zatoń2_Ksawery4@gmail.com,+48 576 290 585
0000000711,różny_KJ_56@gmail.com,576 535 203
0000000712,Kamil_Kurzak_8@net.com,+48 531 080 625
0000000713,zakres_KM_54@net.com,738 035 721
0000000714,AC_91@gmail.com,+48 605 212 098
0000000715,Igor_Olchawa_100@googlemail.com.,503 721 692
0000000716,M59Wawrzynowicz@gmail.com,+48 724 983 631
0000000717,Kamila_Tryc_9@net.com,+48 32 222 93 09
0000000718,Utrata4_Sandra10@net.com,799 411 040
0000000719,Białasik_Kalina_6nie@gmail.com,600 097 145
0000000720,Molek6_Sylwia4@gmail.com,+48 32 016 82 97
,D71Uroda@net.com ,000000
0000000722,O22Pęciak@googlemail.com.,+48 32 295 49 93
0000000723,Ł5Taczała@googlemail.com.,+48 722 095 157
0000000724,NF_42@net.com,+48 885 915 491
0000000725,ND_41@gmail.com,721 370 208
0000000726,składać_ŁC_88@net.com,571 432 215
0000000727,Kazior3_Iwo10@googlemail.com.,+48 515 249 522
0000000728,Kornel_Aleksiejuk_9@net.com,721 393 112
0000000729,Młynarz6_Ida3@googlemail.com.,+48 22 912 66 56
0000000730,AD_44@googlemail.com.,+48 726 279 291
0000000731,ES_39@gmail.com,+48 571 877 362
0000000732,NJ_2@gmail.com,728 072 936
0000000733,terytorium_MO_63@gmail.com,+48 608 137 277
0000000734,Cieloch_Natasza_5źle@net.com,+48 880 081 372
0000000735,Maks_Olma_13@googlemail.com.,533 871 505
0000000736,Andrzej_Sławik_41@gmail.com,536 706 610
0000000737,radio_PT_95@net.com,+48 732 085 064
0000000738,próba_KS_35@net.com,667 264 105
0000000739,rzeczywistość_GM_90@gmail.com,+48 729 113 862
0000000740,Sado6_Ksawery8@net.com,784 991 956
0000000741,,+48 732 997 101
0000000742,N83Szczesiak@gmail.com,+48 793 307 352
0000000743,pamiętać_PD_61@net.com,502 329 131
0000000744,pisać_GF_96@net.com,+48 22 306 33 84
0000000745,łączyć_ZF_32@googlemail.com.,32 774 20 89
0000000746,JE_47@net.com,694 027 938
0000000747,R77Dej@net.com,+48 502 576 494
0000000748,Kuciel1_Dominik10@googlemail.com.,+48 697 100 486
0000000749,I4Fołta@net.com,+48 505 860 974
0000000750,pokazywać_MD_12@gmail.com,574 844 767
0000000751,Kornelia_Ludwik_14@net.com,not-a-phone
0000000752,O81Berg@net.com,+48 511 101 210
0000000753,Marcelina_Puła_78@gmail.com,+48 887 552 493
0000000754,masło_KB_81@googlemail.com.,538 945 553
0000000755,PP_33@googlemail.com.,+48 786 055 502
0000000756,Groborz_Michał_5silny@net.com,722 095 383
0000000757,Oliwier_Semenowicz_86@gmail.com,784 619 249
0000000758,czterdzieści_MK_13@net.com,+48 22 662 51 03
0000000759,Palej9_Monika9@net.com,663 805 490
0000000760,Pilipczuk7_Grzegorz8@gmail.com,661 707 774
, MK_1@googlemail.com.,+48 514 114 672
0000000762,Małysiak_Aleks_71000@gmail.com,669 116 971
0000000763,Kajetan_Wosiak_16@googlemail.com.,+48 538 498 726
0000000764,EP_77@net.com,22 299 35 71
0000000765,Roszko5_Angelika8@googlemail.com.,+48 571 385 569
0000000766,Warych_Stefan_5obecny@googlemail.com.,+48 506 801 587
0000000767,Tymon_Kleban_82@googlemail.com.,+48 784 009 626
0000000768,BZ_11@googlemail.com.,+48 507 811 573
0000000769,R98Żabierek@gmail.com,+48 796 221 500
0000000770,Szywała_Michał_5wyspa@net.com,+48 22 533 33 71
0000000771,AW_22@gmail.com,+48 531 333 781
0000000772,Maks_Białczyk_97@gmail.com,+48 539 206 702
0000000773,Pyszczek_Karina_5znaczenie@net.com,+48 885 952 878
0000000774,wioska_LA_45@net.com,514 711 900
0000000775,NP_52@gmail.com,+48 667 056 507
0000000776,NR_60@googlemail.com.,602 716 128
0000000777,trzydzieści_CJ_94@net.com,+48 22 528 93 95
0000000778,Grygorcewicz7_Apolonia4@googlemail.com.,+48 886 855 539
0000000779,Roksana_Bawoł_16@googlemail.com.,+48 515 957 338
0000000780,Paweł_Hojka_62@googlemail.com.,+48 783 565 754
0000000781,N21Kazek@googlemail.com,+48 576 569 933abc
0000000782,Kornelia_Szczubełek_94@net.com,+48 881 008 150
0000000783,Żero_Aleks_5wystawa@googlemail.com.,791 380 765
0000000784,J51Kacperek@net.com,510 656 505
0000000785,Bałdys_Gaja_3tyle@net.com,+48 578 960 049
0000000786,AB_67@net.com,+48 510 466 447
0000000787,Przeniosło_Franciszek_1należeć@googlemail.com.,+48 736 087 581
0000000788,Tondera2_Kamila10@gmail.com,784 017 416
0000000789,P58Wasilewicz@googlemail.com.,+48 533 618 530
0000000790,P32Kurpisz@googlemail.com.,+48 32 832 54 99
0000000791,Anita_Cieniuch_98@googlemail.com.,+48 600 727 952
0000000792,A62Niedbał@net.com,886 494 634
0000000793,Julian_Machowicz_24@net.com,515 140 961
0000000794,Śliż_Igor_8niebo@net.com,570 489 760
0000000795,Chodak_Tadeusz_10pies@gmail.com,698 948 700
0000000796,S90Betlej@googlemail.com.,723 725 617
0000000797,Wyrobek_Maurycy_4ubranie@gmail.com,+48 888 955 006
0000000798,Fugiel_Lidia_1suma@googlemail.com.,535 710 169
0000000799,K97Rurka@net.com,+48 734 439 586
0000000800,Suchora_Malwina_6stacja@gmail.com,32 332 26 08
,Zięciak8_Wojciech2@net.com,880 994 794
0000000802,mieć na imię_SD_37@gmail.com,+48 502 876 542
0000000803,masa_SJ_22@gmail.com,698 815 948
0000000804,Jan_Jasnoch_60@gmail.com,+48 666 223 841
0000000805,Grębowiec_Arkadiusz_5sól@net.com,609 135 932
0000000806,Ciężka_Julita_5finansowy@googlemail.com.,+48 539 602 016
0000000807,Julita_Beker_64@net.com,734 107 939
0000000808,TS_82@gmail.com,781 751 647
0000000809,NK_51@net.com,537 354 534
0000000810,I59Fularczyk@googlemail.com.,731 012 933
0000000811,Miśkowiec_Krystian_4wnętrze@gmail.com,+48 784 793 430
0000000812,AN_87@gmail.com,+48 692 091 042
0000000813,obraz_SK_38@net.com,690 081 563
0000000814,AC_65@gmail.com,+48 603 208 060
0000000815,Liwia_Kożuszek_96@gmail.com,668 276 200
0000000816,AC_18@net.com,604 131 815
0000000817,przeprowadzać_SO_71@gmail.com,725 698 638
0000000818,Łusiak_Julian_5a@googlemail.com.,+48 727 692 913
0000000819,popularny_BA_44@gmail.com,781 930 079
0000000820,Litwinowicz7_Gaja9@googlemail.com.,662 398 762
0000000821,Wielądek_Wojciech_7instrument@googlemail.com.,32 654 49 73
0000000822,FG_55@net.com,739 020 407
0000000823,Duszczak1_Kornelia7@net.com,+48 694 952 802
0000000824,oko_ZJ_9@googlemail.com.,508 454 143
0000000825,Szczechowicz_Maciej_3archipelag@gmail.com,+48 691 154 744
0000000826,Chlebda2_Ignacy5@googlemail.com.,+48 729 562 682
0000000827,Kalina_Bejger_75@gmail.com,570 506 153
0000000828,Lemanowicz0_Urszula8@gmail.com,602 493 740
0000000829,Macha5_Gustaw2@net.com,508 320 735
0000000830,Łuczkiewicz_Łukasz_3pustynia@googlemail.com.,+48 736 507 925
0000000831,Robert_Szarejko_9@googlemail.com.,+48 789 789 182
0000000832,Krystkowiak6_Anna Maria5@gmail.com,539 256 550
0000000833,Wojtera8_Tomasz9@gmail.com,+48 602 771 118
0000000834,A80Pośnik@googlemail.com.,+48 538 323 383
0000000835,Nytko_Sebastian_9jajo@googlemail.com.,+48 781 087 426
0000000836,B77Paszkowiak@googlemail.com.,+48 736 634 733
0000000837,Bianka_Gula_96@gmail.com,+48 607 129 239
0000000838,Małyszka9_Krystian6@net.com,+48 605 853 094
0000000839,Duszczyk7_Aleks5@net.com,+48 515 163 223
0000000840,OB_46@net.com,+48 504 477 218
,,123
0000000842,RG_84@gmail.com,+48 736 866 860
0000000843,Kapałka6_Marcelina3@gmail.com,+48 733 361 954
0000000844,Marek_Ciesielka_4@googlemail.com.,513 587 921
0000000845,przejście_MS_32@googlemail.com.,+48 609 387 358
0000000846,Leżoń7_Jędrzej5@gmail.com,787 082 818
0000000847,Stanuch8_Krystyna0@googlemail.com.,+48 733 720 070
0000000848,Kiełbus_Mikołaj_1butelka@googlemail.com.,32 924 51 45
0000000849,Bruno_Kozdrój_12@gmail.com,797 474 788
0000000850,G49Ulewicz@gmail.com,515 553 321
0000000851,Korzonek2_Fabian3@gmail.com,+48 579 141 248
0000000852,K98Gałat@gmail.com,+48 739 127 916
0000000853,Rajchel_Wiktor_5np.@gmail.com,782 412 063
0000000854,AJ_83@gmail.com,786 068 140
0000000855,metr_CA_40@net.com,732 023 841
0000000856,Kacper_Prokopiak_17@net.com,+48 780 806 386
0000000857,Szpila4_Fabian9@net.com,22 902 90 56
0000000858,NK_44@googlemail.com.,+48 22 601 07 01
0000000859,Dominik_Ślęczka_13@gmail.com,667 995 694
0000000860,Oleksik6_Inga7@googlemail.com.,666 838 954
0000000861,C28Sutor@gmail.com <invalid>,+48 503 414 932
0000000862,PS_3@gmail.com,536 490 182
0000000863,Natasza_Kołaczyk_31@net.com,510 858 363
0000000864,BR_80@gmail.com,607 663 542
0000000865,Dagmara_Bachanek_88@googlemail.com.,+48 606 671 236
0000000866,Franc_Maurycy_4wakacje@net.com,511 776 992
0000000867,Plizga4_Radosław9@gmail.com,738 424 048
0000000868,E85Zaczyk@googlemail.com.,+48 531 495 918
0000000869,ksiądz_SO_72@gmail.com,690 403 603
0000000870,Eliza_Sędek_57@net.com,32 984 44 84
0000000871,M43Piwowarek@net.com,++533 389 964
0000000872,Sebastian_Rduch_71@gmail.com,+48 539 612 406
0000000873,M95Bak@net.com,32 032 88 99
0000000874,I89Łapacz@googlemail.com.,660 981 192
0000000875,Kacper_Łepek_2@gmail.com,506 324 150
0000000876,E9Dzienniak@gmail.com,+48 785 812 515
0000000877,Huszcza7_Patryk9@googlemail.com.,+48 533 513 199
0000000878,AP_47@googlemail.com.,+48 532 696 029
0000000879,Malcherek5_Eliza8@gmail.com,+48 738 038 433
0000000880,Mateusz_Serzysko_63@net.com,32 510 27 05
,Twardosz3_Konrad7@@gmail.com,+48 660 341 463
0000000882,Trzop5_Sylwia2@gmail.com,+48 693 726 833
0000000883,M13Żabierek@gmail.com,+48 530 686 261
0000000884,OL_11@googlemail.com.,+48 798 699 315
0000000885,JS_81@gmail.com,697 577 125
0000000886,K45Szkup@net.com,+48 574 602 104
0000000887,Nieroda6_Natasza9@googlemail.com.,739 697 620
0000000888,PM_28@net.com,+48 696 188 963
0000000889,Sonia_Tylman_98@net.com,+48 601 033 044
0000000890,N23Glica@net.com,+48 574 549 813
0000000891,Skała_Róża_5potrzebować@googlemail.com.,733 367 331
0000000892,I25Mysiak@net.com,720 849 356
0000000893,Witold_Pawliczak_53@net.com,+48 531 307 432
0000000894,M62Jurczuk@net.com,+48 510 311 564
0000000895,Kolanek_Ryszard_3czapka@gmail.com,+48 500 108 321
0000000896,mieszkanie_FA_92@gmail.com,+48 728 741 543
0000000897,Tyma2_Dagmara1@net.com,733 939 973
0000000898,ramię_FB_30@gmail.com,+48 732 898 904
0000000899,KD_48@net.com,32 842 91 98
0000000900,K55Misztela@googlemail.com.,+48 724 705 536
0000000901,Cichowlas0_Michał4@googlemail.com.,+48 727 975 097abc
0000000902,Witka5_Tymon10@gmail.com,+48 788 336 290
0000000903,Andrejczuk8_Sonia4@gmail.com,732 938 803
0000000904,D67Dudziec@gmail.com,+48 667 953 974
0000000905,powiedzieć_KG_16@gmail.com,501 867 421
0000000906,Talaśka_Eryk_4oczywiście@net.com,+48 731 424 190
0000000907,Chuchla_Marika_7strata@gmail.com,+48 607 215 945
0000000908,L16Buszko@gmail.com,+48 509 254 783
0000000909,srebrny_SA_7@net.com,+48 727 789 602
0000000910,TS_95@googlemail.com.,+48 697 250 695
0000000911,Hulbój_Tomasz_4otoczenie@net.com,+48 570 179 843
0000000912,L9Zybura@net.com,+48 783 028 542
0000000913,Majczyna0_Kalina6@gmail.com,+48 32 664 53 64
0000000914,MM_41@googlemail.com.,531 105 064
0000000915,Alan_Kuciak_67@googlemail.com.,886 649 890
0000000916,MB_83@googlemail.com.,+48 721 226 150
0000000917,Marat9_Przemysław8@googlemail.com.,602 431 879
0000000918,N75Maculewicz@net.com,+48 574 556 095
0000000919,Serzysko_Justyna_4czasownik@net.com,721 166 797
0000000920,Ryczko_Rafał_7związek@gmail.com,+48 537 965 159
,,533 146 295
0000000922,J21Sadlak@net.com,+48 533 820 387
0000000923,Miąsik7_Marika5@net.com,+48 791 684 189
0000000924,Broś1_Sylwia1@googlemail.com.,+48 785 989 525
0000000925,oddawać_RM_29@gmail.com,+48 886 232 775
0000000926,A5Kowara@net.com,516 448 214
0000000927,Żurawik_Radosław_4kraj@net.com,+48 883 730 681
0000000928,dziedzina_OM_73@googlemail.com.,579 749 949
0000000929,Gerlach_Ryszard_6narodowy@googlemail.com.,32 302 17 96
0000000930,M66Bulak@net.com,535 363 619
0000000931,Zubowicz8_Borys9@net.com,++32 879 28 55
0000000932,Gumieniak8_Bruno10@net.com,697 539 107
0000000933,K86Januchta@net.com,789 579 922
0000000934,samolot_SS_64@net.com,22 212 80 25
0000000935,HP_87@gmail.com,+48 731 725 002
0000000936,W13Kryk@net.com,506 448 860
0000000937,Klyszcz_Tymoteusz_7bajka@gmail.com,+48 725 479 717
0000000938,Natasza_Woszczyna_32@googlemail.com.,+48 723 996 658
0000000939,JG_70@net.com,+48 32 104 79 37
0000000940,Rogacz1_Oliwier4@gmail.com,+48 516 116 753
0000000941,Srokosz9_Eliza8@.com,+48 725 410 689
0000000942,ML_69@googlemail.com.,+48 732 915 275
0000000943,serce_PU_53@net.com,536 427 096
0000000944,KD_35@net.com,+48 788 802 759
0000000945,M11Pastuszko@googlemail.com.,22 674 69 48
0000000946,W90Piestrzeniewicz@googlemail.com.,726 302 154
0000000947,J97Mazanek@googlemail.com.,+48 507 875 957
0000000948,siedziba_TF_47@gmail.com,785 564 618
0000000949,Chalimoniuk_Norbert_7Japonia@net.com,518 844 515
0000000950,ŁW_79@gmail.com,721 529 844
0000000951,Mikołaj_Sura_71@gmail.com,534 962 943
0000000952,Dryka8_Nicole5@gmail.com,503 818 631
0000000953,LG_70@googlemail.com.,+48 698 869 833
0000000954,Piotr_Rapa_19@googlemail.com.,+48 22 836 55 36
0000000955,Rakus_Anita_4skóra@googlemail.com.,+48 511 634 594
0000000956,Damian_Piekart_22@googlemail.com.,+48 786 471 956
0000000957,S83Kosno@gmail.com,732 311 871
0000000958,Berendt_Klara_10żaba@gmail.com,+48 730 226 209
0000000959,Brodowicz2_Damian8@gmail.com,780 213 169
0000000960,Reiter10_Olaf0@gmail.com,+48 501 069 629
, Witold_Ciężka_70@net.com,669 112 10712345678901234567890
0000000962,scena_FM_3@net.com,699 164 766
0000000963,dziadek_LN_52@gmail.com,22 910 59 96
0000000964,Szurek3_Maks9@net.com,+48 791 296 457
0000000965,Angelika_Piersa_88@googlemail.com.,+48 889 834 162
0000000966,A63Westfal@googlemail.com.,+48 506 373 414
0000000967,Bernatowicz9_Nataniel9@net.com,721 796 751
0000000968,powietrze_KC_2@net.com,697 724 777
0000000969,Małocha10_Liwia3@googlemail.com.,+48 797 709 732
0000000970,Ostafin5_Sylwia5@googlemail.com.,884 882 023
0000000971,JS_11@googlemail.com.,517 546 755
0000000972,pragnąć_SS_78@gmail.com,+48 736 632 058
0000000973,LF_41@gmail.com,604 905 382
0000000974,Doroszkiewicz6_Agnieszka9@net.com,+48 736 301 588
0000000975,Pitek_Sebastian_2alkoholowy@net.com,+48 22 146 02 83
0000000976,ziemia_KD_10@googlemail.com.,+48 795 094 311
0000000977,Schwarz_Marcelina_8płakać@googlemail.com.,+48 501 291 437
0000000978,U59Grabias@gmail.com,788 970 354
0000000979,Prokopczyk4_Sara10@googlemail.com.,+48 510 077 982
0000000980,Kazior3_Elżbieta4@googlemail.com.,+48 796 435 733
0000000981,do_BG_38@googlemail.com,+48 22 322 91 90
0000000982,AO_77@googlemail.com.,32 526 43 91
0000000983,Gregorowicz_Julian_6wprowadzać@gmail.com,+48 511 340 649
0000000984,Kudlak5_Dawid5@net.com,507 459 630
0000000985,Apolonia_Maculewicz_80@googlemail.com.,511 866 329
0000000986,źródło_NG_51@net.com,663 298 091
0000000987,położony_KK_60@net.com,+48 887 846 337
0000000988,B41Dub@googlemail.com.,+48 532 454 665
0000000989,GB_7@gmail.com,507 800 172
0000000990,AK_53@googlemail.com.,+48 724 398 798
0000000991,Hubert_Giersz_95@gmail.com,22 842 63 89
0000000992,Pietraś6_Maurycy1@gmail.com,882 689 982
0000000993,Roch6_Daniel8@gmail.com,+48 504 358 743
0000000994,FP_8@googlemail.com.,32 511 55 07
0000000995,samica_WA_37@gmail.com,32 977 54 72
0000000996,S55Banek@net.com,505 465 943
0000000997,Róża_Kokosza_55@googlemail.com.,661 771 190
0000000998,Wisz_Wiktor_3zmęczony@googlemail.com.,538 303 723
0000000999,Kojder_Kalina_2dziecko@googlemail.com.,503 911 360
0000001000,BM_13@net.com,+48 886 899 804
,Sornat_Elżbieta_4zatoka@googlemail.com. ,530 679 698
0000001002,Ewa_Leżoń_3@net.com,+48 500 085 792
0000001003,P67Januszewicz@net.com,519 281 094
0000001004,J5Harasimiuk@net.com,733 613 237
0000001005,I60Burchardt@net.com,697 116 412
0000001006,Duczmal_Inga_1kolega@googlemail.com.,+48 733 574 931
0000001007,dokładnie_DO_96@gmail.com,+48 790 787 808
0000001008,Chaber8_Lidia5@gmail.com,604 586 387
0000001009,Janc_Szymon_10korona@net.com,535 670 663
0000001010,O50Kuster@gmail.com,+48 32 595 26 05
0000001011,Olaf_Radzewicz_47@net.com,+48 790 881 255
0000001012,Flisek_Marika_3atmosfera@gmail.com,+48 790 450 324
0000001013,Kochel2_Alan2@gmail.com,666 715 722
0000001014,AS_32@gmail.com,+48 722 543 619
0000001015,O80Behrendt@gmail.com,508 833 042
0000001016,Powałka2_Ewa8@gmail.com,+48 534 179 040
0000001017,M6Ruman@googlemail.com.,+48 531 681 935
0000001018,JS_37@googlemail.com.,+48 699 549 904
0000001019,Klorek10_Tola10@gmail.com,+48 518 175 744
0000001020,kino_SL_94@googlemail.com.,32 878 35 01
0000001021,Idec_Ryszard_8żaden@gmail.com,not-a-phone
0000001022,CM_8@gmail.com,574 560 689
0000001023,Szklarek0_Tadeusz2@net.com,510 406 309
0000001024,Olga_Piaseczna_55@googlemail.com.,601 191 810
0000001025,SG_85@googlemail.com.,+48 790 344 068
0000001026,Mateńko_Kamil_5ci@net.com,666 145 535
0000001027,Krystian_Anders_60@googlemail.com.,+48 884 377 242
0000001028,Julita_Gałach_85@gmail.com,+48 887 854 383
0000001029,Artur_Pal_71@gmail.com,+48 22 834 68 73
0000001030,IM_12@googlemail.com.,570 044 886
0000001031,Murat3_Błażej6@net.com,571 070 566
0000001032,Olga_Członka_70@net.com,+48 780 802 695
0000001033,Tobiasz_Dybał_58@gmail.com,736 617 947
0000001034,AK_40@net.com,721 190 356
0000001035,Andrzej_Mazek_76@gmail.com,739 037 383
0000001036,A29Malcherek@googlemail.com.,+48 22 570 54 06
0000001037,Marcin_Potęga_74@gmail.com,+48 791 645 165
0000001038,Juliusz_Sadowy_80@googlemail.com.,+48 604 430 177
0000001039,Gustaw_Kopyto_20@net.com,+48 600 252 996
0000001040,Choroś5_Alan10@gmail.com,665 504 558
,,22 420 06 38
0000001042,Rysz_Liwia_2robić@googlemail.com.,691 569 734
0000001043,Buza_Monika_710@net.com,+48 22 212 18 60
0000001044,Kazana_Krystian_4koszt@gmail.com,+48 732 526 275
0000001045,Piotr_Korbut_73@gmail.com,22 332 73 98
0000001046,Maks_Leoniuk_92@googlemail.com.,+48 32 947 21 38
0000001047,NF_99@googlemail.com.,+48 695 330 677
0000001048,Andrzej_Suda_46@googlemail.com.,+48 798 722 771
0000001049,szczególny_KJ_13@gmail.com,884 134 866
0000001050,lud_ZM_61@googlemail.com.,+48 662 915 310
0000001051,Oskar_Bronka_50@gmail.com,not-a-phone
0000001052,Kozaczuk_Kalina_7znaczny@gmail.com,+48 533 800 863
0000001053,L38Ślebioda@googlemail.com.,604 261 200
0000001054,Nataniel_Nitek_79@net.com,32 277 60 51
0000001055,KP_48@googlemail.com.,577 387 194
0000001056,OL_61@gmail.com,32 086 53 65
0000001057,Giel4_Sandra7@gmail.com,692 978 939
0000001058,Sandra_Butrym_14@net.com,+48 785 731 481
0000001059,Alan_Tułacz_80@googlemail.com.,+48 880 431 961
0000001060,Kosidło_Sylwia_5papież@googlemail.com.,+48 22 070 06 87
0000001061,Guściora6_Jerzy5@googlemail.com. <invalid>,+48 724 286 551
0000001062,J2Jaszcz@googlemail.com.,+48 22 371 27 63
0000001063,chmura_WA_51@net.com,22 455 70 60
0000001064,AP_56@net.com,731 791 559
0000001065,Karkut_Sandra_9nasiono@net.com,+48 22 741 41 33
0000001066,Inga_Koziatek_75@googlemail.com.,22 325 34 88
0000001067,EK_64@net.com,+48 506 556 419
0000001068,JG_16@googlemail.com.,730 877 301
0000001069,Rozalia_Śmieja_9@googlemail.com.,+48 788 680 531
0000001070,M27Windak@net.com,604 715 323
0000001071,pochodzić_CD_93@net.com,695 857 529
0000001072,Ograbek_Liwia_7okazja@googlemail.com.,+48 881 503 072
0000001073,Ciężka_Adrianna_9duch@googlemail.com.,+48 570 008 171
0000001074,O77Mleczek@gmail.com,886 698 374
0000001075,Garbacik_Kacper_7miejsce@googlemail.com.,+48 723 429 337
0000001076,Kubek_Aleks_8wybór@googlemail.com.,+48 22 844 94 30
0000001077,Karina_Ochnio_90@net.com,+48 697 137 527
0000001078,przedmiot_NA_60@net.com,32 846 74 02
0000001079,Mateńko8_Tola7@googlemail.com.,784 575 455
0000001080,posiłek_DE_87@googlemail.com.,+48 691 619 687
, HG_60@gmail.com,515000093
0000001082,Maksymilian_Jagieło_38@gmail.com,539 704 980
0000001083,G93Wyroślak@googlemail.com.,32 897 58 71
0000001084,wszystkie_OA_73@net.com,+48 608 302 931
0000001085,IS_43@net.com,503 634 511
0000001086,nos_KA_61@googlemail.com.,+48 503 604 252
0000001087,Arkadiusz_Kolarczyk_49@googlemail.com.,727 580 667
0000001088,Ukraina_PM_68@gmail.com,505 409 562
0000001089,MŁ_46@googlemail.com.,738 103 032
0000001090,Oskar_Ścieszka_18@net.com,886 390 189
0000001091,Ignacy_Graj_54@gmail.com,795 336 977
0000001092,Moneta_Janina_10zamiar@net.com,662 334 670
0000001093,wzdłuż_SK_26@gmail.com,783 232 964
0000001094,Marcel_Szczepaniuk_35@gmail.com,729 152 524
0000001095,Błażej_Reich_80@net.com,+48 531 736 411
0000001096,J1Kosz@googlemail.com.,+48 513 725 521
0000001097,Gamrat_Roksana_8blisko@net.com,+48 518 949 347
0000001098,Hynek_Nela_2rozumieć@net.com,691 649 560
0000001099,Kupś1_Kajetan9@net.com,22 122 36 54
0000001100,babcia_WE_18@googlemail.com.,509 463 455
0000001101, siła_FJ_9@googlemail.com.,+48 795 656 047
0000001102,Szwiec_Stanisław_4student@gmail.com,721 339 220
0000001103,Bondaruk4_Julita9@gmail.com,+48 513 412 396
0000001104,Sus7_Nicole3@googlemail.com.,32 531 91 50
0000001105,Mysior_Melania_4prywatny@net.com,22 022 73 03
0000001106,przecież_RJ_69@googlemail.com.,22 537 82 42
0000001107,K17Maślach@googlemail.com.,+48 787 906 275
0000001108,EU_10@gmail.com,+48 32 717 07 13
0000001109,WK_43@googlemail.com.,693 058 528
0000001110,głód_BB_60@gmail.com,32 878 60 43
0000001111,Adrianna_Bejnarowicz_98@gmail.com,
0000001112,Jerzy_Tatarek_80@googlemail.com.,798 337 523
0000001113,FT_33@googlemail.com.,669 784 442
0000001114,poziom_SL_43@net.com,783 586 735
0000001115,KR_29@googlemail.com.,+48 516 740 901
0000001116,AT_91@googlemail.com.,+48 798 742 761
0000001117,Pyś4_Anita10@googlemail.com.,+48 22 537 83 77
0000001118,Madejczyk_Stanisław_5pamiętać@googlemail.com.,+48 693 607 063
0000001119,A1Bejger@net.com,+48 502 461 905
0000001120,Ignacy_Trzmiel_55@gmail.com,505 504 719
,,576 807 178
0000001122,JM_5@googlemail.com.,570 405 986
0000001123,KG_75@net.com,734 264 638
0000001124,I82Siembab@net.com,784 951 321
0000001125,Wojtoń5_Malwina3@gmail.com,884 486 386
0000001126,Kara9_Leonard8@googlemail.com.,574 251 841
0000001127,Tymon_Rozumek_9@googlemail.com.,+48 531 674 909
0000001128,Pera6_Dorota1@net.com,22 345 41 27
0000001129,Kacper_Bek_78@net.com,531 499 865
0000001130,E16Kopiczko@gmail.com,+48 789 611 439
0000001131,centralny_SC_86@googlemail.com.,+48 663 413 350
0000001132,Krasa5_Aleks10@googlemail.com.,+48 533 900 783
0000001133,O16Ciochoń@gmail.com,+48 32 894 15 30
0000001134,Łuszczak_Sylwia_8Kraków@googlemail.com.,+48 600 539 987
0000001135,Przemysław_Byra_96@googlemail.com.,+48 532 923 801
0000001136,Krzyśków5_Sebastian2@net.com,+48 576 548 433
0000001137,dotyczyć_KI_56@net.com,722 600 805
0000001138,suma_KO_3@net.com,506 230 521
0000001139,powolny_BA_48@gmail.com,+48 532 754 584
0000001140,DŻ_9@gmail.com,+48 500 726 811
0000001141,@net.com,abc+48 537 738 415
0000001142,policzek_PN_59@googlemail.com.,+48 797 791 086
0000001143,Chwedczuk_Justyna_1efekt@googlemail.com.,724 479 289
0000001144,JM_73@net.com,+48 737 791 215
0000001145,M83Ziarek@gmail.com,692 868 809
0000001146,Penkala_Ida_7problem@gmail.com,731 486 789
0000001147,Sass_Kornelia_2zając@googlemail.com.,+48 515 176 552
0000001148,Hawrylak10_Monika3@net.com,32 416 04 53
0000001149,niebieski_FB_40@net.com,720 859 583
0000001150,Kunc2_Maciej9@googlemail.com.,506 290 292
0000001151,Przemysław_Betka_81@googlemail.com.,+48 787 302 767
0000001152,Ficner2_Dawid3@gmail.com,22 806 76 99
0000001153,A19Wujec@googlemail.com.,606 362 055
0000001154,Fiołka1_Daniel1@net.com,601 882 684
0000001155,Zieniewicz3_Urszula0@net.com,+48 535 285 138
0000001156,NP_79@googlemail.com.,534 832 747
0000001157,LZ_56@googlemail.com.,+48 738 567 612
0000001158,Krystyna_Nojman_9@gmail.com,+48 794 290 125
0000001159,Krystian_Piksa_93@googlemail.com.,+48 783 137 260
0000001160,M15Ławniczek@gmail.com,32 618 17 70
,,+48 792 156 157
0000001162,Saj8_Róża10@net.com,511 895 468
0000001163,zarówno_MŁ_35@googlemail.com.,+48 723 199 466
0000001164,Doroz2_Natan1@gmail.com,738 207 984
0000001165,kamień_RM_55@gmail.com,731 072 577
0000001166,I13Jaszczyszyn@gmail.com,786 215 360
0000001167,promień_RE_70@gmail.com,512 115 619
0000001168,JP_36@net.com,+48 695 910 655
0000001169,Matyka4_Bianka10@net.com,+48 660 524 407
0000001170,KZ_30@net.com,+48 693 073 659
0000001171,AP_21@net.com,500 341 068
0000001172,Zimoń_Kornelia_8narodowość@gmail.com,503 288 506
0000001173,Alan_Tyma_62@net.com,+48 32 248 91 00
0000001174,A56Pich@gmail.com,+48 32 198 90 83
0000001175,zacząć_ST_44@googlemail.com.,+48 512 215 279
0000001176,Otremba_Iwo_7położenie@googlemail.com.,+48 22 447 39 88
0000001177,Tymon_Karaśkiewicz_44@net.com,+48 22 634 55 85
0000001178,ED_20@googlemail.com.,+48 508 416 375
0000001179,Stosik2_Cezary7@gmail.com,660 080 726
0000001180,Skrzecz_Krzysztof_1nastrój@googlemail.com.,32 762 03 87
0000001181,,22 603 59 93
0000001182,Tomasz_Kuświk_63@net.com,788 371 547
0000001183,Łasak4_Aleksander5@gmail.com,696 487 174
0000001184,M93Gral@googlemail.com.,782 659 248
0000001185,K60Szok@net.com,+48 781 587 704
0000001186,K58Kohnke@googlemail.com.,+48 22 361 26 48
0000001187,E34Kudela@gmail.com,+48 795 198 061
0000001188,DS_53@net.com,506 248 405
0000001189,Gradek4_Norbert7@net.com,22 636 50 65
0000001190,Grzesiek_Cezary_3dać się@googlemail.com.,32 755 49 84
0000001191,Watras10_Agnieszka7@net.com,690 329 878
0000001192,otaczać_ŁA_70@googlemail.com.,696 247 112
0000001193,zespół_DA_51@net.com,791 030 920
0000001194,Hajdukiewicz3_Tola7@gmail.com,666 835 436
0000001195,cisza_BD_12@googlemail.com.,723 564 886
0000001196,TK_22@gmail.com,32 460 22 55
0000001197,Ida_Dyjas_4@net.com,690 069 353
0000001198,próbować_OT_96@googlemail.com.,+48 730 920 340
0000001199,miejscowość_SM_24@net.com,738 377 956
0000001200,Lipowicz7_Tola2@gmail.com,+48 602 883 611
,Kuczak5_Hubert3@net.com,123
0000001202,KB_79@gmail.com,+48 534 539 856
0000001203,Karol_Bełza_94@net.com,+48 506 352 050
0000001204,Kobza_Kalina_6płakać@googlemail.com.,608 427 208
0000001205,instrument_ZS_6@net.com,+48 722 148 218
0000001206,P12Opioła@googlemail.com.,32 622 80 34
0000001207,mleko_ZB_75@gmail.com,691 087 585
0000001208,M22Flasza@gmail.com,+48 606 954 182
0000001209,AP_8@googlemail.com.,699 271 921
0000001210,Pesta_Melania_9Włochy@net.com,22 870 47 86
0000001211,Korab7_Tymon4@gmail.com,663 738 547
0000001212,Budych4_Kajetan0@net.com,508 098 307
0000001213,Nikodem_Lizoń_12@net.com,+48 534 732 288
0000001214,Wiktor_Kościukiewicz_53@googlemail.com.,+48 726 227 068
0000001215,Broszkiewicz_Anita_10miejscowość@googlemail.com.,+48 784 801 266
0000001216,R40Pociask@googlemail.com.,605 392 779
0000001217,J94Czerepak@net.com,+48 604 619 361
0000001218,Fularczyk_Julian_1gardło@googlemail.com.,+48 570 916 730
0000001219,RO_55@gmail.com,+48 516 503 619
0000001220,Cuch2_Ada10@net.com,+48 796 004 360
0000001221,Dagmara_Łyś_82 @gmail.com,601 705 206
0000001222,Olgierd_Szłapka_2@googlemail.com.,+48 724 723 388
0000001223,dziewiąty_CJ_48@googlemail.com.,+48 797 189 188
0000001224,Słomian10_Arkadiusz5@gmail.com,22 885 70 62
0000001225,Mudlaff_Tymon_9koń@gmail.com,881 554 815
0000001226,A2Kruszona@gmail.com,+48 665 241 283
0000001227,Jakub_Faltyn_87@gmail.com,579 696 823
0000001228,Kalina_Pyszczek_2@gmail.com,+48 661 273 716
0000001229,Burzec10_Ewa5@gmail.com,+48 780 623 807
0000001230,m.in._ŻK_5@googlemail.com.,733 604 563
0000001231,L82Protasiuk@net.com,not-a-phone
0000001232,Pompa_Olga_1potrzebować@gmail.com,+48 500 044 526
0000001233,AT_51@net.com,+48 737 777 121
0000001234,D69Węgier@gmail.com,660 332 912
0000001235,Oskar_Chaba_88@gmail.com,+48 22 801 79 79
0000001236,Szaj7_Melania2@googlemail.com.,799 224 482
0000001237,LA_21@googlemail.com.,722 550 887
0000001238,głód_PD_1@gmail.com,32 640 80 13
0000001239,Barankiewicz_Ewelina_8przynieść@googlemail.com.,+48 22 639 58 86
0000001240,Marek_Doktór_20@net.com,32 894 28 24
,KAMYSZEK_IDA_7URODZIĆ SIĘ@NET.COM,536 625 537
0000001242,bogactwo_ZB_63@gmail.com,664 900 453
0000001243,S76Fierek@net.com,536 731 008
0000001244,Przewoźny_Nela_2bogactwo@gmail.com,608 995 386
0000001245,K56Rogacz@googlemail.com.,606 010 003
0000001246,LP_73@net.com,+48 736 994 109
0000001247,Butrym_Norbert_9produkcja@gmail.com,601 057 578
0000001248,M14Wawrzynkiewicz@googlemail.com.,693 345 905
0000001249,CM_24@gmail.com,+48 665 424 132
0000001250,Walo4_Kornelia2@gmail.com,600 801 735
0000001251,nazwisko_JB_10@net.com,883 369 283
0000001252,Anastazja_Tłuczek_71@gmail.com,738 763 133
0000001253,Szyguła_Malwina_2jednostka@net.com,+48 729 987 798
0000001254,Hałka8_Bartek4@gmail.com,+48 503 477 118
0000001255,Kosela9_Lidia8@net.com,+48 693 164 123
0000001256,M58Zackiewicz@net.com,882 175 046
0000001257,tracić_ZI_2@googlemail.com.,608 762 386
0000001258,Rozmiarek_Sara_1pozwalać@net.com,+48 734 917 554
0000001259,BM_90@googlemail.com.,570 889 088
0000001260,Oskar_Futyma_46@googlemail.com.,725 135 144
0000001261, Fitas7_Aurelia6@gmail.com,+48 887 821 899
0000001262,TK_45@gmail.com,+48 735 588 158
0000001263,ER_7@googlemail.com.,+48 794 956 196
0000001264,dolina_ZN_56@gmail.com,888 015 663
0000001265,Jan_Fitas_60@gmail.com,+48 32 524 82 98
0000001266,organizacja_MT_96@googlemail.com.,+48 669 976 099
0000001267,Sulich5_Błażej9@googlemail.com.,+48 793 034 847
0000001268,IR_48@net.com,+48 503 703 836
0000001269,dla_NB_34@net.com,696 197 446
0000001270,Julita_Gapys_18@net.com,880 745 170
0000001271,JG_29@googlemail.com.,+48 737 205 453
0000001272,Kiełek_Marcel_9bułgarski@gmail.com,502 309 295
0000001273,Bobel7_Ewelina3@googlemail.com.,664 724 394
0000001274,A83Poniedziałek@net.com,885 183 377
0000001275,A19Kornak@net.com,+48 609 799 502
0000001276,Olgierd_Zieja_8@net.com,736 889 090
0000001277,E1Trawka@googlemail.com.,+48 22 964 12 62
0000001278,Steinke_Sebastian_6wygląd@net.com,695 215 462
0000001279,Hołota_Marcelina_3oddział@gmail.com,733 047 281
0000001280,Bianka_Jaroch_1@net.com,+48 503 345 055
,MP_42@googlemail.com.,602 763 365
0000001282,Igras_Maksymilian_10obejmować@googlemail.com.,+48 731 118 360
0000001283,Gajdzik8_Dawid10@googlemail.com.,538 038 736
0000001284,Mirgos_Józef_5kościelny@googlemail.com.,+48 22 167 09 66
0000001285,KL_73@net.com,+48 721 720 192
0000001286,Marcel_Drej_35@gmail.com,+48 664 114 689
0000001287,Pałgan_Anita_7nóż@gmail.com,794 344 335
0000001288,Adam_Ładniak_35@net.com,+48 609 780 828
0000001289,FE_90@gmail.com,+48 530 379 499
0000001290,sylaba_BN_53@googlemail.com.,536 939 186
0000001291,Dycha5_Anastazja8@net.com,123
0000001292,Tadeusz_Ciesielka_98@gmail.com,+48 793 669 310
0000001293,Szymanik2_Sylwia3@gmail.com,886 147 372
0000001294,J35Kamyszek@net.com,786 639 082
0000001295,para_KD_35@net.com,+48 500 182 758
0000001296,AZ_41@net.com,+48 885 038 051
0000001297,Skomra5_Aniela7@googlemail.com.,+48 736 922 564
0000001298,wujek_DA_43@net.com,513 299 049
0000001299,Przemysław_Pich_38@net.com,+48 605 967 611
0000001300,także_LO_75@googlemail.com.,884 117 432
0000001301,DUDCZAK10_KSAWERY1@GOOGLEMAIL.COM.,+48 782 333 133
0000001302,TS_92@net.com,+48 691 629 106
0000001303,KK_44@gmail.com,+48 32 888 49 12
0000001304,nieprzyjemny_DH_83@googlemail.com.,+48 795 670 442
0000001305,Kazior8_Juliusz0@gmail.com,+48 694 019 626
0000001306,Australia_SJ_45@net.com,887 415 197
0000001307,KK_87@gmail.com,785 018 333
0000001308,brat_DK_95@googlemail.com.,22 654 90 83
0000001309,Julianna_Derek_95@googlemail.com.,+48 32 876 17 39
0000001310,Dziełak_Roksana_5składać się@net.com,511 872 205
0000001311,Raźniak9_Tadeusz2@net.com,+48 887 024 344
0000001312,Sonia_Padło_78@gmail.com,+48 516 425 873
0000001313,Jancewicz6_Nicole9@gmail.com,+48 663 759 573
0000001314,AN_2@googlemail.com.,+48 733 200 053
0000001315,nazwa_WL_20@gmail.com,+48 508 625 736
0000001316,Anita_Klimko_2@net.com,+48 732 199 196
0000001317,MS_85@net.com,+48 536 279 075
0000001318,A40Kalota@gmail.com,880 457 398
0000001319,bitwa_ZI_52@gmail.com,+48 799 410 933
0000001320,KB_55@gmail.com,+48 533 147 766
,AM_23 @googlemail.com.,not-a-phone
0000001322,Gustaw_Dudziec_83@net.com,+48 574 440 350
0000001323,L31Fryś@gmail.com,538 074 625
0000001324,Samoraj_Inga_5przynosić@net.com,795 676 341
0000001325,rzucać_LM_25@gmail.com,+48 693 866 030
0000001326,pochodzić_MO_77@gmail.com,+48 22 374 78 94
0000001327,WR_37@net.com,+48 691 254 277
0000001328,J80Gołofit@net.com,+48 22 037 04 63
0000001329,O42Burkiewicz@googlemail.com.,697 195 754
0000001330,IK_32@googlemail.com.,+48 530 671 793
0000001331,dusza_PA_49@googlemail.com.,571 071 763
0000001332,Radosław_Małas_41@gmail.com,504 936 222
0000001333,Figat_Karol_4pisanie@net.com,507 510 915
0000001334,upadek_ST_31@gmail.com,+48 660 440 386
0000001335,Siara6_Aleks1@gmail.com,697 544 523
0000001336,Anastazja_Pusz_5@googlemail.com.,+48 783 448 119
0000001337,uprawiać_SJ_67@net.com,+48 515 569 430
0000001338,Dymarczyk_Liwia_7martwy@gmail.com,791 926 944
0000001339,A20Szpala@googlemail.com.,+48 882 740 000
0000001340,Szczypek6_Cyprian8@gmail.com,519 281 294
0000001341,CM_38@googlemail.com. <invalid>,+48 603 123 929
0000001342,stawać się_FT_70@googlemail.com.,+48 668 555 440
0000001343,HM_98@googlemail.com.,+48 22 649 05 91
0000001344,zawodnik_MA_37@gmail.com,571 975 824
0000001345,Pleskot0_Aleks1@googlemail.com.,694 150 122
0000001346,Kokosza3_Ida0@googlemail.com.,+48 692 430 964
0000001347,AP_52@net.com,662 664 733
0000001348,Kozica_Mieszko_9letni@net.com,+48 661 922 662
0000001349,pomidor_WM_50@gmail.com,+48 730 041 135
0000001350,W9Gebauer@googlemail.com.,+48 22 361 64 76
0000001351,R22Misiejuk@gmail.com, 22 474 15 55
0000001352,KK_67@googlemail.com.,693 070 081
0000001353,Nieborak7_Dagmara2@gmail.com,738 927 571
0000001354,J41Bobel@googlemail.com.,+48 725 446 801
0000001355,K19Hajduga@gmail.com,+48 604 454 299
0000001356,Rosłon_Aleks_10król@gmail.com,666 434 352
0000001357,Marek_Radziewicz_53@net.com,531 524 277
0000001358,Kosznik_Józef_8dane@gmail.com,538 966 739
0000001359,Żołna_Cyprian_10technika@gmail.com,609 249 839
0000001360,Jezus_JB_86@gmail.com,609 743 411
,AK_83@googlemail.com. ,+48 793 485 645
0000001362,Kornek_Natan_6połączyć@net.com,+48 882 396 565
0000001363,Bartek_Bartocha_30@gmail.com,32 733 74 05
0000001364,Klucznik_Dariusz_6liczba atomowa@net.com,886 283 458
0000001365,władza_GE_32@net.com,+48 601 791 979
0000001366,Juliusz_Buszta_100@gmail.com,+48 506 141 025
0000001367,AT_75@net.com,606 038 121
0000001368,wieś_SM_87@googlemail.com.,511 000 512
0000001369,Dagmara_Herok_64@googlemail.com.,+48 607 489 494
0000001370,Tłuczek0_Natasza10@net.com,+48 888 103 533
0000001371,udać się_DO_92@googlemail.com.,+48 32 747 45 80
0000001372,M82Tłuczek@googlemail.com.,513 582 643
0000001373,UC_81@net.com,539 009 941
0000001374,Meissner10_Maurycy0@net.com,601 370 966
0000001375,Gaudyn10_Bianka0@googlemail.com.,730 961 714
0000001376,2_WB_81@net.com,535 430 293
0000001377,Urszula_Dudała_50@gmail.com,780 593 642
0000001378,AS_88@googlemail.com.,660 532 968
0000001379,swój_KM_13@net.com,+48 32 729 68 00
0000001380,Olga_Pera_72@googlemail.com.,+48 32 630 27 06
0000001381,A36Ryczko @googlemail.com.,32 224 09 75
0000001382,przed_OE_40@googlemail.com.,668 181 829
0000001383,Drabczyk_Krystyna_8wyrażać@googlemail.com.,575 843 385
0000001384,znaczyć_GC_59@googlemail.com.,32 297 11 81
0000001385,policzek_KR_19@gmail.com,601 728 351
0000001386,K71Betka@googlemail.com.,+48 735 840 469
0000001387,Anita_Matura_87@net.com,510 146 341
0000001388,dać się_MR_1@net.com,693 874 955
0000001389,Sporek_Nikodem_2wspólnota@net.com,+48 699 689 648
0000001390,Justyna_Mendyka_67@net.com,727 101 016
0000001391,pomóc_JR_28@gmail.com,+48 509 977 329
0000001392,Artur_Browarczyk_18@gmail.com,+48 507 369 552
0000001393,Pawlukiewicz_Sandra_9zwrot@googlemail.com.,785 822 477
0000001394,P91Burchard@gmail.com,+48 730 553 408
0000001395,Mejer3_Kornelia3@gmail.com,+48 505 597 030
0000001396,Janduła_Dominik_9wypowiedź@net.com,+48 663 935 217
0000001397,SO_35@net.com,+48 579 497 499
0000001398,Wasil_Kajetan_9relacja@gmail.com,+48 889 072 706
0000001399,Patryk_Hanusiak_48@googlemail.com.,+48 602 047 700
0000001400,DZ_70@googlemail.com.,720 916 286
,.przyjąć_RF_37@gmail.com,787 283 876
0000001402,Ryfa_Aleksander_3powoli@net.com,+48 693 250 575
0000001403,Iwanow8_Kamila2@gmail.com,+48 576 334 418
0000001404,Litwinowicz6_Kazimierz3@gmail.com,+48 573 346 675
0000001405,J17Opyrchał@gmail.com,+48 605 484 174
0000001406,NG_94@net.com,+48 736 759 923
0000001407,ubogi_DJ_43@googlemail.com.,+48 783 583 113
0000001408,K60Ciepłuch@net.com,+48 517 784 796
0000001409,Thiel_Malwina_3z krwi i kości@googlemail.com.,789 259 924
0000001410,AS_62@googlemail.com.,794 613 184
0000001411,Pikula_Bianka_6źródło@net.com,not-a-phone
0000001412,Angelika_Mandrysz_73@net.com,530 365 735
0000001413,Kosman_Sara_9zadanie@gmail.com,780 659 616
0000001414,postawić_DK_34@gmail.com,691 100 320
0000001415,Garncarek_Inga_7chociaż@googlemail.com.,+48 32 992 28 91
0000001416,AM_24@gmail.com,+48 664 631 624
0000001417,UG_76@googlemail.com.,729 700 096
0000001418,KT_25@gmail.com,539 749 678
0000001419,B97Kołata@net.com,+48 577 394 093
0000001420,W37Klaja@net.com,514 114 556
0000001421,czerwony_DE_99@net.com,+48 664 242 082
0000001422,Witold_Kułach_85@gmail.com,510 867 506
0000001423,MP_89@net.com,+48 784 231 300
0000001424,Nazarko9_Sandra2@googlemail.com.,880 905 599
0000001425,Oliwier_Pawlos_46@gmail.com,+48 509 733 377
0000001426,Cezary_Strojna_62@googlemail.com.,+48 662 677 953
0000001427,Kamila_Bisaga_76@googlemail.com.,508 858 305
0000001428,JK_13@gmail.com,790 997 447
0000001429,Anastazja_Berek_20@gmail.com,666 515 785
0000001430,Janina_Panasewicz_32@net.com,796 259 063
0000001431,MS_4@gmail.com,+48 514 976 634
0000001432,NH_18@gmail.com,+48 570 312 763
0000001433,zwyczaj_NE_39@gmail.com,+48 32 471 19 21
0000001434,DW_58@googlemail.com.,+48 881 728 755
0000001435,Armatys3_Sandra2@net.com,+48 739 897 844
0000001436,wrogość_HA_83@net.com,+48 535 311 822
0000001437,A19Bembenek@gmail.com,+48 32 186 31 05
0000001438,Wąsiewicz2_Anastazja9@gmail.com,+48 738 625 466
0000001439,Świergiel9_Rafał9@gmail.com,+48 665 036 796
0000001440,Nikodem_Mamcarz_20@gmail.com,884 152 278
,MAŁŻEŃSTWO_FM_14@GOOGLEMAIL.COM., 510 472 997
0000001442,WŁ_41@gmail.com,572 447 824
0000001443,AL_52@net.com,+48 22 870 82 08
0000001444,Sutor_Sebastian_1wóz@googlemail.com.,+48 502 451 643
0000001445,Skup3_Sonia5@net.com,502 704 733
0000001446,B88Bojarczuk@googlemail.com.,+48 511 549 781
0000001447,DB_39@gmail.com,+48 739 518 719
0000001448,I96Kucharz@googlemail.com.,738 303 977
0000001449,NW_68@googlemail.com.,22 428 40 81
0000001450,K4Szela@net.com,32 859 08 54
0000001451,I7Kutnik@gmail.com,+48 790 382 378
0000001452,Dominik_Kinal_84@net.com,+48 734 901 716
0000001453,Iwo_Gniewek_59@gmail.com,501 238 837
0000001454,Aniela_Fedyk_26@gmail.com,+48 724 572 916
0000001455,Ada_Bojdo_97@googlemail.com.,+48 22 229 18 86
0000001456,Jacek_Powałka_8@net.com,+48 727 727 318
0000001457,Witan10_Kamila8@googlemail.com.,+48 783 522 166
0000001458,AB_18@googlemail.com.,+48 519 320 253
0000001459,KA_33@net.com,+48 784 657 619
0000001460,AJ_20@googlemail.com.,+48 884 783 947
0000001461,TS_90@googlemail.com.,+48 535 032 032
0000001462,Parus3_Daniel2@net.com,508 422 412
0000001463,AK_69@net.com,+48 720 211 739
0000001464,łąka_DA_95@net.com,573 693 547
0000001465,A50Mydlak@net.com,601 849 099
0000001466,modlitwa_GJ_63@gmail.com,886 627 407
0000001467,WS_56@net.com,504 787 388
0000001468,IS_41@gmail.com,+48 723 495 120
0000001469,Kurbiel5_Nataniel7@net.com,32 653 55 14
0000001470,L92Pachołek@googlemail.com.,513 996 542
0000001471,KR_26@googlemail.com.,732 814 56612345678901234567890
0000001472,Gustaw_Bałdys_52@net.com,+48 732 098 196
0000001473,S2Jarmużek@gmail.com,32 540 23 15
0000001474,Kosidło_Adam_7centralny@gmail.com,726 507 014
0000001475,Pasiak1_Anna Maria0@googlemail.com.,+48 886 898 891
0000001476,W27Michalczak@net.com,+48 22 072 06 75
0000001477,Justyna_Oleksak_30@gmail.com,+48 727 094 643
0000001478,Franik_Blanka_8bawić się@net.com,+48 514 417 555
0000001479,ogień_KJ_50@net.com,737 244 030
0000001480,telefon_KM_22@googlemail.com.,+48 22 664 65 51
,T85Kohut@googlemail.com.,739 935 367
0000001482,Klara_Czupryn_41@googlemail.com.,+48 782 143 150
0000001483,M76Feret@net.com,+48 725 252 158
0000001484,Dawid_Chatys_66@googlemail.com.,+48 22 515 24 94
0000001485,Tymon_Wac_71@net.com,+48 736 402 299
0000001486,Kurant10_Jeremi7@net.com,510 628 154
0000001487,ilość_FM_64@googlemail.com.,502 288 878
0000001488,Eliza_Engler_98@googlemail.com.,579 866 165
0000001489,Nicole_Żabka_11@gmail.com,+48 22 334 93 94
0000001490,Ada_Żal_84@net.com,724 823 619
0000001491,KO_25@googlemail.com.,+48 736 182 345
0000001492,Cukier0_Nataniel4@googlemail.com.,+48 22 531 46 42
0000001493,symbol_FD_15@gmail.com,793 187 356
0000001494,CG_74@net.com,+48 571 561 548
0000001495,Majnusz9_Angelika7@googlemail.com.,731 898 044
0000001496,J93Sobisz@net.com,727 965 720
0000001497,książka_LM_53@net.com,664 188 186
0000001498,A58Olszowa@gmail.com,+48 786 247 175
0000001499,Fiołek2_Blanka5@net.com,+48 796 540 553
0000001500,AT_14@googlemail.com.,572 726 347
0000001501,TD_23@GMAIL.COM, 795 402 267
0000001502,opinia_BM_49@gmail.com,+48 600 200 307
0000001503,A17Bałdys@gmail.com,+48 784 040 703
0000001504,N77Pastuszek@net.com,+48 503 779 696
0000001505,arabski_OJ_9@googlemail.com.,721 539 263
0000001506,Konrad_Bereś_19@gmail.com,+48 579 272 279
0000001507,Koterba9_Anna Maria3@gmail.com,608 727 152
0000001508,Wąsala4_Łukasz1@net.com,+48 661 597 386
0000001509,podobny_RA_10@googlemail.com.,691 931 069
0000001510,M88Gorol@gmail.com,+48 724 864 353
0000001511,Płodzień5_Krzysztof4@gmail.com,32 138 99 65
0000001512,dziewczynka_JK_16@googlemail.com.,+48 797 004 178
0000001513,D9Aleksa@gmail.com,+48 22 673 24 61
0000001514,Siwka_Marika_10rano@net.com,+48 699 299 193
0000001515,WA_93@gmail.com,+48 691 116 333
0000001516,Sobolak_Roksana_3może@gmail.com,887 626 347
0000001517,LW_16@googlemail.com.,+48 784 700 015
0000001518,Słowacja_CK_58@gmail.com,537 215 196
0000001519,Gustaw_Dawidek_99@gmail.com,695 300 931
0000001520,Pacyga_Albert_4wilk@net.com,797 718 013
,Marcelina_Ciuba_26@gmail.com,+48 503 816 863
0000001522,Gaja_Buszka_82@googlemail.com.,601 645 602
0000001523,Kożuszek_Julian_9księżyc@gmail.com,+48 535 821 688
0000001524,M7Milcarz@googlemail.com.,888 053 312
0000001525,Hajdukiewicz8_Damian6@googlemail.com.,+48 512 990 959
0000001526,Krystian_Kosowicz_92@net.com,608 005 743
0000001527,AB_50@gmail.com,+48 536 606 330
0000001528,Rozalia_Pawełko_68@net.com,22 990 96 85
0000001529,nadzieja_JN_80@googlemail.com.,602 000 004
0000001530,A13Lalak@gmail.com,888 794 839
0000001531,Karol_Gomoła_23@gmail.com,
0000001532,Graś9_Ewa6@gmail.com,+48 660 610 198
0000001533,MB_46@gmail.com,+48 733 128 593
0000001534,wrócić_SD_69@googlemail.com.,+48 730 970 259
0000001535,Parzyszek_Wojciech_7rodzaj@gmail.com,+48 693 124 934
0000001536,Jędruch7_Eliza1@googlemail.com.,+48 507 414 021
0000001537,ŁD_96@gmail.com,+48 508 334 391
0000001538,Mikosz_Agnieszka_3jeśli@gmail.com,792 318 369
0000001539,NR_40@gmail.com,519 210 371
0000001540,E3Pasich@gmail.com,668 486 893
0000001541,,+48 512 741 199
0000001542,Gospodarek2_Gustaw5@googlemail.com.,690 641 812
0000001543,MW_33@net.com,608 426 692
0000001544,wieczór_WA_9@net.com,+48 783 543 201
0000001545,A76Chwedoruk@gmail.com,22 680 92 98
0000001546,Arkadiusz_Podgórna_13@net.com,32 377 02 51
0000001547,Julianna_Behrendt_75@googlemail.com.,+48 692 608 870
0000001548,Sosnówka8_Marcelina8@net.com,32 475 26 17
0000001549,Jagieło8_Anna Maria4@net.com,+48 733 775 166
0000001550,D48Bobik@net.com,722 633 730
0000001551,J62Salach@googlemail.com.,882 355 873
0000001552,Łakota7_Sylwia5@gmail.com,695 118 802
0000001553,J58Jenek@net.com,507 177 137
0000001554,S30Kopiczko@gmail.com,506 081 557
0000001555,AP_58@gmail.com,667 796 248
0000001556,Nieradko_Ada_1ludność@gmail.com,+48 721 058 899
0000001557,N91Jasionek@net.com,735 526 221
0000001558,Marcelina_Fiedorczuk_83@net.com,32 189 15 87
0000001559,J44Różewicz@googlemail.com.,+48 720 285 834
0000001560,o_MD_25@googlemail.com.,+48 881 057 085
,Wojniak_Natasza_4w formie@net.com ,+48 666 518 226
0000001562,zabawka_MJ_88@net.com,+48 724 890 194
0000001563,Mikołaj_Grochowina_42@gmail.com,+48 669 716 281
0000001564,Gawliczek_Ernest_6powód@googlemail.com.,+48 731 028 021
0000001565,kot_MJ_94@net.com,+48 538 492 015
0000001566,NS_36@net.com,+48 799 556 229
0000001567,mierzyć_PA_85@gmail.com,511 378 331
0000001568,Molak4_Adrianna9@net.com,+48 501 677 983
0000001569,Kaziród3_Tola6@net.com,+48 789 897 401
0000001570,Maurycy_Sobuś_39@net.com,882 854 774
0000001571,Wasiuk8_Elżbieta5@gmail.com,+48 572 545 827
0000001572,Kazimierz_Bobel_97@gmail.com,+48 738 699 675
0000001573,M46Fiołka@googlemail.com.,729 235 392
0000001574,Gaudyn_Julian_8wywodzić się@googlemail.com.,+48 665 487 301
0000001575,Ewelina_Słyk_69@gmail.com,+48 22 585 94 33
0000001576,Bazyluk_Tobiasz_6osoba@net.com,+48 510 638 875
0000001577,Glanc2_Justyna0@googlemail.com.,734 971 096
0000001578,święty_MW_9@gmail.com,+48 722 966 997
0000001579,Raźny7_Adrianna6@googlemail.com.,697 455 459
0000001580,Domka_Karina_250@googlemail.com.,+48 574 378 729
0000001581,Marcelina_Sygut_90@googlemail.com.,609 459 107
0000001582,J26Achtelik@gmail.com,693 688 791
0000001583,Anastazja_Molka_83@googlemail.com.,+48 721 798 806
0000001584,DR_13@gmail.com,730 290 941
0000001585,Mariusz_Jargieło_33@net.com,504 249 776
0000001586,M12Margas@googlemail.com.,32 065 63 33
0000001587,Zegar0_Cyprian9@gmail.com,32 855 30 90
0000001588,Peda_Marianna_5deszcz@gmail.com,508 428 339
0000001589,jednak_MM_58@gmail.com,538 910 943
0000001590,S35Jeżyna@googlemail.com.,+48 696 208 168
0000001591,Florian10_Julita3@gmail.com,+508 146 495
0000001592,NK_78@net.com,733 393 866
0000001593,podatek_IJ_62@gmail.com,+48 516 035 264
0000001594,imię_MJ_51@googlemail.com.,661 054 967
0000001595,Poleszak9_Dorota3@gmail.com,+48 725 501 698
0000001596,Lulek_Dominik_4umrzeć@net.com,+48 607 148 289
0000001597,Judek9_Mariusz1@gmail.com,+48 723 078 670
0000001598,Węgrzyk0_Ewelina9@googlemail.com.,+48 722 121 448
0000001599,Bociek_Grzegorz_8w kształcie@gmail.com,+48 669 611 922
0000001600,KD_6@googlemail.com.,+48 735 583 949
,Kryszkiewicz2_Sandra5@net.com,32 599 25 40
0000001602,N94Walusiak@gmail.com,536 562 572
0000001603,B30Nurek@net.com,721 804 535
0000001604,Fuławka_Wojciech_3walka@gmail.com,+48 790 478 314
0000001605,Leon_Kral_7@gmail.com,661 643 225
0000001606,Daniel_Zbiciak_4@net.com,+48 519 813 545
0000001607,Aurelia_Bartocha_100@net.com,+48 508 001 663
0000001608,gazeta_MW_86@gmail.com,32 307 84 81
0000001609,Kunert7_Krystian9@googlemail.com.,+48 729 965 188
0000001610,G38Pokusa@net.com,+48 32 167 20 67
0000001611,Berus4_Radosław3@googlemail.com.,22 620 36 60
0000001612,Krzysiek2_Malwina4@gmail.com,738 312 041
0000001613,Capała2_Kaja6@gmail.com,+48 531 836 717
0000001614,J28Fik@gmail.com,786 788 530
0000001615,IB_97@googlemail.com.,885 683 830
0000001616,JW_20@net.com,692 859 722
0000001617,Janiuk_Sara_3nagły@net.com,+48 509 385 309
0000001618,Ernest_Terka_92@net.com,+48 575 042 661
0000001619,Dorobek_Igor_6mało@net.com,503 183 056
0000001620,Sudnik_Antoni_8szkoda@gmail.com,698 840 503
0000001621,RP_17@.com,
0000001622,Misiuk4_Gustaw4@googlemail.com.,32 853 02 99
0000001623,F9Windak@gmail.com,699 102 115
0000001624,Karina_Pędrak_2@googlemail.com.,+48 601 053 765
0000001625,B30Bryczek@gmail.com,570 826 729
0000001626,MN_86@net.com,+48 508 941 462
0000001627,MO_88@net.com,32 149 33 21
0000001628,J95Wołczyk@googlemail.com.,+48 539 866 705
0000001629,Maurycy_Wężyk_10@googlemail.com.,+48 507 537 395
0000001630,KS_84@gmail.com,886 930 645
0000001631,A67Widłak@googlemail.com.,+48 532 893 890
0000001632,Dorota_Zacharewicz_31@googlemail.com.,733 529 990
0000001633,KD_82@googlemail.com.,+48 531 264 259
0000001634,doprowadzić_MN_59@gmail.com,+48 782 519 561
0000001635,JT_37@googlemail.com.,694 060 622
0000001636,Józef_Wypiór_64@net.com,22 648 35 05
0000001637,Maksymilian_Siemieniec_67@googlemail.com.,579 249 716
0000001638,R45Cieplucha@gmail.com,32 128 87 00
0000001639,Ludwiniak_Liwia_7koncert@gmail.com,607 357 907
0000001640,DK_7@gmail.com,+48 518 391 259
,Merchel5_Bianka4@googlemail.com.,32 800 91 19
0000001642,Komperda_Dorota_7iść@gmail.com,+48 600 285 389
0000001643,Martyka5_Malwina4@gmail.com,+48 572 719 463
0000001644,kartka_KI_96@googlemail.com.,796 030 849
0000001645,Kopiczko_Dagmara_6wolny@googlemail.com.,+48 22 642 10 67
0000001646,Anita_Kuran_46@googlemail.com.,602 245 698
0000001647,Adrian_Kamila_5częściowo@net.com,+48 736 464 706
0000001648,JP_39@net.com,601 320 344
0000001649,MJ_79@net.com,+48 697 415 093
0000001650,Marcin_Siekierka_58@googlemail.com.,+48 32 373 60 73
0000001651,Chodak5_Marcin2@googlemail.com.,abc22 529 37 83
0000001652,Dagmara_Fronczek_92@net.com,668 121 838
0000001653,RR_38@net.com,731 636 167
0000001654,Grzegorzak_Agnieszka_2poruszać się@net.com,+48 22 015 02 86
0000001655,Serzysko5_Konstanty9@net.com,+48 738 538 005
0000001656,dyrektor_WG_3@googlemail.com.,738 982 031
0000001657,Apolonia_Ułanowicz_19@googlemail.com.,+48 785 248 396
0000001658,Ludwisiak_Łukasz_8prezydent@net.com,+48 664 330 906
0000001659,Marciniszyn9_Nikodem8@gmail.com,+48 601 968 796
0000001660,Aurelia_Ziemak_60@gmail.com,+48 574 661 400
0000001661,Hołubowicz8_Bruno3@gmail.com,693 357 158
0000001662,Józef_Geisler_17@googlemail.com.,576 168 127
0000001663,składać_KC_15@net.com,+48 32 211 37 53
0000001664,tłum_SH_91@net.com,+48 799 873 747
0000001665,ja_NO_17@net.com,+48 22 401 12 26
0000001666,Marach0_Sandra0@googlemail.com.,+48 692 067 191
0000001667,A74Pabiś@net.com,+48 792 218 600
0000001668,O15Prasek@gmail.com,+48 786 547 189
0000001669,K96Kolanek@gmail.com,532 042 557
0000001670,Maksymilian_Kluczek_95@gmail.com,512 478 676
0000001671,JB_91@googlemail.com.,695 866 006
0000001672,MG_23@net.com,+48 728 338 854
0000001673,pięćdziesiąt_ŚM_69@net.com,502 781 024
0000001674,drugi_BS_66@gmail.com,510 687 217
0000001675,wywołać_ZF_26@net.com,792 630 834
0000001676,Bianka_Molka_50@googlemail.com.,882 113 624
0000001677,RG_18@googlemail.com.,+48 722 634 294
0000001678,mówić_KA_95@gmail.com,+48 533 696 900
0000001679,Kornelia_Nalewajko_17@googlemail.com.,+48 509 876 021
0000001680,Anna Maria_Sus_36@net.com,783 466 740
,Szczot1_Ada4@@googlemail.com.,not-a-phone
0000001682,NB_100@gmail.com,32 331 38 22
0000001683,Lew5_Anna Maria7@googlemail.com.,733 826 696
0000001684,stopa_FM_94@net.com,+48 579 357 356
0000001685,Godyń0_Anastazja2@net.com,+48 22 404 05 51
0000001686,transport_BA_60@gmail.com,+48 536 105 024
0000001687,M45Kosałka@gmail.com,883 472 171
0000001688,Leoniuk_Agnieszka_7małżeństwo@gmail.com,+48 720 588 690
0000001689,JM_38@gmail.com,+48 22 480 73 19
0000001690,Jancewicz_Natan_7nadzieja@gmail.com,32 204 05 13
0000001691,Kuśka10_Nela4@gmail.com,+48 728 499 848
0000001692,Fornalik_Karol_9żołnierz@gmail.com,609 221 995
0000001693,Kandzia7_Dagmara8@net.com,538 308 804
0000001694,Wypiór1_Maksymilian6@net.com,+48 720 404 418
0000001695,LG_83@net.com,+48 608 928 139
0000001696,Woszczyna_Anita_4zdarzenie@net.com,+48 669 445 678
0000001697,JK_2@gmail.com,+48 576 222 573
0000001698,AD_88@gmail.com,+48 662 831 461
0000001699,prostytutka_BM_23@googlemail.com.,+48 785 092 785
0000001700,NH_72@net.com,788 313 891
0000001701,A14Danel @net.com,22 770 75 24
0000001702,rada_TA_17@net.com,22 080 84 47
0000001703,AW_73@net.com,518 628 150
0000001704,pieśń_SB_85@googlemail.com.,22 825 02 73
0000001705,EP_9@net.com,+48 606 892 383
0000001706,plemię_WS_66@net.com,+48 693 473 930
0000001707,Karkut_Ernest_8niż@gmail.com,725 343 623
0000001708,wczesny_GM_4@net.com,+48 692 249 957
0000001709,J30Błażejewicz@gmail.com,725 049 426
0000001710,Gustaw_Róża_1koń@net.com,790 875 676
0000001711,Rajczak_Tobiasz_3strach@gmail.com,22 075 43 84
0000001712,OG_17@net.com,32 735 05 11
0000001713,Samol_Maks_6zapomnieć@googlemail.com.,+48 579 674 036
0000001714,A22Krzyśków@googlemail.com.,699 049 057
0000001715,Agnieszka_Piersa_4@gmail.com,698 673 742
0000001716,Andryszczyk6_Elżbieta4@gmail.com,+48 881 495 231
0000001717,ból_MM_32@googlemail.com.,+48 32 144 58 43
0000001718,Sadoch_Rafał_7wrogość@net.com,+48 504 533 449
0000001719,TP_14@googlemail.com.,799 233 188
0000001720,zapalenie_BL_18@googlemail.com.,794 116 717
,AM_55net.com,+48 519 480 915
0000001722,daleko_ŚG_32@gmail.com,799 977 337
0000001723,Kurda8_Sara9@googlemail.com.,+48 511 347 131
0000001724,Bianka_Dziadkiewicz_61@gmail.com,+48 693 918 897
0000001725,M1Szczepan@googlemail.com.,+48 32 100 83 21
0000001726,Wasążnik7_Maksymilian6@net.com,500 854 369
0000001727,MS_54@googlemail.com.,720 193 424
0000001728,IF_45@net.com,+48 661 409 897
0000001729,S51Cebulak@googlemail.com.,32 353 07 43
0000001730,K69Freitag@gmail.com,+48 573 637 449
0000001731,Małż7_Blanka9@googlemail.com.,519 093 932
0000001732,Węgrzynek_Rafał_2usługa@gmail.com,665 714 924
0000001733,Natasza_Nogieć_91@gmail.com,+48 32 255 62 34
0000001734,Duc1_Franciszek9@googlemail.com.,+48 665 356 013
0000001735,Buchalik_Arkadiusz_4zając@googlemail.com.,+48 722 018 910
0000001736,Suchta10_Monika6@net.com,22 318 21 12
0000001737,chęć_MA_36@net.com,+48 663 519 251
0000001738,Cymbała_Konstanty_3brązowy@gmail.com,697 248 907
0000001739,T9Szołtysik@net.com,+48 738 894 141
0000001740,Snoch1_Liwia4@net.com,+48 696 065 245
0000001741,JZ_15@googlemail.com,+48 573 796 537
0000001742,konflikt_SK_69@googlemail.com.,+48 799 973 451
0000001743,Soczewka10_Tola10@gmail.com,669 301 265
0000001744,Kajetan_Piotrak_23@googlemail.com.,+48 699 584 258
0000001745,Kulma3_Jan1@gmail.com,789 822 043
0000001746,Ada_Winnik_60@net.com,+48 661 494 891
0000001747,D56Hamerla@googlemail.com.,+48 32 402 73 60
0000001748,Turlej4_Dorota10@net.com,662 980 160
0000001749,Nela_Frycz_40@gmail.com,572 263 331
0000001750,TW_81@net.com,+48 32 710 73 53
0000001751,ES_67@googlemail.com.,+48 516 062 802
0000001752,Gamoń0_Kaja7@net.com,531 133 004
0000001753,łódź_GS_14@net.com,690 240 839
0000001754,szybki_HD_5@net.com,+48 535 132 911
0000001755,R77Paluszak@net.com,+48 727 457 619
0000001756,Dłubak6_Maks4@net.com,+48 32 335 81 17
0000001757,RD_62@gmail.com,+48 726 142 733
0000001758,Wielka Brytania_BA_93@net.com,+48 789 861 050
0000001759,Pniak9_Bianka9@net.com,+48 667 900 543
0000001760,O79Mrozowicz@googlemail.com.,+48 882 165 219
,PRÓBOWAĆ_ŻS_87@GOOGLEMAIL.COM.,+48 32 365 99 56
0000001762,SD_100@googlemail.com.,790 959 422
0000001763,narkotyk_KO_23@gmail.com,+48 577 738 471
0000001764,Bogumił_Róża_3walka@googlemail.com.,+48 511 156 957
0000001765,Malarczyk2_Alex7@net.com,+48 577 697 657
0000001766,pokazywać_SA_88@net.com,886 241 610
0000001767,Hennig_Sonia_10wprowadzać@net.com,571 438 438
0000001768,Damps_Julianna_10wartość@gmail.com,+48 32 827 37 41
0000001769,W43Suda@googlemail.com.,663 057 438
0000001770,ślad_FL_89@gmail.com,+48 727 502 250
0000001771,Czerkies_Aniela_4usuwać@gmail.com,  +48 577 995 852
0000001772,Ewelina_Kornak_83@gmail.com,882 482 074
0000001773,padać_SM_36@googlemail.com.,+48 667 294 207
0000001774,Łukasz_Kierat_72@gmail.com,694 854 721
0000001775,Łaś_Monika_4tył@googlemail.com.,795 271 121
0000001776,Michał_Wolff_72@googlemail.com.,669 134 921
0000001777,Trąbka3_Adrianna0@net.com,792 651 809
0000001778,otwarty_WA_31@googlemail.com.,663 311 382
0000001779,Justyna_Pieczyrak_64@net.com,32 846 85 57
0000001780,AF_42@googlemail.com.,+48 794 951 551
0000001781,Berdzik_Tobiasz_5górski,+48 731 835 654
0000001782,RK_59@gmail.com,607 502 899
0000001783,Gajownik2_Maurycy6@net.com,796 710 059
0000001784,tańczyć_WK_45@net.com,+48 784 540 715
0000001785,Fabiszak_Ernest_7ryż@net.com,725 997 138
0000001786,Kupaj_Marika_5turecki@gmail.com,+48 604 341 312
0000001787,Laszkiewicz8_Karina3@gmail.com,+48 530 515 819
0000001788,Holc_Filip_7stosunek@googlemail.com.,514 651 241
0000001789,Dawid_Banak_36@googlemail.com.,+48 788 175 970
0000001790,Głowienka6_Michał8@net.com,+48 513 389 344
0000001791,Perlik9_Sandra10@googlemail.com.,785 534 241
0000001792,J25Fabiańczyk@gmail.com,+48 793 596 282
0000001793,latać_KA_11@googlemail.com.,785 750 225
0000001794,całość_RJ_77@googlemail.com.,+48 501 386 908
0000001795,AL_25@gmail.com,729 995 807
0000001796,BS_91@googlemail.com.,576 265 948
0000001797,T32Bartocha@googlemail.com.,539 438 943
0000001798,m.in._CN_61@net.com,887 109 184
0000001799,KR_50@net.com,694 682 052
0000001800,Cyprian_Ryndak_50@googlemail.com.,501 958 358
,umieścić_LP_33@gmail.com, 696 331 853
0000001802,fotografia_SA_13@net.com,500 401 474
0000001803,T67Wołoszczuk@net.com,607 268 451
0000001804,DK_69@net.com,518 539 831
0000001805,Forysiak3_Liwia2@gmail.com,602 218 311
0000001806,Proć9_Marcelina0@googlemail.com.,694 727 892
0000001807,DL_68@net.com,510 040 091
0000001808,cierpienie_WM_62@googlemail.com.,506 028 596
0000001809,Wieja4_Róża5@net.com,+48 786 025 718
0000001810,Krzysztoszek7_Nela8@gmail.com,+48 721 328 016
0000001811,NS_95@net.com,+48 505 250 728
0000001812,D94Gnyp@gmail.com,32 313 38 83
0000001813,wymagać_KR_98@googlemail.com.,+48 725 089 456
0000001814,J98Ciaś@net.com,+48 694 323 091
0000001815,inny_PW_97@googlemail.com.,+48 666 756 845
0000001816,Smela_Elżbieta_3kościelny@net.com,502 734 832
0000001817,Obst7_Ksawery3@googlemail.com.,22 314 17 36
0000001818,Nastały8_Juliusz2@googlemail.com.,794 525 192
0000001819,Budzeń2_Artur2@gmail.com,512 221 274
0000001820,samiec_SR_94@googlemail.com.,517 470 628
0000001821,Malka6_Alex2@googlemail.com. <invalid>,508 364 592
0000001822,Janisz3_Błażej7@googlemail.com.,22 646 43 56
0000001823,cena_TT_59@googlemail.com.,+48 738 464 501
0000001824,Monika_Matuszyk_53@net.com,886 818 965
0000001825,SO_24@net.com,+48 22 037 37 89
0000001826,A59Opas@net.com,883 826 858
0000001827,Klimko_Anastazja_4wschodni@googlemail.com.,32 829 96 68
0000001828,A49Kiliszek@googlemail.com.,+48 606 660 258
0000001829,Ludwik_Marika_9ziemski@gmail.com,+48 22 876 58 89
0000001830,Chruszcz_Kajetan_9wieczór@gmail.com,+48 510 725 009
0000001831,Stempniak10_Maciej2@googlemail.com.,508 750 778
0000001832,Gill9_Emil9@googlemail.com.,794 592 178
0000001833,Lesisz_Malwina_5grecki@net.com,+48 794 914 202
0000001834,Kieloch_Sonia_10okres@net.com,+48 732 856 214
0000001835,Rembacz3_Łukasz8@net.com,883 322 211
0000001836,Dobrosz_Leon_10m.in.@gmail.com,738 095 000
0000001837,Rafał_Miętus_71@net.com,32 434 59 19
0000001838,Broniarek5_Emil7@net.com,732 898 781
0000001839,Ernest_Bobik_6@googlemail.com.,+48 735 909 150
0000001840,NŚ_92@gmail.com,+48 32 014 91 81
,Gaja_Machowiak_69net.com,+48 602 213 547
0000001842,Arkadiusz_Sporek_8@gmail.com,727 280 288
0000001843,Adrianna_Frania_73@gmail.com,+48 795 821 975
0000001844,M99Gierat@net.com,+48 889 717 766
0000001845,trzy_BD_91@gmail.com,887 601 322
0000001846,Cąkała_Cezary_4pogląd@net.com,+48 575 348 914
0000001847,S84Nehring@googlemail.com.,+48 501 351 025
0000001848,Ewa_Dubik_93@net.com,+48 731 606 891
0000001849,Marika_Kuciak_27@net.com,787 734 934
0000001850,PO_6@net.com,+48 607 928 335
0000001851,czytać_KJ_2@net.com,+48 691 853 638
0000001852,AP_16@net.com,+48 732 609 052
0000001853,wzrok_KL_35@gmail.com,+48 570 093 229
0000001854,SM_31@net.com,602 296 360
0000001855,kosz_KE_22@gmail.com,+48 787 325 088
0000001856,K14Wowra@net.com,+48 738 632 719
0000001857,wychodzić_HA_97@gmail.com,+48 784 868 695
0000001858,Pędrak6_Nicole8@net.com,506 818 127
0000001859,Gwara_Justyna_8wielki@gmail.com,+48 32 668 72 98
0000001860,KG_62@gmail.com,+48 571 827 210
0000001861,pozostawać_NM_27net.com,
0000001862,J39Kiełbus@googlemail.com.,+48 517 365 821
0000001863,świątynia_WE_24@googlemail.com.,+48 787 186 582
0000001864,Elżbieta_Stawinoga_54@googlemail.com.,+48 669 377 720
0000001865,NB_75@net.com,+48 608 898 263
0000001866,często_KR_61@googlemail.com.,+48 722 290 213
0000001867,S99Krauza@net.com,+48 783 680 905
0000001868,Trzepizur_Sara_2granica@gmail.com,+48 788 093 244
0000001869,N79Ciesielczyk@gmail.com,+48 512 127 624
0000001870,Karol_Rajman_93@googlemail.com.,+48 727 411 973
0000001871,Żołądź_Róża_8kino@googlemail.com.,603 282 244
0000001872,M17Gogola@gmail.com,739 669 642
0000001873,MF_5@googlemail.com.,502 211 481
0000001874,JK_24@gmail.com,+48 572 050 921
0000001875,Kość_Sonia_6oznaczać@googlemail.com.,+48 22 236 78 95
0000001876,umrzeć_KU_6@gmail.com,+48 788 991 896
0000001877,Wójs_Oskar_3siostra@gmail.com,+48 537 539 300
0000001878,kontrola_SL_58@net.com,+48 509 325 157
0000001879,M77Zybura@net.com,+48 22 634 22 71
0000001880,DS_97@gmail.com,+48 720 137 895
,,+48 733 016 891
0000001882,Lepka_Ida_3jutro@net.com,32 138 13 44
0000001883,Bielas_Eliza_8jaki@net.com,32 540 39 12
0000001884,RK_47@net.com,+48 729 370 835
0000001885,właściciel_KM_43@googlemail.com.,+48 508 116 952
0000001886,Prokopiak6_Roksana1@net.com,+48 785 013 885
0000001887,Ł62Rybus@googlemail.com.,+48 721 285 347
0000001888,AM_76@googlemail.com.,881 011 075
0000001889,Szyguła_Kornelia_7piękny@gmail.com,533 837 303
0000001890,Burkiewicz_Olgierd_5narodowy@net.com,+48 882 618 800
0000001891,Pacewicz10_Karina4@googlemail.com.,+515 482 056
0000001892,OS_84@gmail.com,22 001 96 11
0000001893,JC_40@net.com,+48 519 359 532
0000001894,Juliusz_Geisler_51@googlemail.com.,788 023 488
0000001895,F33Prawdzik@gmail.com,666 648 504
0000001896,Witold_Kurcz_11@net.com,+48 667 004 850
0000001897,Kajdas10_Marcelina6@gmail.com,602 906 080
0000001898,PI_96@net.com,+48 506 361 555
0000001899,Ambrozik8_Cyprian1@net.com,738 711 243
0000001900,Jachimczak0_Nela7@googlemail.com.,+48 724 886 642
0000001901,Skubis7_Inga9 @googlemail.com.,795 277 755
0000001902,TK_98@net.com,32 838 10 68
0000001903,wąski_ZA_6@googlemail.com.,537 067 642
0000001904,Maurycy_Pachowicz_42@gmail.com,+48 786 645 023
0000001905,A94Piersa@gmail.com,579 483 918
0000001906,wynosić_SJ_33@googlemail.com.,+48 694 113 569
0000001907,Monika_Hulbój_59@googlemail.com.,608 071 640
0000001908,Surdyk3_Adrian3@googlemail.com.,+48 887 258 545
0000001909,Lelito_Józef_6alkoholowy@net.com,+48 786 827 038
0000001910,Przewoźnik_Agnieszka_8filozofia@net.com,+48 516 697 760
0000001911,F58Kamyk@net.com,+48 502 668 029
0000001912,DE_39@gmail.com,+48 661 819 268
0000001913,TJ_70@gmail.com,+48 508 484 637
0000001914,R61Brachman@net.com,691 605 159
0000001915,LG_8@googlemail.com.,+48 698 464 218
0000001916,EP_90@googlemail.com.,783 873 344
0000001917,Łaszczyk8_Dagmara3@net.com,22 211 59 67
0000001918,Witoń5_Kalina4@gmail.com,22 202 63 58
0000001919,Sobolak_Agnieszka_1może@gmail.com,+48 724 705 162
0000001920,Lampa2_Gustaw5@net.com,517 796 536
,Klamka2_Tobiasz4@googlemail.com.,
0000001922,gniazdo_MS_99@net.com,+48 609 425 759
0000001923,grecki_FM_65@gmail.com,22 848 51 61
0000001924,teren_KR_63@googlemail.com.,+48 32 863 99 88
0000001925,Fryderyk_Smolec_60@gmail.com,+48 799 178 691
0000001926,zając_WJ_66@net.com,788 853 262
0000001927,Rozalia_Zimmer_20@net.com,+48 692 546 499
0000001928,Pajdak_Leonard_6gdzieś@gmail.com,+48 530 332 290
0000001929,MC_42@gmail.com,+48 727 854 612
0000001930,MB_53@gmail.com,22 483 03 47
0000001931,Czubaszek_Adrian_1pokazywać@net.com,788 477 164
0000001932,I50Kohnke@net.com,+48 781 098 952
0000001933,Buszkiewicz_Robert_5wierzyć@net.com,727 776 909
0000001934,szereg_KS_84@googlemail.com.,+48 608 588 420
0000001935,Kudela_Ignacy_3słoń@gmail.com,+48 508 827 397
0000001936,zawodnik_DK_46@gmail.com,726 532 462
0000001937,Hajdukiewicz3_Gaja5@net.com,+48 693 713 601
0000001938,J24Maraszek@net.com,+48 519 021 138
0000001939,EŚ_23@gmail.com,725 022 117
0000001940,Ziemann_Jędrzej_10Kraków@net.com,+48 690 072 157
0000001941,AW_14@gmail.com,790 681 442
0000001942,Prażuch1_Witold2@gmail.com,604 577 708
0000001943,Kaźmierczyk5_Adrianna3@googlemail.com.,724 923 512
0000001944,Rozalia_Bubak_93@gmail.com,723 351 643
0000001945,Krzysztof_Jasnoch_2@gmail.com,32 461 42 17
0000001946,Żabka_Krystyna_6mocny@gmail.com,32 219 91 21
0000001947,rejon_AG_39@googlemail.com.,+48 668 174 332
0000001948,Kopij3_Julianna8@gmail.com,+48 517 305 411
0000001949,EB_17@gmail.com,+48 22 813 19 49
0000001950,wczesny_DM_21@gmail.com,32 370 25 72
0000001951,Hrynkiewicz_Aniela_1choć@gmail.com,791 864 451
0000001952,Krefta5_Liwia1@net.com,798 229 597
0000001953,AM_7@googlemail.com.,+48 691 253 384
0000001954,Sebastian_Ligenza_14@net.com,533 999 366
0000001955,EJ_5@googlemail.com.,604 778 096
0000001956,żart_KE_21@googlemail.com.,697 876 758
0000001957,Szatko2_Gabriel0@gmail.com,885 579 963
0000001958,umożliwiać_PA_68@net.com,32 258 50 64
0000001959,Siemieniec5_Klara10@net.com,+48 785 234 669
0000001960,EŁ_29@googlemail.com.,798 886 006
,FABIAN_WYRWICH_98@GMAIL.COM,+48 793 447 238
0000001962,Rogacz3_Rafał8@gmail.com,694 686 494
0000001963,Krzystek3_Mariusz3@googlemail.com.,+48 571 061 545
0000001964,Stanisław_Kleinschmidt_73@gmail.com,+48 796 532 194
0000001965,Ropiak_Dagmara_6zostać@googlemail.com.,723 766 612
0000001966,otrzymywać_MG_54@gmail.com,+48 697 976 049
0000001967,górski_MG_61@gmail.com,+48 32 715 26 51
0000001968,I32Karkut@googlemail.com.,+48 664 714 240
0000001969,Pik1_Konstanty7@gmail.com,22 336 90 97
0000001970,Zapadka_Miłosz_3ubogi@net.com,+48 518 533 579
0000001971,Minkina_Wiktor_4wytwarzać@googlemail.com.,+48 698 091 919
0000001972,EP_59@gmail.com,+48 729 596 877
0000001973,A41Kliszcz@gmail.com,+48 887 991 067
0000001974,P61Radzio@net.com,+48 518 276 398
0000001975,Jeremi_Waleczek_23@googlemail.com.,+48 600 948 615
0000001976,Sierpień_Damian_2pozostawać@gmail.com,571 827 525
0000001977,Molak_Malwina_4który@gmail.com,785 014 250
0000001978,Worach_Dariusz_1prawie@googlemail.com.,+48 570 550 591
0000001979,Kopiczko7_Łukasz1@gmail.com,+48 511 303 014
0000001980,Boryczko_Cyprian_4ogół@gmail.com,736 742 363
0000001981,K97Lademann @net.com,123
0000001982,egzamin_WE_44@net.com,604 156 937
0000001983,Kozdra5_Janina9@gmail.com,+48 517 365 517
0000001984,Piekart4_Anita1@googlemail.com.,508 624 809
0000001985,wschodni_WA_84@gmail.com,32 343 04 72
0000001986,M29Gendek@net.com,+48 604 764 511
0000001987,Damian_Nagel_13@net.com,+48 605 015 126
0000001988,A43Gendera@googlemail.com.,22 625 48 09
0000001989,Nazimek6_Bruno8@googlemail.com.,722 647 279
0000001990,Krystian_Drela_20@net.com,+48 509 123 133
0000001991,P59Haraburda@net.com,+48 502 701 988
0000001992,EB_89@googlemail.com.,578 582 580
0000001993,Kowaluk8_Filip5@googlemail.com.,+48 669 737 397
0000001994,MF_16@net.com,+48 887 607 121
0000001995,Zmyślony_Fryderyk_4smak@googlemail.com.,+48 722 393 538
0000001996,Róża_Kusik_24@gmail.com,698 334 769
0000001997,Rozalia_Betka_6@gmail.com,698 140 114
0000001998,M18Gregorowicz@net.com,666 256 606
0000001999,Szajda7_Sara9@net.com,+48 662 465 776
0000002000,Piotr_Kujawiak_95@net.com,22 744 28 45
,MARCEL_SOCZEWKA_27@NET.COM,+48 881 534 098
0000002002,GM_75@net.com,793 349 090
0000002003,Miłosz_Kamyk_19@googlemail.com.,+48 32 110 75 45
0000002004,Sandra_Kózka_78@googlemail.com.,+48 571 359 331
0000002005,Bakun8_Aurelia4@googlemail.com.,+48 508 736 088
0000002006,Gabriel_Dela_49@gmail.com,784 971 611
0000002007,pogoda_KK_32@gmail.com,794 021 460
0000002008,Durys_Apolonia_6głowa@googlemail.com.,609 133 809
0000002009,Berendt_Nicole_7wyrok@gmail.com,+48 693 108 602
0000002010,Karina_Pyrkosz_97@net.com,+48 605 054 153
0000002011,Gaja_Wyrwał_4@googlemail.com.,++48 537 363 079
0000002012,Rubaj_Elżbieta_7uśmiech@googlemail.com.,22 834 71 62
0000002013,RR_35@net.com,+48 514 042 199
0000002014,niedźwiedź_ON_2@gmail.com,+48 720 618 600
0000002015,pomóc_WA_39@gmail.com,+48 794 712 794
0000002016,O88Machowicz@gmail.com,+48 723 239 055
0000002017,K4Towarek@googlemail.com.,660 151 988
0000002018,zgromadzenie_SJ_41@gmail.com,+48 511 585 129
0000002019,Dąbrówka1_Leonard5@net.com,+48 575 865 065
0000002020,Roch1_Róża2@googlemail.com.,695 963 175
0000002021,Połom3_Ada0@gmail.com,+48 881 732 044
0000002022,FP_1@net.com,571 454 598
0000002023,JD_83@googlemail.com.,+48 881 349 364
0000002024,Damian_Ada_9kolor@net.com,+48 882 247 856
0000002025,M61Gadzała@net.com,+48 605 891 995
0000002026,Józef_Wiesiołek_34@net.com,32 710 76 82
0000002027,Poleszak_Anita_3finansowy@googlemail.com.,792 999 611
0000002028,FB_40@net.com,886 731 239
0000002029,Mędrala_Ewelina_1wrażenie@net.com,+48 691 399 117
0000002030,Ziółko3_Jakub2@gmail.com,+48 669 227 615
0000002031,RS_82@gmail.com,+48 600 378 184
0000002032,Mojsa_Emil_3oś@gmail.com,533 247 334
0000002033,Pokrzywa6_Gustaw3@googlemail.com.,888 174 116
0000002034,A4Cywka@googlemail.com.,+48 692 870 202
0000002035,Gustaw_Łobacz_91@googlemail.com.,+48 699 402 220
0000002036,futro_SS_50@googlemail.com.,+48 511 716 204
0000002037,Pituła_Julita_2społeczeństwo@googlemail.com.,533 076 345
0000002038,Karol_Szrama_46@googlemail.com.,+48 784 576 690
0000002039,Maks_Rezmer_44@googlemail.com.,+48 721 372 493
0000002040,BF_62@net.com,663 093 617
,służba_BK_53@,22 149 44 89abc
0000002042,Kiljan6_Monika1@gmail.com,886 520 614
0000002043,JB_73@net.com,799 358 448
0000002044,Kacper_Bluszcz_5@net.com,+48 798 284 086
0000002045,Bondaruk_Sandra_6las@net.com,+48 697 392 767
0000002046,Salawa_Hubert_6budynek@gmail.com,+48 724 576 859
0000002047,Zajko6_Klara5@gmail.com,+48 883 094 964
0000002048,bóg_BF_55@gmail.com,+48 781 484 754
0000002049,Druszcz6_Róża7@net.com,517 417 816
0000002050,Angelika_Ulewicz_61@net.com,+48 518 771 797
0000002051,Wielka Brytania_MJ_89@googlemail.com.,+48 731 810 552
0000002052,gmina_TG_28@net.com,609 542 893
0000002053,Cezary_Kusik_20@googlemail.com.,883 451 031
0000002054,Żakiewicz_Marianna_4zawierać@gmail.com,887 868 113
0000002055,R49Myrcik@googlemail.com.,+48 738 467 819
0000002056,Warzybok_Ewa_7termin@googlemail.com.,693 105 872
0000002057,nasiono_KM_79@gmail.com,+48 693 297 551
0000002058,NK_80@googlemail.com.,501 786 063
0000002059,I2Osipowicz@googlemail.com.,727 486 942
0000002060,M65Pałac@googlemail.com.,32 922 25 25
0000002061,D17Owsiak@@googlemail.com.,+48 691 550 411
0000002062,Konstanty3_Blanka8@gmail.com,+48 572 795 272
0000002063,Szabla1_Sonia4@net.com,+48 532 523 667
0000002064,zima_MJ_30@net.com,+48 669 418 434
0000002065,UC_58@googlemail.com.,+48 795 022 556
0000002066,CW_93@gmail.com,22 580 07 20
0000002067,M46Halik@net.com,514 630 146
0000002068,Franciszek_Zapadka_11@gmail.com,+48 790 146 548
0000002069,Furmankiewicz_Aurelia_7sukces@gmail.com,+48 667 547 687
0000002070,Such_Sonia_2leżeć@gmail.com,+48 534 464 740
0000002071,Emil_Grotek_96@googlemail.com.,not-a-phone
0000002072,J28Mętel@net.com,737 529 938
0000002073,Świergiel_Melania_3umysł@net.com,728 938 868
0000002074,Cichos_Artur_6także@net.com,+48 884 613 686
0000002075,AG_66@googlemail.com.,660 343 663
0000002076,Waniek_Róża_5kraina@googlemail.com.,+48 501 977 050
0000002077,Stroka_Olga_20@gmail.com,574 742 934
0000002078,K92Nojman@googlemail.com.,724 368 385
0000002079,Jerzy_Szulczyk_77@gmail.com,+48 887 617 002
0000002080,Malwina_Sztuczka_6@gmail.com,+48 784 568 730
,Eryk_Nastały_66@gmail.com,530 689 156
0000002082,MG_36@googlemail.com.,+48 739 645 181
0000002083,Litwinowicz7_Piotr8@gmail.com,+48 22 949 43 78
0000002084,Klejna_Krystian_6pora@net.com,577 710 731
0000002085,Oskar_Janasz_28@gmail.com,735 606 650
0000002086,Wenda_Eryk_8chłop@googlemail.com.,791 026 771
0000002087,Ostapczuk_Ida_3matka@gmail.com,+48 663 954 332
0000002088,Galica3_Nikodem5@gmail.com,790 666 536
0000002089,Bartek_Leżoń_47@googlemail.com.,+48 514 142 171
0000002090,A49Sopata@gmail.com,+48 660 282 184
0000002091,Malon_Sandra_2wyścig@googlemail.com.,32 011 17 07
0000002092,Wielgat_Kaja_3tu@net.com,602 594 319
0000002093,R81Drobot@net.com,537 703 321
0000002094,Niemiec_SK_10@gmail.com,573 998 666
0000002095,Karol_Mydlarz_67@net.com,+48 793 743 483
0000002096,D65Świętoń@gmail.com,609 797 159
0000002097,dzieło_OE_32@googlemail.com.,32 271 68 44
0000002098,LD_85@gmail.com,605 183 733
0000002099,HK_49@gmail.com,+48 606 029 533
0000002100,Strug_Bruno_8duński@gmail.com,+48 787 047 155
0000002101,E17Kleinschmidt@net.com,+48 32 185 75 06
0000002102,Początek_Damian_1wnętrze@googlemail.com.,575 733 547
0000002103,I87Migała@net.com,+48 512 267 307
0000002104,G52Misztela@gmail.com,882 901 916
0000002105,rzeka_WJ_49@gmail.com,+48 884 258 978
0000002106,Mateusz_Maciejko_38@googlemail.com.,+48 696 454 102
0000002107,N96Gołoś@googlemail.com.,22 879 50 74
0000002108,Kościołek_Malwina_3starać się@net.com,+48 534 002 410
0000002109,MJ_52@net.com,+48 502 483 857
0000002110,Ksel_Kamila_4gorączka@net.com,+48 797 986 533
0000002111,pracować_CB_20@googlemail.com.,+48 693 363 192
0000002112,Pitek7_Ewelina4@gmail.com,578 575 921
0000002113,NS_2@net.com,600 037 121
0000002114,S38Goliszek@net.com,22 375 74 71
0000002115,Rykała2_Oliwier0@gmail.com,889 060 916
0000002116,Kreczmer_Emil_6srebro@gmail.com,32 010 96 78
0000002117,Horbacz_Apolonia_4kobiecy@gmail.com,537 313 677
0000002118,Fabian_Kopyto_27@gmail.com,+48 885 191 737
0000002119,J59Uryga@googlemail.com.,+48 738 243 563
0000002120,smutny_OK_74@gmail.com,+48 32 497 26 84
,POLOWAĆ_JI_74@GMAIL.COM,+48 22 677 27 92
0000002122,Dzienis_Janina_6pod@googlemail.com.,22 017 34 20
0000002123,Ułanowicz_Krystyna_10jednak@gmail.com,+48 690 797 281
0000002124,Janiszek5_Aurelia5@googlemail.com.,+48 571 062 611
0000002125,E88Pałac@gmail.com,668 739 366
0000002126,Dzieża9_Liwia10@googlemail.com.,512 649 628
0000002127,Róża_Głowiak_80@net.com,+48 603 634 026
0000002128,wybrzeże_KM_15@googlemail.com.,571 915 392
0000002129,E80Słyk@net.com,+48 724 123 304
0000002130,IH_50@net.com,+48 882 908 642
0000002131,Urszula_Pilarek_42@gmail.com, 575 022 253
0000002132,Szyca3_Tola4@googlemail.com.,+48 724 287 590
0000002133,pojedynczy_KJ_70@gmail.com,572 666 000
0000002134,E98Strzoda@gmail.com,+48 784 007 453
0000002135,AG_89@googlemail.com.,+48 538 265 113
0000002136,A3Gajownik@googlemail.com.,724 382 019
0000002137,Sierota0_Kazimierz10@net.com,509 209 983
0000002138,Dziuda_Jacek_7lustro@gmail.com,699 384 887
0000002139,FK_32@googlemail.com.,884 750 376
0000002140,A62Rząd@googlemail.com.,+48 608 164 859
0000002141,A69BUCHHOLZ@GOOGLEMAIL.COM.,32 704 19 35
0000002142,Walkusz5_Maks6@googlemail.com.,+48 880 008 750
0000002143,J82Marcol@net.com,+48 571 442 867
0000002144,AH_8@net.com,+48 780 267 048
0000002145,Czerner_Klara_1Hiszpania@googlemail.com.,720 445 393
0000002146,MH_22@gmail.com,507 409 580
0000002147,Pęksa_Anastazja_7towarzystwo@gmail.com,534 231 873
0000002148,Strawa0_Anita0@gmail.com,32 139 86 06
0000002149,Sabała_Nicole_7św.@googlemail.com.,+48 886 593 031
0000002150,AD_64@googlemail.com.,+48 532 811 687
0000002151,E33Wichary@gmail.com,510 597 002
0000002152,Mateusz_Fidura_66@gmail.com,+48 534 184 457
0000002153,Pitala_Gustaw_5srebro@net.com,517 525 523
0000002154,DS_100@googlemail.com.,508 929 757
0000002155,Błażej_Melaniuk_57@gmail.com,+48 22 994 95 20
0000002156,E48Jagieło@gmail.com,+48 733 309 008
0000002157,R16Różewicz@googlemail.com.,+48 539 278 117
0000002158,AF_69@gmail.com,514 574 904
0000002159,Alex_Durys_31@net.com,739 798 865
0000002160,Galon5_Bartek7@googlemail.com.,+48 517 960 367
,Bejm5_Stefan5@example..com,22 315 22 22abc
0000002162,łyżka_DA_2@googlemail.com.,+48 784 196 502
0000002163,Bobik4_Sylwia1@gmail.com,+48 32 575 61 86
0000002164,strumień_GM_85@net.com,699 937 115
0000002165,Potyrała5_Nela8@googlemail.com.,+48 32 239 83 59
0000002166,Hejna2_Cyprian8@gmail.com,517 198 594
0000002167,Cyprian_Franiak_23@gmail.com,+48 537 110 476
0000002168,rozmiar_PK_37@googlemail.com.,608 608 254
0000002169,DG_84@net.com,723 031 821
0000002170,pełny_WE_62@net.com,+48 692 752 737
0000002171,pomoc_KG_81@gmail.com,+48 32 101 79 15
0000002172,Nitkiewicz5_Ewelina10@net.com,+48 788 564 898
0000002173,Gawliczek7_Filip6@gmail.com,+48 22 238 38 28
0000002174,Agnieszka_Zatoń_73@googlemail.com.,662 337 469
0000002175,Ksawery_Ostapczuk_99@googlemail.com.,721 213 943
0000002176,BK_72@gmail.com,+48 884 122 282
0000002177,KK_48@net.com,+48 736 645 194
0000002178,NH_32@googlemail.com.,+48 724 085 579
0000002179,BS_97@googlemail.com.,+48 533 997 771
0000002180,WR_19@gmail.com,606 240 659
0000002181,AB_1gmail.com,724 613 505
0000002182,Ada_Komander_66@gmail.com,734 394 734
0000002183,alkohol_SR_89@gmail.com,505 470 703
0000002184,M4Burchardt@gmail.com,+48 692 605 510
0000002185,armia_GM_51@gmail.com,+48 508 512 472
0000002186,Huber2_Rafał1@googlemail.com.,+48 888 625 387
0000002187,Piłka10_Angelika10@googlemail.com.,500 667 367
0000002188,pies_GO_2@googlemail.com.,+48 731 686 013
0000002189,Gajowiak_Janina_5ciężar@net.com,+48 691 978 785
0000002190,lotniczy_SK_36@net.com,+48 22 873 04 30
0000002191,przypominać_DM_36@gmail.com,+531 257 171
0000002192,Fryś_Aleksander_8przestać@net.com,574 097 121
0000002193,DK_40@gmail.com,737 332 761
0000002194,ML_42@net.com,535 030 173
0000002195,Kochel_Nataniel_4wynosić@gmail.com,+48 571 323 654
0000002196,Miszkiewicz_Krystyna_1terytorium@gmail.com,+48 500 292 705
0000002197,Noculak_Tola_2–@net.com,+48 22 467 74 09
0000002198,B85Lalak@net.com,602 444 955
0000002199,JD_85@net.com,+48 609 210 098
0000002200,Pacura_Nela_4kościół@gmail.com,794 506 063
,D38Miduragmail.com,+48 603 825 039
0000002202,Dorawa8_Justyna2@gmail.com,32 332 92 92
0000002203,wiedzieć_SJ_90@net.com,884 285 178
0000002204,Pyrkosz_Justyna_8nauczycielka@googlemail.com.,+48 22 120 70 15
0000002205,Europa_KS_63@gmail.com,+48 782 690 294
0000002206,NG_26@gmail.com,+48 22 505 38 23
0000002207,Olga_Ciechowicz_2@gmail.com,793 038 416
0000002208,G39Kamyk@googlemail.com.,32 964 20 11
0000002209,KP_13@googlemail.com.,+48 720 614 043
0000002210,Ścieszka_Ida_68@gmail.com,+48 574 614 999
0000002211,półwysep_ŻA_73@gmail.com,+48 787 041 792
0000002212,K72Kliber@gmail.com,514 035 734
0000002213,Julian_Zacharczuk_30@gmail.com,729 208 369
0000002214,KF_68@googlemail.com.,503 928 376
0000002215,MW_46@gmail.com,+48 579 496 606
0000002216,M82Sobel@net.com,22 580 37 55
0000002217,J42Szram@googlemail.com.,+48 733 619 898
0000002218,dyrektor_KD_15@googlemail.com.,663 119 917
0000002219,D9Stanisławczyk@net.com,+48 732 920 484
0000002220,NG_5@googlemail.com.,729 997 356
0000002221,@net.com,+48501462629
0000002222,Stoltman_Tadeusz_8grzyb@gmail.com,514 737 747
0000002223,DB_5@gmail.com,+48 799 269 268
0000002224,Brodowicz_Gaja_3pytać@gmail.com,530 105 677
0000002225,L74Zyguła@gmail.com,571 405 511
0000002226,JM_89@net.com,795 249 232
0000002227,Ł20Bejma@googlemail.com.,+48 887 153 057
0000002228,Rozalia_Samiec_83@gmail.com,+48 797 156 661
0000002229,Drela4_Eryk6@net.com,+48 781 204 114
0000002230,P32Walencik@gmail.com,+48 721 995 529
0000002231,AJ_88@gmail.com,517 189 002
0000002232,AK_43@net.com,32 981 70 79
0000002233,Laskus_Agnieszka_2zgoda@net.com,+48 517 915 620
0000002234,MP_60@googlemail.com.,+48 733 434 349
0000002235,Janina_Grzeszkowiak_47@googlemail.com.,+48 784 810 694
0000002236,TG_91@net.com,+48 572 626 195
0000002237,OZ_25@net.com,663 741 837
0000002238,niewolnik_SS_14@googlemail.com.,+48 513 788 201
0000002239,silnik_ŁT_42@gmail.com,579 328 630
0000002240,Borak2_Marika0@googlemail.com.,517 660 691
,,+48 32 866 63 52
0000002242,Stanaszek_Fabian_2pozycja@gmail.com,+48 518 690 218
0000002243,P35Martyka@googlemail.com.,696 006 677
0000002244,T21Lulek@gmail.com,+48 662 756 760
0000002245,położony_MM_92@net.com,+48 697 396 997
0000002246,ML_13@gmail.com,+48 510 760 956
0000002247,Mrotek2_Sebastian3@googlemail.com.,+48 32 681 19 22
0000002248,Pyć_Wojciech_10prezydent@net.com,+48 519 391 467
0000002249,norma_WM_92@googlemail.com.,+48 721 910 199
0000002250,J27Mazan@net.com,506 551 826
0000002251,Kulma_Andrzej_5szwedzki@gmail.com,+48 693 745 94112345678901234567890
0000002252,zgoda_HN_71@gmail.com,+48 786 755 774
0000002253,EL_43@net.com,32 985 72 35
0000002254,zdrowy_KM_40@gmail.com,+48 535 186 017
0000002255,Kaja_Bruzda_44@gmail.com,796 722 672
0000002256,powinien_BK_86@net.com,+48 783 247 220
0000002257,pacjent_BD_8@googlemail.com.,735 317 644
0000002258,Ciesielczyk_Stefan_10wojsko@net.com,502 500 198
0000002259,ile_CL_31@googlemail.com.,729 395 069
0000002260,ED_49@gmail.com,+48 32 390 97 79
0000002261,Justyna_Palak_7@googlemail.com.,+48 519 513 406
0000002262,Kosman3_Dariusz10@net.com,+48 881 580 361
0000002263,U61Prochownik@net.com,+48 798 435 867
0000002264,międzynarodowy_PA_70@googlemail.com.,793 412 106
0000002265,O45Taczała@gmail.com,515 646 595
0000002266,Malisz_Tola_8typowy@net.com,515 855 787
0000002267,Róża_Szpila_60@net.com,+48 604 135 477
0000002268,Machul3_Radosław0@gmail.com,+48 22 317 75 17
0000002269,Chwała_Dagmara_3bronić@googlemail.com.,504 191 750
0000002270,Aleksander_Skomra_89@gmail.com,722 371 869
0000002271,Domka4_Ewa9@net.com,699 588 708
0000002272,Angelika_Wawszczyk_74@net.com,882 013 520
0000002273,bić_FN_18@net.com,603 272 115
0000002274,MR_33@net.com,32 185 77 89
0000002275,KK_77@net.com,730 423 951
0000002276,BW_35@net.com,+48 889 269 784
0000002277,AP_4@googlemail.com.,+48 32 462 16 32
0000002278,KZ_86@net.com,+48 737 154 345
0000002279,DD_25@net.com,788 256 859
0000002280,Apolonia_Zbiciak_51@gmail.com,+48 513 469 187
,Bartoszczyk2_Krzysztof0,22 794 05 20abc
0000002282,Kaja_Korgul_96@gmail.com,888 517 945
0000002283,Olga_Stefanik_17@net.com,+48 515 282 931
0000002284,J84Kalista@gmail.com,885 842 003
0000002285,Drgas_Kaja_1dział@googlemail.com.,32 235 36 63
0000002286,że_FL_77@net.com,+48 798 375 343
0000002287,zespół_TD_12@googlemail.com.,+48 32 848 54 89
0000002288,Karol_Ryfa_30@gmail.com,+48 880 352 746
0000002289,Subocz6_Rozalia6@net.com,+48 502 440 836
0000002290,Sylwia_Duras_87@gmail.com,+48 22 927 81 89
0000002291,Ciuk9_Natan0@net.com,512 431 061
0000002292,rzadki_PM_72@net.com,+48 519 340 027
0000002293,Tabiś_Maks_10oczekiwać@googlemail.com.,530 963 606
0000002294,Peda9_Rafał4@googlemail.com.,506 404 190
0000002295,Kubek3_Bartek10@gmail.com,22 447 01 55
0000002296,Wisz9_Sebastian2@net.com,+48 796 340 523
0000002297,Michał_Stosik_5@googlemail.com.,887 003 288
0000002298,T62Pyrz@googlemail.com.,508 961 947
0000002299,fotografia_SJ_80@gmail.com,+48 608 575 142
0000002300,Pysz_Janina_2pająk@gmail.com,+48 502 553 776
0000002301,kościelny_ZS_32gmail.com,536 146 774
0000002302,wydać_BK_62@net.com,+48 531 889 176
0000002303,GM_61@googlemail.com.,602 899 577
0000002304,Liwia_Bystrek_92@gmail.com,+48 516 870 785
0000002305,Olga_Stwora_13@gmail.com,+48 882 013 237
0000002306,JS_17@gmail.com,736 285 801
0000002307,A86Grochola@googlemail.com.,664 920 102
0000002308,Janowiak_Kornelia_9biskup@gmail.com,+48 504 842 411
0000002309,Ignacy_Frelich_73@googlemail.com.,+48 579 857 882
0000002310,AS_55@googlemail.com.,734 689 528
0000002311,T57Huber@gmail.com,
0000002312,Dryka_Fabian_8wybory@googlemail.com.,605 005 527
0000002313,Gamoń8_Wojciech3@gmail.com,574 738 737
0000002314,O19Pytlarz@googlemail.com.,532 113 419
0000002315,morski_CB_53@googlemail.com.,+48 32 562 42 61
0000002316,lekarz_BŁ_5@googlemail.com.,+48 536 064 519
0000002317,Tadych_Iwo_10bilet@gmail.com,+48 699 475 377
0000002318,Gabriel_Cukier_35@gmail.com,+48 609 159 006
0000002319,Bodych_Adam_1literatura@gmail.com,32 997 53 50
0000002320,aktywny_KR_10@gmail.com,+48 882 207 915
,oczywiście_PN_5@gmail.com,+48 504 317 352
0000002322,Anastazja_Dytrych_70@gmail.com,+48 794 630 415
0000002323,Olgierd_Wardzała_42@googlemail.com.,+48 784 069 838
0000002324,Cabała3_Mieszko4@googlemail.com.,+48 735 588 154
0000002325,Feret_Nicole_2wiosna@net.com,533 945 150
0000002326,Drobniak_Iwo_9klimat@gmail.com,+48 699 971 991
0000002327,Marika_Litwiniuk_69@gmail.com,782 468 843
0000002328,Sot9_Nikodem10@net.com,+48 22 712 90 46
0000002329,Nela_Okraska_67@net.com,+48 517 327 240
0000002330,K93Lorens@googlemail.com.,515 797 918
0000002331,Heller_Janina_5teren@net.com,736 031 687
0000002332,Nieroda_Julianna_4wysoki@gmail.com,+48 722 846 427
0000002333,Fijak_Karina_7mięsień@gmail.com,+48 578 081 685
0000002334,iść_TI_39@googlemail.com.,887 291 428
0000002335,przypominać_ŚE_11@net.com,576 477 860
0000002336,L11Jędral@gmail.com,+48 799 526 451
0000002337,Doroz_Nela_8radiowy@gmail.com,781 109 166
0000002338,Mały_Marika_7zarówno@gmail.com,578 442 757
0000002339,Matyszczak0_Sebastian3@googlemail.com.,519 341 532
0000002340,Hanke_Dariusz_9problem@net.com,+48 887 840 594
0000002341,Nela_Ragan_44net.com,+48 32 729 06 32
0000002342,naturalny_MI_61@net.com,+48 660 673 813
0000002343,Kamil_Zyga_45@googlemail.com.,697 779 703
0000002344,wódka_SN_27@net.com,+48 889 488 439
0000002345,Huczek5_Stanisław2@gmail.com,+48 22 654 26 85
0000002346,Bubel10_Marianna0@googlemail.com.,+48 572 626 221
0000002347,AP_12@googlemail.com.,+48 721 830 336
0000002348,Krzywonos0_Klara2@net.com,517 874 698
0000002349,Kalisiak_Melania_2wygląd@googlemail.com.,799 510 516
0000002350,AS_74@gmail.com,883 090 687
0000002351,nauczycielka_JM_57@googlemail.com.,783 374 091
0000002352,Fryderyk_Niećko_88@net.com,795 432 275
0000002353,Wolff_Ignacy_9fragment@googlemail.com.,698 289 967
0000002354,LS_64@gmail.com,+48 571 512 785
0000002355,A59Cąkała@googlemail.com.,+48 601 202 217
0000002356,Oskroba0_Ignacy5@gmail.com,501 434 171
0000002357,Furmankiewicz4_Lidia3@gmail.com,+48 575 869 472
0000002358,idea_WS_96@net.com,739 577 799
0000002359,masa_PM_68@gmail.com,665 868 759
0000002360,Żymełka_Sonia_5szczyt@net.com,+48 514 338 763
,,733 447 568
0000002362,M8Ostafin@gmail.com,603 598 286
0000002363,trawa_TA_27@gmail.com,699 650 773
0000002364,Madajczyk8_Hubert5@googlemail.com.,+48 22 361 58 45
0000002365,MP_95@googlemail.com.,+48 880 215 724
0000002366,choć_KK_46@googlemail.com.,22 924 28 84
0000002367,Dorota_Kosiec_10@net.com,515 190 055
0000002368,Nicole_Jędral_99@googlemail.com.,+48 32 687 37 83
0000002369,F32Dulik@gmail.com,+48 32 919 68 71
0000002370,Perlik0_Elżbieta2@gmail.com,+48 664 498 952
0000002371,pies_DM_69@gmail.com,abc662 576 584
0000002372,MJ_18@googlemail.com.,726 653 748
0000002373,Rosłoń_Paweł_4tłumaczyć@net.com,502 621 436
0000002374,Perlik_Alan_8litera@googlemail.com.,22 689 16 71
0000002375,Rzeszutko_Adrian_5należeć@googlemail.com.,+48 514 742 201
0000002376,AK_24@net.com,+48 504 061 993
0000002377,Kamila_Ostapiuk_22@googlemail.com.,+48 886 496 350
0000002378,Marcin_Muniak_62@googlemail.com.,725 875 821
0000002379,Hubert_Szatanik_75@net.com,512 634 629
0000002380,Filas_Julianna_2no@net.com,+48 501 994 633
0000002381,PT_41 @googlemail.com.,+48 785 662 776
0000002382,A10Pabis@googlemail.com.,+48 579 930 598
0000002383,IP_44@gmail.com,788 575 873
0000002384,Sara_Duc_3@net.com,506 008 586
0000002385,samiec_GM_13@googlemail.com.,571 282 419
0000002386,Jeszke_Bianka_7szczęście@net.com,+48 731 074 901
0000002387,A43Makulec@googlemail.com.,+48 739 865 839
0000002388,SP_27@net.com,+48 721 058 341
0000002389,NC_68@gmail.com,884 230 777
0000002390,6_PA_74@googlemail.com.,574 545 598
0000002391,JP_53@net.com,+48 511 917 055
0000002392,założyć_NI_4@net.com,799 288 835
0000002393,Mol0_Kaja2@googlemail.com.,785 951 817
0000002394,więcej_KB_42@googlemail.com.,883 721 934
0000002395,Kranc_Krystyna_1więzienie@googlemail.com.,+48 538 796 378
0000002396,Korda_Aniela_1wielki@gmail.com,735 346 395
0000002397,Krystyna_Zach_65@net.com,+48 699 632 609
0000002398,Nela_Mleczek_22@googlemail.com.,+48 539 673 936
0000002399,Cywka_Oskar_1wszystek@googlemail.com.,783 507 628
0000002400,A19Ciesielka@googlemail.com.,+48 32 311 20 85
,MANISTA1_MARCELINA7@GMAIL.COM,000000
0000002402,Daniec3_Norbert9@googlemail.com.,+48 32 018 84 44
0000002403,I95Cąkała@gmail.com,+48 728 437 831
0000002404,T26Front@net.com,571 835 103
0000002405,osiem_MA_43@net.com,+48 797 501 575
0000002406,bogaty_SD_92@googlemail.com.,515 500 583
0000002407,H2Węgrzyk@gmail.com,+48 22 510 79 56
0000002408,KB_79@net.com,+48 669 793 875
0000002409,Chomik9_Michał0@googlemail.com.,530 492 289
0000002410,R51Mrozowicz@net.com,506 938 398
0000002411,szlachetny_JN_31@net.com,+48 731 461 866
0000002412,Olga_Falba_55@googlemail.com.,+48 607 998 898
0000002413,częściowo_PD_39@gmail.com,668 860 941
0000002414,wniosek_SF_64@googlemail.com.,+48 721 080 798
0000002415,B59Kozieja@googlemail.com.,+48 797 459 886
0000002416,BO_30@gmail.com,695 560 398
0000002417,A79Mitera@net.com,32 373 11 41
0000002418,prywatny_BI_84@net.com,+48 726 652 919
0000002419,ET_17@net.com,+48 507 909 916
0000002420,PU_80@net.com,+48 500 985 297
0000002421,I44Siatka@gmail.com ,797 243 083
0000002422,DP_87@net.com,22 988 98 15
0000002423,Rduch_Leon_9księżyc@googlemail.com.,+48 576 733 436
0000002424,stawać się_KK_100@net.com,+48 508 863 343
0000002425,Mikołaj_Halik_31@gmail.com,+48 889 018 281
0000002426,Wasil_Sylwia_5związany@googlemail.com.,+48 885 411 866
0000002427,danie_GS_63@net.com,792 924 416
0000002428,Kloch_Wiktor_8kultura@net.com,660 503 658
0000002429,Toma_Gaja_5analiza@gmail.com,532 955 009
0000002430,CT_14@gmail.com,730 675 961
0000002431,Hojda_Inga_1własność@net.com,+48729290366
0000002432,jednocześnie_BA_56@gmail.com,738 014 069
0000002433,IA_89@gmail.com,+48 32 166 64 90
0000002434,BM_54@googlemail.com.,660 805 022
0000002435,Ostapczuk4_Marcelina2@net.com,737 401 907
0000002436,WG_51@gmail.com,+48 734 569 654
0000002437,Holewa10_Malwina3@net.com,735 638 037
0000002438,gwiazda_KP_72@gmail.com,698 669 052
0000002439,K44Drzał@googlemail.com.,+48 518 966 026
0000002440,Kolonko0_Iwo4@net.com,+48 607 244 698
,Klinkosz_Aurelia_1społeczeństwo,+48 576 552 890
0000002442,Kamila_Kloska_94@gmail.com,+48 602 940 572
0000002443,żółty_GR_29@net.com,+48 797 128 175
0000002444,Anita_Balcewicz_54@net.com,663 898 609
0000002445,MC_93@net.com,+48 32 518 64 62
0000002446,Sieg_Melania_6mieszkanie@googlemail.com.,+48 721 693 857
0000002447,Kunert0_Julita4@gmail.com,888 246 604
0000002448,OG_96@net.com,+48 699 310 306
0000002449,Anna Maria_Gromala_95@gmail.com,663 288 842
0000002450,Angelika_Niećko_28@gmail.com,+48 780 736 388
0000002451,KC_40@gmail.com,22 306 02 76
0000002452,Włodarz_Grzegorz_7nadmierny@gmail.com,+48 535 703 064
0000002453,AW_86@gmail.com,+48 720 685 447
0000002454,Welc10_Nicole0@gmail.com,22 026 40 11
0000002455,Andrearczyk10_Julita9@googlemail.com.,503 187 738
0000002456,Koleśnik9_Sandra2@net.com,22 507 66 91
0000002457,szczęśliwy_BJ_84@gmail.com,+48 510 650 216
0000002458,Jarmuła_Sandra_10jasny@net.com,518 854 332
0000002459,NG_77@gmail.com,+48 505 208 598
0000002460,Ćwirko_Miłosz_7epoka@gmail.com,+48 727 632 640
0000002461,,
0000002462,Wołk_Sara_5pozwalać@googlemail.com.,+48 797 638 053
0000002463,wiadomość_LR_63@net.com,+48 720 029 082
0000002464,Piaseczna7_Marcelina1@googlemail.com.,+48 726 271 086
0000002465,Kulus3_Olaf8@googlemail.com.,+48 726 787 480
0000002466,Łukasz_Jonik_6@gmail.com,+48 22 784 58 31
0000002467,E21Dykas@googlemail.com.,882 085 248
0000002468,Sara_Klaja_40@googlemail.com.,734 879 819
0000002469,Kamila_Olszowa_55@gmail.com,+48 698 072 038
0000002470,Nazar_Emil_2wywoływać@net.com,+48 600 937 911
0000002471,Blanka_Ciesielczyk_22@gmail.com,+48 609 445 830
0000002472,Żyto8_Adrian0@googlemail.com.,+48 539 653 587
0000002473,A73Korzonek@gmail.com,537 064 971
0000002474,musieć_ŚO_51@net.com,+48 22 926 21 49
0000002475,różnica_ML_89@net.com,798 714 918
0000002476,przeprowadzać_TA_33@googlemail.com.,+48 791 134 289
0000002477,Anita_Glazer_82@googlemail.com.,665 106 522
0000002478,medycyna_PP_66@gmail.com,530 443 462
0000002479,M7Balas@googlemail.com.,510 506 169
0000002480,K49Brańka@gmail.com,780 755 313
,zaburzenie_BN_93@net.com,+48 793 965 194
0000002482,Piestrzeniewicz5_Justyna4@googlemail.com.,+48 605 579 766
0000002483,K65Plona@net.com,509 352 242
0000002484,Malwina_Trzop_54@googlemail.com.,+48 609 668 754
0000002485,RT_78@gmail.com,536 333 048
0000002486,podróż_KM_93@googlemail.com.,+48 786 050 112
0000002487,JK_34@net.com,+48 694 269 029
0000002488,Gaja_Gęca_42@googlemail.com.,575 924 023
0000002489,kolega_DK_8@googlemail.com.,539 937 889
0000002490,A89Domińczak@gmail.com,+48 531 249 900
0000002491,E98Kośnik@gmail.com,
0000002492,Bartkowicz4_Kalina8@net.com,+48 692 887 197
0000002493,przeciw_KW_99@gmail.com,+48 723 502 656
0000002494,UM_35@net.com,+48 532 117 813
0000002495,RS_9@net.com,+48 501 058 345
0000002496,program_AM_10@gmail.com,510 035 944
0000002497,S87Giedrojć@googlemail.com.,786 334 151
0000002498,Kazek4_Cyprian4@net.com,+48 881 729 621
0000002499,Komisarek_Anna Maria_8okazja@googlemail.com.,+48 665 106 902
0000002500,I24Piejko@net.com,669 760 289
0000002501,,505 648 357
0000002502,Kubisz0_Aniela6@googlemail.com.,+48 606 022 805
0000002503,J73Białasik@gmail.com,888 907 761
0000002504,Jędrzej_Twardy_52@googlemail.com.,+48 739 178 005
0000002505,MK_36@gmail.com,539 045 828
0000002506,Bik_Ernest_9wspomnienie@googlemail.com.,+48 797 491 063
0000002507,Borys_Żyrek_5@gmail.com,733 125 480
0000002508,wóz_HG_98@net.com,603 822 616
0000002509,JS_39@googlemail.com.,+48 511 276 236
0000002510,ostry_NA_30@gmail.com,+48 607 585 256
0000002511,Oliwier_Dytko_4@net.com,+48 720 153 608
0000002512,odcień_GA_14@gmail.com,+48 32 287 40 62
0000002513,one_BM_58@net.com,+48 535 596 674
0000002514,Kutnik7_Alex4@net.com,+48 536 331 920
0000002515,Pyc8_Tymon6@googlemail.com.,+48 664 841 931
0000002516,Anna Maria_Jarmużek_14@gmail.com,728 129 279
0000002517,Igor_Danieluk_99@googlemail.com.,+48 782 665 231
0000002518,kontakt_ME_93@net.com,+48 696 001 210
0000002519,Kuder_Natasza_8dziób@net.com,22 371 27 53
0000002520,J11Berg@gmail.com,+48 501 200 876
,Naglik10_Artur0@example..com,+48664274306
0000002522,Gąsienica_Dawid_3północ@net.com,570 910 797
0000002523,Stark6_Patryk10@net.com,32 941 16 18
0000002524,Baster6_Urszula6@gmail.com,+48 780 422 633
0000002525,Janina_Jakóbik_83@googlemail.com.,884 208 788
0000002526,Urszula_Piórek_26@gmail.com,785 331 234
0000002527,Czuryło5_Karina1@gmail.com,887 945 041
0000002528,J64Srokosz@googlemail.com.,+48 886 142 581
0000002529,pole_OM_8@net.com,732 329 983
0000002530,Jakiel_Tomasz_7oficjalny@net.com,538 891 036
0000002531,Kuzia9_Inga7@googlemail.com.,739 559 005
0000002532,jechać_GJ_89@net.com,+48 32 358 82 85
0000002533,komórka_LB_71@net.com,+48 512 959 226
0000002534,rak_KD_17@googlemail.com.,+48 889 883 674
0000002535,Daniel_Marcińczyk_73@net.com,668 630 256
0000002536,RS_85@net.com,601 664 084
0000002537,BB_8@googlemail.com.,886 857 186
0000002538,dolina_MK_91@net.com,578 158 068
0000002539,Kulisz3_Kalina8@gmail.com,+48 780 595 068
0000002540,Myga7_Roksana5@googlemail.com.,780 651 145
0000002541,Florian_Tymon_8zmieniać@gmail.com,532 488 182
0000002542,Potyrała_Monika_8zboże@net.com,+48 600 900 103
0000002543,L31Oszust@googlemail.com.,22 850 34 77
0000002544,Jerzy_Laszczyk_79@net.com,+48 537 559 888
0000002545,Meissner_Natan_720@googlemail.com.,515 449 447
0000002546,Gorzelańczyk_Tadeusz_8wojsko@net.com,+48 22 323 01 68
0000002547,M18Wrochna@googlemail.com.,+48 721 513 905
0000002548,M97Job@gmail.com,+48 516 569 818
0000002549,maszyna_AR_7@gmail.com,+48 603 400 451
0000002550,K13Staniewicz@net.com,663 586 208
0000002551,pozycja_SE_90@gmail.com,
0000002552,Gabriel_Bawoł_64@gmail.com,+48 698 109 993
0000002553,biuro_PŁ_62@net.com,723 355 213
0000002554,Zubel_Monika_6ozdobny@googlemail.com.,+48 721 093 280
0000002555,Mateusz_Czosnyka_72@net.com,+48 694 673 931
0000002556,Nicole_Danel_12@googlemail.com.,+48 698 394 578
0000002557,K26Superson@net.com,668 090 311
0000002558,Hallmann9_Marcel8@net.com,22 948 37 31
0000002559,FZ_88@gmail.com,+48 790 109 388
0000002560,TG_6@googlemail.com.,+48 721 349 074
,A92Drobny,799 437 544
0000002562,Cieciora_Urszula_3w czasie@gmail.com,+48 513 010 583
0000002563,RB_99@googlemail.com.,698 177 955
0000002564,Tyczka4_Robert8@net.com,+48 885 970 910
0000002565,E4Biesaga@gmail.com,+48 575 986 019
0000002566,Dziadkowiec_Alex_9w.@googlemail.com.,+48 881 257 584
0000002567,Litwiniuk_Alan_9więcej@gmail.com,+48 509 069 434
0000002568,Zugaj3_Adrianna10@googlemail.com.,699 183 845
0000002569,Kocaj0_Eliza2@googlemail.com.,579 930 987
0000002570,MW_54@googlemail.com.,+48 536 508 336
0000002571,M78Kopytko@net.com,+48 661 204 752
0000002572,rachunek_KK_68@googlemail.com.,+48 729 380 421
0000002573,Block8_Konrad1@googlemail.com.,32 795 79 23
0000002574,Świadek_Gaja_4wybrzeże@googlemail.com.,785 699 520
0000002575,A75Pasich@net.com,+48 32 758 21 05
0000002576,Lichoń8_Adrian9@net.com,+48 22 942 93 37
0000002577,Deryło9_Blanka9@net.com,501 652 973
0000002578,A40Bajak@googlemail.com.,698 610 799
0000002579,Nicewicz_Anna Maria_5dziewięćdziesiąt@net.com,514 091 053
0000002580,Szaruga5_Rafał3@net.com,+48 538 832 605
0000002581,,513 928 402
0000002582,Karol5_Dominik0@net.com,691 034 285
0000002583,Janina_Ziarek_51@net.com,796 830 594
0000002584,NM_50@gmail.com,781 451 786
0000002585,Kamil_Jaremko_92@net.com,+48 22 496 94 41
0000002586,A82Arendarczyk@googlemail.com.,888 142 950
0000002587,W61Nieścioruk@gmail.com,+48 695 270 420
0000002588,NS_93@gmail.com,788 718 268
0000002589,Dariusz_Kaszkowiak_75@googlemail.com.,+48 508 289 333
0000002590,Fras7_Stanisław3@net.com,796 530 483
0000002591,Żabierek9_Marcelina6@googlemail.com.,+48 667 540 724
0000002592,szef_SF_48@googlemail.com.,883 973 097
0000002593,Przemysław_Przybyś_13@net.com,+48 692 837 550
0000002594,S97Podeszwa@googlemail.com.,+48 797 762 200
0000002595,Cyroń6_Emil8@googlemail.com.,+48 605 059 407
0000002596,ŁM_61@net.com,+48 888 592 174
0000002597,wszystkie_GE_99@gmail.com,789 507 402
0000002598,Hampel10_Kazimierz2@googlemail.com.,+48 575 414 618
0000002599,UK_3@gmail.com,+48 32 991 15 75
0000002600,Krüger1_Paweł9@googlemail.com.,+48 32 165 15 62
,Mejer_Apolonia_10gaz@@gmail.com,+48 796 270 551
0000002602,Tola_Smagacz_6@net.com,+48 799 574 982
0000002603,AD_90@net.com,22 479 10 07
0000002604,A65Patalas@googlemail.com.,507 527 993
0000002605,Apolonia_Sadłocha_11@googlemail.com.,+48 501 805 304
0000002606,Zys5_Tobiasz9@gmail.com,692 084 949
0000002607,Marek_Uziębło_39@gmail.com,+48 669 535 408
0000002608,obserwować_JM_11@gmail.com,+48 577 364 742
0000002609,epoka_ŚJ_29@googlemail.com.,881 732 241
0000002610,P53Figat@googlemail.com.,576 716 452
0000002611,T100Stuglik@googlemail.com.,++662 961 401
0000002612,R87Nieszporek@googlemail.com.,+48 882 662 412
0000002613,Sykut_Kaja_9straszny@googlemail.com.,574 208 132
0000002614,tkanina_WK_82@gmail.com,+48 530 468 910
0000002615,Kapciak6_Konrad7@net.com,+48 530 788 574
0000002616,Aurelia_Czochara_90@googlemail.com.,505 600 752
0000002617,Kacper_Miękina_22@gmail.com,+48 781 393 180
0000002618,szybko_SB_72@googlemail.com.,+48 730 775 571
0000002619,wycieczka_OO_76@googlemail.com.,884 537 450
0000002620,święty_SA_66@net.com,+48 799 410 549
0000002621,zespół_HI_3gmail.com,780 978 390
0000002622,P47Rawa@googlemail.com.,22 867 14 11
0000002623,mebel_KK_91@net.com,738 776 713
0000002624,Pabisiak_Ida_4dziewczyna@net.com,579 373 033
0000002625,Latoszek9_Marcelina7@gmail.com,+48 601 588 540
0000002626,AK_83@net.com,789 984 744
0000002627,B1Hallmann@net.com,+48 782 503 595
0000002628,szanowny_GM_41@googlemail.com.,+48 725 369 046
0000002629,wilk_WT_11@googlemail.com.,793 308 502
0000002630,Anastazja_Szkoła_73@googlemail.com.,+48 32 364 06 58
0000002631,Brzeźniak_Jacek_7kawałek@googlemail.com.,+48 609 413 006
0000002632,Surmiak2_Piotr10@googlemail.com.,794 861 787
0000002633,MF_96@googlemail.com.,+48 505 741 532
0000002634,kto_GK_96@googlemail.com.,32 742 61 80
0000002635,Witold_Stwora_18@googlemail.com.,+48 32 319 90 58
0000002636,DP_45@googlemail.com.,699 341 064
0000002637,Wacław6_Monika3@net.com,883 435 312
0000002638,biec_BK_70@gmail.com,500 163 232
0000002639,Szłapka7_Leon9@googlemail.com.,+48 22 086 94 43
0000002640,Łukasz_Starostka_85@gmail.com,+48 795 875 262
,Tola_Capiga_100googlemail.com.,++48 604 626 959
0000002642,EA_71@googlemail.com.,728 429 427
0000002643,JJ_96@googlemail.com.,604 758 767
0000002644,JC_80@googlemail.com.,667 158 881
0000002645,Skoneczna_Kaja_4pozostawać@net.com,+48 535 049 697
0000002646,JM_45@gmail.com,532 624 177
0000002647,SS_47@googlemail.com.,533 389 814
0000002648,Michał_Ślipek_70@googlemail.com.,+48 880 749 348
0000002649,ED_93@googlemail.com.,+48 571 478 448
0000002650,Walusiak_Elżbieta_2mąż@net.com,+48 794 648 650
0000002651,K11Smorąg@gmail.com,22 016 56 42
0000002652,Dariusz_Żybura_48@gmail.com,+48 609 500 597
0000002653,Dycha_Jacek_4zwierzę@gmail.com,+48 539 691 647
0000002654,AK_86@googlemail.com.,+48 507 379 087
0000002655,Glonek3_Dawid9@gmail.com,534 615 855
0000002656,Flisiak2_Sonia3@googlemail.com.,+48 881 230 644
0000002657,Łukasz_Zatoń_2@gmail.com,+48 32 914 62 29
0000002658,G25Pałac@gmail.com,660 507 385
0000002659,KP_45@net.com,534 307 469
0000002660,MP_79@net.com,+48 722 734 970
0000002661,Marcel_Korzeniak_12,797 471 361
0000002662,biec_WS_20@net.com,22 092 07 33
0000002663,Karina_Andreasik_94@googlemail.com.,736 012 621
0000002664,Jeremi_Jasina_75@net.com,+48 22 236 33 23
0000002665,Krauza2_Aleks4@net.com,531 506 745
0000002666,podróż_SB_49@gmail.com,694 501 919
0000002667,Taranek_Adam_2serce@googlemail.com.,606 688 586
0000002668,Muc6_Igor8@googlemail.com.,786 439 231
0000002669,Cherek0_Jędrzej4@googlemail.com.,609 585 046
0000002670,zarówno_BP_52@googlemail.com.,735 380 307
0000002671,Łyskawa7_Anita7@gmail.com,+48 518 929 121
0000002672,KK_43@googlemail.com.,536 586 062
0000002673,MP_63@gmail.com,+48 739 899 097
0000002674,studia_RD_71@googlemail.com.,+48 538 114 003
0000002675,Bianka_Toś_99@gmail.com,+48 738 547 540
0000002676,książę_LW_90@net.com,696 755 211
0000002677,Olaf_Nicewicz_34@gmail.com,514 820 571
0000002678,K31Bisaga@net.com,889 351 312
0000002679,PO_64@gmail.com,739 439 785
0000002680,Melania_Kurtyka_12@net.com,+48 888 715 096
,@gmail.com,+48 881 384 688
0000002682,A20Olko@gmail.com,+48 32 615 88 42
0000002683,charakterystyczny_CA_100@googlemail.com.,+48 539 130 644
0000002684,Kurp_Olga_7kraina@googlemail.com.,727 474 935
0000002685,Wichłacz6_Olgierd2@gmail.com,+48 886 773 979
0000002686,KS_78@net.com,32 471 92 67
0000002687,Jerzy_Dynak_39@gmail.com,888 026 852
0000002688,Iwo_Gajownik_24@net.com,+48 792 970 227
0000002689,Melania_Sporek_48@googlemail.com.,+48 697 973 998
0000002690,CP_75@net.com,+48 32 935 13 44
0000002691,M51Peda@net.com,734 391 288
0000002692,Łabno_Roksana_8daleki@gmail.com,730 943 423
0000002693,A92Boruc@net.com,725 055 583
0000002694,Sandra_Strug_18@gmail.com,+48 533 032 068
0000002695,TM_18@net.com,+48 788 965 037
0000002696,praca_HD_65@gmail.com,32 911 56 70
0000002697,RP_94@net.com,+48 727 838 089
0000002698,Gal10_Piotr6@gmail.com,886 204 366
0000002699,I13Matulka@gmail.com,+48 22 854 14 58
0000002700,BJ_29@net.com,690 457 389
0000002701,Dominik_Prostak_3@.com,abc+48 662 723 576
0000002702,Julian_Ośko_31@gmail.com,+48 516 581 842
0000002703,Gabriel_Szumna_36@net.com,577 515 755
0000002704,M45Grys@net.com,+48 508 891 736
0000002705,Korek1_Radosław3@gmail.com,734 649 499
0000002706,Karkocha_Łukasz_9jednak@net.com,+48 662 750 027
0000002707,I78Złotek@googlemail.com.,+48 798 465 835
0000002708,AL_46@gmail.com,534 265 366
0000002709,Golisz_Dominik_3anioł@gmail.com,+48 695 878 008
0000002710,Kudłacik_Witold_3dziewiąty@googlemail.com.,+48 576 284 713
0000002711,JM_46@googlemail.com.,+48 725 050 178
0000002712,RT_51@net.com,508 094 615
0000002713,—_KB_86@net.com,+48 22 729 40 06
0000002714,Radosław_Kosidło_29@googlemail.com.,880 356 306
0000002715,ES_81@net.com,+48 514 425 554
0000002716,delikatny_LG_87@net.com,602 236 010
0000002717,AS_5@net.com,+48 22 227 29 17
0000002718,Cezary_Kubasiewicz_35@net.com,787 122 934
0000002719,Fogt_Tola_10kolej@gmail.com,+48 516 291 934
0000002720,Jaszczyszyn_Krystyna_10kolumna@gmail.com,+48 668 362 947
,,+48 692 668 094
0000002722,Błażej_Tyczka_64@gmail.com,+48 733 116 218
0000002723,KS_77@net.com,+48 506 411 691
0000002724,M22Derek@googlemail.com.,32 093 34 96
0000002725,Hajdas_Dorota_3miesiąc@net.com,32 494 81 92
0000002726,N95Heba@gmail.com,+48 738 496 141
0000002727,Franciszek_Warzybok_55@net.com,+48 517 957 177
0000002728,pięć_MA_72@net.com,+48 514 822 259
0000002729,Pindor6_Apolonia10@net.com,+48 533 976 044
0000002730,Koloch8_Róża9@gmail.com,662 064 188
0000002731,widok_PI_39@gmail.com,abc883 095 028
0000002732,Świerkosz_Rafał_2szeroki@googlemail.com.,+48 516 229 474
0000002733,U6Wesoły@net.com,+48 512 044 021
0000002734,MC_63@googlemail.com.,729 695 642
0000002735,C65Niewola@gmail.com,+48 789 661 859
0000002736,Maszota4_Oskar5@net.com,+48 885 894 326
0000002737,Kohnke3_Leonard1@net.com,22 114 62 53
0000002738,BP_84@net.com,+48 609 884 274
0000002739,Bojdo_Tadeusz_1wszyscy@googlemail.com.,32 083 11 44
0000002740,J17Księżyk@googlemail.com.,888 730 902
0000002741,Zieniewicz_Dawid_2robić@example..com,+48 532 893 627
0000002742,Jeremi_Kretek_21@net.com,782 013 179
0000002743,Długozima_Bianka_10zasada@gmail.com,+48 517 651 405
0000002744,A73Bosek@gmail.com,+48 781 618 433
0000002745,Miłosz_Dorociak_64@net.com,+48 504 962 850
0000002746,Dominik_Cogiel_11@net.com,734 571 498
0000002747,T76Namysł@net.com,693 157 323
0000002748,Wawszczak_Ewa_5powiat@net.com,+48 608 806 565
0000002749,Dułak_Maksymilian_6prawie@googlemail.com.,517 341 996
0000002750,Bugiel0_Monika2@googlemail.com.,780 839 503
0000002751,MK_89@gmail.com,+48 511 089 804
0000002752,Fabiszak4_Adrian10@googlemail.com.,+48 533 867 027
0000002753,mecz_KI_47@net.com,796 757 503
0000002754,Czerepak1_Klara5@gmail.com,+48 799 932 805
0000002755,S95Pazdan@googlemail.com.,22 244 49 60
0000002756,LS_30@gmail.com,573 182 692
0000002757,zamiar_MA_24@net.com,531 297 444
0000002758,AS_16@googlemail.com.,662 643 292
0000002759,KB_65@googlemail.com.,+48 888 932 514
0000002760,Cisoń5_Urszula3@gmail.com,+48 739 225 104
,JR_4@net.com,123
0000002762,T11Szok@net.com,882 276 921
0000002763,JS_70@googlemail.com.,502 965 072
0000002764,KF_16@googlemail.com.,+48 572 291 507
0000002765,K66Nazarewicz@gmail.com,32 674 18 33
0000002766,Jeremi_Celuch_73@gmail.com,572 111 357
0000002767,A9Tyka@googlemail.com.,+48 606 245 937
0000002768,Kobryń_Gaja_6kolacja@net.com,882 039 300
0000002769,Roksana_Hnat_57@net.com,+48 504 344 592
0000002770,ryzyko_MJ_89@gmail.com,720 293 714
0000002771,MW_5@net.com,+48 572 227 252
0000002772,Urszula_Stefanik_23@gmail.com,+48 884 092 115
0000002773,Ameryka_LE_74@googlemail.com.,571 539 622
0000002774,Julian_Krochmal_80@gmail.com,+48 602 511 203
0000002775,M10Matyjas@googlemail.com.,+48 732 336 080
0000002776,Rzeszutko_Iwo_5zadanie@gmail.com,781 318 004
0000002777,rzecz_KO_54@gmail.com,517 220 627
0000002778,D79Lesiewicz@net.com,664 090 049
0000002779,IG_24@googlemail.com.,+48 692 968 936
0000002780,Chudoba1_Nikodem6@gmail.com,734 736 535
0000002781,Nela_Mijas_75@net.com,22 763 68 63
0000002782,KS_84@googlemail.com.,510 266 981
0000002783,Stanisławek_Nicole_2pewien@gmail.com,+48 780 595 086
0000002784,P100Goss@gmail.com,782 237 777
0000002785,JN_94@gmail.com,536 618 931
0000002786,Krystian_Kohnke_6@googlemail.com.,+48 799 086 317
0000002787,Kornelia_Rozumek_67@googlemail.com.,886 226 281
0000002788,Pyszczek_Marcelina_6okręt@net.com,722 676 982
0000002789,G94Raźny@net.com,+48 691 833 907
0000002790,AS_43@googlemail.com.,572 528 623
0000002791,pomidor_DE_50@net.com,abc883 514 958
0000002792,Szylar_Dorota_10kura@net.com,509 792 176
0000002793,Rusiniak_Sara_10siedem@net.com,+48 570 463 865
0000002794,Stanisławek_Kamil_2Szwajcaria@gmail.com,+48 32 466 64 92
0000002795,Ciuruś9_Tomasz5@net.com,507 273 344
0000002796,prezydent_DA_64@net.com,+48 571 229 660
0000002797,K56Kamieniak@googlemail.com.,572 532 657
0000002798,Chaber0_Dariusz3@net.com,+48 606 233 255
0000002799,S89Kunda@gmail.com,22 346 45 30
0000002800,A90Lament@gmail.com,721 667 841
,K61Karkut@googlemail.com. ,796 693 627
0000002802,Inga_Machul_65@gmail.com,+48 795 291 223
0000002803,francuski_WŁ_44@net.com,514 330 739
0000002804,Kostera8_Jędrzej5@net.com,+48 690 851 019
0000002805,zakon_ŁM_82@gmail.com,+48 510 920 748
0000002806,Ada_Pazera_38@gmail.com,793 432 528
0000002807,przypominać_KO_41@googlemail.com.,699 848 039
0000002808,K76Małas@googlemail.com.,578 296 467
0000002809,pozycja_ZO_27@googlemail.com.,660 686 195
0000002810,Grzejszczak6_Jacek3@gmail.com,607 925 949
0000002811,nasz_KS_86@net.com,669 581 964
0000002812,Bujko6_Robert4@googlemail.com.,+48 32 692 98 32
0000002813,dzielić_GA_44@gmail.com,694 424 436
0000002814,Fularczyk_Kornelia_6użytkownik@googlemail.com.,+48 22 255 17 31
0000002815,opuścić_GM_37@net.com,884 223 487
0000002816,AB_10@gmail.com,+48 606 058 101
0000002817,AR_16@net.com,579 619 780
0000002818,stopień_DB_88@googlemail.com.,+48 532 926 135
0000002819,IW_22@net.com,784 854 872
0000002820,Szram_Angelika_10pokryć@gmail.com,608 434 648
0000002821, Szymon_Uziębło_50@net.com,723 603 446abc
0000002822,Eryk_Korkosz_84@net.com,+48 532 468 369
0000002823,S5Czerniakiewicz@gmail.com,+48 796 584 128
0000002824,S6Szmelter@googlemail.com.,695 110 932
0000002825,Nazarewicz2_Dominik5@net.com,+48 506 337 989
0000002826,Damian_Karyś_54@gmail.com,533 741 941
0000002827,BB_48@googlemail.com.,735 576 547
0000002828,Windak8_Justyna5@gmail.com,32 808 90 19
0000002829,te_OK_8@net.com,+48 731 406 280
0000002830,CK_1@googlemail.com.,667 468 166
0000002831,K13Rząd@gmail.com,+48 572 389 452
0000002832,R42Bielat@gmail.com,784 361 974
0000002833,kilometr_ŁM_37@net.com,+48 32 417 86 44
0000002834,T94Szmaj@net.com,697 786 685
0000002835,Melka_Miłosz_6blisko@gmail.com,32 820 15 46
0000002836,MK_42@googlemail.com.,570 159 658
0000002837,wioska_CO_100@googlemail.com.,665 597 913
0000002838,błoto_DL_17@net.com,781 329 069
0000002839,K26Lazarek@gmail.com,+48 572 068 992
0000002840,Hallmann_Olga_3piec@net.com,572 111 019
,papież_SA_72@.com,32 414 46 75
0000002842,A77Parzyszek@googlemail.com.,+48 692 705 450
0000002843,dźwięk_MN_8@net.com,+48 882 673 418
0000002844,Leszczyk_Elżbieta_9terytorium@gmail.com,577 459 559
0000002845,pierwszy_AJ_84@gmail.com,+48 884 078 136
0000002846,AW_2@net.com,726 721 630
0000002847,I61Czermak@gmail.com,+48 884 774 281
0000002848,AS_36@gmail.com,+48 530 060 390
0000002849,A87Barczuk@net.com,+48 22 666 66 68
0000002850,AW_59@gmail.com,792 551 273
0000002851,Stefan_Jędryczka_85@gmail.com,+48727690307
0000002852,teatr_PI_53@gmail.com,+48 881 303 347
0000002853,Liwia_Szachniewicz_61@net.com,+48 602 895 163
0000002854,I52Guźniczak@googlemail.com.,697 596 436
0000002855,KB_30@net.com,+48 720 482 822
0000002856,Gajowiak4_Adrian8@gmail.com,665 270 090
0000002857,linia_PK_13@googlemail.com.,+48 782 988 612
0000002858,Tokaj2_Tobiasz0@net.com,786 987 311
0000002859,ES_27@googlemail.com.,+48 608 796 261
0000002860,literatura_PN_72@gmail.com,+48 662 346 332
0000002861,A10Miechowicz@googlemail.com.,+48 601 107 408
0000002862,MT_100@net.com,+48 22 182 14 38
0000002863,SS_60@net.com,727 285 063
0000002864,E93Janoszka@googlemail.com.,539 537 866
0000002865,produkt_MT_65@gmail.com,+48 579 013 451
0000002866,SD_13@gmail.com,783 113 521
0000002867,JJ_10@net.com,+48 514 639 014
0000002868,związać_KA_61@gmail.com,+48 603 503 768
0000002869,Smolec8_Apolonia9@googlemail.com.,+48 733 517 598
0000002870,Robaszkiewicz10_Sara9@googlemail.com.,+48 788 354 686
0000002871,żart_RA_100@gmail.com,22 808 49 34
0000002872,I86Groborz@googlemail.com.,+48 531 338 819
0000002873,jedynie_CP_91@gmail.com,+48 693 920 397
0000002874,Szpyra_Stanisław_3w.@googlemail.com.,+48 32 364 51 88
0000002875,słyszeć_GR_8@gmail.com,+48 32 714 09 65
0000002876,Dudkowiak_Urszula_9w celu@net.com,+48 22 137 37 16
0000002877,Adrian_Ziegler_42@net.com,721 270 414
0000002878,Kamila_Molka_12@googlemail.com.,534 352 709
0000002879,Olchawa_Oliwier_10gniazdo@net.com,600 521 734
0000002880,Szymon_Puch_66@googlemail.com.,+48 796 552 047
,,+48 784 686 719
0000002882,Chaber3_Eliza3@net.com,22 084 76 67
0000002883,MT_88@googlemail.com.,+48 781 489 527
0000002884,Kasper_Kaja_4książka@net.com,+48 506 934 803
0000002885,GG_78@googlemail.com.,22 102 68 54
0000002886,R3Zygmuntowicz@gmail.com,+48 880 602 288
0000002887,Moroń9_Julianna6@gmail.com,+48 578 435 816
0000002888,K66Oczkowicz@net.com,+48 532 535 219
0000002889,podczas_DA_100@gmail.com,799 753 398
0000002890,Szpyt4_Cyprian0@googlemail.com.,+48 737 750 386
0000002891,projekt_DK_59@gmail.com,578 353 596
0000002892,Nicole_Martyka_51@net.com,723 223 237
0000002893,gniew_AR_58@gmail.com,509 504 194
0000002894,K100Gadzina@gmail.com,+48 531 131 328
0000002895,Eliza_Cal_36@googlemail.com.,725 112 936
0000002896,Fąferek0_Konstanty8@googlemail.com.,22 724 75 67
0000002897,Ada_Broszkiewicz_92@net.com,501 954 010
0000002898,pytać_MB_11@net.com,798 998 324
0000002899,NJ_66@gmail.com,663 115 442
0000002900,NA_87@net.com,+48 728 640 233
0000002901,OF_43 @googlemail.com.,+48 22 423 56 64
0000002902,ruch_WG_23@net.com,+48 532 240 000
0000002903,AN_8@net.com,+48 573 165 950
0000002904,MW_5@gmail.com,+48 531 666 006
0000002905,C84Kaliciak@googlemail.com.,+48 506 208 963
0000002906,E2Szałata@net.com,+48 578 232 137
0000002907,20_GA_6@googlemail.com.,+48 32 113 86 63
0000002908,K68Parkitny@googlemail.com.,+48 574 063 616
0000002909,KA_4@net.com,+48 733 412 213
0000002910,Emil_Rozynek_85@gmail.com,+48 517 871 089
0000002911,Kornel_Krzosek_39@gmail.com,
0000002912,WC_53@googlemail.com.,728 648 612
0000002913,SZ_47@googlemail.com.,+48 692 997 950
0000002914,L12Dyszy@net.com,+48 22 841 39 07
0000002915,K80Szczerek@gmail.com,+48 792 794 010
0000002916,B100Ciężka@gmail.com,+48 513 406 807
0000002917,Morze Śródziemne_WK_28@net.com,+48 607 478 106
0000002918,JR_57@net.com,+48 781 530 745
0000002919,Kaja_Smoter_69@gmail.com,698 590 510
0000002920,N79Maciuszek@googlemail.com.,503 920 667
,Słowiak0_Anastazja2 @gmail.com,503 755 003
0000002922,FP_80@gmail.com,691 762 299
0000002923,K65Szymańczak@gmail.com,508 104 140
0000002924,Tymoteusz_Malcherek_20@googlemail.com.,+48 32 641 99 35
0000002925,Tymoteusz_Saran_16@googlemail.com.,+48 660 880 906
0000002926,Maras_Blanka_1wrzesień@gmail.com,600 467 858
0000002927,M13Bakalarczyk@net.com,+48 22 849 67 46
0000002928,R70Zajko@gmail.com,+48 733 699 817
0000002929,UJ_34@googlemail.com.,+48 780 654 620
0000002930,Jeremi_Korbel_31@gmail.com,696 791 048
0000002931,Rajda2_Ksawery5@googlemail.com.,22 695 68 81
0000002932,KM_20@googlemail.com.,886 037 068
0000002933,Bittner5_Olaf8@net.com,514 470 330
0000002934,Miękina_Elżbieta_2książę@net.com,+48 734 302 835
0000002935,słaby_SA_97@gmail.com,+48 572 079 218
0000002936,MR_74@googlemail.com.,+48 22 441 31 79
0000002937,Anna Maria_Grzegorzak_95@googlemail.com.,783 209 862
0000002938,Kalisiak6_Aleks1@gmail.com,518 368 649
0000002939,LM_83@net.com,+48 664 696 263
0000002940,Zemanek10_Anita3@net.com,575 667 374
0000002941,,+48 720 589 311
0000002942,próbować_KB_26@gmail.com,+48 537 155 714
0000002943,JG_13@net.com,+48 792 178 177
0000002944,Strawa_Fabian_5dowód@googlemail.com.,+48 576 084 379
0000002945,S30Cieniuch@gmail.com,+48 574 488 573
0000002946,Mycek9_Rozalia0@gmail.com,+48 780 306 537
0000002947,przyprawa_WF_92@gmail.com,+48 784 300 668
0000002948,R53Malon@googlemail.com.,505 282 540
0000002949,Podgórna9_Ryszard2@gmail.com,535 530 350
0000002950,K95Pabiś@googlemail.com.,+48 885 004 446
0000002951,Denkiewicz2_Elżbieta2@googlemail.com.,605 262 027
0000002952,P78Kamyszek@gmail.com,+48 500 027 531
0000002953,Klatka4_Aniela7@net.com,603 212 641
0000002954,TG_63@net.com,+48 727 107 246
0000002955,policzek_KJ_2@gmail.com,575 014 294
0000002956,nie_SM_55@googlemail.com.,786 855 751
0000002957,Szmuc6_Robert5@net.com,+48 573 334 523
0000002958,Stanisławek7_Anna Maria3@net.com,791 357 632
0000002959,Łuczka2_Gustaw5@googlemail.com.,+48 508 117 779
0000002960,Cyprian_Gogół_21@gmail.com,22 803 18 31
,Kulon_Sonia_9anioł,+48 518 245 220
0000002962,MM_21@gmail.com,782 336 091
0000002963,Bojdo0_Sara8@net.com,+48 781 683 282
0000002964,płynąć_GN_76@gmail.com,+48 736 558 915
0000002965,MC_92@googlemail.com.,515 845 797
0000002966,Radko_Aniela_6osiągnąć@gmail.com,514 905 383
0000002967,Kossak_Ernest_3łąka@net.com,793 587 893
0000002968,Kubrak_Ewa_3stolica@googlemail.com.,+48 796 999 652
0000002969,Patryk_Zastawny_43@googlemail.com.,+48 605 200 555
0000002970,Piotr_Witos_23@gmail.com,+48 723 917 100
0000002971,więzienie_OK_17@net.com,+48 573 786 032abc
0000002972,RS_1@gmail.com,+48 600 410 258
0000002973,SW_73@net.com,786 049 341
0000002974,Naumiuk4_Maksymilian9@googlemail.com.,571 365 385
0000002975,R23Moryc@gmail.com,691 838 962
0000002976,Monika_Dziuban_51@gmail.com,+48 797 993 790
0000002977,poruszać się_SŁ_62@net.com,+48 664 424 513
0000002978,kupić_DS_67@net.com,+48 510 413 633
0000002979,Sylwia_Jędrasiak_21@net.com,884 306 253
0000002980,Teterycz0_Fryderyk10@gmail.com,732 869 832
0000002981, Zimoląg_Kornel_7piasek@gmail.com,693 314 379
0000002982,Skowyra_Blanka_6Białoruś@googlemail.com.,+48 733 128 992
0000002983,L16Gogola@net.com,699 502 177
0000002984,R53Rejmak@net.com,+48 518 621 803
0000002985,A42Block@net.com,793 273 738
0000002986,Chlebda_Julian_3statek@gmail.com,661 402 762
0000002987,KM_86@googlemail.com.,789 639 945
0000002988,Kuboń_Franciszek_1zima@net.com,574 911 701
0000002989,Sudnik_Adrianna_4republika@googlemail.com.,+48 889 083 325
0000002990,RD_94@net.com,730 101 352
0000002991,Ł75Wijata@net.com,731 308 550
0000002992,Litwińczuk_Karol_1że@net.com,609 573 247
0000002993,T37Filiks@net.com,+48 603 908 164
0000002994,student_BA_28@googlemail.com.,+48 787 114 307
0000002995,pamiętać_PB_18@net.com,+48 780 970 313
0000002996,jaki_OD_31@gmail.com,696 933 544
0000002997,LD_36@net.com,665 077 985
0000002998,do_PE_93@gmail.com,+48 738 757 589
0000002999,R60Grygorcewicz@gmail.com,22 595 61 18
0000003000,Misiaszek_Olga_1dziewczynka@net.com,+48 799 156 380
,,000000
0000003002,KS_87@net.com,+48 32 768 71 86
0000003003,K18Sławik@googlemail.com.,573 557 051
0000003004,A23Pikor@gmail.com,+48 789 638 606
0000003005,NM_25@googlemail.com.,+48 512 210 169
0000003006,J28Kuboń@gmail.com,578 794 897
0000003007,N16Burchardt@googlemail.com.,+48 22 728 52 07
0000003008,Kumorek_Ernest_9sprzedaż@googlemail.com.,578 319 560
0000003009,ulica_JJ_56@net.com,+48 570 133 372
0000003010,Rurarz_Witold_4gdy@gmail.com,514 073 880
0000003011,K54Skała@gmail.com,+48 793 560 999
0000003012,Goś_Adrianna_5by@net.com,+48 692 865 654
0000003013,deszcz_FA_10@googlemail.com.,+48 786 350 579
0000003014,Haponiuk0_Olgierd3@gmail.com,22 766 76 80
0000003015,wciąż_LA_29@gmail.com,532 879 237
0000003016,J20Broncel@net.com,667 556 954
0000003017,IŻ_30@gmail.com,+48 519 861 504
0000003018,L56Matacz@gmail.com,605 558 927
0000003019,JD_16@googlemail.com.,880 186 787
0000003020,Westfal_Damian_4przedstawiciel@gmail.com,+48 663 731 898
0000003021,Mikołaj_Siciarz_85@googlemail.com. <invalid>,690 685 749
0000003022,EG_94@net.com,519 863 690
0000003023,ponieważ_ŻK_55@net.com,+48 788 268 384
0000003024,Maciuszek_Damian_3kolejowy@gmail.com,+48 662 001 024
0000003025,6_LJ_31@googlemail.com.,728 391 054
0000003026,Ida_Drobisz_93@gmail.com,+48 661 384 654
0000003027,AC_72@gmail.com,507 960 842
0000003028,Helman7_Jędrzej8@gmail.com,+48 503 864 465
0000003029,A66Golak@googlemail.com.,739 713 703
0000003030,JM_81@gmail.com,+48 534 364 580
0000003031,Bok2_Kajetan7@net.com, +48 606 425 375
0000003032,Miękus2_Gaja8@net.com,+48 783 362 836
0000003033,dwa_LT_25@gmail.com,886 895 949
0000003034,wesoły_PN_55@gmail.com,+48 532 995 547
0000003035,Julita_Gabryel_66@googlemail.com.,+48 669 292 376
0000003036,badanie_CR_5@googlemail.com.,573 902 727
0000003037,Apolonia_Buława_99@net.com,888 973 104
0000003038,m.in._FM_12@net.com,+48 606 536 692
0000003039,J29Herda@net.com,697 901 266
0000003040,Skrobot7_Janina2@gmail.com,+48 734 001 126
, świnia_ON_87@googlemail.com.,729 596 341
0000003042,EH_98@net.com,+48 663 424 155
0000003043,PM_20@net.com,+48 889 620 592
0000003044,Starostka_Karina_5urodzić się@googlemail.com.,+48 787 382 015
0000003045,Grądziel_Stanisław_7znowu@googlemail.com.,+48 604 218 289
0000003046,Sylwia_Troć_9@net.com,+48 782 813 035
0000003047,IS_91@gmail.com,+48 602 085 468
0000003048,proszę_JB_95@net.com,789 028 616
0000003049,Aniela_Faruga_88@net.com,+48 531 338 590
0000003050,ku_SK_83@net.com,+48 799 986 886
0000003051,Gładka_Ewelina_3wybór@gmail.com,605 485 462
0000003052,planeta_PM_88@gmail.com,22 815 57 16
0000003053,Proć6_Cezary5@gmail.com,539 377 773
0000003054,Dąbroś_Marcelina_2zakładać@net.com,+48 32 248 52 11
0000003055,NS_56@googlemail.com.,796 996 987
0000003056,K31Kopyt@net.com,+48 663 119 192
0000003057,Pietrus_Elżbieta_6tylko@net.com,+48 22 992 92 11
0000003058,Dzikiewicz_Tomasz_10jasny@googlemail.com.,605 635 539
0000003059,Siemieniec_Bruno_1chłopak@googlemail.com.,+48 726 094 263
0000003060,bok_ZE_70@googlemail.com.,888 400 039
0000003061,Dzika6_Róża8gmail.com,515 756 65512345678901234567890
0000003062,A98Job@gmail.com,+48 570 704 674
0000003063,Tymon_Mikus_66@net.com,22 596 82 04
0000003064,dzieło_CO_26@googlemail.com.,731 589 135
0000003065,nieść_SK_15@googlemail.com.,783 683 459
0000003066,Kuza10_Blanka0@net.com,22 849 40 01
0000003067,zamknąć_SO_59@googlemail.com.,600 628 607
0000003068,Drygała_Nicole_4skala@gmail.com,+48 738 181 148
0000003069,wierzyć_BD_80@googlemail.com.,+48 500 503 881
0000003070,Nowek6_Julian2@net.com,+48 22 800 57 56
0000003071,AE_47@googlemail.com.,+48 537 449 158
0000003072,Symonowicz2_Dorota1@gmail.com,+48 570 345 795
0000003073,płyta_RA_83@googlemail.com.,663 161 221
0000003074,K40Mydlak@net.com,781 232 179
0000003075,urządzenie_CA_58@gmail.com,+48 601 520 825
0000003076,Piotr_Fal_63@gmail.com,727 482 058
0000003077,Engler9_Blanka1@googlemail.com.,571 179 412
0000003078,L80Kloska@gmail.com,739 548 291
0000003079,niemiecki_TA_37@googlemail.com.,514 741 999
0000003080,Świt6_Urszula0@gmail.com,+48 786 539 499
,pójść_MP_19@.com,22 952 91 13
0000003082,Aniela_Bereś_29@googlemail.com.,784 143 253
0000003083,Morawiak7_Kamil8@net.com,32 347 33 97
0000003084,B12Zawodnik@googlemail.com.,+48 576 031 523
0000003085,Mijas_Iwo_6siedem@gmail.com,+48 796 100 221
0000003086,A98Pastor@googlemail.com.,785 806 016
0000003087,Szymon_Chruszcz_50@gmail.com,22 308 92 18
0000003088,D28Nieradzik@gmail.com,22 332 79 94
0000003089,Melania_Joniak_91@net.com,731 499 547
0000003090,LG_79@gmail.com,786 321 545
0000003091,Rohde5_Justyna3@gmail.com,504 762 791
0000003092,Ksawery_Masny_79@gmail.com,884 312 949
0000003093,wiara_TD_59@gmail.com,793 281 612
0000003094,K45Podsiadła@gmail.com,695 376 122
0000003095,A49Małas@gmail.com,604 739 364
0000003096,Mieszko_Płócienniczak_34@gmail.com,781 462 945
0000003097,Ewelina_Downar_80@googlemail.com.,+48 600 207 057
0000003098,Neubauer_Cezary_5luty@gmail.com,+48 32 381 53 74
0000003099,Doroszuk_Alex_2dostać@gmail.com,698 135 427
0000003100,Patoka10_Damian2@gmail.com,32 323 15 46
0000003101,Justyna_Brachman_71@@gmail.com,+48 691 468 939
0000003102,Stypka_Igor_8zawartość@googlemail.com.,+48 882 146 179
0000003103,Zbroja9_Roksana10@googlemail.com.,738 610 882
0000003104,rok_PD_55@net.com,575 341 757
0000003105,Freitag_Józef_1zwykły@googlemail.com.,+48 663 431 940
0000003106,L44Zyguła@gmail.com,+48 737 235 054
0000003107,FM_79@googlemail.com.,503 816 680
0000003108,Kajetan_Giel_67@gmail.com,699 772 982
0000003109,Zacharewicz8_Julita3@net.com,+48 532 127 994
0000003110,Boruń_Bianka_5miłość@googlemail.com.,699 574 083
0000003111,AB_81@net.com,889 630 655
0000003112,E6Robaszkiewicz@gmail.com,+48 32 336 61 26
0000003113,Zawodnik4_Alex3@net.com,691 031 192
0000003114,KP_4@gmail.com,+48 532 588 606
0000003115,DS_46@gmail.com,+48 607 292 049
0000003116,M72Nieradzik@gmail.com,22 591 93 00
0000003117,TM_62@net.com,736 660 332
0000003118,Ziółko_Maksymilian_7w.@net.com,32 060 74 65
0000003119,Owsiany_Olga_4ustawa@gmail.com,+48 22 043 44 87
0000003120,Elżbieta_Molak_8@googlemail.com.,32 757 76 39
,Kubaczyk_Kalina_7lewy@gmail.com, 793 508 819
0000003122,R11Paleń@net.com,+48 735 523 752
0000003123,Kielich_Anna Maria_4wysokość@googlemail.com.,723 610 390
0000003124,Grodek_Paweł_10czekać@net.com,+48 887 000 247
0000003125,AM_99@gmail.com,+48 504 072 319
0000003126,Serzysko1_Witold2@googlemail.com.,727 606 891
0000003127,Dryka_Radosław_5róg@googlemail.com.,+48 730 252 941
0000003128,Mieszko_Waszczyk_84@gmail.com,516 781 030
0000003129,Keler_Bartek_3zwrot@googlemail.com.,+48 577 154 892
0000003130,SL_70@net.com,+48 22 215 64 16
0000003131,O54Kalisiak@googlemail.com.,605 554 236
0000003132,Kożuszek_Anastazja_10wyjście@googlemail.com.,32 202 28 67
0000003133,K47Staniczek@gmail.com,22 222 18 84
0000003134,FK_25@googlemail.com.,+48 695 721 922
0000003135,IN_53@net.com,+48 506 391 157
0000003136,MS_77@googlemail.com.,+48 32 082 53 63
0000003137,RL_90@googlemail.com.,788 140 058
0000003138,Rajczyk_Sonia_6sądzić@net.com,+48 884 027 888
0000003139,KL_27@googlemail.com.,+48 690 932 447
0000003140,F56Ficner@gmail.com,785 357 626
0000003141,,+48 733 144 161
0000003142,S71Oleksik@net.com,726 206 767
0000003143,Machul8_Marcelina0@googlemail.com.,+48 608 219 818
0000003144,K92Borysiewicz@gmail.com,+48 667 967 517
0000003145,K76Imiołczyk@gmail.com,22 921 67 52
0000003146,Ewelina_Ufniarz_6@gmail.com,+48 699 521 186
0000003147,Jędruch8_Ewelina8@gmail.com,32 760 77 50
0000003148,JM_53@net.com,+48 570 963 710
0000003149,Gregorczuk7_Angelika6@googlemail.com.,+48 884 760 308
0000003150,Ruszczak_Grzegorz_3dawać@googlemail.com.,889 669 527
0000003151,Kuncewicz_Paweł_5forma@googlemail.com.,not-a-phone
0000003152,Sadłocha9_Julianna6@net.com,572 926 605
0000003153,Bąkiewicz_Kaja_3okazja@gmail.com,+48 720 207 573
0000003154,tkanina_MF_82@net.com,+48 571 506 903
0000003155,Szajda8_Wiktor4@gmail.com,789 146 088
0000003156,KB_41@net.com,886 391 635
0000003157,Pyc_Aleksander_2skłonność@googlemail.com.,22 434 07 33
0000003158,Łukasz_Działa_31@googlemail.com.,+48 539 614 672
0000003159,Czura8_Fabian3@net.com,22 274 42 69
0000003160,Jaśkowiec_Miłosz_5Afryka@gmail.com,+48 799 516 669
,KULIBERDA0_IGNACY9@GMAIL.COM,+48 699 856 591
0000003162,A27Synak@net.com,+48 530 978 106
0000003163,AP_6@net.com,+48 690 736 754
0000003164,J30Guzdek@googlemail.com.,32 868 52 46
0000003165,JK_58@googlemail.com.,730 719 764
0000003166,Parada1_Natasza5@net.com,+48 604 281 999
0000003167,Litwa_ŁE_73@googlemail.com.,576 206 283
0000003168,Gierat9_Nela5@gmail.com,+48 732 090 538
0000003169,Dziopa_Kalina_7przedstawiać@net.com,+48 733 988 932
0000003170,MO_14@net.com,697 055 026
0000003171,Kluczyk6_Jeremi3@net.com,796 337 060
0000003172,DJ_32@googlemail.com.,+48 506 256 614
0000003173,A43Daraż@gmail.com,661 975 610
0000003174,MS_44@googlemail.com.,690 192 609
0000003175,Smektała0_Karina10@net.com,518 937 541
0000003176,M94Kuszyk@net.com,+48 738 417 134
0000003177,M46Cal@gmail.com,884 491 588
0000003178,DO_36@googlemail.com.,+48 734 819 091
0000003179,obiad_SG_85@net.com,660 377 344
0000003180,Hanus4_Aniela1@net.com,783 111 028
0000003181,A29Stiller@net.com,
0000003182,E87Paliga@googlemail.com.,+48 780 267 460
0000003183,Julianna_Bieniak_60@net.com,+48 534 727 614
0000003184,Liwia_Cierpka_77@gmail.com,783 576 343
0000003185,zaraz_WA_6@googlemail.com.,500 887 775
0000003186,NJ_76@net.com,519 752 404
0000003187,Miętus_Liwia_10koń@googlemail.com.,737 568 531
0000003188,Damian_Kozaczuk_18@net.com,888 981 989
0000003189,D25Berdzik@net.com,+48 732 241 610
0000003190,A84Osial@net.com,+48 690 294 448
0000003191,K45Graboś@gmail.com,+48 692 201 667
0000003192,Ellwart_Mikołaj_6podłoga@googlemail.com.,+48 516 747 616
0000003193,Aleks_Paprotny_95@googlemail.com.,603 532 218
0000003194,Wajdzik2_Lidia9@gmail.com,+48 734 831 642
0000003195,Marianna_Ochab_90@googlemail.com.,+48 32 412 49 32
0000003196,L82Zyguła@gmail.com,+48 784 686 278
0000003197,Krystyna_Ćwirko_92@gmail.com,+48 733 756 801
0000003198,Wołoszyk_Robert_7owoc@googlemail.com.,+48 22 438 03 19
0000003199,AK_6@net.com,+48 514 913 798
0000003200,Bianka_Jarosik_7@googlemail.com.,+48 22 626 80 41
,@net.com,+48 607 070 466
0000003202,A37Zębik@googlemail.com.,781 236 620
0000003203,Grzegorz_Gogół_55@net.com,32 756 72 16
0000003204,Klara_Gryciuk_69@googlemail.com.,22 323 91 85
0000003205,Damps_Łukasz_4twardy@net.com,+48 722 858 458
0000003206,7_MF_3@net.com,+48 662 574 206
0000003207,N72Gnyp@googlemail.com.,32 499 64 21
0000003208,Piekara3_Jerzy1@gmail.com,+48 662 254 454
0000003209,AD_96@net.com,517 650 862
0000003210,wydawać_GC_48@gmail.com,+48 510 126 555
0000003211,N72Pawliczak@gmail.com,32 556 67 1612345678901234567890
0000003212,Dumała_Bartek_5pójść@net.com,+48 730 516 040
0000003213,dokładnie_SN_21@net.com,+48 885 555 556
0000003214,MT_39@gmail.com,+48 534 121 420
0000003215,RK_16@googlemail.com.,+48 601 439 897
0000003216,Dąbroś_Eliza_4król@net.com,+48 571 432 106
0000003217,Stelmasiak10_Leonard0@net.com,795 288 893
0000003218,Muskała9_Olaf3@net.com,722 477 634
0000003219,B91Stawczyk@gmail.com,+48 507 003 276
0000003220,głęboki_MK_3@googlemail.com.,+48 662 859 229
0000003221,złożony_PM_36,+48 884 721 822
0000003222,BF_12@net.com,796 783 233
0000003223,Tymon_Pioch_64@gmail.com,+48 510 239 992
0000003224,Sylwia_Michnowicz_61@gmail.com,533 630 916
0000003225,owca_SK_37@gmail.com,+48 32 330 42 30
0000003226,Ksawery_Wrześniak_10@gmail.com,+48 721 858 870
0000003227,Róża_Jędruszczak_54@gmail.com,782 238 527
0000003228,AR_24@gmail.com,+48 600 562 894
0000003229,Wośko6_Dariusz9@googlemail.com.,669 768 589
0000003230,Pudełek7_Lidia2@googlemail.com.,798 112 544
0000003231,Bujko_Krystyna_9nosić@net.com,+48 574 961 566
0000003232,A11Tusk@googlemail.com.,+48 507 111 425
0000003233,E13Wyskiel@net.com,786 928 773
0000003234,pomarańczowy_PA_8@gmail.com,32 699 77 02
0000003235,Wiewiórka0_Ada4@net.com,+48 575 400 116
0000003236,Trzyna_Ewelina_10Afganistan@net.com,885 834 111
0000003237,IŁ_81@gmail.com,788 330 242
0000003238,Stachów_Dariusz_5kieszeń@googlemail.com.,+48 32 232 69 62
0000003239,K76Kuster@gmail.com,516 801 742
0000003240,KM_96@googlemail.com.,882 948 840
,F18ŁASAK@NET.COM,
0000003242,powietrze_BE_71@net.com,+48 783 879 739
0000003243,Angelika_Kloch_96@googlemail.com.,603 164 674
0000003244,uniwersytet_GA_91@net.com,885 959 822
0000003245,Wawryniuk_Nicole_5za pomocą@gmail.com,726 223 238
0000003246,Powierża_Aurelia_7wiatr@googlemail.com.,516 484 683
0000003247,nic_KA_8@googlemail.com.,+48 737 314 015
0000003248,R100Franczuk@gmail.com,792 564 675
0000003249,MP_61@gmail.com,726 811 943
0000003250,PM_95@net.com,+48 603 361 025
0000003251,NN_55@net.com,573 132 412
0000003252,Gustaw_Frydrychowicz_40@gmail.com,+48 22 630 15 71
0000003253,Potoczna_Dorota_1sowa@net.com,+48 799 005 572
0000003254,Piskor_Nikodem_7pytanie@gmail.com,+48 605 620 263
0000003255,Maszota_Justyna_3kolejowy@googlemail.com.,+48 782 200 845
0000003256,określać_DC_42@gmail.com,+48 603 313 990
0000003257,Moczko_Ada_5kolor@gmail.com,+48 535 918 320
0000003258,Przewoźny7_Kaja9@gmail.com,504 756 272
0000003259,przykład_GM_67@googlemail.com.,783 057 144
0000003260,Ada_Capiga_1@gmail.com,+48 570 059 155
0000003261,Ruman2_Tymon1@gmail.com <invalid>,+48 32 615 00 26
0000003262,Cal7_Hubert0@net.com,739 459 038
0000003263,wyrażenie_DG_65@googlemail.com.,517 358 100
0000003264,S58Jaremko@net.com,+48 723 102 648
0000003265,AT_53@gmail.com,+48 511 380 989
0000003266,Gregorczuk0_Dagmara3@net.com,+48 516 423 413
0000003267,T64Burchardt@gmail.com,+48 22 780 78 07
0000003268,PK_40@gmail.com,+48 889 327 023
0000003269,Dariusz_Świech_58@gmail.com,+48 792 050 001
0000003270,zdolność_ŻB_5@googlemail.com.,665 051 981
0000003271,Karina_Danisz_83@googlemail.com.,511 966 094
0000003272,Gaja_Siedlik_41@net.com,+48 795 836 765
0000003273,K24Dziarmaga@googlemail.com.,797 513 048
0000003274,Bluszcz_Mikołaj_2produkować@gmail.com,22 955 56 73
0000003275,Dziadkiewicz0_Anastazja2@net.com,734 158 586
0000003276,Dagmara_Oleksiewicz_53@net.com,889 210 277
0000003277,szczęście_PE_98@gmail.com,+48 508 849 455
0000003278,M93Klemens@net.com,+48 789 768 407
0000003279,Dagmara_Jankowicz_50@gmail.com,+48 734 750 632
0000003280,DD_78@net.com,+48 508 745 450
,Bondaruk8_Melania0googlemail.com.,+48 32 315 02 52
0000003282,Siewiera_Dorota_6uczucie@net.com,578 855 812
0000003283,Anna Maria_Prasek_94@googlemail.com.,784 063 817
0000003284,Kamila_Łudzik_73@net.com,+48 668 584 208
0000003285,MK_9@gmail.com,660 274 270
0000003286,Aurelia_Kudłacz_17@net.com,+48 734 553 095
0000003287,uderzyć_GF_50@gmail.com,781 502 161
0000003288,Cezary_Porzucek_20@gmail.com,+48 789 639 094
0000003289,Kapka_Kazimierz_2znów@net.com,+48 573 412 450
0000003290,Kowaluk3_Mieszko0@net.com,+48 785 099 986
0000003291,Chwalisz6_Marcin8@net.com,+48 794 427 197
0000003292,BG_60@gmail.com,+48 786 117 149
0000003293,Pokusa6_Lidia10@googlemail.com.,+48 799 020 297
0000003294,Olaf_Sierota_30@googlemail.com.,+48 531 937 050
0000003295,Świt_Aleks_41@net.com,+48 531 869 854
0000003296,Rembacz_Anna Maria_7Białoruś@net.com,+48 738 424 113
0000003297,wspólny_PA_26@googlemail.com.,22 307 83 20
0000003298,FK_83@googlemail.com.,537 856 708
0000003299,Kobryń9_Cyprian7@net.com,732 289 253
0000003300,Choroś_Marcelina_5niż@net.com,795 209 195
0000003301, CF_92@googlemail.com.,000000
0000003302,co_CJ_70@gmail.com,511 479 653
0000003303,I30Zontek@net.com,734 827 472
0000003304,MB_64@net.com,734 814 840
0000003305,Jarosik_Mateusz_1umowa@googlemail.com.,+48 662 089 567
0000003306,T70Seta@googlemail.com.,510 904 453
0000003307,Marianna_Kandora_57@gmail.com,697 764 464
0000003308,K90Ciak@net.com,+48 724 264 896
0000003309,Kudlak_Kornel_10proces@gmail.com,+48 694 060 450
0000003310,MS_82@googlemail.com.,+48 695 259 470
0000003311,Korbel_Andrzej_8aż@gmail.com,505 980 109
0000003312,Kucharz0_Ernest5@gmail.com,+48 579 828 041
0000003313,Anastazja_Woźniczko_22@gmail.com,500 849 573
0000003314,Baranowicz_Stanisław_95@net.com,+48 791 034 918
0000003315,A31Żok@gmail.com,+48 532 903 231
0000003316,mało_PO_99@net.com,+48 513 602 075
0000003317,M14Niksa@googlemail.com.,736 409 866
0000003318,Angelika_Uzar_35@gmail.com,+48 606 382 108
0000003319,zespół_DK_39@gmail.com,+48 662 370 490
0000003320,I36Byra@gmail.com,797 473 790
,Sara_Szkaradek_12gmail.com,+48 880 758 866
0000003322,AL_91@net.com,+48 735 557 169
0000003323,Stefan_Kidawa_31@gmail.com,+48 722 173 392
0000003324,EK_88@net.com,519 559 322
0000003325,Karol_Jażdżyk_32@net.com,510 528 658
0000003326,RK_89@googlemail.com.,+48 506 972 737
0000003327,nauka_DE_79@net.com,+48 534 429 038
0000003328,AS_41@googlemail.com.,+48 666 646 886
0000003329,J93Orkisz@net.com,+48 692 023 193
0000003330,GC_60@googlemail.com.,691 901 504
0000003331,strach_SE_27@net.com,++48 576 828 929
0000003332,BW_53@gmail.com,734 457 012
0000003333,K71Buczko@gmail.com,571 277 412
0000003334,Apolonia_Petryk_60@googlemail.com.,32 660 41 53
0000003335,Marcin_Hołota_56@gmail.com,+48 736 099 848
0000003336,Liss9_Konstanty1@googlemail.com.,698 998 465
0000003337,Liwia_Drobot_85@googlemail.com.,695 171 040
0000003338,hiszpański_BM_43@net.com,+48 661 476 592
0000003339,Hajder_Krzysztof_1mężczyzna@googlemail.com.,+48 782 851 034
0000003340,miara_MM_47@googlemail.com.,690 182 935
0000003341,Sandra_Sygut_39@net.com <invalid>,+48 607 169 329
0000003342,MB_10@net.com,+48 576 708 656
0000003343,AR_2@googlemail.com.,+48 607 871 591
0000003344,Hajdasz10_Anna Maria7@gmail.com,609 481 447
0000003345,reakcja_WK_46@googlemail.com.,+48 32 421 39 01
0000003346,ptak_RK_41@gmail.com,22 681 78 89
0000003347,MN_22@googlemail.com.,535 127 555
0000003348,Pietraszkiewicz_Ignacy_5kartka@net.com,+48 22 173 89 35
0000003349,DW_28@googlemail.com.,+48 22 602 68 30
0000003350,Gaja_Kosiec_19@googlemail.com.,574 069 232
0000003351,O64Koj@gmail.com,+48 888 519 701
0000003352,Sara_Kalista_97@googlemail.com.,787 172 959
0000003353,S68Golisz@googlemail.com.,737 451 200
0000003354,Tymon_Walencik_55@net.com,+48 781 513 332
0000003355,Mikus_Grzegorz_1miłość@gmail.com,+48 608 249 200
0000003356,Witoń1_Ernest10@net.com,697 636 863
0000003357,K46Huczko@net.com,883 343 464
0000003358,Ida_Galuba_17@gmail.com,+48 609 088 047
0000003359,Apolonia_Sobisz_12@googlemail.com.,+48 510 683 089
0000003360,H80Graś@net.com,+48 515 020 773
,A92JANIC@NET.COM,
0000003362,Wawszczyk_Ida_9styczeń@gmail.com,698 273 902
0000003363,Skowyra7_Kornel8@net.com,694 783 716
0000003364,Frelich4_Błażej0@net.com,+48 32 140 64 32
0000003365,typowy_GM_72@net.com,+48 738 655 374
0000003366,TD_22@net.com,+48 690 968 189
0000003367,S11Panuś@net.com,696 795 849
0000003368,Konstanty_Matyjas_90@gmail.com,+48 669 404 564
0000003369,SL_59@net.com,698 182 916
0000003370,U23Bittner@net.com,+48 32 589 58 00
0000003371,Smagała_Błażej_8rok@net.com,+48 726 152 861
0000003372,Fechner_Rafał_7oddać@net.com,+48 720 677 931
0000003373,Ragus10_Marika5@gmail.com,+48 534 807 441
0000003374,dziać się_BM_55@gmail.com,725 098 013
0000003375,Rymarz0_Bartek9@googlemail.com.,+48 736 660 059
0000003376,Mateusz_Kala_70@googlemail.com.,736 488 637
0000003377,spokój_MM_95@gmail.com,575 823 205
0000003378,los_DS_76@googlemail.com.,782 307 400
0000003379,Kozubal_Grzegorz_8diabeł@gmail.com,+48 791 131 303
0000003380,J64Szczubełek@net.com,661 265 975
0000003381,Ewelina_Stanisławek_19@net.com ,667 187 320
0000003382,Sus_Igor_10powietrze@googlemail.com.,32 136 31 09
0000003383,zaś_KN_36@googlemail.com.,+48 32 570 87 69
0000003384,Osojca8_Jędrzej7@googlemail.com.,530 347 533
0000003385,RB_76@gmail.com,690 027 937
0000003386,JM_39@googlemail.com.,+48 510 757 700
0000003387,SG_34@net.com,731 249 214
0000003388,Toczko7_Marcel4@net.com,720 733 338
0000003389,AZ_97@net.com,888 145 430
0000003390,J95Starzak@googlemail.com.,+48 32 716 74 55
0000003391,S23Lulek@net.com,+48 691 315 223
0000003392,Adamów_Lidia_9chrześcijaństwo@gmail.com,+48 609 290 677
0000003393,Witold_Gogacz_96@net.com,+48 608 273 252
0000003394,Czerwionka5_Elżbieta7@googlemail.com.,+48 576 589 662
0000003395,Pacholczak_Marcel_7klient@googlemail.com.,+48 22 101 94 30
0000003396,MP_93@googlemail.com.,662 686 037
0000003397,EK_8@googlemail.com.,796 868 816
0000003398,Aleksa9_Kamila1@net.com,664 058 734
0000003399,Miętus_Anita_9wysiłek@gmail.com,32 164 42 13
0000003400,A49Szymańczyk@googlemail.com.,+48 783 767 821
,Sonia_Wilusz_39googlemail.com.,698 317 648
0000003402,Rozalia_Śleziak_42@gmail.com,+48 886 904 980
0000003403,EK_23@googlemail.com.,793 927 568
0000003404,Symonowicz_Alan_5czerwony@gmail.com,500 909 880
0000003405,Kaczmar_Andrzej_1spadek@googlemail.com.,508 750 281
0000003406,M82Plizga@gmail.com,32 215 31 10
0000003407,Jan_Matyka_41@googlemail.com.,578 482 105
0000003408,MR_14@googlemail.com.,664 312 341
0000003409,służba_NK_54@gmail.com,799 532 896
0000003410,Adrianna_Maszkiewicz_44@googlemail.com.,+48 602 986 912
0000003411,Duc_Wojciech_6dół@googlemail.com.,+48 570 161 352
0000003412,S36Kucab@googlemail.com.,735 389 113
0000003413,śmierć_JJ_52@net.com,+48 507 901 163
0000003414,I9Szmuc@googlemail.com.,739 258 236
0000003415,PT_6@net.com,+48 797 700 023
0000003416,M72Jop@gmail.com,660 578 810
0000003417,Szrama_Dorota_3pojedynczy@net.com,509 552 900
0000003418,Deszcz_Sara_10obiekt@net.com,507 375 232
0000003419,K61Serwa@net.com,572 638 492
0000003420,owoc_SM_67@net.com,669 472 858
0000003421,AP_23@net.com ,123
0000003422,Prostak_Krystian_9obecnie@gmail.com,+48 605 284 350
0000003423,TS_34@net.com,605 960 230
0000003424,Kęsek0_Tobiasz3@gmail.com,734 204 681
0000003425,FG_91@gmail.com,+48 502 429 719
0000003426,Gąszczak4_Marcelina2@gmail.com,574 552 840
0000003427,Anastazja_Żywica_86@googlemail.com.,606 994 731
0000003428,T21Gustaw@net.com,+48 726 224 255
0000003429,Macheta_Nicole_1Węgry@googlemail.com.,32 117 83 98
0000003430,Ida_Posłuszna_53@gmail.com,+48 32 330 82 87
0000003431,U87Gładka@googlemail.com.,+48 32 127 68 20
0000003432,Ida_Małota_1@googlemail.com.,32 539 85 47
0000003433,Fleszar_Eliza_5Słowacja@gmail.com,+48 22 966 24 46
0000003434,TR_39@gmail.com,+48 884 434 307
0000003435,Wojewodzic10_Marek4@net.com,796 218 196
0000003436,Komisarczyk_Gustaw_10świeca@googlemail.com.,782 246 197
0000003437,jeździć_SE_77@googlemail.com.,32 506 64 20
0000003438,Natan_Żabierek_17@net.com,531 443 783
0000003439,NK_73@googlemail.com.,+48 663 356 435
0000003440,chęć_TA_52@googlemail.com.,22 536 54 53
,Kloska3_Marianna3net.com,+48 514 233 719
0000003442,Sypuła_Krystian_7europejski@gmail.com,533 328 652
0000003443,ES_61@googlemail.com.,+48 22 737 88 45
0000003444,Piotrkowicz_Marika_1uciekać@googlemail.com.,+48 799 247 281
0000003445,nosić_AB_14@net.com,+48 538 373 155
0000003446,Amanowicz8_Natasza6@googlemail.com.,728 329 706
0000003447,istnieć_PP_23@googlemail.com.,+48 730 544 411
0000003448,Gąszczak6_Kacper3@googlemail.com.,+48 577 167 712
0000003449,RŚ_76@net.com,+48 22 565 11 20
0000003450,P66Mleczek@net.com,737 086 227
0000003451,Misztela8_Ignacy6@net.com,  +48 785 825 623
0000003452,N99Staśko@net.com,786 980 559
0000003453,Kaja_Wójs_66@gmail.com,+48 734 851 449
0000003454,Sypuła_Bianka_9okolica@gmail.com,504 517 203
0000003455,Bohdanowicz_Aleks_8mieszkanie@gmail.com,884 684 221
0000003456,Krystyna_Lenc_38@googlemail.com.,+48 32 515 50 01
0000003457,N30Miozga@gmail.com,728 148 422
0000003458,Albert_Supernak_72@gmail.com,+48 693 098 879
0000003459,L18Szpala@googlemail.com.,538 637 947
0000003460,Elżbieta_Szumiło_42@googlemail.com.,502 040 402
0000003461,JB_99@net.com,22 015 63 49
0000003462,Mariusz_Krężołek_35@net.com,515 678 447
0000003463,MS_37@googlemail.com.,+48 533 250 338
0000003464,A51Narożny@googlemail.com.,789 595 260
0000003465,Rafał_Rudzik_56@gmail.com,+48 692 873 454
0000003466,Słobodzian_Róża_1srebrny@net.com,+48 535 084 519
0000003467,RK_81@googlemail.com.,509 779 690
0000003468,Biegała5_Kamila10@gmail.com,+48 883 919 697
0000003469,IK_96@googlemail.com.,881 786 494
0000003470,Juliusz_Grubba_65@gmail.com,+48 515 723 231
0000003471,L29Samson@net.com,+48 32 566 21 96
0000003472,Nela_Mirocha_36@googlemail.com.,+48 32 147 26 97
0000003473,dać_SS_70@googlemail.com.,+48 690 124 457
0000003474,Urszula_Pudełek_8@net.com,32 681 85 25
0000003475,Bianka_Trzyna_33@net.com,+48 784 209 941
0000003476,Kaja_Błasik_47@googlemail.com.,+48 22 827 11 92
0000003477,płaszcz_KM_69@gmail.com,666 065 226
0000003478,E77Kołsut@gmail.com,+48 662 919 958
0000003479,K38Żal@gmail.com,+48 669 703 950
0000003480,K68Kiełbik@gmail.com,+48 513 079 597
,.AZ_52@googlemail.com.,+48 606 243 125
0000003482,NJ_87@googlemail.com.,+48 732 368 402
0000003483,Bacik3_Tymon1@gmail.com,608 815 014
0000003484,pić_CJ_92@gmail.com,573 918 344
0000003485,A63Kołsut@net.com,786 194 392
0000003486,M29Sado@net.com,+48 736 530 497
0000003487,Ziarnik6_Kamila10@googlemail.com.,+48 786 180 632
0000003488,Maciej_Gniewek_63@googlemail.com.,+48 693 834 353
0000003489,Wejman10_Róża7@gmail.com,664 300 619
0000003490,E26Rząd@googlemail.com.,+48 726 197 222
0000003491,J10Zbróg@googlemail.com.,+48 883 685 422
0000003492,SF_4@gmail.com,+48 881 893 215
0000003493,M58Szpyra@net.com,780 319 431
0000003494,A74Graban@net.com,793 468 650
0000003495,MJ_81@gmail.com,+48 574 975 284
0000003496,Marek_Kadela_90@net.com,+48 515 966 230
0000003497,Potyrała3_Nataniel6@net.com,+48 798 340 959
0000003498,Woronko_Natan_3ciągnąć@net.com,+48 722 895 784
0000003499,M3Pupek@net.com,+48 730 958 659
0000003500,Klara_Radziewicz_70@googlemail.com.,782 142 588
0000003501,Kaja_Malewicz_26@gmail.com,+48 795 872 673
0000003502,MS_31@net.com,+48 660 585 075
0000003503,S94Madura@gmail.com,783 039 407
0000003504,T26Kubasiak@gmail.com,+48 22 055 35 18
0000003505,Musiała6_Juliusz1@googlemail.com.,665 095 345
0000003506,budować_KE_87@googlemail.com.,796 331 368
0000003507,Pacura0_Kamila5@gmail.com,577 007 381
0000003508,A16Dąbal@net.com,+48 721 283 979
0000003509,akcja_KL_35@googlemail.com.,+48 32 099 62 56
0000003510,Kudela_Sara_5roślina@gmail.com,+48 795 052 998
0000003511,Zubel9_Julianna3@net.com,
0000003512,Rapa3_Krystyna3@googlemail.com.,+48 726 079 757
0000003513,Daniel_Kryza_34@gmail.com,735 067 549
0000003514,IK_36@googlemail.com.,517 341 319
0000003515,Bicz9_Kornel9@gmail.com,+48 572 523 104
0000003516,Piesik9_Szymon8@net.com,+48 665 199 196
0000003517,JH_39@googlemail.com.,+48 501 279 208
0000003518,Łęgowik3_Rozalia10@net.com,794 015 156
0000003519,Korek_Sylwia_5samiec@googlemail.com.,570 213 763
0000003520,AT_95@googlemail.com.,+48 693 092 707
,Znojek9_Liwia5@,+48 607 435 780
0000003522,Ernest_Ambrozik_80@googlemail.com.,+48 786 245 784
0000003523,NP_93@net.com,+48 571 785 727
0000003524,KT_48@gmail.com,+48 606 251 627
0000003525,Tytko_Józef_5po prostu@gmail.com,+48 724 264 510
0000003526,Olearczyk3_Aniela4@googlemail.com.,788 470 270
0000003527,o_PF_9@gmail.com,+48 507 787 815
0000003528,Jaroch_Tomasz_7lecz@gmail.com,+48 32 134 03 94
0000003529,Księżyk_Anita_1ponad@googlemail.com.,+48 601 890 756
0000003530,Nela_Kałwak_26@net.com,514 753 149
0000003531,Dulemba0_Wojciech2@googlemail.com.,537 859 483
0000003532,Klisz3_Malwina7@net.com,+48 690 347 032
0000003533,Cetera3_Marcelina8@net.com,+48 794 079 548
0000003534,E68Zubowicz@net.com,+48 785 561 585
0000003535,A60Paw@googlemail.com.,661 728 896
0000003536,J90Chadaj@googlemail.com.,+48 606 867 337
0000003537,Ulewicz0_Liwia5@net.com,+48 887 160 860
0000003538,Aleksander_Koral_29@googlemail.com.,+48 576 091 458
0000003539,M80Słomiany@net.com,+48 533 212 501
0000003540,Citko6_Ada4@googlemail.com.,669 792 444
0000003541,J43Pagacz@@googlemail.com.,+48 736 039 526
0000003542,Kiepas_Klara_2niż@googlemail.com.,+48 32 524 21 94
0000003543,KZ_75@googlemail.com.,+48 509 165 828
0000003544,Wąsiewicz10_Marcelina5@net.com,+48 533 859 927
0000003545,S66Sieg@gmail.com,+48 693 029 169
0000003546,J15Hartman@gmail.com,+48 508 223 874
0000003547,Lejk1_Kalina9@googlemail.com.,665 909 682
0000003548,Ciołczyk_Krystian_6przeszłość@gmail.com,+48 609 757 411
0000003549,pociąg_PF_18@net.com,+48 575 176 447
0000003550,Opoka6_Leonard9@googlemail.com.,+48 725 092 191
0000003551,Błażejczak_Sylwia_5długo@net.com,692 637 814
0000003552,Pych3_Liwia4@net.com,+48 730 623 087
0000003553,Konstanty_Brzykcy_23@net.com,735 789 724
0000003554,Parada4_Juliusz9@net.com,+48 32 746 79 08
0000003555,zniszczyć_NE_28@net.com,+48 575 910 668
0000003556,Igor_Pakosz_49@googlemail.com.,790 588 270
0000003557,NK_10@gmail.com,+48 22 977 30 01
0000003558,Panicz_Karol_10syn@net.com,508 337 190
0000003559,K58Drążyk@net.com,+48 22 542 45 80
0000003560,K20Dywan@googlemail.com.,503 541 168
,Pyś7_Konstanty4@googlemail.com.,32 802 68 73
0000003562,przyjmować_OT_17@gmail.com,735 235 251
0000003563,Naumiuk_Olaf_10poniedziałek@net.com,32 222 48 23
0000003564,K2Skotarek@net.com,792 827 436
0000003565,Graboś8_Jakub8@net.com,511 299 130
0000003566,Fryderyk_Bodziony_56@googlemail.com.,692 965 198
0000003567,Harasimiuk5_Paweł3@googlemail.com.,693 850 994
0000003568,NJ_54@googlemail.com.,32 466 68 91
0000003569,S41Rejek@googlemail.com.,+48 883 350 287
0000003570,Koźlak8_Bianka0@googlemail.com.,+48 789 826 983
0000003571,Igor_Motak_83@net.com, 795 181 182
0000003572,należy_GM_27@googlemail.com.,+48 539 959 226
0000003573,Tymon_Dudziec_35@net.com,661 174 763
0000003574,Dariusz_Łuszczak_32@net.com,578 645 047
0000003575,Sobstyl6_Apolonia1@googlemail.com.,882 880 897
0000003576,T17Dybaś@net.com,503 026 509
0000003577,M82Kazberuk@net.com,574 003 720
0000003578,Tola_Syroka_24@gmail.com,+48 660 660 672
0000003579,M50Wojtalik@gmail.com,+48 726 939 972
0000003580,AS_94@net.com,+48 518 782 132
0000003581,ŁUDZIK_NIKODEM_7CHRYSTUS@NET.COM,+48 531 714 204
0000003582,NS_42@gmail.com,+48 22 545 92 97
0000003583,Kacper_Faltyn_2@googlemail.com.,+48 504 222 929
0000003584,biuro_GE_82@net.com,+48 605 657 764
0000003585,EŁ_22@net.com,889 957 126
0000003586,olej_FG_86@googlemail.com.,533 240 833
0000003587,Koman_Anastazja_9wejście@gmail.com,730 356 364
0000003588,K27Fronczek@googlemail.com.,+48 780 745 810
0000003589,AG_38@googlemail.com.,+48 501 229 501
0000003590,Helak_Ksawery_7Belgia@googlemail.com.,698 734 889
0000003591,Perka3_Igor3@googlemail.com.,+48 533 931 679
0000003592,doprowadzić_CA_4@gmail.com,733 087 555
0000003593,Góraj7_Emil9@googlemail.com.,605 441 980
0000003594,S84Daniec@net.com,+48 605 175 680
0000003595,Smykała9_Adrian1@gmail.com,600 011 059
0000003596,E29Gawłowicz@googlemail.com.,603 913 041
0000003597,Alan_Kuczak_70@googlemail.com.,22 776 69 03
0000003598,Eliza_Kręgiel_15@gmail.com,667 268 995
0000003599,W38Merda@gmail.com,737 069 061
0000003600,MB_24@googlemail.com.,662 154 404
,Martin8_Klara1@googlemail.com., +48 571 451 666
0000003602,G94Połom@gmail.com,+48 669 662 725
0000003603,RW_2@gmail.com,+48 572 800 530
0000003604,Sędek_Damian_3Rosja@net.com,793 982 375
0000003605,Korkosz_Eliza_10dopływ@gmail.com,+48 22 375 19 64
0000003606,istotny_MJ_55@gmail.com,574 222 816
0000003607,R27Garncarek@gmail.com,+48 889 083 092
0000003608,JS_53@googlemail.com.,+48 698 319 567
0000003609,A64Friedrich@net.com,+48 784 625 843
0000003610,Łaciak4_Aurelia5@gmail.com,+48 790 272 833
0000003611,S18Makurat@googlemail.com.,+48 573 115 621
0000003612,SJ_88@gmail.com,+48 880 165 227
0000003613,Mrotek_Artur_7sportowy@googlemail.com.,501 320 910
0000003614,Judek8_Kaja1@googlemail.com.,794 654 090
0000003615,Demiańczuk_Krzysztof_8opłata@gmail.com,729 792 872
0000003616,Emil_Ledzion_28@gmail.com,+48 790 718 995
0000003617,kontynent_BK_56@gmail.com,+48 518 364 200
0000003618,AW_9@net.com,699 974 440
0000003619,M87Bondaruk@net.com,571 680 651
0000003620,T94Święs@net.com,+48 789 377 503
0000003621,,+48 886 633 866
0000003622,Dankiewicz_Rozalia_7święty@googlemail.com.,691 087 421
0000003623,Kornelia_Ciesielka_84@net.com,+48 699 004 644
0000003624,Niemcy_BM_62@googlemail.com.,+48 22 613 43 84
0000003625,KS_22@gmail.com,736 220 903
0000003626,zdobyć_GT_97@gmail.com,732 657 941
0000003627,róg_BP_92@gmail.com,699 098 489
0000003628,M6Hołysz@net.com,507 277 341
0000003629,E86Taciak@net.com,+48 797 279 038
0000003630,północ_PK_2@gmail.com,+48 578 748 686
0000003631,Sobieszczyk_Krystyna_1przeszkoda@googlemail.com.,
0000003632,Olma4_Stanisław3@net.com,+48 530 285 120
0000003633,zakres_LN_71@net.com,+48 572 055 079
0000003634,Szumiło7_Bartek10@net.com,32 870 82 24
0000003635,D41Łyczak@gmail.com,884 111 962
0000003636,Bosek5_Miłosz4@gmail.com,+48 695 930 016
0000003637,D3Darul@net.com,+48 660 054 378
0000003638,Wójs_Klara_7morze@gmail.com,+48 724 728 837
0000003639,Kornelia_Hanzel_18@net.com,+48 600 192 238
0000003640,głos_CK_69@gmail.com,22 124 75 55
,leczenie_BJ_45,516 281 972
0000003642,Wiech5_Liwia4@gmail.com,+48 889 475 508
0000003643,Pytlarz_Alex_2wysokość@gmail.com,32 764 50 99
0000003644,BG_6@googlemail.com.,790 375 034
0000003645,M70Uss@googlemail.com.,+48 883 931 255
0000003646,stacja_BA_97@gmail.com,+48 605 280 156
0000003647,JB_96@net.com,575 694 665
0000003648,NO_31@net.com,530 082 778
0000003649,A47Kwarciak@gmail.com,503 896 530
0000003650,Maks_Ziegert_49@gmail.com,+48 32 410 60 62
0000003651,Macheta0_Aleks8@googlemail.com.,+48 889 371 164
0000003652,Gajdzik5_Mariusz1@googlemail.com.,731 135 923
0000003653,Rychert_Jacek_5szklanka@gmail.com,697 417 507
0000003654,rodowity_PE_98@googlemail.com.,502 428 198
0000003655,Krystyna_Pakosz_76@gmail.com,788 180 785
0000003656,AK_27@net.com,32 959 30 35
0000003657,typowy_KK_68@googlemail.com.,574 753 326
0000003658,TG_99@net.com,535 405 484
0000003659,D40Salomon@gmail.com,+48 574 634 971
0000003660,Andrejczuk7_Piotr9@googlemail.com.,+48 32 619 60 58
0000003661,Śnieg_Agnieszka_6amerykański@gmail.com,++48 662 404 983
0000003662,PK_29@googlemail.com.,574 196 520
0000003663,Kuban_Ryszard_1droga@googlemail.com.,22 194 04 58
0000003664,D98Danilczuk@gmail.com,668 988 502
0000003665,popularny_BK_16@net.com,+48 537 613 112
0000003666,dym_WA_86@googlemail.com.,539 203 449
0000003667,D29Kosman@net.com,501 383 012
0000003668,A91Latek@googlemail.com.,+48 500 140 189
0000003669,paliwo_SM_74@gmail.com,729 078 919
0000003670,zmarły_CT_82@gmail.com,+48 799 101 710
0000003671,lustro_KF_93@gmail.com,+48 516 620 849
0000003672,KN_96@gmail.com,+48 780 095 843
0000003673,Kosidło_Inga_3ciąża@googlemail.com.,+48 513 265 515
0000003674,jeden_AG_9@gmail.com,22 514 30 42
0000003675,Ł18Michel@gmail.com,+48 882 012 825
0000003676,stary_DM_70@googlemail.com.,+48 534 214 124
0000003677,Borzych_Olga_7zwrot@net.com,+48 735 571 012
0000003678,D84Kustosz@gmail.com,604 827 198
0000003679,Zubel_Marika_9siedziba@net.com,+48 22 187 74 00
0000003680,Julianna_Dąbrowicz_86@googlemail.com.,32 177 04 94
,,+48 502 408 944
0000003682,M79Skowyra@gmail.com,+48 604 051 574
0000003683,Dziarmaga7_Dawid2@net.com,+48 737 585 886
0000003684,trudny_KR_43@net.com,501 815 537
0000003685,Norbert_Dziedzina_83@googlemail.com.,699 851 917
0000003686,Szczypiór8_Przemysław9@googlemail.com.,+48 722 563 926
0000003687,Faltyn0_Lidia10@net.com,+48 535 226 387
0000003688,S95Stiller@net.com,32 521 90 96
0000003689,Szymaniuk_Sylwia_7nowy@net.com,+48 665 271 598
0000003690,Dorota_Stachelek_75@net.com,796 503 214
0000003691,AB_14@googlemail.com.,++22 406 76 96
0000003692,L52Wygoda@googlemail.com.,+48 798 770 897
0000003693,AJ_55@googlemail.com.,+48 604 252 251
0000003694,WH_83@net.com,+48 32 972 12 98
0000003695,AT_36@gmail.com,+48 571 012 536
0000003696,M4Pyc@googlemail.com.,+48 530 475 437
0000003697,M79Buczma@googlemail.com.,+48 604 275 219
0000003698,Sara_Krzyszczak_7@net.com,+48 32 712 85 01
0000003699,Strzelczak_Aniela_5pozostawać@googlemail.com.,500 218 635
0000003700,Brzeźniak3_Marcin7@gmail.com,514 670 158
0000003701,słownik_TM_13 @googlemail.com.,536 117 596
0000003702,KD_36@gmail.com,+48 534 991 292
0000003703,Strojna0_Piotr0@net.com,+48 794 790 309
0000003704,przyszłość_CK_94@net.com,+48 738 450 488
0000003705,Kruszka5_Paweł4@net.com,510 612 238
0000003706,Natanek2_Maurycy1@gmail.com,798 986 204
0000003707,Kliszcz0_Marek2@googlemail.com.,+48 506 836 609
0000003708,Robaszkiewicz_Nikodem_10ojczyzna@net.com,785 096 883
0000003709,Lemieszek_Inga_8dawać@gmail.com,32 675 79 73
0000003710,Alex_Krzywonos_80@gmail.com,724 938 890
0000003711,Gendek10_Dawid9@net.com,886 356 179
0000003712,Mycek_Kazimierz_10zbyt@googlemail.com.,+48 602 293 488
0000003713,Natanek_Błażej_7gniew@gmail.com,665 990 831
0000003714,Klekot5_Stefan0@gmail.com,724 268 206
0000003715,Bakalarczyk_Kornelia_7podać@gmail.com,22 067 49 35
0000003716,Florian7_Franciszek4@net.com,660 503 877
0000003717,MS_55@net.com,519 583 851
0000003718,Niedbał_Juliusz_9okropny@net.com,+48 22 787 78 88
0000003719,Jonik2_Eliza4@net.com,791 958 138
0000003720,Patora7_Ernest10@googlemail.com.,32 059 69 05
,Kornelia_Soroko_36@net.com,
0000003722,Kudłacz_Elżbieta_1dorosły@googlemail.com.,664 058 371
0000003723,Han_Ewelina_7biec@gmail.com,699 592 883
0000003724,Olgierd_Jażdżyk_1@gmail.com,+48 606 332 192
0000003725,R77Klos@gmail.com,+48 32 303 45 67
0000003726,Jakóbiak10_Marcin0@net.com,+48 538 570 687
0000003727,AS_13@gmail.com,+48 692 621 288
0000003728,Kołak10_Julian10@gmail.com,+48 22 016 18 30
0000003729,Zdziech7_Kalina0@net.com,799 109 791
0000003730,Rzeszutko9_Fabian0@gmail.com,579 380 744
0000003731,płyta_SA_76@net.com,+48 880 439 917
0000003732,Sadza2_Leon0@gmail.com,502 717 238
0000003733,K64Bielas@googlemail.com.,+48 607 026 218
0000003734,Aniela_Wojczuk_81@googlemail.com.,32 990 08 55
0000003735,E90Jasina@gmail.com,22 196 28 15
0000003736,Ignacy_Koterba_79@gmail.com,665 381 806
0000003737,Tymoteusz_Wojsław_29@googlemail.com.,+48 32 424 98 83
0000003738,Trawka1_Nela1@googlemail.com.,+48 32 577 44 42
0000003739,A63Ksel@net.com,32 557 97 68
0000003740,Młotek_Sylwia_2pierwiastek chemiczny@googlemail.com.,572 374 442
0000003741,Kiwior_Aurelia_7reguła@googlemail.com. <invalid>,575 713 702
0000003742,AB_97@gmail.com,+48 796 071 937
0000003743,Matejczyk_Miłosz_5moneta@googlemail.com.,+48 579 555 084
0000003744,AF_9@net.com,+48 22 446 17 40
0000003745,AŚ_91@googlemail.com.,+48 780 441 045
0000003746,R34Szram@net.com,+48 730 562 779
0000003747,Stark6_Julita4@googlemail.com.,+48 699 611 981
0000003748,Prystupa_Borys_10możliwy@net.com,881 576 418
0000003749,PS_39@gmail.com,+48 691 015 196
0000003750,RZ_26@net.com,786 823 845
0000003751,uśmiech_SD_35@net.com,000000
0000003752,Dagmara_Sierota_49@googlemail.com.,538 956 014
0000003753,SW_60@gmail.com,+48 501 885 738
0000003754,Kopyść8_Stefan6@googlemail.com.,+48 693 886 893
0000003755,O83Częścik@googlemail.com.,32 422 32 69
0000003756,świątynia_GA_82@net.com,+48 884 836 213
0000003757,Korzeniak7_Bruno0@gmail.com,518 462 597
0000003758,narząd_OA_17@gmail.com,+48 533 118 222
0000003759,dowód_BT_42@gmail.com,735 794 936
0000003760,białoruski_DA_33@net.com,698 056 470
,Truchel_Rozalia_9podział,+48 577 292 389
0000003762,J71Zegar@gmail.com,+48 796 637 289
0000003763,AI_26@googlemail.com.,668 386 120
0000003764,JK_99@gmail.com,+48 600 529 594
0000003765,Dybaś_Aurelia_7serce@net.com,515 674 318
0000003766,Swiątek8_Janina8@googlemail.com.,+48 731 437 937
0000003767,mój_SR_15@googlemail.com.,+48 22 467 20 05
0000003768,Julianna_Sobstyl_27@net.com,32 484 80 93
0000003769,niebezpieczny_OK_38@googlemail.com.,+48 729 321 551
0000003770,I33Wikło@net.com,+48 787 286 481
0000003771,Jarkiewicz1_Ewelina8@gmail.com,662 918 919
0000003772,L24Stanaszek@gmail.com,570 107 204
0000003773,Aleks_Tokarek_12@gmail.com,+48 32 942 33 58
0000003774,Roksana_Moczko_28@gmail.com,781 411 616
0000003775,Pierchała10_Blanka8@net.com,+48 696 331 701
0000003776,Pastor_Witold_5wzór@net.com,694 202 377
0000003777,Gustaw_Ciaś_95@googlemail.com.,538 171 639
0000003778,SB_84@googlemail.com.,576 334 616
0000003779,Ewa_Siarkiewicz_12@net.com,+48 32 002 40 85
0000003780,MK_57@gmail.com,791 213 577
0000003781,Żybura_Marcel_5proces@gmail.com ,327362515
0000003782,MW_5@googlemail.com.,+48 532 823 009
0000003783,Mazek_Rozalia_6pióro@net.com,723 084 764
0000003784,Wasiuk_Tymon_7program@net.com,792 386 526
0000003785,Dorota_Malka_4@googlemail.com.,730 096 754
0000003786,DK_93@gmail.com,+48 601 373 352
0000003787,A46Grabczak@gmail.com,+48 782 283 578
0000003788,widok_SK_77@gmail.com,+48 883 424 915
0000003789,Truchel8_Liwia0@net.com,787 841 159
0000003790,Eryk_Zajko_97@net.com,32 805 21 85
0000003791,Blanka_Niećko_1@net.com,32 654 51 47
0000003792,Blaut0_Wiktor9@gmail.com,664 914 182
0000003793,Ryszard_Maleszka_79@net.com,+48 604 914 712
0000003794,Fornalik_Bianka_1lina@net.com,+48 531 890 413
0000003795,malować_HR_44@net.com,+48 727 371 258
0000003796,Olgierd_Lempart_6@googlemail.com.,+48 570 352 141
0000003797,EB_81@net.com,+48 737 299 909
0000003798,Ptok0_Aurelia3@gmail.com,+48 513 346 261
0000003799,Natan_Kosela_37@gmail.com,+48 507 271 426
0000003800,D33Furgał@gmail.com,+48 32 552 52 35
,M46Bąbel@googlemail.com. <invalid>,572 916 296
0000003802,Semenowicz9_Jan3@net.com,+48 738 582 438
0000003803,Kruś5_Roksana5@gmail.com,698 211 307
0000003804,E9Zimoląg@gmail.com,884 083 587
0000003805,R46Hamrol@net.com,720 880 975
0000003806,Kożuszek_Ksawery_9dodatek@gmail.com,698 688 262
0000003807,Twardosz_Jakub_5złoto@googlemail.com.,663 173 052
0000003808,OT_31@net.com,530 886 479
0000003809,U13Stawowczyk@net.com,+48 696 028 617
0000003810,Latuszek_Monika_10nastrój@googlemail.com.,+48 667 785 781
0000003811,BF_10@googlemail.com.,
0000003812,Gamoń_Natasza_8wchodzić@gmail.com,+48 500 981 702
0000003813,kąt_BF_40@googlemail.com.,731 058 911
0000003814,Konstanty_Szatanik_59@gmail.com,663 291 063
0000003815,leczenie_DJ_11@googlemail.com.,662 296 738
0000003816,Lulek3_Konstanty5@gmail.com,535 908 199
0000003817,Windak_Maksymilian_9uderzać@googlemail.com.,787 617 060
0000003818,AK_5@googlemail.com.,+48 692 588 083
0000003819,Krzykała_Kornelia_8życie@net.com,+48 504 124 791
0000003820,Pezda6_Witold9@googlemail.com.,667 151 525
0000003821,5_GO_11@net.com ,531 243 468
0000003822,Marcin_Skocz_43@net.com,22 325 25 78
0000003823,IS_43@gmail.com,+48 607 216 176
0000003824,Serzysko_Andrzej_3jakby@net.com,+48 797 357 762
0000003825,Glazer_Lidia_7działalność@googlemail.com.,+48 797 626 075
0000003826,AO_30@net.com,+48 579 988 724
0000003827,Piotr_Pleskot_17@gmail.com,+48 515 799 228
0000003828,Przemysław_Zasępa_20@net.com,+48 608 426 220
0000003829,K9Mućka@net.com,733 004 892
0000003830,Uroda_Maksymilian_9igła@googlemail.com.,+48 506 728 763
0000003831,Tabak0_Cezary0@googlemail.com.,+48 506 059 540
0000003832,rosnąć_SN_53@gmail.com,22 254 20 19
0000003833,Manista_Nataniel_10odmiana@net.com,+48 787 748 194
0000003834,A38Szyma@net.com,32 435 52 10
0000003835,Moskalik0_Ignacy0@gmail.com,577 496 997
0000003836,Sowała_Elżbieta_9pieniądze@net.com,32 364 36 90
0000003837,umysł_KK_8@googlemail.com.,887 053 049
0000003838,Konstanty_Brzykcy_97@gmail.com,+48 727 601 266
0000003839,Adrianna_Weremczuk_56@gmail.com,+48 539 658 937
0000003840,BW_67@gmail.com,512 339 264
,Ośka10_Julianna8 @googlemail.com.,
0000003842,Gozdur_Karina_7gospodarka@net.com,+48 736 202 313
0000003843,Tomaszczyk_Tymon_8domowy@gmail.com,+48 664 970 440
0000003844,mieszkać_SE_45@googlemail.com.,+48 32 638 47 23
0000003845,MŁ_21@net.com,886 130 848
0000003846,zdrowy_KP_98@net.com,+48 666 197 724
0000003847,K99Stoltman@gmail.com,579 300 003
0000003848,TM_36@googlemail.com.,+48 734 039 248
0000003849,zajmować_DA_2@net.com,783 330 387
0000003850,Oleksiuk3_Błażej4@gmail.com,698 049 789
0000003851,Mariusz_Ochab_33@gmail.com,22 822 92 19
0000003852,OS_22@net.com,883 188 094
0000003853,Gaja_Szpara_88@gmail.com,794 110 366
0000003854,Mainka_Anita_4opuścić@googlemail.com.,578 285 825
0000003855,Pajek0_Jacek8@googlemail.com.,+48 665 864 438
0000003856,Godzik5_Marek1@googlemail.com.,32 750 61 99
0000003857,Szwałek_Iwo_1przedsiębiorstwo@gmail.com,+48 604 069 007
0000003858,R73Skierka@googlemail.com.,+48 511 506 446
0000003859,elektryczny_WD_12@net.com,572 077 891
0000003860,około_PM_86@googlemail.com.,+48 539 995 865
0000003861,LS_40@googlemail.com. ,+48 608 269 278
0000003862,Frycz_Eliza_1Węgry@net.com,+48 533 376 942
0000003863,FG_48@gmail.com,+48 662 856 786
0000003864,KN_59@googlemail.com.,+48 32 079 63 16
0000003865,skład_ŁA_19@net.com,+48 727 008 922
0000003866,M4Szymaniuk@net.com,+48 512 197 922
0000003867,A65Zdziech@net.com,666 641 104
0000003868,B50Osiadacz@gmail.com,884 748 850
0000003869,M45Zmuda@net.com,+48 519 091 330
0000003870,DK_93@net.com,+48 32 085 02 62
0000003871,AS_58@gmail.com,abc32 113 98 40
0000003872,Arendarczyk_Kazimierz_10wierzyć@net.com,+48 605 653 948
0000003873,minuta_PK_92@net.com,786 090 969
0000003874,KM_5@net.com,+48 32 590 21 09
0000003875,BG_76@gmail.com,+48 601 679 538
0000003876,Broś_Malwina_4podobny@net.com,22 065 63 38
0000003877,policzek_GM_63@googlemail.com.,510 428 905
0000003878,RG_13@googlemail.com.,789 194 502
0000003879,Jachna9_Ignacy7@gmail.com,+48 699 707 408
0000003880,Szłapa5_Julian10@googlemail.com.,+48 32 427 89 88
,Strama_Igor_7przejście@googlemail.com.,737 103 238
0000003882,M53Zbrzeźniak@gmail.com,574 200 356
0000003883,AR_95@googlemail.com.,+48 663 028 705
0000003884,Adrian_Dziełak_66@gmail.com,+48 32 651 72 44
0000003885,D34Pioch@net.com,+48 661 681 571
0000003886,Makosz9_Aurelia8@net.com,796 055 041
0000003887,Wrześniak_Damian_2Turcja@net.com,694 900 096
0000003888,RM_77@net.com,+48 690 910 460
0000003889,Pasierbek_Elżbieta_8Ziemia@googlemail.com.,604 976 353
0000003890,N3Karsznia@googlemail.com.,575 460 517
0000003891,dość_SP_30@net.com,698 522 282
0000003892,Solis8_Anastazja4@googlemail.com.,+48 662 851 843
0000003893,poważny_RK_2@googlemail.com.,+48 726 784 569
0000003894,Nela_Gęgotek_35@gmail.com,508 547 613
0000003895,Niksa10_Gustaw4@net.com,32 662 47 71
0000003896,JZ_11@gmail.com,+48 22 498 23 96
0000003897,Imiela_Kornelia_2dziewczynka@gmail.com,+48 518 470 053
0000003898,Nicole_Hołubowicz_96@googlemail.com.,504 919 205
0000003899,Kacper_Wardziak_10@net.com,885 356 054
0000003900,wysokość_ZS_78@net.com,+48 735 276 968
0000003901,bo_ŁA_50@net.com ,
0000003902,Bruno_Rogula_69@gmail.com,533 853 497
0000003903,Konieczek4_Roksana10@googlemail.com.,+48 797 705 079
0000003904,Kruszona_Stefan_6wodny@googlemail.com.,+48 570 645 411
0000003905,Jamrożek_Błażej_5przejść@googlemail.com.,+48 500 576 497
0000003906,F37Humeniuk@net.com,+48 605 941 960
0000003907,Zbylut_Olaf_5zakończyć@net.com,698 613 502
0000003908,Maksymilian_Baumgart_71@net.com,+48 666 629 719
0000003909,sąsiad_WN_59@net.com,+48 507 698 473
0000003910,NH_1@net.com,+48 721 171 555
0000003911,zwykły_DI_19@googlemail.com.,+48 22 974 64 30
0000003912,chory_JA_15@googlemail.com.,572 296 167
0000003913,Basaj_Adam_3ciekawy@net.com,605 646 133
0000003914,KK_27@gmail.com,796 794 119
0000003915,oczekiwać_CK_68@googlemail.com.,883 669 958
0000003916,Kozdrój7_Paweł4@googlemail.com.,22 745 28 69
0000003917,mocno_SM_75@gmail.com,784 247 644
0000003918,T78Łepek@googlemail.com.,+48 503 004 113
0000003919,Kozień_Marek_4bliski@googlemail.com.,887 055 370
0000003920,Młodzik_Maksymilian_7koło@gmail.com,885 970 770
,,+48 661 115 597
0000003922,Potyrała4_Kajetan9@net.com,+48 694 520 647
0000003923,smutny_GK_72@googlemail.com.,786 967 031
0000003924,A74Gruszczyk@net.com,732 626 026
0000003925,Nataniel_Malcher_20@net.com,504 188 807
0000003926,miły_SO_51@googlemail.com.,518 736 676
0000003927,J73Pniak@net.com,+48 32 885 58 07
0000003928,E98Sapa@net.com,696 302 776
0000003929,Lidia_Pyć_76@net.com,+48 32 115 75 57
0000003930,B83Dziugieł@googlemail.com.,+48 725 489 043
0000003931,LC_50@net.com,
0000003932,elektryczny_PK_41@gmail.com,+48 32 204 85 99
0000003933,AP_56@net.com,515 366 055
0000003934,CN_48@net.com,578 196 237
0000003935,Gaja_Bryczek_66@net.com,+48 32 300 83 32
0000003936,IC_85@googlemail.com.,668 225 672
0000003937,Frankowicz_Mariusz_3coś@googlemail.com.,517 551 573
0000003938,P22Zacharek@googlemail.com.,22 207 47 37
0000003939,lotniczy_SA_44@googlemail.com.,575 487 326
0000003940,Gasik10_Tymon10@googlemail.com.,+48 665 558 654
0000003941,Eryk_Maślankiewicz_54@example..com,887 863 051
0000003942,Andrejczuk6_Anna Maria3@googlemail.com.,+48 505 696 936
0000003943,E5Froń@googlemail.com.,516 238 296
0000003944,Jędrzej_Waloch_67@net.com,534 262 159
0000003945,godność_BW_21@gmail.com,+48 605 364 613
0000003946,powierzchnia_BM_71@net.com,608 222 116
0000003947,przybyć_DM_37@googlemail.com.,500 159 460
0000003948,większość_MA_11@net.com,+48 728 686 816
0000003949,Wac5_Liwia10@googlemail.com.,+48 607 574 968
0000003950,Nickel_Przemysław_1ser@net.com,32 403 49 71
0000003951,Leonard_Golak_7@gmail.com,605 702 109
0000003952,A34Grunt@net.com,22 673 17 78
0000003953,S21Gros@net.com,+48 731 120 353
0000003954,Kamil_Dadej_86@net.com,+48 661 104 247
0000003955,Wawrzonek0_Juliusz0@googlemail.com.,+48 731 808 966
0000003956,W43Jędral@gmail.com,724 006 756
0000003957,M57Klatka@net.com,32 160 39 48
0000003958,MŁ_62@googlemail.com.,799 326 955
0000003959,Apolonia_Teodorowicz_29@gmail.com,+48 739 652 396
0000003960,Aniela_Jachna_51@net.com,+48 885 665 107
,Melania_Maron_64@googlemail.com. ,+48 696 853 192
0000003962,Wita4_Aniela4@net.com,574 719 347
0000003963,MS_16@gmail.com,+48 724 042 045
0000003964,Smoczyk3_Eliza0@net.com,537 080 147
0000003965,Bielas7_Anita2@net.com,+48 789 332 928
0000003966,powinien_FK_100@net.com,+48 886 036 379
0000003967,RD_83@gmail.com,+48 789 175 649
0000003968,MW_60@gmail.com,531 886 118
0000003969,Róża_Skupin_29@googlemail.com.,794 566 803
0000003970,M18Prażuch@net.com,+48 32 260 18 63
0000003971,mądry_TM_9@gmail.com,577 785 603
0000003972,K86Rurka@net.com,536 373 889
0000003973,Skup_Cyprian_2chemiczny@gmail.com,793 667 464
0000003974,SD_88@net.com,+48 503 944 784
0000003975,O29Mijas@googlemail.com.,799 710 912
0000003976,Nela_Pasich_73@net.com,22 964 14 75
0000003977,doświadczenie_SM_47@gmail.com,+48 886 450 627
0000003978,Machul2_Aleksander0@googlemail.com.,791 800 653
0000003979,Karol_Gros_4@googlemail.com.,+48 730 294 591
0000003980,Kuzia6_Ada9@net.com,790 071 345
0000003981,Wiktor_Krzyk_96@gmail.com,881 203 807
0000003982,przejście_KA_78@net.com,660 943 938
0000003983,Wereda_Cyprian_3mięsień@gmail.com,+48 795 614 517
0000003984,KT_97@net.com,32 282 51 95
0000003985,Plizga7_Ewelina2@googlemail.com.,+48 508 638 551
0000003986,DS_38@net.com,+48 669 876 286
0000003987,Krzywoń3_Paweł4@net.com,+48 695 662 702
0000003988,Pietryga_Monika_3południe@net.com,+48 694 031 314
0000003989,prawny_JO_92@googlemail.com.,665 584 234
0000003990,Madera_Maksymilian_7proces@gmail.com,503 548 884
0000003991,MM_71@gmail.com,512105957
0000003992,Druszcz_Hubert_8krzyż@net.com,+48 664 293 368
0000003993,Majorczyk1_Kalina0@gmail.com,721 844 586
0000003994,KL_14@net.com,888 392 676
0000003995,kwestia_SF_94@googlemail.com.,+48 666 696 456
0000003996,zapis_KM_13@net.com,+48 733 960 292
0000003997,zawsze_ŚM_4@googlemail.com.,501 434 196
0000003998,siedziba_WI_44@gmail.com,+48 734 256 605
0000003999,KT_22@gmail.com,+48 571 418 187
0000004000,Mikłaszewicz_Ewelina_1około@net.com,799 889 787
,AK_66,530 901 084
0000004002,Dawid_Mielke_70@googlemail.com.,+48 574 636 930
0000004003,S73Karsznia@googlemail.com.,22 767 67 47
0000004004,Banek_Monika_6cześć@gmail.com,+48 736 267 830
0000004005,Strządała5_Julianna9@net.com,+48 726 361 062
0000004006,Herdzik3_Liwia5@gmail.com,+48 693 971 262
0000004007,Klara_Miętus_5@googlemail.com.,600 966 757
0000004008,staw_JJ_64@net.com,+48 880 007 112
0000004009,Stefan_Handzel_99@googlemail.com.,530 136 513
0000004010,Stanisław_Mikiciuk_63@gmail.com,503 960 508
0000004011,Fal_Olga_6minuta@gmail.com,534 899 727
0000004012,domowy_TF_77@googlemail.com.,730 660 468
0000004013,Mycek_Miłosz_6przynosić@googlemail.com.,538 813 084
0000004014,AŁ_82@googlemail.com.,608 239 577
0000004015,Szynkiewicz0_Paweł1@net.com,530 069 659
0000004016,Ewelina_Sporysz_69@net.com,793 716 784
0000004017,Pielech_Jacek_9kontrola@net.com,+48 728 358 820
0000004018,Domian5_Gabriel9@net.com,22 692 48 43
0000004019,miara_KS_72@googlemail.com.,501 728 142
0000004020,S100Sito@googlemail.com.,721 404 848
0000004021,Fechner_Natan_1bogactwo,
0000004022,Krystyna_Korzeniak_58@googlemail.com.,+48 722 849 623
0000004023,Chruszcz_Błażej_9przyrząd@googlemail.com.,+48 888 291 070
0000004024,Liwia_Józefczak_34@net.com,+48 733 702 399
0000004025,Mazek5_Aleks1@net.com,572 991 897
0000004026,M48Czerner@googlemail.com.,516 202 170
0000004027,Inga_Klinger_15@net.com,514 336 638
0000004028,F75Kusek@gmail.com,665 870 673
0000004029,MS_4@gmail.com,+48 22 215 94 70
0000004030,Marika_Matraszek_13@gmail.com,517 609 672
0000004031,M87Czupryna@net.com,32 156 56 84
0000004032,szereg_WR_51@gmail.com,+48 514 481 489
0000004033,ucho_MT_97@net.com,530 988 276
0000004034,Mijas_Janina_3rower@googlemail.com.,575 287 024
0000004035,O49Olszyna@googlemail.com.,+48 665 050 128
0000004036,Ida_Mordak_38@googlemail.com.,+48 667 524 012
0000004037,Machniak9_Jeremi7@net.com,531 371 437
0000004038,U4Warczak@net.com,+48 662 004 575
0000004039,poduszka_IT_55@net.com,798 562 796
0000004040,Flisek_Marika_2wątpliwość@googlemail.com.,+48 534 324 831
,Bianka_Sulich_77@@gmail.com,695 749 938
0000004042,BL_76@googlemail.com.,+48 787 867 124
0000004043,IŚ_94@net.com,789 582 308
0000004044,Karol_Linka_59@net.com,+48 32 742 75 69
0000004045,Watras1_Angelika8@googlemail.com.,+48 504 340 348
0000004046,SD_46@googlemail.com.,511 986 688
0000004047,osiemdziesiąt_IA_68@net.com,661 895 015
0000004048,Sara_Chaber_11@googlemail.com.,+48 32 060 44 73
0000004049,Oszust8_Julian2@net.com,535 845 731
0000004050,Lidia_Szylar_50@net.com,698 053 751
0000004051,Rychcik_Tymon_6napój@net.com,++48 22 768 30 31
0000004052,MS_71@net.com,576 878 646
0000004053,wino_PD_1@net.com,+48 535 993 091
0000004054,Heczko_Klara_9obrona@googlemail.com.,+48 887 962 915
0000004055,Cudzich_Tobiasz_9letni@net.com,+48 576 103 022
0000004056,Tylka_Marika_6poznać@net.com,+48 796 859 139
0000004057,A40Pera@net.com,+48 792 352 989
0000004058,Maszota2_Maksymilian10@net.com,796 005 339
0000004059,Tymon_Wietecha_13@gmail.com,+48 609 138 341
0000004060,FK_27@googlemail.com.,+48 530 469 572
0000004061,łagodny_JK_73@googlemail.com.,795 481 632
0000004062,Anna Maria_Breś_8@googlemail.com.,+48 531 114 052
0000004063,Podleśna_Gaja_8wreszcie@net.com,736 403 592
0000004064,S55Ciężka@net.com,512 222 116
0000004065,FF_18@net.com,+48 738 961 553
0000004066,RŁ_47@net.com,535 268 046
0000004067,Duc_Przemysław_9dalej@net.com,535 040 086
0000004068,Krystkowiak2_Karina5@gmail.com,+48 888 170 264
0000004069,brązowy_MS_29@googlemail.com.,+48 576 507 760
0000004070,NB_27@googlemail.com.,+48 725 319 561
0000004071,Olga_Stein_25@gmail.com,722 409 561
0000004072,KJ_47@net.com,+48 505 220 697
0000004073,pisarz_SJ_95@net.com,+48 506 898 119
0000004074,S19Nijak@googlemail.com.,570 158 379
0000004075,Wielgat5_Marcelina2@gmail.com,607 617 810
0000004076,Sandra_Pochopień_56@googlemail.com.,+48 789 643 974
0000004077,alfabet_CK_47@googlemail.com.,32 985 96 65
0000004078,Ida_Helman_96@googlemail.com.,695 271 578
0000004079,Rurka_Julianna_10pod@googlemail.com.,+48 538 549 764
0000004080,Zębik8_Daniel9@net.com,576 066 741
,,+48223603293
0000004082,Kazubek8_Aurelia7@net.com,+48 22 522 21 50
0000004083,działanie_BW_62@googlemail.com.,539 580 667
0000004084,J68Pachołek@net.com,+48 883 646 731
0000004085,Damian_Siwczak_55@gmail.com,+48 32 450 23 63
0000004086,wesoły_SS_12@gmail.com,692 273 341
0000004087,Łuszczyk_Gaja_4stworzyć@googlemail.com.,+48 733 183 771
0000004088,przeciwnik_ŚE_69@net.com,732 925 015
0000004089,aby_LS_4@gmail.com,+48 783 076 700
0000004090,Oleśkiewicz6_Anna Maria1@gmail.com,530 188 238
0000004091,J81Zieja@net.com,578 401 073
0000004092,JB_50@net.com,+48 576 496 774
0000004093,dostać_WR_15@net.com,+48 789 924 980
0000004094,Burza_Adrianna_3bo@googlemail.com.,+48 720 346 234
0000004095,Stefan_Miętka_90@net.com,+48 602 224 305
0000004096,Leon_Kozok_65@gmail.com,695 708 713
0000004097,Wrześniak7_Łukasz4@net.com,607 164 098
0000004098,Hulbój_Maciej_3syn@googlemail.com.,+48 508 104 319
0000004099,Bazydło6_Ewelina8@gmail.com,579 481 995
0000004100,AL_53@googlemail.com.,887 247 251
0000004101,Artur_Pszczółka_27 @net.com,513 888 444
0000004102,SP_11@gmail.com,510 772 042
0000004103,ponad_PA_23@gmail.com,573 928 490
0000004104,Hanas_Nicole_9uśmiech@gmail.com,+48 530 153 600
0000004105,Siwczak9_Jeremi5@net.com,728 681 222
0000004106,Kobel1_Nela1@googlemail.com.,600 133 688
0000004107,Dobosiewicz9_Ada4@gmail.com,+48 661 036 043
0000004108,zabić_DD_50@net.com,+48 504 578 933
0000004109,barwa_SJ_94@googlemail.com.,+48 570 655 620
0000004110,Julian_Borysiuk_34@gmail.com,571 484 260
0000004111,Julita_Kozdra_25@net.com, +48 532 582 091
0000004112,AK_2@net.com,882 118 237
0000004113,NT_36@gmail.com,+48 722 501 438
0000004114,Suchta_Anita_1sądzić@googlemail.com.,+48 500 447 123
0000004115,przynosić_ŁT_53@net.com,+48 516 342 181
0000004116,J39Stożek@net.com,+48 694 645 109
0000004117,Michalczak9_Nela10@googlemail.com.,+48 516 362 967
0000004118,M1Ograbek@googlemail.com.,788 696 450
0000004119,Kaźmierczyk7_Angelika0@net.com,32 169 24 18
0000004120,srebrny_DL_21@net.com,22 409 77 57
,,+48 728 386 717
0000004122,J43Dudziec@gmail.com,736 825 394
0000004123,że_BT_79@googlemail.com.,736 989 308
0000004124,Gaja_Dąbkiewicz_26@googlemail.com.,+48 787 000 094
0000004125,Bartek_Andreasik_20@googlemail.com.,+48 884 108 739
0000004126,koncert_DR_44@googlemail.com.,661 870 379
0000004127,Kuzia5_Ada8@googlemail.com.,22 251 72 48
0000004128,błoto_GK_45@gmail.com,+48 607 124 297
0000004129,Alan_Wyrobek_81@gmail.com,790 318 949
0000004130,Bejnarowicz9_Dawid1@net.com,+48 789 825 812
0000004131,Michał_Karmelita_50@net.com,533 570 234
0000004132,Blanka_Sajnóg_25@gmail.com,607 848 109
0000004133,Wawak10_Jerzy8@net.com,728 958 363
0000004134,C41Prawdzik@gmail.com,+48 796 971 319
0000004135,kij_TA_14@gmail.com,881 149 568
0000004136,M82Matyka@googlemail.com.,532 391 457
0000004137,MG_23@net.com,663 723 407
0000004138,ksiądz_HS_16@googlemail.com.,695 565 019
0000004139,RK_53@gmail.com,512 630 833
0000004140,A70Nitek@gmail.com,+48 789 891 518
0000004141, koza_ZR_30@gmail.com,
0000004142,Bianka_Bracha_40@googlemail.com.,+48 795 537 314
0000004143,Mik_Malwina_9sześćdziesiąt@gmail.com,+48 538 612 865
0000004144,A83Płaneta@gmail.com,+48 786 937 251
0000004145,IŁ_93@gmail.com,+48 730 750 343
0000004146,Tadeusz_Zapora_50@net.com,+48 668 768 989
0000004147,tylko_ŁG_81@googlemail.com.,667 167 780
0000004148,Buszko_Ernest_8wyścig@net.com,669 921 806
0000004149,Siciarz5_Józef1@net.com,603 783 424
0000004150,Rozalia_Botor_53@net.com,+48 505 418 384
0000004151,Wittbrodt0_Angelika1@googlemail.com.,+48 533 435 666
0000004152,radość_KU_6@gmail.com,+48 22 955 58 10
0000004153,EP_27@googlemail.com.,+48 32 045 96 82
0000004154,Dolega_Julian_1bezpośrednio@net.com,+48 730 955 127
0000004155,Oleksiewicz5_Jerzy10@net.com,+48 32 428 46 88
0000004156,A64Hanas@gmail.com,506 059 747
0000004157,wysyłać_HJ_25@gmail.com,669 193 943
0000004158,K25Anioła@gmail.com,791 930 373
0000004159,zadanie_DK_45@googlemail.com.,696 295 504
0000004160,Wawak2_Liwia9@net.com,+48 731 703 157
,Franciszek_Stiller_8@googlemail.com.,+48 668 203 110
0000004162,styl_PM_67@net.com,882 785 955
0000004163,KR_80@gmail.com,+48 799 344 497
0000004164,urząd_BA_50@googlemail.com.,604 801 563
0000004165,Kulma6_Kornel3@gmail.com,887 721 819
0000004166,epoka_KM_32@net.com,+48 533 041 278
0000004167,wydawać_WM_16@net.com,539 983 514
0000004168,wydawać_SE_98@net.com,32 650 24 18
0000004169,S77Leonowicz@net.com,739 629 686
0000004170,A78Żok@gmail.com,505 205 965
0000004171,Młyńczyk_Dawid_5komputerowy@gmail.com,+48 607 082 341
0000004172,Wlaźlak_Tymon_5ważny@googlemail.com.,+48 738 154 497
0000004173,Kornel_Nojek_48@googlemail.com.,+48 791 589 809
0000004174,S95Melaniuk@googlemail.com.,887 998 307
0000004175,Sara_Kiepura_27@gmail.com,+48 732 369 419
0000004176,Kwapisiewicz8_Kornelia9@googlemail.com.,888 280 627
0000004177,AS_40@gmail.com,579 330 982
0000004178,Rajczyk_Wojciech_7nigdy@net.com,533 691 351
0000004179,LB_40@googlemail.com.,535 779 839
0000004180,Bawoł_Inga_10Afganistan@net.com,699 312 982
0000004181,Melania_Szkopek_98,+48 799 505 637
0000004182,MD_79@gmail.com,694 075 052
0000004183,Gaja_Garbaciak_86@googlemail.com.,+48 32 235 34 69
0000004184,Eliza_Durlej_8@net.com,+48 512 176 308
0000004185,Kołaczek_Melania_5majątek@googlemail.com.,+48 795 878 244
0000004186,Kaja_Litwińczuk_46@googlemail.com.,738 249 367
0000004187,DB_56@net.com,+48 724 937 481
0000004188,BJ_39@googlemail.com.,+48 731 168 219
0000004189,zapomnieć_WH_25@gmail.com,+48 799 459 993
0000004190,MM_54@googlemail.com.,665 824 992
0000004191,E21Bryda@net.com,+48 666 519 347
0000004192,energia_OD_36@gmail.com,+48 22 880 00 38
0000004193,J99Rolek@gmail.com,736 646 335
0000004194,wspólnota_ŁS_74@googlemail.com.,+48 781 751 403
0000004195,matematyka_RW_37@gmail.com,+48 785 255 234
0000004196,B8Burnat@gmail.com,501 658 576
0000004197,Daniel_Siembab_14@net.com,+48 512 427 630
0000004198,Tokaj_Kaja_10kobieta@net.com,501 500 444
0000004199,RK_97@net.com,780 655 386
0000004200,Hass3_Krystyna2@googlemail.com.,576 835 410
,Nikodem_Podgórna_14@googlemail.com,+48 515 200 365
0000004202,E37Siekierka@gmail.com,694 528 962
0000004203,AC_67@net.com,+48 572 568 307
0000004204,Oskroba_Apolonia_7dostęp@net.com,+48 730 796 299
0000004205,Cibor3_Ksawery10@googlemail.com.,534 937 986
0000004206,Nicole_Samol_84@gmail.com,+48 574 313 181
0000004207,Kamieniak_Aleks_2zaraz@googlemail.com.,+48 519 677 889
0000004208,Buchholz_Sara_10starożytny@net.com,698 886 775
0000004209,G74Kołata@net.com,511 613 452
0000004210,składać się_RK_48@gmail.com,22 728 24 32
0000004211,Krystyna_Koźlak_9@googlemail.com.,+48 783 797 946
0000004212,K72Zinkiewicz@gmail.com,22 413 24 92
0000004213,Sara_Berdzik_48@googlemail.com.,795 581 924
0000004214,MK_76@gmail.com,+48 607 069 173
0000004215,stosować_RE_36@gmail.com,572 236 684
0000004216,spać_GK_61@googlemail.com.,+48 508 229 833
0000004217,Galek0_Kamil9@net.com,662 173 524
0000004218,tysiąc_JK_56@googlemail.com.,+48 794 465 279
0000004219,RP_57@googlemail.com.,+48 664 560 002
0000004220,Klara_Gaudyn_40@gmail.com,733 579 287
0000004221,ALEKSANDER_KIJANKA_17@GOOGLEMAIL.COM.,32 067 84 88
0000004222,zgodnie_LM_37@net.com,538 926 000
0000004223,Topa2_Bruno5@googlemail.com.,+48 722 127 688
0000004224,IK_85@googlemail.com.,+48 699 382 046
0000004225,Patryk_Pajdak_99@gmail.com,698 317 031
0000004226,AM_94@net.com,+48 502 624 890
0000004227,Dryka_Klara_2niski@googlemail.com.,536 536 493
0000004228,Bacik_Stefan_4ciemność@googlemail.com.,789 684 323
0000004229,metr_DJ_9@gmail.com,+48 573 591 929
0000004230,K16Karnas@net.com,788 357 157
0000004231,Wichary_Melania_8czynność@googlemail.com.,+48 889 234 336abc
0000004232,Sieja5_Antoni3@net.com,694 746 087
0000004233,Penar_Apolonia_10żywy@googlemail.com.,+48 784 622 182
0000004234,A44Sarosiek@net.com,22 686 23 00
0000004235,córka_OA_35@net.com,+48 697 637 244
0000004236,dziecięcy_FK_6@net.com,+48 667 983 478
0000004237,A87Żmija@net.com,+48 573 619 316
0000004238,Danilczuk_Ada_4pusty@googlemail.com.,530 735 705
0000004239,A3Konat@gmail.com,+48 668 028 358
0000004240,Bembenek5_Krystyna1@gmail.com,+48 693 749 492
,Sara_Wyroba_100,665 668 200
0000004242,trawa_GE_87@net.com,606 481 747
0000004243,NP_48@googlemail.com.,782 808 193
0000004244,AS_68@googlemail.com.,+48 785 411 792
0000004245,Ksawery_Cholewka_6@gmail.com,+48 572 660 372
0000004246,widok_ST_65@gmail.com,+48 32 877 70 92
0000004247,stawiać_ZA_90@googlemail.com.,696 330 100
0000004248,Pik_Bruno_2naukowiec@gmail.com,+48 609 956 625
0000004249,IO_97@gmail.com,785 080 974
0000004250,poważny_DK_85@gmail.com,506 502 927
0000004251,GK_74@googlemail.com.,+48 504 143 404
0000004252,Alan_Kinder_31@gmail.com,881 427 218
0000004253,30_CA_8@net.com,+48 730 099 892
0000004254,Kostorz4_Stanisław2@gmail.com,+48 889 970 214
0000004255,Kaja_Kleinschmidt_26@googlemail.com.,726 187 605
0000004256,Kroczak10_Borys8@net.com,882 280 887
0000004257,Bik_Róża_3interes@gmail.com,886 387 097
0000004258,Olszowa9_Marianna0@net.com,+48 734 704 239
0000004259,Bogaczyk7_Ksawery0@net.com,798 771 380
0000004260,spotkać_SJ_78@googlemail.com.,887 350 187
0000004261,,799 296 85212345678901234567890
0000004262,Mikusek_Kalina_3waluta@googlemail.com.,22 733 75 27
0000004263,R61Baranowicz@net.com,+48 730 946 110
0000004264,Witold_Frącz_94@net.com,519 136 912
0000004265,R43Kłoczko@gmail.com,661 931 664
0000004266,DF_43@gmail.com,+48 603 207 929
0000004267,Wujec_Wiktor_6z powodu@net.com,+48 885 216 665
0000004268,Loba6_Kamila0@net.com,+48 786 365 404
0000004269,Borejko_Kaja_2okres@googlemail.com.,601 967 595
0000004270,narodowość_KI_41@googlemail.com.,512 875 319
0000004271,BK_74@gmail.com,+48 22 684 89 35
0000004272,LA_65@net.com,608 122 307
0000004273,K75Chudoba@gmail.com,+48 533 866 103
0000004274,Kamila_Leonowicz_92@gmail.com,696 710 523
0000004275,Kruszka_Gaja_9zanim@googlemail.com.,+48 781 115 383
0000004276,FO_79@net.com,22 773 69 24
0000004277,telewizja_SR_31@net.com,+48 22 352 38 94
0000004278,widoczny_SJ_86@net.com,785 103 497
0000004279,K46Przeniosło@net.com,607 408 549
0000004280,Krata0_Jeremi4@googlemail.com.,22 086 07 47
,Bzymek9_Mikołaj0@gmail.com,786 064 092
0000004282,przyjemność_BI_13@googlemail.com.,+48 511 765 118
0000004283,medycyna_ZE_11@net.com,+48 22 116 90 17
0000004284,OM_51@gmail.com,32 842 33 51
0000004285,Linda9_Szymon6@googlemail.com.,+48 787 776 991
0000004286,Bartek_Majtczak_35@gmail.com,+48 790 155 083
0000004287,trwały_SJ_80@googlemail.com.,+48 606 734 515
0000004288,Sidorczuk0_Mariusz1@gmail.com,+48 506 189 307
0000004289,Szczypiór_Róża_9gorący@net.com,+48 513 016 365
0000004290,Kusio8_Igor3@gmail.com,+48 607 618 863
0000004291,M41Kordys@net.com,730 968 487
0000004292,L28Czupryna@net.com,882 137 876
0000004293,Knapek4_Aleks9@gmail.com,785 490 640
0000004294,Grosz_Natasza_2zupełnie@net.com,+48 698 649 936
0000004295,Nela_Filas_51@net.com,732 498 755
0000004296,Paweł_Tylek_12@googlemail.com.,535 609 133
0000004297,Kurpanik6_Aniela5@gmail.com,+48 880 859 523
0000004298,E65Humeniuk@net.com,738 173 232
0000004299,AW_10@googlemail.com.,+48 516 284 473
0000004300,filmowy_HO_84@googlemail.com.,+48 508 178 083
0000004301,Kryza0_Konrad4,721 380 758
0000004302,pełen_KE_17@net.com,+48 882 942 868
0000004303,Dziadkiewicz0_Julita8@googlemail.com.,579 180 642
0000004304,dopływ_MA_11@googlemail.com.,+48 512 156 187
0000004305,RK_85@gmail.com,+48 510 887 746
0000004306,samochodowy_UN_61@net.com,+48 575 456 869
0000004307,Jerzy_Kunc_30@net.com,+48 500 729 356
0000004308,Anastazja_Pasztaleniec_2@googlemail.com.,+48 886 105 743
0000004309,Oliwier_Bakun_10@gmail.com,693 265 131
0000004310,godzina_MT_16@googlemail.com.,608 245 152
0000004311,sprzedawać_ŚA_26@net.com,738 615 934
0000004312,ściana_LJ_34@gmail.com,+48 604 756 156
0000004313,Loba3_Konrad2@googlemail.com.,518 997 014
0000004314,sobie_BT_64@googlemail.com.,728 282 369
0000004315,przyszły_CG_38@googlemail.com.,+48 794 235 742
0000004316,Tadeusz_Bytner_88@net.com,+48 514 720 838
0000004317,Krzysztof_Guzdek_83@googlemail.com.,+48 794 946 913
0000004318,KK_49@gmail.com,787 450 550
0000004319,Drej9_Marcin4@googlemail.com.,570 410 896
0000004320,pozbawić_HM_74@gmail.com,570 222 161
,artysta_SK_85@googlemail.com,000000
0000004322,Kandora7_Sonia1@gmail.com,696 853 514
0000004323,Wiktor_Okła_43@net.com,731 848 384
0000004324,Nóżka_Julita_5Jan@googlemail.com.,505 026 984
0000004325,SM_1@gmail.com,798 723 472
0000004326,HC_23@net.com,+48 735 951 984
0000004327,Afganistan_KK_55@net.com,+48 535 722 407
0000004328,MH_44@gmail.com,534 183 388
0000004329,KW_60@net.com,22 588 46 65
0000004330,AT_27@net.com,+48 607 219 965
0000004331,Świerszcz9_Dagmara1@gmail.com,+48 579 901 270
0000004332,Ulfik5_Karina2@gmail.com,784 638 766
0000004333,Dominik_Matura_81@googlemail.com.,32 356 88 55
0000004334,A75Ważna@net.com,737 115 270
0000004335,DA_7@gmail.com,667 665 466
0000004336,M23Fiołka@gmail.com,664 902 944
0000004337,Zawal8_Filip6@net.com,+48 516 023 696
0000004338,M16Matula@gmail.com,+48 668 653 392
0000004339,Żugaj1_Michał1@gmail.com,+48 722 949 370
0000004340,badać_NA_67@gmail.com,+48 726 885 160
0000004341,Róża_Gozdur_17@gmail.com,+48 574 834 709
0000004342,Ada_Łuksza_70@net.com,+48 799 624 645
0000004343,JF_3@gmail.com,22 631 19 66
0000004344,typowy_SJ_79@gmail.com,+48 792 631 984
0000004345,Dietrich_Nicole_6fragment@net.com,538 855 543
0000004346,Witos7_Nicole8@googlemail.com.,+48 506 600 576
0000004347,Hennig_Melania_5właśnie@gmail.com,32 845 26 84
0000004348,minerał_OR_5@googlemail.com.,+48 661 265 995
0000004349,Parda7_Kazimierz5@gmail.com,502 445 412
0000004350,Julita_Pietrasz_92@googlemail.com.,+48 32 379 85 80
0000004351,podstawowy_MJ_88@net.com,
0000004352,TZ_77@net.com,+48 608 950 018
0000004353,Tutka3_Ida3@net.com,+48 727 629 425
0000004354,Angelika_Gierat_20@net.com,+48 512 612 681
0000004355,warunek_HE_47@net.com,32 794 87 65
0000004356,uczyć_KS_3@net.com,+48 693 163 537
0000004357,obraz_GM_24@net.com,+48 720 553 012
0000004358,Stempniak2_Sebastian10@gmail.com,+48 519 397 565
0000004359,Mosiołek1_Róża0@net.com,+48 22 931 86 23
0000004360,Tarach4_Aurelia10@googlemail.com.,+48 736 914 130
, BP_13@gmail.com,577 203 433
0000004362,Gogół3_Dawid0@googlemail.com.,+48 519 311 230
0000004363,Kornelia_Rezler_10@net.com,661 161 222
0000004364,Majdan5_Mateusz3@net.com,22 329 43 09
0000004365,kawałek_PK_23@net.com,+48 535 906 670
0000004366,AP_72@net.com,502 297 087
0000004367,Rasała7_Maksymilian8@googlemail.com.,+48 22 478 96 58
0000004368,Włodarz6_Anna Maria8@googlemail.com.,+48 536 958 567
0000004369,Nabiałek2_Blanka6@googlemail.com.,722 057 260
0000004370,kultura_KE_86@gmail.com,607 655 155
0000004371,Urszula_Mrozowicz_18@gmail.com,515 656 129
0000004372,Maks_Więcławek_65@gmail.com,32 746 18 49
0000004373,AK_68@gmail.com,+48 885 251 884
0000004374,K86Zarzeczna@net.com,+48 794 577 790
0000004375,Zagozda_Kajetan_10służba@gmail.com,+48 518 298 672
0000004376,Łaszcz9_Apolonia0@googlemail.com.,530 560 087
0000004377,ku_SW_11@googlemail.com.,739 683 902
0000004378,zawierać_GA_11@googlemail.com.,+48 507 256 993
0000004379,Borys_Jędrusiak_56@googlemail.com.,884 781 997
0000004380,Zyga8_Nataniel8@gmail.com,539 604 285
0000004381,A64Gronkiewicznet.com,+48 577 217 013
0000004382,Bulak_Tola_2dwa@googlemail.com.,+48 789 258 775
0000004383,Kiepura_Dawid_4wystawa@gmail.com,+48 739 275 612
0000004384,Marcel_Boksa_60@gmail.com,661 410 325
0000004385,Jamrożek4_Malwina4@net.com,793 975 165
0000004386,Artur_Ostręga_24@gmail.com,+48 538 285 825
0000004387,Piotr_Łachacz_98@gmail.com,+48 609 444 910
0000004388,wychodzić_SK_34@net.com,+48 699 131 803
0000004389,Słaba4_Olgierd2@net.com,691 104 995
0000004390,AT_71@net.com,+48 722 883 705
0000004391,Muc_Olga_10wiedza@gmail.com,888 733 320
0000004392,elektryczny_PN_22@net.com,724 044 775
0000004393,D93Rok@net.com,32 652 95 16
0000004394,AG_12@googlemail.com.,668 669 998
0000004395,Stefan_Tyniec_43@net.com,667 820 695
0000004396,Berg_Eliza_5nic@gmail.com,538 993 893
0000004397,Pyszczek_Roksana_7tysiąc@net.com,725 872 784
0000004398,Noszczyk_Antoni_6rezultat@gmail.com,515 078 281
0000004399,J94Wosiak@googlemail.com.,600 112 623
0000004400,Monika_Borysiewicz_9@gmail.com,799 395 274
,Banachowicz2_Jeremi10gmail.com,735 155 856
0000004402,Bojczuk6_Albert0@googlemail.com.,+48 573 691 980
0000004403,Radosław_Ficoń_36@gmail.com,570 638 801
0000004404,Ameryka_WR_100@net.com,+48 577 087 995
0000004405,obywatel_NE_38@net.com,22 008 63 94
0000004406,Labudda5_Mateusz3@gmail.com,+48 509 553 864
0000004407,Machowiak0_Damian2@gmail.com,+48 798 417 563
0000004408,stół_KS_13@gmail.com,+48 504 465 922
0000004409,wieża_AE_79@net.com,+48 694 738 450
0000004410,Watras3_Iwo7@net.com,+48 789 139 304
0000004411,Franas_Adrianna_7coraz@googlemail.com.,  +48 570 658 751
0000004412,Ciepluch_Sonia_4jej@googlemail.com.,+48 22 503 56 22
0000004413,L69Waniek@gmail.com,+48 571 392 200
0000004414,Ewa_Zwara_74@gmail.com,600 039 281
0000004415,E51Linka@googlemail.com.,795 768 475
0000004416,wiedzieć_FR_82@gmail.com,+48 574 936 507
0000004417,M49Ośko@gmail.com,888 084 800
0000004418,S62Sudak@googlemail.com.,+48 32 871 04 99
0000004419,Łobacz9_Ewelina4@gmail.com,+48 502 641 880
0000004420,Perczak_Janina_1090@gmail.com,798 543 944
0000004421,Stempniak6_Klara10@,+48 22 620 01 76
0000004422,Futyma_Marianna_8profesor@net.com,+48 726 448 892
0000004423,Kumorek_Bruno_10polityka@gmail.com,+48 726 607 776
0000004424,Preuss10_Kazimierz5@net.com,882 041 415
0000004425,Anita_Wykręt_51@gmail.com,783 043 624
0000004426,Panicz6_Ada5@gmail.com,+48 504 452 993
0000004427,NB_8@net.com,22 721 04 53
0000004428,I59Pachołek@googlemail.com.,+48 32 378 94 59
0000004429,Sładek8_Roksana3@googlemail.com.,32 105 78 93
0000004430,CW_24@gmail.com,506 631 077
0000004431,BK_81@gmail.com,+48 601 386 092
0000004432,Maciej_Łyczek_83@gmail.com,+48 579 669 263
0000004433,K32Kozdrój@gmail.com,+48 22 077 80 80
0000004434,gdy_GA_79@googlemail.com.,697 628 661
0000004435,Holeksa_Aleksander_6ulegać@gmail.com,722 804 059
0000004436,Kopik3_Franciszek9@gmail.com,+48 505 065 274
0000004437,parlament_BR_14@googlemail.com.,22 496 38 98
0000004438,dobrze_MM_75@net.com,+48 799 748 236
0000004439,odpowiadać_KO_81@googlemail.com.,+48 605 184 625
0000004440,Ziemak8_Damian4@gmail.com,+48 797 973 538
,.wyspa_SG_22@gmail.com,+48 735 646 909
0000004442,Szachniewicz6_Sylwia10@googlemail.com.,669 292 859
0000004443,wieczorem_SJ_100@net.com,884 138 067
0000004444,port_WI_12@googlemail.com.,+48 32 469 75 18
0000004445,TŁ_2@net.com,579 364 859
0000004446,Gajowiak3_Igor7@net.com,+48 508 988 594
0000004447,Jan_Krysta_87@googlemail.com.,668 778 523
0000004448,AS_54@net.com,733 039 695
0000004449,Wasyluk_Olaf_4egzamin@net.com,+48 573 924 619
0000004450,Anita_Tabiś_90@net.com,694 917 293
0000004451,FS_16@googlemail.com.,+48 728 500 489
0000004452,Wójcikiewicz2_Wojciech2@googlemail.com.,+48 516 844 841
0000004453,powodować_KD_53@gmail.com,733 211 171
0000004454,MM_10@gmail.com,22 840 02 41
0000004455,błąd_BJ_84@net.com,787 238 472
0000004456,Dybaś5_Wiktor10@net.com,+48 535 987 966
0000004457,Wyskiel_Karina_1rozmawiać@gmail.com,512 651 057
0000004458,te_BO_90@net.com,+48 32 938 22 00
0000004459,AK_90@gmail.com,+48 887 148 352
0000004460,Julita_Duszczyk_36@net.com,+48 32 299 08 89
0000004461,Gregorowicz_Sylwia_6lew@example..com,513 602 505
0000004462,brudny_FS_41@googlemail.com.,+48 530 406 829
0000004463,Marek_Ulrych_18@net.com,+48 572 061 188
0000004464,Strzyż10_Paweł10@googlemail.com.,604 744 883
0000004465,Dagmara_Tylka_100@googlemail.com.,+48 786 045 833
0000004466,K2Golon@net.com,+48 22 932 31 04
0000004467,broń_MG_39@gmail.com,538 385 490
0000004468,Bohdanowicz_Kaja_3Pan@googlemail.com.,32 102 54 10
0000004469,Pal1_Kornelia9@net.com,+48 515 154 311
0000004470,radość_BS_100@net.com,720 416 717
0000004471,Nazarko_Anna Maria_8wyjść@net.com,  +48 787 930 405
0000004472,SM_41@googlemail.com.,+48 22 830 92 17
0000004473,Foremniak8_Adam5@gmail.com,+48 793 469 871
0000004474,robotnik_LB_42@gmail.com,780 402 448
0000004475,Marianna_Starzak_26@net.com,+48 695 693 892
0000004476,Franczuk_Róża_4dobrze@gmail.com,32 694 30 60
0000004477,okno_ST_6@net.com,+48 786 695 800
0000004478,R35Działa@googlemail.com.,798 597 832
0000004479,IS_20@googlemail.com.,+48 32 251 35 72
0000004480,Borys_Latek_62@gmail.com,579 751 504
, AK_86@googlemail.com.,739 359 396
0000004482,zaburzenie_PE_17@googlemail.com.,+48 737 045 051
0000004483,Liwia_Cieniuch_95@gmail.com,515 485 146
0000004484,J17Gosek@net.com,+48 32 243 55 99
0000004485,Mijas10_Melania3@net.com,+48 788 159 421
0000004486,Keler7_Nikodem9@gmail.com,+48 535 345 129
0000004487,Godzwon8_Dominik7@googlemail.com.,889 223 906
0000004488,Jezior6_Miłosz10@googlemail.com.,+48 731 404 967
0000004489,Rzeźniczek7_Melania6@gmail.com,787 278 018
0000004490,K83Zagrajek@googlemail.com.,+48 728 897 527
0000004491,Wolańczyk_Alex_1hasło@gmail.com,+48 509 768 925
0000004492,pszczoła_TA_30@googlemail.com.,664 840 204
0000004493,Stanisławek1_Oliwier0@googlemail.com.,+48 725 762 531
0000004494,Szelest_Olaf_3kula@gmail.com,+48 797 210 927
0000004495,Długozima_Konstanty_1świat@net.com,+48 880 513 917
0000004496,KO_53@gmail.com,+48 697 340 413
0000004497,Wojtarowicz_Eliza_4ktoś@googlemail.com.,791 586 351
0000004498,Damek_Ada_1domowy@gmail.com,502 390 260
0000004499,Stawowczyk3_Kornel8@net.com,32 160 88 99
0000004500,Miętka_Oskar_5bok@gmail.com,722 683 342
0000004501,wiersz_SB_7 @gmail.com,+48 503 231 236
0000004502,alfabet_GA_30@gmail.com,692 549 285
0000004503,cukier_PD_12@googlemail.com.,889 927 833
0000004504,Urszula_Gregorczuk_40@net.com,32 008 15 65
0000004505,zdolny_KK_88@net.com,+48 727 600 483
0000004506,Rajczyk_Marek_6mąż@net.com,+48 690 713 741
0000004507,Lidia_Bogaczyk_80@gmail.com,+48 884 081 793
0000004508,Boduch9_Filip0@googlemail.com.,576 440 051
0000004509,wykorzystywać_MK_5@googlemail.com.,606 165 830
0000004510,Gabriel_Polakiewicz_3@googlemail.com.,+48 668 491 774
0000004511,Berek2_Juliusz10@net.com,+48 532 620 379
0000004512,głęboki_BJ_64@googlemail.com.,+48 784 242 350
0000004513,Aleks_Steckiewicz_65@net.com,574 990 884
0000004514,Zagrajek_Kacper_2poprzez@gmail.com,+48 726 223 694
0000004515,Olga_Bortkiewicz_93@net.com,32 779 93 94
0000004516,Szczerbiak0_Tomasz0@googlemail.com.,781 402 007
0000004517,przed_BS_85@net.com,+48 720 138 291
0000004518,Maurycy_Garbaciak_2@googlemail.com.,+48 883 639 114
0000004519,Kieloch2_Roksana1@net.com,507 009 743
0000004520,Misiarz_Krystyna_5kwestia@gmail.com,738 965 664
,Norbert_Kieloch_2,+48 726 509 818
0000004522,Potoczna9_Angelika5@net.com,661 169 898
0000004523,Reichel4_Inga1@net.com,+48 576 874 854
0000004524,L11Molek@net.com,+48 600 706 435
0000004525,Fac_Olga_10papież@googlemail.com.,+48 696 441 903
0000004526,stary_DA_22@googlemail.com.,+48 570 426 599
0000004527,N31Stoch@googlemail.com.,+48 784 596 056
0000004528,MM_63@net.com,+48 738 549 225
0000004529,Angelika_Brzykcy_67@net.com,518 735 734
0000004530,Garczyk8_Adam2@gmail.com,+48 500 812 160
0000004531,EB_92@gmail.com,abc+48 727 837 815
0000004532,tkanina_KM_84@googlemail.com.,+48 781 776 725
0000004533,Chlebek_Dariusz_5mowa@net.com,574 073 329
0000004534,Duczmal_Anna Maria_1czyli@googlemail.com.,+48 663 942 757
0000004535,AW_41@googlemail.com.,+48 518 255 427
0000004536,PT_51@net.com,32 789 77 89
0000004537,Agnieszka_Macek_72@googlemail.com.,509 080 023
0000004538,Ryszard_Wziątek_32@net.com,+48 576 736 235
0000004539,statek_CP_51@googlemail.com.,695 342 513
0000004540,J28Gaś@net.com,+48 531 403 490
0000004541,,+48 518 056 933
0000004542,DA_72@googlemail.com.,+48 885 917 957
0000004543,Witaszek3_Sonia7@gmail.com,+48 535 363 866
0000004544,Tereszkiewicz2_Krystian1@net.com,+48 606 210 846
0000004545,pole_JJ_60@googlemail.com.,+48 571 344 944
0000004546,Liwia_Woroch_3@gmail.com,888 236 994
0000004547,Julian_Dziadura_3@googlemail.com.,502 859 420
0000004548,O86Popielarczyk@net.com,+48 667 766 959
0000004549,Fąferek_Błażej_9ludowy@net.com,+48 505 750 849
0000004550,Karina_Wawrzynkiewicz_95@googlemail.com.,+48 534 559 578
0000004551,Szczubełek1_Kacper6@net.com,736 848 645
0000004552,Ruszczak_Jakub_6ten sam@googlemail.com.,+48 530 986 198
0000004553,Damian_Anders_61@googlemail.com.,+48 22 270 05 88
0000004554,Nicole_Broniek_8@net.com,+48 721 479 093
0000004555,wódka_PO_74@net.com,739 682 848
0000004556,AP_66@gmail.com,798 809 546
0000004557,Kobryń_Bianka_6płacić@net.com,883 144 473
0000004558,A82Pietrus@net.com,+48 795 154 415
0000004559,duży_KM_64@net.com,733 841 824
0000004560,czterdzieści_TB_46@gmail.com,22 519 22 23
,Małota_Maurycy_10każdy@gmail.com,123
0000004562,J66Siwka@googlemail.com.,+48 782 903 947
0000004563,OK_13@net.com,664 283 097
0000004564,Szymanik_Michał_9papież@net.com,532 168 365
0000004565,Dadej_Patryk_5dzielić@net.com,+48 32 583 87 60
0000004566,Byra_Sonia_1pomieszczenie@gmail.com,736 468 498
0000004567,M11Chlebek@net.com,695 907 954
0000004568,PZ_94@gmail.com,+48 22 912 84 53
0000004569,twardy_KT_13@net.com,728 439 741
0000004570,niezwykły_HD_11@net.com,571 229 141
0000004571,Listwan_Angelika_4rana@gmail.com,+48 532 034 223
0000004572,Kornel_Pera_97@gmail.com,668 287 683
0000004573,pokryć_FW_2@net.com,+48 731 550 909
0000004574,rower_TS_54@gmail.com,+48 530 604 301
0000004575,SS_63@googlemail.com.,+48 791 879 488
0000004576,Paczos6_Mikołaj8@googlemail.com.,536 726 711
0000004577,Powierża_Jan_5zdarzenie@net.com,780 767 163
0000004578,Rup_Kalina_10toponim@gmail.com,+48 32 089 05 67
0000004579,Palej6_Miłosz3@gmail.com,669 890 894
0000004580,Dyczko5_Kornel10@net.com,+48 605 620 641
0000004581,Mazepa_Artur_10więzienie@@googlemail.com.,729 090 887
0000004582,KF_30@net.com,692 161 172
0000004583,Borysiak_Angelika_10czapka@net.com,22 406 87 59
0000004584,Blanka_Kozień_3@googlemail.com.,603 991 340
0000004585,Konrad_Wojniak_22@net.com,736 344 823
0000004586,Rozalia_Wójcikiewicz_41@googlemail.com.,+48 570 581 646
0000004587,Nawrotek_Natan_3most@googlemail.com.,+48 695 403 441
0000004588,A47Ładniak@googlemail.com.,+48 739 820 198
0000004589,Gowin_Lidia_6pomóc@net.com,508 500 785
0000004590,KD_15@googlemail.com.,+48 788 331 188
0000004591,Siewiera_Roksana_2słaby@googlemail.com.,
0000004592,Szczap_Krzysztof_1cebula@googlemail.com.,720 899 672
0000004593,AK_45@gmail.com,511 410 839
0000004594,Cierpisz_Jakub_7odzież@googlemail.com.,+48 600 142 786
0000004595,Przemysław_Prochownik_84@gmail.com,790 426 249
0000004596,Lament6_Sylwia10@net.com,+48 780 054 759
0000004597,noga_LB_38@gmail.com,572 122 249
0000004598,Agnieszka_Nieradzik_42@net.com,725 491 719
0000004599,Karina_Szymańczyk_75@gmail.com,+48 785 784 345
0000004600,proces_FM_59@gmail.com,+48 784 009 808
,Gajcy4_Tomasz1gmail.com,662 106 871
0000004602,KK_42@net.com,571 196 582
0000004603,M9Prucnal@net.com,+48 727 253 442
0000004604,Miśko5_Jerzy0@googlemail.com.,516 308 293
0000004605,właściwy_CR_29@googlemail.com.,537 392 637
0000004606,DS_23@gmail.com,+48 502 048 096
0000004607,dostęp_WA_48@googlemail.com.,574 326 704
0000004608,Jędrzej_Suchoń_83@net.com,32 686 31 62
0000004609,Nicole_Pronobis_56@googlemail.com.,784 578 897
0000004610,Gryka_Ryszard_8budynek@googlemail.com.,793 313 614
0000004611,Piotr_Golisz_43@gmail.com,+48 799 457 839
0000004612,M66Sommerfeld@gmail.com,504 328 559
0000004613,zachowanie_PD_92@net.com,512 932 565
0000004614,Augustynek_Dominik_8nos@googlemail.com.,+48 605 416 131
0000004615,chronić_DJ_27@gmail.com,+48 32 123 34 09
0000004616,KW_43@net.com,502 611 569
0000004617,AB_41@net.com,+48 695 631 902
0000004618,M100Futyma@googlemail.com.,+48 697 821 064
0000004619,O95Kałwak@googlemail.com.,793 261 243
0000004620,J50Dobrosz@gmail.com,+48 534 424 354
0000004621,Hołubowicz10_Marika4@net.com ,
0000004622,wierny_UE_8@googlemail.com.,+48 690 435 897
0000004623,Apolonia_Brzeźniak_5@gmail.com,+48 504 865 519
0000004624,Leoniak2_Bianka3@gmail.com,692 683 103
0000004625,Kuzia_Tola_6forma@net.com,+48 790 564 067
0000004626,K76Cyrulik@gmail.com,+48 662 046 289
0000004627,poprzez_MS_38@gmail.com,+48 601 310 302
0000004628,Fabian_Such_43@googlemail.com.,+48 729 605 845
0000004629,Kapera10_Marcelina3@net.com,+48 791 576 213
0000004630,S51Lazarek@net.com,+48 573 770 120
0000004631,Rogacz_Nicole_10istnienie@googlemail.com.,+48 32 390 95 93
0000004632,ślub_PD_34@gmail.com,+48 886 776 320
0000004633,Penar_Urszula_3dorosły@gmail.com,+48 793 846 668
0000004634,Trybus3_Julita1@gmail.com,+48 602 148 457
0000004635,M25Kutek@googlemail.com.,22 204 43 05
0000004636,Blanka_Fogiel_10@googlemail.com.,+48 881 957 396
0000004637,RT_24@gmail.com,+48 884 124 241
0000004638,Leszczuk_Tomasz_3narkotyk@net.com,798 717 674
0000004639,SC_65@net.com,+48 882 825 488
0000004640,S41Waszczyk@googlemail.com.,+48 537 516 442
,Czerniakiewicz0_Adam3gmail.com,22 786 31 79
0000004642,Artur_Morawiak_97@googlemail.com.,+48 32 644 30 52
0000004643,Czupryna_Radosław_280@googlemail.com.,517 003 793
0000004644,Natasza_Gmurczyk_99@googlemail.com.,572 155 319
0000004645,KB_31@googlemail.com.,+48 577 591 312
0000004646,Majorek9_Ewelina1@googlemail.com.,+48 881 395 026
0000004647,wilk_LR_89@gmail.com,+48 793 411 752
0000004648,kierować_SD_74@net.com,515 263 932
0000004649,Maks_Pielka_41@googlemail.com.,22 359 45 24
0000004650,M38Galek@gmail.com,537 752 252
0000004651,Szczypiór_Jakub_8raz@net.com,123
0000004652,RD_46@gmail.com,605 560 773
0000004653,Wujek_Adrian_5lub@googlemail.com.,22 306 08 23
0000004654,Oleksik_Aurelia_9futro@googlemail.com.,730 677 826
0000004655,AB_86@net.com,+48 577 118 831
0000004656,J21Płocharczyk@net.com,+48 668 188 393
0000004657,S4Kuświk@gmail.com,694 663 140
0000004658,Podeszwa_Hubert_3ilość@net.com,693 745 257
0000004659,Liwia_Wyroba_91@gmail.com,725 621 431
0000004660,Marcel_Czubaj_47@gmail.com,+48 880 101 317
0000004661,JE_48@googlemail.com. ,+48 509 968 774
0000004662,AT_75@gmail.com,+48 517 803 092
0000004663,Bembenek6_Anastazja9@gmail.com,+48 572 059 145
0000004664,N22Doktór@net.com,+48 726 113 843
0000004665,FT_41@gmail.com,+48 735 101 078
0000004666,Gajdzik1_Aurelia5@googlemail.com.,32 193 59 87
0000004667,MM_41@net.com,+48 22 886 62 88
0000004668,AS_75@gmail.com,+48 665 505 536
0000004669,KW_29@gmail.com,579 037 282
0000004670,Ośko1_Bianka3@googlemail.com.,+48 32 309 64 95
0000004671,Wabik_Emil_8poczta@googlemail.com.,+48 573 375 623
0000004672,UJ_88@net.com,+48 783 892 546
0000004673,minerał_KE_45@googlemail.com.,+48 882 188 987
0000004674,Dyka_Cyprian_6niezwykły@googlemail.com.,780 442 190
0000004675,Boguś_Jerzy_5niebieski@gmail.com,+48 729 005 096
0000004676,Szczypiór_Paweł_4daleko@googlemail.com.,886 008 293
0000004677,Fryderyk_Kołak_47@gmail.com,+48 783 956 756
0000004678,KZ_80@gmail.com,+48 609 412 339
0000004679,Kamila_Jankowicz_85@net.com,532 894 461
0000004680,Dziób2_Apolonia10@net.com,+48 723 677 201
,,+48 694 952 19012345678901234567890
0000004682,Staniczek_Monika_4igła@net.com,512 619 914
0000004683,Julianna_Golak_80@gmail.com,+48 881 243 367
0000004684,IA_36@net.com,+48 607 366 278
0000004685,MM_45@googlemail.com.,578 388 338
0000004686,Jacek_Mądrzak_100@googlemail.com.,736 500 664
0000004687,K91Gołek@googlemail.com.,509 319 650
0000004688,P45Fogt@googlemail.com.,880 845 376
0000004689,Maciej_Suchenek_77@googlemail.com.,738 359 929
0000004690,Noszczyk_Radosław_42@net.com,+48 661 923 761
0000004691,Hutnik_Apolonia_7pani@gmail.com,799 433 718
0000004692,Piaseczna_Kamila_1rzymski@gmail.com,789 743 668
0000004693,K7Wojcik@net.com,+48 32 852 92 75
0000004694,Olaf_Gendek_70@net.com,+48 724 385 754
0000004695,A15Pogorzelec@gmail.com,+48 798 843 594
0000004696,U79Czopik@net.com,500 820 627
0000004697,R37Łasak@gmail.com,720 770 304
0000004698,DZ_63@gmail.com,+48 32 421 61 71
0000004699,KK_55@googlemail.com.,799 888 936
0000004700,MB_31@googlemail.com.,792 601 054
0000004701,Andruszko_Adrian_5moment@net.com,+48 503 237 897
0000004702,Ewa_Kulis_1@googlemail.com.,604 950 587
0000004703,gleba_GA_47@net.com,32 992 87 21
0000004704,NP_21@googlemail.com.,577 201 090
0000004705,Michał_Kudłacik_73@googlemail.com.,+48 727 902 544
0000004706,JO_37@net.com,667 392 119
0000004707,Dziugieł_Natan_2pójść@gmail.com,794 884 054
0000004708,Marika_Hołota_95@gmail.com,+48 579 295 967
0000004709,JW_14@googlemail.com.,+48 721 143 117
0000004710,intensywny_KJ_16@net.com,790 138 859
0000004711,Zębik_Dariusz_7cały@gmail.com, 579 976 149
0000004712,Kajetan_Lenda_74@gmail.com,+48 796 863 522
0000004713,związek_KA_87@net.com,888 842 504
0000004714,pamiętać_MR_45@gmail.com,570 477 282
0000004715,działanie_SJ_92@net.com,+48 504 625 762
0000004716,Gasz6_Jacek0@googlemail.com.,32 011 20 25
0000004717,kieszeń_WI_64@googlemail.com.,+48 698 385 692
0000004718,na przykład_MT_99@net.com,699 250 383
0000004719,SJ_36@googlemail.com.,605 712 546
0000004720,Brzęk_Apolonia_10rasa@net.com,+48 32 986 05 50
,KIEŁBIK6_KARINA3@GOOGLEMAIL.COM.,+48 506 771 601
0000004722,Ofiara_Blanka_3w wyniku@googlemail.com.,604 983 791
0000004723,Rusiniak_Dorota_4znany@googlemail.com.,727 196 257
0000004724,koło_SJ_31@net.com,+48 602 934 911
0000004725,Saran_Elżbieta_9obchodzić@gmail.com,+48 538 404 800
0000004726,J21Labudda@gmail.com,798 484 900
0000004727,atmosfera_PA_32@googlemail.com.,579 941 431
0000004728,C91Wziątek@net.com,+48 739 150 558
0000004729,przestrzeń_BM_3@gmail.com,+48 577 561 187
0000004730,Szymon_Szczepaniec_41@gmail.com,+48 666 666 911
0000004731,Tomasz_Jarkiewicz_45@gmail.com,+48 780 397 959
0000004732,styl_FT_30@net.com,+48 511 769 823
0000004733,D36Niemira@googlemail.com.,+48 535 468 475
0000004734,Jacek_Kuszyk_79@net.com,538 248 892
0000004735,SL_27@gmail.com,+48 781 084 295
0000004736,KT_66@net.com,787 173 598
0000004737,Fedak1_Patryk7@net.com,+48 796 634 484
0000004738,Bluszcz9_Lidia0@gmail.com,+48 783 622 834
0000004739,Ziarnik_Olgierd_9ciężki@net.com,888 744 873
0000004740,rachunek_PB_29@gmail.com,509 264 285
0000004741,M67Bieniakgmail.com, 22 730 69 39
0000004742,AŚ_70@gmail.com,578 200 766
0000004743,M16Błażejak@gmail.com,880 331 430
0000004744,Kapral_Olga_1ten@gmail.com,+48 692 021 123
0000004745,Łuczyk_Urszula_8mąka@net.com,+48 731 947 943
0000004746,Szczepaniuk_Kamila_1Stany Zjednoczone@googlemail.com.,+48 883 591 741
0000004747,minuta_FA_57@gmail.com,533 671 295
0000004748,Stanisławek_Aleks_7banknot@gmail.com,720 494 946
0000004749,JW_23@gmail.com,+48 797 401 566
0000004750,Pyrz0_Jakub5@googlemail.com.,731 372 854
0000004751,Tutka3_Józef4@gmail.com,501 193 571
0000004752,Pachla6_Ewelina6@googlemail.com.,+48 605 956 653
0000004753,Mieloch_Jan_1społeczeństwo@googlemail.com.,32 610 91 95
0000004754,Matus_Patryk_5instrument@googlemail.com.,504 169 230
0000004755,T37Widłak@net.com,+48 666 186 450
0000004756,Budzeń_Tymoteusz_2idea@googlemail.com.,661 280 873
0000004757,N56Ruchała@net.com,+48 667 295 363
0000004758,Jasionek_Kalina_2dostęp@googlemail.com.,789 505 663
0000004759,Janina_Połetek_30@googlemail.com.,573 394 636
0000004760,Nela_Węgrzyk_42@googlemail.com.,+48 795 471 406
,AN_86@googlemail.com,601 219 433
0000004762,Doroszuk_Julian_6pani@googlemail.com.,+48 513 711 625
0000004763,N22Hampel@gmail.com,+48 698 434 908
0000004764,JŻ_65@googlemail.com.,+48 601 768 608
0000004765,odpowiedź_GE_28@net.com,+48 734 312 021
0000004766,K52Małys@gmail.com,+48 669 493 122
0000004767,900_ZD_40@net.com,+48 534 471 645
0000004768,Roter_Dorota_3otwarty@googlemail.com.,793 086 914
0000004769,Monika_Kornet_3@googlemail.com.,32 159 11 49
0000004770,NS_17@gmail.com,798 256 390
0000004771,Gęca1_Jerzy5@googlemail.com.,++736 996 915
0000004772,MK_36@net.com,605 043 487
0000004773,BP_27@net.com,+48 603 046 868
0000004774,TZ_63@gmail.com,+48 500 264 942
0000004775,Aleksander_Żołądź_61@net.com,+48 887 709 695
0000004776,JS_88@gmail.com,+48 573 234 308
0000004777,NP_72@gmail.com,+48 579 083 101
0000004778,Droździk_Bruno_4niewolnik@googlemail.com.,+48 572 775 523
0000004779,KP_39@googlemail.com.,+48 533 896 755
0000004780,BM_29@net.com,699 227 615
0000004781, Nickel_Mieszko_4różowy@googlemail.com.,+48 32 345 72 01
0000004782,Machniak6_Jan2@net.com,+48 603 525 312
0000004783,poruszać_BE_58@net.com,727 089 318
0000004784,N54Krzeszowiec@gmail.com,695 495 509
0000004785,K35Grys@net.com,+48 577 517 573
0000004786,Capała_Adrianna_2mrówka@gmail.com,+48 889 128 951
0000004787,Pasieczna_Krystyna_5moment@net.com,+48 505 888 745
0000004788,Stawowczyk3_Ada10@googlemail.com.,692 321 659
0000004789,tracić_BS_62@googlemail.com.,+48 600 166 373
0000004790,Lenda2_Julianna1@gmail.com,729 094 741
0000004791,Poreda10_Marianna1@gmail.com,798 004 316
0000004792,bydło_SI_32@googlemail.com.,+48 780 663 032
0000004793,Pela3_Jędrzej7@gmail.com,+48 797 724 861
0000004794,Danel8_Jeremi8@net.com,+48 735 341 307
0000004795,Cieloch_Sylwia_2Afganistan@googlemail.com.,695 482 440
0000004796,N10Majczyna@gmail.com,506 669 640
0000004797,ED_51@googlemail.com.,+48 22 541 16 59
0000004798,T33Wrześniak@googlemail.com.,784 254 207
0000004799,Wikło2_Karina5@googlemail.com.,+48 723 117 723
0000004800,Marcel_Garbaciak_5@net.com,536 758 409
,Ewelina_Piszcz_88@net.com,++48 783 568 366
0000004802,tytoń_MN_99@net.com,798 624 298
0000004803,Aurelia_Kusztal_52@googlemail.com.,605 303 388
0000004804,K82Wojtanowicz@gmail.com,784 543 615
0000004805,M39Malecha@net.com,22 190 54 36
0000004806,K47Klaus@net.com,+48 607 295 121
0000004807,JŻ_79@googlemail.com.,606 284 497
0000004808,Czerniakiewicz_Olgierd_3zakończenie@net.com,+48 732 073 899
0000004809,nigdy_ME_35@gmail.com,699 833 255
0000004810,Dynak4_Maksymilian3@googlemail.com.,511 489 411
0000004811,J90Bawoł@gmail.com,735 510 583
0000004812,szklanka_BS_1@googlemail.com.,727 223 992
0000004813,Błasik1_Dawid8@gmail.com,+48 694 949 071
0000004814,pani_SK_44@googlemail.com.,+48 727 849 983
0000004815,Karina_Panuś_74@gmail.com,+48 880 492 329
0000004816,JH_53@gmail.com,+48 732 714 175
0000004817,Dąbkiewicz7_Robert1@googlemail.com.,+48 574 587 519
0000004818,Pesta_Fryderyk_5badać@gmail.com,+48 882 277 835
0000004819,Otremba5_Miłosz6@googlemail.com.,662 286 337
0000004820,E15Ławniczek@googlemail.com.,+48 505 310 038
0000004821,AC_69@net.com ,22 236 26 51
0000004822,lekki_MD_80@googlemail.com.,+48 32 254 84 89
0000004823,przejść_ŁP_87@net.com,+48 669 425 817
0000004824,N33Groth@net.com,726 842 403
0000004825,A15Kolarz@net.com,32 908 54 35
0000004826,Ada_Kopciuch_95@net.com,+48 535 411 306
0000004827,Wiencek_Aniela_7to@googlemail.com.,+48 696 051 041
0000004828,przez_KM_16@gmail.com,692 029 883
0000004829,sądowy_KN_22@gmail.com,666 104 917
0000004830,głupek_SE_25@googlemail.com.,729 184 965
0000004831,LK_55@gmail.com,
0000004832,Parkitna10_Sara2@googlemail.com.,+48 720 180 375
0000004833,Szarzec8_Karina8@net.com,502 357 000
0000004834,NF_90@googlemail.com.,578 955 890
0000004835,Róża_Perka_62@googlemail.com.,+48 509 452 765
0000004836,JK_69@gmail.com,729 170 091
0000004837,Okła_Józef_7zdolny@net.com,+48 735 170 074
0000004838,Ida_Bąbol_88@net.com,+48 22 415 65 01
0000004839,Koperek0_Kornel6@gmail.com,22 939 94 86
0000004840,kieszeń_PD_75@googlemail.com.,600 174 759
,Bazydło_Kalina_9żabagooglemail.com.,+48 698 744 325
0000004842,Piwowarek0_Dominik4@gmail.com,+48 783 630 413
0000004843,Spólnik_Aurelia_4owca@net.com,732 085 064
0000004844,AN_10@gmail.com,570 577 335
0000004845,litera_TH_40@gmail.com,+48 697 257 212
0000004846,Stawczyk1_Hubert4@googlemail.com.,+48 510 973 557
0000004847,zasada_KE_12@gmail.com,+48 695 829 789
0000004848,wysokość_BL_75@net.com,665 494 071
0000004849,Galik_Elżbieta_8deska@googlemail.com.,+48 22 537 84 18
0000004850,Bakiera_Jędrzej_8policzek@net.com,+48 32 628 11 37
0000004851,Witold_Klęczar_43@gmail.com,661 366 915
0000004852,Juliusz_Naglik_65@net.com,+48 732 392 755
0000004853,Dziewior_Borys_3styl@net.com,+48 575 682 382
0000004854,K5Niewola@googlemail.com.,+48 730 913 976
0000004855,Jamroży0_Oskar3@net.com,+48 574 618 157
0000004856,Adrianna_Kliszcz_21@gmail.com,884 475 777
0000004857,Kusyk_Jakub_2środek@googlemail.com.,+48 692 518 557
0000004858,wieś_MB_26@net.com,513 438 283
0000004859,Budkiewicz_Emil_6kaczka@net.com,+48 530 296 066
0000004860,AH_99@googlemail.com.,511 710 822
0000004861, PS_56@gmail.com,+22 657 04 00
0000004862,DA_97@net.com,+48 794 335 909
0000004863,Such8_Julita0@googlemail.com.,+48 733 943 098
0000004864,Bieszke6_Marek9@net.com,506 469 379
0000004865,gość_BT_12@gmail.com,697 844 719
0000004866,B96Białk@gmail.com,697 377 919
0000004867,napisać_PE_36@net.com,880 824 091
0000004868,Kopyto_Marianna_5miód@gmail.com,792 132 454
0000004869,AG_72@googlemail.com.,508 511 611
0000004870,komputer_KB_34@net.com,+48 506 798 767
0000004871,EM_42@gmail.com,+48 515 741 408
0000004872,Kuster_Maksymilian_1wiersz@net.com,517 701 593
0000004873,PK_30@gmail.com,793 080 980
0000004874,JH_51@gmail.com,+48 508 223 039
0000004875,Deryło4_Janina5@net.com,733 845 015
0000004876,Wojtoń_Liwia_7Azja@gmail.com,+48 32 173 52 43
0000004877,MS_25@net.com,696 800 312
0000004878,A11Thiel@net.com,+48 669 442 834
0000004879,EE_22@gmail.com,+48 22 300 12 15
0000004880,A68Obiała@googlemail.com.,511 610 485
,Blanka_Potoczek_92@googlemail.com,885 254 952
0000004882,Inga_Stawinoga_41@googlemail.com.,880 272 889
0000004883,wynosić_SK_26@googlemail.com.,22 692 20 73
0000004884,FŁ_96@googlemail.com.,791 221 484
0000004885,A99Nitek@googlemail.com.,515 174 902
0000004886,Pietrus3_Ada10@gmail.com,784 752 889
0000004887,Strzyż_Tola_5zapach@googlemail.com.,501 986 209
0000004888,zachodni_SR_40@googlemail.com.,+48 781 607 811
0000004889,Wydrych_Olgierd_8prywatny@googlemail.com.,668 984 346
0000004890,J56Słabosz@gmail.com,+48 22 324 73 78
0000004891,Stempel_Alan_3daleko@gmail.com,+48 667 482 970
0000004892,Nataniel_Pela_51@gmail.com,535 297 071
0000004893,Dułak9_Alex8@net.com,780 774 405
0000004894,Bandyk_Artur_3rower@net.com,782 592 771
0000004895,Ada_Wisz_39@net.com,+48 32 890 84 21
0000004896,Witka_Eliza_6kwestia@googlemail.com.,734 602 947
0000004897,A81Pindral@net.com,+48 32 275 37 59
0000004898,Jerzy_Ufnal_83@net.com,600 948 494
0000004899,Bugiel2_Aleks10@gmail.com,+48 510 575 142
0000004900,wszyscy_BD_83@gmail.com,+48 577 557 219
0000004901,@gmail.com,727 177 507
0000004902,Skubis7_Sebastian9@net.com,535 294 271
0000004903,O95Kulus@net.com,+48 532 764 212
0000004904,PC_92@googlemail.com.,505 960 296
0000004905,SC_37@net.com,+48 798 908 442
0000004906,Jędral_Klara_9pióro@net.com,+48 732 792 189
0000004907,W52Gogol@googlemail.com.,+48 502 388 091
0000004908,Chatys4_Aleksander9@gmail.com,698 740 473
0000004909,ES_70@net.com,782 993 127
0000004910,Melania_Czubaj_78@net.com,+48 663 493 777
0000004911,Chylak_Agnieszka_2go@net.com,22 261 66 15
0000004912,KM_90@gmail.com,574 407 870
0000004913,Zegadło3_Kornelia10@gmail.com,+48 537 155 535
0000004914,I16Rubin@googlemail.com.,888 464 508
0000004915,Wacławczyk_Maciej_5deszcz@gmail.com,+48 732 625 909
0000004916,Drobek_Jędrzej_7zająć@net.com,32 354 14 84
0000004917,Karina_Kijanka_84@googlemail.com.,+48 780 594 994
0000004918,A97Wikło@googlemail.com.,+48 503 121 367
0000004919,IM_62@googlemail.com.,22 243 70 43
0000004920,SK_22@net.com,+48 572 770 677
,Józef_Pietrewicz_77gmail.com,+48 790 031 760
0000004922,Chomiak_Janina_4ciasto@gmail.com,736 428 784
0000004923,Batóg8_Marianna5@gmail.com,+48 512 305 855
0000004924,Malon5_Kamil10@net.com,+48 32 906 54 29
0000004925,Eryk_Raźniak_68@googlemail.com.,780 259 567
0000004926,NN_58@googlemail.com.,+48 882 964 322
0000004927,wywołać_ZA_63@net.com,+48 519 599 314
0000004928,JB_44@gmail.com,797 303 432
0000004929,Piszcz6_Monika9@googlemail.com.,+48 514 732 208
0000004930,Karol_Kucz_96@googlemail.com.,+48 665 743 478
0000004931,Kruś_Nikodem_4literacki@googlemail.com.,+48 792 940 978
0000004932,Grupa2_Jeremi4@gmail.com,508 548 775
0000004933,Dariusz_Konstanty_52@net.com,22 191 91 83
0000004934,Mikołaj_Osada_73@net.com,782 728 978
0000004935,Szczypek_Karol_5szczęśliwy@gmail.com,+48 697 650 600
0000004936,Bacia0_Mateusz8@net.com,539 537 067
0000004937,Golon9_Aurelia3@googlemail.com.,+48 888 639 411
0000004938,Kamil_Hałka_82@gmail.com,532 758 196
0000004939,Oskar_Kruszka_88@googlemail.com.,+48 885 925 913
0000004940,AS_28@net.com,+48 797 002 301
0000004941, M66Jędrzejek@net.com,535 503 266
0000004942,UK_65@gmail.com,+48 881 152 115
0000004943,energia_CJ_6@net.com,+48 601 675 863
0000004944,potem_AS_58@net.com,32 444 39 11
0000004945,S31Kulczak@net.com,780 234 509
0000004946,Żmija0_Krystyna7@googlemail.com.,32 502 63 81
0000004947,Grzegorzak_Antoni_9dziecko@gmail.com,+48 536 698 386
0000004948,M91Siedlaczek@googlemail.com.,+48 794 765 081
0000004949,Miotke9_Monika0@net.com,+48 603 876 748
0000004950,Piekacz_Julita_1dużo@googlemail.com.,792 211 430
0000004951,Klęczar_Anna Maria_5sala@googlemail.com.,
0000004952,Daniel_Nyk_82@gmail.com,721 955 643
0000004953,J93Kuropatwa@googlemail.com.,+48 661 772 204
0000004954,Pierz1_Natasza9@googlemail.com.,+48 695 915 079
0000004955,EF_32@gmail.com,535 074 304
0000004956,Dania_TI_2@googlemail.com.,+48 575 132 638
0000004957,K38Bartela@gmail.com,+48 507 324 167
0000004958,NK_97@gmail.com,731 141 033
0000004959,obywatel_RJ_66@net.com,+48 605 211 175
0000004960,środowisko_BG_82@gmail.com,+48 723 223 585
,M100Ziółko@@gmail.com,+48 783 523 231
0000004962,Bondaruk0_Malwina9@googlemail.com.,+48 511 561 367
0000004963,Tomasz_Zgoła_97@gmail.com,32 813 20 58
0000004964,Kraków_SW_27@net.com,+48 696 726 764
0000004965,utrzymywać_KP_17@net.com,609 262 894
0000004966,L44Rabiej@gmail.com,668 880 912
0000004967,CD_25@gmail.com,782 674 672
0000004968,poruszać się_SK_98@net.com,+48 727 937 041
0000004969,Zamora1_Julianna2@gmail.com,723 197 806
0000004970,ja_GA_100@net.com,785 260 936
0000004971,E21John@net.com,+48 694 170 744
0000004972,Róża_Związek_78@googlemail.com.,+48 22 312 92 78
0000004973,choroba_MJ_58@googlemail.com.,+48 32 685 88 31
0000004974,Sieg_Tomasz_3ślub@googlemail.com.,534 357 110
0000004975,Smoter1_Miłosz8@gmail.com,+48 787 987 305
0000004976,Pitura_Andrzej_7koza@gmail.com,+48 694 124 567
0000004977,wewnętrzny_SF_28@googlemail.com.,664 307 498
0000004978,Chwała6_Adam1@net.com,+48 22 372 45 16
0000004979,SŚ_42@googlemail.com.,+48 735 854 847
0000004980,BK_30@net.com,511 985 072
0000004981,,000000
0000004982,Sopata9_Fabian9@net.com,+48 739 966 003
0000004983,napój_RM_74@googlemail.com.,+48 783 164 414
0000004984,PL_89@net.com,+48 888 060 517
0000004985,Kuchciak2_Tola5@googlemail.com.,+48 735 754 881
0000004986,RS_67@googlemail.com.,505 241 537
0000004987,T15Krzempek@gmail.com,515 234 653
0000004988,MS_90@googlemail.com.,22 884 15 79
0000004989,K17Świtaj@net.com,693 615 584
0000004990,KG_68@googlemail.com.,32 209 76 38
0000004991,list_MO_44@googlemail.com.,886 599 259
0000004992,KP_55@net.com,739 165 479
0000004993,S4Fronia@gmail.com,+48 537 408 635
0000004994,N86Mikita@gmail.com,+48 32 746 89 08
0000004995,metalowy_TG_73@gmail.com,601 016 939
0000004996,KG_34@net.com,513 347 159
0000004997,Welc_Juliusz_9głód@net.com,505 816 568
0000004998,Maleszka_Leonard_9moc@net.com,+48 22 407 81 65
0000004999,Tlałka_Róża_10połączyć@gmail.com,607 788 769
0000005000,MK_5@gmail.com,570 351 862
